date,commodity,price_usd_nominal
1960-01-01,"Crude oil, average",1.6
1960-02-01,"Crude oil, average",1.6
1960-03-01,"Crude oil, average",1.6
1960-04-01,"Crude oil, average",1.6
1960-05-01,"Crude oil, average",1.6
1960-06-01,"Crude oil, average",1.6
1960-07-01,"Crude oil, average",1.6
1960-08-01,"Crude oil, average",1.6
1960-09-01,"Crude oil, average",1.6
1960-10-01,"Crude oil, average",1.6
1960-11-01,"Crude oil, average",1.6
1960-12-01,"Crude oil, average",1.6
1961-01-01,"Crude oil, average",1.6
1961-02-01,"Crude oil, average",1.6
1961-03-01,"Crude oil, average",1.6
1961-04-01,"Crude oil, average",1.6
1961-05-01,"Crude oil, average",1.6
1961-06-01,"Crude oil, average",1.6
1961-07-01,"Crude oil, average",1.6
1961-08-01,"Crude oil, average",1.6
1961-09-01,"Crude oil, average",1.6
1961-10-01,"Crude oil, average",1.6
1961-11-01,"Crude oil, average",1.6
1961-12-01,"Crude oil, average",1.6
1962-01-01,"Crude oil, average",1.5
1962-02-01,"Crude oil, average",1.5
1962-03-01,"Crude oil, average",1.5
1962-04-01,"Crude oil, average",1.5
1962-05-01,"Crude oil, average",1.5
1962-06-01,"Crude oil, average",1.5
1962-07-01,"Crude oil, average",1.5
1962-08-01,"Crude oil, average",1.5
1962-09-01,"Crude oil, average",1.5
1962-10-01,"Crude oil, average",1.5
1962-11-01,"Crude oil, average",1.5
1962-12-01,"Crude oil, average",1.5
1963-01-01,"Crude oil, average",1.5
1963-02-01,"Crude oil, average",1.5
1963-03-01,"Crude oil, average",1.5
1963-04-01,"Crude oil, average",1.5
1963-05-01,"Crude oil, average",1.5
1963-06-01,"Crude oil, average",1.5
1963-07-01,"Crude oil, average",1.5
1963-08-01,"Crude oil, average",1.5
1963-09-01,"Crude oil, average",1.5
1963-10-01,"Crude oil, average",1.5
1963-11-01,"Crude oil, average",1.5
1963-12-01,"Crude oil, average",1.5
1964-01-01,"Crude oil, average",1.5
1964-02-01,"Crude oil, average",1.5
1964-03-01,"Crude oil, average",1.5
1964-04-01,"Crude oil, average",1.5
1964-05-01,"Crude oil, average",1.5
1964-06-01,"Crude oil, average",1.5
1964-07-01,"Crude oil, average",1.5
1964-08-01,"Crude oil, average",1.5
1964-09-01,"Crude oil, average",1.5
1964-10-01,"Crude oil, average",1.5
1964-11-01,"Crude oil, average",1.5
1964-12-01,"Crude oil, average",1.5
1965-01-01,"Crude oil, average",1.4
1965-02-01,"Crude oil, average",1.4
1965-03-01,"Crude oil, average",1.4
1965-04-01,"Crude oil, average",1.4
1965-05-01,"Crude oil, average",1.4
1965-06-01,"Crude oil, average",1.4
1965-07-01,"Crude oil, average",1.4
1965-08-01,"Crude oil, average",1.4
1965-09-01,"Crude oil, average",1.4
1965-10-01,"Crude oil, average",1.4
1965-11-01,"Crude oil, average",1.4
1965-12-01,"Crude oil, average",1.4
1966-01-01,"Crude oil, average",1.4
1966-02-01,"Crude oil, average",1.4
1966-03-01,"Crude oil, average",1.4
1966-04-01,"Crude oil, average",1.4
1966-05-01,"Crude oil, average",1.4
1966-06-01,"Crude oil, average",1.4
1966-07-01,"Crude oil, average",1.4
1966-08-01,"Crude oil, average",1.4
1966-09-01,"Crude oil, average",1.4
1966-10-01,"Crude oil, average",1.4
1966-11-01,"Crude oil, average",1.4
1966-12-01,"Crude oil, average",1.4
1967-01-01,"Crude oil, average",1.3
1967-02-01,"Crude oil, average",1.3
1967-03-01,"Crude oil, average",1.3
1967-04-01,"Crude oil, average",1.3
1967-05-01,"Crude oil, average",1.3
1967-06-01,"Crude oil, average",1.3
1967-07-01,"Crude oil, average",1.3
1967-08-01,"Crude oil, average",1.3
1967-09-01,"Crude oil, average",1.3
1967-10-01,"Crude oil, average",1.3
1967-11-01,"Crude oil, average",1.3
1967-12-01,"Crude oil, average",1.3
1968-01-01,"Crude oil, average",1.3
1968-02-01,"Crude oil, average",1.3
1968-03-01,"Crude oil, average",1.3
1968-04-01,"Crude oil, average",1.3
1968-05-01,"Crude oil, average",1.3
1968-06-01,"Crude oil, average",1.3
1968-07-01,"Crude oil, average",1.3
1968-08-01,"Crude oil, average",1.3
1968-09-01,"Crude oil, average",1.3
1968-10-01,"Crude oil, average",1.3
1968-11-01,"Crude oil, average",1.3
1968-12-01,"Crude oil, average",1.3
1969-01-01,"Crude oil, average",1.3
1969-02-01,"Crude oil, average",1.3
1969-03-01,"Crude oil, average",1.3
1969-04-01,"Crude oil, average",1.3
1969-05-01,"Crude oil, average",1.3
1969-06-01,"Crude oil, average",1.3
1969-07-01,"Crude oil, average",1.3
1969-08-01,"Crude oil, average",1.3
1969-09-01,"Crude oil, average",1.3
1969-10-01,"Crude oil, average",1.3
1969-11-01,"Crude oil, average",1.3
1969-12-01,"Crude oil, average",1.3
1970-01-01,"Crude oil, average",1.2
1970-02-01,"Crude oil, average",1.2
1970-03-01,"Crude oil, average",1.2
1970-04-01,"Crude oil, average",1.2
1970-05-01,"Crude oil, average",1.2
1970-06-01,"Crude oil, average",1.2
1970-07-01,"Crude oil, average",1.2
1970-08-01,"Crude oil, average",1.2
1970-09-01,"Crude oil, average",1.2
1970-10-01,"Crude oil, average",1.2
1970-11-01,"Crude oil, average",1.2
1970-12-01,"Crude oil, average",1.2
1971-01-01,"Crude oil, average",1.6
1971-02-01,"Crude oil, average",1.6
1971-03-01,"Crude oil, average",1.6
1971-04-01,"Crude oil, average",1.6
1971-05-01,"Crude oil, average",1.6
1971-06-01,"Crude oil, average",1.6
1971-07-01,"Crude oil, average",1.7
1971-08-01,"Crude oil, average",1.7
1971-09-01,"Crude oil, average",1.7
1971-10-01,"Crude oil, average",1.7
1971-11-01,"Crude oil, average",1.7
1971-12-01,"Crude oil, average",1.7
1972-01-01,"Crude oil, average",1.8
1972-02-01,"Crude oil, average",1.8
1972-03-01,"Crude oil, average",1.8
1972-04-01,"Crude oil, average",1.8
1972-05-01,"Crude oil, average",1.8
1972-06-01,"Crude oil, average",1.8
1972-07-01,"Crude oil, average",1.9
1972-08-01,"Crude oil, average",1.9
1972-09-01,"Crude oil, average",1.9
1972-10-01,"Crude oil, average",1.9
1972-11-01,"Crude oil, average",1.9
1972-12-01,"Crude oil, average",1.9
1973-01-01,"Crude oil, average",2.1
1973-02-01,"Crude oil, average",2.1
1973-03-01,"Crude oil, average",2.1
1973-04-01,"Crude oil, average",2.4
1973-05-01,"Crude oil, average",2.4
1973-06-01,"Crude oil, average",2.4
1973-07-01,"Crude oil, average",2.7
1973-08-01,"Crude oil, average",2.7
1973-09-01,"Crude oil, average",2.7
1973-10-01,"Crude oil, average",4.1
1973-11-01,"Crude oil, average",4.1
1973-12-01,"Crude oil, average",4.1
1974-01-01,"Crude oil, average",13.0
1974-02-01,"Crude oil, average",13.0
1974-03-01,"Crude oil, average",13.0
1974-04-01,"Crude oil, average",10.6
1974-05-01,"Crude oil, average",10.6
1974-06-01,"Crude oil, average",10.6
1974-07-01,"Crude oil, average",10.0
1974-08-01,"Crude oil, average",10.0
1974-09-01,"Crude oil, average",10.0
1974-10-01,"Crude oil, average",10.3
1974-11-01,"Crude oil, average",10.3
1974-12-01,"Crude oil, average",10.3
1975-01-01,"Crude oil, average",10.4
1975-02-01,"Crude oil, average",10.4
1975-03-01,"Crude oil, average",10.4
1975-04-01,"Crude oil, average",10.4
1975-05-01,"Crude oil, average",10.4
1975-06-01,"Crude oil, average",10.4
1975-07-01,"Crude oil, average",10.4
1975-08-01,"Crude oil, average",10.4
1975-09-01,"Crude oil, average",10.4
1975-10-01,"Crude oil, average",10.5
1975-11-01,"Crude oil, average",10.5
1975-12-01,"Crude oil, average",10.5
1976-01-01,"Crude oil, average",11.5
1976-02-01,"Crude oil, average",11.5
1976-03-01,"Crude oil, average",11.5
1976-04-01,"Crude oil, average",11.5
1976-05-01,"Crude oil, average",11.5
1976-06-01,"Crude oil, average",11.5
1976-07-01,"Crude oil, average",11.6
1976-08-01,"Crude oil, average",11.6
1976-09-01,"Crude oil, average",11.6
1976-10-01,"Crude oil, average",11.9
1976-11-01,"Crude oil, average",11.9
1976-12-01,"Crude oil, average",11.9
1977-01-01,"Crude oil, average",12.5
1977-02-01,"Crude oil, average",12.5
1977-03-01,"Crude oil, average",12.5
1977-04-01,"Crude oil, average",12.4
1977-05-01,"Crude oil, average",12.4
1977-06-01,"Crude oil, average",12.4
1977-07-01,"Crude oil, average",12.6
1977-08-01,"Crude oil, average",12.6
1977-09-01,"Crude oil, average",12.6
1977-10-01,"Crude oil, average",12.7
1977-11-01,"Crude oil, average",12.7
1977-12-01,"Crude oil, average",12.7
1978-01-01,"Crude oil, average",12.7
1978-02-01,"Crude oil, average",12.7
1978-03-01,"Crude oil, average",12.7
1978-04-01,"Crude oil, average",12.7
1978-05-01,"Crude oil, average",12.7
1978-06-01,"Crude oil, average",12.7
1978-07-01,"Crude oil, average",12.8
1978-08-01,"Crude oil, average",12.8
1978-09-01,"Crude oil, average",12.8
1978-10-01,"Crude oil, average",12.9
1978-11-01,"Crude oil, average",13.2
1978-12-01,"Crude oil, average",14.5
1979-01-01,"Crude oil, average",17.5
1979-02-01,"Crude oil, average",20.8
1979-03-01,"Crude oil, average",22.0
1979-04-01,"Crude oil, average",22.4
1979-05-01,"Crude oil, average",33.5
1979-06-01,"Crude oil, average",34.7
1979-07-01,"Crude oil, average",33.5
1979-08-01,"Crude oil, average",34.0
1979-09-01,"Crude oil, average",35.5
1979-10-01,"Crude oil, average",37.3
1979-11-01,"Crude oil, average",40.8
1979-12-01,"Crude oil, average",39.8
1980-01-01,"Crude oil, average",39.0
1980-02-01,"Crude oil, average",37.3
1980-03-01,"Crude oil, average",37.0
1980-04-01,"Crude oil, average",36.6
1980-05-01,"Crude oil, average",37.0
1980-06-01,"Crude oil, average",37.0
1980-07-01,"Crude oil, average",35.4
1980-08-01,"Crude oil, average",32.9
1980-09-01,"Crude oil, average",32.8
1980-10-01,"Crude oil, average",37.4
1980-11-01,"Crude oil, average",40.3
1980-12-01,"Crude oil, average",39.8
1981-01-01,"Crude oil, average",39.8
1981-02-01,"Crude oil, average",37.9
1981-03-01,"Crude oil, average",37.6
1981-04-01,"Crude oil, average",36.4
1981-05-01,"Crude oil, average",34.3
1981-06-01,"Crude oil, average",32.7
1981-07-01,"Crude oil, average",33.5
1981-08-01,"Crude oil, average",34.0
1981-09-01,"Crude oil, average",34.0
1981-10-01,"Crude oil, average",34.6
1981-11-01,"Crude oil, average",35.7
1981-12-01,"Crude oil, average",35.4
1982-01-01,"Crude oil, average",35.0
1982-02-01,"Crude oil, average",32.3
1982-03-01,"Crude oil, average",30.2
1982-04-01,"Crude oil, average",31.6
1982-05-01,"Crude oil, average",33.0
1982-06-01,"Crude oil, average",32.8
1982-07-01,"Crude oil, average",32.9
1982-08-01,"Crude oil, average",32.4
1982-09-01,"Crude oil, average",33.5
1982-10-01,"Crude oil, average",33.8
1982-11-01,"Crude oil, average",32.8
1982-12-01,"Crude oil, average",31.5
1983-01-01,"Crude oil, average",30.7
1983-02-01,"Crude oil, average",29.1
1983-03-01,"Crude oil, average",28.3
1983-04-01,"Crude oil, average",29.7
1983-05-01,"Crude oil, average",29.4
1983-06-01,"Crude oil, average",30.0
1983-07-01,"Crude oil, average",30.5
1983-08-01,"Crude oil, average",30.7
1983-09-01,"Crude oil, average",30.1
1983-10-01,"Crude oil, average",29.6
1983-11-01,"Crude oil, average",29.2
1983-12-01,"Crude oil, average",28.8
1984-01-01,"Crude oil, average",29.0
1984-02-01,"Crude oil, average",29.2
1984-03-01,"Crude oil, average",29.5
1984-04-01,"Crude oil, average",29.6
1984-05-01,"Crude oil, average",29.5
1984-06-01,"Crude oil, average",29.1
1984-07-01,"Crude oil, average",28.0
1984-08-01,"Crude oil, average",28.2
1984-09-01,"Crude oil, average",28.4
1984-10-01,"Crude oil, average",27.9
1984-11-01,"Crude oil, average",27.7
1984-12-01,"Crude oil, average",26.8
1985-01-01,"Crude oil, average",26.6
1985-02-01,"Crude oil, average",27.6
1985-03-01,"Crude oil, average",27.9
1985-04-01,"Crude oil, average",27.8
1985-05-01,"Crude oil, average",26.7
1985-06-01,"Crude oil, average",26.4
1985-07-01,"Crude oil, average",26.4
1985-08-01,"Crude oil, average",27.0
1985-09-01,"Crude oil, average",27.0
1985-10-01,"Crude oil, average",27.8
1985-11-01,"Crude oil, average",28.6
1985-12-01,"Crude oil, average",26.5
1986-01-01,"Crude oil, average",24.7
1986-02-01,"Crude oil, average",15.9
1986-03-01,"Crude oil, average",12.7
1986-04-01,"Crude oil, average",11.9
1986-05-01,"Crude oil, average",13.7
1986-06-01,"Crude oil, average",11.9
1986-07-01,"Crude oil, average",9.6
1986-08-01,"Crude oil, average",13.7
1986-09-01,"Crude oil, average",14.1
1986-10-01,"Crude oil, average",14.0
1986-11-01,"Crude oil, average",14.5
1986-12-01,"Crude oil, average",15.7
1987-01-01,"Crude oil, average",18.1
1987-02-01,"Crude oil, average",17.3
1987-03-01,"Crude oil, average",17.8
1987-04-01,"Crude oil, average",17.9
1987-05-01,"Crude oil, average",18.4
1987-06-01,"Crude oil, average",18.7
1987-07-01,"Crude oil, average",19.6
1987-08-01,"Crude oil, average",18.8
1987-09-01,"Crude oil, average",18.3
1987-10-01,"Crude oil, average",18.6
1987-11-01,"Crude oil, average",17.8
1987-12-01,"Crude oil, average",16.6
1988-01-01,"Crude oil, average",16.5
1988-02-01,"Crude oil, average",15.9
1988-03-01,"Crude oil, average",14.8
1988-04-01,"Crude oil, average",16.5
1988-05-01,"Crude oil, average",16.2
1988-06-01,"Crude oil, average",15.3
1988-07-01,"Crude oil, average",14.5
1988-08-01,"Crude oil, average",14.6
1988-09-01,"Crude oil, average",13.1
1988-10-01,"Crude oil, average",12.2
1988-11-01,"Crude oil, average",12.5
1988-12-01,"Crude oil, average",14.7
1989-01-01,"Crude oil, average",16.5
1989-02-01,"Crude oil, average",16.4
1989-03-01,"Crude oil, average",18.0
1989-04-01,"Crude oil, average",19.2
1989-05-01,"Crude oil, average",18.0
1989-06-01,"Crude oil, average",17.6
1989-07-01,"Crude oil, average",17.7
1989-08-01,"Crude oil, average",16.9
1989-09-01,"Crude oil, average",17.7
1989-10-01,"Crude oil, average",18.4
1989-11-01,"Crude oil, average",18.4
1989-12-01,"Crude oil, average",19.4
1990-01-01,"Crude oil, average",20.4
1990-02-01,"Crude oil, average",19.6
1990-03-01,"Crude oil, average",18.2
1990-04-01,"Crude oil, average",16.6
1990-05-01,"Crude oil, average",16.6
1990-06-01,"Crude oil, average",15.3
1990-07-01,"Crude oil, average",17.2
1990-08-01,"Crude oil, average",26.4
1990-09-01,"Crude oil, average",32.7
1990-10-01,"Crude oil, average",34.5
1990-11-01,"Crude oil, average",31.1
1990-12-01,"Crude oil, average",26.1
1991-01-01,"Crude oil, average",22.6
1991-02-01,"Crude oil, average",18.1
1991-03-01,"Crude oil, average",18.1
1991-04-01,"Crude oil, average",18.5
1991-05-01,"Crude oil, average",18.8
1991-06-01,"Crude oil, average",17.9
1991-07-01,"Crude oil, average",19.1
1991-08-01,"Crude oil, average",19.4
1991-09-01,"Crude oil, average",20.1
1991-10-01,"Crude oil, average",21.5
1991-11-01,"Crude oil, average",20.8
1991-12-01,"Crude oil, average",17.8
1992-01-01,"Crude oil, average",17.4
1992-02-01,"Crude oil, average",17.6
1992-03-01,"Crude oil, average",17.5
1992-04-01,"Crude oil, average",18.6
1992-05-01,"Crude oil, average",19.5
1992-06-01,"Crude oil, average",20.8
1992-07-01,"Crude oil, average",20.2
1992-08-01,"Crude oil, average",19.6
1992-09-01,"Crude oil, average",20.2
1992-10-01,"Crude oil, average",20.1
1992-11-01,"Crude oil, average",18.9
1992-12-01,"Crude oil, average",17.9
1993-01-01,"Crude oil, average",17.2
1993-02-01,"Crude oil, average",18.2
1993-03-01,"Crude oil, average",18.5
1993-04-01,"Crude oil, average",18.4
1993-05-01,"Crude oil, average",18.2
1993-06-01,"Crude oil, average",17.5
1993-07-01,"Crude oil, average",16.3
1993-08-01,"Crude oil, average",16.5
1993-09-01,"Crude oil, average",15.9
1993-10-01,"Crude oil, average",16.5
1993-11-01,"Crude oil, average",15.2
1993-12-01,"Crude oil, average",13.8
1994-01-01,"Crude oil, average",14.1
1994-02-01,"Crude oil, average",13.8
1994-03-01,"Crude oil, average",13.6
1994-04-01,"Crude oil, average",15.1
1994-05-01,"Crude oil, average",16.3
1994-06-01,"Crude oil, average",17.2
1994-07-01,"Crude oil, average",17.9
1994-08-01,"Crude oil, average",17.0
1994-09-01,"Crude oil, average",16.2
1994-10-01,"Crude oil, average",16.5
1994-11-01,"Crude oil, average",17.1
1994-12-01,"Crude oil, average",15.9
1995-01-01,"Crude oil, average",16.9
1995-02-01,"Crude oil, average",17.4
1995-03-01,"Crude oil, average",17.3
1995-04-01,"Crude oil, average",18.6
1995-05-01,"Crude oil, average",18.4
1995-06-01,"Crude oil, average",17.4
1995-07-01,"Crude oil, average",16.1
1995-08-01,"Crude oil, average",16.5
1995-09-01,"Crude oil, average",16.8
1995-10-01,"Crude oil, average",16.1
1995-11-01,"Crude oil, average",16.7
1995-12-01,"Crude oil, average",17.9
1996-01-01,"Crude oil, average",17.8
1996-02-01,"Crude oil, average",17.7
1996-03-01,"Crude oil, average",19.4
1996-04-01,"Crude oil, average",20.7
1996-05-01,"Crude oil, average",19.1
1996-06-01,"Crude oil, average",18.5
1996-07-01,"Crude oil, average",19.6
1996-08-01,"Crude oil, average",20.4
1996-09-01,"Crude oil, average",22.3
1996-10-01,"Crude oil, average",23.6
1996-11-01,"Crude oil, average",22.4
1996-12-01,"Crude oil, average",23.6
1997-01-01,"Crude oil, average",23.2
1997-02-01,"Crude oil, average",20.4
1997-03-01,"Crude oil, average",19.3
1997-04-01,"Crude oil, average",17.9
1997-05-01,"Crude oil, average",19.4
1997-06-01,"Crude oil, average",17.9
1997-07-01,"Crude oil, average",18.3
1997-08-01,"Crude oil, average",18.7
1997-09-01,"Crude oil, average",18.7
1997-10-01,"Crude oil, average",20.0
1997-11-01,"Crude oil, average",19.1
1997-12-01,"Crude oil, average",17.1
1998-01-01,"Crude oil, average",15.0
1998-02-01,"Crude oil, average",14.1
1998-03-01,"Crude oil, average",13.1
1998-04-01,"Crude oil, average",13.5
1998-05-01,"Crude oil, average",14.0
1998-06-01,"Crude oil, average",12.5
1998-07-01,"Crude oil, average",12.7
1998-08-01,"Crude oil, average",12.5
1998-09-01,"Crude oil, average",13.8
1998-10-01,"Crude oil, average",13.3
1998-11-01,"Crude oil, average",11.9
1998-12-01,"Crude oil, average",10.4
1999-01-01,"Crude oil, average",11.4
1999-02-01,"Crude oil, average",10.8
1999-03-01,"Crude oil, average",13.2
1999-04-01,"Crude oil, average",15.9
1999-05-01,"Crude oil, average",16.1
1999-06-01,"Crude oil, average",16.4
1999-07-01,"Crude oil, average",19.0
1999-08-01,"Crude oil, average",20.3
1999-09-01,"Crude oil, average",22.7
1999-10-01,"Crude oil, average",22.0
1999-11-01,"Crude oil, average",24.2
1999-12-01,"Crude oil, average",25.1
2000-01-01,"Crude oil, average",25.3
2000-02-01,"Crude oil, average",27.2
2000-03-01,"Crude oil, average",27.5
2000-04-01,"Crude oil, average",23.5
2000-05-01,"Crude oil, average",27.2
2000-06-01,"Crude oil, average",29.6
2000-07-01,"Crude oil, average",28.2
2000-08-01,"Crude oil, average",29.3
2000-09-01,"Crude oil, average",32.1
2000-10-01,"Crude oil, average",31.4
2000-11-01,"Crude oil, average",32.3
2000-12-01,"Crude oil, average",25.2
2001-01-01,"Crude oil, average",26.0
2001-02-01,"Crude oil, average",27.2
2001-03-01,"Crude oil, average",25.0
2001-04-01,"Crude oil, average",25.7
2001-05-01,"Crude oil, average",27.5
2001-06-01,"Crude oil, average",27.0
2001-07-01,"Crude oil, average",24.8
2001-08-01,"Crude oil, average",25.8
2001-09-01,"Crude oil, average",25.2
2001-10-01,"Crude oil, average",20.7
2001-11-01,"Crude oil, average",18.7
2001-12-01,"Crude oil, average",18.5
2002-01-01,"Crude oil, average",19.2
2002-02-01,"Crude oil, average",20.0
2002-03-01,"Crude oil, average",23.6
2002-04-01,"Crude oil, average",25.4
2002-05-01,"Crude oil, average",25.7
2002-06-01,"Crude oil, average",24.5
2002-07-01,"Crude oil, average",25.8
2002-08-01,"Crude oil, average",26.8
2002-09-01,"Crude oil, average",28.3
2002-10-01,"Crude oil, average",27.5
2002-11-01,"Crude oil, average",24.5
2002-12-01,"Crude oil, average",27.9
2003-01-01,"Crude oil, average",30.8
2003-02-01,"Crude oil, average",32.9
2003-03-01,"Crude oil, average",30.4
2003-04-01,"Crude oil, average",25.6
2003-05-01,"Crude oil, average",26.1
2003-06-01,"Crude oil, average",27.9
2003-07-01,"Crude oil, average",28.6
2003-08-01,"Crude oil, average",29.7
2003-09-01,"Crude oil, average",26.9
2003-10-01,"Crude oil, average",29.0
2003-11-01,"Crude oil, average",29.1
2003-12-01,"Crude oil, average",30.0
2004-01-01,"Crude oil, average",31.4
2004-02-01,"Crude oil, average",31.3
2004-03-01,"Crude oil, average",33.7
2004-04-01,"Crude oil, average",33.7
2004-05-01,"Crude oil, average",37.6
2004-06-01,"Crude oil, average",35.5
2004-07-01,"Crude oil, average",37.9
2004-08-01,"Crude oil, average",42.1
2004-09-01,"Crude oil, average",41.6
2004-10-01,"Crude oil, average",46.9
2004-11-01,"Crude oil, average",42.1
2004-12-01,"Crude oil, average",39.0
2005-01-01,"Crude oil, average",43.0
2005-02-01,"Crude oil, average",44.8
2005-03-01,"Crude oil, average",50.9
2005-04-01,"Crude oil, average",50.6
2005-05-01,"Crude oil, average",47.8
2005-06-01,"Crude oil, average",53.9
2005-07-01,"Crude oil, average",56.4
2005-08-01,"Crude oil, average",61.9
2005-09-01,"Crude oil, average",61.7
2005-10-01,"Crude oil, average",58.2
2005-11-01,"Crude oil, average",55.0
2005-12-01,"Crude oil, average",56.4
2006-01-01,"Crude oil, average",62.5
2006-02-01,"Crude oil, average",59.7
2006-03-01,"Crude oil, average",60.9
2006-04-01,"Crude oil, average",68.0
2006-05-01,"Crude oil, average",68.7
2006-06-01,"Crude oil, average",68.3
2006-07-01,"Crude oil, average",72.5
2006-08-01,"Crude oil, average",71.8
2006-09-01,"Crude oil, average",62.1
2006-10-01,"Crude oil, average",57.9
2006-11-01,"Crude oil, average",58.1
2006-12-01,"Crude oil, average",61.0
2007-01-01,"Crude oil, average",53.5
2007-02-01,"Crude oil, average",57.6
2007-03-01,"Crude oil, average",60.6
2007-04-01,"Crude oil, average",65.1
2007-05-01,"Crude oil, average",65.2
2007-06-01,"Crude oil, average",68.2
2007-07-01,"Crude oil, average",73.6
2007-08-01,"Crude oil, average",70.1
2007-09-01,"Crude oil, average",76.8
2007-10-01,"Crude oil, average",82.0
2007-11-01,"Crude oil, average",91.3
2007-12-01,"Crude oil, average",89.5
2008-01-01,"Crude oil, average",90.7
2008-02-01,"Crude oil, average",93.4
2008-03-01,"Crude oil, average",101.8
2008-04-01,"Crude oil, average",108.8
2008-05-01,"Crude oil, average",122.6
2008-06-01,"Crude oil, average",131.5
2008-07-01,"Crude oil, average",132.8
2008-08-01,"Crude oil, average",114.6
2008-09-01,"Crude oil, average",99.7
2008-10-01,"Crude oil, average",72.7
2008-11-01,"Crude oil, average",54.0
2008-12-01,"Crude oil, average",41.3
2009-01-01,"Crude oil, average",43.9
2009-02-01,"Crude oil, average",41.8
2009-03-01,"Crude oil, average",46.6
2009-04-01,"Crude oil, average",50.3
2009-05-01,"Crude oil, average",58.2
2009-06-01,"Crude oil, average",69.1
2009-07-01,"Crude oil, average",64.7
2009-08-01,"Crude oil, average",71.6
2009-09-01,"Crude oil, average",68.3
2009-10-01,"Crude oil, average",74.1
2009-11-01,"Crude oil, average",77.6
2009-12-01,"Crude oil, average",74.9
2010-01-01,"Crude oil, average",77.1
2010-02-01,"Crude oil, average",74.8
2010-03-01,"Crude oil, average",79.3
2010-04-01,"Crude oil, average",84.2
2010-05-01,"Crude oil, average",75.6
2010-06-01,"Crude oil, average",74.7
2010-07-01,"Crude oil, average",74.6
2010-08-01,"Crude oil, average",75.8
2010-09-01,"Crude oil, average",76.1
2010-10-01,"Crude oil, average",81.7
2010-11-01,"Crude oil, average",84.5
2010-12-01,"Crude oil, average",90.0
2011-01-01,"Crude oil, average",92.7
2011-02-01,"Crude oil, average",97.9
2011-03-01,"Crude oil, average",108.6
2011-04-01,"Crude oil, average",116.2
2011-05-01,"Crude oil, average",108.1
2011-06-01,"Crude oil, average",105.8
2011-07-01,"Crude oil, average",107.9
2011-08-01,"Crude oil, average",100.5
2011-09-01,"Crude oil, average",100.8
2011-10-01,"Crude oil, average",99.8
2011-11-01,"Crude oil, average",105.4
2011-12-01,"Crude oil, average",104.2
2012-01-01,"Crude oil, average",107.1
2012-02-01,"Crude oil, average",112.7
2012-03-01,"Crude oil, average",117.8
2012-04-01,"Crude oil, average",113.7
2012-05-01,"Crude oil, average",104.1
2012-06-01,"Crude oil, average",90.7
2012-07-01,"Crude oil, average",96.8
2012-08-01,"Crude oil, average",105.3
2012-09-01,"Crude oil, average",106.3
2012-10-01,"Crude oil, average",103.4
2012-11-01,"Crude oil, average",101.2
2012-12-01,"Crude oil, average",101.2
2013-01-01,"Crude oil, average",105.1
2013-02-01,"Crude oil, average",107.6
2013-03-01,"Crude oil, average",102.5
2013-04-01,"Crude oil, average",98.9
2013-05-01,"Crude oil, average",99.4
2013-06-01,"Crude oil, average",99.7
2013-07-01,"Crude oil, average",105.3
2013-08-01,"Crude oil, average",108.2
2013-09-01,"Crude oil, average",108.8
2013-10-01,"Crude oil, average",105.4
2013-11-01,"Crude oil, average",102.6
2013-12-01,"Crude oil, average",105.5
2014-01-01,"Crude oil, average",102.1
2014-02-01,"Crude oil, average",104.8
2014-03-01,"Crude oil, average",104.0
2014-04-01,"Crude oil, average",104.9
2014-05-01,"Crude oil, average",105.7
2014-06-01,"Crude oil, average",108.4
2014-07-01,"Crude oil, average",105.2
2014-08-01,"Crude oil, average",100.1
2014-09-01,"Crude oil, average",95.9
2014-10-01,"Crude oil, average",86.1
2014-11-01,"Crude oil, average",77.0
2014-12-01,"Crude oil, average",60.7
2015-01-01,"Crude oil, average",47.1
2015-02-01,"Crude oil, average",54.8
2015-03-01,"Crude oil, average",52.8
2015-04-01,"Crude oil, average",57.5
2015-05-01,"Crude oil, average",62.5
2015-06-01,"Crude oil, average",61.3
2015-07-01,"Crude oil, average",54.3
2015-08-01,"Crude oil, average",45.7
2015-09-01,"Crude oil, average",46.3
2015-10-01,"Crude oil, average",47.0
2015-11-01,"Crude oil, average",43.1
2015-12-01,"Crude oil, average",36.6
2016-01-01,"Crude oil, average",29.8
2016-02-01,"Crude oil, average",31.0
2016-03-01,"Crude oil, average",37.3
2016-04-01,"Crude oil, average",40.8
2016-05-01,"Crude oil, average",45.9
2016-06-01,"Crude oil, average",47.7
2016-07-01,"Crude oil, average",44.1
2016-08-01,"Crude oil, average",44.9
2016-09-01,"Crude oil, average",45.0
2016-10-01,"Crude oil, average",49.3
2016-11-01,"Crude oil, average",45.3
2016-12-01,"Crude oil, average",52.6
2017-01-01,"Crude oil, average",53.6
2017-02-01,"Crude oil, average",54.4
2017-03-01,"Crude oil, average",50.9
2017-04-01,"Crude oil, average",52.2
2017-05-01,"Crude oil, average",49.9
2017-06-01,"Crude oil, average",46.2
2017-07-01,"Crude oil, average",47.7
2017-08-01,"Crude oil, average",49.9
2017-09-01,"Crude oil, average",53.0
2017-10-01,"Crude oil, average",54.9
2017-11-01,"Crude oil, average",59.9
2017-12-01,"Crude oil, average",61.2
2018-01-01,"Crude oil, average",66.2
2018-02-01,"Crude oil, average",63.5
2018-03-01,"Crude oil, average",64.2
2018-04-01,"Crude oil, average",68.8
2018-05-01,"Crude oil, average",73.4
2018-06-01,"Crude oil, average",72.0
2018-07-01,"Crude oil, average",72.7
2018-08-01,"Crude oil, average",71.1
2018-09-01,"Crude oil, average",75.4
2018-10-01,"Crude oil, average",76.7
2018-11-01,"Crude oil, average",62.3
2018-12-01,"Crude oil, average",54.0
2019-01-01,"Crude oil, average",56.6
2019-02-01,"Crude oil, average",61.1
2019-03-01,"Crude oil, average",63.8
2019-04-01,"Crude oil, average",68.6
2019-05-01,"Crude oil, average",66.8
2019-06-01,"Crude oil, average",59.8
2019-07-01,"Crude oil, average",61.5
2019-08-01,"Crude oil, average",57.7
2019-09-01,"Crude oil, average",60.0
2019-10-01,"Crude oil, average",57.3
2019-11-01,"Crude oil, average",60.4
2019-12-01,"Crude oil, average",63.4
2020-01-01,"Crude oil, average",61.6
2020-02-01,"Crude oil, average",53.3
2020-03-01,"Crude oil, average",32.2
2020-04-01,"Crude oil, average",21.0
2020-05-01,"Crude oil, average",30.4
2020-06-01,"Crude oil, average",39.5
2020-07-01,"Crude oil, average",42.1
2020-08-01,"Crude oil, average",43.4
2020-09-01,"Crude oil, average",40.6
2020-10-01,"Crude oil, average",39.9
2020-11-01,"Crude oil, average",42.3
2020-12-01,"Crude oil, average",48.7
2021-01-01,"Crude oil, average",53.6
2021-02-01,"Crude oil, average",60.5
2021-03-01,"Crude oil, average",63.8
2021-04-01,"Crude oil, average",63.0
2021-05-01,"Crude oil, average",66.4
2021-06-01,"Crude oil, average",71.8
2021-07-01,"Crude oil, average",73.3
2021-08-01,"Crude oil, average",68.9
2021-09-01,"Crude oil, average",72.8
2021-10-01,"Crude oil, average",82.1
2021-11-01,"Crude oil, average",79.9
2021-12-01,"Crude oil, average",72.9
2022-01-01,"Crude oil, average",83.9
2022-02-01,"Crude oil, average",93.5
2022-03-01,"Crude oil, average",112.4
2022-04-01,"Crude oil, average",103.4
2022-05-01,"Crude oil, average",110.1
2022-06-01,"Crude oil, average",116.8
2022-07-01,"Crude oil, average",105.1
2022-08-01,"Crude oil, average",96.0
2022-09-01,"Crude oil, average",88.2
2022-10-01,"Crude oil, average",90.3
2022-11-01,"Crude oil, average",87.4
2022-12-01,"Crude oil, average",78.1
2023-01-01,"Crude oil, average",80.4
2023-02-01,"Crude oil, average",80.3
2023-03-01,"Crude oil, average",76.5
2023-04-01,"Crude oil, average",82.5
2023-05-01,"Crude oil, average",74.1
2023-06-01,"Crude oil, average",73.3
2023-07-01,"Crude oil, average",79.0
2023-08-01,"Crude oil, average",84.7
2023-09-01,"Crude oil, average",92.2
2023-10-01,"Crude oil, average",89.1
2023-11-01,"Crude oil, average",81.4
2023-12-01,"Crude oil, average",75.7
2024-01-01,"Crude oil, average",77.7
2024-02-01,"Crude oil, average",80.5
2024-03-01,"Crude oil, average",83.5
2024-04-01,"Crude oil, average",88.0
2024-05-01,"Crude oil, average",81.4
2024-06-01,"Crude oil, average",81.2
2024-07-01,"Crude oil, average",83.3
2024-08-01,"Crude oil, average",78.1
2024-09-01,"Crude oil, average",72.4
2024-10-01,"Crude oil, average",74.0
2024-11-01,"Crude oil, average",72.3
2024-12-01,"Crude oil, average",72.3
2025-01-01,"Crude oil, average",78.2
2025-02-01,"Crude oil, average",73.8
2025-03-01,"Crude oil, average",70.7
2025-04-01,"Crude oil, average",65.9
2025-05-01,"Crude oil, average",62.7
2025-06-01,"Crude oil, average",69.1
2025-07-01,"Crude oil, average",69.2
2025-08-01,"Crude oil, average",66.7
2025-09-01,"Crude oil, average",66.5
2025-10-01,"Crude oil, average",63.0
2025-11-01,"Crude oil, average",62.3
2025-12-01,"Crude oil, average",60.9
2026-01-01,"Crude oil, average",63.7
2026-02-01,"Crude oil, average",68.0
2026-03-01,"Crude oil, average",95.6
2026-04-01,"Crude oil, average",103.9
2026-05-01,"Crude oil, average",100.4
2026-06-01,"Crude oil, average",81.7
2026-07-01,"Crude oil, average",79.8
1960-01-01,"Natural gas, Europe",0.4
1960-02-01,"Natural gas, Europe",0.4
1960-03-01,"Natural gas, Europe",0.4
1960-04-01,"Natural gas, Europe",0.4
1960-05-01,"Natural gas, Europe",0.4
1960-06-01,"Natural gas, Europe",0.4
1960-07-01,"Natural gas, Europe",0.4
1960-08-01,"Natural gas, Europe",0.4
1960-09-01,"Natural gas, Europe",0.4
1960-10-01,"Natural gas, Europe",0.4
1960-11-01,"Natural gas, Europe",0.4
1960-12-01,"Natural gas, Europe",0.4
1961-01-01,"Natural gas, Europe",0.4
1961-02-01,"Natural gas, Europe",0.4
1961-03-01,"Natural gas, Europe",0.4
1961-04-01,"Natural gas, Europe",0.4
1961-05-01,"Natural gas, Europe",0.4
1961-06-01,"Natural gas, Europe",0.4
1961-07-01,"Natural gas, Europe",0.4
1961-08-01,"Natural gas, Europe",0.4
1961-09-01,"Natural gas, Europe",0.4
1961-10-01,"Natural gas, Europe",0.4
1961-11-01,"Natural gas, Europe",0.4
1961-12-01,"Natural gas, Europe",0.4
1962-01-01,"Natural gas, Europe",0.4
1962-02-01,"Natural gas, Europe",0.4
1962-03-01,"Natural gas, Europe",0.4
1962-04-01,"Natural gas, Europe",0.4
1962-05-01,"Natural gas, Europe",0.4
1962-06-01,"Natural gas, Europe",0.4
1962-07-01,"Natural gas, Europe",0.4
1962-08-01,"Natural gas, Europe",0.4
1962-09-01,"Natural gas, Europe",0.4
1962-10-01,"Natural gas, Europe",0.4
1962-11-01,"Natural gas, Europe",0.4
1962-12-01,"Natural gas, Europe",0.4
1963-01-01,"Natural gas, Europe",0.39
1963-02-01,"Natural gas, Europe",0.39
1963-03-01,"Natural gas, Europe",0.39
1963-04-01,"Natural gas, Europe",0.39
1963-05-01,"Natural gas, Europe",0.39
1963-06-01,"Natural gas, Europe",0.39
1963-07-01,"Natural gas, Europe",0.39
1963-08-01,"Natural gas, Europe",0.39
1963-09-01,"Natural gas, Europe",0.39
1963-10-01,"Natural gas, Europe",0.39
1963-11-01,"Natural gas, Europe",0.39
1963-12-01,"Natural gas, Europe",0.39
1964-01-01,"Natural gas, Europe",0.38
1964-02-01,"Natural gas, Europe",0.38
1964-03-01,"Natural gas, Europe",0.38
1964-04-01,"Natural gas, Europe",0.38
1964-05-01,"Natural gas, Europe",0.38
1964-06-01,"Natural gas, Europe",0.38
1964-07-01,"Natural gas, Europe",0.38
1964-08-01,"Natural gas, Europe",0.38
1964-09-01,"Natural gas, Europe",0.38
1964-10-01,"Natural gas, Europe",0.38
1964-11-01,"Natural gas, Europe",0.38
1964-12-01,"Natural gas, Europe",0.38
1965-01-01,"Natural gas, Europe",0.41
1965-02-01,"Natural gas, Europe",0.41
1965-03-01,"Natural gas, Europe",0.41
1965-04-01,"Natural gas, Europe",0.41
1965-05-01,"Natural gas, Europe",0.41
1965-06-01,"Natural gas, Europe",0.41
1965-07-01,"Natural gas, Europe",0.41
1965-08-01,"Natural gas, Europe",0.41
1965-09-01,"Natural gas, Europe",0.41
1965-10-01,"Natural gas, Europe",0.41
1965-11-01,"Natural gas, Europe",0.41
1965-12-01,"Natural gas, Europe",0.41
1966-01-01,"Natural gas, Europe",0.42
1966-02-01,"Natural gas, Europe",0.42
1966-03-01,"Natural gas, Europe",0.42
1966-04-01,"Natural gas, Europe",0.42
1966-05-01,"Natural gas, Europe",0.42
1966-06-01,"Natural gas, Europe",0.42
1966-07-01,"Natural gas, Europe",0.42
1966-08-01,"Natural gas, Europe",0.42
1966-09-01,"Natural gas, Europe",0.42
1966-10-01,"Natural gas, Europe",0.42
1966-11-01,"Natural gas, Europe",0.42
1966-12-01,"Natural gas, Europe",0.42
1967-01-01,"Natural gas, Europe",0.46
1967-02-01,"Natural gas, Europe",0.46
1967-03-01,"Natural gas, Europe",0.46
1967-04-01,"Natural gas, Europe",0.46
1967-05-01,"Natural gas, Europe",0.46
1967-06-01,"Natural gas, Europe",0.46
1967-07-01,"Natural gas, Europe",0.46
1967-08-01,"Natural gas, Europe",0.46
1967-09-01,"Natural gas, Europe",0.46
1967-10-01,"Natural gas, Europe",0.46
1967-11-01,"Natural gas, Europe",0.46
1967-12-01,"Natural gas, Europe",0.46
1968-01-01,"Natural gas, Europe",0.45
1968-02-01,"Natural gas, Europe",0.45
1968-03-01,"Natural gas, Europe",0.45
1968-04-01,"Natural gas, Europe",0.45
1968-05-01,"Natural gas, Europe",0.45
1968-06-01,"Natural gas, Europe",0.45
1968-07-01,"Natural gas, Europe",0.45
1968-08-01,"Natural gas, Europe",0.45
1968-09-01,"Natural gas, Europe",0.45
1968-10-01,"Natural gas, Europe",0.45
1968-11-01,"Natural gas, Europe",0.45
1968-12-01,"Natural gas, Europe",0.45
1969-01-01,"Natural gas, Europe",0.45
1969-02-01,"Natural gas, Europe",0.45
1969-03-01,"Natural gas, Europe",0.45
1969-04-01,"Natural gas, Europe",0.45
1969-05-01,"Natural gas, Europe",0.45
1969-06-01,"Natural gas, Europe",0.45
1969-07-01,"Natural gas, Europe",0.45
1969-08-01,"Natural gas, Europe",0.45
1969-09-01,"Natural gas, Europe",0.45
1969-10-01,"Natural gas, Europe",0.45
1969-11-01,"Natural gas, Europe",0.45
1969-12-01,"Natural gas, Europe",0.45
1970-01-01,"Natural gas, Europe",0.45
1970-02-01,"Natural gas, Europe",0.45
1970-03-01,"Natural gas, Europe",0.45
1970-04-01,"Natural gas, Europe",0.45
1970-05-01,"Natural gas, Europe",0.45
1970-06-01,"Natural gas, Europe",0.45
1970-07-01,"Natural gas, Europe",0.45
1970-08-01,"Natural gas, Europe",0.45
1970-09-01,"Natural gas, Europe",0.45
1970-10-01,"Natural gas, Europe",0.45
1970-11-01,"Natural gas, Europe",0.45
1970-12-01,"Natural gas, Europe",0.45
1971-01-01,"Natural gas, Europe",0.5
1971-02-01,"Natural gas, Europe",0.5
1971-03-01,"Natural gas, Europe",0.5
1971-04-01,"Natural gas, Europe",0.5
1971-05-01,"Natural gas, Europe",0.5
1971-06-01,"Natural gas, Europe",0.5
1971-07-01,"Natural gas, Europe",0.5
1971-08-01,"Natural gas, Europe",0.5
1971-09-01,"Natural gas, Europe",0.5
1971-10-01,"Natural gas, Europe",0.5
1971-11-01,"Natural gas, Europe",0.5
1971-12-01,"Natural gas, Europe",0.5
1972-01-01,"Natural gas, Europe",0.54
1972-02-01,"Natural gas, Europe",0.54
1972-03-01,"Natural gas, Europe",0.54
1972-04-01,"Natural gas, Europe",0.54
1972-05-01,"Natural gas, Europe",0.54
1972-06-01,"Natural gas, Europe",0.54
1972-07-01,"Natural gas, Europe",0.54
1972-08-01,"Natural gas, Europe",0.54
1972-09-01,"Natural gas, Europe",0.54
1972-10-01,"Natural gas, Europe",0.54
1972-11-01,"Natural gas, Europe",0.54
1972-12-01,"Natural gas, Europe",0.54
1973-01-01,"Natural gas, Europe",0.69
1973-02-01,"Natural gas, Europe",0.69
1973-03-01,"Natural gas, Europe",0.69
1973-04-01,"Natural gas, Europe",0.69
1973-05-01,"Natural gas, Europe",0.69
1973-06-01,"Natural gas, Europe",0.69
1973-07-01,"Natural gas, Europe",0.69
1973-08-01,"Natural gas, Europe",0.69
1973-09-01,"Natural gas, Europe",0.69
1973-10-01,"Natural gas, Europe",0.69
1973-11-01,"Natural gas, Europe",0.69
1973-12-01,"Natural gas, Europe",0.69
1974-01-01,"Natural gas, Europe",1.73
1974-02-01,"Natural gas, Europe",1.73
1974-03-01,"Natural gas, Europe",1.73
1974-04-01,"Natural gas, Europe",1.73
1974-05-01,"Natural gas, Europe",1.73
1974-06-01,"Natural gas, Europe",1.73
1974-07-01,"Natural gas, Europe",1.73
1974-08-01,"Natural gas, Europe",1.73
1974-09-01,"Natural gas, Europe",1.73
1974-10-01,"Natural gas, Europe",1.73
1974-11-01,"Natural gas, Europe",1.73
1974-12-01,"Natural gas, Europe",1.73
1975-01-01,"Natural gas, Europe",1.68
1975-02-01,"Natural gas, Europe",1.68
1975-03-01,"Natural gas, Europe",1.68
1975-04-01,"Natural gas, Europe",1.68
1975-05-01,"Natural gas, Europe",1.68
1975-06-01,"Natural gas, Europe",1.68
1975-07-01,"Natural gas, Europe",1.68
1975-08-01,"Natural gas, Europe",1.68
1975-09-01,"Natural gas, Europe",1.68
1975-10-01,"Natural gas, Europe",1.68
1975-11-01,"Natural gas, Europe",1.68
1975-12-01,"Natural gas, Europe",1.68
1976-01-01,"Natural gas, Europe",1.74
1976-02-01,"Natural gas, Europe",1.74
1976-03-01,"Natural gas, Europe",1.74
1976-04-01,"Natural gas, Europe",1.74
1976-05-01,"Natural gas, Europe",1.74
1976-06-01,"Natural gas, Europe",1.74
1976-07-01,"Natural gas, Europe",1.74
1976-08-01,"Natural gas, Europe",1.74
1976-09-01,"Natural gas, Europe",1.74
1976-10-01,"Natural gas, Europe",1.74
1976-11-01,"Natural gas, Europe",1.74
1976-12-01,"Natural gas, Europe",1.74
1977-01-01,"Natural gas, Europe",1.79
1977-02-01,"Natural gas, Europe",1.79
1977-03-01,"Natural gas, Europe",1.79
1977-04-01,"Natural gas, Europe",1.79
1977-05-01,"Natural gas, Europe",1.79
1977-06-01,"Natural gas, Europe",1.79
1977-07-01,"Natural gas, Europe",1.79
1977-08-01,"Natural gas, Europe",1.79
1977-09-01,"Natural gas, Europe",1.79
1977-10-01,"Natural gas, Europe",1.79
1977-11-01,"Natural gas, Europe",1.79
1977-12-01,"Natural gas, Europe",1.79
1978-01-01,"Natural gas, Europe",2.3
1978-02-01,"Natural gas, Europe",2.3
1978-03-01,"Natural gas, Europe",2.3
1978-04-01,"Natural gas, Europe",2.3
1978-05-01,"Natural gas, Europe",2.3
1978-06-01,"Natural gas, Europe",2.3
1978-07-01,"Natural gas, Europe",2.3
1978-08-01,"Natural gas, Europe",2.3
1978-09-01,"Natural gas, Europe",2.3
1978-10-01,"Natural gas, Europe",2.3
1978-11-01,"Natural gas, Europe",2.3
1978-12-01,"Natural gas, Europe",2.3
1979-01-01,"Natural gas, Europe",3.26
1979-02-01,"Natural gas, Europe",3.26
1979-03-01,"Natural gas, Europe",3.26
1979-04-01,"Natural gas, Europe",3.26
1979-05-01,"Natural gas, Europe",3.26
1979-06-01,"Natural gas, Europe",3.26
1979-07-01,"Natural gas, Europe",3.26
1979-08-01,"Natural gas, Europe",3.26
1979-09-01,"Natural gas, Europe",3.26
1979-10-01,"Natural gas, Europe",3.26
1979-11-01,"Natural gas, Europe",3.26
1979-12-01,"Natural gas, Europe",3.26
1980-01-01,"Natural gas, Europe",4.22
1980-02-01,"Natural gas, Europe",4.22
1980-03-01,"Natural gas, Europe",4.22
1980-04-01,"Natural gas, Europe",4.22
1980-05-01,"Natural gas, Europe",4.22
1980-06-01,"Natural gas, Europe",4.22
1980-07-01,"Natural gas, Europe",4.22
1980-08-01,"Natural gas, Europe",4.22
1980-09-01,"Natural gas, Europe",4.22
1980-10-01,"Natural gas, Europe",4.22
1980-11-01,"Natural gas, Europe",4.22
1980-12-01,"Natural gas, Europe",4.22
1981-01-01,"Natural gas, Europe",4.6
1981-02-01,"Natural gas, Europe",4.6
1981-03-01,"Natural gas, Europe",4.6
1981-04-01,"Natural gas, Europe",4.6
1981-05-01,"Natural gas, Europe",4.6
1981-06-01,"Natural gas, Europe",4.6
1981-07-01,"Natural gas, Europe",4.6
1981-08-01,"Natural gas, Europe",4.6
1981-09-01,"Natural gas, Europe",4.6
1981-10-01,"Natural gas, Europe",4.6
1981-11-01,"Natural gas, Europe",4.6
1981-12-01,"Natural gas, Europe",4.6
1982-01-01,"Natural gas, Europe",4.45
1982-02-01,"Natural gas, Europe",4.45
1982-03-01,"Natural gas, Europe",4.45
1982-04-01,"Natural gas, Europe",4.45
1982-05-01,"Natural gas, Europe",4.45
1982-06-01,"Natural gas, Europe",4.45
1982-07-01,"Natural gas, Europe",4.45
1982-08-01,"Natural gas, Europe",4.45
1982-09-01,"Natural gas, Europe",4.45
1982-10-01,"Natural gas, Europe",4.45
1982-11-01,"Natural gas, Europe",4.45
1982-12-01,"Natural gas, Europe",4.45
1983-01-01,"Natural gas, Europe",4.05
1983-02-01,"Natural gas, Europe",4.05
1983-03-01,"Natural gas, Europe",4.05
1983-04-01,"Natural gas, Europe",4.05
1983-05-01,"Natural gas, Europe",4.05
1983-06-01,"Natural gas, Europe",4.05
1983-07-01,"Natural gas, Europe",4.05
1983-08-01,"Natural gas, Europe",4.05
1983-09-01,"Natural gas, Europe",4.05
1983-10-01,"Natural gas, Europe",4.05
1983-11-01,"Natural gas, Europe",4.05
1983-12-01,"Natural gas, Europe",4.05
1984-01-01,"Natural gas, Europe",3.76
1984-02-01,"Natural gas, Europe",3.76
1984-03-01,"Natural gas, Europe",3.76
1984-04-01,"Natural gas, Europe",3.76
1984-05-01,"Natural gas, Europe",3.76
1984-06-01,"Natural gas, Europe",3.76
1984-07-01,"Natural gas, Europe",3.76
1984-08-01,"Natural gas, Europe",3.76
1984-09-01,"Natural gas, Europe",3.76
1984-10-01,"Natural gas, Europe",3.76
1984-11-01,"Natural gas, Europe",3.76
1984-12-01,"Natural gas, Europe",3.76
1985-01-01,"Natural gas, Europe",3.65
1985-02-01,"Natural gas, Europe",3.65
1985-03-01,"Natural gas, Europe",3.65
1985-04-01,"Natural gas, Europe",3.65
1985-05-01,"Natural gas, Europe",3.65
1985-06-01,"Natural gas, Europe",3.65
1985-07-01,"Natural gas, Europe",3.65
1985-08-01,"Natural gas, Europe",3.65
1985-09-01,"Natural gas, Europe",3.65
1985-10-01,"Natural gas, Europe",3.65
1985-11-01,"Natural gas, Europe",3.65
1985-12-01,"Natural gas, Europe",3.65
1986-01-01,"Natural gas, Europe",3.65
1986-02-01,"Natural gas, Europe",3.65
1986-03-01,"Natural gas, Europe",3.65
1986-04-01,"Natural gas, Europe",3.65
1986-05-01,"Natural gas, Europe",3.65
1986-06-01,"Natural gas, Europe",3.65
1986-07-01,"Natural gas, Europe",3.65
1986-08-01,"Natural gas, Europe",3.65
1986-09-01,"Natural gas, Europe",3.65
1986-10-01,"Natural gas, Europe",3.65
1986-11-01,"Natural gas, Europe",3.65
1986-12-01,"Natural gas, Europe",3.65
1987-01-01,"Natural gas, Europe",2.59
1987-02-01,"Natural gas, Europe",2.59
1987-03-01,"Natural gas, Europe",2.59
1987-04-01,"Natural gas, Europe",2.59
1987-05-01,"Natural gas, Europe",2.59
1987-06-01,"Natural gas, Europe",2.59
1987-07-01,"Natural gas, Europe",2.59
1987-08-01,"Natural gas, Europe",2.59
1987-09-01,"Natural gas, Europe",2.59
1987-10-01,"Natural gas, Europe",2.59
1987-11-01,"Natural gas, Europe",2.59
1987-12-01,"Natural gas, Europe",2.59
1988-01-01,"Natural gas, Europe",2.36
1988-02-01,"Natural gas, Europe",2.36
1988-03-01,"Natural gas, Europe",2.36
1988-04-01,"Natural gas, Europe",2.36
1988-05-01,"Natural gas, Europe",2.36
1988-06-01,"Natural gas, Europe",2.36
1988-07-01,"Natural gas, Europe",2.36
1988-08-01,"Natural gas, Europe",2.36
1988-09-01,"Natural gas, Europe",2.36
1988-10-01,"Natural gas, Europe",2.36
1988-11-01,"Natural gas, Europe",2.36
1988-12-01,"Natural gas, Europe",2.36
1989-01-01,"Natural gas, Europe",2.09
1989-02-01,"Natural gas, Europe",2.09
1989-03-01,"Natural gas, Europe",2.09
1989-04-01,"Natural gas, Europe",2.09
1989-05-01,"Natural gas, Europe",2.09
1989-06-01,"Natural gas, Europe",2.09
1989-07-01,"Natural gas, Europe",2.09
1989-08-01,"Natural gas, Europe",2.09
1989-09-01,"Natural gas, Europe",2.09
1989-10-01,"Natural gas, Europe",2.09
1989-11-01,"Natural gas, Europe",2.09
1989-12-01,"Natural gas, Europe",2.09
1990-01-01,"Natural gas, Europe",2.82
1990-02-01,"Natural gas, Europe",2.82
1990-03-01,"Natural gas, Europe",2.82
1990-04-01,"Natural gas, Europe",2.82
1990-05-01,"Natural gas, Europe",2.82
1990-06-01,"Natural gas, Europe",2.82
1990-07-01,"Natural gas, Europe",2.82
1990-08-01,"Natural gas, Europe",2.82
1990-09-01,"Natural gas, Europe",2.82
1990-10-01,"Natural gas, Europe",2.82
1990-11-01,"Natural gas, Europe",2.82
1990-12-01,"Natural gas, Europe",2.82
1991-01-01,"Natural gas, Europe",3.44
1991-02-01,"Natural gas, Europe",3.41
1991-03-01,"Natural gas, Europe",3.33
1991-04-01,"Natural gas, Europe",3.47
1991-05-01,"Natural gas, Europe",3.37
1991-06-01,"Natural gas, Europe",3.29
1991-07-01,"Natural gas, Europe",3.0
1991-08-01,"Natural gas, Europe",2.98
1991-09-01,"Natural gas, Europe",2.97
1991-10-01,"Natural gas, Europe",2.71
1991-11-01,"Natural gas, Europe",2.7
1991-12-01,"Natural gas, Europe",2.7
1992-01-01,"Natural gas, Europe",2.57
1992-02-01,"Natural gas, Europe",2.5
1992-03-01,"Natural gas, Europe",2.58
1992-04-01,"Natural gas, Europe",2.47
1992-05-01,"Natural gas, Europe",2.49
1992-06-01,"Natural gas, Europe",2.5
1992-07-01,"Natural gas, Europe",2.55
1992-08-01,"Natural gas, Europe",2.56
1992-09-01,"Natural gas, Europe",2.57
1992-10-01,"Natural gas, Europe",2.63
1992-11-01,"Natural gas, Europe",2.64
1992-12-01,"Natural gas, Europe",2.64
1993-01-01,"Natural gas, Europe",2.76
1993-02-01,"Natural gas, Europe",2.74
1993-03-01,"Natural gas, Europe",2.75
1993-04-01,"Natural gas, Europe",2.68
1993-05-01,"Natural gas, Europe",2.68
1993-06-01,"Natural gas, Europe",2.68
1993-07-01,"Natural gas, Europe",2.66
1993-08-01,"Natural gas, Europe",2.65
1993-09-01,"Natural gas, Europe",2.62
1993-10-01,"Natural gas, Europe",2.62
1993-11-01,"Natural gas, Europe",2.62
1993-12-01,"Natural gas, Europe",2.6
1994-01-01,"Natural gas, Europe",2.47
1994-02-01,"Natural gas, Europe",2.36
1994-03-01,"Natural gas, Europe",2.36
1994-04-01,"Natural gas, Europe",2.36
1994-05-01,"Natural gas, Europe",2.36
1994-06-01,"Natural gas, Europe",2.36
1994-07-01,"Natural gas, Europe",2.42
1994-08-01,"Natural gas, Europe",2.46
1994-09-01,"Natural gas, Europe",2.48
1994-10-01,"Natural gas, Europe",2.56
1994-11-01,"Natural gas, Europe",2.57
1994-12-01,"Natural gas, Europe",2.56
1995-01-01,"Natural gas, Europe",2.66
1995-02-01,"Natural gas, Europe",2.66
1995-03-01,"Natural gas, Europe",2.65
1995-04-01,"Natural gas, Europe",2.71
1995-05-01,"Natural gas, Europe",2.71
1995-06-01,"Natural gas, Europe",2.73
1995-07-01,"Natural gas, Europe",2.8
1995-08-01,"Natural gas, Europe",2.8
1995-09-01,"Natural gas, Europe",2.78
1995-10-01,"Natural gas, Europe",2.75
1995-11-01,"Natural gas, Europe",2.75
1995-12-01,"Natural gas, Europe",2.73
1996-01-01,"Natural gas, Europe",2.75
1996-02-01,"Natural gas, Europe",2.77
1996-03-01,"Natural gas, Europe",2.67
1996-04-01,"Natural gas, Europe",3.1
1996-05-01,"Natural gas, Europe",2.81
1996-06-01,"Natural gas, Europe",2.81
1996-07-01,"Natural gas, Europe",2.78
1996-08-01,"Natural gas, Europe",2.79
1996-09-01,"Natural gas, Europe",2.79
1996-10-01,"Natural gas, Europe",2.94
1996-11-01,"Natural gas, Europe",2.96
1996-12-01,"Natural gas, Europe",2.96
1997-01-01,"Natural gas, Europe",2.89
1997-02-01,"Natural gas, Europe",2.89
1997-03-01,"Natural gas, Europe",2.83
1997-04-01,"Natural gas, Europe",2.77
1997-05-01,"Natural gas, Europe",2.74
1997-06-01,"Natural gas, Europe",2.76
1997-07-01,"Natural gas, Europe",2.67
1997-08-01,"Natural gas, Europe",2.67
1997-09-01,"Natural gas, Europe",2.7
1997-10-01,"Natural gas, Europe",2.63
1997-11-01,"Natural gas, Europe",2.66
1997-12-01,"Natural gas, Europe",2.65
1998-01-01,"Natural gas, Europe",2.65
1998-02-01,"Natural gas, Europe",2.63
1998-03-01,"Natural gas, Europe",2.61
1998-04-01,"Natural gas, Europe",2.54
1998-05-01,"Natural gas, Europe",2.51
1998-06-01,"Natural gas, Europe",2.5
1998-07-01,"Natural gas, Europe",2.4
1998-08-01,"Natural gas, Europe",2.37
1998-09-01,"Natural gas, Europe",2.33
1998-10-01,"Natural gas, Europe",2.17
1998-11-01,"Natural gas, Europe",2.15
1998-12-01,"Natural gas, Europe",2.13
1999-01-01,"Natural gas, Europe",2.02
1999-02-01,"Natural gas, Europe",2.01
1999-03-01,"Natural gas, Europe",1.95
1999-04-01,"Natural gas, Europe",1.87
1999-05-01,"Natural gas, Europe",1.89
1999-06-01,"Natural gas, Europe",1.91
1999-07-01,"Natural gas, Europe",2.0
1999-08-01,"Natural gas, Europe",2.08
1999-09-01,"Natural gas, Europe",2.2
1999-10-01,"Natural gas, Europe",2.47
1999-11-01,"Natural gas, Europe",2.51
1999-12-01,"Natural gas, Europe",2.66
2000-01-01,"Natural gas, Europe",3.36
2000-02-01,"Natural gas, Europe",3.46
2000-03-01,"Natural gas, Europe",3.51
2000-04-01,"Natural gas, Europe",3.68
2000-05-01,"Natural gas, Europe",3.55
2000-06-01,"Natural gas, Europe",3.6
2000-07-01,"Natural gas, Europe",3.96
2000-08-01,"Natural gas, Europe",4.01
2000-09-01,"Natural gas, Europe",4.03
2000-10-01,"Natural gas, Europe",4.31
2000-11-01,"Natural gas, Europe",4.39
2000-12-01,"Natural gas, Europe",4.44
2001-01-01,"Natural gas, Europe",4.65
2001-02-01,"Natural gas, Europe",4.59
2001-03-01,"Natural gas, Europe",4.57
2001-04-01,"Natural gas, Europe",4.48
2001-05-01,"Natural gas, Europe",4.36
2001-06-01,"Natural gas, Europe",4.33
2001-07-01,"Natural gas, Europe",3.75
2001-08-01,"Natural gas, Europe",3.79
2001-09-01,"Natural gas, Europe",3.79
2001-10-01,"Natural gas, Europe",3.52
2001-11-01,"Natural gas, Europe",3.46
2001-12-01,"Natural gas, Europe",3.4
2002-01-01,"Natural gas, Europe",3.06
2002-02-01,"Natural gas, Europe",3.03
2002-03-01,"Natural gas, Europe",2.97
2002-04-01,"Natural gas, Europe",2.81
2002-05-01,"Natural gas, Europe",2.83
2002-06-01,"Natural gas, Europe",2.9
2002-07-01,"Natural gas, Europe",2.95
2002-08-01,"Natural gas, Europe",3.01
2002-09-01,"Natural gas, Europe",3.08
2002-10-01,"Natural gas, Europe",3.28
2002-11-01,"Natural gas, Europe",3.34
2002-12-01,"Natural gas, Europe",3.36
2003-01-01,"Natural gas, Europe",3.61
2003-02-01,"Natural gas, Europe",3.67
2003-03-01,"Natural gas, Europe",3.74
2003-04-01,"Natural gas, Europe",4.03
2003-05-01,"Natural gas, Europe",4.04
2003-06-01,"Natural gas, Europe",4.05
2003-07-01,"Natural gas, Europe",4.04
2003-08-01,"Natural gas, Europe",3.98
2003-09-01,"Natural gas, Europe",3.97
2003-10-01,"Natural gas, Europe",3.88
2003-11-01,"Natural gas, Europe",3.9
2003-12-01,"Natural gas, Europe",3.97
2004-01-01,"Natural gas, Europe",3.87
2004-02-01,"Natural gas, Europe",3.89
2004-03-01,"Natural gas, Europe",3.86
2004-04-01,"Natural gas, Europe",3.92
2004-05-01,"Natural gas, Europe",3.95
2004-06-01,"Natural gas, Europe",4.01
2004-07-01,"Natural gas, Europe",4.28
2004-08-01,"Natural gas, Europe",4.34
2004-09-01,"Natural gas, Europe",4.41
2004-10-01,"Natural gas, Europe",4.83
2004-11-01,"Natural gas, Europe",4.96
2004-12-01,"Natural gas, Europe",5.01
2005-01-01,"Natural gas, Europe",5.46
2005-02-01,"Natural gas, Europe",5.49
2005-03-01,"Natural gas, Europe",5.52
2005-04-01,"Natural gas, Europe",5.86
2005-05-01,"Natural gas, Europe",5.89
2005-06-01,"Natural gas, Europe",5.91
2005-07-01,"Natural gas, Europe",6.42
2005-08-01,"Natural gas, Europe",6.56
2005-09-01,"Natural gas, Europe",6.58
2005-10-01,"Natural gas, Europe",7.28
2005-11-01,"Natural gas, Europe",7.46
2005-12-01,"Natural gas, Europe",7.49
2006-01-01,"Natural gas, Europe",7.96
2006-02-01,"Natural gas, Europe",7.95
2006-03-01,"Natural gas, Europe",7.99
2006-04-01,"Natural gas, Europe",8.24
2006-05-01,"Natural gas, Europe",8.28
2006-06-01,"Natural gas, Europe",8.29
2006-07-01,"Natural gas, Europe",8.58
2006-08-01,"Natural gas, Europe",8.71
2006-09-01,"Natural gas, Europe",8.77
2006-10-01,"Natural gas, Europe",8.97
2006-11-01,"Natural gas, Europe",8.99
2006-12-01,"Natural gas, Europe",8.92
2007-01-01,"Natural gas, Europe",8.59
2007-02-01,"Natural gas, Europe",8.56
2007-03-01,"Natural gas, Europe",8.37
2007-04-01,"Natural gas, Europe",8.0
2007-05-01,"Natural gas, Europe",7.98
2007-06-01,"Natural gas, Europe",8.03
2007-07-01,"Natural gas, Europe",8.13
2007-08-01,"Natural gas, Europe",8.34
2007-09-01,"Natural gas, Europe",8.54
2007-10-01,"Natural gas, Europe",9.16
2007-11-01,"Natural gas, Europe",9.47
2007-12-01,"Natural gas, Europe",9.49
2008-01-01,"Natural gas, Europe",10.7
2008-02-01,"Natural gas, Europe",10.84
2008-03-01,"Natural gas, Europe",11.04
2008-04-01,"Natural gas, Europe",12.19
2008-05-01,"Natural gas, Europe",12.38
2008-06-01,"Natural gas, Europe",12.63
2008-07-01,"Natural gas, Europe",14.37
2008-08-01,"Natural gas, Europe",14.64
2008-09-01,"Natural gas, Europe",14.85
2008-10-01,"Natural gas, Europe",15.93
2008-11-01,"Natural gas, Europe",15.81
2008-12-01,"Natural gas, Europe",15.5
2009-01-01,"Natural gas, Europe",13.89
2009-02-01,"Natural gas, Europe",11.04
2009-03-01,"Natural gas, Europe",10.9
2009-04-01,"Natural gas, Europe",8.51
2009-05-01,"Natural gas, Europe",8.09
2009-06-01,"Natural gas, Europe",7.95
2009-07-01,"Natural gas, Europe",6.67
2009-08-01,"Natural gas, Europe",6.92
2009-09-01,"Natural gas, Europe",7.13
2009-10-01,"Natural gas, Europe",7.6
2009-11-01,"Natural gas, Europe",7.81
2009-12-01,"Natural gas, Europe",8.01
2010-01-01,"Natural gas, Europe",8.8
2010-02-01,"Natural gas, Europe",8.8
2010-03-01,"Natural gas, Europe",8.93
2010-04-01,"Natural gas, Europe",7.52
2010-05-01,"Natural gas, Europe",7.27
2010-06-01,"Natural gas, Europe",7.74
2010-07-01,"Natural gas, Europe",8.04
2010-08-01,"Natural gas, Europe",8.45
2010-09-01,"Natural gas, Europe",8.28
2010-10-01,"Natural gas, Europe",8.29
2010-11-01,"Natural gas, Europe",8.59
2010-12-01,"Natural gas, Europe",8.74
2011-01-01,"Natural gas, Europe",9.61
2011-02-01,"Natural gas, Europe",9.36
2011-03-01,"Natural gas, Europe",9.37
2011-04-01,"Natural gas, Europe",10.36
2011-05-01,"Natural gas, Europe",10.3
2011-06-01,"Natural gas, Europe",10.26
2011-07-01,"Natural gas, Europe",10.99
2011-08-01,"Natural gas, Europe",10.81
2011-09-01,"Natural gas, Europe",10.85
2011-10-01,"Natural gas, Europe",11.42
2011-11-01,"Natural gas, Europe",11.32
2011-12-01,"Natural gas, Europe",11.53
2012-01-01,"Natural gas, Europe",11.45
2012-02-01,"Natural gas, Europe",11.12
2012-03-01,"Natural gas, Europe",11.97
2012-04-01,"Natural gas, Europe",11.42
2012-05-01,"Natural gas, Europe",11.64
2012-06-01,"Natural gas, Europe",11.49
2012-07-01,"Natural gas, Europe",11.13
2012-08-01,"Natural gas, Europe",11.18
2012-09-01,"Natural gas, Europe",11.08
2012-10-01,"Natural gas, Europe",11.58
2012-11-01,"Natural gas, Europe",11.83
2012-12-01,"Natural gas, Europe",11.79
2013-01-01,"Natural gas, Europe",11.87
2013-02-01,"Natural gas, Europe",11.77
2013-03-01,"Natural gas, Europe",11.87
2013-04-01,"Natural gas, Europe",12.88
2013-05-01,"Natural gas, Europe",12.29
2013-06-01,"Natural gas, Europe",11.92
2013-07-01,"Natural gas, Europe",11.6
2013-08-01,"Natural gas, Europe",11.64
2013-09-01,"Natural gas, Europe",11.25
2013-10-01,"Natural gas, Europe",11.37
2013-11-01,"Natural gas, Europe",11.42
2013-12-01,"Natural gas, Europe",11.55
2014-01-01,"Natural gas, Europe",11.59
2014-02-01,"Natural gas, Europe",11.3
2014-03-01,"Natural gas, Europe",10.88
2014-04-01,"Natural gas, Europe",10.73
2014-05-01,"Natural gas, Europe",10.2
2014-06-01,"Natural gas, Europe",9.77
2014-07-01,"Natural gas, Europe",9.27
2014-08-01,"Natural gas, Europe",9.14
2014-09-01,"Natural gas, Europe",9.24
2014-10-01,"Natural gas, Europe",9.77
2014-11-01,"Natural gas, Europe",8.9
2014-12-01,"Natural gas, Europe",9.83
2015-01-01,"Natural gas, Europe",9.25
2015-02-01,"Natural gas, Europe",8.27
2015-03-01,"Natural gas, Europe",8.27
2015-04-01,"Natural gas, Europe",6.77
2015-05-01,"Natural gas, Europe",6.68
2015-06-01,"Natural gas, Europe",6.67
2015-07-01,"Natural gas, Europe",6.69
2015-08-01,"Natural gas, Europe",6.35
2015-09-01,"Natural gas, Europe",6.28
2015-10-01,"Natural gas, Europe",6.03
2015-11-01,"Natural gas, Europe",5.5
2015-12-01,"Natural gas, Europe",5.09
2016-01-01,"Natural gas, Europe",4.4
2016-02-01,"Natural gas, Europe",3.97
2016-03-01,"Natural gas, Europe",3.91
2016-04-01,"Natural gas, Europe",3.97
2016-05-01,"Natural gas, Europe",4.33
2016-06-01,"Natural gas, Europe",4.76
2016-07-01,"Natural gas, Europe",4.67
2016-08-01,"Natural gas, Europe",4.05
2016-09-01,"Natural gas, Europe",4.25
2016-10-01,"Natural gas, Europe",5.34
2016-11-01,"Natural gas, Europe",5.69
2016-12-01,"Natural gas, Europe",5.42
2017-01-01,"Natural gas, Europe",6.14
2017-02-01,"Natural gas, Europe",6.05
2017-03-01,"Natural gas, Europe",5.0
2017-04-01,"Natural gas, Europe",5.01
2017-05-01,"Natural gas, Europe",5.06
2017-06-01,"Natural gas, Europe",4.89
2017-07-01,"Natural gas, Europe",5.0
2017-08-01,"Natural gas, Europe",5.48
2017-09-01,"Natural gas, Europe",5.96
2017-10-01,"Natural gas, Europe",6.18
2017-11-01,"Natural gas, Europe",6.69
2017-12-01,"Natural gas, Europe",7.14
2018-01-01,"Natural gas, Europe",6.66
2018-02-01,"Natural gas, Europe",6.72
2018-03-01,"Natural gas, Europe",6.7
2018-04-01,"Natural gas, Europe",6.93
2018-05-01,"Natural gas, Europe",7.49
2018-06-01,"Natural gas, Europe",7.45
2018-07-01,"Natural gas, Europe",7.6
2018-08-01,"Natural gas, Europe",8.08
2018-09-01,"Natural gas, Europe",9.52
2018-10-01,"Natural gas, Europe",8.79
2018-11-01,"Natural gas, Europe",8.27
2018-12-01,"Natural gas, Europe",7.98
2019-01-01,"Natural gas, Europe",7.26
2019-02-01,"Natural gas, Europe",6.01
2019-03-01,"Natural gas, Europe",5.18
2019-04-01,"Natural gas, Europe",4.92
2019-05-01,"Natural gas, Europe",4.34
2019-06-01,"Natural gas, Europe",3.59
2019-07-01,"Natural gas, Europe",3.62
2019-08-01,"Natural gas, Europe",3.68
2019-09-01,"Natural gas, Europe",4.21
2019-10-01,"Natural gas, Europe",5.06
2019-11-01,"Natural gas, Europe",5.15
2019-12-01,"Natural gas, Europe",4.62
2020-01-01,"Natural gas, Europe",3.63
2020-02-01,"Natural gas, Europe",2.91
2020-03-01,"Natural gas, Europe",2.72
2020-04-01,"Natural gas, Europe",2.12
2020-05-01,"Natural gas, Europe",1.58
2020-06-01,"Natural gas, Europe",1.75
2020-07-01,"Natural gas, Europe",1.8
2020-08-01,"Natural gas, Europe",2.86
2020-09-01,"Natural gas, Europe",3.95
2020-10-01,"Natural gas, Europe",4.89
2020-11-01,"Natural gas, Europe",4.84
2020-12-01,"Natural gas, Europe",5.86
2021-01-01,"Natural gas, Europe",7.27
2021-02-01,"Natural gas, Europe",6.16
2021-03-01,"Natural gas, Europe",6.13
2021-04-01,"Natural gas, Europe",7.15
2021-05-01,"Natural gas, Europe",8.91
2021-06-01,"Natural gas, Europe",10.3
2021-07-01,"Natural gas, Europe",12.51
2021-08-01,"Natural gas, Europe",15.43
2021-09-01,"Natural gas, Europe",22.84
2021-10-01,"Natural gas, Europe",31.05
2021-11-01,"Natural gas, Europe",27.62
2021-12-01,"Natural gas, Europe",38.03
2022-01-01,"Natural gas, Europe",28.26
2022-02-01,"Natural gas, Europe",27.23
2022-03-01,"Natural gas, Europe",42.39
2022-04-01,"Natural gas, Europe",32.2
2022-05-01,"Natural gas, Europe",29.17
2022-06-01,"Natural gas, Europe",33.56
2022-07-01,"Natural gas, Europe",51.33
2022-08-01,"Natural gas, Europe",70.04
2022-09-01,"Natural gas, Europe",59.1
2022-10-01,"Natural gas, Europe",39.02
2022-11-01,"Natural gas, Europe",35.72
2022-12-01,"Natural gas, Europe",36.04
2023-01-01,"Natural gas, Europe",20.18
2023-02-01,"Natural gas, Europe",16.54
2023-03-01,"Natural gas, Europe",13.81
2023-04-01,"Natural gas, Europe",13.52
2023-05-01,"Natural gas, Europe",10.11
2023-06-01,"Natural gas, Europe",10.35
2023-07-01,"Natural gas, Europe",9.55
2023-08-01,"Natural gas, Europe",11.19
2023-09-01,"Natural gas, Europe",11.55
2023-10-01,"Natural gas, Europe",14.57
2023-11-01,"Natural gas, Europe",14.49
2023-12-01,"Natural gas, Europe",11.51
2024-01-01,"Natural gas, Europe",9.56
2024-02-01,"Natural gas, Europe",8.15
2024-03-01,"Natural gas, Europe",8.55
2024-04-01,"Natural gas, Europe",9.09
2024-05-01,"Natural gas, Europe",10.12
2024-06-01,"Natural gas, Europe",10.87
2024-07-01,"Natural gas, Europe",10.35
2024-08-01,"Natural gas, Europe",12.37
2024-09-01,"Natural gas, Europe",11.78
2024-10-01,"Natural gas, Europe",12.92
2024-11-01,"Natural gas, Europe",13.93
2024-12-01,"Natural gas, Europe",13.86
2025-01-01,"Natural gas, Europe",14.66
2025-02-01,"Natural gas, Europe",15.34
2025-03-01,"Natural gas, Europe",13.24
2025-04-01,"Natural gas, Europe",11.59
2025-05-01,"Natural gas, Europe",11.66
2025-06-01,"Natural gas, Europe",12.37
2025-07-01,"Natural gas, Europe",11.62
2025-08-01,"Natural gas, Europe",11.15
2025-09-01,"Natural gas, Europe",11.12
2025-10-01,"Natural gas, Europe",10.89
2025-11-01,"Natural gas, Europe",10.42
2025-12-01,"Natural gas, Europe",9.48
2026-01-01,"Natural gas, Europe",11.76
2026-02-01,"Natural gas, Europe",11.24
2026-03-01,"Natural gas, Europe",17.91
2026-04-01,"Natural gas, Europe",15.41
2026-05-01,"Natural gas, Europe",16.17
2026-06-01,"Natural gas, Europe",15.17
2026-07-01,"Natural gas, Europe",18.06
1970-01-01,"Coal, Australian",7.8
1970-02-01,"Coal, Australian",7.8
1970-03-01,"Coal, Australian",7.8
1970-04-01,"Coal, Australian",7.8
1970-05-01,"Coal, Australian",7.8
1970-06-01,"Coal, Australian",7.8
1970-07-01,"Coal, Australian",7.8
1970-08-01,"Coal, Australian",7.8
1970-09-01,"Coal, Australian",7.8
1970-10-01,"Coal, Australian",7.8
1970-11-01,"Coal, Australian",7.8
1970-12-01,"Coal, Australian",7.8
1971-01-01,"Coal, Australian",8.7
1971-02-01,"Coal, Australian",8.7
1971-03-01,"Coal, Australian",8.7
1971-04-01,"Coal, Australian",8.7
1971-05-01,"Coal, Australian",8.7
1971-06-01,"Coal, Australian",8.7
1971-07-01,"Coal, Australian",8.7
1971-08-01,"Coal, Australian",8.7
1971-09-01,"Coal, Australian",8.7
1971-10-01,"Coal, Australian",8.7
1971-11-01,"Coal, Australian",8.7
1971-12-01,"Coal, Australian",8.7
1972-01-01,"Coal, Australian",9.6
1972-02-01,"Coal, Australian",9.6
1972-03-01,"Coal, Australian",9.6
1972-04-01,"Coal, Australian",9.6
1972-05-01,"Coal, Australian",9.6
1972-06-01,"Coal, Australian",9.6
1972-07-01,"Coal, Australian",9.6
1972-08-01,"Coal, Australian",9.6
1972-09-01,"Coal, Australian",9.6
1972-10-01,"Coal, Australian",9.6
1972-11-01,"Coal, Australian",9.6
1972-12-01,"Coal, Australian",9.6
1973-01-01,"Coal, Australian",11.5
1973-02-01,"Coal, Australian",11.5
1973-03-01,"Coal, Australian",11.5
1973-04-01,"Coal, Australian",11.5
1973-05-01,"Coal, Australian",11.5
1973-06-01,"Coal, Australian",11.5
1973-07-01,"Coal, Australian",11.5
1973-08-01,"Coal, Australian",11.5
1973-09-01,"Coal, Australian",11.5
1973-10-01,"Coal, Australian",11.5
1973-11-01,"Coal, Australian",11.5
1973-12-01,"Coal, Australian",11.5
1974-01-01,"Coal, Australian",16.9
1974-02-01,"Coal, Australian",16.9
1974-03-01,"Coal, Australian",16.9
1974-04-01,"Coal, Australian",16.9
1974-05-01,"Coal, Australian",16.9
1974-06-01,"Coal, Australian",16.9
1974-07-01,"Coal, Australian",16.9
1974-08-01,"Coal, Australian",16.9
1974-09-01,"Coal, Australian",16.9
1974-10-01,"Coal, Australian",16.9
1974-11-01,"Coal, Australian",16.9
1974-12-01,"Coal, Australian",16.9
1975-01-01,"Coal, Australian",26.8
1975-02-01,"Coal, Australian",26.8
1975-03-01,"Coal, Australian",26.8
1975-04-01,"Coal, Australian",26.8
1975-05-01,"Coal, Australian",26.8
1975-06-01,"Coal, Australian",26.8
1975-07-01,"Coal, Australian",26.8
1975-08-01,"Coal, Australian",26.8
1975-09-01,"Coal, Australian",26.8
1975-10-01,"Coal, Australian",26.8
1975-11-01,"Coal, Australian",26.8
1975-12-01,"Coal, Australian",26.8
1976-01-01,"Coal, Australian",27.2
1976-02-01,"Coal, Australian",27.2
1976-03-01,"Coal, Australian",27.2
1976-04-01,"Coal, Australian",27.2
1976-05-01,"Coal, Australian",27.2
1976-06-01,"Coal, Australian",27.2
1976-07-01,"Coal, Australian",27.2
1976-08-01,"Coal, Australian",27.2
1976-09-01,"Coal, Australian",27.2
1976-10-01,"Coal, Australian",27.2
1976-11-01,"Coal, Australian",27.2
1976-12-01,"Coal, Australian",27.2
1977-01-01,"Coal, Australian",28.7
1977-02-01,"Coal, Australian",28.7
1977-03-01,"Coal, Australian",28.7
1977-04-01,"Coal, Australian",28.7
1977-05-01,"Coal, Australian",28.7
1977-06-01,"Coal, Australian",28.7
1977-07-01,"Coal, Australian",28.7
1977-08-01,"Coal, Australian",28.7
1977-09-01,"Coal, Australian",28.7
1977-10-01,"Coal, Australian",28.7
1977-11-01,"Coal, Australian",28.7
1977-12-01,"Coal, Australian",28.7
1978-01-01,"Coal, Australian",27.9
1978-02-01,"Coal, Australian",27.1
1978-03-01,"Coal, Australian",27.1
1978-04-01,"Coal, Australian",27.1
1978-05-01,"Coal, Australian",28.6
1978-06-01,"Coal, Australian",30.2
1978-07-01,"Coal, Australian",30.2
1978-08-01,"Coal, Australian",30.2
1978-09-01,"Coal, Australian",30.2
1978-10-01,"Coal, Australian",30.2
1978-11-01,"Coal, Australian",30.2
1978-12-01,"Coal, Australian",30.2
1979-01-01,"Coal, Australian",30.2
1979-02-01,"Coal, Australian",30.2
1979-03-01,"Coal, Australian",30.2
1979-04-01,"Coal, Australian",30.2
1979-05-01,"Coal, Australian",30.2
1979-06-01,"Coal, Australian",30.2
1979-07-01,"Coal, Australian",30.2
1979-08-01,"Coal, Australian",31.3
1979-09-01,"Coal, Australian",31.3
1979-10-01,"Coal, Australian",32.4
1979-11-01,"Coal, Australian",32.4
1979-12-01,"Coal, Australian",32.4
1980-01-01,"Coal, Australian",32.4
1980-02-01,"Coal, Australian",32.4
1980-03-01,"Coal, Australian",32.4
1980-04-01,"Coal, Australian",39.5
1980-05-01,"Coal, Australian",40.1
1980-06-01,"Coal, Australian",40.7
1980-07-01,"Coal, Australian",40.7
1980-08-01,"Coal, Australian",44.2
1980-09-01,"Coal, Australian",44.6
1980-10-01,"Coal, Australian",44.6
1980-11-01,"Coal, Australian",45.0
1980-12-01,"Coal, Australian",45.0
1981-01-01,"Coal, Australian",45.0
1981-02-01,"Coal, Australian",45.0
1981-03-01,"Coal, Australian",45.0
1981-04-01,"Coal, Australian",56.5
1981-05-01,"Coal, Australian",56.5
1981-06-01,"Coal, Australian",56.5
1981-07-01,"Coal, Australian",56.5
1981-08-01,"Coal, Australian",56.5
1981-09-01,"Coal, Australian",56.5
1981-10-01,"Coal, Australian",56.5
1981-11-01,"Coal, Australian",56.5
1981-12-01,"Coal, Australian",56.5
1982-01-01,"Coal, Australian",55.6
1982-02-01,"Coal, Australian",55.6
1982-03-01,"Coal, Australian",55.6
1982-04-01,"Coal, Australian",55.6
1982-05-01,"Coal, Australian",55.6
1982-06-01,"Coal, Australian",55.6
1982-07-01,"Coal, Australian",55.6
1982-08-01,"Coal, Australian",55.6
1982-09-01,"Coal, Australian",55.6
1982-10-01,"Coal, Australian",55.6
1982-11-01,"Coal, Australian",55.6
1982-12-01,"Coal, Australian",45.5
1983-01-01,"Coal, Australian",43.0
1983-02-01,"Coal, Australian",43.0
1983-03-01,"Coal, Australian",43.0
1983-04-01,"Coal, Australian",43.0
1983-05-01,"Coal, Australian",43.0
1983-06-01,"Coal, Australian",43.0
1983-07-01,"Coal, Australian",34.8
1983-08-01,"Coal, Australian",34.8
1983-09-01,"Coal, Australian",34.8
1983-10-01,"Coal, Australian",34.8
1983-11-01,"Coal, Australian",32.0
1983-12-01,"Coal, Australian",29.3
1984-01-01,"Coal, Australian",29.3
1984-02-01,"Coal, Australian",29.3
1984-03-01,"Coal, Australian",29.3
1984-04-01,"Coal, Australian",29.3
1984-05-01,"Coal, Australian",29.3
1984-06-01,"Coal, Australian",31.8
1984-07-01,"Coal, Australian",31.8
1984-08-01,"Coal, Australian",31.8
1984-09-01,"Coal, Australian",31.8
1984-10-01,"Coal, Australian",31.8
1984-11-01,"Coal, Australian",32.8
1984-12-01,"Coal, Australian",33.8
1985-01-01,"Coal, Australian",33.8
1985-02-01,"Coal, Australian",33.8
1985-03-01,"Coal, Australian",33.8
1985-04-01,"Coal, Australian",33.8
1985-05-01,"Coal, Australian",33.8
1985-06-01,"Coal, Australian",33.8
1985-07-01,"Coal, Australian",33.8
1985-08-01,"Coal, Australian",33.8
1985-09-01,"Coal, Australian",33.8
1985-10-01,"Coal, Australian",33.8
1985-11-01,"Coal, Australian",33.8
1985-12-01,"Coal, Australian",33.8
1986-01-01,"Coal, Australian",33.8
1986-02-01,"Coal, Australian",33.8
1986-03-01,"Coal, Australian",30.8
1986-04-01,"Coal, Australian",30.8
1986-05-01,"Coal, Australian",30.8
1986-06-01,"Coal, Australian",30.8
1986-07-01,"Coal, Australian",30.8
1986-08-01,"Coal, Australian",30.8
1986-09-01,"Coal, Australian",30.8
1986-10-01,"Coal, Australian",30.8
1986-11-01,"Coal, Australian",30.8
1986-12-01,"Coal, Australian",29.3
1987-01-01,"Coal, Australian",29.3
1987-02-01,"Coal, Australian",29.3
1987-03-01,"Coal, Australian",29.3
1987-04-01,"Coal, Australian",24.8
1987-05-01,"Coal, Australian",24.8
1987-06-01,"Coal, Australian",24.8
1987-07-01,"Coal, Australian",27.0
1987-08-01,"Coal, Australian",27.0
1987-09-01,"Coal, Australian",27.0
1987-10-01,"Coal, Australian",27.0
1987-11-01,"Coal, Australian",29.0
1987-12-01,"Coal, Australian",31.0
1988-01-01,"Coal, Australian",31.0
1988-02-01,"Coal, Australian",31.0
1988-03-01,"Coal, Australian",33.0
1988-04-01,"Coal, Australian",33.0
1988-05-01,"Coal, Australian",33.0
1988-06-01,"Coal, Australian",36.0
1988-07-01,"Coal, Australian",36.0
1988-08-01,"Coal, Australian",36.0
1988-09-01,"Coal, Australian",37.0
1988-10-01,"Coal, Australian",37.0
1988-11-01,"Coal, Australian",37.5
1988-12-01,"Coal, Australian",38.0
1989-01-01,"Coal, Australian",38.0
1989-02-01,"Coal, Australian",38.0
1989-03-01,"Coal, Australian",38.0
1989-04-01,"Coal, Australian",38.0
1989-05-01,"Coal, Australian",38.0
1989-06-01,"Coal, Australian",38.0
1989-07-01,"Coal, Australian",38.0
1989-08-01,"Coal, Australian",38.0
1989-09-01,"Coal, Australian",38.0
1989-10-01,"Coal, Australian",38.0
1989-11-01,"Coal, Australian",38.0
1989-12-01,"Coal, Australian",38.0
1990-01-01,"Coal, Australian",38.0
1990-02-01,"Coal, Australian",38.0
1990-03-01,"Coal, Australian",38.0
1990-04-01,"Coal, Australian",38.0
1990-05-01,"Coal, Australian",40.5
1990-06-01,"Coal, Australian",40.5
1990-07-01,"Coal, Australian",40.5
1990-08-01,"Coal, Australian",40.5
1990-09-01,"Coal, Australian",40.5
1990-10-01,"Coal, Australian",40.5
1990-11-01,"Coal, Australian",40.5
1990-12-01,"Coal, Australian",40.5
1991-01-01,"Coal, Australian",40.5
1991-02-01,"Coal, Australian",40.5
1991-03-01,"Coal, Australian",39.5
1991-04-01,"Coal, Australian",39.5
1991-05-01,"Coal, Australian",39.5
1991-06-01,"Coal, Australian",39.5
1991-07-01,"Coal, Australian",39.5
1991-08-01,"Coal, Australian",39.5
1991-09-01,"Coal, Australian",39.5
1991-10-01,"Coal, Australian",39.5
1991-11-01,"Coal, Australian",39.5
1991-12-01,"Coal, Australian",39.5
1992-01-01,"Coal, Australian",39.5
1992-02-01,"Coal, Australian",39.5
1992-03-01,"Coal, Australian",39.5
1992-04-01,"Coal, Australian",39.5
1992-05-01,"Coal, Australian",39.5
1992-06-01,"Coal, Australian",39.5
1992-07-01,"Coal, Australian",39.5
1992-08-01,"Coal, Australian",39.5
1992-09-01,"Coal, Australian",39.5
1992-10-01,"Coal, Australian",37.3
1992-11-01,"Coal, Australian",35.0
1992-12-01,"Coal, Australian",35.0
1993-01-01,"Coal, Australian",35.0
1993-02-01,"Coal, Australian",31.0
1993-03-01,"Coal, Australian",31.0
1993-04-01,"Coal, Australian",31.0
1993-05-01,"Coal, Australian",31.0
1993-06-01,"Coal, Australian",31.0
1993-07-01,"Coal, Australian",31.0
1993-08-01,"Coal, Australian",31.0
1993-09-01,"Coal, Australian",31.0
1993-10-01,"Coal, Australian",31.0
1993-11-01,"Coal, Australian",31.0
1993-12-01,"Coal, Australian",31.0
1994-01-01,"Coal, Australian",31.0
1994-02-01,"Coal, Australian",31.0
1994-03-01,"Coal, Australian",29.5
1994-04-01,"Coal, Australian",29.5
1994-05-01,"Coal, Australian",31.4
1994-06-01,"Coal, Australian",33.6
1994-07-01,"Coal, Australian",33.1
1994-08-01,"Coal, Australian",33.1
1994-09-01,"Coal, Australian",33.1
1994-10-01,"Coal, Australian",33.1
1994-11-01,"Coal, Australian",33.1
1994-12-01,"Coal, Australian",36.1
1995-01-01,"Coal, Australian",37.1
1995-02-01,"Coal, Australian",37.6
1995-03-01,"Coal, Australian",38.4
1995-04-01,"Coal, Australian",37.1
1995-05-01,"Coal, Australian",38.8
1995-06-01,"Coal, Australian",40.8
1995-07-01,"Coal, Australian",41.1
1995-08-01,"Coal, Australian",40.9
1995-09-01,"Coal, Australian",40.9
1995-10-01,"Coal, Australian",41.0
1995-11-01,"Coal, Australian",39.6
1995-12-01,"Coal, Australian",39.4
1996-01-01,"Coal, Australian",39.4
1996-02-01,"Coal, Australian",39.3
1996-03-01,"Coal, Australian",39.0
1996-04-01,"Coal, Australian",39.3
1996-05-01,"Coal, Australian",38.2
1996-06-01,"Coal, Australian",38.2
1996-07-01,"Coal, Australian",38.4
1996-08-01,"Coal, Australian",38.4
1996-09-01,"Coal, Australian",38.1
1996-10-01,"Coal, Australian",37.6
1996-11-01,"Coal, Australian",35.7
1996-12-01,"Coal, Australian",35.4
1997-01-01,"Coal, Australian",35.2
1997-02-01,"Coal, Australian",34.6
1997-03-01,"Coal, Australian",34.5
1997-04-01,"Coal, Australian",35.4
1997-05-01,"Coal, Australian",35.7
1997-06-01,"Coal, Australian",34.5
1997-07-01,"Coal, Australian",35.0
1997-08-01,"Coal, Australian",36.9
1997-09-01,"Coal, Australian",37.2
1997-10-01,"Coal, Australian",37.2
1997-11-01,"Coal, Australian",33.6
1997-12-01,"Coal, Australian",31.4
1998-01-01,"Coal, Australian",31.4
1998-02-01,"Coal, Australian",33.4
1998-03-01,"Coal, Australian",31.9
1998-04-01,"Coal, Australian",31.2
1998-05-01,"Coal, Australian",30.3
1998-06-01,"Coal, Australian",30.0
1998-07-01,"Coal, Australian",30.0
1998-08-01,"Coal, Australian",26.2
1998-09-01,"Coal, Australian",27.1
1998-10-01,"Coal, Australian",27.1
1998-11-01,"Coal, Australian",26.1
1998-12-01,"Coal, Australian",26.1
1999-01-01,"Coal, Australian",26.1
1999-02-01,"Coal, Australian",26.1
1999-03-01,"Coal, Australian",26.1
1999-04-01,"Coal, Australian",26.1
1999-05-01,"Coal, Australian",26.1
1999-06-01,"Coal, Australian",26.1
1999-07-01,"Coal, Australian",26.1
1999-08-01,"Coal, Australian",26.1
1999-09-01,"Coal, Australian",26.1
1999-10-01,"Coal, Australian",25.6
1999-11-01,"Coal, Australian",25.1
1999-12-01,"Coal, Australian",25.1
2000-01-01,"Coal, Australian",25.1
2000-02-01,"Coal, Australian",25.1
2000-03-01,"Coal, Australian",25.1
2000-04-01,"Coal, Australian",25.1
2000-05-01,"Coal, Australian",25.6
2000-06-01,"Coal, Australian",25.6
2000-07-01,"Coal, Australian",25.6
2000-08-01,"Coal, Australian",25.6
2000-09-01,"Coal, Australian",27.2
2000-10-01,"Coal, Australian",27.2
2000-11-01,"Coal, Australian",27.2
2000-12-01,"Coal, Australian",30.8
2001-01-01,"Coal, Australian",32.1
2001-02-01,"Coal, Australian",32.1
2001-03-01,"Coal, Australian",32.6
2001-04-01,"Coal, Australian",33.5
2001-05-01,"Coal, Australian",33.8
2001-06-01,"Coal, Australian",33.9
2001-07-01,"Coal, Australian",34.0
2001-08-01,"Coal, Australian",33.8
2001-09-01,"Coal, Australian",32.8
2001-10-01,"Coal, Australian",32.4
2001-11-01,"Coal, Australian",29.4
2001-12-01,"Coal, Australian",27.4
2002-01-01,"Coal, Australian",27.4
2002-02-01,"Coal, Australian",28.1
2002-03-01,"Coal, Australian",27.8
2002-04-01,"Coal, Australian",27.1
2002-05-01,"Coal, Australian",26.9
2002-06-01,"Coal, Australian",24.9
2002-07-01,"Coal, Australian",23.2
2002-08-01,"Coal, Australian",22.3
2002-09-01,"Coal, Australian",22.7
2002-10-01,"Coal, Australian",24.5
2002-11-01,"Coal, Australian",24.5
2002-12-01,"Coal, Australian",24.5
2003-01-01,"Coal, Australian",24.9
2003-02-01,"Coal, Australian",25.2
2003-03-01,"Coal, Australian",24.4
2003-04-01,"Coal, Australian",23.5
2003-05-01,"Coal, Australian",23.3
2003-06-01,"Coal, Australian",24.1
2003-07-01,"Coal, Australian",24.4
2003-08-01,"Coal, Australian",25.3
2003-09-01,"Coal, Australian",26.7
2003-10-01,"Coal, Australian",27.5
2003-11-01,"Coal, Australian",29.9
2003-12-01,"Coal, Australian",34.0
2004-01-01,"Coal, Australian",37.8
2004-02-01,"Coal, Australian",41.8
2004-03-01,"Coal, Australian",48.9
2004-04-01,"Coal, Australian",53.3
2004-05-01,"Coal, Australian",56.4
2004-06-01,"Coal, Australian",59.6
2004-07-01,"Coal, Australian",61.4
2004-08-01,"Coal, Australian",59.3
2004-09-01,"Coal, Australian",55.4
2004-10-01,"Coal, Australian",56.6
2004-11-01,"Coal, Australian",52.8
2004-12-01,"Coal, Australian",52.3
2005-01-01,"Coal, Australian",53.0
2005-02-01,"Coal, Australian",49.9
2005-03-01,"Coal, Australian",50.9
2005-04-01,"Coal, Australian",51.3
2005-05-01,"Coal, Australian",51.3
2005-06-01,"Coal, Australian",51.0
2005-07-01,"Coal, Australian",50.9
2005-08-01,"Coal, Australian",49.1
2005-09-01,"Coal, Australian",45.3
2005-10-01,"Coal, Australian",42.5
2005-11-01,"Coal, Australian",38.1
2005-12-01,"Coal, Australian",38.2
2006-01-01,"Coal, Australian",43.2
2006-02-01,"Coal, Australian",47.7
2006-03-01,"Coal, Australian",49.8
2006-04-01,"Coal, Australian",52.9
2006-05-01,"Coal, Australian",52.6
2006-06-01,"Coal, Australian",52.4
2006-07-01,"Coal, Australian",52.8
2006-08-01,"Coal, Australian",50.9
2006-09-01,"Coal, Australian",47.1
2006-10-01,"Coal, Australian",44.1
2006-11-01,"Coal, Australian",46.0
2006-12-01,"Coal, Australian",49.8
2007-01-01,"Coal, Australian",51.3
2007-02-01,"Coal, Australian",52.9
2007-03-01,"Coal, Australian",55.4
2007-04-01,"Coal, Australian",56.1
2007-05-01,"Coal, Australian",56.0
2007-06-01,"Coal, Australian",61.6
2007-07-01,"Coal, Australian",67.3
2007-08-01,"Coal, Australian",69.4
2007-09-01,"Coal, Australian",68.4
2007-10-01,"Coal, Australian",74.8
2007-11-01,"Coal, Australian",84.6
2007-12-01,"Coal, Australian",91.0
2008-01-01,"Coal, Australian",91.8
2008-02-01,"Coal, Australian",132.0
2008-03-01,"Coal, Australian",118.3
2008-04-01,"Coal, Australian",123.0
2008-05-01,"Coal, Australian",133.2
2008-06-01,"Coal, Australian",159.8
2008-07-01,"Coal, Australian",180.0
2008-08-01,"Coal, Australian",158.4
2008-09-01,"Coal, Australian",150.0
2008-10-01,"Coal, Australian",108.0
2008-11-01,"Coal, Australian",92.3
2008-12-01,"Coal, Australian",78.7
2009-01-01,"Coal, Australian",79.4
2009-02-01,"Coal, Australian",75.4
2009-03-01,"Coal, Australian",61.0
2009-04-01,"Coal, Australian",63.6
2009-05-01,"Coal, Australian",64.5
2009-06-01,"Coal, Australian",71.4
2009-07-01,"Coal, Australian",73.8
2009-08-01,"Coal, Australian",72.5
2009-09-01,"Coal, Australian",67.6
2009-10-01,"Coal, Australian",71.1
2009-11-01,"Coal, Australian",78.8
2009-12-01,"Coal, Australian",83.1
2010-01-01,"Coal, Australian",97.0
2010-02-01,"Coal, Australian",94.2
2010-03-01,"Coal, Australian",94.4
2010-04-01,"Coal, Australian",100.2
2010-05-01,"Coal, Australian",100.1
2010-06-01,"Coal, Australian",98.2
2010-07-01,"Coal, Australian",96.0
2010-08-01,"Coal, Australian",89.8
2010-09-01,"Coal, Australian",94.9
2010-10-01,"Coal, Australian",97.5
2010-11-01,"Coal, Australian",107.2
2010-12-01,"Coal, Australian",118.3
2011-01-01,"Coal, Australian",132.5
2011-02-01,"Coal, Australian",128.4
2011-03-01,"Coal, Australian",126.1
2011-04-01,"Coal, Australian",122.5
2011-05-01,"Coal, Australian",119.1
2011-06-01,"Coal, Australian",120.1
2011-07-01,"Coal, Australian",120.8
2011-08-01,"Coal, Australian",120.1
2011-09-01,"Coal, Australian",123.1
2011-10-01,"Coal, Australian",119.4
2011-11-01,"Coal, Australian",113.8
2011-12-01,"Coal, Australian",111.6
2012-01-01,"Coal, Australian",116.5
2012-02-01,"Coal, Australian",117.0
2012-03-01,"Coal, Australian",107.5
2012-04-01,"Coal, Australian",103.6
2012-05-01,"Coal, Australian",95.8
2012-06-01,"Coal, Australian",87.2
2012-07-01,"Coal, Australian",88.2
2012-08-01,"Coal, Australian",91.0
2012-09-01,"Coal, Australian",89.0
2012-10-01,"Coal, Australian",81.9
2012-11-01,"Coal, Australian",85.9
2012-12-01,"Coal, Australian",92.9
2013-01-01,"Coal, Australian",92.8
2013-02-01,"Coal, Australian",94.9
2013-03-01,"Coal, Australian",91.0
2013-04-01,"Coal, Australian",87.8
2013-05-01,"Coal, Australian",87.7
2013-06-01,"Coal, Australian",82.8
2013-07-01,"Coal, Australian",77.3
2013-08-01,"Coal, Australian",77.0
2013-09-01,"Coal, Australian",77.6
2013-10-01,"Coal, Australian",79.4
2013-11-01,"Coal, Australian",82.3
2013-12-01,"Coal, Australian",84.3
2014-01-01,"Coal, Australian",81.6
2014-02-01,"Coal, Australian",76.3
2014-03-01,"Coal, Australian",73.3
2014-04-01,"Coal, Australian",72.8
2014-05-01,"Coal, Australian",73.7
2014-06-01,"Coal, Australian",71.5
2014-07-01,"Coal, Australian",68.8
2014-08-01,"Coal, Australian",68.9
2014-09-01,"Coal, Australian",65.9
2014-10-01,"Coal, Australian",63.7
2014-11-01,"Coal, Australian",62.6
2014-12-01,"Coal, Australian",62.4
2015-01-01,"Coal, Australian",61.4
2015-02-01,"Coal, Australian",69.1
2015-03-01,"Coal, Australian",64.8
2015-04-01,"Coal, Australian",56.2
2015-05-01,"Coal, Australian",61.2
2015-06-01,"Coal, Australian",59.0
2015-07-01,"Coal, Australian",59.9
2015-08-01,"Coal, Australian",59.1
2015-09-01,"Coal, Australian",57.7
2015-10-01,"Coal, Australian",54.3
2015-11-01,"Coal, Australian",52.5
2015-12-01,"Coal, Australian",52.2
2016-01-01,"Coal, Australian",49.0
2016-02-01,"Coal, Australian",50.3
2016-03-01,"Coal, Australian",52.2
2016-04-01,"Coal, Australian",50.7
2016-05-01,"Coal, Australian",51.3
2016-06-01,"Coal, Australian",52.9
2016-07-01,"Coal, Australian",61.2
2016-08-01,"Coal, Australian",67.4
2016-09-01,"Coal, Australian",72.7
2016-10-01,"Coal, Australian",94.2
2016-11-01,"Coal, Australian",103.4
2016-12-01,"Coal, Australian",88.2
2017-01-01,"Coal, Australian",83.7
2017-02-01,"Coal, Australian",80.0
2017-03-01,"Coal, Australian",80.9
2017-04-01,"Coal, Australian",83.7
2017-05-01,"Coal, Australian",74.4
2017-06-01,"Coal, Australian",81.1
2017-07-01,"Coal, Australian",87.5
2017-08-01,"Coal, Australian",98.6
2017-09-01,"Coal, Australian",97.8
2017-10-01,"Coal, Australian",97.1
2017-11-01,"Coal, Australian",96.6
2017-12-01,"Coal, Australian",100.8
2018-01-01,"Coal, Australian",106.5
2018-02-01,"Coal, Australian",106.0
2018-03-01,"Coal, Australian",96.7
2018-04-01,"Coal, Australian",93.7
2018-05-01,"Coal, Australian",105.3
2018-06-01,"Coal, Australian",114.3
2018-07-01,"Coal, Australian",119.6
2018-08-01,"Coal, Australian",117.3
2018-09-01,"Coal, Australian",114.2
2018-10-01,"Coal, Australian",108.7
2018-11-01,"Coal, Australian",100.7
2018-12-01,"Coal, Australian",101.4
2019-01-01,"Coal, Australian",98.6
2019-02-01,"Coal, Australian",95.4
2019-03-01,"Coal, Australian",93.1
2019-04-01,"Coal, Australian",86.8
2019-05-01,"Coal, Australian",82.3
2019-06-01,"Coal, Australian",72.5
2019-07-01,"Coal, Australian",72.1
2019-08-01,"Coal, Australian",65.6
2019-09-01,"Coal, Australian",66.0
2019-10-01,"Coal, Australian",69.2
2019-11-01,"Coal, Australian",67.0
2019-12-01,"Coal, Australian",66.2
2020-01-01,"Coal, Australian",69.7
2020-02-01,"Coal, Australian",67.6
2020-03-01,"Coal, Australian",66.7
2020-04-01,"Coal, Australian",58.6
2020-05-01,"Coal, Australian",52.5
2020-06-01,"Coal, Australian",52.2
2020-07-01,"Coal, Australian",51.6
2020-08-01,"Coal, Australian",50.1
2020-09-01,"Coal, Australian",54.6
2020-10-01,"Coal, Australian",58.4
2020-11-01,"Coal, Australian",64.4
2020-12-01,"Coal, Australian",83.0
2021-01-01,"Coal, Australian",86.8
2021-02-01,"Coal, Australian",86.7
2021-03-01,"Coal, Australian",94.9
2021-04-01,"Coal, Australian",92.2
2021-05-01,"Coal, Australian",107.0
2021-06-01,"Coal, Australian",130.0
2021-07-01,"Coal, Australian",152.0
2021-08-01,"Coal, Australian",169.6
2021-09-01,"Coal, Australian",185.7
2021-10-01,"Coal, Australian",224.5
2021-11-01,"Coal, Australian",157.5
2021-12-01,"Coal, Australian",169.7
2022-01-01,"Coal, Australian",197.0
2022-02-01,"Coal, Australian",219.8
2022-03-01,"Coal, Australian",314.0
2022-04-01,"Coal, Australian",310.9
2022-05-01,"Coal, Australian",371.9
2022-06-01,"Coal, Australian",374.1
2022-07-01,"Coal, Australian",402.2
2022-08-01,"Coal, Australian",407.0
2022-09-01,"Coal, Australian",430.8
2022-10-01,"Coal, Australian",389.8
2022-11-01,"Coal, Australian",342.2
2022-12-01,"Coal, Australian",379.2
2023-01-01,"Coal, Australian",318.0
2023-02-01,"Coal, Australian",207.5
2023-03-01,"Coal, Australian",187.2
2023-04-01,"Coal, Australian",194.3
2023-05-01,"Coal, Australian",160.5
2023-06-01,"Coal, Australian",139.4
2023-07-01,"Coal, Australian",140.6
2023-08-01,"Coal, Australian",152.6
2023-09-01,"Coal, Australian",162.5
2023-10-01,"Coal, Australian",142.1
2023-11-01,"Coal, Australian",126.8
2023-12-01,"Coal, Australian",141.8
2024-01-01,"Coal, Australian",124.9
2024-02-01,"Coal, Australian",124.2
2024-03-01,"Coal, Australian",131.5
2024-04-01,"Coal, Australian",135.0
2024-05-01,"Coal, Australian",142.0
2024-06-01,"Coal, Australian",135.1
2024-07-01,"Coal, Australian",137.6
2024-08-01,"Coal, Australian",145.8
2024-09-01,"Coal, Australian",139.2
2024-10-01,"Coal, Australian",146.6
2024-11-01,"Coal, Australian",142.1
2024-12-01,"Coal, Australian",129.8
2025-01-01,"Coal, Australian",118.6
2025-02-01,"Coal, Australian",106.9
2025-03-01,"Coal, Australian",104.0
2025-04-01,"Coal, Australian",98.6
2025-05-01,"Coal, Australian",104.4
2025-06-01,"Coal, Australian",109.0
2025-07-01,"Coal, Australian",112.9
2025-08-01,"Coal, Australian",112.2
2025-09-01,"Coal, Australian",106.3
2025-10-01,"Coal, Australian",107.5
2025-11-01,"Coal, Australian",112.6
2025-12-01,"Coal, Australian",107.7
2026-01-01,"Coal, Australian",109.8
2026-02-01,"Coal, Australian",118.4
2026-03-01,"Coal, Australian",138.6
2026-04-01,"Coal, Australian",130.9
2026-05-01,"Coal, Australian",136.9
2026-06-01,"Coal, Australian",138.5
2026-07-01,"Coal, Australian",131.9
1960-01-01,Copper,715.0
1960-02-01,Copper,728.0
1960-03-01,Copper,685.0
1960-04-01,Copper,723.0
1960-05-01,Copper,685.0
1960-06-01,Copper,692.0
1960-07-01,Copper,702.0
1960-08-01,Copper,676.0
1960-09-01,Copper,647.0
1960-10-01,Copper,613.0
1960-11-01,Copper,642.0
1960-12-01,Copper,637.0
1961-01-01,Copper,607.0
1961-02-01,Copper,617.0
1961-03-01,Copper,621.0
1961-04-01,Copper,632.0
1961-05-01,Copper,668.0
1961-06-01,Copper,652.0
1961-07-01,Copper,633.0
1961-08-01,Copper,636.0
1961-09-01,Copper,633.0
1961-10-01,Copper,630.0
1961-11-01,Copper,632.0
1961-12-01,Copper,635.0
1962-01-01,Copper,635.0
1962-02-01,Copper,648.0
1962-03-01,Copper,648.0
1962-04-01,Copper,646.0
1962-05-01,Copper,646.0
1962-06-01,Copper,646.0
1962-07-01,Copper,646.0
1962-08-01,Copper,646.0
1962-09-01,Copper,646.0
1962-10-01,Copper,646.0
1962-11-01,Copper,646.0
1962-12-01,Copper,646.0
1963-01-01,Copper,646.0
1963-02-01,Copper,646.0
1963-03-01,Copper,646.0
1963-04-01,Copper,646.0
1963-05-01,Copper,646.0
1963-06-01,Copper,646.0
1963-07-01,Copper,646.0
1963-08-01,Copper,646.0
1963-09-01,Copper,646.0
1963-10-01,Copper,646.0
1963-11-01,Copper,646.0
1963-12-01,Copper,650.0
1964-01-01,Copper,656.0
1964-02-01,Copper,694.0
1964-03-01,Copper,745.0
1964-04-01,Copper,862.0
1964-05-01,Copper,828.0
1964-06-01,Copper,808.0
1964-07-01,Copper,855.0
1964-08-01,Copper,999.0
1964-09-01,Copper,1162.0
1964-10-01,Copper,1358.0
1964-11-01,Copper,1400.0
1964-12-01,Copper,1269.0
1965-01-01,Copper,1001.0
1965-02-01,Copper,1180.0
1965-03-01,Copper,1237.0
1965-04-01,Copper,1348.0
1965-05-01,Copper,1379.0
1965-06-01,Copper,1309.0
1965-07-01,Copper,1134.0
1965-08-01,Copper,1210.0
1965-09-01,Copper,1328.0
1965-10-01,Copper,1402.0
1965-11-01,Copper,1469.0
1965-12-01,Copper,1518.0
1966-01-01,Copper,1679.0
1966-02-01,Copper,1874.0
1966-03-01,Copper,1875.0
1966-04-01,Copper,1907.0
1966-05-01,Copper,1664.0
1966-06-01,Copper,1696.0
1966-07-01,Copper,1568.0
1966-08-01,Copper,1195.0
1966-09-01,Copper,1128.0
1966-10-01,Copper,1275.0
1966-11-01,Copper,1302.0
1966-12-01,Copper,1215.0
1967-01-01,Copper,1244.0
1967-02-01,Copper,1220.0
1967-03-01,Copper,1098.0
1967-04-01,Copper,995.0
1967-05-01,Copper,1036.0
1967-06-01,Copper,1015.0
1967-07-01,Copper,997.0
1967-08-01,Copper,1045.0
1967-09-01,Copper,1060.0
1967-10-01,Copper,1138.0
1967-11-01,Copper,1444.0
1967-12-01,Copper,1324.0
1968-01-01,Copper,1409.0
1968-02-01,Copper,1720.0
1968-03-01,Copper,1701.0
1968-04-01,Copper,1255.0
1968-05-01,Copper,1097.0
1968-06-01,Copper,1137.0
1968-07-01,Copper,1054.0
1968-08-01,Copper,1056.0
1968-09-01,Copper,1110.0
1968-10-01,Copper,1080.0
1968-11-01,Copper,1100.0
1968-12-01,Copper,1185.0
1969-01-01,Copper,1256.0
1969-02-01,Copper,1285.0
1969-03-01,Copper,1278.0
1969-04-01,Copper,1388.0
1969-05-01,Copper,1392.0
1969-06-01,Copper,1483.0
1969-07-01,Copper,1454.0
1969-08-01,Copper,1607.0
1969-09-01,Copper,1579.0
1969-10-01,Copper,1554.0
1969-11-01,Copper,1631.0
1969-12-01,Copper,1700.0
1970-01-01,Copper,1626.0
1970-02-01,Copper,1657.0
1970-03-01,Copper,1754.0
1970-04-01,Copper,1742.0
1970-05-01,Copper,1598.0
1970-06-01,Copper,1458.0
1970-07-01,Copper,1367.0
1970-08-01,Copper,1267.0
1970-09-01,Copper,1247.0
1970-10-01,Copper,1142.0
1970-11-01,Copper,1085.0
1970-12-01,Copper,1046.0
1971-01-01,Copper,1010.0
1971-02-01,Copper,1020.0
1971-03-01,Copper,1144.0
1971-04-01,Copper,1252.0
1971-05-01,Copper,1114.0
1971-06-01,Copper,1074.0
1971-07-01,Copper,1115.0
1971-08-01,Copper,1098.0
1971-09-01,Copper,1056.0
1971-10-01,Copper,1041.0
1971-11-01,Copper,1014.0
1971-12-01,Copper,1038.0
1972-01-01,Copper,1078.0
1972-02-01,Copper,1112.0
1972-03-01,Copper,1108.0
1972-04-01,Copper,1133.0
1972-05-01,Copper,1106.0
1972-06-01,Copper,1063.0
1972-07-01,Copper,1035.0
1972-08-01,Copper,1047.0
1972-09-01,Copper,1061.0
1972-10-01,Copper,918.0
1972-11-01,Copper,1007.0
1972-12-01,Copper,1024.0
1973-01-01,Copper,1119.0
1973-02-01,Copper,1244.0
1973-03-01,Copper,1510.0
1973-04-01,Copper,1588.0
1973-05-01,Copper,1552.0
1973-06-01,Copper,1749.0
1973-07-01,Copper,2021.0
1973-08-01,Copper,2123.0
1973-09-01,Copper,1936.0
1973-10-01,Copper,2065.0
1973-11-01,Copper,2273.0
1973-12-01,Copper,2244.0
1974-01-01,Copper,2032.0
1974-02-01,Copper,2292.0
1974-03-01,Copper,2743.0
1974-04-01,Copper,3032.0
1974-05-01,Copper,2876.0
1974-06-01,Copper,2440.0
1974-07-01,Copper,1919.0
1974-08-01,Copper,1803.0
1974-09-01,Copper,1461.0
1974-10-01,Copper,1399.0
1974-11-01,Copper,1417.0
1974-12-01,Copper,1289.0
1975-01-01,Copper,1211.0
1975-02-01,Copper,1267.0
1975-03-01,Copper,1344.0
1975-04-01,Copper,1329.0
1975-05-01,Copper,1254.0
1975-06-01,Copper,1193.0
1975-07-01,Copper,1222.0
1975-08-01,Copper,1277.0
1975-09-01,Copper,1210.0
1975-10-01,Copper,1179.0
1975-11-01,Copper,1180.0
1975-12-01,Copper,1151.0
1976-01-01,Copper,1193.0
1976-02-01,Copper,1219.0
1976-03-01,Copper,1329.0
1976-04-01,Copper,1510.0
1976-05-01,Copper,1512.0
1976-06-01,Copper,1550.0
1976-07-01,Copper,1647.0
1976-08-01,Copper,1539.0
1976-09-01,Copper,1459.0
1976-10-01,Copper,1285.0
1976-11-01,Copper,1279.0
1976-12-01,Copper,1287.0
1977-01-01,Copper,1396.0
1977-02-01,Copper,1426.0
1977-03-01,Copper,1515.0
1977-04-01,Copper,1429.0
1977-05-01,Copper,1371.0
1977-06-01,Copper,1312.0
1977-07-01,Copper,1248.0
1977-08-01,Copper,1160.0
1977-09-01,Copper,1195.0
1977-10-01,Copper,1210.0
1977-11-01,Copper,1182.0
1977-12-01,Copper,1261.0
1978-01-01,Copper,1261.0
1978-02-01,Copper,1217.0
1978-03-01,Copper,1254.0
1978-04-01,Copper,1285.0
1978-05-01,Copper,1303.0
1978-06-01,Copper,1333.0
1978-07-01,Copper,1337.0
1978-08-01,Copper,1426.0
1978-09-01,Copper,1442.0
1978-10-01,Copper,1506.0
1978-11-01,Copper,1481.0
1978-12-01,Copper,1533.0
1979-01-01,Copper,1659.0
1979-02-01,Copper,1944.0
1979-03-01,Copper,2050.0
1979-04-01,Copper,2100.0
1979-05-01,Copper,1926.0
1979-06-01,Copper,1878.0
1979-07-01,Copper,1814.0
1979-08-01,Copper,1976.0
1979-09-01,Copper,2096.0
1979-10-01,Copper,2076.0
1979-11-01,Copper,2090.0
1979-12-01,Copper,2214.0
1980-01-01,Copper,2601.0
1980-02-01,Copper,2918.0
1980-03-01,Copper,2306.0
1980-04-01,Copper,2070.0
1980-05-01,Copper,2037.0
1980-06-01,Copper,2006.0
1980-07-01,Copper,2176.0
1980-08-01,Copper,2082.0
1980-09-01,Copper,2060.0
1980-10-01,Copper,2040.0
1980-11-01,Copper,2010.0
1980-12-01,Copper,1879.0
1981-01-01,Copper,1869.0
1981-02-01,Copper,1801.0
1981-03-01,Copper,1818.0
1981-04-01,Copper,1821.0
1981-05-01,Copper,1742.0
1981-06-01,Copper,1700.0
1981-07-01,Copper,1682.0
1981-08-01,Copper,1787.0
1981-09-01,Copper,1710.0
1981-10-01,Copper,1666.0
1981-11-01,Copper,1651.0
1981-12-01,Copper,1655.0
1982-01-01,Copper,1611.0
1982-02-01,Copper,1598.0
1982-03-01,Copper,1510.0
1982-04-01,Copper,1522.0
1982-05-01,Copper,1528.0
1982-06-01,Copper,1300.0
1982-07-01,Copper,1441.0
1982-08-01,Copper,1452.0
1982-09-01,Copper,1427.0
1982-10-01,Copper,1461.0
1982-11-01,Copper,1444.0
1982-12-01,Copper,1473.0
1983-01-01,Copper,1572.0
1983-02-01,Copper,1647.0
1983-03-01,Copper,1598.0
1983-04-01,Copper,1675.0
1983-05-01,Copper,1766.0
1983-06-01,Copper,1701.0
1983-07-01,Copper,1704.0
1983-08-01,Copper,1640.0
1983-09-01,Copper,1561.0
1983-10-01,Copper,1435.0
1983-11-01,Copper,1389.0
1983-12-01,Copper,1415.0
1984-01-01,Copper,1376.0
1984-02-01,Copper,1430.0
1984-03-01,Copper,1501.0
1984-04-01,Copper,1533.0
1984-05-01,Copper,1421.0
1984-06-01,Copper,1367.0
1984-07-01,Copper,1331.0
1984-08-01,Copper,1338.0
1984-09-01,Copper,1294.0
1984-10-01,Copper,1273.0
1984-11-01,Copper,1345.0
1984-12-01,Copper,1321.0
1985-01-01,Copper,1359.0
1985-02-01,Copper,1389.0
1985-03-01,Copper,1390.0
1985-04-01,Copper,1502.0
1985-05-01,Copper,1531.0
1985-06-01,Copper,1432.0
1985-07-01,Copper,1475.0
1985-08-01,Copper,1420.0
1985-09-01,Copper,1366.0
1985-10-01,Copper,1385.0
1985-11-01,Copper,1370.0
1985-12-01,Copper,1391.0
1986-01-01,Copper,1418.0
1986-02-01,Copper,1406.0
1986-03-01,Copper,1445.0
1986-04-01,Copper,1435.0
1986-05-01,Copper,1419.0
1986-06-01,Copper,1413.0
1986-07-01,Copper,1344.0
1986-08-01,Copper,1303.0
1986-09-01,Copper,1347.0
1986-10-01,Copper,1317.0
1986-11-01,Copper,1303.0
1986-12-01,Copper,1336.0
1987-01-01,Copper,1346.0
1987-02-01,Copper,1380.0
1987-03-01,Copper,1466.0
1987-04-01,Copper,1484.0
1987-05-01,Copper,1520.0
1987-06-01,Copper,1572.0
1987-07-01,Copper,1695.0
1987-08-01,Copper,1756.0
1987-09-01,Copper,1811.0
1987-10-01,Copper,1967.0
1987-11-01,Copper,2524.0
1987-12-01,Copper,2869.0
1988-01-01,Copper,2663.0
1988-02-01,Copper,2330.0
1988-03-01,Copper,2359.0
1988-04-01,Copper,2286.0
1988-05-01,Copper,2448.0
1988-06-01,Copper,2540.0
1988-07-01,Copper,2214.0
1988-08-01,Copper,2201.0
1988-09-01,Copper,2436.0
1988-10-01,Copper,2940.0
1988-11-01,Copper,3305.0
1988-12-01,Copper,3499.0
1989-01-01,Copper,3394.0
1989-02-01,Copper,3097.0
1989-03-01,Copper,3264.0
1989-04-01,Copper,3118.0
1989-05-01,Copper,2739.0
1989-06-01,Copper,2546.0
1989-07-01,Copper,2505.0
1989-08-01,Copper,2762.0
1989-09-01,Copper,2884.0
1989-10-01,Copper,2861.0
1989-11-01,Copper,2591.0
1989-12-01,Copper,2419.0
1990-01-01,Copper,2367.0
1990-02-01,Copper,2360.0
1990-03-01,Copper,2626.0
1990-04-01,Copper,2686.0
1990-05-01,Copper,2742.0
1990-06-01,Copper,2585.0
1990-07-01,Copper,2769.0
1990-08-01,Copper,2957.0
1990-09-01,Copper,3031.0
1990-10-01,Copper,2744.0
1990-11-01,Copper,2586.0
1990-12-01,Copper,2485.0
1991-01-01,Copper,2449.0
1991-02-01,Copper,2449.0
1991-03-01,Copper,2410.0
1991-04-01,Copper,2472.0
1991-05-01,Copper,2306.0
1991-06-01,Copper,2219.0
1991-07-01,Copper,2236.0
1991-08-01,Copper,2233.0
1991-09-01,Copper,2325.0
1991-10-01,Copper,2364.0
1991-11-01,Copper,2380.0
1991-12-01,Copper,2223.0
1992-01-01,Copper,2139.0
1992-02-01,Copper,2206.0
1992-03-01,Copper,2227.0
1992-04-01,Copper,2215.0
1992-05-01,Copper,2217.0
1992-06-01,Copper,2299.0
1992-07-01,Copper,2520.0
1992-08-01,Copper,2522.0
1992-09-01,Copper,2414.0
1992-10-01,Copper,2249.0
1992-11-01,Copper,2158.0
1992-12-01,Copper,2207.0
1993-01-01,Copper,2257.0
1993-02-01,Copper,2213.0
1993-03-01,Copper,2153.0
1993-04-01,Copper,1950.0
1993-05-01,Copper,1795.0
1993-06-01,Copper,1853.0
1993-07-01,Copper,1927.0
1993-08-01,Copper,1947.0
1993-09-01,Copper,1862.0
1993-10-01,Copper,1646.0
1993-11-01,Copper,1630.0
1993-12-01,Copper,1724.0
1994-01-01,Copper,1805.0
1994-02-01,Copper,1866.0
1994-03-01,Copper,1915.0
1994-04-01,Copper,1882.0
1994-05-01,Copper,2151.0
1994-06-01,Copper,2364.0
1994-07-01,Copper,2458.0
1994-08-01,Copper,2406.0
1994-09-01,Copper,2506.0
1994-10-01,Copper,2548.0
1994-11-01,Copper,2802.0
1994-12-01,Copper,2985.0
1995-01-01,Copper,3009.0
1995-02-01,Copper,2878.0
1995-03-01,Copper,2924.0
1995-04-01,Copper,2904.0
1995-05-01,Copper,2773.0
1995-06-01,Copper,2995.0
1995-07-01,Copper,3076.0
1995-08-01,Copper,3037.0
1995-09-01,Copper,2916.0
1995-10-01,Copper,2814.0
1995-11-01,Copper,2977.0
1995-12-01,Copper,2926.0
1996-01-01,Copper,2616.0
1996-02-01,Copper,2538.0
1996-03-01,Copper,2561.0
1996-04-01,Copper,2596.0
1996-05-01,Copper,2658.0
1996-06-01,Copper,2173.0
1996-07-01,Copper,1986.0
1996-08-01,Copper,2009.0
1996-09-01,Copper,1941.0
1996-10-01,Copper,1961.0
1996-11-01,Copper,2231.0
1996-12-01,Copper,2268.0
1997-01-01,Copper,2435.0
1997-02-01,Copper,2406.0
1997-03-01,Copper,2421.0
1997-04-01,Copper,2391.0
1997-05-01,Copper,2514.0
1997-06-01,Copper,2613.0
1997-07-01,Copper,2450.0
1997-08-01,Copper,2251.0
1997-09-01,Copper,2107.0
1997-10-01,Copper,2052.0
1997-11-01,Copper,1917.0
1997-12-01,Copper,1762.0
1998-01-01,Copper,1688.0
1998-02-01,Copper,1665.0
1998-03-01,Copper,1748.0
1998-04-01,Copper,1801.0
1998-05-01,Copper,1733.0
1998-06-01,Copper,1661.0
1998-07-01,Copper,1651.0
1998-08-01,Copper,1621.0
1998-09-01,Copper,1648.0
1998-10-01,Copper,1586.0
1998-11-01,Copper,1574.0
1998-12-01,Copper,1474.0
1999-01-01,Copper,1431.0
1999-02-01,Copper,1411.0
1999-03-01,Copper,1378.0
1999-04-01,Copper,1466.0
1999-05-01,Copper,1511.0
1999-06-01,Copper,1422.0
1999-07-01,Copper,1640.0
1999-08-01,Copper,1648.0
1999-09-01,Copper,1750.0
1999-10-01,Copper,1724.0
1999-11-01,Copper,1728.0
1999-12-01,Copper,1765.0
2000-01-01,Copper,1844.0
2000-02-01,Copper,1801.0
2000-03-01,Copper,1739.0
2000-04-01,Copper,1679.0
2000-05-01,Copper,1786.0
2000-06-01,Copper,1753.0
2000-07-01,Copper,1799.0
2000-08-01,Copper,1856.0
2000-09-01,Copper,1960.0
2000-10-01,Copper,1899.0
2000-11-01,Copper,1795.0
2000-12-01,Copper,1851.0
2001-01-01,Copper,1788.0
2001-02-01,Copper,1766.0
2001-03-01,Copper,1739.0
2001-04-01,Copper,1664.0
2001-05-01,Copper,1682.0
2001-06-01,Copper,1608.0
2001-07-01,Copper,1525.0
2001-08-01,Copper,1464.0
2001-09-01,Copper,1426.0
2001-10-01,Copper,1377.0
2001-11-01,Copper,1428.0
2001-12-01,Copper,1472.0
2002-01-01,Copper,1504.0
2002-02-01,Copper,1562.0
2002-03-01,Copper,1605.0
2002-04-01,Copper,1590.0
2002-05-01,Copper,1596.0
2002-06-01,Copper,1648.0
2002-07-01,Copper,1589.0
2002-08-01,Copper,1480.0
2002-09-01,Copper,1479.0
2002-10-01,Copper,1484.0
2002-11-01,Copper,1582.0
2002-12-01,Copper,1596.0
2003-01-01,Copper,1648.0
2003-02-01,Copper,1684.0
2003-03-01,Copper,1659.0
2003-04-01,Copper,1587.0
2003-05-01,Copper,1648.0
2003-06-01,Copper,1687.0
2003-07-01,Copper,1710.0
2003-08-01,Copper,1760.0
2003-09-01,Copper,1790.0
2003-10-01,Copper,1921.0
2003-11-01,Copper,2055.0
2003-12-01,Copper,2201.0
2004-01-01,Copper,2424.0
2004-02-01,Copper,2760.0
2004-03-01,Copper,3009.0
2004-04-01,Copper,2949.0
2004-05-01,Copper,2734.0
2004-06-01,Copper,2687.0
2004-07-01,Copper,2808.0
2004-08-01,Copper,2846.0
2004-09-01,Copper,2895.0
2004-10-01,Copper,3012.0
2004-11-01,Copper,3123.0
2004-12-01,Copper,3145.0
2005-01-01,Copper,3170.0
2005-02-01,Copper,3254.0
2005-03-01,Copper,3379.0
2005-04-01,Copper,3394.0
2005-05-01,Copper,3249.0
2005-06-01,Copper,3524.0
2005-07-01,Copper,3614.0
2005-08-01,Copper,3798.0
2005-09-01,Copper,3858.0
2005-10-01,Copper,4060.0
2005-11-01,Copper,4269.0
2005-12-01,Copper,4577.0
2006-01-01,Copper,4734.0
2006-02-01,Copper,4982.0
2006-03-01,Copper,5103.0
2006-04-01,Copper,6388.0
2006-05-01,Copper,8046.0
2006-06-01,Copper,7198.0
2006-07-01,Copper,7712.0
2006-08-01,Copper,7696.0
2006-09-01,Copper,7602.0
2006-10-01,Copper,7500.0
2006-11-01,Copper,7029.0
2006-12-01,Copper,6675.0
2007-01-01,Copper,5670.0
2007-02-01,Copper,5676.0
2007-03-01,Copper,6452.0
2007-04-01,Copper,7766.0
2007-05-01,Copper,7681.0
2007-06-01,Copper,7474.0
2007-07-01,Copper,7973.0
2007-08-01,Copper,7514.0
2007-09-01,Copper,7649.0
2007-10-01,Copper,8008.0
2007-11-01,Copper,6967.0
2007-12-01,Copper,6588.0
2008-01-01,Copper,7061.0
2008-02-01,Copper,7888.0
2008-03-01,Copper,8439.0
2008-04-01,Copper,8685.0
2008-05-01,Copper,8383.0
2008-06-01,Copper,8261.0
2008-07-01,Copper,8414.0
2008-08-01,Copper,7635.0
2008-09-01,Copper,6991.0
2008-10-01,Copper,4926.0
2008-11-01,Copper,3717.0
2008-12-01,Copper,3072.0
2009-01-01,Copper,3221.0
2009-02-01,Copper,3315.0
2009-03-01,Copper,3750.0
2009-04-01,Copper,4407.0
2009-05-01,Copper,4569.0
2009-06-01,Copper,5014.0
2009-07-01,Copper,5216.0
2009-08-01,Copper,6165.0
2009-09-01,Copper,6196.0
2009-10-01,Copper,6288.0
2009-11-01,Copper,6676.0
2009-12-01,Copper,6982.0
2010-01-01,Copper,7386.0
2010-02-01,Copper,6848.0
2010-03-01,Copper,7463.0
2010-04-01,Copper,7745.0
2010-05-01,Copper,6838.0
2010-06-01,Copper,6499.0
2010-07-01,Copper,6735.0
2010-08-01,Copper,7284.0
2010-09-01,Copper,7709.0
2010-10-01,Copper,8292.0
2010-11-01,Copper,8470.0
2010-12-01,Copper,9147.0
2011-01-01,Copper,9556.0
2011-02-01,Copper,9868.0
2011-03-01,Copper,9503.0
2011-04-01,Copper,9493.0
2011-05-01,Copper,8960.0
2011-06-01,Copper,9067.0
2011-07-01,Copper,9650.0
2011-08-01,Copper,9001.0
2011-09-01,Copper,8300.0
2011-10-01,Copper,7394.0
2011-11-01,Copper,7581.0
2011-12-01,Copper,7565.0
2012-01-01,Copper,8040.0
2012-02-01,Copper,8441.0
2012-03-01,Copper,8471.0
2012-04-01,Copper,8289.0
2012-05-01,Copper,7956.0
2012-06-01,Copper,7423.0
2012-07-01,Copper,7584.0
2012-08-01,Copper,7516.0
2012-09-01,Copper,8088.0
2012-10-01,Copper,8062.0
2012-11-01,Copper,7711.0
2012-12-01,Copper,7966.0
2013-01-01,Copper,8047.0
2013-02-01,Copper,8061.0
2013-03-01,Copper,7646.0
2013-04-01,Copper,7234.0
2013-05-01,Copper,7249.0
2013-06-01,Copper,7000.0
2013-07-01,Copper,6907.0
2013-08-01,Copper,7193.0
2013-09-01,Copper,7159.0
2013-10-01,Copper,7203.0
2013-11-01,Copper,7071.0
2013-12-01,Copper,7215.0
2014-01-01,Copper,7291.0
2014-02-01,Copper,7149.0
2014-03-01,Copper,6650.0
2014-04-01,Copper,6674.0
2014-05-01,Copper,6891.0
2014-06-01,Copper,6821.0
2014-07-01,Copper,7113.0
2014-08-01,Copper,7002.0
2014-09-01,Copper,6872.0
2014-10-01,Copper,6737.0
2014-11-01,Copper,6713.0
2014-12-01,Copper,6446.0
2015-01-01,Copper,5831.0
2015-02-01,Copper,5729.0
2015-03-01,Copper,5940.0
2015-04-01,Copper,6042.0
2015-05-01,Copper,6295.0
2015-06-01,Copper,5833.0
2015-07-01,Copper,5457.0
2015-08-01,Copper,5127.0
2015-09-01,Copper,5217.0
2015-10-01,Copper,5216.0
2015-11-01,Copper,4800.0
2015-12-01,Copper,4639.0
2016-01-01,Copper,4472.0
2016-02-01,Copper,4599.0
2016-03-01,Copper,4954.0
2016-04-01,Copper,4873.0
2016-05-01,Copper,4695.0
2016-06-01,Copper,4642.0
2016-07-01,Copper,4865.0
2016-08-01,Copper,4752.0
2016-09-01,Copper,4722.0
2016-10-01,Copper,4731.0
2016-11-01,Copper,5451.0
2016-12-01,Copper,5660.0
2017-01-01,Copper,5755.0
2017-02-01,Copper,5941.0
2017-03-01,Copper,5825.0
2017-04-01,Copper,5684.0
2017-05-01,Copper,5600.0
2017-06-01,Copper,5720.0
2017-07-01,Copper,5985.0
2017-08-01,Copper,6486.0
2017-09-01,Copper,6577.0
2017-10-01,Copper,6808.0
2017-11-01,Copper,6827.0
2017-12-01,Copper,6834.0
2018-01-01,Copper,7066.0
2018-02-01,Copper,7007.0
2018-03-01,Copper,6799.0
2018-04-01,Copper,6852.0
2018-05-01,Copper,6825.0
2018-06-01,Copper,6966.0
2018-07-01,Copper,6251.0
2018-08-01,Copper,6051.0
2018-09-01,Copper,6051.0
2018-10-01,Copper,6220.0
2018-11-01,Copper,6196.0
2018-12-01,Copper,6075.0
2019-01-01,Copper,5939.0
2019-02-01,Copper,6300.0
2019-03-01,Copper,6439.0
2019-04-01,Copper,6438.0
2019-05-01,Copper,6018.0
2019-06-01,Copper,5882.0
2019-07-01,Copper,5941.0
2019-08-01,Copper,5709.0
2019-09-01,Copper,5759.0
2019-10-01,Copper,5757.0
2019-11-01,Copper,5860.0
2019-12-01,Copper,6077.0
2020-01-01,Copper,6031.0
2020-02-01,Copper,5688.0
2020-03-01,Copper,5183.0
2020-04-01,Copper,5058.0
2020-05-01,Copper,5240.0
2020-06-01,Copper,5755.0
2020-07-01,Copper,6372.0
2020-08-01,Copper,6499.0
2020-09-01,Copper,6705.0
2020-10-01,Copper,6714.0
2020-11-01,Copper,7069.0
2020-12-01,Copper,7772.0
2021-01-01,Copper,7972.0
2021-02-01,Copper,8471.0
2021-03-01,Copper,8988.0
2021-04-01,Copper,9325.0
2021-05-01,Copper,10162.0
2021-06-01,Copper,9632.0
2021-07-01,Copper,9451.0
2021-08-01,Copper,9370.0
2021-09-01,Copper,9325.0
2021-10-01,Copper,9829.0
2021-11-01,Copper,9729.0
2021-12-01,Copper,9551.0
2022-01-01,Copper,9782.0
2022-02-01,Copper,9943.0
2022-03-01,Copper,10231.0
2022-04-01,Copper,10161.0
2022-05-01,Copper,9377.0
2022-06-01,Copper,9024.0
2022-07-01,Copper,7545.0
2022-08-01,Copper,7982.0
2022-09-01,Copper,7746.0
2022-10-01,Copper,7651.0
2022-11-01,Copper,8050.0
2022-12-01,Copper,8375.0
2023-01-01,Copper,9038.0
2023-02-01,Copper,8937.0
2023-03-01,Copper,8856.0
2023-04-01,Copper,8809.0
2023-05-01,Copper,8217.0
2023-06-01,Copper,8397.0
2023-07-01,Copper,8477.0
2023-08-01,Copper,8349.0
2023-09-01,Copper,8277.0
2023-10-01,Copper,7937.0
2023-11-01,Copper,8190.0
2023-12-01,Copper,8400.0
2024-01-01,Copper,8339.0
2024-02-01,Copper,8305.0
2024-03-01,Copper,8689.0
2024-04-01,Copper,9464.0
2024-05-01,Copper,10139.0
2024-06-01,Copper,9648.0
2024-07-01,Copper,9385.0
2024-08-01,Copper,8972.0
2024-09-01,Copper,9237.0
2024-10-01,Copper,9534.0
2024-11-01,Copper,9076.0
2024-12-01,Copper,8916.0
2025-01-01,Copper,8991.0
2025-02-01,Copper,9331.0
2025-03-01,Copper,9740.0
2025-04-01,Copper,9177.0
2025-05-01,Copper,9533.0
2025-06-01,Copper,9835.0
2025-07-01,Copper,9771.0
2025-08-01,Copper,9670.0
2025-09-01,Copper,9984.0
2025-10-01,Copper,10740.0
2025-11-01,Copper,10812.0
2025-12-01,Copper,11785.0
2026-01-01,Copper,13012.0
2026-02-01,Copper,12951.0
2026-03-01,Copper,12529.0
2026-04-01,Copper,12951.0
2026-05-01,Copper,13543.0
2026-06-01,Copper,13552.0
2026-07-01,Copper,13543.0
1960-01-01,Aluminum,511.0
1960-02-01,Aluminum,511.0
1960-03-01,Aluminum,511.0
1960-04-01,Aluminum,511.0
1960-05-01,Aluminum,511.0
1960-06-01,Aluminum,511.0
1960-07-01,Aluminum,511.0
1960-08-01,Aluminum,511.0
1960-09-01,Aluminum,511.0
1960-10-01,Aluminum,511.0
1960-11-01,Aluminum,511.0
1960-12-01,Aluminum,511.0
1961-01-01,Aluminum,511.0
1961-02-01,Aluminum,511.0
1961-03-01,Aluminum,511.0
1961-04-01,Aluminum,511.0
1961-05-01,Aluminum,511.0
1961-06-01,Aluminum,511.0
1961-07-01,Aluminum,511.0
1961-08-01,Aluminum,511.0
1961-09-01,Aluminum,511.0
1961-10-01,Aluminum,511.0
1961-11-01,Aluminum,511.0
1961-12-01,Aluminum,511.0
1962-01-01,Aluminum,511.0
1962-02-01,Aluminum,505.0
1962-03-01,Aluminum,496.0
1962-04-01,Aluminum,496.0
1962-05-01,Aluminum,496.0
1962-06-01,Aluminum,496.0
1962-07-01,Aluminum,496.0
1962-08-01,Aluminum,496.0
1962-09-01,Aluminum,496.0
1962-10-01,Aluminum,496.0
1962-11-01,Aluminum,496.0
1962-12-01,Aluminum,496.0
1963-01-01,Aluminum,496.0
1963-02-01,Aluminum,496.0
1963-03-01,Aluminum,496.0
1963-04-01,Aluminum,496.0
1963-05-01,Aluminum,496.0
1963-06-01,Aluminum,496.0
1963-07-01,Aluminum,496.0
1963-08-01,Aluminum,496.0
1963-09-01,Aluminum,496.0
1963-10-01,Aluminum,507.0
1963-11-01,Aluminum,507.0
1963-12-01,Aluminum,507.0
1964-01-01,Aluminum,507.0
1964-02-01,Aluminum,507.0
1964-03-01,Aluminum,525.0
1964-04-01,Aluminum,529.0
1964-05-01,Aluminum,529.0
1964-06-01,Aluminum,529.0
1964-07-01,Aluminum,529.0
1964-08-01,Aluminum,529.0
1964-09-01,Aluminum,529.0
1964-10-01,Aluminum,529.0
1964-11-01,Aluminum,529.0
1964-12-01,Aluminum,540.0
1965-01-01,Aluminum,540.0
1965-02-01,Aluminum,540.0
1965-03-01,Aluminum,540.0
1965-04-01,Aluminum,540.0
1965-05-01,Aluminum,540.0
1965-06-01,Aluminum,540.0
1965-07-01,Aluminum,540.0
1965-08-01,Aluminum,540.0
1965-09-01,Aluminum,540.0
1965-10-01,Aluminum,540.0
1965-11-01,Aluminum,540.0
1965-12-01,Aluminum,540.0
1966-01-01,Aluminum,540.0
1966-02-01,Aluminum,540.0
1966-03-01,Aluminum,540.0
1966-04-01,Aluminum,540.0
1966-05-01,Aluminum,540.0
1966-06-01,Aluminum,540.0
1966-07-01,Aluminum,540.0
1966-08-01,Aluminum,540.0
1966-09-01,Aluminum,540.0
1966-10-01,Aluminum,540.0
1966-11-01,Aluminum,540.0
1966-12-01,Aluminum,540.0
1967-01-01,Aluminum,540.0
1967-02-01,Aluminum,540.0
1967-03-01,Aluminum,540.0
1967-04-01,Aluminum,540.0
1967-05-01,Aluminum,540.0
1967-06-01,Aluminum,540.0
1967-07-01,Aluminum,540.0
1967-08-01,Aluminum,540.0
1967-09-01,Aluminum,540.0
1967-10-01,Aluminum,540.0
1967-11-01,Aluminum,540.0
1967-12-01,Aluminum,540.0
1968-01-01,Aluminum,540.0
1968-02-01,Aluminum,540.0
1968-03-01,Aluminum,540.0
1968-04-01,Aluminum,540.0
1968-05-01,Aluminum,540.0
1968-06-01,Aluminum,562.0
1968-07-01,Aluminum,562.0
1968-08-01,Aluminum,562.0
1968-09-01,Aluminum,562.0
1968-10-01,Aluminum,562.0
1968-11-01,Aluminum,562.0
1968-12-01,Aluminum,562.0
1969-01-01,Aluminum,573.0
1969-02-01,Aluminum,584.0
1969-03-01,Aluminum,584.0
1969-04-01,Aluminum,584.0
1969-05-01,Aluminum,584.0
1969-06-01,Aluminum,584.0
1969-07-01,Aluminum,584.0
1969-08-01,Aluminum,584.0
1969-09-01,Aluminum,584.0
1969-10-01,Aluminum,602.0
1969-11-01,Aluminum,606.0
1969-12-01,Aluminum,606.0
1970-01-01,Aluminum,606.0
1970-02-01,Aluminum,606.0
1970-03-01,Aluminum,606.0
1970-04-01,Aluminum,613.0
1970-05-01,Aluminum,617.0
1970-06-01,Aluminum,617.0
1970-07-01,Aluminum,617.0
1970-08-01,Aluminum,617.0
1970-09-01,Aluminum,617.0
1970-10-01,Aluminum,617.0
1970-11-01,Aluminum,617.0
1970-12-01,Aluminum,617.0
1971-01-01,Aluminum,617.0
1971-02-01,Aluminum,617.0
1971-03-01,Aluminum,617.0
1971-04-01,Aluminum,617.0
1971-05-01,Aluminum,617.0
1971-06-01,Aluminum,617.0
1971-07-01,Aluminum,617.0
1971-08-01,Aluminum,628.0
1971-09-01,Aluminum,639.0
1971-10-01,Aluminum,639.0
1971-11-01,Aluminum,642.0
1971-12-01,Aluminum,666.0
1972-01-01,Aluminum,670.0
1972-02-01,Aluminum,670.0
1972-03-01,Aluminum,670.0
1972-04-01,Aluminum,670.0
1972-05-01,Aluminum,600.0
1972-06-01,Aluminum,567.0
1972-07-01,Aluminum,538.0
1972-08-01,Aluminum,540.0
1972-09-01,Aluminum,538.0
1972-10-01,Aluminum,538.0
1972-11-01,Aluminum,540.0
1972-12-01,Aluminum,540.0
1973-01-01,Aluminum,542.0
1973-02-01,Aluminum,558.0
1973-03-01,Aluminum,571.0
1973-04-01,Aluminum,571.0
1973-05-01,Aluminum,582.0
1973-06-01,Aluminum,602.0
1973-07-01,Aluminum,635.0
1973-08-01,Aluminum,619.0
1973-09-01,Aluminum,604.0
1973-10-01,Aluminum,622.0
1973-11-01,Aluminum,650.0
1973-12-01,Aluminum,633.0
1974-01-01,Aluminum,604.0
1974-02-01,Aluminum,619.0
1974-03-01,Aluminum,688.0
1974-04-01,Aluminum,752.0
1974-05-01,Aluminum,765.0
1974-06-01,Aluminum,756.0
1974-07-01,Aluminum,761.0
1974-08-01,Aluminum,849.0
1974-09-01,Aluminum,838.0
1974-10-01,Aluminum,844.0
1974-11-01,Aluminum,842.0
1974-12-01,Aluminum,860.0
1975-01-01,Aluminum,895.0
1975-02-01,Aluminum,908.0
1975-03-01,Aluminum,917.0
1975-04-01,Aluminum,897.0
1975-05-01,Aluminum,904.0
1975-06-01,Aluminum,904.0
1975-07-01,Aluminum,864.0
1975-08-01,Aluminum,838.0
1975-09-01,Aluminum,827.0
1975-10-01,Aluminum,816.0
1975-11-01,Aluminum,814.0
1975-12-01,Aluminum,838.0
1976-01-01,Aluminum,853.0
1976-02-01,Aluminum,851.0
1976-03-01,Aluminum,816.0
1976-04-01,Aluminum,820.0
1976-05-01,Aluminum,825.0
1976-06-01,Aluminum,805.0
1976-07-01,Aluminum,904.0
1976-08-01,Aluminum,939.0
1976-09-01,Aluminum,996.0
1976-10-01,Aluminum,948.0
1976-11-01,Aluminum,948.0
1976-12-01,Aluminum,974.0
1977-01-01,Aluminum,1058.0
1977-02-01,Aluminum,1078.0
1977-03-01,Aluminum,1082.0
1977-04-01,Aluminum,1082.0
1977-05-01,Aluminum,1082.0
1977-06-01,Aluminum,1102.0
1977-07-01,Aluminum,1171.0
1977-08-01,Aluminum,1184.0
1977-09-01,Aluminum,1184.0
1977-10-01,Aluminum,1204.0
1977-11-01,Aluminum,1237.0
1977-12-01,Aluminum,1261.0
1978-01-01,Aluminum,1316.0
1978-02-01,Aluminum,1321.0
1978-03-01,Aluminum,1299.0
1978-04-01,Aluminum,1259.0
1978-05-01,Aluminum,1237.0
1978-06-01,Aluminum,1248.0
1978-07-01,Aluminum,1290.0
1978-08-01,Aluminum,1321.0
1978-09-01,Aluminum,1382.0
1978-10-01,Aluminum,1425.0
1978-11-01,Aluminum,1394.0
1978-12-01,Aluminum,1409.0
1979-01-01,Aluminum,1265.0
1979-02-01,Aluminum,1442.0
1979-03-01,Aluminum,1542.0
1979-04-01,Aluminum,1569.0
1979-05-01,Aluminum,1576.0
1979-06-01,Aluminum,1597.0
1979-07-01,Aluminum,1534.0
1979-08-01,Aluminum,1562.0
1979-09-01,Aluminum,1616.0
1979-10-01,Aluminum,1786.0
1979-11-01,Aluminum,1833.0
1979-12-01,Aluminum,1913.0
1980-01-01,Aluminum,2055.0
1980-02-01,Aluminum,2131.0
1980-03-01,Aluminum,1978.0
1980-04-01,Aluminum,1932.0
1980-05-01,Aluminum,1776.0
1980-06-01,Aluminum,1669.0
1980-07-01,Aluminum,1758.0
1980-08-01,Aluminum,1784.0
1980-09-01,Aluminum,1655.0
1980-10-01,Aluminum,1626.0
1980-11-01,Aluminum,1504.0
1980-12-01,Aluminum,1431.0
1981-01-01,Aluminum,1431.0
1981-02-01,Aluminum,1452.0
1981-03-01,Aluminum,1443.0
1981-04-01,Aluminum,1369.0
1981-05-01,Aluminum,1297.0
1981-06-01,Aluminum,1232.0
1981-07-01,Aluminum,1175.0
1981-08-01,Aluminum,1231.0
1981-09-01,Aluminum,1169.0
1981-10-01,Aluminum,1140.0
1981-11-01,Aluminum,1082.0
1981-12-01,Aluminum,1131.0
1982-01-01,Aluminum,1113.0
1982-02-01,Aluminum,1088.0
1982-03-01,Aluminum,1029.0
1982-04-01,Aluminum,996.0
1982-05-01,Aluminum,973.0
1982-06-01,Aluminum,919.0
1982-07-01,Aluminum,958.0
1982-08-01,Aluminum,959.0
1982-09-01,Aluminum,960.0
1982-10-01,Aluminum,952.0
1982-11-01,Aluminum,965.0
1982-12-01,Aluminum,987.0
1983-01-01,Aluminum,1077.0
1983-02-01,Aluminum,1230.0
1983-03-01,Aluminum,1302.0
1983-04-01,Aluminum,1364.0
1983-05-01,Aluminum,1453.0
1983-06-01,Aluminum,1466.0
1983-07-01,Aluminum,1520.0
1983-08-01,Aluminum,1604.0
1983-09-01,Aluminum,1614.0
1983-10-01,Aluminum,1566.0
1983-11-01,Aluminum,1517.0
1983-12-01,Aluminum,1549.0
1984-01-01,Aluminum,1549.0
1984-02-01,Aluminum,1491.0
1984-03-01,Aluminum,1456.0
1984-04-01,Aluminum,1370.0
1984-05-01,Aluminum,1289.0
1984-06-01,Aluminum,1275.0
1984-07-01,Aluminum,1163.0
1984-08-01,Aluminum,1136.0
1984-09-01,Aluminum,1012.0
1984-10-01,Aluminum,1028.0
1984-11-01,Aluminum,1152.0
1984-12-01,Aluminum,1095.0
1985-01-01,Aluminum,1075.0
1985-02-01,Aluminum,1098.0
1985-03-01,Aluminum,1095.0
1985-04-01,Aluminum,1106.0
1985-05-01,Aluminum,1105.0
1985-06-01,Aluminum,1032.0
1985-07-01,Aluminum,1012.0
1985-08-01,Aluminum,1019.0
1985-09-01,Aluminum,985.0
1985-10-01,Aluminum,971.0
1985-11-01,Aluminum,950.0
1985-12-01,Aluminum,1039.0
1986-01-01,Aluminum,1119.0
1986-02-01,Aluminum,1115.0
1986-03-01,Aluminum,1168.0
1986-04-01,Aluminum,1164.0
1986-05-01,Aluminum,1164.0
1986-06-01,Aluminum,1183.0
1986-07-01,Aluminum,1123.0
1986-08-01,Aluminum,1129.0
1986-09-01,Aluminum,1206.0
1986-10-01,Aluminum,1162.0
1986-11-01,Aluminum,1132.0
1986-12-01,Aluminum,1133.0
1987-01-01,Aluminum,1171.0
1987-02-01,Aluminum,1283.0
1987-03-01,Aluminum,1367.0
1987-04-01,Aluminum,1401.0
1987-05-01,Aluminum,1412.0
1987-06-01,Aluminum,1472.0
1987-07-01,Aluminum,1653.0
1987-08-01,Aluminum,1810.0
1987-09-01,Aluminum,1746.0
1987-10-01,Aluminum,1963.0
1987-11-01,Aluminum,1681.0
1987-12-01,Aluminum,1824.0
1988-01-01,Aluminum,2002.0
1988-02-01,Aluminum,2138.0
1988-03-01,Aluminum,2526.0
1988-04-01,Aluminum,2508.0
1988-05-01,Aluminum,2988.0
1988-06-01,Aluminum,3578.0
1988-07-01,Aluminum,2582.0
1988-08-01,Aluminum,2701.0
1988-09-01,Aluminum,2387.0
1988-10-01,Aluminum,2309.0
1988-11-01,Aluminum,2382.0
1988-12-01,Aluminum,2503.0
1989-01-01,Aluminum,2398.0
1989-02-01,Aluminum,2183.0
1989-03-01,Aluminum,2074.0
1989-04-01,Aluminum,2126.0
1989-05-01,Aluminum,2259.0
1989-06-01,Aluminum,1914.0
1989-07-01,Aluminum,1756.0
1989-08-01,Aluminum,1798.0
1989-09-01,Aluminum,1718.0
1989-10-01,Aluminum,1820.0
1989-11-01,Aluminum,1736.0
1989-12-01,Aluminum,1633.0
1990-01-01,Aluminum,1528.0
1990-02-01,Aluminum,1454.0
1990-03-01,Aluminum,1567.0
1990-04-01,Aluminum,1526.0
1990-05-01,Aluminum,1527.0
1990-06-01,Aluminum,1566.0
1990-07-01,Aluminum,1571.0
1990-08-01,Aluminum,1782.0
1990-09-01,Aluminum,2067.0
1990-10-01,Aluminum,1946.0
1990-11-01,Aluminum,1618.0
1990-12-01,Aluminum,1522.0
1991-01-01,Aluminum,1515.0
1991-02-01,Aluminum,1505.0
1991-03-01,Aluminum,1496.0
1991-04-01,Aluminum,1392.0
1991-05-01,Aluminum,1296.0
1991-06-01,Aluminum,1275.0
1991-07-01,Aluminum,1297.0
1991-08-01,Aluminum,1256.0
1991-09-01,Aluminum,1212.0
1991-10-01,Aluminum,1150.0
1991-11-01,Aluminum,1135.0
1991-12-01,Aluminum,1098.0
1992-01-01,Aluminum,1177.0
1992-02-01,Aluminum,1267.0
1992-03-01,Aluminum,1280.0
1992-04-01,Aluminum,1317.0
1992-05-01,Aluminum,1307.0
1992-06-01,Aluminum,1276.0
1992-07-01,Aluminum,1313.0
1992-08-01,Aluminum,1305.0
1992-09-01,Aluminum,1270.0
1992-10-01,Aluminum,1174.0
1992-11-01,Aluminum,1159.0
1992-12-01,Aluminum,1207.0
1993-01-01,Aluminum,1207.0
1993-02-01,Aluminum,1202.0
1993-03-01,Aluminum,1151.0
1993-04-01,Aluminum,1109.0
1993-05-01,Aluminum,1124.0
1993-06-01,Aluminum,1165.0
1993-07-01,Aluminum,1202.0
1993-08-01,Aluminum,1172.0
1993-09-01,Aluminum,1115.0
1993-10-01,Aluminum,1087.0
1993-11-01,Aluminum,1040.0
1993-12-01,Aluminum,1094.0
1994-01-01,Aluminum,1175.0
1994-02-01,Aluminum,1270.0
1994-03-01,Aluminum,1289.0
1994-04-01,Aluminum,1279.0
1994-05-01,Aluminum,1323.0
1994-06-01,Aluminum,1401.0
1994-07-01,Aluminum,1492.0
1994-08-01,Aluminum,1455.0
1994-09-01,Aluminum,1569.0
1994-10-01,Aluminum,1698.0
1994-11-01,Aluminum,1893.0
1994-12-01,Aluminum,1878.0
1995-01-01,Aluminum,2061.0
1995-02-01,Aluminum,1916.0
1995-03-01,Aluminum,1805.0
1995-04-01,Aluminum,1849.0
1995-05-01,Aluminum,1763.0
1995-06-01,Aluminum,1780.0
1995-07-01,Aluminum,1860.0
1995-08-01,Aluminum,1888.0
1995-09-01,Aluminum,1761.0
1995-10-01,Aluminum,1674.0
1995-11-01,Aluminum,1654.0
1995-12-01,Aluminum,1657.0
1996-01-01,Aluminum,1589.0
1996-02-01,Aluminum,1592.0
1996-03-01,Aluminum,1612.0
1996-04-01,Aluminum,1587.0
1996-05-01,Aluminum,1589.0
1996-06-01,Aluminum,1482.0
1996-07-01,Aluminum,1459.0
1996-08-01,Aluminum,1463.0
1996-09-01,Aluminum,1407.0
1996-10-01,Aluminum,1336.0
1996-11-01,Aluminum,1450.0
1996-12-01,Aluminum,1500.0
1997-01-01,Aluminum,1576.0
1997-02-01,Aluminum,1580.0
1997-03-01,Aluminum,1632.0
1997-04-01,Aluminum,1561.0
1997-05-01,Aluminum,1625.0
1997-06-01,Aluminum,1568.0
1997-07-01,Aluminum,1592.0
1997-08-01,Aluminum,1711.0
1997-09-01,Aluminum,1611.0
1997-10-01,Aluminum,1608.0
1997-11-01,Aluminum,1599.0
1997-12-01,Aluminum,1531.0
1998-01-01,Aluminum,1486.0
1998-02-01,Aluminum,1466.0
1998-03-01,Aluminum,1438.0
1998-04-01,Aluminum,1418.0
1998-05-01,Aluminum,1365.0
1998-06-01,Aluminum,1307.0
1998-07-01,Aluminum,1309.0
1998-08-01,Aluminum,1311.0
1998-09-01,Aluminum,1342.0
1998-10-01,Aluminum,1304.0
1998-11-01,Aluminum,1295.0
1998-12-01,Aluminum,1249.0
1999-01-01,Aluminum,1218.0
1999-02-01,Aluminum,1187.0
1999-03-01,Aluminum,1182.0
1999-04-01,Aluminum,1278.0
1999-05-01,Aluminum,1323.0
1999-06-01,Aluminum,1315.0
1999-07-01,Aluminum,1404.0
1999-08-01,Aluminum,1431.0
1999-09-01,Aluminum,1492.0
1999-10-01,Aluminum,1474.0
1999-11-01,Aluminum,1473.0
1999-12-01,Aluminum,1554.0
2000-01-01,Aluminum,1680.0
2000-02-01,Aluminum,1670.0
2000-03-01,Aluminum,1577.0
2000-04-01,Aluminum,1457.0
2000-05-01,Aluminum,1467.0
2000-06-01,Aluminum,1506.0
2000-07-01,Aluminum,1564.0
2000-08-01,Aluminum,1528.0
2000-09-01,Aluminum,1601.0
2000-10-01,Aluminum,1500.0
2000-11-01,Aluminum,1474.0
2000-12-01,Aluminum,1565.0
2001-01-01,Aluminum,1616.0
2001-02-01,Aluminum,1604.0
2001-03-01,Aluminum,1509.0
2001-04-01,Aluminum,1497.0
2001-05-01,Aluminum,1539.0
2001-06-01,Aluminum,1466.0
2001-07-01,Aluminum,1416.0
2001-08-01,Aluminum,1377.0
2001-09-01,Aluminum,1345.0
2001-10-01,Aluminum,1283.0
2001-11-01,Aluminum,1327.0
2001-12-01,Aluminum,1345.0
2002-01-01,Aluminum,1369.0
2002-02-01,Aluminum,1369.0
2002-03-01,Aluminum,1405.0
2002-04-01,Aluminum,1370.0
2002-05-01,Aluminum,1343.0
2002-06-01,Aluminum,1354.0
2002-07-01,Aluminum,1338.0
2002-08-01,Aluminum,1292.0
2002-09-01,Aluminum,1301.0
2002-10-01,Aluminum,1311.0
2002-11-01,Aluminum,1372.0
2002-12-01,Aluminum,1375.0
2003-01-01,Aluminum,1378.0
2003-02-01,Aluminum,1422.0
2003-03-01,Aluminum,1389.0
2003-04-01,Aluminum,1332.0
2003-05-01,Aluminum,1398.0
2003-06-01,Aluminum,1410.0
2003-07-01,Aluminum,1436.0
2003-08-01,Aluminum,1456.0
2003-09-01,Aluminum,1416.0
2003-10-01,Aluminum,1474.0
2003-11-01,Aluminum,1508.0
2003-12-01,Aluminum,1555.0
2004-01-01,Aluminum,1606.0
2004-02-01,Aluminum,1686.0
2004-03-01,Aluminum,1656.0
2004-04-01,Aluminum,1730.0
2004-05-01,Aluminum,1623.0
2004-06-01,Aluminum,1678.0
2004-07-01,Aluminum,1709.0
2004-08-01,Aluminum,1692.0
2004-09-01,Aluminum,1724.0
2004-10-01,Aluminum,1820.0
2004-11-01,Aluminum,1814.0
2004-12-01,Aluminum,1849.0
2005-01-01,Aluminum,1834.0
2005-02-01,Aluminum,1883.0
2005-03-01,Aluminum,1980.0
2005-04-01,Aluminum,1894.0
2005-05-01,Aluminum,1744.0
2005-06-01,Aluminum,1731.0
2005-07-01,Aluminum,1779.0
2005-08-01,Aluminum,1868.0
2005-09-01,Aluminum,1840.0
2005-10-01,Aluminum,1929.0
2005-11-01,Aluminum,2051.0
2005-12-01,Aluminum,2247.0
2006-01-01,Aluminum,2378.0
2006-02-01,Aluminum,2455.0
2006-03-01,Aluminum,2429.0
2006-04-01,Aluminum,2621.0
2006-05-01,Aluminum,2861.0
2006-06-01,Aluminum,2477.0
2006-07-01,Aluminum,2513.0
2006-08-01,Aluminum,2460.0
2006-09-01,Aluminum,2473.0
2006-10-01,Aluminum,2655.0
2006-11-01,Aluminum,2703.0
2006-12-01,Aluminum,2814.0
2007-01-01,Aluminum,2809.0
2007-02-01,Aluminum,2832.0
2007-03-01,Aluminum,2762.0
2007-04-01,Aluminum,2815.0
2007-05-01,Aluminum,2793.0
2007-06-01,Aluminum,2677.0
2007-07-01,Aluminum,2732.0
2007-08-01,Aluminum,2516.0
2007-09-01,Aluminum,2391.0
2007-10-01,Aluminum,2442.0
2007-11-01,Aluminum,2507.0
2007-12-01,Aluminum,2382.0
2008-01-01,Aluminum,2446.0
2008-02-01,Aluminum,2777.0
2008-03-01,Aluminum,3005.0
2008-04-01,Aluminum,2959.0
2008-05-01,Aluminum,2903.0
2008-06-01,Aluminum,2958.0
2008-07-01,Aluminum,3071.0
2008-08-01,Aluminum,2764.0
2008-09-01,Aluminum,2526.0
2008-10-01,Aluminum,2121.0
2008-11-01,Aluminum,1852.0
2008-12-01,Aluminum,1490.0
2009-01-01,Aluminum,1413.0
2009-02-01,Aluminum,1330.0
2009-03-01,Aluminum,1336.0
2009-04-01,Aluminum,1421.0
2009-05-01,Aluminum,1460.0
2009-06-01,Aluminum,1574.0
2009-07-01,Aluminum,1668.0
2009-08-01,Aluminum,1934.0
2009-09-01,Aluminum,1834.0
2009-10-01,Aluminum,1879.0
2009-11-01,Aluminum,1949.0
2009-12-01,Aluminum,2180.0
2010-01-01,Aluminum,2235.0
2010-02-01,Aluminum,2049.0
2010-03-01,Aluminum,2206.0
2010-04-01,Aluminum,2317.0
2010-05-01,Aluminum,2041.0
2010-06-01,Aluminum,1931.0
2010-07-01,Aluminum,1988.0
2010-08-01,Aluminum,2118.0
2010-09-01,Aluminum,2162.0
2010-10-01,Aluminum,2347.0
2010-11-01,Aluminum,2333.0
2010-12-01,Aluminum,2351.0
2011-01-01,Aluminum,2440.0
2011-02-01,Aluminum,2508.0
2011-03-01,Aluminum,2556.0
2011-04-01,Aluminum,2678.0
2011-05-01,Aluminum,2596.0
2011-06-01,Aluminum,2558.0
2011-07-01,Aluminum,2525.0
2011-08-01,Aluminum,2379.0
2011-09-01,Aluminum,2293.0
2011-10-01,Aluminum,2181.0
2011-11-01,Aluminum,2080.0
2011-12-01,Aluminum,2022.0
2012-01-01,Aluminum,2144.0
2012-02-01,Aluminum,2208.0
2012-03-01,Aluminum,2184.0
2012-04-01,Aluminum,2050.0
2012-05-01,Aluminum,2008.0
2012-06-01,Aluminum,1890.0
2012-07-01,Aluminum,1876.0
2012-08-01,Aluminum,1845.0
2012-09-01,Aluminum,2064.0
2012-10-01,Aluminum,1974.0
2012-11-01,Aluminum,1949.0
2012-12-01,Aluminum,2087.0
2013-01-01,Aluminum,2038.0
2013-02-01,Aluminum,2054.0
2013-03-01,Aluminum,1910.0
2013-04-01,Aluminum,1862.0
2013-05-01,Aluminum,1832.0
2013-06-01,Aluminum,1815.0
2013-07-01,Aluminum,1770.0
2013-08-01,Aluminum,1818.0
2013-09-01,Aluminum,1761.0
2013-10-01,Aluminum,1815.0
2013-11-01,Aluminum,1748.0
2013-12-01,Aluminum,1740.0
2014-01-01,Aluminum,1727.0
2014-02-01,Aluminum,1695.0
2014-03-01,Aluminum,1705.0
2014-04-01,Aluminum,1811.0
2014-05-01,Aluminum,1751.0
2014-06-01,Aluminum,1839.0
2014-07-01,Aluminum,1948.0
2014-08-01,Aluminum,2030.0
2014-09-01,Aluminum,1990.0
2014-10-01,Aluminum,1946.0
2014-11-01,Aluminum,2056.0
2014-12-01,Aluminum,1909.0
2015-01-01,Aluminum,1815.0
2015-02-01,Aluminum,1818.0
2015-03-01,Aluminum,1774.0
2015-04-01,Aluminum,1819.0
2015-05-01,Aluminum,1804.0
2015-06-01,Aluminum,1688.0
2015-07-01,Aluminum,1640.0
2015-08-01,Aluminum,1548.0
2015-09-01,Aluminum,1590.0
2015-10-01,Aluminum,1516.0
2015-11-01,Aluminum,1468.0
2015-12-01,Aluminum,1497.0
2016-01-01,Aluminum,1481.0
2016-02-01,Aluminum,1531.0
2016-03-01,Aluminum,1531.0
2016-04-01,Aluminum,1571.0
2016-05-01,Aluminum,1551.0
2016-06-01,Aluminum,1594.0
2016-07-01,Aluminum,1629.0
2016-08-01,Aluminum,1639.0
2016-09-01,Aluminum,1592.0
2016-10-01,Aluminum,1666.0
2016-11-01,Aluminum,1737.0
2016-12-01,Aluminum,1728.0
2017-01-01,Aluminum,1791.0
2017-02-01,Aluminum,1861.0
2017-03-01,Aluminum,1901.0
2017-04-01,Aluminum,1921.0
2017-05-01,Aluminum,1913.0
2017-06-01,Aluminum,1885.0
2017-07-01,Aluminum,1903.0
2017-08-01,Aluminum,2030.0
2017-09-01,Aluminum,2096.0
2017-10-01,Aluminum,2131.0
2017-11-01,Aluminum,2097.0
2017-12-01,Aluminum,2080.0
2018-01-01,Aluminum,2210.0
2018-02-01,Aluminum,2182.0
2018-03-01,Aluminum,2069.0
2018-04-01,Aluminum,2255.0
2018-05-01,Aluminum,2300.0
2018-06-01,Aluminum,2238.0
2018-07-01,Aluminum,2082.0
2018-08-01,Aluminum,2052.0
2018-09-01,Aluminum,2026.0
2018-10-01,Aluminum,2030.0
2018-11-01,Aluminum,1939.0
2018-12-01,Aluminum,1920.0
2019-01-01,Aluminum,1854.0
2019-02-01,Aluminum,1863.0
2019-03-01,Aluminum,1871.0
2019-04-01,Aluminum,1845.0
2019-05-01,Aluminum,1781.0
2019-06-01,Aluminum,1756.0
2019-07-01,Aluminum,1797.0
2019-08-01,Aluminum,1741.0
2019-09-01,Aluminum,1754.0
2019-10-01,Aluminum,1726.0
2019-11-01,Aluminum,1775.0
2019-12-01,Aluminum,1771.0
2020-01-01,Aluminum,1773.0
2020-02-01,Aluminum,1688.0
2020-03-01,Aluminum,1611.0
2020-04-01,Aluminum,1460.0
2020-05-01,Aluminum,1466.0
2020-06-01,Aluminum,1569.0
2020-07-01,Aluminum,1644.0
2020-08-01,Aluminum,1737.0
2020-09-01,Aluminum,1744.0
2020-10-01,Aluminum,1806.0
2020-11-01,Aluminum,1935.0
2020-12-01,Aluminum,2015.0
2021-01-01,Aluminum,2004.0
2021-02-01,Aluminum,2079.0
2021-03-01,Aluminum,2190.0
2021-04-01,Aluminum,2319.0
2021-05-01,Aluminum,2434.0
2021-06-01,Aluminum,2447.0
2021-07-01,Aluminum,2498.0
2021-08-01,Aluminum,2603.0
2021-09-01,Aluminum,2835.0
2021-10-01,Aluminum,2934.0
2021-11-01,Aluminum,2636.0
2021-12-01,Aluminum,2696.0
2022-01-01,Aluminum,3006.0
2022-02-01,Aluminum,3246.0
2022-03-01,Aluminum,3498.0
2022-04-01,Aluminum,3244.0
2022-05-01,Aluminum,2830.0
2022-06-01,Aluminum,2563.0
2022-07-01,Aluminum,2408.0
2022-08-01,Aluminum,2431.0
2022-09-01,Aluminum,2225.0
2022-10-01,Aluminum,2256.0
2022-11-01,Aluminum,2351.0
2022-12-01,Aluminum,2402.0
2023-01-01,Aluminum,2502.0
2023-02-01,Aluminum,2416.0
2023-03-01,Aluminum,2296.0
2023-04-01,Aluminum,2343.0
2023-05-01,Aluminum,2269.0
2023-06-01,Aluminum,2185.0
2023-07-01,Aluminum,2160.0
2023-08-01,Aluminum,2137.0
2023-09-01,Aluminum,2185.0
2023-10-01,Aluminum,2192.0
2023-11-01,Aluminum,2202.0
2023-12-01,Aluminum,2182.0
2024-01-01,Aluminum,2193.0
2024-02-01,Aluminum,2179.0
2024-03-01,Aluminum,2226.0
2024-04-01,Aluminum,2506.0
2024-05-01,Aluminum,2565.0
2024-06-01,Aluminum,2498.0
2024-07-01,Aluminum,2349.0
2024-08-01,Aluminum,2344.0
2024-09-01,Aluminum,2450.0
2024-10-01,Aluminum,2596.0
2024-11-01,Aluminum,2582.0
2024-12-01,Aluminum,2541.0
2025-01-01,Aluminum,2573.0
2025-02-01,Aluminum,2658.0
2025-03-01,Aluminum,2658.0
2025-04-01,Aluminum,2372.0
2025-05-01,Aluminum,2449.0
2025-06-01,Aluminum,2526.0
2025-07-01,Aluminum,2606.0
2025-08-01,Aluminum,2597.0
2025-09-01,Aluminum,2653.0
2025-10-01,Aluminum,2793.0
2025-11-01,Aluminum,2819.0
2025-12-01,Aluminum,2876.0
2026-01-01,Aluminum,3142.0
2026-02-01,Aluminum,3065.0
2026-03-01,Aluminum,3373.0
2026-04-01,Aluminum,3600.0
2026-05-01,Aluminum,3666.0
2026-06-01,Aluminum,3439.0
2026-07-01,Aluminum,3161.0
1960-01-01,Nickel,1631.0
1960-02-01,Nickel,1631.0
1960-03-01,Nickel,1631.0
1960-04-01,Nickel,1631.0
1960-05-01,Nickel,1631.0
1960-06-01,Nickel,1631.0
1960-07-01,Nickel,1631.0
1960-08-01,Nickel,1631.0
1960-09-01,Nickel,1631.0
1960-10-01,Nickel,1631.0
1960-11-01,Nickel,1631.0
1960-12-01,Nickel,1631.0
1961-01-01,Nickel,1711.0
1961-02-01,Nickel,1711.0
1961-03-01,Nickel,1711.0
1961-04-01,Nickel,1711.0
1961-05-01,Nickel,1711.0
1961-06-01,Nickel,1711.0
1961-07-01,Nickel,1711.0
1961-08-01,Nickel,1711.0
1961-09-01,Nickel,1711.0
1961-10-01,Nickel,1711.0
1961-11-01,Nickel,1711.0
1961-12-01,Nickel,1711.0
1962-01-01,Nickel,1761.0
1962-02-01,Nickel,1761.0
1962-03-01,Nickel,1761.0
1962-04-01,Nickel,1761.0
1962-05-01,Nickel,1761.0
1962-06-01,Nickel,1761.0
1962-07-01,Nickel,1761.0
1962-08-01,Nickel,1761.0
1962-09-01,Nickel,1761.0
1962-10-01,Nickel,1761.0
1962-11-01,Nickel,1761.0
1962-12-01,Nickel,1761.0
1963-01-01,Nickel,1741.0
1963-02-01,Nickel,1742.0
1963-03-01,Nickel,1742.0
1963-04-01,Nickel,1741.0
1963-05-01,Nickel,1742.0
1963-06-01,Nickel,1742.0
1963-07-01,Nickel,1741.0
1963-08-01,Nickel,1742.0
1963-09-01,Nickel,1742.0
1963-10-01,Nickel,1741.0
1963-11-01,Nickel,1742.0
1963-12-01,Nickel,1742.0
1964-01-01,Nickel,1741.0
1964-02-01,Nickel,1742.0
1964-03-01,Nickel,1742.0
1964-04-01,Nickel,1741.0
1964-05-01,Nickel,1742.0
1964-06-01,Nickel,1742.0
1964-07-01,Nickel,1741.0
1964-08-01,Nickel,1742.0
1964-09-01,Nickel,1742.0
1964-10-01,Nickel,1741.0
1964-11-01,Nickel,1742.0
1964-12-01,Nickel,1742.0
1965-01-01,Nickel,1735.0
1965-02-01,Nickel,1735.0
1965-03-01,Nickel,1735.0
1965-04-01,Nickel,1735.0
1965-05-01,Nickel,1735.0
1965-06-01,Nickel,1735.0
1965-07-01,Nickel,1735.0
1965-08-01,Nickel,1735.0
1965-09-01,Nickel,1735.0
1965-10-01,Nickel,1735.0
1965-11-01,Nickel,1735.0
1965-12-01,Nickel,1735.0
1966-01-01,Nickel,1739.0
1966-02-01,Nickel,1739.0
1966-03-01,Nickel,1739.0
1966-04-01,Nickel,1739.0
1966-05-01,Nickel,1739.0
1966-06-01,Nickel,1739.0
1966-07-01,Nickel,1739.0
1966-08-01,Nickel,1739.0
1966-09-01,Nickel,1739.0
1966-10-01,Nickel,1739.0
1966-11-01,Nickel,1739.0
1966-12-01,Nickel,1739.0
1967-01-01,Nickel,1936.0
1967-02-01,Nickel,1936.0
1967-03-01,Nickel,1936.0
1967-04-01,Nickel,1936.0
1967-05-01,Nickel,1936.0
1967-06-01,Nickel,1936.0
1967-07-01,Nickel,1936.0
1967-08-01,Nickel,1936.0
1967-09-01,Nickel,1936.0
1967-10-01,Nickel,1936.0
1967-11-01,Nickel,1936.0
1967-12-01,Nickel,1936.0
1968-01-01,Nickel,2075.0
1968-02-01,Nickel,2075.0
1968-03-01,Nickel,2075.0
1968-04-01,Nickel,2075.0
1968-05-01,Nickel,2075.0
1968-06-01,Nickel,2075.0
1968-07-01,Nickel,2075.0
1968-08-01,Nickel,2075.0
1968-09-01,Nickel,2075.0
1968-10-01,Nickel,2075.0
1968-11-01,Nickel,2075.0
1968-12-01,Nickel,2075.0
1969-01-01,Nickel,2363.0
1969-02-01,Nickel,2363.0
1969-03-01,Nickel,2363.0
1969-04-01,Nickel,2363.0
1969-05-01,Nickel,2363.0
1969-06-01,Nickel,2363.0
1969-07-01,Nickel,2363.0
1969-08-01,Nickel,2363.0
1969-09-01,Nickel,2363.0
1969-10-01,Nickel,2363.0
1969-11-01,Nickel,2363.0
1969-12-01,Nickel,2363.0
1970-01-01,Nickel,2846.0
1970-02-01,Nickel,2846.0
1970-03-01,Nickel,2846.0
1970-04-01,Nickel,2846.0
1970-05-01,Nickel,2846.0
1970-06-01,Nickel,2846.0
1970-07-01,Nickel,2846.0
1970-08-01,Nickel,2846.0
1970-09-01,Nickel,2846.0
1970-10-01,Nickel,2846.0
1970-11-01,Nickel,2846.0
1970-12-01,Nickel,2846.0
1971-01-01,Nickel,2932.0
1971-02-01,Nickel,2932.0
1971-03-01,Nickel,2932.0
1971-04-01,Nickel,2932.0
1971-05-01,Nickel,2932.0
1971-06-01,Nickel,2932.0
1971-07-01,Nickel,2932.0
1971-08-01,Nickel,2932.0
1971-09-01,Nickel,2932.0
1971-10-01,Nickel,2932.0
1971-11-01,Nickel,2932.0
1971-12-01,Nickel,2932.0
1972-01-01,Nickel,3080.0
1972-02-01,Nickel,3080.0
1972-03-01,Nickel,3080.0
1972-04-01,Nickel,3080.0
1972-05-01,Nickel,3080.0
1972-06-01,Nickel,3080.0
1972-07-01,Nickel,3080.0
1972-08-01,Nickel,3080.0
1972-09-01,Nickel,3080.0
1972-10-01,Nickel,3080.0
1972-11-01,Nickel,3080.0
1972-12-01,Nickel,3080.0
1973-01-01,Nickel,3373.0
1973-02-01,Nickel,3373.0
1973-03-01,Nickel,3373.0
1973-04-01,Nickel,3373.0
1973-05-01,Nickel,3373.0
1973-06-01,Nickel,3373.0
1973-07-01,Nickel,3373.0
1973-08-01,Nickel,3373.0
1973-09-01,Nickel,3373.0
1973-10-01,Nickel,3373.0
1973-11-01,Nickel,3373.0
1973-12-01,Nickel,3373.0
1974-01-01,Nickel,3572.0
1974-02-01,Nickel,3572.0
1974-03-01,Nickel,3572.0
1974-04-01,Nickel,3572.0
1974-05-01,Nickel,3572.0
1974-06-01,Nickel,3572.0
1974-07-01,Nickel,4079.0
1974-08-01,Nickel,4079.0
1974-09-01,Nickel,4079.0
1974-10-01,Nickel,4079.0
1974-11-01,Nickel,4079.0
1974-12-01,Nickel,4079.0
1975-01-01,Nickel,4431.0
1975-02-01,Nickel,4431.0
1975-03-01,Nickel,4431.0
1975-04-01,Nickel,4431.0
1975-05-01,Nickel,4431.0
1975-06-01,Nickel,4431.0
1975-07-01,Nickel,4431.0
1975-08-01,Nickel,4431.0
1975-09-01,Nickel,4852.0
1975-10-01,Nickel,4852.0
1975-11-01,Nickel,4852.0
1975-12-01,Nickel,4852.0
1976-01-01,Nickel,4850.0
1976-02-01,Nickel,4850.0
1976-03-01,Nickel,4850.0
1976-04-01,Nickel,4850.0
1976-05-01,Nickel,4850.0
1976-06-01,Nickel,4850.0
1976-07-01,Nickel,4850.0
1976-08-01,Nickel,4850.0
1976-09-01,Nickel,4938.0
1976-10-01,Nickel,5313.0
1976-11-01,Nickel,5313.0
1976-12-01,Nickel,5313.0
1977-01-01,Nickel,5313.0
1977-02-01,Nickel,5313.0
1977-03-01,Nickel,5313.0
1977-04-01,Nickel,5187.0
1977-05-01,Nickel,5282.0
1977-06-01,Nickel,5313.0
1977-07-01,Nickel,5313.0
1977-08-01,Nickel,5313.0
1977-09-01,Nickel,5313.0
1977-10-01,Nickel,4586.0
1977-11-01,Nickel,4586.0
1977-12-01,Nickel,4586.0
1978-01-01,Nickel,4586.0
1978-02-01,Nickel,4586.0
1978-03-01,Nickel,4586.0
1978-04-01,Nickel,4696.0
1978-05-01,Nickel,4696.0
1978-06-01,Nickel,4645.0
1978-07-01,Nickel,4586.0
1978-08-01,Nickel,4586.0
1978-09-01,Nickel,4586.0
1978-10-01,Nickel,4586.0
1978-11-01,Nickel,4586.0
1978-12-01,Nickel,4586.0
1979-01-01,Nickel,4586.0
1979-02-01,Nickel,4546.0
1979-03-01,Nickel,4819.0
1979-04-01,Nickel,5379.0
1979-05-01,Nickel,5968.0
1979-06-01,Nickel,6519.0
1979-07-01,Nickel,6614.0
1979-08-01,Nickel,6614.0
1979-09-01,Nickel,6614.0
1979-10-01,Nickel,6614.0
1979-11-01,Nickel,6614.0
1979-12-01,Nickel,6945.0
1980-01-01,Nickel,6585.0
1980-02-01,Nickel,6979.0
1980-03-01,Nickel,6734.0
1980-04-01,Nickel,6233.0
1980-05-01,Nickel,6001.0
1980-06-01,Nickel,6295.0
1980-07-01,Nickel,6622.0
1980-08-01,Nickel,6585.0
1980-09-01,Nickel,6655.0
1980-10-01,Nickel,6692.0
1980-11-01,Nickel,6453.0
1980-12-01,Nickel,6391.0
1981-01-01,Nickel,6404.0
1981-02-01,Nickel,6371.0
1981-03-01,Nickel,6292.0
1981-04-01,Nickel,6307.0
1981-05-01,Nickel,6352.0
1981-06-01,Nickel,6169.0
1981-07-01,Nickel,6150.0
1981-08-01,Nickel,5999.0
1981-09-01,Nickel,5579.0
1981-10-01,Nickel,5217.0
1981-11-01,Nickel,5100.0
1981-12-01,Nickel,5496.0
1982-01-01,Nickel,5629.0
1982-02-01,Nickel,5717.0
1982-03-01,Nickel,5653.0
1982-04-01,Nickel,5394.0
1982-05-01,Nickel,5212.0
1982-06-01,Nickel,5187.0
1982-07-01,Nickel,5069.0
1982-08-01,Nickel,4953.0
1982-09-01,Nickel,4310.0
1982-10-01,Nickel,3917.0
1982-11-01,Nickel,3434.0
1982-12-01,Nickel,3576.0
1983-01-01,Nickel,3797.0
1983-02-01,Nickel,4228.0
1983-03-01,Nickel,4832.0
1983-04-01,Nickel,4818.0
1983-05-01,Nickel,5032.0
1983-06-01,Nickel,4883.0
1983-07-01,Nickel,4804.0
1983-08-01,Nickel,4853.0
1983-09-01,Nickel,4911.0
1983-10-01,Nickel,4674.0
1983-11-01,Nickel,4585.0
1983-12-01,Nickel,4657.0
1984-01-01,Nickel,4671.0
1984-02-01,Nickel,4640.0
1984-03-01,Nickel,4781.0
1984-04-01,Nickel,4912.0
1984-05-01,Nickel,4811.0
1984-06-01,Nickel,4773.0
1984-07-01,Nickel,4640.0
1984-08-01,Nickel,4736.0
1984-09-01,Nickel,4706.0
1984-10-01,Nickel,4750.0
1984-11-01,Nickel,4748.0
1984-12-01,Nickel,4859.0
1985-01-01,Nickel,4947.0
1985-02-01,Nickel,5051.0
1985-03-01,Nickel,5212.0
1985-04-01,Nickel,5490.0
1985-05-01,Nickel,5604.0
1985-06-01,Nickel,5553.0
1985-07-01,Nickel,5091.0
1985-08-01,Nickel,4908.0
1985-09-01,Nickel,4570.0
1985-10-01,Nickel,4240.0
1985-11-01,Nickel,4035.0
1985-12-01,Nickel,4090.0
1986-01-01,Nickel,4035.0
1986-02-01,Nickel,3988.0
1986-03-01,Nickel,4123.0
1986-04-01,Nickel,3999.0
1986-05-01,Nickel,4043.0
1986-06-01,Nickel,4087.0
1986-07-01,Nickel,3911.0
1986-08-01,Nickel,3807.0
1986-09-01,Nickel,3724.0
1986-10-01,Nickel,3644.0
1986-11-01,Nickel,3642.0
1986-12-01,Nickel,3572.0
1987-01-01,Nickel,3525.0
1987-02-01,Nickel,3717.0
1987-03-01,Nickel,3772.0
1987-04-01,Nickel,3898.0
1987-05-01,Nickel,4436.0
1987-06-01,Nickel,4436.0
1987-07-01,Nickel,4753.0
1987-08-01,Nickel,5307.0
1987-09-01,Nickel,5333.0
1987-10-01,Nickel,5692.0
1987-11-01,Nickel,5937.0
1987-12-01,Nickel,7661.0
1988-01-01,Nickel,8073.0
1988-02-01,Nickel,8667.0
1988-03-01,Nickel,15497.0
1988-04-01,Nickel,18012.0
1988-05-01,Nickel,17025.0
1988-06-01,Nickel,15590.0
1988-07-01,Nickel,14591.0
1988-08-01,Nickel,14187.0
1988-09-01,Nickel,11878.0
1988-10-01,Nickel,11558.0
1988-11-01,Nickel,13342.0
1988-12-01,Nickel,16920.0
1989-01-01,Nickel,17725.0
1989-02-01,Nickel,18524.0
1989-03-01,Nickel,17157.0
1989-04-01,Nickel,15261.0
1989-05-01,Nickel,13454.0
1989-06-01,Nickel,12143.0
1989-07-01,Nickel,12275.0
1989-08-01,Nickel,12910.0
1989-09-01,Nickel,11222.0
1989-10-01,Nickel,10425.0
1989-11-01,Nickel,9793.0
1989-12-01,Nickel,8809.0
1990-01-01,Nickel,7056.0
1990-02-01,Nickel,6977.0
1990-03-01,Nickel,9267.0
1990-04-01,Nickel,8940.0
1990-05-01,Nickel,8698.0
1990-06-01,Nickel,8422.0
1990-07-01,Nickel,9318.0
1990-08-01,Nickel,10957.0
1990-09-01,Nickel,10844.0
1990-10-01,Nickel,9145.0
1990-11-01,Nickel,8587.0
1990-12-01,Nickel,8158.0
1991-01-01,Nickel,8569.0
1991-02-01,Nickel,8672.0
1991-03-01,Nickel,8701.0
1991-04-01,Nickel,9021.0
1991-05-01,Nickel,8452.0
1991-06-01,Nickel,8280.0
1991-07-01,Nickel,8541.0
1991-08-01,Nickel,8145.0
1991-09-01,Nickel,7681.0
1991-10-01,Nickel,7443.0
1991-11-01,Nickel,7245.0
1991-12-01,Nickel,7118.0
1992-01-01,Nickel,7517.0
1992-02-01,Nickel,7862.0
1992-03-01,Nickel,7418.0
1992-04-01,Nickel,7421.0
1992-05-01,Nickel,7327.0
1992-06-01,Nickel,7193.0
1992-07-01,Nickel,7498.0
1992-08-01,Nickel,7268.0
1992-09-01,Nickel,6918.0
1992-10-01,Nickel,6305.0
1992-11-01,Nickel,5565.0
1992-12-01,Nickel,5724.0
1993-01-01,Nickel,5931.0
1993-02-01,Nickel,6039.0
1993-03-01,Nickel,5971.0
1993-04-01,Nickel,5972.0
1993-05-01,Nickel,5763.0
1993-06-01,Nickel,5532.0
1993-07-01,Nickel,5036.0
1993-08-01,Nickel,4722.0
1993-09-01,Nickel,4353.0
1993-10-01,Nickel,4449.0
1993-11-01,Nickel,4634.0
1993-12-01,Nickel,5119.0
1994-01-01,Nickel,5578.0
1994-02-01,Nickel,5825.0
1994-03-01,Nickel,5588.0
1994-04-01,Nickel,5408.0
1994-05-01,Nickel,6087.0
1994-06-01,Nickel,6282.0
1994-07-01,Nickel,6227.0
1994-08-01,Nickel,5860.0
1994-09-01,Nickel,6365.0
1994-10-01,Nickel,6748.0
1994-11-01,Nickel,7556.0
1994-12-01,Nickel,8556.0
1995-01-01,Nickel,9593.0
1995-02-01,Nickel,8505.0
1995-03-01,Nickel,7532.0
1995-04-01,Nickel,7398.0
1995-05-01,Nickel,7232.0
1995-06-01,Nickel,7872.0
1995-07-01,Nickel,8597.0
1995-08-01,Nickel,8945.0
1995-09-01,Nickel,8405.0
1995-10-01,Nickel,8062.0
1995-11-01,Nickel,8506.0
1995-12-01,Nickel,8091.0
1996-01-01,Nickel,7862.0
1996-02-01,Nickel,8216.0
1996-03-01,Nickel,8022.0
1996-04-01,Nickel,8043.0
1996-05-01,Nickel,8027.0
1996-06-01,Nickel,7709.0
1996-07-01,Nickel,7204.0
1996-08-01,Nickel,7054.0
1996-09-01,Nickel,7318.0
1996-10-01,Nickel,7031.0
1996-11-01,Nickel,6943.0
1996-12-01,Nickel,6581.0
1997-01-01,Nickel,7072.0
1997-02-01,Nickel,7735.0
1997-03-01,Nickel,7896.0
1997-04-01,Nickel,7316.0
1997-05-01,Nickel,7483.0
1997-06-01,Nickel,7062.0
1997-07-01,Nickel,6836.0
1997-08-01,Nickel,6761.0
1997-09-01,Nickel,6504.0
1997-10-01,Nickel,6380.0
1997-11-01,Nickel,6140.0
1997-12-01,Nickel,5945.0
1998-01-01,Nickel,5492.0
1998-02-01,Nickel,5387.0
1998-03-01,Nickel,5396.0
1998-04-01,Nickel,5394.0
1998-05-01,Nickel,5020.0
1998-06-01,Nickel,4476.0
1998-07-01,Nickel,4325.0
1998-08-01,Nickel,4081.0
1998-09-01,Nickel,4102.0
1998-10-01,Nickel,3872.0
1998-11-01,Nickel,4132.0
1998-12-01,Nickel,3878.0
1999-01-01,Nickel,4269.0
1999-02-01,Nickel,4626.0
1999-03-01,Nickel,5011.0
1999-04-01,Nickel,5103.0
1999-05-01,Nickel,5399.0
1999-06-01,Nickel,5195.0
1999-07-01,Nickel,5700.0
1999-08-01,Nickel,6449.0
1999-09-01,Nickel,7028.0
1999-10-01,Nickel,7321.0
1999-11-01,Nickel,7950.0
1999-12-01,Nickel,8083.0
2000-01-01,Nickel,8310.0
2000-02-01,Nickel,9653.0
2000-03-01,Nickel,10280.0
2000-04-01,Nickel,9728.0
2000-05-01,Nickel,10130.0
2000-06-01,Nickel,8411.0
2000-07-01,Nickel,8164.0
2000-08-01,Nickel,8007.0
2000-09-01,Nickel,8638.0
2000-10-01,Nickel,7678.0
2000-11-01,Nickel,7340.0
2000-12-01,Nickel,7314.0
2001-01-01,Nickel,6995.0
2001-02-01,Nickel,6524.0
2001-03-01,Nickel,6134.0
2001-04-01,Nickel,6330.0
2001-05-01,Nickel,7061.0
2001-06-01,Nickel,6641.0
2001-07-01,Nickel,5937.0
2001-08-01,Nickel,5521.0
2001-09-01,Nickel,5027.0
2001-10-01,Nickel,4825.0
2001-11-01,Nickel,5078.0
2001-12-01,Nickel,5264.0
2002-01-01,Nickel,6043.0
2002-02-01,Nickel,6029.0
2002-03-01,Nickel,6538.0
2002-04-01,Nickel,6958.0
2002-05-01,Nickel,6761.0
2002-06-01,Nickel,7120.0
2002-07-01,Nickel,7143.0
2002-08-01,Nickel,6717.0
2002-09-01,Nickel,6640.0
2002-10-01,Nickel,6804.0
2002-11-01,Nickel,7314.0
2002-12-01,Nickel,7193.0
2003-01-01,Nickel,8026.0
2003-02-01,Nickel,8623.0
2003-03-01,Nickel,8379.0
2003-04-01,Nickel,7910.0
2003-05-01,Nickel,8331.0
2003-06-01,Nickel,8875.0
2003-07-01,Nickel,8797.0
2003-08-01,Nickel,9351.0
2003-09-01,Nickel,9965.0
2003-10-01,Nickel,11047.0
2003-11-01,Nickel,12087.0
2003-12-01,Nickel,14163.0
2004-01-01,Nickel,15327.0
2004-02-01,Nickel,15145.0
2004-03-01,Nickel,13715.0
2004-04-01,Nickel,12848.0
2004-05-01,Nickel,11118.0
2004-06-01,Nickel,13534.0
2004-07-01,Nickel,15023.0
2004-08-01,Nickel,13680.0
2004-09-01,Nickel,13271.0
2004-10-01,Nickel,14404.0
2004-11-01,Nickel,14045.0
2004-12-01,Nickel,13769.0
2005-01-01,Nickel,14505.0
2005-02-01,Nickel,15350.0
2005-03-01,Nickel,16191.0
2005-04-01,Nickel,16142.0
2005-05-01,Nickel,16932.0
2005-06-01,Nickel,16160.0
2005-07-01,Nickel,14581.0
2005-08-01,Nickel,14893.0
2005-09-01,Nickel,14228.0
2005-10-01,Nickel,12403.0
2005-11-01,Nickel,12116.0
2005-12-01,Nickel,13429.0
2006-01-01,Nickel,14555.0
2006-02-01,Nickel,14979.0
2006-03-01,Nickel,14897.0
2006-04-01,Nickel,17942.0
2006-05-01,Nickel,21077.0
2006-06-01,Nickel,20755.0
2006-07-01,Nickel,26586.0
2006-08-01,Nickel,30744.0
2006-09-01,Nickel,30131.0
2006-10-01,Nickel,32703.0
2006-11-01,Nickel,32114.0
2006-12-01,Nickel,34570.0
2007-01-01,Nickel,36811.0
2007-02-01,Nickel,41184.0
2007-03-01,Nickel,46325.0
2007-04-01,Nickel,50267.0
2007-05-01,Nickel,52179.0
2007-06-01,Nickel,41719.0
2007-07-01,Nickel,33426.0
2007-08-01,Nickel,27652.0
2007-09-01,Nickel,29538.0
2007-10-01,Nickel,31055.0
2007-11-01,Nickel,30610.0
2007-12-01,Nickel,25992.0
2008-01-01,Nickel,27690.0
2008-02-01,Nickel,27955.0
2008-03-01,Nickel,31225.0
2008-04-01,Nickel,28763.0
2008-05-01,Nickel,25735.0
2008-06-01,Nickel,22549.0
2008-07-01,Nickel,20160.0
2008-08-01,Nickel,18928.0
2008-09-01,Nickel,17795.0
2008-10-01,Nickel,12140.0
2008-11-01,Nickel,10702.0
2008-12-01,Nickel,9686.0
2009-01-01,Nickel,11307.0
2009-02-01,Nickel,10409.0
2009-03-01,Nickel,9696.0
2009-04-01,Nickel,11166.0
2009-05-01,Nickel,12635.0
2009-06-01,Nickel,14960.0
2009-07-01,Nickel,15985.0
2009-08-01,Nickel,19642.0
2009-09-01,Nickel,17473.0
2009-10-01,Nickel,18525.0
2009-11-01,Nickel,16991.0
2009-12-01,Nickel,17066.0
2010-01-01,Nickel,18439.0
2010-02-01,Nickel,18976.0
2010-03-01,Nickel,22461.0
2010-04-01,Nickel,26031.0
2010-05-01,Nickel,22008.0
2010-06-01,Nickel,19389.0
2010-07-01,Nickel,19518.0
2010-08-01,Nickel,21413.0
2010-09-01,Nickel,22643.0
2010-10-01,Nickel,23807.0
2010-11-01,Nickel,22909.0
2010-12-01,Nickel,24111.0
2011-01-01,Nickel,25646.0
2011-02-01,Nickel,28252.0
2011-03-01,Nickel,26710.0
2011-04-01,Nickel,26408.0
2011-05-01,Nickel,24237.0
2011-06-01,Nickel,22421.0
2011-07-01,Nickel,23848.0
2011-08-01,Nickel,21845.0
2011-09-01,Nickel,20378.0
2011-10-01,Nickel,19039.0
2011-11-01,Nickel,17873.0
2011-12-01,Nickel,18267.0
2012-01-01,Nickel,19855.0
2012-02-01,Nickel,20394.0
2012-03-01,Nickel,18661.0
2012-04-01,Nickel,17940.0
2012-05-01,Nickel,17068.0
2012-06-01,Nickel,16549.0
2012-07-01,Nickel,16128.0
2012-08-01,Nickel,15735.0
2012-09-01,Nickel,17288.0
2012-10-01,Nickel,17169.0
2012-11-01,Nickel,16335.0
2012-12-01,Nickel,17449.0
2013-01-01,Nickel,17473.0
2013-02-01,Nickel,17690.0
2013-03-01,Nickel,16725.0
2013-04-01,Nickel,15673.0
2013-05-01,Nickel,14948.0
2013-06-01,Nickel,14280.0
2013-07-01,Nickel,13750.0
2013-08-01,Nickel,14315.0
2013-09-01,Nickel,13801.0
2013-10-01,Nickel,14118.0
2013-11-01,Nickel,13684.0
2013-12-01,Nickel,13925.0
2014-01-01,Nickel,14101.0
2014-02-01,Nickel,14204.0
2014-03-01,Nickel,15678.0
2014-04-01,Nickel,17374.0
2014-05-01,Nickel,19401.0
2014-06-01,Nickel,18629.0
2014-07-01,Nickel,19118.0
2014-08-01,Nickel,18600.0
2014-09-01,Nickel,18035.0
2014-10-01,Nickel,15812.0
2014-11-01,Nickel,15807.0
2014-12-01,Nickel,15962.0
2015-01-01,Nickel,14849.0
2015-02-01,Nickel,14574.0
2015-03-01,Nickel,13756.0
2015-04-01,Nickel,12831.0
2015-05-01,Nickel,13511.0
2015-06-01,Nickel,12825.0
2015-07-01,Nickel,11413.0
2015-08-01,Nickel,10386.0
2015-09-01,Nickel,9938.0
2015-10-01,Nickel,10317.0
2015-11-01,Nickel,9244.0
2015-12-01,Nickel,8708.0
2016-01-01,Nickel,8507.0
2016-02-01,Nickel,8299.0
2016-03-01,Nickel,8717.0
2016-04-01,Nickel,8879.0
2016-05-01,Nickel,8660.0
2016-06-01,Nickel,8928.0
2016-07-01,Nickel,10263.0
2016-08-01,Nickel,10336.0
2016-09-01,Nickel,10192.0
2016-10-01,Nickel,10260.0
2016-11-01,Nickel,11129.0
2016-12-01,Nickel,10972.0
2017-01-01,Nickel,9971.0
2017-02-01,Nickel,10643.0
2017-03-01,Nickel,10205.0
2017-04-01,Nickel,9609.0
2017-05-01,Nickel,9155.0
2017-06-01,Nickel,8932.0
2017-07-01,Nickel,9491.0
2017-08-01,Nickel,10890.0
2017-09-01,Nickel,11216.0
2017-10-01,Nickel,11336.0
2017-11-01,Nickel,11972.0
2017-12-01,Nickel,11495.0
2018-01-01,Nickel,12865.0
2018-02-01,Nickel,13596.0
2018-03-01,Nickel,13393.0
2018-04-01,Nickel,13938.0
2018-05-01,Nickel,14366.0
2018-06-01,Nickel,15106.0
2018-07-01,Nickel,13794.0
2018-08-01,Nickel,13411.0
2018-09-01,Nickel,12510.0
2018-10-01,Nickel,12315.0
2018-11-01,Nickel,11240.0
2018-12-01,Nickel,10835.0
2019-01-01,Nickel,11523.0
2019-02-01,Nickel,12685.0
2019-03-01,Nickel,13026.0
2019-04-01,Nickel,12773.0
2019-05-01,Nickel,12016.0
2019-06-01,Nickel,11944.0
2019-07-01,Nickel,13546.0
2019-08-01,Nickel,15749.0
2019-09-01,Nickel,17657.0
2019-10-01,Nickel,17046.0
2019-11-01,Nickel,15172.0
2019-12-01,Nickel,13829.0
2020-01-01,Nickel,13507.0
2020-02-01,Nickel,12716.0
2020-03-01,Nickel,11846.0
2020-04-01,Nickel,11804.0
2020-05-01,Nickel,12180.0
2020-06-01,Nickel,12727.0
2020-07-01,Nickel,13402.0
2020-08-01,Nickel,14538.0
2020-09-01,Nickel,14857.0
2020-10-01,Nickel,15239.0
2020-11-01,Nickel,15808.0
2020-12-01,Nickel,16823.0
2021-01-01,Nickel,17863.0
2021-02-01,Nickel,18584.0
2021-03-01,Nickel,16407.0
2021-04-01,Nickel,16521.0
2021-05-01,Nickel,17577.0
2021-06-01,Nickel,17980.0
2021-07-01,Nickel,18819.0
2021-08-01,Nickel,19141.0
2021-09-01,Nickel,19377.0
2021-10-01,Nickel,19362.0
2021-11-01,Nickel,19933.0
2021-12-01,Nickel,20016.0
2022-01-01,Nickel,22355.0
2022-02-01,Nickel,24016.0
2022-03-01,Nickel,33924.0
2022-04-01,Nickel,33133.0
2022-05-01,Nickel,28063.0
2022-06-01,Nickel,25659.0
2022-07-01,Nickel,21482.0
2022-08-01,Nickel,22057.0
2022-09-01,Nickel,22774.0
2022-10-01,Nickel,22033.0
2022-11-01,Nickel,25563.0
2022-12-01,Nickel,28947.0
2023-01-01,Nickel,28195.0
2023-02-01,Nickel,26728.0
2023-03-01,Nickel,23289.0
2023-04-01,Nickel,23895.0
2023-05-01,Nickel,21970.0
2023-06-01,Nickel,21233.0
2023-07-01,Nickel,21091.0
2023-08-01,Nickel,20439.0
2023-09-01,Nickel,19645.0
2023-10-01,Nickel,18281.0
2023-11-01,Nickel,17027.0
2023-12-01,Nickel,16461.0
2024-01-01,Nickel,16104.0
2024-02-01,Nickel,16338.0
2024-03-01,Nickel,17439.0
2024-04-01,Nickel,18164.0
2024-05-01,Nickel,19587.0
2024-06-01,Nickel,17498.0
2024-07-01,Nickel,16335.0
2024-08-01,Nickel,16292.0
2024-09-01,Nickel,16077.0
2024-10-01,Nickel,16766.0
2024-11-01,Nickel,15723.0
2024-12-01,Nickel,15445.0
2025-01-01,Nickel,15394.0
2025-02-01,Nickel,15288.0
2025-03-01,Nickel,16066.0
2025-04-01,Nickel,15113.0
2025-05-01,Nickel,15346.0
2025-06-01,Nickel,15003.0
2025-07-01,Nickel,15034.0
2025-08-01,Nickel,14949.0
2025-09-01,Nickel,15106.0
2025-10-01,Nickel,15092.0
2025-11-01,Nickel,14671.0
2025-12-01,Nickel,14884.0
2026-01-01,Nickel,17769.0
2026-02-01,Nickel,17173.0
2026-03-01,Nickel,17076.0
2026-04-01,Nickel,17962.0
2026-05-01,Nickel,18806.0
2026-06-01,Nickel,17588.0
2026-07-01,Nickel,16651.0
1960-01-01,Tin,2180.0
1960-02-01,Tin,2180.0
1960-03-01,Tin,2174.0
1960-04-01,Tin,2178.0
1960-05-01,Tin,2163.0
1960-06-01,Tin,2185.0
1960-07-01,Tin,2249.0
1960-08-01,Tin,2205.0
1960-09-01,Tin,2227.0
1960-10-01,Tin,2227.0
1960-11-01,Tin,2205.0
1960-12-01,Tin,2189.0
1961-01-01,Tin,2163.0
1961-02-01,Tin,2187.0
1961-03-01,Tin,2249.0
1961-04-01,Tin,2308.0
1961-05-01,Tin,2377.0
1961-06-01,Tin,2467.0
1961-07-01,Tin,2520.0
1961-08-01,Tin,2606.0
1961-09-01,Tin,2630.0
1961-10-01,Tin,2606.0
1961-11-01,Tin,2668.0
1961-12-01,Tin,2619.0
1962-01-01,Tin,2610.0
1962-02-01,Tin,2624.0
1962-03-01,Tin,2652.0
1962-04-01,Tin,2615.0
1962-05-01,Tin,2533.0
1962-06-01,Tin,2414.0
1962-07-01,Tin,2377.0
1962-08-01,Tin,2350.0
1962-09-01,Tin,2350.0
1962-10-01,Tin,2359.0
1962-11-01,Tin,2407.0
1962-12-01,Tin,2366.0
1963-01-01,Tin,2350.0
1963-02-01,Tin,2350.0
1963-03-01,Tin,2359.0
1963-04-01,Tin,2427.0
1963-05-01,Tin,2496.0
1963-06-01,Tin,2500.0
1963-07-01,Tin,2482.0
1963-08-01,Tin,2496.0
1963-09-01,Tin,2573.0
1963-10-01,Tin,2590.0
1963-11-01,Tin,2687.0
1963-12-01,Tin,2782.0
1964-01-01,Tin,2873.0
1964-02-01,Tin,3060.0
1964-03-01,Tin,2959.0
1964-04-01,Tin,2879.0
1964-05-01,Tin,2910.0
1964-06-01,Tin,3265.0
1964-07-01,Tin,3452.0
1964-08-01,Tin,3512.0
1964-09-01,Tin,3933.0
1964-10-01,Tin,4372.0
1964-11-01,Tin,4105.0
1964-12-01,Tin,3633.0
1965-01-01,Tin,3457.0
1965-02-01,Tin,3391.0
1965-03-01,Tin,3585.0
1965-04-01,Tin,3944.0
1965-05-01,Tin,4215.0
1965-06-01,Tin,4132.0
1965-07-01,Tin,3966.0
1965-08-01,Tin,4092.0
1965-09-01,Tin,4209.0
1965-10-01,Tin,4010.0
1965-11-01,Tin,3821.0
1965-12-01,Tin,3869.0
1966-01-01,Tin,3926.0
1966-02-01,Tin,3878.0
1966-03-01,Tin,3772.0
1966-04-01,Tin,3763.0
1966-05-01,Tin,3688.0
1966-06-01,Tin,3516.0
1966-07-01,Tin,3514.0
1966-08-01,Tin,3428.0
1966-09-01,Tin,3378.0
1966-10-01,Tin,3362.0
1966-11-01,Tin,3320.0
1966-12-01,Tin,3336.0
1967-01-01,Tin,3303.0
1967-02-01,Tin,3309.0
1967-03-01,Tin,3318.0
1967-04-01,Tin,3351.0
1967-05-01,Tin,3358.0
1967-06-01,Tin,3367.0
1967-07-01,Tin,3362.0
1967-08-01,Tin,3292.0
1967-09-01,Tin,3267.0
1967-10-01,Tin,3281.0
1967-11-01,Tin,3298.0
1967-12-01,Tin,3192.0
1968-01-01,Tin,3126.0
1968-02-01,Tin,3111.0
1968-03-01,Tin,3113.0
1968-04-01,Tin,3106.0
1968-05-01,Tin,3084.0
1968-06-01,Tin,3084.0
1968-07-01,Tin,3075.0
1968-08-01,Tin,3062.0
1968-09-01,Tin,3071.0
1968-10-01,Tin,3111.0
1968-11-01,Tin,3320.0
1968-12-01,Tin,3258.0
1969-01-01,Tin,3228.0
1969-02-01,Tin,3245.0
1969-03-01,Tin,3243.0
1969-04-01,Tin,3305.0
1969-05-01,Tin,3355.0
1969-06-01,Tin,3380.0
1969-07-01,Tin,3439.0
1969-08-01,Tin,3470.0
1969-09-01,Tin,3470.0
1969-10-01,Tin,3534.0
1969-11-01,Tin,3642.0
1969-12-01,Tin,3818.0
1970-01-01,Tin,3843.0
1970-02-01,Tin,3768.0
1970-03-01,Tin,3796.0
1970-04-01,Tin,3849.0
1970-05-01,Tin,3737.0
1970-06-01,Tin,3543.0
1970-07-01,Tin,3499.0
1970-08-01,Tin,3620.0
1970-09-01,Tin,3646.0
1970-10-01,Tin,3669.0
1970-11-01,Tin,3616.0
1970-12-01,Tin,3497.0
1971-01-01,Tin,3466.0
1971-02-01,Tin,3464.0
1971-03-01,Tin,3527.0
1971-04-01,Tin,3563.0
1971-05-01,Tin,3521.0
1971-06-01,Tin,3448.0
1971-07-01,Tin,3457.0
1971-08-01,Tin,3479.0
1971-09-01,Tin,3525.0
1971-10-01,Tin,3490.0
1971-11-01,Tin,3534.0
1971-12-01,Tin,3671.0
1972-01-01,Tin,3627.0
1972-02-01,Tin,3631.0
1972-03-01,Tin,3790.0
1972-04-01,Tin,3845.0
1972-05-01,Tin,3766.0
1972-06-01,Tin,3741.0
1972-07-01,Tin,3732.0
1972-08-01,Tin,3755.0
1972-09-01,Tin,3803.0
1972-10-01,Tin,3759.0
1972-11-01,Tin,3702.0
1972-12-01,Tin,3730.0
1973-01-01,Tin,3790.0
1973-02-01,Tin,4028.0
1973-03-01,Tin,4288.0
1973-04-01,Tin,4270.0
1973-05-01,Tin,4348.0
1973-06-01,Tin,4531.0
1973-07-01,Tin,4963.0
1973-08-01,Tin,5005.0
1973-09-01,Tin,5011.0
1973-10-01,Tin,5359.0
1973-11-01,Tin,5573.0
1973-12-01,Tin,6462.0
1974-01-01,Tin,6504.0
1974-02-01,Tin,7419.0
1974-03-01,Tin,8219.0
1974-04-01,Tin,9207.0
1974-05-01,Tin,9306.0
1974-06-01,Tin,9041.0
1974-07-01,Tin,8547.0
1974-08-01,Tin,8788.0
1974-09-01,Tin,9167.0
1974-10-01,Tin,7410.0
1974-11-01,Tin,7403.0
1974-12-01,Tin,7203.0
1975-01-01,Tin,7677.0
1975-02-01,Tin,7557.0
1975-03-01,Tin,7383.0
1975-04-01,Tin,7130.0
1975-05-01,Tin,6898.0
1975-06-01,Tin,6927.0
1975-07-01,Tin,6810.0
1975-08-01,Tin,6775.0
1975-09-01,Tin,6559.0
1975-10-01,Tin,6347.0
1975-11-01,Tin,6281.0
1975-12-01,Tin,6175.0
1976-01-01,Tin,6241.0
1976-02-01,Tin,6508.0
1976-03-01,Tin,6903.0
1976-04-01,Tin,7123.0
1976-05-01,Tin,7449.0
1976-06-01,Tin,7767.0
1976-07-01,Tin,8497.0
1976-08-01,Tin,8084.0
1976-09-01,Tin,7961.0
1976-10-01,Tin,7972.0
1976-11-01,Tin,8122.0
1976-12-01,Tin,8400.0
1977-01-01,Tin,9487.0
1977-02-01,Tin,10227.0
1977-03-01,Tin,10373.0
1977-04-01,Tin,9597.0
1977-05-01,Tin,9844.0
1977-06-01,Tin,9628.0
1977-07-01,Tin,10417.0
1977-08-01,Tin,11310.0
1977-09-01,Tin,11158.0
1977-10-01,Tin,12154.0
1977-11-01,Tin,12677.0
1977-12-01,Tin,12785.0
1978-01-01,Tin,12121.0
1978-02-01,Tin,12150.0
1978-03-01,Tin,11422.0
1978-04-01,Tin,11006.0
1978-05-01,Tin,11704.0
1978-06-01,Tin,12357.0
1978-07-01,Tin,12414.0
1978-08-01,Tin,12995.0
1978-09-01,Tin,13889.0
1978-10-01,Tin,15256.0
1978-11-01,Tin,15036.0
1978-12-01,Tin,14154.0
1979-01-01,Tin,13854.0
1979-02-01,Tin,14526.0
1979-03-01,Tin,15022.0
1979-04-01,Tin,15137.0
1979-05-01,Tin,15362.0
1979-06-01,Tin,16136.0
1979-07-01,Tin,15781.0
1979-08-01,Tin,14793.0
1979-09-01,Tin,15399.0
1979-10-01,Tin,16012.0
1979-11-01,Tin,16361.0
1979-12-01,Tin,16987.0
1980-01-01,Tin,17013.0
1980-02-01,Tin,17100.0
1980-03-01,Tin,17470.0
1980-04-01,Tin,17017.0
1980-05-01,Tin,17042.0
1980-06-01,Tin,17224.0
1980-07-01,Tin,17091.0
1980-08-01,Tin,17018.0
1980-09-01,Tin,17308.0
1980-10-01,Tin,16692.0
1980-11-01,Tin,15616.0
1980-12-01,Tin,14707.0
1981-01-01,Tin,14333.0
1981-02-01,Tin,13633.0
1981-03-01,Tin,13633.0
1981-04-01,Tin,13365.0
1981-05-01,Tin,12664.0
1981-06-01,Tin,12604.0
1981-07-01,Tin,13358.0
1981-08-01,Tin,14485.0
1981-09-01,Tin,14935.0
1981-10-01,Tin,15113.0
1981-11-01,Tin,15836.0
1981-12-01,Tin,15952.0
1982-01-01,Tin,16133.0
1982-02-01,Tin,15993.0
1982-03-01,Tin,12766.0
1982-04-01,Tin,12618.0
1982-05-01,Tin,12736.0
1982-06-01,Tin,11087.0
1982-07-01,Tin,11317.0
1982-08-01,Tin,12196.0
1982-09-01,Tin,12676.0
1982-10-01,Tin,12414.0
1982-11-01,Tin,11982.0
1982-12-01,Tin,11993.0
1983-01-01,Tin,12083.0
1983-02-01,Tin,13034.0
1983-03-01,Tin,13426.0
1983-04-01,Tin,13793.0
1983-05-01,Tin,13523.0
1983-06-01,Tin,13354.0
1983-07-01,Tin,13193.0
1983-08-01,Tin,12826.0
1983-09-01,Tin,12755.0
1983-10-01,Tin,12751.0
1983-11-01,Tin,12773.0
1983-12-01,Tin,12346.0
1984-01-01,Tin,12118.0
1984-02-01,Tin,12298.0
1984-03-01,Tin,12406.0
1984-04-01,Tin,12445.0
1984-05-01,Tin,12583.0
1984-06-01,Tin,12662.0
1984-07-01,Tin,12439.0
1984-08-01,Tin,12302.0
1984-09-01,Tin,12091.0
1984-10-01,Tin,11745.0
1984-11-01,Tin,11991.0
1984-12-01,Tin,11722.0
1985-01-01,Tin,11073.0
1985-02-01,Tin,10946.0
1985-03-01,Tin,11211.0
1985-04-01,Tin,11806.0
1985-05-01,Tin,11910.0
1985-06-01,Tin,12386.0
1985-07-01,Tin,12756.0
1985-08-01,Tin,12647.0
1985-09-01,Tin,12325.0
1985-10-01,Tin,12391.0
1985-11-01,Tin,9903.0
1985-12-01,Tin,9114.0
1986-01-01,Tin,7910.0
1986-02-01,Tin,7923.0
1986-03-01,Tin,7314.0
1986-04-01,Tin,5686.0
1986-05-01,Tin,5474.0
1986-06-01,Tin,5378.0
1986-07-01,Tin,5387.0
1986-08-01,Tin,5404.0
1986-09-01,Tin,5397.0
1986-10-01,Tin,5543.0
1986-11-01,Tin,6092.0
1986-12-01,Tin,6428.0
1987-01-01,Tin,6713.0
1987-02-01,Tin,6688.0
1987-03-01,Tin,6632.0
1987-04-01,Tin,6700.0
1987-05-01,Tin,6747.0
1987-06-01,Tin,6610.0
1987-07-01,Tin,6405.0
1987-08-01,Tin,6556.0
1987-09-01,Tin,6406.0
1987-10-01,Tin,6764.0
1987-11-01,Tin,6927.0
1987-12-01,Tin,6829.0
1988-01-01,Tin,6808.0
1988-02-01,Tin,6690.0
1988-03-01,Tin,6773.0
1988-04-01,Tin,6753.0
1988-05-01,Tin,6778.0
1988-06-01,Tin,7036.0
1988-07-01,Tin,7149.0
1988-08-01,Tin,7323.0
1988-09-01,Tin,7409.0
1988-10-01,Tin,7253.0
1988-11-01,Tin,7312.0
1988-12-01,Tin,7337.0
1989-01-01,Tin,7410.0
1989-02-01,Tin,7874.0
1989-03-01,Tin,8761.0
1989-04-01,Tin,10196.0
1989-05-01,Tin,10144.0
1989-06-01,Tin,9936.0
1989-07-01,Tin,9605.0
1989-08-01,Tin,8716.0
1989-09-01,Tin,8270.0
1989-10-01,Tin,7922.0
1989-11-01,Tin,6837.0
1989-12-01,Tin,6744.0
1990-01-01,Tin,6592.0
1990-02-01,Tin,6156.0
1990-03-01,Tin,6271.0
1990-04-01,Tin,6391.0
1990-05-01,Tin,6325.0
1990-06-01,Tin,6096.0
1990-07-01,Tin,5924.0
1990-08-01,Tin,5905.0
1990-09-01,Tin,5707.0
1990-10-01,Tin,6061.0
1990-11-01,Tin,5981.0
1990-12-01,Tin,5615.0
1991-01-01,Tin,5623.0
1991-02-01,Tin,5584.0
1991-03-01,Tin,5517.0
1991-04-01,Tin,5560.0
1991-05-01,Tin,5702.0
1991-06-01,Tin,5711.0
1991-07-01,Tin,5670.0
1991-08-01,Tin,5639.0
1991-09-01,Tin,5570.0
1991-10-01,Tin,5550.0
1991-11-01,Tin,5506.0
1991-12-01,Tin,5510.0
1992-01-01,Tin,5477.0
1992-02-01,Tin,5616.0
1992-03-01,Tin,5632.0
1992-04-01,Tin,5839.0
1992-05-01,Tin,6121.0
1992-06-01,Tin,6619.0
1992-07-01,Tin,6989.0
1992-08-01,Tin,6780.0
1992-09-01,Tin,6643.0
1992-10-01,Tin,6017.0
1992-11-01,Tin,5723.0
1992-12-01,Tin,5756.0
1993-01-01,Tin,5901.0
1993-02-01,Tin,5791.0
1993-03-01,Tin,5659.0
1993-04-01,Tin,5591.0
1993-05-01,Tin,5504.0
1993-06-01,Tin,5113.0
1993-07-01,Tin,4973.0
1993-08-01,Tin,4809.0
1993-09-01,Tin,4494.0
1993-10-01,Tin,4681.0
1993-11-01,Tin,4641.0
1993-12-01,Tin,4778.0
1994-01-01,Tin,4943.0
1994-02-01,Tin,5443.0
1994-03-01,Tin,5405.0
1994-04-01,Tin,5386.0
1994-05-01,Tin,5504.0
1994-06-01,Tin,5509.0
1994-07-01,Tin,5311.0
1994-08-01,Tin,5162.0
1994-09-01,Tin,5321.0
1994-10-01,Tin,5474.0
1994-11-01,Tin,6161.0
1994-12-01,Tin,5947.0
1995-01-01,Tin,6199.0
1995-02-01,Tin,5478.0
1995-03-01,Tin,5532.0
1995-04-01,Tin,5872.0
1995-05-01,Tin,5927.0
1995-06-01,Tin,6671.0
1995-07-01,Tin,6669.0
1995-08-01,Tin,6992.0
1995-09-01,Tin,6328.0
1995-10-01,Tin,6221.0
1995-11-01,Tin,6387.0
1995-12-01,Tin,6290.0
1996-01-01,Tin,6272.0
1996-02-01,Tin,6196.0
1996-03-01,Tin,6196.0
1996-04-01,Tin,6481.0
1996-05-01,Tin,6412.0
1996-06-01,Tin,6192.0
1996-07-01,Tin,6250.0
1996-08-01,Tin,6110.0
1996-09-01,Tin,6102.0
1996-10-01,Tin,5942.0
1996-11-01,Tin,5992.0
1996-12-01,Tin,5836.0
1997-01-01,Tin,5878.0
1997-02-01,Tin,5883.0
1997-03-01,Tin,5909.0
1997-04-01,Tin,5713.0
1997-05-01,Tin,5711.0
1997-06-01,Tin,5566.0
1997-07-01,Tin,5443.0
1997-08-01,Tin,5428.0
1997-09-01,Tin,5496.0
1997-10-01,Tin,5561.0
1997-11-01,Tin,5658.0
1997-12-01,Tin,5514.0
1998-01-01,Tin,5206.0
1998-02-01,Tin,5243.0
1998-03-01,Tin,5477.0
1998-04-01,Tin,5715.0
1998-05-01,Tin,5875.0
1998-06-01,Tin,5970.0
1998-07-01,Tin,5654.0
1998-08-01,Tin,5692.0
1998-09-01,Tin,5486.0
1998-10-01,Tin,5432.0
1998-11-01,Tin,5478.0
1998-12-01,Tin,5258.0
1999-01-01,Tin,5110.0
1999-02-01,Tin,5269.0
1999-03-01,Tin,5360.0
1999-04-01,Tin,5393.0
1999-05-01,Tin,5649.0
1999-06-01,Tin,5266.0
1999-07-01,Tin,5230.0
1999-08-01,Tin,5230.0
1999-09-01,Tin,5343.0
1999-10-01,Tin,5431.0
1999-11-01,Tin,5842.0
1999-12-01,Tin,5721.0
2000-01-01,Tin,5928.0
2000-02-01,Tin,5642.0
2000-03-01,Tin,5458.0
2000-04-01,Tin,5384.0
2000-05-01,Tin,5451.0
2000-06-01,Tin,5457.0
2000-07-01,Tin,5344.0
2000-08-01,Tin,5305.0
2000-09-01,Tin,5474.0
2000-10-01,Tin,5282.0
2000-11-01,Tin,5270.0
2000-12-01,Tin,5234.0
2001-01-01,Tin,5171.0
2001-02-01,Tin,5122.0
2001-03-01,Tin,5046.0
2001-04-01,Tin,4949.0
2001-05-01,Tin,4945.0
2001-06-01,Tin,4828.0
2001-07-01,Tin,4351.0
2001-08-01,Tin,3896.0
2001-09-01,Tin,3695.0
2001-10-01,Tin,3751.0
2001-11-01,Tin,4042.0
2001-12-01,Tin,4019.0
2002-01-01,Tin,3862.0
2002-02-01,Tin,3731.0
2002-03-01,Tin,3843.0
2002-04-01,Tin,4024.0
2002-05-01,Tin,4150.0
2002-06-01,Tin,4286.0
2002-07-01,Tin,4331.0
2002-08-01,Tin,3834.0
2002-09-01,Tin,3957.0
2002-10-01,Tin,4242.0
2002-11-01,Tin,4230.0
2002-12-01,Tin,4237.0
2003-01-01,Tin,4436.0
2003-02-01,Tin,4571.0
2003-03-01,Tin,4605.0
2003-04-01,Tin,4566.0
2003-05-01,Tin,4737.0
2003-06-01,Tin,4695.0
2003-07-01,Tin,4739.0
2003-08-01,Tin,4823.0
2003-09-01,Tin,4912.0
2003-10-01,Tin,5237.0
2003-11-01,Tin,5363.0
2003-12-01,Tin,6058.0
2004-01-01,Tin,6485.0
2004-02-01,Tin,6673.0
2004-03-01,Tin,7620.0
2004-04-01,Tin,8956.0
2004-05-01,Tin,9459.0
2004-06-01,Tin,9205.0
2004-07-01,Tin,9044.0
2004-08-01,Tin,9022.0
2004-09-01,Tin,9020.0
2004-10-01,Tin,9045.0
2004-11-01,Tin,9070.0
2004-12-01,Tin,8554.0
2005-01-01,Tin,7736.0
2005-02-01,Tin,8089.0
2005-03-01,Tin,8407.0
2005-04-01,Tin,8144.0
2005-05-01,Tin,8125.0
2005-06-01,Tin,7619.0
2005-07-01,Tin,7169.0
2005-08-01,Tin,7189.0
2005-09-01,Tin,6784.0
2005-10-01,Tin,6423.0
2005-11-01,Tin,6160.0
2005-12-01,Tin,6714.0
2006-01-01,Tin,7051.0
2006-02-01,Tin,7826.0
2006-03-01,Tin,7940.0
2006-04-01,Tin,8853.0
2006-05-01,Tin,8837.0
2006-06-01,Tin,7896.0
2006-07-01,Tin,8419.0
2006-08-01,Tin,8502.0
2006-09-01,Tin,9039.0
2006-10-01,Tin,9768.0
2006-11-01,Tin,10079.0
2006-12-01,Tin,11159.0
2007-01-01,Tin,11362.0
2007-02-01,Tin,12933.0
2007-03-01,Tin,13893.0
2007-04-01,Tin,14053.0
2007-05-01,Tin,14140.0
2007-06-01,Tin,14100.0
2007-07-01,Tin,14738.0
2007-08-01,Tin,15174.0
2007-09-01,Tin,15023.0
2007-10-01,Tin,16071.0
2007-11-01,Tin,16692.0
2007-12-01,Tin,16263.0
2008-01-01,Tin,16337.0
2008-02-01,Tin,17210.0
2008-03-01,Tin,19804.0
2008-04-01,Tin,21659.0
2008-05-01,Tin,24062.0
2008-06-01,Tin,22229.0
2008-07-01,Tin,23139.0
2008-08-01,Tin,20026.0
2008-09-01,Tin,18369.0
2008-10-01,Tin,14402.0
2008-11-01,Tin,13644.0
2008-12-01,Tin,11240.0
2009-01-01,Tin,11373.0
2009-02-01,Tin,11039.0
2009-03-01,Tin,10676.0
2009-04-01,Tin,11744.0
2009-05-01,Tin,13793.0
2009-06-01,Tin,14986.0
2009-07-01,Tin,14039.0
2009-08-01,Tin,14870.0
2009-09-01,Tin,14869.0
2009-10-01,Tin,15009.0
2009-11-01,Tin,14942.0
2009-12-01,Tin,15547.0
2010-01-01,Tin,17715.0
2010-02-01,Tin,16362.0
2010-03-01,Tin,17549.0
2010-04-01,Tin,18684.0
2010-05-01,Tin,17566.0
2010-06-01,Tin,17320.0
2010-07-01,Tin,18191.0
2010-08-01,Tin,20755.0
2010-09-01,Tin,22701.0
2010-10-01,Tin,26343.0
2010-11-01,Tin,25519.0
2010-12-01,Tin,26163.0
2011-01-01,Tin,27465.0
2011-02-01,Tin,31526.0
2011-03-01,Tin,30591.0
2011-04-01,Tin,32363.0
2011-05-01,Tin,28676.0
2011-06-01,Tin,25520.0
2011-07-01,Tin,27398.0
2011-08-01,Tin,24042.0
2011-09-01,Tin,22527.0
2011-10-01,Tin,21869.0
2011-11-01,Tin,21292.0
2011-12-01,Tin,19375.0
2012-01-01,Tin,21439.0
2012-02-01,Tin,24293.0
2012-03-01,Tin,22985.0
2012-04-01,Tin,22201.0
2012-05-01,Tin,20405.0
2012-06-01,Tin,19271.0
2012-07-01,Tin,18546.0
2012-08-01,Tin,18773.0
2012-09-01,Tin,20771.0
2012-10-01,Tin,21234.0
2012-11-01,Tin,20713.0
2012-12-01,Tin,22881.0
2013-01-01,Tin,24546.0
2013-02-01,Tin,24212.0
2013-03-01,Tin,23297.0
2013-04-01,Tin,21662.0
2013-05-01,Tin,20776.0
2013-06-01,Tin,20267.0
2013-07-01,Tin,19564.0
2013-08-01,Tin,21644.0
2013-09-01,Tin,22735.0
2013-10-01,Tin,23102.0
2013-11-01,Tin,22827.0
2013-12-01,Tin,22762.0
2014-01-01,Tin,22064.0
2014-02-01,Tin,22821.0
2014-03-01,Tin,23024.0
2014-04-01,Tin,23405.0
2014-05-01,Tin,23271.0
2014-06-01,Tin,22762.0
2014-07-01,Tin,22424.0
2014-08-01,Tin,22231.0
2014-09-01,Tin,21091.0
2014-10-01,Tin,19830.0
2014-11-01,Tin,20033.0
2014-12-01,Tin,19830.0
2015-01-01,Tin,19454.0
2015-02-01,Tin,18234.0
2015-03-01,Tin,17422.0
2015-04-01,Tin,15901.0
2015-05-01,Tin,15804.0
2015-06-01,Tin,15065.0
2015-07-01,Tin,15072.0
2015-08-01,Tin,15164.0
2015-09-01,Tin,15453.0
2015-10-01,Tin,15795.0
2015-11-01,Tin,14745.0
2015-12-01,Tin,14692.0
2016-01-01,Tin,13808.0
2016-02-01,Tin,15610.0
2016-03-01,Tin,16898.0
2016-04-01,Tin,17033.0
2016-05-01,Tin,16707.0
2016-06-01,Tin,16967.0
2016-07-01,Tin,17826.0
2016-08-01,Tin,18427.0
2016-09-01,Tin,19500.0
2016-10-01,Tin,20100.0
2016-11-01,Tin,21126.0
2016-12-01,Tin,21204.0
2017-01-01,Tin,20692.0
2017-02-01,Tin,19446.0
2017-03-01,Tin,19875.0
2017-04-01,Tin,19910.0
2017-05-01,Tin,20200.0
2017-06-01,Tin,19659.0
2017-07-01,Tin,20223.0
2017-08-01,Tin,20521.0
2017-09-01,Tin,20797.0
2017-10-01,Tin,20376.0
2017-11-01,Tin,19558.0
2017-12-01,Tin,19476.0
2018-01-01,Tin,20697.0
2018-02-01,Tin,21652.0
2018-03-01,Tin,21212.0
2018-04-01,Tin,21291.0
2018-05-01,Tin,20859.0
2018-06-01,Tin,20661.0
2018-07-01,Tin,19730.0
2018-08-01,Tin,19229.0
2018-09-01,Tin,18967.0
2018-10-01,Tin,19121.0
2018-11-01,Tin,19065.0
2018-12-01,Tin,19260.0
2019-01-01,Tin,20458.0
2019-02-01,Tin,21264.0
2019-03-01,Tin,21393.0
2019-04-01,Tin,20604.0
2019-05-01,Tin,19524.0
2019-06-01,Tin,19193.0
2019-07-01,Tin,17978.0
2019-08-01,Tin,16609.0
2019-09-01,Tin,16831.0
2019-10-01,Tin,16603.0
2019-11-01,Tin,16335.0
2019-12-01,Tin,17141.0
2020-01-01,Tin,17029.0
2020-02-01,Tin,16480.0
2020-03-01,Tin,15291.0
2020-04-01,Tin,14953.0
2020-05-01,Tin,15402.0
2020-06-01,Tin,16838.0
2020-07-01,Tin,17470.0
2020-08-01,Tin,17650.0
2020-09-01,Tin,17951.0
2020-10-01,Tin,18177.0
2020-11-01,Tin,18522.0
2020-12-01,Tin,19732.0
2021-01-01,Tin,21920.0
2021-02-01,Tin,26316.0
2021-03-01,Tin,27061.0
2021-04-01,Tin,28328.0
2021-05-01,Tin,32246.0
2021-06-01,Tin,32503.0
2021-07-01,Tin,34020.0
2021-08-01,Tin,35024.0
2021-09-01,Tin,34887.0
2021-10-01,Tin,37723.0
2021-11-01,Tin,39159.0
2021-12-01,Tin,39423.0
2022-01-01,Tin,41792.0
2022-02-01,Tin,43983.0
2022-03-01,Tin,43950.0
2022-04-01,Tin,42991.0
2022-05-01,Tin,35769.0
2022-06-01,Tin,31559.0
2022-07-01,Tin,25396.0
2022-08-01,Tin,24647.0
2022-09-01,Tin,21124.0
2022-10-01,Tin,19391.0
2022-11-01,Tin,21250.0
2022-12-01,Tin,24172.0
2023-01-01,Tin,28154.0
2023-02-01,Tin,26863.0
2023-03-01,Tin,24000.0
2023-04-01,Tin,25794.0
2023-05-01,Tin,25534.0
2023-06-01,Tin,27217.0
2023-07-01,Tin,28743.0
2023-08-01,Tin,26075.0
2023-09-01,Tin,25574.0
2023-10-01,Tin,24536.0
2023-11-01,Tin,24168.0
2023-12-01,Tin,24600.0
2024-01-01,Tin,25100.0
2024-02-01,Tin,26104.0
2024-03-01,Tin,27450.0
2024-04-01,Tin,31775.0
2024-05-01,Tin,32978.0
2024-06-01,Tin,32033.0
2024-07-01,Tin,31860.0
2024-08-01,Tin,31492.0
2024-09-01,Tin,31472.0
2024-10-01,Tin,32012.0
2024-11-01,Tin,29655.0
2024-12-01,Tin,28865.0
2025-01-01,Tin,29612.0
2025-02-01,Tin,31833.0
2025-03-01,Tin,34048.0
2025-04-01,Tin,32565.0
2025-05-01,Tin,31981.0
2025-06-01,Tin,32544.0
2025-07-01,Tin,33610.0
2025-08-01,Tin,33834.0
2025-09-01,Tin,34484.0
2025-10-01,Tin,36012.0
2025-11-01,Tin,36963.0
2025-12-01,Tin,41220.0
2026-01-01,Tin,49538.0
2026-02-01,Tin,48694.0
2026-03-01,Tin,47324.0
2026-04-01,Tin,48806.0
2026-05-01,Tin,53563.0
2026-06-01,Tin,53037.0
2026-07-01,Tin,52971.0
1960-01-01,Lead,206.0
1960-02-01,Lead,204.0
1960-03-01,Lead,210.0
1960-04-01,Lead,214.0
1960-05-01,Lead,213.0
1960-06-01,Lead,202.0
1960-07-01,Lead,196.0
1960-08-01,Lead,195.0
1960-09-01,Lead,193.0
1960-10-01,Lead,185.0
1960-11-01,Lead,188.0
1960-12-01,Lead,179.0
1961-01-01,Lead,176.0
1961-02-01,Lead,180.0
1961-03-01,Lead,182.0
1961-04-01,Lead,185.0
1961-05-01,Lead,184.0
1961-06-01,Lead,178.0
1961-07-01,Lead,179.0
1961-08-01,Lead,178.0
1961-09-01,Lead,176.0
1961-10-01,Lead,173.0
1961-11-01,Lead,166.0
1961-12-01,Lead,167.0
1962-01-01,Lead,163.0
1962-02-01,Lead,162.0
1962-03-01,Lead,167.0
1962-04-01,Lead,167.0
1962-05-01,Lead,165.0
1962-06-01,Lead,159.0
1962-07-01,Lead,148.0
1962-08-01,Lead,141.0
1962-09-01,Lead,143.0
1962-10-01,Lead,146.0
1962-11-01,Lead,150.0
1962-12-01,Lead,153.0
1963-01-01,Lead,149.0
1963-02-01,Lead,151.0
1963-03-01,Lead,154.0
1963-04-01,Lead,159.0
1963-05-01,Lead,167.0
1963-06-01,Lead,179.0
1963-07-01,Lead,180.0
1963-08-01,Lead,185.0
1963-09-01,Lead,187.0
1963-10-01,Lead,192.0
1963-11-01,Lead,191.0
1963-12-01,Lead,205.0
1964-01-01,Lead,218.0
1964-02-01,Lead,223.0
1964-03-01,Lead,224.0
1964-04-01,Lead,227.0
1964-05-01,Lead,244.0
1964-06-01,Lead,246.0
1964-07-01,Lead,271.0
1964-08-01,Lead,301.0
1964-09-01,Lead,301.0
1964-10-01,Lead,332.0
1964-11-01,Lead,365.0
1964-12-01,Lead,384.0
1965-01-01,Lead,348.0
1965-02-01,Lead,390.0
1965-03-01,Lead,395.0
1965-04-01,Lead,353.0
1965-05-01,Lead,302.0
1965-06-01,Lead,279.0
1965-07-01,Lead,272.0
1965-08-01,Lead,272.0
1965-09-01,Lead,289.0
1965-10-01,Lead,307.0
1965-11-01,Lead,299.0
1965-12-01,Lead,301.0
1966-01-01,Lead,301.0
1966-02-01,Lead,292.0
1966-03-01,Lead,293.0
1966-04-01,Lead,280.0
1966-05-01,Lead,262.0
1966-06-01,Lead,259.0
1966-07-01,Lead,263.0
1966-08-01,Lead,243.0
1966-09-01,Lead,254.0
1966-10-01,Lead,234.0
1966-11-01,Lead,223.0
1966-12-01,Lead,224.0
1967-01-01,Lead,220.0
1967-02-01,Lead,222.0
1967-03-01,Lead,228.0
1967-04-01,Lead,227.0
1967-05-01,Lead,226.0
1967-06-01,Lead,228.0
1967-07-01,Lead,231.0
1967-08-01,Lead,232.0
1967-09-01,Lead,227.0
1967-10-01,Lead,226.0
1967-11-01,Lead,242.0
1967-12-01,Lead,222.0
1968-01-01,Lead,218.0
1968-02-01,Lead,228.0
1968-03-01,Lead,234.0
1968-04-01,Lead,235.0
1968-05-01,Lead,238.0
1968-06-01,Lead,239.0
1968-07-01,Lead,247.0
1968-08-01,Lead,250.0
1968-09-01,Lead,252.0
1968-10-01,Lead,248.0
1968-11-01,Lead,249.0
1968-12-01,Lead,250.0
1969-01-01,Lead,254.0
1969-02-01,Lead,258.0
1969-03-01,Lead,261.0
1969-04-01,Lead,268.0
1969-05-01,Lead,278.0
1969-06-01,Lead,286.0
1969-07-01,Lead,311.0
1969-08-01,Lead,316.0
1969-09-01,Lead,303.0
1969-10-01,Lead,294.0
1969-11-01,Lead,316.0
1969-12-01,Lead,334.0
1970-01-01,Lead,325.0
1970-02-01,Lead,341.0
1970-03-01,Lead,336.0
1970-04-01,Lead,321.0
1970-05-01,Lead,292.0
1970-06-01,Lead,308.0
1970-07-01,Lead,301.0
1970-08-01,Lead,285.0
1970-09-01,Lead,285.0
1970-10-01,Lead,285.0
1970-11-01,Lead,280.0
1970-12-01,Lead,277.0
1971-01-01,Lead,263.0
1971-02-01,Lead,266.0
1971-03-01,Lead,267.0
1971-04-01,Lead,268.0
1971-05-01,Lead,265.0
1971-06-01,Lead,273.0
1971-07-01,Lead,262.0
1971-08-01,Lead,258.0
1971-09-01,Lead,239.0
1971-10-01,Lead,230.0
1971-11-01,Lead,222.0
1971-12-01,Lead,231.0
1972-01-01,Lead,252.0
1972-02-01,Lead,294.0
1972-03-01,Lead,321.0
1972-04-01,Lead,316.0
1972-05-01,Lead,318.0
1972-06-01,Lead,312.0
1972-07-01,Lead,304.0
1972-08-01,Lead,298.0
1972-09-01,Lead,302.0
1972-10-01,Lead,297.0
1972-11-01,Lead,298.0
1972-12-01,Lead,308.0
1973-01-01,Lead,318.0
1973-02-01,Lead,340.0
1973-03-01,Lead,372.0
1973-04-01,Lead,387.0
1973-05-01,Lead,396.0
1973-06-01,Lead,425.0
1973-07-01,Lead,470.0
1973-08-01,Lead,448.0
1973-09-01,Lead,445.0
1973-10-01,Lead,472.0
1973-11-01,Lead,490.0
1973-12-01,Lead,594.0
1974-01-01,Lead,566.0
1974-02-01,Lead,649.0
1974-03-01,Lead,708.0
1974-04-01,Lead,702.0
1974-05-01,Lead,669.0
1974-06-01,Lead,570.0
1974-07-01,Lead,549.0
1974-08-01,Lead,550.0
1974-09-01,Lead,539.0
1974-10-01,Lead,537.0
1974-11-01,Lead,534.0
1974-12-01,Lead,534.0
1975-01-01,Lead,538.0
1975-02-01,Lead,541.0
1975-03-01,Lead,543.0
1975-04-01,Lead,480.0
1975-05-01,Lead,357.0
1975-06-01,Lead,353.0
1975-07-01,Lead,359.0
1975-08-01,Lead,384.0
1975-09-01,Lead,370.0
1975-10-01,Lead,345.0
1975-11-01,Lead,337.0
1975-12-01,Lead,333.0
1976-01-01,Lead,337.0
1976-02-01,Lead,348.0
1976-03-01,Lead,384.0
1976-04-01,Lead,454.0
1976-05-01,Lead,483.0
1976-06-01,Lead,476.0
1976-07-01,Lead,509.0
1976-08-01,Lead,483.0
1976-09-01,Lead,481.0
1976-10-01,Lead,465.0
1976-11-01,Lead,459.0
1976-12-01,Lead,478.0
1977-01-01,Lead,560.0
1977-02-01,Lead,648.0
1977-03-01,Lead,703.0
1977-04-01,Lead,648.0
1977-05-01,Lead,661.0
1977-06-01,Lead,567.0
1977-07-01,Lead,562.0
1977-08-01,Lead,551.0
1977-09-01,Lead,582.0
1977-10-01,Lead,615.0
1977-11-01,Lead,633.0
1977-12-01,Lead,686.0
1978-01-01,Lead,664.0
1978-02-01,Lead,582.0
1978-03-01,Lead,582.0
1978-04-01,Lead,573.0
1978-05-01,Lead,545.0
1978-06-01,Lead,570.0
1978-07-01,Lead,582.0
1978-08-01,Lead,639.0
1978-09-01,Lead,693.0
1978-10-01,Lead,830.0
1978-11-01,Lead,824.0
1978-12-01,Lead,859.0
1979-01-01,Lead,992.0
1979-02-01,Lead,1055.0
1979-03-01,Lead,1177.0
1979-04-01,Lead,1161.0
1979-05-01,Lead,1239.0
1979-06-01,Lead,1382.0
1979-07-01,Lead,1272.0
1979-08-01,Lead,1213.0
1979-09-01,Lead,1231.0
1979-10-01,Lead,1319.0
1979-11-01,Lead,1225.0
1979-12-01,Lead,1233.0
1980-01-01,Lead,1118.0
1980-02-01,Lead,1168.0
1980-03-01,Lead,1121.0
1980-04-01,Lead,969.0
1980-05-01,Lead,772.0
1980-06-01,Lead,739.0
1980-07-01,Lead,811.0
1980-08-01,Lead,853.0
1980-09-01,Lead,883.0
1980-10-01,Lead,879.0
1980-11-01,Lead,813.0
1980-12-01,Lead,743.0
1981-01-01,Lead,705.0
1981-02-01,Lead,689.0
1981-03-01,Lead,730.0
1981-04-01,Lead,759.0
1981-05-01,Lead,697.0
1981-06-01,Lead,712.0
1981-07-01,Lead,784.0
1981-08-01,Lead,824.0
1981-09-01,Lead,764.0
1981-10-01,Lead,717.0
1981-11-01,Lead,666.0
1981-12-01,Lead,674.0
1982-01-01,Lead,648.0
1982-02-01,Lead,618.0
1982-03-01,Lead,613.0
1982-04-01,Lead,575.0
1982-05-01,Lead,575.0
1982-06-01,Lead,521.0
1982-07-01,Lead,552.0
1982-08-01,Lead,523.0
1982-09-01,Lead,515.0
1982-10-01,Lead,497.0
1982-11-01,Lead,462.0
1982-12-01,Lead,448.0
1983-01-01,Lead,475.0
1983-02-01,Lead,455.0
1983-03-01,Lead,443.0
1983-04-01,Lead,458.0
1983-05-01,Lead,433.0
1983-06-01,Lead,408.0
1983-07-01,Lead,403.0
1983-08-01,Lead,398.0
1983-09-01,Lead,405.0
1983-10-01,Lead,419.0
1983-11-01,Lead,405.0
1983-12-01,Lead,402.0
1984-01-01,Lead,398.0
1984-02-01,Lead,405.0
1984-03-01,Lead,460.0
1984-04-01,Lead,482.0
1984-05-01,Lead,453.0
1984-06-01,Lead,484.0
1984-07-01,Lead,494.0
1984-08-01,Lead,467.0
1984-09-01,Lead,402.0
1984-10-01,Lead,412.0
1984-11-01,Lead,441.0
1984-12-01,Lead,416.0
1985-01-01,Lead,421.0
1985-02-01,Lead,368.0
1985-03-01,Lead,352.0
1985-04-01,Lead,390.0
1985-05-01,Lead,376.0
1985-06-01,Lead,389.0
1985-07-01,Lead,403.0
1985-08-01,Lead,414.0
1985-09-01,Lead,400.0
1985-10-01,Lead,393.0
1985-11-01,Lead,394.0
1985-12-01,Lead,390.0
1986-01-01,Lead,368.0
1986-02-01,Lead,367.0
1986-03-01,Lead,367.0
1986-04-01,Lead,370.0
1986-05-01,Lead,377.0
1986-06-01,Lead,418.0
1986-07-01,Lead,380.0
1986-08-01,Lead,392.0
1986-09-01,Lead,407.0
1986-10-01,Lead,435.0
1986-11-01,Lead,473.0
1986-12-01,Lead,518.0
1987-01-01,Lead,464.0
1987-02-01,Lead,460.0
1987-03-01,Lead,487.0
1987-04-01,Lead,556.0
1987-05-01,Lead,693.0
1987-06-01,Lead,629.0
1987-07-01,Lead,664.0
1987-08-01,Lead,659.0
1987-09-01,Lead,647.0
1987-10-01,Lead,601.0
1987-11-01,Lead,642.0
1987-12-01,Lead,659.0
1988-01-01,Lead,667.0
1988-02-01,Lead,656.0
1988-03-01,Lead,649.0
1988-04-01,Lead,649.0
1988-05-01,Lead,668.0
1988-06-01,Lead,678.0
1988-07-01,Lead,619.0
1988-08-01,Lead,602.0
1988-09-01,Lead,610.0
1988-10-01,Lead,655.0
1988-11-01,Lead,691.0
1988-12-01,Lead,731.0
1989-01-01,Lead,676.0
1989-02-01,Lead,622.0
1989-03-01,Lead,589.0
1989-04-01,Lead,608.0
1989-05-01,Lead,643.0
1989-06-01,Lead,666.0
1989-07-01,Lead,692.0
1989-08-01,Lead,702.0
1989-09-01,Lead,728.0
1989-10-01,Lead,752.0
1989-11-01,Lead,693.0
1989-12-01,Lead,711.0
1990-01-01,Lead,708.0
1990-02-01,Lead,780.0
1990-03-01,Lead,1062.0
1990-04-01,Lead,836.0
1990-05-01,Lead,826.0
1990-06-01,Lead,838.0
1990-07-01,Lead,875.0
1990-08-01,Lead,876.0
1990-09-01,Lead,839.0
1990-10-01,Lead,761.0
1990-11-01,Lead,701.0
1990-12-01,Lead,625.0
1991-01-01,Lead,600.0
1991-02-01,Lead,594.0
1991-03-01,Lead,603.0
1991-04-01,Lead,601.0
1991-05-01,Lead,555.0
1991-06-01,Lead,549.0
1991-07-01,Lead,548.0
1991-08-01,Lead,540.0
1991-09-01,Lead,540.0
1991-10-01,Lead,522.0
1991-11-01,Lead,506.0
1991-12-01,Lead,532.0
1992-01-01,Lead,515.0
1992-02-01,Lead,505.0
1992-03-01,Lead,521.0
1992-04-01,Lead,533.0
1992-05-01,Lead,520.0
1992-06-01,Lead,548.0
1992-07-01,Lead,626.0
1992-08-01,Lead,655.0
1992-09-01,Lead,621.0
1992-10-01,Lead,537.0
1992-11-01,Lead,460.0
1992-12-01,Lead,455.0
1993-01-01,Lead,437.0
1993-02-01,Lead,414.0
1993-03-01,Lead,406.0
1993-04-01,Lead,421.0
1993-05-01,Lead,407.0
1993-06-01,Lead,394.0
1993-07-01,Lead,388.0
1993-08-01,Lead,388.0
1993-09-01,Lead,376.0
1993-10-01,Lead,384.0
1993-11-01,Lead,400.0
1993-12-01,Lead,461.0
1994-01-01,Lead,490.0
1994-02-01,Lead,485.0
1994-03-01,Lead,452.0
1994-04-01,Lead,440.0
1994-05-01,Lead,474.0
1994-06-01,Lead,525.0
1994-07-01,Lead,580.0
1994-08-01,Lead,571.0
1994-09-01,Lead,614.0
1994-10-01,Lead,642.0
1994-11-01,Lead,667.0
1994-12-01,Lead,634.0
1995-01-01,Lead,667.0
1995-02-01,Lead,580.0
1995-03-01,Lead,586.0
1995-04-01,Lead,609.0
1995-05-01,Lead,597.0
1995-06-01,Lead,612.0
1995-07-01,Lead,622.0
1995-08-01,Lead,624.0
1995-09-01,Lead,593.0
1995-10-01,Lead,639.0
1995-11-01,Lead,714.0
1995-12-01,Lead,732.0
1996-01-01,Lead,710.0
1996-02-01,Lead,770.0
1996-03-01,Lead,818.0
1996-04-01,Lead,815.0
1996-05-01,Lead,840.0
1996-06-01,Lead,797.0
1996-07-01,Lead,784.0
1996-08-01,Lead,816.0
1996-09-01,Lead,796.0
1996-10-01,Lead,742.0
1996-11-01,Lead,717.0
1996-12-01,Lead,689.0
1997-01-01,Lead,692.0
1997-02-01,Lead,660.0
1997-03-01,Lead,695.0
1997-04-01,Lead,643.0
1997-05-01,Lead,619.0
1997-06-01,Lead,615.0
1997-07-01,Lead,634.0
1997-08-01,Lead,608.0
1997-09-01,Lead,634.0
1997-10-01,Lead,600.0
1997-11-01,Lead,563.0
1997-12-01,Lead,527.0
1998-01-01,Lead,532.0
1998-02-01,Lead,516.0
1998-03-01,Lead,560.0
1998-04-01,Lead,573.0
1998-05-01,Lead,544.0
1998-06-01,Lead,528.0
1998-07-01,Lead,546.0
1998-08-01,Lead,537.0
1998-09-01,Lead,520.0
1998-10-01,Lead,493.0
1998-11-01,Lead,494.0
1998-12-01,Lead,501.0
1999-01-01,Lead,492.0
1999-02-01,Lead,514.0
1999-03-01,Lead,508.0
1999-04-01,Lead,519.0
1999-05-01,Lead,542.0
1999-06-01,Lead,496.0
1999-07-01,Lead,496.0
1999-08-01,Lead,503.0
1999-09-01,Lead,507.0
1999-10-01,Lead,497.0
1999-11-01,Lead,478.0
1999-12-01,Lead,479.0
2000-01-01,Lead,472.0
2000-02-01,Lead,452.0
2000-03-01,Lead,441.0
2000-04-01,Lead,421.0
2000-05-01,Lead,412.0
2000-06-01,Lead,420.0
2000-07-01,Lead,452.0
2000-08-01,Lead,473.0
2000-09-01,Lead,487.0
2000-10-01,Lead,486.0
2000-11-01,Lead,468.0
2000-12-01,Lead,462.0
2001-01-01,Lead,478.0
2001-02-01,Lead,502.0
2001-03-01,Lead,498.0
2001-04-01,Lead,478.0
2001-05-01,Lead,467.0
2001-06-01,Lead,444.0
2001-07-01,Lead,462.0
2001-08-01,Lead,483.0
2001-09-01,Lead,465.0
2001-10-01,Lead,468.0
2001-11-01,Lead,487.0
2001-12-01,Lead,483.0
2002-01-01,Lead,513.0
2002-02-01,Lead,480.0
2002-03-01,Lead,480.0
2002-04-01,Lead,472.0
2002-05-01,Lead,452.0
2002-06-01,Lead,440.0
2002-07-01,Lead,446.0
2002-08-01,Lead,423.0
2002-09-01,Lead,421.0
2002-10-01,Lead,418.0
2002-11-01,Lead,442.0
2002-12-01,Lead,444.0
2003-01-01,Lead,445.0
2003-02-01,Lead,476.0
2003-03-01,Lead,457.0
2003-04-01,Lead,437.0
2003-05-01,Lead,464.0
2003-06-01,Lead,468.0
2003-07-01,Lead,515.0
2003-08-01,Lead,497.0
2003-09-01,Lead,521.0
2003-10-01,Lead,587.0
2003-11-01,Lead,622.0
2003-12-01,Lead,692.0
2004-01-01,Lead,758.0
2004-02-01,Lead,888.0
2004-03-01,Lead,886.0
2004-04-01,Lead,754.0
2004-05-01,Lead,809.0
2004-06-01,Lead,870.0
2004-07-01,Lead,940.0
2004-08-01,Lead,922.0
2004-09-01,Lead,935.0
2004-10-01,Lead,933.0
2004-11-01,Lead,968.0
2004-12-01,Lead,975.0
2005-01-01,Lead,953.0
2005-02-01,Lead,978.0
2005-03-01,Lead,1004.0
2005-04-01,Lead,986.0
2005-05-01,Lead,988.0
2005-06-01,Lead,986.0
2005-07-01,Lead,854.0
2005-08-01,Lead,887.0
2005-09-01,Lead,933.0
2005-10-01,Lead,1005.0
2005-11-01,Lead,1018.0
2005-12-01,Lead,1124.0
2006-01-01,Lead,1256.0
2006-02-01,Lead,1277.0
2006-03-01,Lead,1192.0
2006-04-01,Lead,1170.0
2006-05-01,Lead,1167.0
2006-06-01,Lead,964.0
2006-07-01,Lead,1052.0
2006-08-01,Lead,1174.0
2006-09-01,Lead,1342.0
2006-10-01,Lead,1531.0
2006-11-01,Lead,1625.0
2006-12-01,Lead,1726.0
2007-01-01,Lead,1666.0
2007-02-01,Lead,1780.0
2007-03-01,Lead,1914.0
2007-04-01,Lead,2001.0
2007-05-01,Lead,2101.0
2007-06-01,Lead,2425.0
2007-07-01,Lead,3083.0
2007-08-01,Lead,3119.0
2007-09-01,Lead,3227.0
2007-10-01,Lead,3720.0
2007-11-01,Lead,3328.0
2007-12-01,Lead,2596.0
2008-01-01,Lead,2608.0
2008-02-01,Lead,3080.0
2008-03-01,Lead,3009.0
2008-04-01,Lead,2823.0
2008-05-01,Lead,2235.0
2008-06-01,Lead,1863.0
2008-07-01,Lead,1945.0
2008-08-01,Lead,1924.0
2008-09-01,Lead,1868.0
2008-10-01,Lead,1480.0
2008-11-01,Lead,1291.0
2008-12-01,Lead,963.0
2009-01-01,Lead,1133.0
2009-02-01,Lead,1101.0
2009-03-01,Lead,1239.0
2009-04-01,Lead,1383.0
2009-05-01,Lead,1440.0
2009-06-01,Lead,1674.0
2009-07-01,Lead,1679.0
2009-08-01,Lead,1900.0
2009-09-01,Lead,2205.0
2009-10-01,Lead,2241.0
2009-11-01,Lead,2309.0
2009-12-01,Lead,2329.0
2010-01-01,Lead,2368.0
2010-02-01,Lead,2124.0
2010-03-01,Lead,2172.0
2010-04-01,Lead,2265.0
2010-05-01,Lead,1883.0
2010-06-01,Lead,1704.0
2010-07-01,Lead,1837.0
2010-08-01,Lead,2075.0
2010-09-01,Lead,2184.0
2010-10-01,Lead,2380.0
2010-11-01,Lead,2377.0
2010-12-01,Lead,2413.0
2011-01-01,Lead,2602.0
2011-02-01,Lead,2587.0
2011-03-01,Lead,2624.0
2011-04-01,Lead,2701.0
2011-05-01,Lead,2428.0
2011-06-01,Lead,2525.0
2011-07-01,Lead,2681.0
2011-08-01,Lead,2397.0
2011-09-01,Lead,2288.0
2011-10-01,Lead,1960.0
2011-11-01,Lead,1994.0
2011-12-01,Lead,2022.0
2012-01-01,Lead,2096.0
2012-02-01,Lead,2121.0
2012-03-01,Lead,2057.0
2012-04-01,Lead,2071.0
2012-05-01,Lead,2013.0
2012-06-01,Lead,1854.0
2012-07-01,Lead,1881.0
2012-08-01,Lead,1901.0
2012-09-01,Lead,2178.0
2012-10-01,Lead,2142.0
2012-11-01,Lead,2182.0
2012-12-01,Lead,2280.0
2013-01-01,Lead,2334.0
2013-02-01,Lead,2366.0
2013-03-01,Lead,2169.0
2013-04-01,Lead,2027.0
2013-05-01,Lead,2033.0
2013-06-01,Lead,2100.0
2013-07-01,Lead,2048.0
2013-08-01,Lead,2174.0
2013-09-01,Lead,2085.0
2013-10-01,Lead,2115.0
2013-11-01,Lead,2090.0
2013-12-01,Lead,2137.0
2014-01-01,Lead,2143.0
2014-02-01,Lead,2108.0
2014-03-01,Lead,2053.0
2014-04-01,Lead,2087.0
2014-05-01,Lead,2097.0
2014-06-01,Lead,2107.0
2014-07-01,Lead,2193.0
2014-08-01,Lead,2237.0
2014-09-01,Lead,2117.0
2014-10-01,Lead,2034.0
2014-11-01,Lead,2030.0
2014-12-01,Lead,1938.0
2015-01-01,Lead,1843.0
2015-02-01,Lead,1796.0
2015-03-01,Lead,1792.0
2015-04-01,Lead,2005.0
2015-05-01,Lead,1992.0
2015-06-01,Lead,1830.0
2015-07-01,Lead,1763.0
2015-08-01,Lead,1704.0
2015-09-01,Lead,1684.0
2015-10-01,Lead,1720.0
2015-11-01,Lead,1618.0
2015-12-01,Lead,1707.0
2016-01-01,Lead,1646.0
2016-02-01,Lead,1766.0
2016-03-01,Lead,1802.0
2016-04-01,Lead,1732.0
2016-05-01,Lead,1708.0
2016-06-01,Lead,1713.0
2016-07-01,Lead,1835.0
2016-08-01,Lead,1836.0
2016-09-01,Lead,1948.0
2016-10-01,Lead,2024.0
2016-11-01,Lead,2181.0
2016-12-01,Lead,2210.0
2017-01-01,Lead,2243.0
2017-02-01,Lead,2312.0
2017-03-01,Lead,2281.0
2017-04-01,Lead,2221.0
2017-05-01,Lead,2125.0
2017-06-01,Lead,2133.0
2017-07-01,Lead,2270.0
2017-08-01,Lead,2348.0
2017-09-01,Lead,2374.0
2017-10-01,Lead,2498.0
2017-11-01,Lead,2461.0
2017-12-01,Lead,2510.0
2018-01-01,Lead,2584.0
2018-02-01,Lead,2581.0
2018-03-01,Lead,2390.0
2018-04-01,Lead,2352.0
2018-05-01,Lead,2361.0
2018-06-01,Lead,2436.0
2018-07-01,Lead,2207.0
2018-08-01,Lead,2054.0
2018-09-01,Lead,2023.0
2018-10-01,Lead,1988.0
2018-11-01,Lead,1937.0
2018-12-01,Lead,1972.0
2019-01-01,Lead,1997.0
2019-02-01,Lead,2063.0
2019-03-01,Lead,2046.0
2019-04-01,Lead,1939.0
2019-05-01,Lead,1815.0
2019-06-01,Lead,1900.0
2019-07-01,Lead,1976.0
2019-08-01,Lead,2045.0
2019-09-01,Lead,2072.0
2019-10-01,Lead,2184.0
2019-11-01,Lead,2021.0
2019-12-01,Lead,1901.0
2020-01-01,Lead,1924.0
2020-02-01,Lead,1873.0
2020-03-01,Lead,1734.0
2020-04-01,Lead,1658.0
2020-05-01,Lead,1626.0
2020-06-01,Lead,1745.0
2020-07-01,Lead,1818.0
2020-08-01,Lead,1936.0
2020-09-01,Lead,1873.0
2020-10-01,Lead,1776.0
2020-11-01,Lead,1916.0
2020-12-01,Lead,2020.0
2021-01-01,Lead,2015.0
2021-02-01,Lead,2080.0
2021-03-01,Lead,1948.0
2021-04-01,Lead,2012.0
2021-05-01,Lead,2182.0
2021-06-01,Lead,2191.0
2021-07-01,Lead,2338.0
2021-08-01,Lead,2414.0
2021-09-01,Lead,2248.0
2021-10-01,Lead,2345.0
2021-11-01,Lead,2330.0
2021-12-01,Lead,2302.0
2022-01-01,Lead,2332.0
2022-02-01,Lead,2297.0
2022-03-01,Lead,2345.0
2022-04-01,Lead,2380.0
2022-05-01,Lead,2142.0
2022-06-01,Lead,2066.0
2022-07-01,Lead,1985.0
2022-08-01,Lead,2073.0
2022-09-01,Lead,1870.0
2022-10-01,Lead,2000.0
2022-11-01,Lead,2100.0
2022-12-01,Lead,2216.0
2023-01-01,Lead,2201.0
2023-02-01,Lead,2093.0
2023-03-01,Lead,2115.0
2023-04-01,Lead,2149.0
2023-05-01,Lead,2084.0
2023-06-01,Lead,2123.0
2023-07-01,Lead,2109.0
2023-08-01,Lead,2154.0
2023-09-01,Lead,2252.0
2023-10-01,Lead,2134.0
2023-11-01,Lead,2188.0
2023-12-01,Lead,2027.0
2024-01-01,Lead,2086.0
2024-02-01,Lead,2080.0
2024-03-01,Lead,2056.0
2024-04-01,Lead,2129.0
2024-05-01,Lead,2221.0
2024-06-01,Lead,2147.0
2024-07-01,Lead,2107.0
2024-08-01,Lead,1995.0
2024-09-01,Lead,2000.0
2024-10-01,Lead,2034.0
2024-11-01,Lead,1988.0
2024-12-01,Lead,1990.0
2025-01-01,Lead,1921.0
2025-02-01,Lead,1957.0
2025-03-01,Lead,2033.0
2025-04-01,Lead,1903.0
2025-05-01,Lead,1958.0
2025-06-01,Lead,1974.0
2025-07-01,Lead,1993.0
2025-08-01,Lead,1947.0
2025-09-01,Lead,1955.0
2025-10-01,Lead,1968.0
2025-11-01,Lead,1998.0
2025-12-01,Lead,1940.0
2026-01-01,Lead,1995.0
2026-02-01,Lead,1917.0
2026-03-01,Lead,1878.0
2026-04-01,Lead,1930.0
2026-05-01,Lead,1991.0
2026-06-01,Lead,1946.0
2026-07-01,Lead,1842.0
1960-01-01,Zinc,261.0
1960-02-01,Zinc,245.0
1960-03-01,Zinc,249.0
1960-04-01,Zinc,255.0
1960-05-01,Zinc,254.0
1960-06-01,Zinc,250.0
1960-07-01,Zinc,249.0
1960-08-01,Zinc,241.0
1960-09-01,Zinc,240.0
1960-10-01,Zinc,242.0
1960-11-01,Zinc,241.0
1960-12-01,Zinc,228.0
1961-01-01,Zinc,218.0
1961-02-01,Zinc,228.0
1961-03-01,Zinc,233.0
1961-04-01,Zinc,231.0
1961-05-01,Zinc,227.0
1961-06-01,Zinc,218.0
1961-07-01,Zinc,215.0
1961-08-01,Zinc,211.0
1961-09-01,Zinc,204.0
1961-10-01,Zinc,198.0
1961-11-01,Zinc,192.0
1961-12-01,Zinc,197.0
1962-01-01,Zinc,194.0
1962-02-01,Zinc,190.0
1962-03-01,Zinc,191.0
1962-04-01,Zinc,191.0
1962-05-01,Zinc,189.0
1962-06-01,Zinc,185.0
1962-07-01,Zinc,182.0
1962-08-01,Zinc,178.0
1962-09-01,Zinc,177.0
1962-10-01,Zinc,182.0
1962-11-01,Zinc,189.0
1962-12-01,Zinc,185.0
1963-01-01,Zinc,186.0
1963-02-01,Zinc,192.0
1963-03-01,Zinc,198.0
1963-04-01,Zinc,204.0
1963-05-01,Zinc,209.0
1963-06-01,Zinc,209.0
1963-07-01,Zinc,205.0
1963-08-01,Zinc,210.0
1963-09-01,Zinc,211.0
1963-10-01,Zinc,221.0
1963-11-01,Zinc,232.0
1963-12-01,Zinc,261.0
1964-01-01,Zinc,264.0
1964-02-01,Zinc,271.0
1964-03-01,Zinc,277.0
1964-04-01,Zinc,299.0
1964-05-01,Zinc,343.0
1964-06-01,Zinc,357.0
1964-07-01,Zinc,385.0
1964-08-01,Zinc,345.0
1964-09-01,Zinc,355.0
1964-10-01,Zinc,334.0
1964-11-01,Zinc,345.0
1964-12-01,Zinc,343.0
1965-01-01,Zinc,322.0
1965-02-01,Zinc,320.0
1965-03-01,Zinc,316.0
1965-04-01,Zinc,316.0
1965-05-01,Zinc,323.0
1965-06-01,Zinc,314.0
1965-07-01,Zinc,310.0
1965-08-01,Zinc,304.0
1965-09-01,Zinc,300.0
1965-10-01,Zinc,308.0
1965-11-01,Zinc,299.0
1965-12-01,Zinc,303.0
1966-01-01,Zinc,303.0
1966-02-01,Zinc,300.0
1966-03-01,Zinc,301.0
1966-04-01,Zinc,279.0
1966-05-01,Zinc,270.0
1966-06-01,Zinc,272.0
1966-07-01,Zinc,265.0
1966-08-01,Zinc,265.0
1966-09-01,Zinc,271.0
1966-10-01,Zinc,276.0
1966-11-01,Zinc,288.0
1966-12-01,Zinc,286.0
1967-01-01,Zinc,280.0
1967-02-01,Zinc,282.0
1967-03-01,Zinc,279.0
1967-04-01,Zinc,272.0
1967-05-01,Zinc,275.0
1967-06-01,Zinc,274.0
1967-07-01,Zinc,267.0
1967-08-01,Zinc,269.0
1967-09-01,Zinc,265.0
1967-10-01,Zinc,264.0
1967-11-01,Zinc,287.0
1967-12-01,Zinc,266.0
1968-01-01,Zinc,263.0
1968-02-01,Zinc,260.0
1968-03-01,Zinc,258.0
1968-04-01,Zinc,258.0
1968-05-01,Zinc,262.0
1968-06-01,Zinc,262.0
1968-07-01,Zinc,266.0
1968-08-01,Zinc,269.0
1968-09-01,Zinc,263.0
1968-10-01,Zinc,262.0
1968-11-01,Zinc,264.0
1968-12-01,Zinc,269.0
1969-01-01,Zinc,269.0
1969-02-01,Zinc,267.0
1969-03-01,Zinc,272.0
1969-04-01,Zinc,273.0
1969-05-01,Zinc,279.0
1969-06-01,Zinc,281.0
1969-07-01,Zinc,284.0
1969-08-01,Zinc,294.0
1969-09-01,Zinc,299.0
1969-10-01,Zinc,299.0
1969-11-01,Zinc,310.0
1969-12-01,Zinc,310.0
1970-01-01,Zinc,302.0
1970-02-01,Zinc,298.0
1970-03-01,Zinc,296.0
1970-04-01,Zinc,293.0
1970-05-01,Zinc,292.0
1970-06-01,Zinc,293.0
1970-07-01,Zinc,298.0
1970-08-01,Zinc,298.0
1970-09-01,Zinc,300.0
1970-10-01,Zinc,297.0
1970-11-01,Zinc,293.0
1970-12-01,Zinc,289.0
1971-01-01,Zinc,285.0
1971-02-01,Zinc,272.0
1971-03-01,Zinc,284.0
1971-04-01,Zinc,284.0
1971-05-01,Zinc,288.0
1971-06-01,Zinc,309.0
1971-07-01,Zinc,318.0
1971-08-01,Zinc,323.0
1971-09-01,Zinc,311.0
1971-10-01,Zinc,337.0
1971-11-01,Zinc,344.0
1971-12-01,Zinc,359.0
1972-01-01,Zinc,380.0
1972-02-01,Zinc,390.0
1972-03-01,Zinc,397.0
1972-04-01,Zinc,395.0
1972-05-01,Zinc,386.0
1972-06-01,Zinc,371.0
1972-07-01,Zinc,364.0
1972-08-01,Zinc,364.0
1972-09-01,Zinc,368.0
1972-10-01,Zinc,364.0
1972-11-01,Zinc,379.0
1972-12-01,Zinc,375.0
1973-01-01,Zinc,387.0
1973-02-01,Zinc,422.0
1973-03-01,Zinc,474.0
1973-04-01,Zinc,513.0
1973-05-01,Zinc,549.0
1973-06-01,Zinc,656.0
1973-07-01,Zinc,842.0
1973-08-01,Zinc,914.0
1973-09-01,Zinc,976.0
1973-10-01,Zinc,1163.0
1973-11-01,Zinc,1625.0
1973-12-01,Zinc,1623.0
1974-01-01,Zinc,1330.0
1974-02-01,Zinc,1516.0
1974-03-01,Zinc,1630.0
1974-04-01,Zinc,1743.0
1974-05-01,Zinc,1782.0
1974-06-01,Zinc,1410.0
1974-07-01,Zinc,1097.0
1974-08-01,Zinc,1066.0
1974-09-01,Zinc,911.0
1974-10-01,Zinc,825.0
1974-11-01,Zinc,794.0
1974-12-01,Zinc,771.0
1975-01-01,Zinc,799.0
1975-02-01,Zinc,794.0
1975-03-01,Zinc,803.0
1975-04-01,Zinc,783.0
1975-05-01,Zinc,747.0
1975-06-01,Zinc,751.0
1975-07-01,Zinc,707.0
1975-08-01,Zinc,737.0
1975-09-01,Zinc,724.0
1975-10-01,Zinc,706.0
1975-11-01,Zinc,705.0
1975-12-01,Zinc,686.0
1976-01-01,Zinc,692.0
1976-02-01,Zinc,690.0
1976-03-01,Zinc,728.0
1976-04-01,Zinc,789.0
1976-05-01,Zinc,774.0
1976-06-01,Zinc,750.0
1976-07-01,Zinc,776.0
1976-08-01,Zinc,741.0
1976-09-01,Zinc,712.0
1976-10-01,Zinc,639.0
1976-11-01,Zinc,604.0
1976-12-01,Zinc,642.0
1977-01-01,Zinc,692.0
1977-02-01,Zinc,703.0
1977-03-01,Zinc,719.0
1977-04-01,Zinc,655.0
1977-05-01,Zinc,611.0
1977-06-01,Zinc,542.0
1977-07-01,Zinc,542.0
1977-08-01,Zinc,520.0
1977-09-01,Zinc,518.0
1977-10-01,Zinc,511.0
1977-11-01,Zinc,525.0
1977-12-01,Zinc,538.0
1978-01-01,Zinc,518.0
1978-02-01,Zinc,478.0
1978-03-01,Zinc,507.0
1978-04-01,Zinc,553.0
1978-05-01,Zinc,562.0
1978-06-01,Zinc,578.0
1978-07-01,Zinc,584.0
1978-08-01,Zinc,618.0
1978-09-01,Zinc,634.0
1978-10-01,Zinc,713.0
1978-11-01,Zinc,695.0
1978-12-01,Zinc,687.0
1979-01-01,Zinc,720.0
1979-02-01,Zinc,793.0
1979-03-01,Zinc,795.0
1979-04-01,Zinc,789.0
1979-05-01,Zinc,778.0
1979-06-01,Zinc,754.0
1979-07-01,Zinc,722.0
1979-08-01,Zinc,665.0
1979-09-01,Zinc,724.0
1979-10-01,Zinc,707.0
1979-11-01,Zinc,702.0
1979-12-01,Zinc,751.0
1980-01-01,Zinc,774.0
1980-02-01,Zinc,870.0
1980-03-01,Zinc,743.0
1980-04-01,Zinc,708.0
1980-05-01,Zinc,692.0
1980-06-01,Zinc,678.0
1980-07-01,Zinc,714.0
1980-08-01,Zinc,769.0
1980-09-01,Zinc,796.0
1980-10-01,Zinc,805.0
1980-11-01,Zinc,802.0
1980-12-01,Zinc,784.0
1981-01-01,Zinc,777.0
1981-02-01,Zinc,731.0
1981-03-01,Zinc,751.0
1981-04-01,Zinc,824.0
1981-05-01,Zinc,851.0
1981-06-01,Zinc,840.0
1981-07-01,Zinc,865.0
1981-08-01,Zinc,955.0
1981-09-01,Zinc,939.0
1981-10-01,Zinc,892.0
1981-11-01,Zinc,877.0
1981-12-01,Zinc,846.0
1982-01-01,Zinc,819.0
1982-02-01,Zinc,823.0
1982-03-01,Zinc,790.0
1982-04-01,Zinc,743.0
1982-05-01,Zinc,750.0
1982-06-01,Zinc,692.0
1982-07-01,Zinc,727.0
1982-08-01,Zinc,716.0
1982-09-01,Zinc,750.0
1982-10-01,Zinc,751.0
1982-11-01,Zinc,710.0
1982-12-01,Zinc,669.0
1983-01-01,Zinc,699.0
1983-02-01,Zinc,681.0
1983-03-01,Zinc,678.0
1983-04-01,Zinc,698.0
1983-05-01,Zinc,736.0
1983-06-01,Zinc,718.0
1983-07-01,Zinc,740.0
1983-08-01,Zinc,809.0
1983-09-01,Zinc,838.0
1983-10-01,Zinc,859.0
1983-11-01,Zinc,859.0
1983-12-01,Zinc,857.0
1984-01-01,Zinc,958.0
1984-02-01,Zinc,998.0
1984-03-01,Zinc,1041.0
1984-04-01,Zinc,1004.0
1984-05-01,Zinc,1001.0
1984-06-01,Zinc,942.0
1984-07-01,Zinc,854.0
1984-08-01,Zinc,834.0
1984-09-01,Zinc,873.0
1984-10-01,Zinc,844.0
1984-11-01,Zinc,855.0
1984-12-01,Zinc,860.0
1985-01-01,Zinc,867.0
1985-02-01,Zinc,887.0
1985-03-01,Zinc,921.0
1985-04-01,Zinc,931.0
1985-05-01,Zinc,881.0
1985-06-01,Zinc,808.0
1985-07-01,Zinc,767.0
1985-08-01,Zinc,735.0
1985-09-01,Zinc,690.0
1985-10-01,Zinc,632.0
1985-11-01,Zinc,598.0
1985-12-01,Zinc,685.0
1986-01-01,Zinc,644.0
1986-02-01,Zinc,609.0
1986-03-01,Zinc,626.0
1986-04-01,Zinc,660.0
1986-05-01,Zinc,707.0
1986-06-01,Zinc,804.0
1986-07-01,Zinc,807.0
1986-08-01,Zinc,816.0
1986-09-01,Zinc,871.0
1986-10-01,Zinc,886.0
1986-11-01,Zinc,820.0
1986-12-01,Zinc,798.0
1987-01-01,Zinc,760.0
1987-02-01,Zinc,740.0
1987-03-01,Zinc,732.0
1987-04-01,Zinc,762.0
1987-05-01,Zinc,839.0
1987-06-01,Zinc,878.0
1987-07-01,Zinc,830.0
1987-08-01,Zinc,804.0
1987-09-01,Zinc,757.0
1987-10-01,Zinc,770.0
1987-11-01,Zinc,848.0
1987-12-01,Zinc,866.0
1988-01-01,Zinc,879.0
1988-02-01,Zinc,876.0
1988-03-01,Zinc,982.0
1988-04-01,Zinc,1069.0
1988-05-01,Zinc,1177.0
1988-06-01,Zinc,1365.0
1988-07-01,Zinc,1237.0
1988-08-01,Zinc,1309.0
1988-09-01,Zinc,1330.0
1988-10-01,Zinc,1520.0
1988-11-01,Zinc,1559.0
1988-12-01,Zinc,1594.0
1989-01-01,Zinc,1734.0
1989-02-01,Zinc,1932.0
1989-03-01,Zinc,1962.0
1989-04-01,Zinc,1656.0
1989-05-01,Zinc,1628.0
1989-06-01,Zinc,1539.0
1989-07-01,Zinc,1617.0
1989-08-01,Zinc,1730.0
1989-09-01,Zinc,1629.0
1989-10-01,Zinc,1585.0
1989-11-01,Zinc,1438.0
1989-12-01,Zinc,1455.0
1990-01-01,Zinc,1297.0
1990-02-01,Zinc,1397.0
1990-03-01,Zinc,1607.0
1990-04-01,Zinc,1686.0
1990-05-01,Zinc,1775.0
1990-06-01,Zinc,1715.0
1990-07-01,Zinc,1637.0
1990-08-01,Zinc,1615.0
1990-09-01,Zinc,1538.0
1990-10-01,Zinc,1353.0
1990-11-01,Zinc,1278.0
1990-12-01,Zinc,1265.0
1991-01-01,Zinc,1206.0
1991-02-01,Zinc,1188.0
1991-03-01,Zinc,1199.0
1991-04-01,Zinc,1253.0
1991-05-01,Zinc,1091.0
1991-06-01,Zinc,1062.0
1991-07-01,Zinc,1063.0
1991-08-01,Zinc,1046.0
1991-09-01,Zinc,1023.0
1991-10-01,Zinc,992.0
1991-11-01,Zinc,1093.0
1991-12-01,Zinc,1188.0
1992-01-01,Zinc,1154.0
1992-02-01,Zinc,1131.0
1992-03-01,Zinc,1215.0
1992-04-01,Zinc,1304.0
1992-05-01,Zinc,1373.0
1992-06-01,Zinc,1385.0
1992-07-01,Zinc,1320.0
1992-08-01,Zinc,1360.0
1992-09-01,Zinc,1367.0
1992-10-01,Zinc,1164.0
1992-11-01,Zinc,1047.0
1992-12-01,Zinc,1058.0
1993-01-01,Zinc,1061.0
1993-02-01,Zinc,1072.0
1993-03-01,Zinc,996.0
1993-04-01,Zinc,1005.0
1993-05-01,Zinc,980.0
1993-06-01,Zinc,926.0
1993-07-01,Zinc,928.0
1993-08-01,Zinc,884.0
1993-09-01,Zinc,874.0
1993-10-01,Zinc,915.0
1993-11-01,Zinc,928.0
1993-12-01,Zinc,974.0
1994-01-01,Zinc,997.0
1994-02-01,Zinc,969.0
1994-03-01,Zinc,936.0
1994-04-01,Zinc,924.0
1994-05-01,Zinc,956.0
1994-06-01,Zinc,966.0
1994-07-01,Zinc,964.0
1994-08-01,Zinc,945.0
1994-09-01,Zinc,992.0
1994-10-01,Zinc,1059.0
1994-11-01,Zinc,1152.0
1994-12-01,Zinc,1114.0
1995-01-01,Zinc,1157.0
1995-02-01,Zinc,1032.0
1995-03-01,Zinc,1022.0
1995-04-01,Zinc,1061.0
1995-05-01,Zinc,1036.0
1995-06-01,Zinc,1010.0
1995-07-01,Zinc,1027.0
1995-08-01,Zinc,1014.0
1995-09-01,Zinc,986.0
1995-10-01,Zinc,979.0
1995-11-01,Zinc,1031.0
1995-12-01,Zinc,1018.0
1996-01-01,Zinc,1019.0
1996-02-01,Zinc,1036.0
1996-03-01,Zinc,1064.0
1996-04-01,Zinc,1045.0
1996-05-01,Zinc,1036.0
1996-06-01,Zinc,1009.0
1996-07-01,Zinc,1000.0
1996-08-01,Zinc,1007.0
1996-09-01,Zinc,1000.0
1996-10-01,Zinc,1003.0
1996-11-01,Zinc,1047.0
1996-12-01,Zinc,1036.0
1997-01-01,Zinc,1087.0
1997-02-01,Zinc,1179.0
1997-03-01,Zinc,1255.0
1997-04-01,Zinc,1240.0
1997-05-01,Zinc,1311.0
1997-06-01,Zinc,1354.0
1997-07-01,Zinc,1518.0
1997-08-01,Zinc,1654.0
1997-09-01,Zinc,1641.0
1997-10-01,Zinc,1280.0
1997-11-01,Zinc,1173.0
1997-12-01,Zinc,1102.0
1998-01-01,Zinc,1097.0
1998-02-01,Zinc,1044.0
1998-03-01,Zinc,1048.0
1998-04-01,Zinc,1097.0
1998-05-01,Zinc,1061.0
1998-06-01,Zinc,1010.0
1998-07-01,Zinc,1040.0
1998-08-01,Zinc,1030.0
1998-09-01,Zinc,1000.0
1998-10-01,Zinc,941.0
1998-11-01,Zinc,967.0
1998-12-01,Zinc,959.0
1999-01-01,Zinc,933.0
1999-02-01,Zinc,1017.0
1999-03-01,Zinc,1030.0
1999-04-01,Zinc,1019.0
1999-05-01,Zinc,1040.0
1999-06-01,Zinc,1001.0
1999-07-01,Zinc,1072.0
1999-08-01,Zinc,1131.0
1999-09-01,Zinc,1194.0
1999-10-01,Zinc,1149.0
1999-11-01,Zinc,1147.0
1999-12-01,Zinc,1184.0
2000-01-01,Zinc,1179.0
2000-02-01,Zinc,1095.0
2000-03-01,Zinc,1116.0
2000-04-01,Zinc,1128.0
2000-05-01,Zinc,1157.0
2000-06-01,Zinc,1118.0
2000-07-01,Zinc,1136.0
2000-08-01,Zinc,1170.0
2000-09-01,Zinc,1224.0
2000-10-01,Zinc,1096.0
2000-11-01,Zinc,1059.0
2000-12-01,Zinc,1060.0
2001-01-01,Zinc,1033.0
2001-02-01,Zinc,1021.0
2001-03-01,Zinc,1005.0
2001-04-01,Zinc,969.0
2001-05-01,Zinc,938.0
2001-06-01,Zinc,895.0
2001-07-01,Zinc,852.0
2001-08-01,Zinc,828.0
2001-09-01,Zinc,799.0
2001-10-01,Zinc,762.0
2001-11-01,Zinc,773.0
2001-12-01,Zinc,755.0
2002-01-01,Zinc,793.0
2002-02-01,Zinc,771.0
2002-03-01,Zinc,819.0
2002-04-01,Zinc,808.0
2002-05-01,Zinc,770.0
2002-06-01,Zinc,767.0
2002-07-01,Zinc,795.0
2002-08-01,Zinc,748.0
2002-09-01,Zinc,756.0
2002-10-01,Zinc,755.0
2002-11-01,Zinc,765.0
2002-12-01,Zinc,798.0
2003-01-01,Zinc,781.0
2003-02-01,Zinc,785.0
2003-03-01,Zinc,791.0
2003-04-01,Zinc,755.0
2003-05-01,Zinc,776.0
2003-06-01,Zinc,791.0
2003-07-01,Zinc,828.0
2003-08-01,Zinc,818.0
2003-09-01,Zinc,818.0
2003-10-01,Zinc,898.0
2003-11-01,Zinc,915.0
2003-12-01,Zinc,978.0
2004-01-01,Zinc,1017.0
2004-02-01,Zinc,1088.0
2004-03-01,Zinc,1106.0
2004-04-01,Zinc,1033.0
2004-05-01,Zinc,1028.0
2004-06-01,Zinc,1021.0
2004-07-01,Zinc,988.0
2004-08-01,Zinc,976.0
2004-09-01,Zinc,975.0
2004-10-01,Zinc,1065.0
2004-11-01,Zinc,1096.0
2004-12-01,Zinc,1180.0
2005-01-01,Zinc,1246.0
2005-02-01,Zinc,1326.0
2005-03-01,Zinc,1372.0
2005-04-01,Zinc,1300.0
2005-05-01,Zinc,1244.0
2005-06-01,Zinc,1276.0
2005-07-01,Zinc,1194.0
2005-08-01,Zinc,1298.0
2005-09-01,Zinc,1398.0
2005-10-01,Zinc,1488.0
2005-11-01,Zinc,1611.0
2005-12-01,Zinc,1822.0
2006-01-01,Zinc,2090.0
2006-02-01,Zinc,2219.0
2006-03-01,Zinc,2417.0
2006-04-01,Zinc,3085.0
2006-05-01,Zinc,3566.0
2006-06-01,Zinc,3226.0
2006-07-01,Zinc,3340.0
2006-08-01,Zinc,3347.0
2006-09-01,Zinc,3403.0
2006-10-01,Zinc,3823.0
2006-11-01,Zinc,4382.0
2006-12-01,Zinc,4405.0
2007-01-01,Zinc,3787.0
2007-02-01,Zinc,3310.0
2007-03-01,Zinc,3271.0
2007-04-01,Zinc,3557.0
2007-05-01,Zinc,3831.0
2007-06-01,Zinc,3603.0
2007-07-01,Zinc,3546.0
2007-08-01,Zinc,3253.0
2007-09-01,Zinc,2881.0
2007-10-01,Zinc,2975.0
2007-11-01,Zinc,2541.0
2007-12-01,Zinc,2353.0
2008-01-01,Zinc,2340.0
2008-02-01,Zinc,2438.0
2008-03-01,Zinc,2511.0
2008-04-01,Zinc,2264.0
2008-05-01,Zinc,2182.0
2008-06-01,Zinc,1894.0
2008-07-01,Zinc,1852.0
2008-08-01,Zinc,1723.0
2008-09-01,Zinc,1735.0
2008-10-01,Zinc,1302.0
2008-11-01,Zinc,1153.0
2008-12-01,Zinc,1101.0
2009-01-01,Zinc,1187.0
2009-02-01,Zinc,1112.0
2009-03-01,Zinc,1217.0
2009-04-01,Zinc,1379.0
2009-05-01,Zinc,1484.0
2009-06-01,Zinc,1557.0
2009-07-01,Zinc,1579.0
2009-08-01,Zinc,1822.0
2009-09-01,Zinc,1884.0
2009-10-01,Zinc,2072.0
2009-11-01,Zinc,2193.0
2009-12-01,Zinc,2376.0
2010-01-01,Zinc,2434.0
2010-02-01,Zinc,2157.0
2010-03-01,Zinc,2275.0
2010-04-01,Zinc,2367.0
2010-05-01,Zinc,1968.0
2010-06-01,Zinc,1743.0
2010-07-01,Zinc,1844.0
2010-08-01,Zinc,2045.0
2010-09-01,Zinc,2151.0
2010-10-01,Zinc,2372.0
2010-11-01,Zinc,2292.0
2010-12-01,Zinc,2281.0
2011-01-01,Zinc,2372.0
2011-02-01,Zinc,2465.0
2011-03-01,Zinc,2341.0
2011-04-01,Zinc,2362.0
2011-05-01,Zinc,2167.0
2011-06-01,Zinc,2234.0
2011-07-01,Zinc,2398.0
2011-08-01,Zinc,2200.0
2011-09-01,Zinc,2075.0
2011-10-01,Zinc,1871.0
2011-11-01,Zinc,1935.0
2011-12-01,Zinc,1905.0
2012-01-01,Zinc,1982.0
2012-02-01,Zinc,2058.0
2012-03-01,Zinc,2036.0
2012-04-01,Zinc,2002.0
2012-05-01,Zinc,1936.0
2012-06-01,Zinc,1859.0
2012-07-01,Zinc,1848.0
2012-08-01,Zinc,1818.0
2012-09-01,Zinc,2010.0
2012-10-01,Zinc,1904.0
2012-11-01,Zinc,1912.0
2012-12-01,Zinc,2040.0
2013-01-01,Zinc,2032.0
2013-02-01,Zinc,2129.0
2013-03-01,Zinc,1926.0
2013-04-01,Zinc,1856.0
2013-05-01,Zinc,1832.0
2013-06-01,Zinc,1839.0
2013-07-01,Zinc,1838.0
2013-08-01,Zinc,1899.0
2013-09-01,Zinc,1847.0
2013-10-01,Zinc,1885.0
2013-11-01,Zinc,1866.0
2013-12-01,Zinc,1975.0
2014-01-01,Zinc,2037.0
2014-02-01,Zinc,2035.0
2014-03-01,Zinc,2008.0
2014-04-01,Zinc,2027.0
2014-05-01,Zinc,2059.0
2014-06-01,Zinc,2128.0
2014-07-01,Zinc,2311.0
2014-08-01,Zinc,2327.0
2014-09-01,Zinc,2295.0
2014-10-01,Zinc,2277.0
2014-11-01,Zinc,2253.0
2014-12-01,Zinc,2176.0
2015-01-01,Zinc,2113.0
2015-02-01,Zinc,2098.0
2015-03-01,Zinc,2029.0
2015-04-01,Zinc,2213.0
2015-05-01,Zinc,2282.0
2015-06-01,Zinc,2082.0
2015-07-01,Zinc,2001.0
2015-08-01,Zinc,1808.0
2015-09-01,Zinc,1720.0
2015-10-01,Zinc,1724.0
2015-11-01,Zinc,1583.0
2015-12-01,Zinc,1528.0
2016-01-01,Zinc,1520.0
2016-02-01,Zinc,1710.0
2016-03-01,Zinc,1802.0
2016-04-01,Zinc,1855.0
2016-05-01,Zinc,1869.0
2016-06-01,Zinc,2026.0
2016-07-01,Zinc,2183.0
2016-08-01,Zinc,2279.0
2016-09-01,Zinc,2292.0
2016-10-01,Zinc,2312.0
2016-11-01,Zinc,2566.0
2016-12-01,Zinc,2665.0
2017-01-01,Zinc,2715.0
2017-02-01,Zinc,2846.0
2017-03-01,Zinc,2777.0
2017-04-01,Zinc,2615.0
2017-05-01,Zinc,2590.0
2017-06-01,Zinc,2573.0
2017-07-01,Zinc,2787.0
2017-08-01,Zinc,2981.0
2017-09-01,Zinc,3117.0
2017-10-01,Zinc,3265.0
2017-11-01,Zinc,3229.0
2017-12-01,Zinc,3196.0
2018-01-01,Zinc,3442.0
2018-02-01,Zinc,3533.0
2018-03-01,Zinc,3269.0
2018-04-01,Zinc,3188.0
2018-05-01,Zinc,3060.0
2018-06-01,Zinc,3089.0
2018-07-01,Zinc,2656.0
2018-08-01,Zinc,2512.0
2018-09-01,Zinc,2435.0
2018-10-01,Zinc,2674.0
2018-11-01,Zinc,2596.0
2018-12-01,Zinc,2616.0
2019-01-01,Zinc,2570.0
2019-02-01,Zinc,2707.0
2019-03-01,Zinc,2851.0
2019-04-01,Zinc,2933.0
2019-05-01,Zinc,2743.0
2019-06-01,Zinc,2601.0
2019-07-01,Zinc,2447.0
2019-08-01,Zinc,2273.0
2019-09-01,Zinc,2332.0
2019-10-01,Zinc,2452.0
2019-11-01,Zinc,2425.0
2019-12-01,Zinc,2273.0
2020-01-01,Zinc,2354.0
2020-02-01,Zinc,2113.0
2020-03-01,Zinc,1904.0
2020-04-01,Zinc,1903.0
2020-05-01,Zinc,1975.0
2020-06-01,Zinc,2026.0
2020-07-01,Zinc,2177.0
2020-08-01,Zinc,2410.0
2020-09-01,Zinc,2442.0
2020-10-01,Zinc,2441.0
2020-11-01,Zinc,2672.0
2020-12-01,Zinc,2780.0
2021-01-01,Zinc,2705.0
2021-02-01,Zinc,2745.0
2021-03-01,Zinc,2792.0
2021-04-01,Zinc,2829.0
2021-05-01,Zinc,2966.0
2021-06-01,Zinc,2952.0
2021-07-01,Zinc,2948.0
2021-08-01,Zinc,2988.0
2021-09-01,Zinc,3036.0
2021-10-01,Zinc,3360.0
2021-11-01,Zinc,3311.0
2021-12-01,Zinc,3399.0
2022-01-01,Zinc,3599.0
2022-02-01,Zinc,3620.0
2022-03-01,Zinc,3962.0
2022-04-01,Zinc,4360.0
2022-05-01,Zinc,3751.0
2022-06-01,Zinc,3630.0
2022-07-01,Zinc,3105.0
2022-08-01,Zinc,3588.0
2022-09-01,Zinc,3125.0
2022-10-01,Zinc,2967.0
2022-11-01,Zinc,2939.0
2022-12-01,Zinc,3129.0
2023-01-01,Zinc,3310.0
2023-02-01,Zinc,3134.0
2023-03-01,Zinc,2967.0
2023-04-01,Zinc,2768.0
2023-05-01,Zinc,2476.0
2023-06-01,Zinc,2375.0
2023-07-01,Zinc,2405.0
2023-08-01,Zinc,2407.0
2023-09-01,Zinc,2496.0
2023-10-01,Zinc,2449.0
2023-11-01,Zinc,2544.0
2023-12-01,Zinc,2502.0
2024-01-01,Zinc,2515.0
2024-02-01,Zinc,2360.0
2024-03-01,Zinc,2461.0
2024-04-01,Zinc,2733.0
2024-05-01,Zinc,2959.0
2024-06-01,Zinc,2809.0
2024-07-01,Zinc,2777.0
2024-08-01,Zinc,2714.0
2024-09-01,Zinc,2837.0
2024-10-01,Zinc,3106.0
2024-11-01,Zinc,3004.0
2024-12-01,Zinc,3034.0
2025-01-01,Zinc,2819.0
2025-02-01,Zinc,2800.0
2025-03-01,Zinc,2889.0
2025-04-01,Zinc,2622.0
2025-05-01,Zinc,2644.0
2025-06-01,Zinc,2655.0
2025-07-01,Zinc,2763.0
2025-08-01,Zinc,2789.0
2025-09-01,Zinc,2933.0
2025-10-01,Zinc,3152.0
2025-11-01,Zinc,3177.0
2025-12-01,Zinc,3168.0
2026-01-01,Zinc,3213.0
2026-02-01,Zinc,3324.0
2026-03-01,Zinc,3182.0
2026-04-01,Zinc,3364.0
2026-05-01,Zinc,3482.0
2026-06-01,Zinc,3539.0
2026-07-01,Zinc,3599.0
1960-01-01,"Iron ore, cfr spot",11.4
1960-02-01,"Iron ore, cfr spot",11.4
1960-03-01,"Iron ore, cfr spot",11.4
1960-04-01,"Iron ore, cfr spot",11.4
1960-05-01,"Iron ore, cfr spot",11.4
1960-06-01,"Iron ore, cfr spot",11.4
1960-07-01,"Iron ore, cfr spot",11.4
1960-08-01,"Iron ore, cfr spot",11.4
1960-09-01,"Iron ore, cfr spot",11.4
1960-10-01,"Iron ore, cfr spot",11.4
1960-11-01,"Iron ore, cfr spot",11.4
1960-12-01,"Iron ore, cfr spot",11.4
1961-01-01,"Iron ore, cfr spot",11.0
1961-02-01,"Iron ore, cfr spot",11.0
1961-03-01,"Iron ore, cfr spot",11.0
1961-04-01,"Iron ore, cfr spot",11.0
1961-05-01,"Iron ore, cfr spot",11.0
1961-06-01,"Iron ore, cfr spot",11.0
1961-07-01,"Iron ore, cfr spot",11.0
1961-08-01,"Iron ore, cfr spot",11.0
1961-09-01,"Iron ore, cfr spot",11.0
1961-10-01,"Iron ore, cfr spot",11.0
1961-11-01,"Iron ore, cfr spot",11.0
1961-12-01,"Iron ore, cfr spot",11.0
1962-01-01,"Iron ore, cfr spot",11.0
1962-02-01,"Iron ore, cfr spot",11.0
1962-03-01,"Iron ore, cfr spot",11.0
1962-04-01,"Iron ore, cfr spot",11.0
1962-05-01,"Iron ore, cfr spot",11.0
1962-06-01,"Iron ore, cfr spot",11.0
1962-07-01,"Iron ore, cfr spot",11.0
1962-08-01,"Iron ore, cfr spot",11.0
1962-09-01,"Iron ore, cfr spot",11.0
1962-10-01,"Iron ore, cfr spot",11.0
1962-11-01,"Iron ore, cfr spot",11.0
1962-12-01,"Iron ore, cfr spot",11.0
1963-01-01,"Iron ore, cfr spot",11.0
1963-02-01,"Iron ore, cfr spot",11.0
1963-03-01,"Iron ore, cfr spot",11.0
1963-04-01,"Iron ore, cfr spot",11.0
1963-05-01,"Iron ore, cfr spot",11.0
1963-06-01,"Iron ore, cfr spot",11.0
1963-07-01,"Iron ore, cfr spot",11.0
1963-08-01,"Iron ore, cfr spot",11.0
1963-09-01,"Iron ore, cfr spot",11.0
1963-10-01,"Iron ore, cfr spot",11.0
1963-11-01,"Iron ore, cfr spot",11.0
1963-12-01,"Iron ore, cfr spot",11.0
1964-01-01,"Iron ore, cfr spot",10.2
1964-02-01,"Iron ore, cfr spot",10.2
1964-03-01,"Iron ore, cfr spot",10.2
1964-04-01,"Iron ore, cfr spot",10.2
1964-05-01,"Iron ore, cfr spot",10.2
1964-06-01,"Iron ore, cfr spot",10.2
1964-07-01,"Iron ore, cfr spot",10.2
1964-08-01,"Iron ore, cfr spot",10.2
1964-09-01,"Iron ore, cfr spot",10.2
1964-10-01,"Iron ore, cfr spot",10.2
1964-11-01,"Iron ore, cfr spot",10.2
1964-12-01,"Iron ore, cfr spot",10.2
1965-01-01,"Iron ore, cfr spot",10.2
1965-02-01,"Iron ore, cfr spot",10.2
1965-03-01,"Iron ore, cfr spot",10.2
1965-04-01,"Iron ore, cfr spot",10.2
1965-05-01,"Iron ore, cfr spot",15.3
1965-06-01,"Iron ore, cfr spot",10.2
1965-07-01,"Iron ore, cfr spot",10.2
1965-08-01,"Iron ore, cfr spot",10.2
1965-09-01,"Iron ore, cfr spot",10.2
1965-10-01,"Iron ore, cfr spot",10.2
1965-11-01,"Iron ore, cfr spot",10.2
1965-12-01,"Iron ore, cfr spot",10.2
1966-01-01,"Iron ore, cfr spot",9.5
1966-02-01,"Iron ore, cfr spot",9.5
1966-03-01,"Iron ore, cfr spot",9.5
1966-04-01,"Iron ore, cfr spot",9.5
1966-05-01,"Iron ore, cfr spot",9.5
1966-06-01,"Iron ore, cfr spot",9.5
1966-07-01,"Iron ore, cfr spot",9.5
1966-08-01,"Iron ore, cfr spot",9.5
1966-09-01,"Iron ore, cfr spot",9.5
1966-10-01,"Iron ore, cfr spot",9.5
1966-11-01,"Iron ore, cfr spot",9.5
1966-12-01,"Iron ore, cfr spot",9.5
1967-01-01,"Iron ore, cfr spot",8.9
1967-02-01,"Iron ore, cfr spot",8.9
1967-03-01,"Iron ore, cfr spot",8.9
1967-04-01,"Iron ore, cfr spot",8.9
1967-05-01,"Iron ore, cfr spot",8.9
1967-06-01,"Iron ore, cfr spot",8.9
1967-07-01,"Iron ore, cfr spot",8.9
1967-08-01,"Iron ore, cfr spot",8.9
1967-09-01,"Iron ore, cfr spot",8.9
1967-10-01,"Iron ore, cfr spot",8.9
1967-11-01,"Iron ore, cfr spot",8.9
1967-12-01,"Iron ore, cfr spot",8.9
1968-01-01,"Iron ore, cfr spot",8.8
1968-02-01,"Iron ore, cfr spot",8.8
1968-03-01,"Iron ore, cfr spot",8.8
1968-04-01,"Iron ore, cfr spot",8.8
1968-05-01,"Iron ore, cfr spot",8.8
1968-06-01,"Iron ore, cfr spot",8.8
1968-07-01,"Iron ore, cfr spot",8.8
1968-08-01,"Iron ore, cfr spot",8.8
1968-09-01,"Iron ore, cfr spot",8.8
1968-10-01,"Iron ore, cfr spot",8.8
1968-11-01,"Iron ore, cfr spot",8.8
1968-12-01,"Iron ore, cfr spot",8.8
1969-01-01,"Iron ore, cfr spot",9.8
1969-02-01,"Iron ore, cfr spot",9.8
1969-03-01,"Iron ore, cfr spot",9.8
1969-04-01,"Iron ore, cfr spot",9.8
1969-05-01,"Iron ore, cfr spot",9.8
1969-06-01,"Iron ore, cfr spot",9.8
1969-07-01,"Iron ore, cfr spot",9.8
1969-08-01,"Iron ore, cfr spot",9.8
1969-09-01,"Iron ore, cfr spot",9.8
1969-10-01,"Iron ore, cfr spot",9.8
1969-11-01,"Iron ore, cfr spot",9.8
1969-12-01,"Iron ore, cfr spot",9.8
1970-01-01,"Iron ore, cfr spot",9.8
1970-02-01,"Iron ore, cfr spot",9.8
1970-03-01,"Iron ore, cfr spot",9.8
1970-04-01,"Iron ore, cfr spot",9.8
1970-05-01,"Iron ore, cfr spot",9.8
1970-06-01,"Iron ore, cfr spot",9.8
1970-07-01,"Iron ore, cfr spot",9.8
1970-08-01,"Iron ore, cfr spot",9.8
1970-09-01,"Iron ore, cfr spot",9.8
1970-10-01,"Iron ore, cfr spot",9.8
1970-11-01,"Iron ore, cfr spot",9.8
1970-12-01,"Iron ore, cfr spot",9.8
1971-01-01,"Iron ore, cfr spot",10.3
1971-02-01,"Iron ore, cfr spot",10.3
1971-03-01,"Iron ore, cfr spot",10.3
1971-04-01,"Iron ore, cfr spot",10.3
1971-05-01,"Iron ore, cfr spot",10.3
1971-06-01,"Iron ore, cfr spot",10.3
1971-07-01,"Iron ore, cfr spot",10.3
1971-08-01,"Iron ore, cfr spot",10.3
1971-09-01,"Iron ore, cfr spot",10.3
1971-10-01,"Iron ore, cfr spot",10.3
1971-11-01,"Iron ore, cfr spot",10.3
1971-12-01,"Iron ore, cfr spot",10.3
1972-01-01,"Iron ore, cfr spot",10.3
1972-02-01,"Iron ore, cfr spot",10.3
1972-03-01,"Iron ore, cfr spot",10.3
1972-04-01,"Iron ore, cfr spot",10.3
1972-05-01,"Iron ore, cfr spot",10.3
1972-06-01,"Iron ore, cfr spot",10.3
1972-07-01,"Iron ore, cfr spot",10.3
1972-08-01,"Iron ore, cfr spot",10.3
1972-09-01,"Iron ore, cfr spot",10.3
1972-10-01,"Iron ore, cfr spot",10.3
1972-11-01,"Iron ore, cfr spot",10.3
1972-12-01,"Iron ore, cfr spot",10.3
1973-01-01,"Iron ore, cfr spot",10.3
1973-02-01,"Iron ore, cfr spot",10.3
1973-03-01,"Iron ore, cfr spot",10.3
1973-04-01,"Iron ore, cfr spot",10.3
1973-05-01,"Iron ore, cfr spot",10.3
1973-06-01,"Iron ore, cfr spot",10.3
1973-07-01,"Iron ore, cfr spot",10.3
1973-08-01,"Iron ore, cfr spot",10.3
1973-09-01,"Iron ore, cfr spot",10.3
1973-10-01,"Iron ore, cfr spot",10.3
1973-11-01,"Iron ore, cfr spot",10.3
1973-12-01,"Iron ore, cfr spot",10.3
1974-01-01,"Iron ore, cfr spot",13.4
1974-02-01,"Iron ore, cfr spot",13.4
1974-03-01,"Iron ore, cfr spot",13.4
1974-04-01,"Iron ore, cfr spot",13.4
1974-05-01,"Iron ore, cfr spot",13.4
1974-06-01,"Iron ore, cfr spot",13.4
1974-07-01,"Iron ore, cfr spot",13.4
1974-08-01,"Iron ore, cfr spot",13.4
1974-09-01,"Iron ore, cfr spot",13.4
1974-10-01,"Iron ore, cfr spot",13.4
1974-11-01,"Iron ore, cfr spot",13.4
1974-12-01,"Iron ore, cfr spot",13.4
1975-01-01,"Iron ore, cfr spot",17.3
1975-02-01,"Iron ore, cfr spot",17.3
1975-03-01,"Iron ore, cfr spot",17.3
1975-04-01,"Iron ore, cfr spot",17.3
1975-05-01,"Iron ore, cfr spot",17.3
1975-06-01,"Iron ore, cfr spot",17.3
1975-07-01,"Iron ore, cfr spot",17.3
1975-08-01,"Iron ore, cfr spot",17.3
1975-09-01,"Iron ore, cfr spot",17.3
1975-10-01,"Iron ore, cfr spot",17.3
1975-11-01,"Iron ore, cfr spot",17.3
1975-12-01,"Iron ore, cfr spot",17.3
1976-01-01,"Iron ore, cfr spot",22.7
1976-02-01,"Iron ore, cfr spot",22.7
1976-03-01,"Iron ore, cfr spot",22.7
1976-04-01,"Iron ore, cfr spot",22.7
1976-05-01,"Iron ore, cfr spot",22.7
1976-06-01,"Iron ore, cfr spot",22.7
1976-07-01,"Iron ore, cfr spot",22.7
1976-08-01,"Iron ore, cfr spot",22.7
1976-09-01,"Iron ore, cfr spot",22.7
1976-10-01,"Iron ore, cfr spot",22.7
1976-11-01,"Iron ore, cfr spot",22.7
1976-12-01,"Iron ore, cfr spot",22.7
1977-01-01,"Iron ore, cfr spot",23.1
1977-02-01,"Iron ore, cfr spot",23.1
1977-03-01,"Iron ore, cfr spot",23.1
1977-04-01,"Iron ore, cfr spot",23.1
1977-05-01,"Iron ore, cfr spot",23.1
1977-06-01,"Iron ore, cfr spot",23.1
1977-07-01,"Iron ore, cfr spot",23.1
1977-08-01,"Iron ore, cfr spot",23.1
1977-09-01,"Iron ore, cfr spot",23.1
1977-10-01,"Iron ore, cfr spot",23.1
1977-11-01,"Iron ore, cfr spot",23.1
1977-12-01,"Iron ore, cfr spot",23.1
1978-01-01,"Iron ore, cfr spot",21.5
1978-02-01,"Iron ore, cfr spot",21.5
1978-03-01,"Iron ore, cfr spot",21.5
1978-04-01,"Iron ore, cfr spot",21.5
1978-05-01,"Iron ore, cfr spot",21.5
1978-06-01,"Iron ore, cfr spot",21.5
1978-07-01,"Iron ore, cfr spot",21.5
1978-08-01,"Iron ore, cfr spot",21.5
1978-09-01,"Iron ore, cfr spot",21.5
1978-10-01,"Iron ore, cfr spot",21.5
1978-11-01,"Iron ore, cfr spot",21.5
1978-12-01,"Iron ore, cfr spot",21.5
1979-01-01,"Iron ore, cfr spot",23.5
1979-02-01,"Iron ore, cfr spot",23.5
1979-03-01,"Iron ore, cfr spot",23.5
1979-04-01,"Iron ore, cfr spot",23.5
1979-05-01,"Iron ore, cfr spot",23.5
1979-06-01,"Iron ore, cfr spot",23.5
1979-07-01,"Iron ore, cfr spot",23.5
1979-08-01,"Iron ore, cfr spot",23.5
1979-09-01,"Iron ore, cfr spot",23.5
1979-10-01,"Iron ore, cfr spot",23.5
1979-11-01,"Iron ore, cfr spot",23.5
1979-12-01,"Iron ore, cfr spot",23.5
1980-01-01,"Iron ore, cfr spot",28.1
1980-02-01,"Iron ore, cfr spot",28.1
1980-03-01,"Iron ore, cfr spot",28.1
1980-04-01,"Iron ore, cfr spot",28.1
1980-05-01,"Iron ore, cfr spot",28.1
1980-06-01,"Iron ore, cfr spot",28.1
1980-07-01,"Iron ore, cfr spot",28.1
1980-08-01,"Iron ore, cfr spot",28.1
1980-09-01,"Iron ore, cfr spot",28.1
1980-10-01,"Iron ore, cfr spot",28.1
1980-11-01,"Iron ore, cfr spot",28.1
1980-12-01,"Iron ore, cfr spot",28.1
1981-01-01,"Iron ore, cfr spot",28.1
1981-02-01,"Iron ore, cfr spot",28.1
1981-03-01,"Iron ore, cfr spot",28.1
1981-04-01,"Iron ore, cfr spot",28.1
1981-05-01,"Iron ore, cfr spot",28.1
1981-06-01,"Iron ore, cfr spot",28.1
1981-07-01,"Iron ore, cfr spot",28.1
1981-08-01,"Iron ore, cfr spot",28.1
1981-09-01,"Iron ore, cfr spot",28.1
1981-10-01,"Iron ore, cfr spot",28.1
1981-11-01,"Iron ore, cfr spot",28.1
1981-12-01,"Iron ore, cfr spot",28.1
1982-01-01,"Iron ore, cfr spot",32.5
1982-02-01,"Iron ore, cfr spot",32.5
1982-03-01,"Iron ore, cfr spot",32.5
1982-04-01,"Iron ore, cfr spot",32.5
1982-05-01,"Iron ore, cfr spot",32.5
1982-06-01,"Iron ore, cfr spot",32.5
1982-07-01,"Iron ore, cfr spot",32.5
1982-08-01,"Iron ore, cfr spot",32.5
1982-09-01,"Iron ore, cfr spot",32.5
1982-10-01,"Iron ore, cfr spot",32.5
1982-11-01,"Iron ore, cfr spot",32.5
1982-12-01,"Iron ore, cfr spot",32.5
1983-01-01,"Iron ore, cfr spot",29.0
1983-02-01,"Iron ore, cfr spot",29.0
1983-03-01,"Iron ore, cfr spot",29.0
1983-04-01,"Iron ore, cfr spot",29.0
1983-05-01,"Iron ore, cfr spot",29.0
1983-06-01,"Iron ore, cfr spot",29.0
1983-07-01,"Iron ore, cfr spot",29.0
1983-08-01,"Iron ore, cfr spot",29.0
1983-09-01,"Iron ore, cfr spot",29.0
1983-10-01,"Iron ore, cfr spot",29.0
1983-11-01,"Iron ore, cfr spot",29.0
1983-12-01,"Iron ore, cfr spot",29.0
1984-01-01,"Iron ore, cfr spot",26.2
1984-02-01,"Iron ore, cfr spot",26.2
1984-03-01,"Iron ore, cfr spot",26.2
1984-04-01,"Iron ore, cfr spot",26.2
1984-05-01,"Iron ore, cfr spot",26.2
1984-06-01,"Iron ore, cfr spot",26.2
1984-07-01,"Iron ore, cfr spot",26.2
1984-08-01,"Iron ore, cfr spot",26.2
1984-09-01,"Iron ore, cfr spot",26.2
1984-10-01,"Iron ore, cfr spot",26.2
1984-11-01,"Iron ore, cfr spot",26.2
1984-12-01,"Iron ore, cfr spot",26.2
1985-01-01,"Iron ore, cfr spot",26.6
1985-02-01,"Iron ore, cfr spot",26.6
1985-03-01,"Iron ore, cfr spot",26.6
1985-04-01,"Iron ore, cfr spot",26.6
1985-05-01,"Iron ore, cfr spot",26.6
1985-06-01,"Iron ore, cfr spot",26.6
1985-07-01,"Iron ore, cfr spot",26.6
1985-08-01,"Iron ore, cfr spot",26.6
1985-09-01,"Iron ore, cfr spot",26.6
1985-10-01,"Iron ore, cfr spot",26.6
1985-11-01,"Iron ore, cfr spot",26.6
1985-12-01,"Iron ore, cfr spot",26.6
1986-01-01,"Iron ore, cfr spot",26.3
1986-02-01,"Iron ore, cfr spot",26.3
1986-03-01,"Iron ore, cfr spot",26.3
1986-04-01,"Iron ore, cfr spot",26.3
1986-05-01,"Iron ore, cfr spot",26.3
1986-06-01,"Iron ore, cfr spot",26.3
1986-07-01,"Iron ore, cfr spot",26.3
1986-08-01,"Iron ore, cfr spot",26.3
1986-09-01,"Iron ore, cfr spot",26.3
1986-10-01,"Iron ore, cfr spot",26.3
1986-11-01,"Iron ore, cfr spot",26.3
1986-12-01,"Iron ore, cfr spot",26.3
1987-01-01,"Iron ore, cfr spot",25.3
1987-02-01,"Iron ore, cfr spot",25.3
1987-03-01,"Iron ore, cfr spot",25.3
1987-04-01,"Iron ore, cfr spot",25.3
1987-05-01,"Iron ore, cfr spot",25.3
1987-06-01,"Iron ore, cfr spot",25.3
1987-07-01,"Iron ore, cfr spot",25.3
1987-08-01,"Iron ore, cfr spot",25.3
1987-09-01,"Iron ore, cfr spot",25.3
1987-10-01,"Iron ore, cfr spot",25.3
1987-11-01,"Iron ore, cfr spot",25.3
1987-12-01,"Iron ore, cfr spot",25.3
1988-01-01,"Iron ore, cfr spot",24.3
1988-02-01,"Iron ore, cfr spot",24.3
1988-03-01,"Iron ore, cfr spot",24.3
1988-04-01,"Iron ore, cfr spot",24.3
1988-05-01,"Iron ore, cfr spot",24.3
1988-06-01,"Iron ore, cfr spot",24.3
1988-07-01,"Iron ore, cfr spot",24.3
1988-08-01,"Iron ore, cfr spot",24.3
1988-09-01,"Iron ore, cfr spot",24.3
1988-10-01,"Iron ore, cfr spot",24.3
1988-11-01,"Iron ore, cfr spot",24.3
1988-12-01,"Iron ore, cfr spot",24.3
1989-01-01,"Iron ore, cfr spot",27.8
1989-02-01,"Iron ore, cfr spot",27.8
1989-03-01,"Iron ore, cfr spot",27.8
1989-04-01,"Iron ore, cfr spot",27.8
1989-05-01,"Iron ore, cfr spot",27.8
1989-06-01,"Iron ore, cfr spot",27.8
1989-07-01,"Iron ore, cfr spot",27.8
1989-08-01,"Iron ore, cfr spot",27.8
1989-09-01,"Iron ore, cfr spot",27.8
1989-10-01,"Iron ore, cfr spot",27.8
1989-11-01,"Iron ore, cfr spot",27.8
1989-12-01,"Iron ore, cfr spot",27.8
1990-01-01,"Iron ore, cfr spot",32.5
1990-02-01,"Iron ore, cfr spot",32.5
1990-03-01,"Iron ore, cfr spot",32.5
1990-04-01,"Iron ore, cfr spot",32.5
1990-05-01,"Iron ore, cfr spot",32.5
1990-06-01,"Iron ore, cfr spot",32.5
1990-07-01,"Iron ore, cfr spot",32.5
1990-08-01,"Iron ore, cfr spot",32.5
1990-09-01,"Iron ore, cfr spot",32.5
1990-10-01,"Iron ore, cfr spot",32.5
1990-11-01,"Iron ore, cfr spot",32.5
1990-12-01,"Iron ore, cfr spot",32.5
1991-01-01,"Iron ore, cfr spot",34.8
1991-02-01,"Iron ore, cfr spot",34.8
1991-03-01,"Iron ore, cfr spot",34.8
1991-04-01,"Iron ore, cfr spot",34.8
1991-05-01,"Iron ore, cfr spot",34.8
1991-06-01,"Iron ore, cfr spot",34.8
1991-07-01,"Iron ore, cfr spot",34.8
1991-08-01,"Iron ore, cfr spot",34.8
1991-09-01,"Iron ore, cfr spot",34.8
1991-10-01,"Iron ore, cfr spot",34.8
1991-11-01,"Iron ore, cfr spot",34.8
1991-12-01,"Iron ore, cfr spot",34.8
1992-01-01,"Iron ore, cfr spot",33.1
1992-02-01,"Iron ore, cfr spot",33.1
1992-03-01,"Iron ore, cfr spot",33.1
1992-04-01,"Iron ore, cfr spot",33.1
1992-05-01,"Iron ore, cfr spot",33.1
1992-06-01,"Iron ore, cfr spot",33.1
1992-07-01,"Iron ore, cfr spot",33.1
1992-08-01,"Iron ore, cfr spot",33.1
1992-09-01,"Iron ore, cfr spot",33.1
1992-10-01,"Iron ore, cfr spot",33.1
1992-11-01,"Iron ore, cfr spot",33.1
1992-12-01,"Iron ore, cfr spot",33.1
1993-01-01,"Iron ore, cfr spot",29.1
1993-02-01,"Iron ore, cfr spot",29.1
1993-03-01,"Iron ore, cfr spot",29.1
1993-04-01,"Iron ore, cfr spot",29.1
1993-05-01,"Iron ore, cfr spot",29.1
1993-06-01,"Iron ore, cfr spot",29.1
1993-07-01,"Iron ore, cfr spot",29.1
1993-08-01,"Iron ore, cfr spot",29.1
1993-09-01,"Iron ore, cfr spot",29.1
1993-10-01,"Iron ore, cfr spot",29.1
1993-11-01,"Iron ore, cfr spot",29.1
1993-12-01,"Iron ore, cfr spot",29.1
1994-01-01,"Iron ore, cfr spot",26.5
1994-02-01,"Iron ore, cfr spot",26.5
1994-03-01,"Iron ore, cfr spot",26.5
1994-04-01,"Iron ore, cfr spot",26.5
1994-05-01,"Iron ore, cfr spot",26.5
1994-06-01,"Iron ore, cfr spot",26.5
1994-07-01,"Iron ore, cfr spot",26.5
1994-08-01,"Iron ore, cfr spot",26.5
1994-09-01,"Iron ore, cfr spot",26.5
1994-10-01,"Iron ore, cfr spot",26.5
1994-11-01,"Iron ore, cfr spot",26.5
1994-12-01,"Iron ore, cfr spot",26.5
1995-01-01,"Iron ore, cfr spot",28.4
1995-02-01,"Iron ore, cfr spot",28.4
1995-03-01,"Iron ore, cfr spot",28.4
1995-04-01,"Iron ore, cfr spot",28.4
1995-05-01,"Iron ore, cfr spot",28.4
1995-06-01,"Iron ore, cfr spot",28.4
1995-07-01,"Iron ore, cfr spot",28.4
1995-08-01,"Iron ore, cfr spot",28.4
1995-09-01,"Iron ore, cfr spot",28.4
1995-10-01,"Iron ore, cfr spot",28.4
1995-11-01,"Iron ore, cfr spot",28.4
1995-12-01,"Iron ore, cfr spot",28.4
1996-01-01,"Iron ore, cfr spot",30.0
1996-02-01,"Iron ore, cfr spot",30.0
1996-03-01,"Iron ore, cfr spot",30.0
1996-04-01,"Iron ore, cfr spot",30.0
1996-05-01,"Iron ore, cfr spot",30.0
1996-06-01,"Iron ore, cfr spot",30.0
1996-07-01,"Iron ore, cfr spot",30.0
1996-08-01,"Iron ore, cfr spot",30.0
1996-09-01,"Iron ore, cfr spot",30.0
1996-10-01,"Iron ore, cfr spot",30.0
1996-11-01,"Iron ore, cfr spot",30.0
1996-12-01,"Iron ore, cfr spot",30.0
1997-01-01,"Iron ore, cfr spot",30.2
1997-02-01,"Iron ore, cfr spot",30.2
1997-03-01,"Iron ore, cfr spot",30.2
1997-04-01,"Iron ore, cfr spot",30.2
1997-05-01,"Iron ore, cfr spot",30.2
1997-06-01,"Iron ore, cfr spot",30.2
1997-07-01,"Iron ore, cfr spot",30.2
1997-08-01,"Iron ore, cfr spot",30.2
1997-09-01,"Iron ore, cfr spot",30.2
1997-10-01,"Iron ore, cfr spot",30.2
1997-11-01,"Iron ore, cfr spot",30.2
1997-12-01,"Iron ore, cfr spot",30.2
1998-01-01,"Iron ore, cfr spot",31.0
1998-02-01,"Iron ore, cfr spot",31.0
1998-03-01,"Iron ore, cfr spot",31.0
1998-04-01,"Iron ore, cfr spot",31.0
1998-05-01,"Iron ore, cfr spot",31.0
1998-06-01,"Iron ore, cfr spot",31.0
1998-07-01,"Iron ore, cfr spot",31.0
1998-08-01,"Iron ore, cfr spot",31.0
1998-09-01,"Iron ore, cfr spot",31.0
1998-10-01,"Iron ore, cfr spot",31.0
1998-11-01,"Iron ore, cfr spot",31.0
1998-12-01,"Iron ore, cfr spot",31.0
1999-01-01,"Iron ore, cfr spot",27.6
1999-02-01,"Iron ore, cfr spot",27.6
1999-03-01,"Iron ore, cfr spot",27.6
1999-04-01,"Iron ore, cfr spot",27.6
1999-05-01,"Iron ore, cfr spot",27.6
1999-06-01,"Iron ore, cfr spot",27.6
1999-07-01,"Iron ore, cfr spot",27.6
1999-08-01,"Iron ore, cfr spot",27.6
1999-09-01,"Iron ore, cfr spot",27.6
1999-10-01,"Iron ore, cfr spot",27.6
1999-11-01,"Iron ore, cfr spot",27.6
1999-12-01,"Iron ore, cfr spot",27.6
2000-01-01,"Iron ore, cfr spot",28.8
2000-02-01,"Iron ore, cfr spot",28.8
2000-03-01,"Iron ore, cfr spot",28.8
2000-04-01,"Iron ore, cfr spot",28.8
2000-05-01,"Iron ore, cfr spot",28.8
2000-06-01,"Iron ore, cfr spot",28.8
2000-07-01,"Iron ore, cfr spot",28.8
2000-08-01,"Iron ore, cfr spot",28.8
2000-09-01,"Iron ore, cfr spot",28.8
2000-10-01,"Iron ore, cfr spot",28.8
2000-11-01,"Iron ore, cfr spot",28.8
2000-12-01,"Iron ore, cfr spot",28.8
2001-01-01,"Iron ore, cfr spot",30.0
2001-02-01,"Iron ore, cfr spot",30.0
2001-03-01,"Iron ore, cfr spot",30.0
2001-04-01,"Iron ore, cfr spot",30.0
2001-05-01,"Iron ore, cfr spot",30.0
2001-06-01,"Iron ore, cfr spot",30.0
2001-07-01,"Iron ore, cfr spot",30.0
2001-08-01,"Iron ore, cfr spot",30.0
2001-09-01,"Iron ore, cfr spot",30.0
2001-10-01,"Iron ore, cfr spot",30.0
2001-11-01,"Iron ore, cfr spot",30.0
2001-12-01,"Iron ore, cfr spot",30.0
2002-01-01,"Iron ore, cfr spot",29.3
2002-02-01,"Iron ore, cfr spot",29.3
2002-03-01,"Iron ore, cfr spot",29.3
2002-04-01,"Iron ore, cfr spot",29.3
2002-05-01,"Iron ore, cfr spot",29.3
2002-06-01,"Iron ore, cfr spot",29.3
2002-07-01,"Iron ore, cfr spot",29.3
2002-08-01,"Iron ore, cfr spot",29.3
2002-09-01,"Iron ore, cfr spot",29.3
2002-10-01,"Iron ore, cfr spot",29.3
2002-11-01,"Iron ore, cfr spot",29.3
2002-12-01,"Iron ore, cfr spot",29.3
2003-01-01,"Iron ore, cfr spot",32.0
2003-02-01,"Iron ore, cfr spot",32.0
2003-03-01,"Iron ore, cfr spot",32.0
2003-04-01,"Iron ore, cfr spot",32.0
2003-05-01,"Iron ore, cfr spot",32.0
2003-06-01,"Iron ore, cfr spot",32.0
2003-07-01,"Iron ore, cfr spot",32.0
2003-08-01,"Iron ore, cfr spot",32.0
2003-09-01,"Iron ore, cfr spot",32.0
2003-10-01,"Iron ore, cfr spot",32.0
2003-11-01,"Iron ore, cfr spot",32.0
2003-12-01,"Iron ore, cfr spot",32.0
2004-01-01,"Iron ore, cfr spot",37.9
2004-02-01,"Iron ore, cfr spot",37.9
2004-03-01,"Iron ore, cfr spot",37.9
2004-04-01,"Iron ore, cfr spot",37.9
2004-05-01,"Iron ore, cfr spot",37.9
2004-06-01,"Iron ore, cfr spot",37.9
2004-07-01,"Iron ore, cfr spot",37.9
2004-08-01,"Iron ore, cfr spot",37.9
2004-09-01,"Iron ore, cfr spot",37.9
2004-10-01,"Iron ore, cfr spot",37.9
2004-11-01,"Iron ore, cfr spot",37.9
2004-12-01,"Iron ore, cfr spot",37.9
2005-01-01,"Iron ore, cfr spot",65.0
2005-02-01,"Iron ore, cfr spot",65.0
2005-03-01,"Iron ore, cfr spot",65.0
2005-04-01,"Iron ore, cfr spot",65.0
2005-05-01,"Iron ore, cfr spot",65.0
2005-06-01,"Iron ore, cfr spot",65.0
2005-07-01,"Iron ore, cfr spot",65.0
2005-08-01,"Iron ore, cfr spot",65.0
2005-09-01,"Iron ore, cfr spot",65.0
2005-10-01,"Iron ore, cfr spot",65.0
2005-11-01,"Iron ore, cfr spot",65.0
2005-12-01,"Iron ore, cfr spot",65.0
2006-01-01,"Iron ore, cfr spot",67.2
2006-02-01,"Iron ore, cfr spot",65.2
2006-03-01,"Iron ore, cfr spot",66.7
2006-04-01,"Iron ore, cfr spot",67.3
2006-05-01,"Iron ore, cfr spot",67.3
2006-06-01,"Iron ore, cfr spot",69.3
2006-07-01,"Iron ore, cfr spot",70.5
2006-08-01,"Iron ore, cfr spot",69.8
2006-09-01,"Iron ore, cfr spot",70.0
2006-10-01,"Iron ore, cfr spot",71.7
2006-11-01,"Iron ore, cfr spot",73.5
2006-12-01,"Iron ore, cfr spot",73.5
2007-01-01,"Iron ore, cfr spot",78.2
2007-02-01,"Iron ore, cfr spot",82.7
2007-03-01,"Iron ore, cfr spot",88.6
2007-04-01,"Iron ore, cfr spot",91.3
2007-05-01,"Iron ore, cfr spot",102.0
2007-06-01,"Iron ore, cfr spot",103.2
2007-07-01,"Iron ore, cfr spot",106.1
2007-08-01,"Iron ore, cfr spot",121.9
2007-09-01,"Iron ore, cfr spot",148.7
2007-10-01,"Iron ore, cfr spot",168.1
2007-11-01,"Iron ore, cfr spot",195.1
2007-12-01,"Iron ore, cfr spot",190.1
2008-01-01,"Iron ore, cfr spot",193.4
2008-02-01,"Iron ore, cfr spot",186.1
2008-03-01,"Iron ore, cfr spot",197.1
2008-04-01,"Iron ore, cfr spot",196.0
2008-05-01,"Iron ore, cfr spot",193.0
2008-06-01,"Iron ore, cfr spot",183.9
2008-07-01,"Iron ore, cfr spot",180.5
2008-08-01,"Iron ore, cfr spot",178.7
2008-09-01,"Iron ore, cfr spot",139.6
2008-10-01,"Iron ore, cfr spot",88.7
2008-11-01,"Iron ore, cfr spot",65.0
2008-12-01,"Iron ore, cfr spot",70.0
2009-01-01,"Iron ore, cfr spot",72.5
2009-02-01,"Iron ore, cfr spot",75.6
2009-03-01,"Iron ore, cfr spot",64.1
2009-04-01,"Iron ore, cfr spot",59.8
2009-05-01,"Iron ore, cfr spot",62.7
2009-06-01,"Iron ore, cfr spot",71.7
2009-07-01,"Iron ore, cfr spot",84.0
2009-08-01,"Iron ore, cfr spot",97.7
2009-09-01,"Iron ore, cfr spot",80.7
2009-10-01,"Iron ore, cfr spot",86.8
2009-11-01,"Iron ore, cfr spot",99.3
2009-12-01,"Iron ore, cfr spot",105.1
2010-01-01,"Iron ore, cfr spot",125.7
2010-02-01,"Iron ore, cfr spot",127.5
2010-03-01,"Iron ore, cfr spot",139.7
2010-04-01,"Iron ore, cfr spot",172.5
2010-05-01,"Iron ore, cfr spot",161.4
2010-06-01,"Iron ore, cfr spot",143.6
2010-07-01,"Iron ore, cfr spot",126.4
2010-08-01,"Iron ore, cfr spot",145.3
2010-09-01,"Iron ore, cfr spot",140.6
2010-10-01,"Iron ore, cfr spot",148.5
2010-11-01,"Iron ore, cfr spot",156.1
2010-12-01,"Iron ore, cfr spot",163.1
2011-01-01,"Iron ore, cfr spot",179.2
2011-02-01,"Iron ore, cfr spot",187.2
2011-03-01,"Iron ore, cfr spot",169.4
2011-04-01,"Iron ore, cfr spot",179.3
2011-05-01,"Iron ore, cfr spot",177.1
2011-06-01,"Iron ore, cfr spot",170.9
2011-07-01,"Iron ore, cfr spot",173.0
2011-08-01,"Iron ore, cfr spot",177.5
2011-09-01,"Iron ore, cfr spot",177.2
2011-10-01,"Iron ore, cfr spot",150.4
2011-11-01,"Iron ore, cfr spot",135.5
2011-12-01,"Iron ore, cfr spot",136.4
2012-01-01,"Iron ore, cfr spot",140.3
2012-02-01,"Iron ore, cfr spot",140.4
2012-03-01,"Iron ore, cfr spot",144.7
2012-04-01,"Iron ore, cfr spot",147.6
2012-05-01,"Iron ore, cfr spot",136.6
2012-06-01,"Iron ore, cfr spot",134.7
2012-07-01,"Iron ore, cfr spot",127.9
2012-08-01,"Iron ore, cfr spot",107.5
2012-09-01,"Iron ore, cfr spot",99.5
2012-10-01,"Iron ore, cfr spot",114.0
2012-11-01,"Iron ore, cfr spot",120.4
2012-12-01,"Iron ore, cfr spot",128.5
2013-01-01,"Iron ore, cfr spot",150.5
2013-02-01,"Iron ore, cfr spot",154.6
2013-03-01,"Iron ore, cfr spot",139.9
2013-04-01,"Iron ore, cfr spot",137.4
2013-05-01,"Iron ore, cfr spot",124.0
2013-06-01,"Iron ore, cfr spot",114.8
2013-07-01,"Iron ore, cfr spot",127.2
2013-08-01,"Iron ore, cfr spot",137.1
2013-09-01,"Iron ore, cfr spot",134.2
2013-10-01,"Iron ore, cfr spot",132.6
2013-11-01,"Iron ore, cfr spot",136.3
2013-12-01,"Iron ore, cfr spot",135.8
2014-01-01,"Iron ore, cfr spot",128.1
2014-02-01,"Iron ore, cfr spot",121.4
2014-03-01,"Iron ore, cfr spot",111.8
2014-04-01,"Iron ore, cfr spot",114.6
2014-05-01,"Iron ore, cfr spot",100.6
2014-06-01,"Iron ore, cfr spot",92.7
2014-07-01,"Iron ore, cfr spot",96.1
2014-08-01,"Iron ore, cfr spot",92.6
2014-09-01,"Iron ore, cfr spot",82.4
2014-10-01,"Iron ore, cfr spot",81.1
2014-11-01,"Iron ore, cfr spot",73.7
2014-12-01,"Iron ore, cfr spot",68.4
2015-01-01,"Iron ore, cfr spot",68.2
2015-02-01,"Iron ore, cfr spot",62.8
2015-03-01,"Iron ore, cfr spot",58.1
2015-04-01,"Iron ore, cfr spot",52.3
2015-05-01,"Iron ore, cfr spot",60.3
2015-06-01,"Iron ore, cfr spot",62.6
2015-07-01,"Iron ore, cfr spot",52.4
2015-08-01,"Iron ore, cfr spot",56.2
2015-09-01,"Iron ore, cfr spot",57.0
2015-10-01,"Iron ore, cfr spot",53.1
2015-11-01,"Iron ore, cfr spot",46.9
2015-12-01,"Iron ore, cfr spot",40.5
2016-01-01,"Iron ore, cfr spot",41.9
2016-02-01,"Iron ore, cfr spot",46.8
2016-03-01,"Iron ore, cfr spot",56.2
2016-04-01,"Iron ore, cfr spot",60.9
2016-05-01,"Iron ore, cfr spot",55.1
2016-06-01,"Iron ore, cfr spot",52.0
2016-07-01,"Iron ore, cfr spot",57.3
2016-08-01,"Iron ore, cfr spot",60.9
2016-09-01,"Iron ore, cfr spot",57.8
2016-10-01,"Iron ore, cfr spot",59.1
2016-11-01,"Iron ore, cfr spot",73.1
2016-12-01,"Iron ore, cfr spot",80.0
2017-01-01,"Iron ore, cfr spot",80.4
2017-02-01,"Iron ore, cfr spot",89.4
2017-03-01,"Iron ore, cfr spot",87.7
2017-04-01,"Iron ore, cfr spot",70.2
2017-05-01,"Iron ore, cfr spot",62.4
2017-06-01,"Iron ore, cfr spot",57.5
2017-07-01,"Iron ore, cfr spot",67.7
2017-08-01,"Iron ore, cfr spot",76.1
2017-09-01,"Iron ore, cfr spot",71.5
2017-10-01,"Iron ore, cfr spot",61.7
2017-11-01,"Iron ore, cfr spot",64.2
2017-12-01,"Iron ore, cfr spot",72.3
2018-01-01,"Iron ore, cfr spot",76.3
2018-02-01,"Iron ore, cfr spot",77.5
2018-03-01,"Iron ore, cfr spot",70.4
2018-04-01,"Iron ore, cfr spot",65.8
2018-05-01,"Iron ore, cfr spot",66.1
2018-06-01,"Iron ore, cfr spot",65.0
2018-07-01,"Iron ore, cfr spot",64.6
2018-08-01,"Iron ore, cfr spot",67.2
2018-09-01,"Iron ore, cfr spot",68.4
2018-10-01,"Iron ore, cfr spot",73.4
2018-11-01,"Iron ore, cfr spot",73.3
2018-12-01,"Iron ore, cfr spot",69.2
2019-01-01,"Iron ore, cfr spot",76.2
2019-02-01,"Iron ore, cfr spot",88.2
2019-03-01,"Iron ore, cfr spot",86.5
2019-04-01,"Iron ore, cfr spot",93.7
2019-05-01,"Iron ore, cfr spot",100.2
2019-06-01,"Iron ore, cfr spot",108.9
2019-07-01,"Iron ore, cfr spot",120.2
2019-08-01,"Iron ore, cfr spot",93.1
2019-09-01,"Iron ore, cfr spot",93.1
2019-10-01,"Iron ore, cfr spot",88.5
2019-11-01,"Iron ore, cfr spot",85.0
2019-12-01,"Iron ore, cfr spot",92.7
2020-01-01,"Iron ore, cfr spot",95.8
2020-02-01,"Iron ore, cfr spot",87.7
2020-03-01,"Iron ore, cfr spot",89.0
2020-04-01,"Iron ore, cfr spot",84.7
2020-05-01,"Iron ore, cfr spot",93.7
2020-06-01,"Iron ore, cfr spot",103.3
2020-07-01,"Iron ore, cfr spot",108.5
2020-08-01,"Iron ore, cfr spot",121.1
2020-09-01,"Iron ore, cfr spot",123.8
2020-10-01,"Iron ore, cfr spot",119.8
2020-11-01,"Iron ore, cfr spot",124.4
2020-12-01,"Iron ore, cfr spot",155.4
2021-01-01,"Iron ore, cfr spot",169.6
2021-02-01,"Iron ore, cfr spot",163.8
2021-03-01,"Iron ore, cfr spot",168.2
2021-04-01,"Iron ore, cfr spot",179.8
2021-05-01,"Iron ore, cfr spot",207.7
2021-06-01,"Iron ore, cfr spot",214.4
2021-07-01,"Iron ore, cfr spot",214.1
2021-08-01,"Iron ore, cfr spot",162.2
2021-09-01,"Iron ore, cfr spot",124.5
2021-10-01,"Iron ore, cfr spot",122.9
2021-11-01,"Iron ore, cfr spot",96.2
2021-12-01,"Iron ore, cfr spot",117.0
2022-01-01,"Iron ore, cfr spot",132.5
2022-02-01,"Iron ore, cfr spot",142.8
2022-03-01,"Iron ore, cfr spot",152.1
2022-04-01,"Iron ore, cfr spot",151.3
2022-05-01,"Iron ore, cfr spot",131.2
2022-06-01,"Iron ore, cfr spot",130.7
2022-07-01,"Iron ore, cfr spot",108.6
2022-08-01,"Iron ore, cfr spot",108.9
2022-09-01,"Iron ore, cfr spot",99.8
2022-10-01,"Iron ore, cfr spot",92.6
2022-11-01,"Iron ore, cfr spot",93.3
2022-12-01,"Iron ore, cfr spot",111.8
2023-01-01,"Iron ore, cfr spot",122.2
2023-02-01,"Iron ore, cfr spot",127.6
2023-03-01,"Iron ore, cfr spot",128.4
2023-04-01,"Iron ore, cfr spot",117.4
2023-05-01,"Iron ore, cfr spot",105.2
2023-06-01,"Iron ore, cfr spot",113.5
2023-07-01,"Iron ore, cfr spot",114.4
2023-08-01,"Iron ore, cfr spot",110.2
2023-09-01,"Iron ore, cfr spot",121.0
2023-10-01,"Iron ore, cfr spot",119.0
2023-11-01,"Iron ore, cfr spot",131.1
2023-12-01,"Iron ore, cfr spot",137.1
2024-01-01,"Iron ore, cfr spot",135.8
2024-02-01,"Iron ore, cfr spot",124.4
2024-03-01,"Iron ore, cfr spot",109.8
2024-04-01,"Iron ore, cfr spot",112.8
2024-05-01,"Iron ore, cfr spot",118.9
2024-06-01,"Iron ore, cfr spot",107.5
2024-07-01,"Iron ore, cfr spot",106.9
2024-08-01,"Iron ore, cfr spot",99.9
2024-09-01,"Iron ore, cfr spot",92.8
2024-10-01,"Iron ore, cfr spot",101.4
2024-11-01,"Iron ore, cfr spot",100.5
2024-12-01,"Iron ore, cfr spot",102.2
2025-01-01,"Iron ore, cfr spot",99.6
2025-02-01,"Iron ore, cfr spot",105.1
2025-03-01,"Iron ore, cfr spot",100.1
2025-04-01,"Iron ore, cfr spot",97.2
2025-05-01,"Iron ore, cfr spot",97.0
2025-06-01,"Iron ore, cfr spot",92.3
2025-07-01,"Iron ore, cfr spot",97.3
2025-08-01,"Iron ore, cfr spot",99.7
2025-09-01,"Iron ore, cfr spot",103.3
2025-10-01,"Iron ore, cfr spot",103.5
2025-11-01,"Iron ore, cfr spot",102.5
2025-12-01,"Iron ore, cfr spot",104.6
2026-01-01,"Iron ore, cfr spot",105.5
2026-02-01,"Iron ore, cfr spot",98.8
2026-03-01,"Iron ore, cfr spot",104.5
2026-04-01,"Iron ore, cfr spot",106.1
2026-05-01,"Iron ore, cfr spot",108.6
2026-06-01,"Iron ore, cfr spot",100.8
2026-07-01,"Iron ore, cfr spot",98.2
1960-01-01,"Wheat, US HRW",59.9
1960-02-01,"Wheat, US HRW",61.0
1960-03-01,"Wheat, US HRW",61.7
1960-04-01,"Wheat, US HRW",61.0
1960-05-01,"Wheat, US HRW",57.7
1960-06-01,"Wheat, US HRW",55.5
1960-07-01,"Wheat, US HRW",54.8
1960-08-01,"Wheat, US HRW",55.1
1960-09-01,"Wheat, US HRW",56.6
1960-10-01,"Wheat, US HRW",57.0
1960-11-01,"Wheat, US HRW",57.7
1960-12-01,"Wheat, US HRW",58.1
1961-01-01,"Wheat, US HRW",58.8
1961-02-01,"Wheat, US HRW",59.2
1961-03-01,"Wheat, US HRW",58.1
1961-04-01,"Wheat, US HRW",57.3
1961-05-01,"Wheat, US HRW",55.9
1961-06-01,"Wheat, US HRW",54.4
1961-07-01,"Wheat, US HRW",56.6
1961-08-01,"Wheat, US HRW",58.8
1961-09-01,"Wheat, US HRW",59.9
1961-10-01,"Wheat, US HRW",60.3
1961-11-01,"Wheat, US HRW",61.7
1961-12-01,"Wheat, US HRW",62.5
1962-01-01,"Wheat, US HRW",60.6
1962-02-01,"Wheat, US HRW",61.4
1962-03-01,"Wheat, US HRW",61.7
1962-04-01,"Wheat, US HRW",62.1
1962-05-01,"Wheat, US HRW",63.6
1962-06-01,"Wheat, US HRW",64.3
1962-07-01,"Wheat, US HRW",65.4
1962-08-01,"Wheat, US HRW",66.5
1962-09-01,"Wheat, US HRW",65.8
1962-10-01,"Wheat, US HRW",64.3
1962-11-01,"Wheat, US HRW",68.7
1962-12-01,"Wheat, US HRW",67.6
1963-01-01,"Wheat, US HRW",67.2
1963-02-01,"Wheat, US HRW",68.3
1963-03-01,"Wheat, US HRW",69.5
1963-04-01,"Wheat, US HRW",70.9
1963-05-01,"Wheat, US HRW",67.6
1963-06-01,"Wheat, US HRW",58.4
1963-07-01,"Wheat, US HRW",57.7
1963-08-01,"Wheat, US HRW",58.4
1963-09-01,"Wheat, US HRW",60.6
1963-10-01,"Wheat, US HRW",65.0
1963-11-01,"Wheat, US HRW",65.0
1963-12-01,"Wheat, US HRW",65.0
1964-01-01,"Wheat, US HRW",64.0
1964-02-01,"Wheat, US HRW",66.1
1964-03-01,"Wheat, US HRW",66.9
1964-04-01,"Wheat, US HRW",67.6
1964-05-01,"Wheat, US HRW",69.5
1964-06-01,"Wheat, US HRW",65.0
1964-07-01,"Wheat, US HRW",68.7
1964-08-01,"Wheat, US HRW",68.7
1964-09-01,"Wheat, US HRW",69.1
1964-10-01,"Wheat, US HRW",68.7
1964-11-01,"Wheat, US HRW",68.0
1964-12-01,"Wheat, US HRW",68.0
1965-01-01,"Wheat, US HRW",66.1
1965-02-01,"Wheat, US HRW",61.4
1965-03-01,"Wheat, US HRW",61.0
1965-04-01,"Wheat, US HRW",59.9
1965-05-01,"Wheat, US HRW",59.2
1965-06-01,"Wheat, US HRW",58.1
1965-07-01,"Wheat, US HRW",57.3
1965-08-01,"Wheat, US HRW",57.7
1965-09-01,"Wheat, US HRW",58.4
1965-10-01,"Wheat, US HRW",58.1
1965-11-01,"Wheat, US HRW",58.1
1965-12-01,"Wheat, US HRW",58.4
1966-01-01,"Wheat, US HRW",58.4
1966-02-01,"Wheat, US HRW",58.8
1966-03-01,"Wheat, US HRW",58.8
1966-04-01,"Wheat, US HRW",58.8
1966-05-01,"Wheat, US HRW",58.8
1966-06-01,"Wheat, US HRW",62.1
1966-07-01,"Wheat, US HRW",65.4
1966-08-01,"Wheat, US HRW",67.6
1966-09-01,"Wheat, US HRW",67.2
1966-10-01,"Wheat, US HRW",66.1
1966-11-01,"Wheat, US HRW",65.8
1966-12-01,"Wheat, US HRW",67.6
1967-01-01,"Wheat, US HRW",67.2
1967-02-01,"Wheat, US HRW",68.0
1967-03-01,"Wheat, US HRW",69.8
1967-04-01,"Wheat, US HRW",68.3
1967-05-01,"Wheat, US HRW",68.3
1967-06-01,"Wheat, US HRW",66.5
1967-07-01,"Wheat, US HRW",64.7
1967-08-01,"Wheat, US HRW",63.9
1967-09-01,"Wheat, US HRW",63.2
1967-10-01,"Wheat, US HRW",63.6
1967-11-01,"Wheat, US HRW",62.8
1967-12-01,"Wheat, US HRW",62.1
1968-01-01,"Wheat, US HRW",62.1
1968-02-01,"Wheat, US HRW",62.8
1968-03-01,"Wheat, US HRW",63.6
1968-04-01,"Wheat, US HRW",61.7
1968-05-01,"Wheat, US HRW",60.3
1968-06-01,"Wheat, US HRW",61.7
1968-07-01,"Wheat, US HRW",63.6
1968-08-01,"Wheat, US HRW",63.9
1968-09-01,"Wheat, US HRW",63.6
1968-10-01,"Wheat, US HRW",63.6
1968-11-01,"Wheat, US HRW",63.2
1968-12-01,"Wheat, US HRW",63.2
1969-01-01,"Wheat, US HRW",63.2
1969-02-01,"Wheat, US HRW",62.8
1969-03-01,"Wheat, US HRW",62.1
1969-04-01,"Wheat, US HRW",62.1
1969-05-01,"Wheat, US HRW",62.1
1969-06-01,"Wheat, US HRW",61.7
1969-07-01,"Wheat, US HRW",60.3
1969-08-01,"Wheat, US HRW",56.2
1969-09-01,"Wheat, US HRW",53.7
1969-10-01,"Wheat, US HRW",52.2
1969-11-01,"Wheat, US HRW",52.2
1969-12-01,"Wheat, US HRW",52.2
1970-01-01,"Wheat, US HRW",52.2
1970-02-01,"Wheat, US HRW",52.2
1970-03-01,"Wheat, US HRW",52.2
1970-04-01,"Wheat, US HRW",52.2
1970-05-01,"Wheat, US HRW",52.2
1970-06-01,"Wheat, US HRW",52.2
1970-07-01,"Wheat, US HRW",52.5
1970-08-01,"Wheat, US HRW",54.0
1970-09-01,"Wheat, US HRW",56.2
1970-10-01,"Wheat, US HRW",58.8
1970-11-01,"Wheat, US HRW",61.0
1970-12-01,"Wheat, US HRW",63.2
1971-01-01,"Wheat, US HRW",63.6
1971-02-01,"Wheat, US HRW",63.6
1971-03-01,"Wheat, US HRW",62.8
1971-04-01,"Wheat, US HRW",62.5
1971-05-01,"Wheat, US HRW",63.2
1971-06-01,"Wheat, US HRW",61.4
1971-07-01,"Wheat, US HRW",61.4
1971-08-01,"Wheat, US HRW",61.0
1971-09-01,"Wheat, US HRW",61.0
1971-10-01,"Wheat, US HRW",60.3
1971-11-01,"Wheat, US HRW",60.3
1971-12-01,"Wheat, US HRW",59.9
1972-01-01,"Wheat, US HRW",59.9
1972-02-01,"Wheat, US HRW",59.9
1972-03-01,"Wheat, US HRW",59.9
1972-04-01,"Wheat, US HRW",60.3
1972-05-01,"Wheat, US HRW",60.3
1972-06-01,"Wheat, US HRW",59.9
1972-07-01,"Wheat, US HRW",60.3
1972-08-01,"Wheat, US HRW",62.1
1972-09-01,"Wheat, US HRW",76.1
1972-10-01,"Wheat, US HRW",87.5
1972-11-01,"Wheat, US HRW",88.9
1972-12-01,"Wheat, US HRW",102.9
1973-01-01,"Wheat, US HRW",108.4
1973-02-01,"Wheat, US HRW",98.8
1973-03-01,"Wheat, US HRW",98.5
1973-04-01,"Wheat, US HRW",101.1
1973-05-01,"Wheat, US HRW",102.2
1973-06-01,"Wheat, US HRW",108.4
1973-07-01,"Wheat, US HRW",114.6
1973-08-01,"Wheat, US HRW",192.5
1973-09-01,"Wheat, US HRW",189.6
1973-10-01,"Wheat, US HRW",182.3
1973-11-01,"Wheat, US HRW",181.9
1973-12-01,"Wheat, US HRW",199.5
1974-01-01,"Wheat, US HRW",213.5
1974-02-01,"Wheat, US HRW",220.5
1974-03-01,"Wheat, US HRW",190.7
1974-04-01,"Wheat, US HRW",162.0
1974-05-01,"Wheat, US HRW",141.5
1974-06-01,"Wheat, US HRW",155.8
1974-07-01,"Wheat, US HRW",169.0
1974-08-01,"Wheat, US HRW",167.6
1974-09-01,"Wheat, US HRW",170.5
1974-10-01,"Wheat, US HRW",192.2
1974-11-01,"Wheat, US HRW",187.4
1974-12-01,"Wheat, US HRW",185.9
1975-01-01,"Wheat, US HRW",164.2
1975-02-01,"Wheat, US HRW",153.2
1975-03-01,"Wheat, US HRW",147.3
1975-04-01,"Wheat, US HRW",140.4
1975-05-01,"Wheat, US HRW",131.5
1975-06-01,"Wheat, US HRW",127.1
1975-07-01,"Wheat, US HRW",145.1
1975-08-01,"Wheat, US HRW",162.8
1975-09-01,"Wheat, US HRW",165.7
1975-10-01,"Wheat, US HRW",161.7
1975-11-01,"Wheat, US HRW",147.0
1975-12-01,"Wheat, US HRW",142.6
1976-01-01,"Wheat, US HRW",143.7
1976-02-01,"Wheat, US HRW",152.9
1976-03-01,"Wheat, US HRW",152.5
1976-04-01,"Wheat, US HRW",145.5
1976-05-01,"Wheat, US HRW",141.8
1976-06-01,"Wheat, US HRW",146.2
1976-07-01,"Wheat, US HRW",142.2
1976-08-01,"Wheat, US HRW",126.4
1976-09-01,"Wheat, US HRW",119.8
1976-10-01,"Wheat, US HRW",111.3
1976-11-01,"Wheat, US HRW",106.6
1976-12-01,"Wheat, US HRW",106.2
1977-01-01,"Wheat, US HRW",108.8
1977-02-01,"Wheat, US HRW",110.6
1977-03-01,"Wheat, US HRW",106.9
1977-04-01,"Wheat, US HRW",102.2
1977-05-01,"Wheat, US HRW",94.8
1977-06-01,"Wheat, US HRW",93.0
1977-07-01,"Wheat, US HRW",96.6
1977-08-01,"Wheat, US HRW",95.5
1977-09-01,"Wheat, US HRW",99.9
1977-10-01,"Wheat, US HRW",104.0
1977-11-01,"Wheat, US HRW",111.7
1977-12-01,"Wheat, US HRW",114.6
1978-01-01,"Wheat, US HRW",114.3
1978-02-01,"Wheat, US HRW",115.7
1978-03-01,"Wheat, US HRW",124.2
1978-04-01,"Wheat, US HRW",130.8
1978-05-01,"Wheat, US HRW",124.6
1978-06-01,"Wheat, US HRW",126.4
1978-07-01,"Wheat, US HRW",127.1
1978-08-01,"Wheat, US HRW",127.5
1978-09-01,"Wheat, US HRW",130.8
1978-10-01,"Wheat, US HRW",137.4
1978-11-01,"Wheat, US HRW",137.8
1978-12-01,"Wheat, US HRW",136.3
1979-01-01,"Wheat, US HRW",137.8
1979-02-01,"Wheat, US HRW",140.4
1979-03-01,"Wheat, US HRW",140.0
1979-04-01,"Wheat, US HRW",140.0
1979-05-01,"Wheat, US HRW",143.3
1979-06-01,"Wheat, US HRW",167.9
1979-07-01,"Wheat, US HRW",174.5
1979-08-01,"Wheat, US HRW",169.0
1979-09-01,"Wheat, US HRW",174.2
1979-10-01,"Wheat, US HRW",178.2
1979-11-01,"Wheat, US HRW",178.2
1979-12-01,"Wheat, US HRW",180.0
1980-01-01,"Wheat, US HRW",175.6
1980-02-01,"Wheat, US HRW",172.7
1980-03-01,"Wheat, US HRW",163.5
1980-04-01,"Wheat, US HRW",156.5
1980-05-01,"Wheat, US HRW",161.3
1980-06-01,"Wheat, US HRW",157.6
1980-07-01,"Wheat, US HRW",168.7
1980-08-01,"Wheat, US HRW",171.2
1980-09-01,"Wheat, US HRW",179.7
1980-10-01,"Wheat, US HRW",188.1
1980-11-01,"Wheat, US HRW",195.1
1980-12-01,"Wheat, US HRW",182.6
1981-01-01,"Wheat, US HRW",189.6
1981-02-01,"Wheat, US HRW",181.5
1981-03-01,"Wheat, US HRW",175.3
1981-04-01,"Wheat, US HRW",180.4
1981-05-01,"Wheat, US HRW",171.6
1981-06-01,"Wheat, US HRW",168.7
1981-07-01,"Wheat, US HRW",167.9
1981-08-01,"Wheat, US HRW",170.1
1981-09-01,"Wheat, US HRW",171.2
1981-10-01,"Wheat, US HRW",168.7
1981-11-01,"Wheat, US HRW",178.6
1981-12-01,"Wheat, US HRW",176.0
1982-01-01,"Wheat, US HRW",173.1
1982-02-01,"Wheat, US HRW",170.9
1982-03-01,"Wheat, US HRW",168.7
1982-04-01,"Wheat, US HRW",169.8
1982-05-01,"Wheat, US HRW",167.6
1982-06-01,"Wheat, US HRW",155.8
1982-07-01,"Wheat, US HRW",151.8
1982-08-01,"Wheat, US HRW",152.5
1982-09-01,"Wheat, US HRW",152.9
1982-10-01,"Wheat, US HRW",146.6
1982-11-01,"Wheat, US HRW",155.1
1982-12-01,"Wheat, US HRW",159.8
1983-01-01,"Wheat, US HRW",165.0
1983-02-01,"Wheat, US HRW",164.2
1983-03-01,"Wheat, US HRW",166.1
1983-04-01,"Wheat, US HRW",167.2
1983-05-01,"Wheat, US HRW",160.2
1983-06-01,"Wheat, US HRW",151.8
1983-07-01,"Wheat, US HRW",147.3
1983-08-01,"Wheat, US HRW",152.5
1983-09-01,"Wheat, US HRW",156.5
1983-10-01,"Wheat, US HRW",152.9
1983-11-01,"Wheat, US HRW",151.8
1983-12-01,"Wheat, US HRW",153.6
1984-01-01,"Wheat, US HRW",152.9
1984-02-01,"Wheat, US HRW",150.7
1984-03-01,"Wheat, US HRW",154.0
1984-04-01,"Wheat, US HRW",157.3
1984-05-01,"Wheat, US HRW",154.0
1984-06-01,"Wheat, US HRW",149.9
1984-07-01,"Wheat, US HRW",147.0
1984-08-01,"Wheat, US HRW",152.5
1984-09-01,"Wheat, US HRW",155.1
1984-10-01,"Wheat, US HRW",152.9
1984-11-01,"Wheat, US HRW",152.5
1984-12-01,"Wheat, US HRW",149.6
1985-01-01,"Wheat, US HRW",149.2
1985-02-01,"Wheat, US HRW",147.3
1985-03-01,"Wheat, US HRW",145.1
1985-04-01,"Wheat, US HRW",143.7
1985-05-01,"Wheat, US HRW",136.3
1985-06-01,"Wheat, US HRW",134.1
1985-07-01,"Wheat, US HRW",128.6
1985-08-01,"Wheat, US HRW",123.1
1985-09-01,"Wheat, US HRW",125.3
1985-10-01,"Wheat, US HRW",127.5
1985-11-01,"Wheat, US HRW",132.6
1985-12-01,"Wheat, US HRW",137.1
1986-01-01,"Wheat, US HRW",132.3
1986-02-01,"Wheat, US HRW",129.7
1986-03-01,"Wheat, US HRW",134.5
1986-04-01,"Wheat, US HRW",132.6
1986-05-01,"Wheat, US HRW",119.4
1986-06-01,"Wheat, US HRW",105.8
1986-07-01,"Wheat, US HRW",101.8
1986-08-01,"Wheat, US HRW",102.2
1986-09-01,"Wheat, US HRW",103.6
1986-10-01,"Wheat, US HRW",104.7
1986-11-01,"Wheat, US HRW",105.1
1986-12-01,"Wheat, US HRW",107.3
1987-01-01,"Wheat, US HRW",109.1
1987-02-01,"Wheat, US HRW",112.1
1987-03-01,"Wheat, US HRW",115.4
1987-04-01,"Wheat, US HRW",113.2
1987-05-01,"Wheat, US HRW",119.1
1987-06-01,"Wheat, US HRW",108.8
1987-07-01,"Wheat, US HRW",104.7
1987-08-01,"Wheat, US HRW",106.9
1987-09-01,"Wheat, US HRW",112.1
1987-10-01,"Wheat, US HRW",113.9
1987-11-01,"Wheat, US HRW",115.0
1987-12-01,"Wheat, US HRW",124.6
1988-01-01,"Wheat, US HRW",128.6
1988-02-01,"Wheat, US HRW",131.5
1988-03-01,"Wheat, US HRW",124.9
1988-04-01,"Wheat, US HRW",126.8
1988-05-01,"Wheat, US HRW",129.0
1988-06-01,"Wheat, US HRW",149.9
1988-07-01,"Wheat, US HRW",149.6
1988-08-01,"Wheat, US HRW",149.9
1988-09-01,"Wheat, US HRW",159.5
1988-10-01,"Wheat, US HRW",162.0
1988-11-01,"Wheat, US HRW",163.9
1988-12-01,"Wheat, US HRW",166.8
1989-01-01,"Wheat, US HRW",173.8
1989-02-01,"Wheat, US HRW",172.0
1989-03-01,"Wheat, US HRW",178.2
1989-04-01,"Wheat, US HRW",174.5
1989-05-01,"Wheat, US HRW",176.4
1989-06-01,"Wheat, US HRW",168.7
1989-07-01,"Wheat, US HRW",166.8
1989-08-01,"Wheat, US HRW",164.2
1989-09-01,"Wheat, US HRW",163.5
1989-10-01,"Wheat, US HRW",164.6
1989-11-01,"Wheat, US HRW",163.5
1989-12-01,"Wheat, US HRW",164.6
1990-01-01,"Wheat, US HRW",167.9
1990-02-01,"Wheat, US HRW",160.9
1990-03-01,"Wheat, US HRW",156.5
1990-04-01,"Wheat, US HRW",159.5
1990-05-01,"Wheat, US HRW",149.2
1990-06-01,"Wheat, US HRW",135.6
1990-07-01,"Wheat, US HRW",124.9
1990-08-01,"Wheat, US HRW",116.8
1990-09-01,"Wheat, US HRW",114.3
1990-10-01,"Wheat, US HRW",114.6
1990-11-01,"Wheat, US HRW",112.8
1990-12-01,"Wheat, US HRW",113.2
1991-01-01,"Wheat, US HRW",111.3
1991-02-01,"Wheat, US HRW",113.9
1991-03-01,"Wheat, US HRW",119.4
1991-04-01,"Wheat, US HRW",120.9
1991-05-01,"Wheat, US HRW",122.0
1991-06-01,"Wheat, US HRW",120.2
1991-07-01,"Wheat, US HRW",118.3
1991-08-01,"Wheat, US HRW",125.3
1991-09-01,"Wheat, US HRW",135.2
1991-10-01,"Wheat, US HRW",147.0
1991-11-01,"Wheat, US HRW",149.6
1991-12-01,"Wheat, US HRW",160.9
1992-01-01,"Wheat, US HRW",170.1
1992-02-01,"Wheat, US HRW",177.1
1992-03-01,"Wheat, US HRW",169.4
1992-04-01,"Wheat, US HRW",159.8
1992-05-01,"Wheat, US HRW",149.6
1992-06-01,"Wheat, US HRW",148.8
1992-07-01,"Wheat, US HRW",136.3
1992-08-01,"Wheat, US HRW",128.2
1992-09-01,"Wheat, US HRW",138.9
1992-10-01,"Wheat, US HRW",140.7
1992-11-01,"Wheat, US HRW",147.7
1992-12-01,"Wheat, US HRW",147.7
1993-01-01,"Wheat, US HRW",155.8
1993-02-01,"Wheat, US HRW",148.8
1993-03-01,"Wheat, US HRW",148.1
1993-04-01,"Wheat, US HRW",141.8
1993-05-01,"Wheat, US HRW",136.7
1993-06-01,"Wheat, US HRW",122.0
1993-07-01,"Wheat, US HRW",127.5
1993-08-01,"Wheat, US HRW",129.7
1993-09-01,"Wheat, US HRW",131.2
1993-10-01,"Wheat, US HRW",136.0
1993-11-01,"Wheat, US HRW",146.6
1993-12-01,"Wheat, US HRW",158.7
1994-01-01,"Wheat, US HRW",153.2
1994-02-01,"Wheat, US HRW",147.0
1994-03-01,"Wheat, US HRW",141.1
1994-04-01,"Wheat, US HRW",140.4
1994-05-01,"Wheat, US HRW",140.0
1994-06-01,"Wheat, US HRW",139.3
1994-07-01,"Wheat, US HRW",137.4
1994-08-01,"Wheat, US HRW",145.9
1994-09-01,"Wheat, US HRW",158.7
1994-10-01,"Wheat, US HRW",167.2
1994-11-01,"Wheat, US HRW",162.0
1994-12-01,"Wheat, US HRW",164.6
1995-01-01,"Wheat, US HRW",156.2
1995-02-01,"Wheat, US HRW",154.3
1995-03-01,"Wheat, US HRW",150.3
1995-04-01,"Wheat, US HRW",148.8
1995-05-01,"Wheat, US HRW",158.7
1995-06-01,"Wheat, US HRW",170.1
1995-07-01,"Wheat, US HRW",190.7
1995-08-01,"Wheat, US HRW",184.5
1995-09-01,"Wheat, US HRW",193.6
1995-10-01,"Wheat, US HRW",203.7
1995-11-01,"Wheat, US HRW",203.9
1995-12-01,"Wheat, US HRW",208.9
1996-01-01,"Wheat, US HRW",206.9
1996-02-01,"Wheat, US HRW",218.9
1996-03-01,"Wheat, US HRW",215.3
1996-04-01,"Wheat, US HRW",257.6
1996-05-01,"Wheat, US HRW",262.1
1996-06-01,"Wheat, US HRW",227.3
1996-07-01,"Wheat, US HRW",202.6
1996-08-01,"Wheat, US HRW",191.6
1996-09-01,"Wheat, US HRW",178.7
1996-10-01,"Wheat, US HRW",178.0
1996-11-01,"Wheat, US HRW",176.4
1996-12-01,"Wheat, US HRW",175.7
1997-01-01,"Wheat, US HRW",175.7
1997-02-01,"Wheat, US HRW",172.4
1997-03-01,"Wheat, US HRW",176.6
1997-04-01,"Wheat, US HRW",183.5
1997-05-01,"Wheat, US HRW",172.6
1997-06-01,"Wheat, US HRW",148.4
1997-07-01,"Wheat, US HRW",136.2
1997-08-01,"Wheat, US HRW",150.6
1997-09-01,"Wheat, US HRW",151.7
1997-10-01,"Wheat, US HRW",151.6
1997-11-01,"Wheat, US HRW",149.9
1997-12-01,"Wheat, US HRW",144.6
1998-01-01,"Wheat, US HRW",137.1
1998-02-01,"Wheat, US HRW",140.1
1998-03-01,"Wheat, US HRW",138.9
1998-04-01,"Wheat, US HRW",130.2
1998-05-01,"Wheat, US HRW",128.9
1998-06-01,"Wheat, US HRW",120.6
1998-07-01,"Wheat, US HRW",118.9
1998-08-01,"Wheat, US HRW",108.0
1998-09-01,"Wheat, US HRW",107.9
1998-10-01,"Wheat, US HRW",126.5
1998-11-01,"Wheat, US HRW",130.2
1998-12-01,"Wheat, US HRW",126.2
1999-01-01,"Wheat, US HRW",125.3
1999-02-01,"Wheat, US HRW",117.0
1999-03-01,"Wheat, US HRW",117.3
1999-04-01,"Wheat, US HRW",113.9
1999-05-01,"Wheat, US HRW",113.0
1999-06-01,"Wheat, US HRW",111.4
1999-07-01,"Wheat, US HRW",103.0
1999-08-01,"Wheat, US HRW",111.3
1999-09-01,"Wheat, US HRW",113.2
1999-10-01,"Wheat, US HRW",108.1
1999-11-01,"Wheat, US HRW",108.8
1999-12-01,"Wheat, US HRW",102.2
2000-01-01,"Wheat, US HRW",105.8
2000-02-01,"Wheat, US HRW",107.9
2000-03-01,"Wheat, US HRW",105.7
2000-04-01,"Wheat, US HRW",105.1
2000-05-01,"Wheat, US HRW",112.1
2000-06-01,"Wheat, US HRW",113.5
2000-07-01,"Wheat, US HRW",109.0
2000-08-01,"Wheat, US HRW",108.4
2000-09-01,"Wheat, US HRW",117.5
2000-10-01,"Wheat, US HRW",128.2
2000-11-01,"Wheat, US HRW",127.7
2000-12-01,"Wheat, US HRW",128.1
2001-01-01,"Wheat, US HRW",132.8
2001-02-01,"Wheat, US HRW",128.1
2001-03-01,"Wheat, US HRW",130.2
2001-04-01,"Wheat, US HRW",129.7
2001-05-01,"Wheat, US HRW",134.9
2001-06-01,"Wheat, US HRW",127.2
2001-07-01,"Wheat, US HRW",123.8
2001-08-01,"Wheat, US HRW",121.9
2001-09-01,"Wheat, US HRW",122.0
2001-10-01,"Wheat, US HRW",123.3
2001-11-01,"Wheat, US HRW",125.3
2001-12-01,"Wheat, US HRW",122.4
2002-01-01,"Wheat, US HRW",125.3
2002-02-01,"Wheat, US HRW",123.3
2002-03-01,"Wheat, US HRW",122.5
2002-04-01,"Wheat, US HRW",123.7
2002-05-01,"Wheat, US HRW",121.5
2002-06-01,"Wheat, US HRW",132.0
2002-07-01,"Wheat, US HRW",149.3
2002-08-01,"Wheat, US HRW",161.3
2002-09-01,"Wheat, US HRW",187.8
2002-10-01,"Wheat, US HRW",190.3
2002-11-01,"Wheat, US HRW",177.4
2002-12-01,"Wheat, US HRW",162.5
2003-01-01,"Wheat, US HRW",149.6
2003-02-01,"Wheat, US HRW",150.8
2003-03-01,"Wheat, US HRW",141.8
2003-04-01,"Wheat, US HRW",138.6
2003-05-01,"Wheat, US HRW",142.0
2003-06-01,"Wheat, US HRW",131.4
2003-07-01,"Wheat, US HRW",131.6
2003-08-01,"Wheat, US HRW",148.7
2003-09-01,"Wheat, US HRW",145.6
2003-10-01,"Wheat, US HRW",147.5
2003-11-01,"Wheat, US HRW",160.5
2003-12-01,"Wheat, US HRW",165.6
2004-01-01,"Wheat, US HRW",166.3
2004-02-01,"Wheat, US HRW",161.4
2004-03-01,"Wheat, US HRW",166.3
2004-04-01,"Wheat, US HRW",166.6
2004-05-01,"Wheat, US HRW",163.7
2004-06-01,"Wheat, US HRW",154.7
2004-07-01,"Wheat, US HRW",150.6
2004-08-01,"Wheat, US HRW",141.3
2004-09-01,"Wheat, US HRW",151.0
2004-10-01,"Wheat, US HRW",150.1
2004-11-01,"Wheat, US HRW",156.6
2004-12-01,"Wheat, US HRW",153.9
2005-01-01,"Wheat, US HRW",153.6
2005-02-01,"Wheat, US HRW",151.2
2005-03-01,"Wheat, US HRW",151.0
2005-04-01,"Wheat, US HRW",140.9
2005-05-01,"Wheat, US HRW",143.3
2005-06-01,"Wheat, US HRW",141.9
2005-07-01,"Wheat, US HRW",143.9
2005-08-01,"Wheat, US HRW",149.4
2005-09-01,"Wheat, US HRW",159.7
2005-10-01,"Wheat, US HRW",167.8
2005-11-01,"Wheat, US HRW",161.1
2005-12-01,"Wheat, US HRW",164.4
2006-01-01,"Wheat, US HRW",167.2
2006-02-01,"Wheat, US HRW",179.8
2006-03-01,"Wheat, US HRW",174.4
2006-04-01,"Wheat, US HRW",180.3
2006-05-01,"Wheat, US HRW",193.2
2006-06-01,"Wheat, US HRW",195.2
2006-07-01,"Wheat, US HRW",202.4
2006-08-01,"Wheat, US HRW",189.9
2006-09-01,"Wheat, US HRW",196.0
2006-10-01,"Wheat, US HRW",212.1
2006-11-01,"Wheat, US HRW",209.7
2006-12-01,"Wheat, US HRW",204.3
2007-01-01,"Wheat, US HRW",196.1
2007-02-01,"Wheat, US HRW",200.0
2007-03-01,"Wheat, US HRW",199.1
2007-04-01,"Wheat, US HRW",198.3
2007-05-01,"Wheat, US HRW",195.7
2007-06-01,"Wheat, US HRW",223.0
2007-07-01,"Wheat, US HRW",238.4
2007-08-01,"Wheat, US HRW",259.7
2007-09-01,"Wheat, US HRW",326.5
2007-10-01,"Wheat, US HRW",335.1
2007-11-01,"Wheat, US HRW",321.8
2007-12-01,"Wheat, US HRW",368.6
2008-01-01,"Wheat, US HRW",370.7
2008-02-01,"Wheat, US HRW",425.0
2008-03-01,"Wheat, US HRW",439.7
2008-04-01,"Wheat, US HRW",362.2
2008-05-01,"Wheat, US HRW",328.8
2008-06-01,"Wheat, US HRW",348.6
2008-07-01,"Wheat, US HRW",328.2
2008-08-01,"Wheat, US HRW",329.3
2008-09-01,"Wheat, US HRW",295.6
2008-10-01,"Wheat, US HRW",237.4
2008-11-01,"Wheat, US HRW",226.8
2008-12-01,"Wheat, US HRW",220.1
2009-01-01,"Wheat, US HRW",239.1
2009-02-01,"Wheat, US HRW",224.7
2009-03-01,"Wheat, US HRW",231.0
2009-04-01,"Wheat, US HRW",233.5
2009-05-01,"Wheat, US HRW",261.5
2009-06-01,"Wheat, US HRW",256.6
2009-07-01,"Wheat, US HRW",224.9
2009-08-01,"Wheat, US HRW",210.4
2009-09-01,"Wheat, US HRW",191.1
2009-10-01,"Wheat, US HRW",198.8
2009-11-01,"Wheat, US HRW",211.0
2009-12-01,"Wheat, US HRW",206.3
2010-01-01,"Wheat, US HRW",201.2
2010-02-01,"Wheat, US HRW",194.0
2010-03-01,"Wheat, US HRW",191.1
2010-04-01,"Wheat, US HRW",192.9
2010-05-01,"Wheat, US HRW",181.6
2010-06-01,"Wheat, US HRW",157.7
2010-07-01,"Wheat, US HRW",195.8
2010-08-01,"Wheat, US HRW",246.2
2010-09-01,"Wheat, US HRW",271.7
2010-10-01,"Wheat, US HRW",270.2
2010-11-01,"Wheat, US HRW",274.1
2010-12-01,"Wheat, US HRW",306.5
2011-01-01,"Wheat, US HRW",326.6
2011-02-01,"Wheat, US HRW",348.1
2011-03-01,"Wheat, US HRW",316.7
2011-04-01,"Wheat, US HRW",336.1
2011-05-01,"Wheat, US HRW",355.3
2011-06-01,"Wheat, US HRW",326.4
2011-07-01,"Wheat, US HRW",303.9
2011-08-01,"Wheat, US HRW",327.1
2011-09-01,"Wheat, US HRW",315.9
2011-10-01,"Wheat, US HRW",289.0
2011-11-01,"Wheat, US HRW",281.0
2011-12-01,"Wheat, US HRW",269.0
2012-01-01,"Wheat, US HRW",274.9
2012-02-01,"Wheat, US HRW",277.8
2012-03-01,"Wheat, US HRW",283.9
2012-04-01,"Wheat, US HRW",266.3
2012-05-01,"Wheat, US HRW",264.4
2012-06-01,"Wheat, US HRW",276.2
2012-07-01,"Wheat, US HRW",345.7
2012-08-01,"Wheat, US HRW",349.4
2012-09-01,"Wheat, US HRW",353.4
2012-10-01,"Wheat, US HRW",358.2
2012-11-01,"Wheat, US HRW",360.8
2012-12-01,"Wheat, US HRW",348.0
2013-01-01,"Wheat, US HRW",335.5
2013-02-01,"Wheat, US HRW",318.9
2013-03-01,"Wheat, US HRW",309.7
2013-04-01,"Wheat, US HRW",308.3
2013-05-01,"Wheat, US HRW",319.7
2013-06-01,"Wheat, US HRW",313.4
2013-07-01,"Wheat, US HRW",304.6
2013-08-01,"Wheat, US HRW",305.3
2013-09-01,"Wheat, US HRW",307.5
2013-10-01,"Wheat, US HRW",325.7
2013-11-01,"Wheat, US HRW",306.8
2013-12-01,"Wheat, US HRW",291.6
2014-01-01,"Wheat, US HRW",275.6
2014-02-01,"Wheat, US HRW",292.1
2014-03-01,"Wheat, US HRW",323.7
2014-04-01,"Wheat, US HRW",324.8
2014-05-01,"Wheat, US HRW",334.7
2014-06-01,"Wheat, US HRW",306.4
2014-07-01,"Wheat, US HRW",280.4
2014-08-01,"Wheat, US HRW",263.5
2014-09-01,"Wheat, US HRW",243.6
2014-10-01,"Wheat, US HRW",245.4
2014-11-01,"Wheat, US HRW",258.7
2014-12-01,"Wheat, US HRW",269.7
2015-01-01,"Wheat, US HRW",248.4
2015-02-01,"Wheat, US HRW",237.0
2015-03-01,"Wheat, US HRW",230.8
2015-04-01,"Wheat, US HRW",223.4
2015-05-01,"Wheat, US HRW",215.3
2015-06-01,"Wheat, US HRW",209.8
2015-07-01,"Wheat, US HRW",197.3
2015-08-01,"Wheat, US HRW",179.7
2015-09-01,"Wheat, US HRW",172.7
2015-10-01,"Wheat, US HRW",172.7
2015-11-01,"Wheat, US HRW",177.1
2015-12-01,"Wheat, US HRW",189.2
2016-01-01,"Wheat, US HRW",193.3
2016-02-01,"Wheat, US HRW",187.0
2016-03-01,"Wheat, US HRW",191.1
2016-04-01,"Wheat, US HRW",187.4
2016-05-01,"Wheat, US HRW",172.0
2016-06-01,"Wheat, US HRW",173.1
2016-07-01,"Wheat, US HRW",151.8
2016-08-01,"Wheat, US HRW",149.2
2016-09-01,"Wheat, US HRW",150.6
2016-10-01,"Wheat, US HRW",151.8
2016-11-01,"Wheat, US HRW",150.6
2016-12-01,"Wheat, US HRW",141.8
2017-01-01,"Wheat, US HRW",153.2
2017-02-01,"Wheat, US HRW",155.1
2017-03-01,"Wheat, US HRW",154.3
2017-04-01,"Wheat, US HRW",166.1
2017-05-01,"Wheat, US HRW",180.4
2017-06-01,"Wheat, US HRW",189.6
2017-07-01,"Wheat, US HRW",202.5
2017-08-01,"Wheat, US HRW",171.2
2017-09-01,"Wheat, US HRW",178.6
2017-10-01,"Wheat, US HRW",175.6
2017-11-01,"Wheat, US HRW",179.7
2017-12-01,"Wheat, US HRW",184.1
2018-01-01,"Wheat, US HRW",192.2
2018-02-01,"Wheat, US HRW",192.2
2018-03-01,"Wheat, US HRW",192.2
2018-04-01,"Wheat, US HRW",213.8
2018-05-01,"Wheat, US HRW",213.8
2018-06-01,"Wheat, US HRW",219.4
2018-07-01,"Wheat, US HRW",218.3
2018-08-01,"Wheat, US HRW",236.6
2018-09-01,"Wheat, US HRW",212.4
2018-10-01,"Wheat, US HRW",213.5
2018-11-01,"Wheat, US HRW",203.6
2018-12-01,"Wheat, US HRW",211.3
2019-01-01,"Wheat, US HRW",209.8
2019-02-01,"Wheat, US HRW",219.0
2019-03-01,"Wheat, US HRW",205.8
2019-04-01,"Wheat, US HRW",199.5
2019-05-01,"Wheat, US HRW",199.5
2019-06-01,"Wheat, US HRW",206.1
2019-07-01,"Wheat, US HRW",196.2
2019-08-01,"Wheat, US HRW",181.1
2019-09-01,"Wheat, US HRW",189.6
2019-10-01,"Wheat, US HRW",199.5
2019-11-01,"Wheat, US HRW",203.2
2019-12-01,"Wheat, US HRW",210.9
2020-01-01,"Wheat, US HRW",224.5
2020-02-01,"Wheat, US HRW",215.3
2020-03-01,"Wheat, US HRW",209.1
2020-04-01,"Wheat, US HRW",219.0
2020-05-01,"Wheat, US HRW",205.8
2020-06-01,"Wheat, US HRW",198.4
2020-07-01,"Wheat, US HRW",222.1
2020-08-01,"Wheat, US HRW",223.0
2020-09-01,"Wheat, US HRW",247.7
2020-10-01,"Wheat, US HRW",272.4
2020-11-01,"Wheat, US HRW",273.0
2020-12-01,"Wheat, US HRW",268.6
2021-01-01,"Wheat, US HRW",289.3
2021-02-01,"Wheat, US HRW",289.4
2021-03-01,"Wheat, US HRW",273.1
2021-04-01,"Wheat, US HRW",281.0
2021-05-01,"Wheat, US HRW",297.3
2021-06-01,"Wheat, US HRW",285.6
2021-07-01,"Wheat, US HRW",294.3
2021-08-01,"Wheat, US HRW",324.5
2021-09-01,"Wheat, US HRW",337.6
2021-10-01,"Wheat, US HRW",354.7
2021-11-01,"Wheat, US HRW",379.5
2021-12-01,"Wheat, US HRW",376.8
2022-01-01,"Wheat, US HRW",374.2
2022-02-01,"Wheat, US HRW",390.5
2022-03-01,"Wheat, US HRW",486.3
2022-04-01,"Wheat, US HRW",495.3
2022-05-01,"Wheat, US HRW",522.3
2022-06-01,"Wheat, US HRW",459.6
2022-07-01,"Wheat, US HRW",382.5
2022-08-01,"Wheat, US HRW",382.9
2022-09-01,"Wheat, US HRW",419.1
2022-10-01,"Wheat, US HRW",438.0
2022-11-01,"Wheat, US HRW",422.7
2022-12-01,"Wheat, US HRW",386.3
2023-01-01,"Wheat, US HRW",380.4
2023-02-01,"Wheat, US HRW",394.8
2023-03-01,"Wheat, US HRW",369.9
2023-04-01,"Wheat, US HRW",378.2
2023-05-01,"Wheat, US HRW",367.7
2023-06-01,"Wheat, US HRW",345.5
2023-07-01,"Wheat, US HRW",345.5
2023-08-01,"Wheat, US HRW",315.8
2023-09-01,"Wheat, US HRW",314.7
2023-10-01,"Wheat, US HRW",298.1
2023-11-01,"Wheat, US HRW",283.6
2023-12-01,"Wheat, US HRW",291.1
2024-01-01,"Wheat, US HRW",283.9
2024-02-01,"Wheat, US HRW",278.5
2024-03-01,"Wheat, US HRW",274.8
2024-04-01,"Wheat, US HRW",272.3
2024-05-01,"Wheat, US HRW",289.4
2024-06-01,"Wheat, US HRW",265.6
2024-07-01,"Wheat, US HRW",260.3
2024-08-01,"Wheat, US HRW",250.9
2024-09-01,"Wheat, US HRW",269.7
2024-10-01,"Wheat, US HRW",272.9
2024-11-01,"Wheat, US HRW",253.8
2024-12-01,"Wheat, US HRW",252.2
2025-01-01,"Wheat, US HRW",254.1
2025-02-01,"Wheat, US HRW",264.6
2025-03-01,"Wheat, US HRW",255.4
2025-04-01,"Wheat, US HRW",249.6
2025-05-01,"Wheat, US HRW",237.0
2025-06-01,"Wheat, US HRW",240.1
2025-07-01,"Wheat, US HRW",235.0
2025-08-01,"Wheat, US HRW",231.1
2025-09-01,"Wheat, US HRW",233.8
2025-10-01,"Wheat, US HRW",230.8
2025-11-01,"Wheat, US HRW",245.9
2025-12-01,"Wheat, US HRW",242.8
2026-01-01,"Wheat, US HRW",249.9
2026-02-01,"Wheat, US HRW",257.6
2026-03-01,"Wheat, US HRW",276.0
2026-04-01,"Wheat, US HRW",282.0
2026-05-01,"Wheat, US HRW",303.0
2026-06-01,"Wheat, US HRW",286.0
2026-07-01,"Wheat, US HRW",310.0
1960-01-01,"Rice, Thai 5%",104.5
1960-02-01,"Rice, Thai 5%",103.5
1960-03-01,"Rice, Thai 5%",103.8
1960-04-01,"Rice, Thai 5%",101.0
1960-05-01,"Rice, Thai 5%",102.2
1960-06-01,"Rice, Thai 5%",103.1
1960-07-01,"Rice, Thai 5%",102.1
1960-08-01,"Rice, Thai 5%",109.7
1960-09-01,"Rice, Thai 5%",116.1
1960-10-01,"Rice, Thai 5%",115.2
1960-11-01,"Rice, Thai 5%",114.4
1960-12-01,"Rice, Thai 5%",112.7
1961-01-01,"Rice, Thai 5%",113.5
1961-02-01,"Rice, Thai 5%",109.5
1961-03-01,"Rice, Thai 5%",117.7
1961-04-01,"Rice, Thai 5%",115.2
1961-05-01,"Rice, Thai 5%",119.4
1961-06-01,"Rice, Thai 5%",121.4
1961-07-01,"Rice, Thai 5%",123.4
1961-08-01,"Rice, Thai 5%",119.6
1961-09-01,"Rice, Thai 5%",119.0
1961-10-01,"Rice, Thai 5%",120.3
1961-11-01,"Rice, Thai 5%",128.3
1961-12-01,"Rice, Thai 5%",120.1
1962-01-01,"Rice, Thai 5%",117.8
1962-02-01,"Rice, Thai 5%",119.2
1962-03-01,"Rice, Thai 5%",123.8
1962-04-01,"Rice, Thai 5%",130.8
1962-05-01,"Rice, Thai 5%",149.1
1962-06-01,"Rice, Thai 5%",144.1
1962-07-01,"Rice, Thai 5%",144.2
1962-08-01,"Rice, Thai 5%",142.9
1962-09-01,"Rice, Thai 5%",140.6
1962-10-01,"Rice, Thai 5%",143.0
1962-11-01,"Rice, Thai 5%",142.5
1962-12-01,"Rice, Thai 5%",121.1
1963-01-01,"Rice, Thai 5%",121.8
1963-02-01,"Rice, Thai 5%",123.4
1963-03-01,"Rice, Thai 5%",123.3
1963-04-01,"Rice, Thai 5%",122.4
1963-05-01,"Rice, Thai 5%",123.2
1963-06-01,"Rice, Thai 5%",128.1
1963-07-01,"Rice, Thai 5%",130.6
1963-08-01,"Rice, Thai 5%",129.9
1963-09-01,"Rice, Thai 5%",130.3
1963-10-01,"Rice, Thai 5%",128.7
1963-11-01,"Rice, Thai 5%",124.8
1963-12-01,"Rice, Thai 5%",121.5
1964-01-01,"Rice, Thai 5%",124.0
1964-02-01,"Rice, Thai 5%",119.1
1964-03-01,"Rice, Thai 5%",115.1
1964-04-01,"Rice, Thai 5%",116.9
1964-05-01,"Rice, Thai 5%",117.0
1964-06-01,"Rice, Thai 5%",119.2
1964-07-01,"Rice, Thai 5%",122.6
1964-08-01,"Rice, Thai 5%",122.9
1964-09-01,"Rice, Thai 5%",123.4
1964-10-01,"Rice, Thai 5%",121.5
1964-11-01,"Rice, Thai 5%",121.0
1964-12-01,"Rice, Thai 5%",119.1
1965-01-01,"Rice, Thai 5%",114.6
1965-02-01,"Rice, Thai 5%",115.9
1965-03-01,"Rice, Thai 5%",115.6
1965-04-01,"Rice, Thai 5%",113.3
1965-05-01,"Rice, Thai 5%",111.8
1965-06-01,"Rice, Thai 5%",110.9
1965-07-01,"Rice, Thai 5%",112.0
1965-08-01,"Rice, Thai 5%",116.9
1965-09-01,"Rice, Thai 5%",126.6
1965-10-01,"Rice, Thai 5%",126.7
1965-11-01,"Rice, Thai 5%",129.2
1965-12-01,"Rice, Thai 5%",132.1
1966-01-01,"Rice, Thai 5%",125.5
1966-02-01,"Rice, Thai 5%",124.8
1966-03-01,"Rice, Thai 5%",131.7
1966-04-01,"Rice, Thai 5%",143.0
1966-05-01,"Rice, Thai 5%",140.9
1966-06-01,"Rice, Thai 5%",144.5
1966-07-01,"Rice, Thai 5%",153.3
1966-08-01,"Rice, Thai 5%",150.4
1966-09-01,"Rice, Thai 5%",155.4
1966-10-01,"Rice, Thai 5%",164.3
1966-11-01,"Rice, Thai 5%",166.1
1966-12-01,"Rice, Thai 5%",142.6
1967-01-01,"Rice, Thai 5%",142.3
1967-02-01,"Rice, Thai 5%",151.5
1967-03-01,"Rice, Thai 5%",163.5
1967-04-01,"Rice, Thai 5%",168.5
1967-05-01,"Rice, Thai 5%",175.8
1967-06-01,"Rice, Thai 5%",184.5
1967-07-01,"Rice, Thai 5%",206.2
1967-08-01,"Rice, Thai 5%",207.2
1967-09-01,"Rice, Thai 5%",221.6
1967-10-01,"Rice, Thai 5%",224.1
1967-11-01,"Rice, Thai 5%",213.6
1967-12-01,"Rice, Thai 5%",213.6
1968-01-01,"Rice, Thai 5%",198.8
1968-02-01,"Rice, Thai 5%",207.0
1968-03-01,"Rice, Thai 5%",209.8
1968-04-01,"Rice, Thai 5%",197.0
1968-05-01,"Rice, Thai 5%",187.1
1968-06-01,"Rice, Thai 5%",179.3
1968-07-01,"Rice, Thai 5%",181.7
1968-08-01,"Rice, Thai 5%",177.7
1968-09-01,"Rice, Thai 5%",175.8
1968-10-01,"Rice, Thai 5%",163.7
1968-11-01,"Rice, Thai 5%",157.1
1968-12-01,"Rice, Thai 5%",159.9
1969-01-01,"Rice, Thai 5%",162.4
1969-02-01,"Rice, Thai 5%",160.5
1969-03-01,"Rice, Thai 5%",167.0
1969-04-01,"Rice, Thai 5%",165.2
1969-05-01,"Rice, Thai 5%",171.1
1969-06-01,"Rice, Thai 5%",178.8
1969-07-01,"Rice, Thai 5%",180.5
1969-08-01,"Rice, Thai 5%",171.6
1969-09-01,"Rice, Thai 5%",167.6
1969-10-01,"Rice, Thai 5%",167.4
1969-11-01,"Rice, Thai 5%",167.6
1969-12-01,"Rice, Thai 5%",161.1
1970-01-01,"Rice, Thai 5%",140.5
1970-02-01,"Rice, Thai 5%",133.4
1970-03-01,"Rice, Thai 5%",126.3
1970-04-01,"Rice, Thai 5%",121.6
1970-05-01,"Rice, Thai 5%",121.6
1970-06-01,"Rice, Thai 5%",124.0
1970-07-01,"Rice, Thai 5%",124.9
1970-08-01,"Rice, Thai 5%",128.1
1970-09-01,"Rice, Thai 5%",125.7
1970-10-01,"Rice, Thai 5%",124.4
1970-11-01,"Rice, Thai 5%",124.8
1970-12-01,"Rice, Thai 5%",120.4
1971-01-01,"Rice, Thai 5%",121.4
1971-02-01,"Rice, Thai 5%",105.1
1971-03-01,"Rice, Thai 5%",98.9
1971-04-01,"Rice, Thai 5%",95.7
1971-05-01,"Rice, Thai 5%",106.0
1971-06-01,"Rice, Thai 5%",109.2
1971-07-01,"Rice, Thai 5%",111.5
1971-08-01,"Rice, Thai 5%",113.4
1971-09-01,"Rice, Thai 5%",120.6
1971-10-01,"Rice, Thai 5%",121.7
1971-11-01,"Rice, Thai 5%",118.1
1971-12-01,"Rice, Thai 5%",117.0
1972-01-01,"Rice, Thai 5%",113.8
1972-02-01,"Rice, Thai 5%",112.6
1972-03-01,"Rice, Thai 5%",113.1
1972-04-01,"Rice, Thai 5%",111.6
1972-05-01,"Rice, Thai 5%",114.1
1972-06-01,"Rice, Thai 5%",118.4
1972-07-01,"Rice, Thai 5%",119.3
1972-08-01,"Rice, Thai 5%",135.6
1972-09-01,"Rice, Thai 5%",144.8
1972-10-01,"Rice, Thai 5%",148.7
1972-11-01,"Rice, Thai 5%",156.0
1972-12-01,"Rice, Thai 5%",165.5
1973-01-01,"Rice, Thai 5%",160.9
1973-02-01,"Rice, Thai 5%",173.5
1973-03-01,"Rice, Thai 5%",185.9
1973-04-01,"Rice, Thai 5%",185.9
1973-05-01,"Rice, Thai 5%",185.9
1973-06-01,"Rice, Thai 5%",185.9
1973-07-01,"Rice, Thai 5%",332.5
1973-08-01,"Rice, Thai 5%",377.7
1973-09-01,"Rice, Thai 5%",377.7
1973-10-01,"Rice, Thai 5%",337.7
1973-11-01,"Rice, Thai 5%",475.9
1973-12-01,"Rice, Thai 5%",495.5
1974-01-01,"Rice, Thai 5%",512.2
1974-02-01,"Rice, Thai 5%",539.7
1974-03-01,"Rice, Thai 5%",570.2
1974-04-01,"Rice, Thai 5%",603.6
1974-05-01,"Rice, Thai 5%",598.7
1974-06-01,"Rice, Thai 5%",570.4
1974-07-01,"Rice, Thai 5%",494.6
1974-08-01,"Rice, Thai 5%",496.5
1974-09-01,"Rice, Thai 5%",491.9
1974-10-01,"Rice, Thai 5%",478.4
1974-11-01,"Rice, Thai 5%",436.6
1974-12-01,"Rice, Thai 5%",413.3
1975-01-01,"Rice, Thai 5%",376.7
1975-02-01,"Rice, Thai 5%",381.4
1975-03-01,"Rice, Thai 5%",374.0
1975-04-01,"Rice, Thai 5%",377.7
1975-05-01,"Rice, Thai 5%",365.4
1975-06-01,"Rice, Thai 5%",324.9
1975-07-01,"Rice, Thai 5%",307.7
1975-08-01,"Rice, Thai 5%",323.7
1975-09-01,"Rice, Thai 5%",336.2
1975-10-01,"Rice, Thai 5%",332.5
1975-11-01,"Rice, Thai 5%",309.5
1975-12-01,"Rice, Thai 5%",287.4
1976-01-01,"Rice, Thai 5%",259.9
1976-02-01,"Rice, Thai 5%",233.4
1976-03-01,"Rice, Thai 5%",228.4
1976-04-01,"Rice, Thai 5%",226.5
1976-05-01,"Rice, Thai 5%",226.5
1976-06-01,"Rice, Thai 5%",222.8
1976-07-01,"Rice, Thai 5%",222.7
1976-08-01,"Rice, Thai 5%",223.5
1976-09-01,"Rice, Thai 5%",244.9
1976-10-01,"Rice, Thai 5%",250.0
1976-11-01,"Rice, Thai 5%",239.2
1976-12-01,"Rice, Thai 5%",238.3
1977-01-01,"Rice, Thai 5%",239.5
1977-02-01,"Rice, Thai 5%",235.1
1977-03-01,"Rice, Thai 5%",242.5
1977-04-01,"Rice, Thai 5%",232.6
1977-05-01,"Rice, Thai 5%",237.7
1977-06-01,"Rice, Thai 5%",244.6
1977-07-01,"Rice, Thai 5%",251.2
1977-08-01,"Rice, Thai 5%",255.0
1977-09-01,"Rice, Thai 5%",255.0
1977-10-01,"Rice, Thai 5%",256.9
1977-11-01,"Rice, Thai 5%",274.1
1977-12-01,"Rice, Thai 5%",302.6
1978-01-01,"Rice, Thai 5%",317.3
1978-02-01,"Rice, Thai 5%",341.1
1978-03-01,"Rice, Thai 5%",373.8
1978-04-01,"Rice, Thai 5%",388.5
1978-05-01,"Rice, Thai 5%",386.5
1978-06-01,"Rice, Thai 5%",381.1
1978-07-01,"Rice, Thai 5%",362.2
1978-08-01,"Rice, Thai 5%",344.3
1978-09-01,"Rice, Thai 5%",347.0
1978-10-01,"Rice, Thai 5%",338.4
1978-11-01,"Rice, Thai 5%",294.2
1978-12-01,"Rice, Thai 5%",273.4
1979-01-01,"Rice, Thai 5%",278.5
1979-02-01,"Rice, Thai 5%",279.5
1979-03-01,"Rice, Thai 5%",293.0
1979-04-01,"Rice, Thai 5%",295.5
1979-05-01,"Rice, Thai 5%",296.8
1979-06-01,"Rice, Thai 5%",303.3
1979-07-01,"Rice, Thai 5%",304.1
1979-08-01,"Rice, Thai 5%",328.4
1979-09-01,"Rice, Thai 5%",338.2
1979-10-01,"Rice, Thai 5%",340.4
1979-11-01,"Rice, Thai 5%",342.4
1979-12-01,"Rice, Thai 5%",356.9
1980-01-01,"Rice, Thai 5%",372.8
1980-02-01,"Rice, Thai 5%",376.5
1980-03-01,"Rice, Thai 5%",392.7
1980-04-01,"Rice, Thai 5%",396.0
1980-05-01,"Rice, Thai 5%",410.4
1980-06-01,"Rice, Thai 5%",418.9
1980-07-01,"Rice, Thai 5%",418.9
1980-08-01,"Rice, Thai 5%",418.9
1980-09-01,"Rice, Thai 5%",418.9
1980-10-01,"Rice, Thai 5%",418.9
1980-11-01,"Rice, Thai 5%",439.4
1980-12-01,"Rice, Thai 5%",446.4
1981-01-01,"Rice, Thai 5%",446.4
1981-02-01,"Rice, Thai 5%",456.3
1981-03-01,"Rice, Thai 5%",480.6
1981-04-01,"Rice, Thai 5%",490.6
1981-05-01,"Rice, Thai 5%",494.4
1981-06-01,"Rice, Thai 5%",510.3
1981-07-01,"Rice, Thai 5%",498.5
1981-08-01,"Rice, Thai 5%",473.9
1981-09-01,"Rice, Thai 5%",463.1
1981-10-01,"Rice, Thai 5%",431.7
1981-11-01,"Rice, Thai 5%",405.2
1981-12-01,"Rice, Thai 5%",356.9
1982-01-01,"Rice, Thai 5%",321.2
1982-02-01,"Rice, Thai 5%",302.8
1982-03-01,"Rice, Thai 5%",305.3
1982-04-01,"Rice, Thai 5%",291.3
1982-05-01,"Rice, Thai 5%",278.5
1982-06-01,"Rice, Thai 5%",270.7
1982-07-01,"Rice, Thai 5%",261.8
1982-08-01,"Rice, Thai 5%",266.7
1982-09-01,"Rice, Thai 5%",252.0
1982-10-01,"Rice, Thai 5%",235.1
1982-11-01,"Rice, Thai 5%",238.3
1982-12-01,"Rice, Thai 5%",246.1
1983-01-01,"Rice, Thai 5%",240.0
1983-02-01,"Rice, Thai 5%",249.6
1983-03-01,"Rice, Thai 5%",261.8
1983-04-01,"Rice, Thai 5%",261.8
1983-05-01,"Rice, Thai 5%",259.9
1983-06-01,"Rice, Thai 5%",249.1
1983-07-01,"Rice, Thai 5%",241.5
1983-08-01,"Rice, Thai 5%",255.0
1983-09-01,"Rice, Thai 5%",278.3
1983-10-01,"Rice, Thai 5%",269.7
1983-11-01,"Rice, Thai 5%",264.2
1983-12-01,"Rice, Thai 5%",251.0
1984-01-01,"Rice, Thai 5%",237.8
1984-02-01,"Rice, Thai 5%",227.9
1984-03-01,"Rice, Thai 5%",234.1
1984-04-01,"Rice, Thai 5%",235.3
1984-05-01,"Rice, Thai 5%",234.3
1984-06-01,"Rice, Thai 5%",235.3
1984-07-01,"Rice, Thai 5%",248.8
1984-08-01,"Rice, Thai 5%",252.0
1984-09-01,"Rice, Thai 5%",236.5
1984-10-01,"Rice, Thai 5%",231.6
1984-11-01,"Rice, Thai 5%",211.7
1984-12-01,"Rice, Thai 5%",204.6
1985-01-01,"Rice, Thai 5%",206.8
1985-02-01,"Rice, Thai 5%",200.9
1985-03-01,"Rice, Thai 5%",200.0
1985-04-01,"Rice, Thai 5%",202.9
1985-05-01,"Rice, Thai 5%",202.9
1985-06-01,"Rice, Thai 5%",202.9
1985-07-01,"Rice, Thai 5%",191.1
1985-08-01,"Rice, Thai 5%",191.1
1985-09-01,"Rice, Thai 5%",191.1
1985-10-01,"Rice, Thai 5%",191.1
1985-11-01,"Rice, Thai 5%",191.1
1985-12-01,"Rice, Thai 5%",191.1
1986-01-01,"Rice, Thai 5%",220.6
1986-02-01,"Rice, Thai 5%",212.0
1986-03-01,"Rice, Thai 5%",197.3
1986-04-01,"Rice, Thai 5%",186.2
1986-05-01,"Rice, Thai 5%",181.3
1986-06-01,"Rice, Thai 5%",181.3
1986-07-01,"Rice, Thai 5%",181.3
1986-08-01,"Rice, Thai 5%",185.8
1986-09-01,"Rice, Thai 5%",173.5
1986-10-01,"Rice, Thai 5%",174.8
1986-11-01,"Rice, Thai 5%",174.0
1986-12-01,"Rice, Thai 5%",167.0
1987-01-01,"Rice, Thai 5%",172.0
1987-02-01,"Rice, Thai 5%",186.0
1987-03-01,"Rice, Thai 5%",198.3
1987-04-01,"Rice, Thai 5%",199.4
1987-05-01,"Rice, Thai 5%",197.5
1987-06-01,"Rice, Thai 5%",192.8
1987-07-01,"Rice, Thai 5%",190.8
1987-08-01,"Rice, Thai 5%",204.0
1987-09-01,"Rice, Thai 5%",258.0
1987-10-01,"Rice, Thai 5%",266.8
1987-11-01,"Rice, Thai 5%",254.3
1987-12-01,"Rice, Thai 5%",255.6
1988-01-01,"Rice, Thai 5%",291.5
1988-02-01,"Rice, Thai 5%",306.3
1988-03-01,"Rice, Thai 5%",294.0
1988-04-01,"Rice, Thai 5%",288.0
1988-05-01,"Rice, Thai 5%",257.0
1988-06-01,"Rice, Thai 5%",271.5
1988-07-01,"Rice, Thai 5%",271.8
1988-08-01,"Rice, Thai 5%",271.6
1988-09-01,"Rice, Thai 5%",273.3
1988-10-01,"Rice, Thai 5%",273.0
1988-11-01,"Rice, Thai 5%",271.8
1988-12-01,"Rice, Thai 5%",260.0
1989-01-01,"Rice, Thai 5%",264.8
1989-02-01,"Rice, Thai 5%",269.3
1989-03-01,"Rice, Thai 5%",278.5
1989-04-01,"Rice, Thai 5%",293.0
1989-05-01,"Rice, Thai 5%",310.3
1989-06-01,"Rice, Thai 5%",327.2
1989-07-01,"Rice, Thai 5%",350.5
1989-08-01,"Rice, Thai 5%",332.2
1989-09-01,"Rice, Thai 5%",319.8
1989-10-01,"Rice, Thai 5%",304.0
1989-11-01,"Rice, Thai 5%",268.5
1989-12-01,"Rice, Thai 5%",272.0
1990-01-01,"Rice, Thai 5%",276.2
1990-02-01,"Rice, Thai 5%",300.0
1990-03-01,"Rice, Thai 5%",289.3
1990-04-01,"Rice, Thai 5%",275.8
1990-05-01,"Rice, Thai 5%",260.0
1990-06-01,"Rice, Thai 5%",255.0
1990-07-01,"Rice, Thai 5%",256.4
1990-08-01,"Rice, Thai 5%",259.5
1990-09-01,"Rice, Thai 5%",260.8
1990-10-01,"Rice, Thai 5%",281.4
1990-11-01,"Rice, Thai 5%",272.3
1990-12-01,"Rice, Thai 5%",263.8
1991-01-01,"Rice, Thai 5%",303.4
1991-02-01,"Rice, Thai 5%",327.3
1991-03-01,"Rice, Thai 5%",311.5
1991-04-01,"Rice, Thai 5%",285.8
1991-05-01,"Rice, Thai 5%",288.3
1991-06-01,"Rice, Thai 5%",293.3
1991-07-01,"Rice, Thai 5%",303.4
1991-08-01,"Rice, Thai 5%",298.3
1991-09-01,"Rice, Thai 5%",291.5
1991-10-01,"Rice, Thai 5%",276.6
1991-11-01,"Rice, Thai 5%",271.8
1991-12-01,"Rice, Thai 5%",268.4
1992-01-01,"Rice, Thai 5%",277.3
1992-02-01,"Rice, Thai 5%",278.3
1992-03-01,"Rice, Thai 5%",277.2
1992-04-01,"Rice, Thai 5%",278.0
1992-05-01,"Rice, Thai 5%",274.0
1992-06-01,"Rice, Thai 5%",268.8
1992-07-01,"Rice, Thai 5%",278.5
1992-08-01,"Rice, Thai 5%",270.8
1992-09-01,"Rice, Thai 5%",257.0
1992-10-01,"Rice, Thai 5%",250.0
1992-11-01,"Rice, Thai 5%",252.6
1992-12-01,"Rice, Thai 5%",256.3
1993-01-01,"Rice, Thai 5%",259.8
1993-02-01,"Rice, Thai 5%",254.3
1993-03-01,"Rice, Thai 5%",230.2
1993-04-01,"Rice, Thai 5%",206.3
1993-05-01,"Rice, Thai 5%",184.8
1993-06-01,"Rice, Thai 5%",189.0
1993-07-01,"Rice, Thai 5%",200.8
1993-08-01,"Rice, Thai 5%",209.0
1993-09-01,"Rice, Thai 5%",206.0
1993-10-01,"Rice, Thai 5%",256.8
1993-11-01,"Rice, Thai 5%",307.8
1993-12-01,"Rice, Thai 5%",320.5
1994-01-01,"Rice, Thai 5%",356.0
1994-02-01,"Rice, Thai 5%",343.8
1994-03-01,"Rice, Thai 5%",269.8
1994-04-01,"Rice, Thai 5%",269.3
1994-05-01,"Rice, Thai 5%",233.0
1994-06-01,"Rice, Thai 5%",213.8
1994-07-01,"Rice, Thai 5%",226.3
1994-08-01,"Rice, Thai 5%",252.6
1994-09-01,"Rice, Thai 5%",259.8
1994-10-01,"Rice, Thai 5%",262.0
1994-11-01,"Rice, Thai 5%",264.5
1994-12-01,"Rice, Thai 5%",260.5
1995-01-01,"Rice, Thai 5%",276.8
1995-02-01,"Rice, Thai 5%",280.5
1995-03-01,"Rice, Thai 5%",286.3
1995-04-01,"Rice, Thai 5%",281.5
1995-05-01,"Rice, Thai 5%",291.0
1995-06-01,"Rice, Thai 5%",326.0
1995-07-01,"Rice, Thai 5%",345.6
1995-08-01,"Rice, Thai 5%",339.5
1995-09-01,"Rice, Thai 5%",359.8
1995-10-01,"Rice, Thai 5%",382.6
1995-11-01,"Rice, Thai 5%",340.5
1995-12-01,"Rice, Thai 5%",341.5
1996-01-01,"Rice, Thai 5%",369.2
1996-02-01,"Rice, Thai 5%",368.0
1996-03-01,"Rice, Thai 5%",359.5
1996-04-01,"Rice, Thai 5%",327.2
1996-05-01,"Rice, Thai 5%",332.3
1996-06-01,"Rice, Thai 5%",341.5
1996-07-01,"Rice, Thai 5%",358.0
1996-08-01,"Rice, Thai 5%",335.5
1996-09-01,"Rice, Thai 5%",328.4
1996-10-01,"Rice, Thai 5%",312.8
1996-11-01,"Rice, Thai 5%",315.0
1996-12-01,"Rice, Thai 5%",319.2
1997-01-01,"Rice, Thai 5%",356.0
1997-02-01,"Rice, Thai 5%",347.0
1997-03-01,"Rice, Thai 5%",323.4
1997-04-01,"Rice, Thai 5%",304.5
1997-05-01,"Rice, Thai 5%",324.5
1997-06-01,"Rice, Thai 5%",323.2
1997-07-01,"Rice, Thai 5%",320.0
1997-08-01,"Rice, Thai 5%",285.0
1997-09-01,"Rice, Thai 5%",270.6
1997-10-01,"Rice, Thai 5%",265.8
1997-11-01,"Rice, Thai 5%",252.5
1997-12-01,"Rice, Thai 5%",269.7
1998-01-01,"Rice, Thai 5%",288.0
1998-02-01,"Rice, Thai 5%",297.3
1998-03-01,"Rice, Thai 5%",296.0
1998-04-01,"Rice, Thai 5%",311.5
1998-05-01,"Rice, Thai 5%",318.3
1998-06-01,"Rice, Thai 5%",325.5
1998-07-01,"Rice, Thai 5%",324.3
1998-08-01,"Rice, Thai 5%",321.4
1998-09-01,"Rice, Thai 5%",321.3
1998-10-01,"Rice, Thai 5%",298.8
1998-11-01,"Rice, Thai 5%",270.0
1998-12-01,"Rice, Thai 5%",277.8
1999-01-01,"Rice, Thai 5%",299.8
1999-02-01,"Rice, Thai 5%",280.0
1999-03-01,"Rice, Thai 5%",256.2
1999-04-01,"Rice, Thai 5%",235.5
1999-05-01,"Rice, Thai 5%",244.3
1999-06-01,"Rice, Thai 5%",253.8
1999-07-01,"Rice, Thai 5%",259.0
1999-08-01,"Rice, Thai 5%",244.5
1999-09-01,"Rice, Thai 5%",229.3
1999-10-01,"Rice, Thai 5%",217.0
1999-11-01,"Rice, Thai 5%",228.0
1999-12-01,"Rice, Thai 5%",233.8
2000-01-01,"Rice, Thai 5%",241.4
2000-02-01,"Rice, Thai 5%",241.0
2000-03-01,"Rice, Thai 5%",225.8
2000-04-01,"Rice, Thai 5%",214.8
2000-05-01,"Rice, Thai 5%",198.6
2000-06-01,"Rice, Thai 5%",196.0
2000-07-01,"Rice, Thai 5%",189.0
2000-08-01,"Rice, Thai 5%",186.5
2000-09-01,"Rice, Thai 5%",179.0
2000-10-01,"Rice, Thai 5%",187.5
2000-11-01,"Rice, Thai 5%",185.0
2000-12-01,"Rice, Thai 5%",184.3
2001-01-01,"Rice, Thai 5%",184.4
2001-02-01,"Rice, Thai 5%",184.5
2001-03-01,"Rice, Thai 5%",175.0
2001-04-01,"Rice, Thai 5%",163.8
2001-05-01,"Rice, Thai 5%",164.3
2001-06-01,"Rice, Thai 5%",168.0
2001-07-01,"Rice, Thai 5%",169.4
2001-08-01,"Rice, Thai 5%",168.3
2001-09-01,"Rice, Thai 5%",173.0
2001-10-01,"Rice, Thai 5%",170.6
2001-11-01,"Rice, Thai 5%",173.5
2001-12-01,"Rice, Thai 5%",179.3
2002-01-01,"Rice, Thai 5%",191.8
2002-02-01,"Rice, Thai 5%",195.3
2002-03-01,"Rice, Thai 5%",189.0
2002-04-01,"Rice, Thai 5%",190.2
2002-05-01,"Rice, Thai 5%",197.5
2002-06-01,"Rice, Thai 5%",202.7
2002-07-01,"Rice, Thai 5%",199.6
2002-08-01,"Rice, Thai 5%",190.3
2002-09-01,"Rice, Thai 5%",186.6
2002-10-01,"Rice, Thai 5%",186.3
2002-11-01,"Rice, Thai 5%",186.8
2002-12-01,"Rice, Thai 5%",186.5
2003-01-01,"Rice, Thai 5%",200.8
2003-02-01,"Rice, Thai 5%",198.8
2003-03-01,"Rice, Thai 5%",197.0
2003-04-01,"Rice, Thai 5%",195.0
2003-05-01,"Rice, Thai 5%",198.0
2003-06-01,"Rice, Thai 5%",203.4
2003-07-01,"Rice, Thai 5%",198.5
2003-08-01,"Rice, Thai 5%",195.0
2003-09-01,"Rice, Thai 5%",197.6
2003-10-01,"Rice, Thai 5%",195.8
2003-11-01,"Rice, Thai 5%",193.4
2003-12-01,"Rice, Thai 5%",198.3
2004-01-01,"Rice, Thai 5%",212.8
2004-02-01,"Rice, Thai 5%",213.3
2004-03-01,"Rice, Thai 5%",237.8
2004-04-01,"Rice, Thai 5%",240.8
2004-05-01,"Rice, Thai 5%",232.0
2004-06-01,"Rice, Thai 5%",229.0
2004-07-01,"Rice, Thai 5%",230.8
2004-08-01,"Rice, Thai 5%",239.0
2004-09-01,"Rice, Thai 5%",235.3
2004-10-01,"Rice, Thai 5%",244.0
2004-11-01,"Rice, Thai 5%",259.2
2004-12-01,"Rice, Thai 5%",278.3
2005-01-01,"Rice, Thai 5%",287.0
2005-02-01,"Rice, Thai 5%",290.0
2005-03-01,"Rice, Thai 5%",292.8
2005-04-01,"Rice, Thai 5%",297.3
2005-05-01,"Rice, Thai 5%",293.8
2005-06-01,"Rice, Thai 5%",285.0
2005-07-01,"Rice, Thai 5%",276.8
2005-08-01,"Rice, Thai 5%",282.8
2005-09-01,"Rice, Thai 5%",285.3
2005-10-01,"Rice, Thai 5%",286.4
2005-11-01,"Rice, Thai 5%",277.8
2005-12-01,"Rice, Thai 5%",280.5
2006-01-01,"Rice, Thai 5%",291.3
2006-02-01,"Rice, Thai 5%",301.5
2006-03-01,"Rice, Thai 5%",303.5
2006-04-01,"Rice, Thai 5%",302.3
2006-05-01,"Rice, Thai 5%",308.0
2006-06-01,"Rice, Thai 5%",312.5
2006-07-01,"Rice, Thai 5%",315.4
2006-08-01,"Rice, Thai 5%",312.7
2006-09-01,"Rice, Thai 5%",309.2
2006-10-01,"Rice, Thai 5%",301.0
2006-11-01,"Rice, Thai 5%",296.3
2006-12-01,"Rice, Thai 5%",305.0
2007-01-01,"Rice, Thai 5%",313.0
2007-02-01,"Rice, Thai 5%",315.0
2007-03-01,"Rice, Thai 5%",318.7
2007-04-01,"Rice, Thai 5%",316.5
2007-05-01,"Rice, Thai 5%",317.6
2007-06-01,"Rice, Thai 5%",323.3
2007-07-01,"Rice, Thai 5%",328.8
2007-08-01,"Rice, Thai 5%",327.5
2007-09-01,"Rice, Thai 5%",325.0
2007-10-01,"Rice, Thai 5%",329.2
2007-11-01,"Rice, Thai 5%",342.0
2007-12-01,"Rice, Thai 5%",360.7
2008-01-01,"Rice, Thai 5%",375.6
2008-02-01,"Rice, Thai 5%",464.8
2008-03-01,"Rice, Thai 5%",594.0
2008-04-01,"Rice, Thai 5%",907.0
2008-05-01,"Rice, Thai 5%",901.8
2008-06-01,"Rice, Thai 5%",757.0
2008-07-01,"Rice, Thai 5%",731.8
2008-08-01,"Rice, Thai 5%",693.5
2008-09-01,"Rice, Thai 5%",683.8
2008-10-01,"Rice, Thai 5%",609.3
2008-11-01,"Rice, Thai 5%",552.0
2008-12-01,"Rice, Thai 5%",531.8
2009-01-01,"Rice, Thai 5%",580.0
2009-02-01,"Rice, Thai 5%",590.8
2009-03-01,"Rice, Thai 5%",588.3
2009-04-01,"Rice, Thai 5%",549.7
2009-05-01,"Rice, Thai 5%",533.0
2009-06-01,"Rice, Thai 5%",574.5
2009-07-01,"Rice, Thai 5%",572.0
2009-08-01,"Rice, Thai 5%",526.3
2009-09-01,"Rice, Thai 5%",518.8
2009-10-01,"Rice, Thai 5%",493.0
2009-11-01,"Rice, Thai 5%",542.8
2009-12-01,"Rice, Thai 5%",591.0
2010-01-01,"Rice, Thai 5%",568.8
2010-02-01,"Rice, Thai 5%",535.0
2010-03-01,"Rice, Thai 5%",502.2
2010-04-01,"Rice, Thai 5%",466.0
2010-05-01,"Rice, Thai 5%",451.3
2010-06-01,"Rice, Thai 5%",440.0
2010-07-01,"Rice, Thai 5%",441.8
2010-08-01,"Rice, Thai 5%",452.8
2010-09-01,"Rice, Thai 5%",476.5
2010-10-01,"Rice, Thai 5%",486.0
2010-11-01,"Rice, Thai 5%",514.5
2010-12-01,"Rice, Thai 5%",532.0
2011-01-01,"Rice, Thai 5%",516.8
2011-02-01,"Rice, Thai 5%",524.0
2011-03-01,"Rice, Thai 5%",492.8
2011-04-01,"Rice, Thai 5%",484.3
2011-05-01,"Rice, Thai 5%",481.4
2011-06-01,"Rice, Thai 5%",513.8
2011-07-01,"Rice, Thai 5%",538.3
2011-08-01,"Rice, Thai 5%",566.0
2011-09-01,"Rice, Thai 5%",598.8
2011-10-01,"Rice, Thai 5%",599.4
2011-11-01,"Rice, Thai 5%",615.3
2011-12-01,"Rice, Thai 5%",585.8
2012-01-01,"Rice, Thai 5%",542.0
2012-02-01,"Rice, Thai 5%",537.5
2012-03-01,"Rice, Thai 5%",548.0
2012-04-01,"Rice, Thai 5%",547.8
2012-05-01,"Rice, Thai 5%",600.5
2012-06-01,"Rice, Thai 5%",600.0
2012-07-01,"Rice, Thai 5%",573.8
2012-08-01,"Rice, Thai 5%",567.8
2012-09-01,"Rice, Thai 5%",563.3
2012-10-01,"Rice, Thai 5%",558.3
2012-11-01,"Rice, Thai 5%",559.3
2012-12-01,"Rice, Thai 5%",557.8
2013-01-01,"Rice, Thai 5%",564.2
2013-02-01,"Rice, Thai 5%",563.0
2013-03-01,"Rice, Thai 5%",559.0
2013-04-01,"Rice, Thai 5%",557.0
2013-05-01,"Rice, Thai 5%",543.5
2013-06-01,"Rice, Thai 5%",524.3
2013-07-01,"Rice, Thai 5%",509.0
2013-08-01,"Rice, Thai 5%",478.8
2013-09-01,"Rice, Thai 5%",444.0
2013-10-01,"Rice, Thai 5%",439.0
2013-11-01,"Rice, Thai 5%",438.0
2013-12-01,"Rice, Thai 5%",451.0
2014-01-01,"Rice, Thai 5%",450.0
2014-02-01,"Rice, Thai 5%",459.0
2014-03-01,"Rice, Thai 5%",422.0
2014-04-01,"Rice, Thai 5%",395.0
2014-05-01,"Rice, Thai 5%",388.0
2014-06-01,"Rice, Thai 5%",397.0
2014-07-01,"Rice, Thai 5%",422.0
2014-08-01,"Rice, Thai 5%",445.0
2014-09-01,"Rice, Thai 5%",432.0
2014-10-01,"Rice, Thai 5%",428.0
2014-11-01,"Rice, Thai 5%",418.0
2014-12-01,"Rice, Thai 5%",418.0
2015-01-01,"Rice, Thai 5%",420.0
2015-02-01,"Rice, Thai 5%",420.0
2015-03-01,"Rice, Thai 5%",410.0
2015-04-01,"Rice, Thai 5%",399.0
2015-05-01,"Rice, Thai 5%",381.0
2015-06-01,"Rice, Thai 5%",376.0
2015-07-01,"Rice, Thai 5%",392.0
2015-08-01,"Rice, Thai 5%",373.0
2015-09-01,"Rice, Thai 5%",357.0
2015-10-01,"Rice, Thai 5%",373.0
2015-11-01,"Rice, Thai 5%",368.0
2015-12-01,"Rice, Thai 5%",363.0
2016-01-01,"Rice, Thai 5%",369.0
2016-02-01,"Rice, Thai 5%",384.0
2016-03-01,"Rice, Thai 5%",384.0
2016-04-01,"Rice, Thai 5%",395.0
2016-05-01,"Rice, Thai 5%",433.0
2016-06-01,"Rice, Thai 5%",441.0
2016-07-01,"Rice, Thai 5%",442.0
2016-08-01,"Rice, Thai 5%",415.0
2016-09-01,"Rice, Thai 5%",384.0
2016-10-01,"Rice, Thai 5%",369.0
2016-11-01,"Rice, Thai 5%",365.0
2016-12-01,"Rice, Thai 5%",373.0
2017-01-01,"Rice, Thai 5%",377.0
2017-02-01,"Rice, Thai 5%",367.0
2017-03-01,"Rice, Thai 5%",370.0
2017-04-01,"Rice, Thai 5%",380.0
2017-05-01,"Rice, Thai 5%",421.0
2017-06-01,"Rice, Thai 5%",458.0
2017-07-01,"Rice, Thai 5%",417.0
2017-08-01,"Rice, Thai 5%",393.0
2017-09-01,"Rice, Thai 5%",402.0
2017-10-01,"Rice, Thai 5%",394.0
2017-11-01,"Rice, Thai 5%",402.0
2017-12-01,"Rice, Thai 5%",406.0
2018-01-01,"Rice, Thai 5%",442.0
2018-02-01,"Rice, Thai 5%",425.0
2018-03-01,"Rice, Thai 5%",430.0
2018-04-01,"Rice, Thai 5%",451.0
2018-05-01,"Rice, Thai 5%",451.0
2018-06-01,"Rice, Thai 5%",427.0
2018-07-01,"Rice, Thai 5%",398.0
2018-08-01,"Rice, Thai 5%",405.0
2018-09-01,"Rice, Thai 5%",405.0
2018-10-01,"Rice, Thai 5%",409.0
2018-11-01,"Rice, Thai 5%",401.0
2018-12-01,"Rice, Thai 5%",404.0
2019-01-01,"Rice, Thai 5%",410.0
2019-02-01,"Rice, Thai 5%",408.0
2019-03-01,"Rice, Thai 5%",406.0
2019-04-01,"Rice, Thai 5%",413.0
2019-05-01,"Rice, Thai 5%",409.0
2019-06-01,"Rice, Thai 5%",420.0
2019-07-01,"Rice, Thai 5%",416.0
2019-08-01,"Rice, Thai 5%",430.0
2019-09-01,"Rice, Thai 5%",427.0
2019-10-01,"Rice, Thai 5%",424.0
2019-11-01,"Rice, Thai 5%",421.0
2019-12-01,"Rice, Thai 5%",432.0
2020-01-01,"Rice, Thai 5%",451.0
2020-02-01,"Rice, Thai 5%",450.0
2020-03-01,"Rice, Thai 5%",494.0
2020-04-01,"Rice, Thai 5%",564.0
2020-05-01,"Rice, Thai 5%",510.0
2020-06-01,"Rice, Thai 5%",520.0
2020-07-01,"Rice, Thai 5%",480.0
2020-08-01,"Rice, Thai 5%",505.0
2020-09-01,"Rice, Thai 5%",507.0
2020-10-01,"Rice, Thai 5%",471.0
2020-11-01,"Rice, Thai 5%",489.0
2020-12-01,"Rice, Thai 5%",520.0
2021-01-01,"Rice, Thai 5%",545.0
2021-02-01,"Rice, Thai 5%",557.0
2021-03-01,"Rice, Thai 5%",525.0
2021-04-01,"Rice, Thai 5%",495.0
2021-05-01,"Rice, Thai 5%",493.0
2021-06-01,"Rice, Thai 5%",466.0
2021-07-01,"Rice, Thai 5%",414.0
2021-08-01,"Rice, Thai 5%",403.0
2021-09-01,"Rice, Thai 5%",400.0
2021-10-01,"Rice, Thai 5%",401.0
2021-11-01,"Rice, Thai 5%",400.0
2021-12-01,"Rice, Thai 5%",400.0
2022-01-01,"Rice, Thai 5%",427.0
2022-02-01,"Rice, Thai 5%",427.0
2022-03-01,"Rice, Thai 5%",422.0
2022-04-01,"Rice, Thai 5%",431.0
2022-05-01,"Rice, Thai 5%",464.0
2022-06-01,"Rice, Thai 5%",444.0
2022-07-01,"Rice, Thai 5%",418.0
2022-08-01,"Rice, Thai 5%",431.0
2022-09-01,"Rice, Thai 5%",439.0
2022-10-01,"Rice, Thai 5%",431.0
2022-11-01,"Rice, Thai 5%",440.0
2022-12-01,"Rice, Thai 5%",467.0
2023-01-01,"Rice, Thai 5%",517.0
2023-02-01,"Rice, Thai 5%",492.0
2023-03-01,"Rice, Thai 5%",476.0
2023-04-01,"Rice, Thai 5%",501.0
2023-05-01,"Rice, Thai 5%",510.0
2023-06-01,"Rice, Thai 5%",514.0
2023-07-01,"Rice, Thai 5%",547.0
2023-08-01,"Rice, Thai 5%",635.0
2023-09-01,"Rice, Thai 5%",620.0
2023-10-01,"Rice, Thai 5%",590.0
2023-11-01,"Rice, Thai 5%",598.0
2023-12-01,"Rice, Thai 5%",644.0
2024-01-01,"Rice, Thai 5%",660.0
2024-02-01,"Rice, Thai 5%",624.0
2024-03-01,"Rice, Thai 5%",613.0
2024-04-01,"Rice, Thai 5%",592.0
2024-05-01,"Rice, Thai 5%",628.0
2024-06-01,"Rice, Thai 5%",632.0
2024-07-01,"Rice, Thai 5%",590.0
2024-08-01,"Rice, Thai 5%",589.0
2024-09-01,"Rice, Thai 5%",580.0
2024-10-01,"Rice, Thai 5%",515.0
2024-11-01,"Rice, Thai 5%",511.0
2024-12-01,"Rice, Thai 5%",527.0
2025-01-01,"Rice, Thai 5%",478.0
2025-02-01,"Rice, Thai 5%",437.0
2025-03-01,"Rice, Thai 5%",425.0
2025-04-01,"Rice, Thai 5%",415.0
2025-05-01,"Rice, Thai 5%",431.0
2025-06-01,"Rice, Thai 5%",419.0
2025-07-01,"Rice, Thai 5%",392.0
2025-08-01,"Rice, Thai 5%",375.0
2025-09-01,"Rice, Thai 5%",374.0
2025-10-01,"Rice, Thai 5%",356.0
2025-11-01,"Rice, Thai 5%",368.0
2025-12-01,"Rice, Thai 5%",424.0
2026-01-01,"Rice, Thai 5%",408.0
2026-02-01,"Rice, Thai 5%",409.0
2026-03-01,"Rice, Thai 5%",381.0
2026-04-01,"Rice, Thai 5%",403.0
2026-05-01,"Rice, Thai 5%",440.0
2026-06-01,"Rice, Thai 5%",494.0
2026-07-01,"Rice, Thai 5%",467.0
1960-01-01,Maize,45.0
1960-02-01,Maize,44.0
1960-03-01,Maize,45.0
1960-04-01,Maize,45.0
1960-05-01,Maize,48.0
1960-06-01,Maize,47.0
1960-07-01,Maize,47.0
1960-08-01,Maize,47.0
1960-09-01,Maize,46.0
1960-10-01,Maize,42.0
1960-11-01,Maize,38.0
1960-12-01,Maize,40.0
1961-01-01,Maize,43.0
1961-02-01,Maize,44.0
1961-03-01,Maize,44.0
1961-04-01,Maize,43.0
1961-05-01,Maize,45.0
1961-06-01,Maize,44.0
1961-07-01,Maize,45.0
1961-08-01,Maize,44.0
1961-09-01,Maize,43.0
1961-10-01,Maize,47.6
1961-11-01,Maize,48.4
1961-12-01,Maize,48.4
1962-01-01,Maize,48.0
1962-02-01,Maize,48.0
1962-03-01,Maize,48.8
1962-04-01,Maize,48.8
1962-05-01,Maize,49.6
1962-06-01,Maize,49.6
1962-07-01,Maize,48.8
1962-08-01,Maize,47.2
1962-09-01,Maize,47.6
1962-10-01,Maize,47.6
1962-11-01,Maize,48.4
1962-12-01,Maize,51.2
1963-01-01,Maize,52.8
1963-02-01,Maize,53.2
1963-03-01,Maize,52.4
1963-04-01,Maize,52.0
1963-05-01,Maize,52.4
1963-06-01,Maize,55.5
1963-07-01,Maize,56.7
1963-08-01,Maize,55.5
1963-09-01,Maize,55.9
1963-10-01,Maize,53.2
1963-11-01,Maize,52.4
1963-12-01,Maize,53.5
1964-01-01,Maize,55.1
1964-02-01,Maize,52.8
1964-03-01,Maize,54.3
1964-04-01,Maize,55.5
1964-05-01,Maize,55.9
1964-06-01,Maize,56.3
1964-07-01,Maize,55.9
1964-08-01,Maize,54.7
1964-09-01,Maize,55.1
1964-10-01,Maize,52.8
1964-11-01,Maize,52.8
1964-12-01,Maize,54.3
1965-01-01,Maize,55.9
1965-02-01,Maize,56.7
1965-03-01,Maize,57.1
1965-04-01,Maize,57.5
1965-05-01,Maize,58.7
1965-06-01,Maize,58.3
1965-07-01,Maize,56.7
1965-08-01,Maize,55.1
1965-09-01,Maize,53.9
1965-10-01,Maize,51.6
1965-11-01,Maize,51.6
1965-12-01,Maize,55.1
1966-01-01,Maize,57.1
1966-02-01,Maize,57.1
1966-03-01,Maize,55.5
1966-04-01,Maize,55.9
1966-05-01,Maize,55.1
1966-06-01,Maize,57.1
1966-07-01,Maize,59.1
1966-08-01,Maize,62.6
1966-09-01,Maize,61.0
1966-10-01,Maize,58.7
1966-11-01,Maize,59.1
1966-12-01,Maize,61.4
1967-01-01,Maize,60.2
1967-02-01,Maize,59.1
1967-03-01,Maize,59.1
1967-04-01,Maize,57.9
1967-05-01,Maize,57.1
1967-06-01,Maize,57.1
1967-07-01,Maize,55.1
1967-08-01,Maize,52.0
1967-09-01,Maize,49.2
1967-10-01,Maize,48.0
1967-11-01,Maize,47.6
1967-12-01,Maize,46.9
1968-01-01,Maize,51.6
1968-02-01,Maize,51.2
1968-03-01,Maize,50.0
1968-04-01,Maize,48.0
1968-05-01,Maize,48.4
1968-06-01,Maize,47.6
1968-07-01,Maize,47.2
1968-08-01,Maize,44.9
1968-09-01,Maize,44.1
1968-10-01,Maize,44.9
1968-11-01,Maize,49.2
1968-12-01,Maize,48.4
1969-01-01,Maize,50.4
1969-02-01,Maize,50.4
1969-03-01,Maize,50.4
1969-04-01,Maize,51.6
1969-05-01,Maize,54.3
1969-06-01,Maize,54.3
1969-07-01,Maize,53.9
1969-08-01,Maize,53.5
1969-09-01,Maize,51.2
1969-10-01,Maize,51.9
1969-11-01,Maize,53.2
1969-12-01,Maize,52.4
1970-01-01,Maize,58.4
1970-02-01,Maize,58.4
1970-03-01,Maize,58.4
1970-04-01,Maize,58.4
1970-05-01,Maize,58.4
1970-06-01,Maize,58.4
1970-07-01,Maize,58.4
1970-08-01,Maize,58.4
1970-09-01,Maize,58.4
1970-10-01,Maize,58.4
1970-11-01,Maize,58.4
1970-12-01,Maize,58.4
1971-01-01,Maize,58.4
1971-02-01,Maize,58.4
1971-03-01,Maize,58.4
1971-04-01,Maize,58.4
1971-05-01,Maize,58.4
1971-06-01,Maize,58.4
1971-07-01,Maize,58.4
1971-08-01,Maize,58.4
1971-09-01,Maize,58.4
1971-10-01,Maize,58.4
1971-11-01,Maize,58.4
1971-12-01,Maize,58.4
1972-01-01,Maize,51.3
1972-02-01,Maize,51.7
1972-03-01,Maize,52.5
1972-04-01,Maize,53.7
1972-05-01,Maize,54.5
1972-06-01,Maize,52.9
1972-07-01,Maize,54.1
1972-08-01,Maize,55.7
1972-09-01,Maize,59.2
1972-10-01,Maize,57.2
1972-11-01,Maize,59.2
1972-12-01,Maize,67.1
1973-01-01,Maize,79.1
1973-02-01,Maize,81.1
1973-03-01,Maize,79.9
1973-04-01,Maize,77.8
1973-05-01,Maize,89.0
1973-06-01,Maize,101.2
1973-07-01,Maize,109.4
1973-08-01,Maize,122.4
1973-09-01,Maize,107.1
1973-10-01,Maize,106.4
1973-11-01,Maize,107.9
1973-12-01,Maize,112.6
1974-01-01,Maize,112.3
1974-02-01,Maize,131.1
1974-03-01,Maize,126.4
1974-04-01,Maize,114.2
1974-05-01,Maize,113.7
1974-06-01,Maize,116.6
1974-07-01,Maize,132.3
1974-08-01,Maize,145.8
1974-09-01,Maize,141.4
1974-10-01,Maize,151.6
1974-11-01,Maize,144.1
1974-12-01,Maize,145.3
1975-01-01,Maize,131.7
1975-02-01,Maize,120.5
1975-03-01,Maize,120.2
1975-04-01,Maize,119.7
1975-05-01,Maize,114.5
1975-06-01,Maize,119.1
1975-07-01,Maize,119.8
1975-08-01,Maize,131.6
1975-09-01,Maize,122.3
1975-10-01,Maize,116.9
1975-11-01,Maize,110.3
1975-12-01,Maize,109.2
1976-01-01,Maize,110.3
1976-02-01,Maize,113.2
1976-03-01,Maize,113.1
1976-04-01,Maize,111.1
1976-05-01,Maize,118.2
1976-06-01,Maize,121.8
1976-07-01,Maize,121.3
1976-08-01,Maize,116.1
1976-09-01,Maize,115.0
1976-10-01,Maize,106.2
1976-11-01,Maize,98.7
1976-12-01,Maize,103.5
1977-01-01,Maize,111.6
1977-02-01,Maize,110.6
1977-03-01,Maize,108.0
1977-04-01,Maize,105.8
1977-05-01,Maize,100.9
1977-06-01,Maize,94.5
1977-07-01,Maize,85.0
1977-08-01,Maize,76.9
1977-09-01,Maize,78.3
1977-10-01,Maize,83.2
1977-11-01,Maize,93.4
1977-12-01,Maize,96.0
1978-01-01,Maize,95.8
1978-02-01,Maize,101.0
1978-03-01,Maize,106.1
1978-04-01,Maize,111.5
1978-05-01,Maize,112.7
1978-06-01,Maize,106.6
1978-07-01,Maize,97.3
1978-08-01,Maize,92.0
1978-09-01,Maize,91.0
1978-10-01,Maize,95.9
1978-11-01,Maize,100.5
1978-12-01,Maize,98.5
1979-01-01,Maize,105.4
1979-02-01,Maize,107.0
1979-03-01,Maize,109.5
1979-04-01,Maize,111.5
1979-05-01,Maize,112.6
1979-06-01,Maize,120.4
1979-07-01,Maize,130.5
1979-08-01,Maize,118.9
1979-09-01,Maize,118.0
1979-10-01,Maize,119.1
1979-11-01,Maize,118.2
1979-12-01,Maize,115.3
1980-01-01,Maize,105.4
1980-02-01,Maize,113.9
1980-03-01,Maize,110.4
1980-04-01,Maize,108.2
1980-05-01,Maize,110.0
1980-06-01,Maize,113.6
1980-07-01,Maize,128.9
1980-08-01,Maize,143.5
1980-09-01,Maize,140.8
1980-10-01,Maize,140.4
1980-11-01,Maize,146.6
1980-12-01,Maize,141.5
1981-01-01,Maize,148.8
1981-02-01,Maize,143.3
1981-03-01,Maize,142.1
1981-04-01,Maize,145.5
1981-05-01,Maize,141.3
1981-06-01,Maize,136.1
1981-07-01,Maize,137.6
1981-08-01,Maize,127.1
1981-09-01,Maize,115.5
1981-10-01,Maize,112.7
1981-11-01,Maize,111.8
1981-12-01,Maize,107.6
1982-01-01,Maize,115.4
1982-02-01,Maize,112.6
1982-03-01,Maize,114.2
1982-04-01,Maize,117.8
1982-05-01,Maize,118.1
1982-06-01,Maize,115.0
1982-07-01,Maize,115.0
1982-08-01,Maize,102.3
1982-09-01,Maize,100.9
1982-10-01,Maize,91.7
1982-11-01,Maize,102.9
1982-12-01,Maize,105.5
1983-01-01,Maize,107.8
1983-02-01,Maize,117.3
1983-03-01,Maize,125.2
1983-04-01,Maize,133.4
1983-05-01,Maize,133.9
1983-06-01,Maize,135.0
1983-07-01,Maize,140.6
1983-08-01,Maize,152.8
1983-09-01,Maize,147.8
1983-10-01,Maize,148.2
1983-11-01,Maize,147.0
1983-12-01,Maize,143.3
1984-01-01,Maize,141.9
1984-02-01,Maize,137.0
1984-03-01,Maize,147.1
1984-04-01,Maize,148.0
1984-05-01,Maize,146.1
1984-06-01,Maize,147.0
1984-07-01,Maize,142.6
1984-08-01,Maize,138.8
1984-09-01,Maize,130.4
1984-10-01,Maize,121.2
1984-11-01,Maize,117.4
1984-12-01,Maize,114.0
1985-01-01,Maize,119.0
1985-02-01,Maize,119.8
1985-03-01,Maize,120.2
1985-04-01,Maize,120.1
1985-05-01,Maize,116.7
1985-06-01,Maize,116.0
1985-07-01,Maize,114.9
1985-08-01,Maize,105.5
1985-09-01,Maize,101.9
1985-10-01,Maize,98.6
1985-11-01,Maize,106.2
1985-12-01,Maize,107.9
1986-01-01,Maize,107.8
1986-02-01,Maize,103.2
1986-03-01,Maize,100.9
1986-04-01,Maize,101.3
1986-05-01,Maize,105.6
1986-06-01,Maize,103.5
1986-07-01,Maize,83.0
1986-08-01,Maize,72.3
1986-09-01,Maize,65.7
1986-10-01,Maize,65.3
1986-11-01,Maize,72.4
1986-12-01,Maize,69.6
1987-01-01,Maize,67.9
1987-02-01,Maize,66.1
1987-03-01,Maize,71.6
1987-04-01,Maize,74.9
1987-05-01,Maize,81.8
1987-06-01,Maize,80.7
1987-07-01,Maize,76.4
1987-08-01,Maize,71.7
1987-09-01,Maize,73.6
1987-10-01,Maize,78.9
1987-11-01,Maize,81.7
1987-12-01,Maize,83.2
1988-01-01,Maize,85.9
1988-02-01,Maize,88.0
1988-03-01,Maize,90.2
1988-04-01,Maize,89.5
1988-05-01,Maize,89.3
1988-06-01,Maize,120.3
1988-07-01,Maize,125.5
1988-08-01,Maize,119.9
1988-09-01,Maize,121.4
1988-10-01,Maize,121.4
1988-11-01,Maize,114.4
1988-12-01,Maize,116.9
1989-01-01,Maize,118.2
1989-02-01,Maize,117.4
1989-03-01,Maize,118.4
1989-04-01,Maize,115.7
1989-05-01,Maize,117.6
1989-06-01,Maize,113.0
1989-07-01,Maize,108.7
1989-08-01,Maize,100.9
1989-09-01,Maize,103.4
1989-10-01,Maize,107.3
1989-11-01,Maize,108.5
1989-12-01,Maize,109.2
1990-01-01,Maize,105.6
1990-02-01,Maize,106.1
1990-03-01,Maize,109.7
1990-04-01,Maize,118.8
1990-05-01,Maize,121.0
1990-06-01,Maize,120.9
1990-07-01,Maize,114.9
1990-08-01,Maize,110.1
1990-09-01,Maize,101.5
1990-10-01,Maize,100.3
1990-11-01,Maize,100.4
1990-12-01,Maize,102.0
1991-01-01,Maize,105.7
1991-02-01,Maize,106.1
1991-03-01,Maize,109.5
1991-04-01,Maize,110.3
1991-05-01,Maize,105.7
1991-06-01,Maize,104.2
1991-07-01,Maize,105.1
1991-08-01,Maize,110.4
1991-09-01,Maize,108.9
1991-10-01,Maize,109.7
1991-11-01,Maize,106.5
1991-12-01,Maize,106.9
1992-01-01,Maize,109.3
1992-02-01,Maize,113.6
1992-03-01,Maize,117.0
1992-04-01,Maize,108.5
1992-05-01,Maize,109.6
1992-06-01,Maize,110.9
1992-07-01,Maize,102.8
1992-08-01,Maize,97.0
1992-09-01,Maize,98.1
1992-10-01,Maize,95.1
1992-11-01,Maize,94.5
1992-12-01,Maize,94.6
1993-01-01,Maize,94.2
1993-02-01,Maize,94.4
1993-03-01,Maize,97.1
1993-04-01,Maize,100.6
1993-05-01,Maize,98.6
1993-06-01,Maize,92.8
1993-07-01,Maize,101.3
1993-08-01,Maize,100.3
1993-09-01,Maize,100.9
1993-10-01,Maize,106.5
1993-11-01,Maize,116.7
1993-12-01,Maize,121.8
1994-01-01,Maize,127.2
1994-02-01,Maize,123.2
1994-03-01,Maize,119.4
1994-04-01,Maize,113.2
1994-05-01,Maize,109.6
1994-06-01,Maize,112.2
1994-07-01,Maize,97.8
1994-08-01,Maize,96.0
1994-09-01,Maize,97.5
1994-10-01,Maize,96.5
1994-11-01,Maize,95.5
1994-12-01,Maize,102.5
1995-01-01,Maize,107.0
1995-02-01,Maize,106.7
1995-03-01,Maize,109.7
1995-04-01,Maize,109.3
1995-05-01,Maize,112.0
1995-06-01,Maize,119.9
1995-07-01,Maize,127.0
1995-08-01,Maize,126.4
1995-09-01,Maize,130.5
1995-10-01,Maize,140.9
1995-11-01,Maize,144.0
1995-12-01,Maize,148.7
1996-01-01,Maize,156.1
1996-02-01,Maize,164.8
1996-03-01,Maize,184.9
1996-04-01,Maize,190.4
1996-05-01,Maize,204.0
1996-06-01,Maize,197.6
1996-07-01,Maize,197.8
1996-08-01,Maize,185.5
1996-09-01,Maize,145.4
1996-10-01,Maize,127.9
1996-11-01,Maize,117.7
1996-12-01,Maize,117.7
1997-01-01,Maize,118.4
1997-02-01,Maize,121.7
1997-03-01,Maize,127.6
1997-04-01,Maize,124.4
1997-05-01,Maize,118.8
1997-06-01,Maize,112.1
1997-07-01,Maize,106.1
1997-08-01,Maize,112.9
1997-09-01,Maize,112.2
1997-10-01,Maize,120.4
1997-11-01,Maize,117.2
1997-12-01,Maize,113.5
1998-01-01,Maize,114.7
1998-02-01,Maize,113.4
1998-03-01,Maize,114.2
1998-04-01,Maize,107.1
1998-05-01,Maize,106.1
1998-06-01,Maize,104.2
1998-07-01,Maize,100.5
1998-08-01,Maize,87.9
1998-09-01,Maize,86.3
1998-10-01,Maize,95.5
1998-11-01,Maize,98.1
1998-12-01,Maize,95.8
1999-01-01,Maize,97.4
1999-02-01,Maize,94.2
1999-03-01,Maize,96.2
1999-04-01,Maize,94.1
1999-05-01,Maize,92.5
1999-06-01,Maize,93.7
1999-07-01,Maize,84.0
1999-08-01,Maize,85.7
1999-09-01,Maize,86.5
1999-10-01,Maize,85.8
1999-11-01,Maize,85.4
1999-12-01,Maize,87.2
2000-01-01,Maize,93.3
2000-02-01,Maize,95.2
2000-03-01,Maize,95.1
2000-04-01,Maize,95.2
2000-05-01,Maize,96.4
2000-06-01,Maize,84.3
2000-07-01,Maize,75.3
2000-08-01,Maize,75.6
2000-09-01,Maize,80.4
2000-10-01,Maize,85.0
2000-11-01,Maize,89.2
2000-12-01,Maize,97.6
2001-01-01,Maize,95.2
2001-02-01,Maize,92.0
2001-03-01,Maize,90.3
2001-04-01,Maize,88.0
2001-05-01,Maize,84.1
2001-06-01,Maize,83.3
2001-07-01,Maize,91.7
2001-08-01,Maize,93.1
2001-09-01,Maize,90.1
2001-10-01,Maize,86.6
2001-11-01,Maize,89.5
2001-12-01,Maize,91.9
2002-01-01,Maize,92.0
2002-02-01,Maize,90.8
2002-03-01,Maize,89.6
2002-04-01,Maize,87.1
2002-05-01,Maize,90.3
2002-06-01,Maize,94.1
2002-07-01,Maize,98.7
2002-08-01,Maize,108.9
2002-09-01,Maize,114.1
2002-10-01,Maize,109.7
2002-11-01,Maize,108.9
2002-12-01,Maize,107.0
2003-01-01,Maize,106.1
2003-02-01,Maize,105.9
2003-03-01,Maize,105.6
2003-04-01,Maize,105.5
2003-05-01,Maize,107.5
2003-06-01,Maize,107.3
2003-07-01,Maize,96.8
2003-08-01,Maize,100.7
2003-09-01,Maize,104.1
2003-10-01,Maize,105.4
2003-11-01,Maize,108.5
2003-12-01,Maize,111.2
2004-01-01,Maize,115.5
2004-02-01,Maize,123.5
2004-03-01,Maize,127.8
2004-04-01,Maize,133.5
2004-05-01,Maize,128.2
2004-06-01,Maize,123.3
2004-07-01,Maize,104.8
2004-08-01,Maize,104.1
2004-09-01,Maize,97.9
2004-10-01,Maize,93.8
2004-11-01,Maize,93.7
2004-12-01,Maize,95.4
2005-01-01,Maize,96.3
2005-02-01,Maize,94.1
2005-03-01,Maize,99.9
2005-04-01,Maize,96.3
2005-05-01,Maize,95.4
2005-06-01,Maize,97.1
2005-07-01,Maize,107.5
2005-08-01,Maize,101.7
2005-09-01,Maize,96.4
2005-10-01,Maize,101.9
2005-11-01,Maize,95.4
2005-12-01,Maize,102.1
2006-01-01,Maize,102.7
2006-02-01,Maize,107.1
2006-03-01,Maize,105.3
2006-04-01,Maize,107.7
2006-05-01,Maize,110.6
2006-06-01,Maize,109.4
2006-07-01,Maize,114.0
2006-08-01,Maize,116.6
2006-09-01,Maize,121.7
2006-10-01,Maize,142.2
2006-11-01,Maize,164.5
2006-12-01,Maize,160.4
2007-01-01,Maize,164.8
2007-02-01,Maize,177.3
2007-03-01,Maize,170.5
2007-04-01,Maize,152.7
2007-05-01,Maize,160.2
2007-06-01,Maize,165.2
2007-07-01,Maize,146.8
2007-08-01,Maize,151.2
2007-09-01,Maize,159.4
2007-10-01,Maize,164.2
2007-11-01,Maize,171.3
2007-12-01,Maize,180.3
2008-01-01,Maize,206.7
2008-02-01,Maize,220.1
2008-03-01,Maize,234.4
2008-04-01,Maize,246.4
2008-05-01,Maize,243.5
2008-06-01,Maize,287.1
2008-07-01,Maize,265.3
2008-08-01,Maize,235.0
2008-09-01,Maize,233.8
2008-10-01,Maize,183.1
2008-11-01,Maize,163.8
2008-12-01,Maize,158.3
2009-01-01,Maize,172.8
2009-02-01,Maize,163.4
2009-03-01,Maize,164.6
2009-04-01,Maize,168.5
2009-05-01,Maize,179.9
2009-06-01,Maize,179.5
2009-07-01,Maize,151.6
2009-08-01,Maize,152.0
2009-09-01,Maize,150.4
2009-10-01,Maize,167.3
2009-11-01,Maize,171.6
2009-12-01,Maize,164.6
2010-01-01,Maize,167.3
2010-02-01,Maize,161.8
2010-03-01,Maize,159.0
2010-04-01,Maize,157.1
2010-05-01,Maize,163.4
2010-06-01,Maize,152.7
2010-07-01,Maize,163.8
2010-08-01,Maize,175.6
2010-09-01,Maize,205.9
2010-10-01,Maize,235.8
2010-11-01,Maize,238.2
2010-12-01,Maize,250.4
2011-01-01,Maize,264.9
2011-02-01,Maize,292.9
2011-03-01,Maize,290.5
2011-04-01,Maize,319.3
2011-05-01,Maize,307.9
2011-06-01,Maize,310.6
2011-07-01,Maize,300.8
2011-08-01,Maize,310.2
2011-09-01,Maize,295.3
2011-10-01,Maize,274.8
2011-11-01,Maize,274.4
2011-12-01,Maize,258.6
2012-01-01,Maize,272.8
2012-02-01,Maize,279.5
2012-03-01,Maize,280.7
2012-04-01,Maize,274.0
2012-05-01,Maize,269.3
2012-06-01,Maize,267.3
2012-07-01,Maize,333.1
2012-08-01,Maize,332.0
2012-09-01,Maize,320.8
2012-10-01,Maize,321.2
2012-11-01,Maize,321.6
2012-12-01,Maize,308.6
2013-01-01,Maize,303.1
2013-02-01,Maize,302.7
2013-03-01,Maize,309.0
2013-04-01,Maize,279.9
2013-05-01,Maize,295.5
2013-06-01,Maize,298.4
2013-07-01,Maize,279.5
2013-08-01,Maize,238.7
2013-09-01,Maize,207.4
2013-10-01,Maize,201.7
2013-11-01,Maize,199.1
2013-12-01,Maize,197.4
2014-01-01,Maize,198.1
2014-02-01,Maize,209.3
2014-03-01,Maize,222.3
2014-04-01,Maize,222.4
2014-05-01,Maize,217.3
2014-06-01,Maize,202.4
2014-07-01,Maize,182.7
2014-08-01,Maize,176.4
2014-09-01,Maize,163.1
2014-10-01,Maize,163.1
2014-11-01,Maize,178.7
2014-12-01,Maize,178.7
2015-01-01,Maize,174.7
2015-02-01,Maize,173.7
2015-03-01,Maize,174.2
2015-04-01,Maize,172.1
2015-05-01,Maize,166.3
2015-06-01,Maize,166.7
2015-07-01,Maize,179.6
2015-08-01,Maize,162.6
2015-09-01,Maize,165.6
2015-10-01,Maize,171.4
2015-11-01,Maize,166.2
2015-12-01,Maize,163.9
2016-01-01,Maize,161.0
2016-02-01,Maize,159.7
2016-03-01,Maize,159.1
2016-04-01,Maize,164.4
2016-05-01,Maize,169.0
2016-06-01,Maize,179.9
2016-07-01,Maize,161.8
2016-08-01,Maize,150.2
2016-09-01,Maize,148.4
2016-10-01,Maize,152.3
2016-11-01,Maize,151.8
2016-12-01,Maize,152.4
2017-01-01,Maize,160.0
2017-02-01,Maize,162.9
2017-03-01,Maize,159.0
2017-04-01,Maize,156.4
2017-05-01,Maize,158.6
2017-06-01,Maize,157.9
2017-07-01,Maize,157.5
2017-08-01,Maize,148.5
2017-09-01,Maize,147.3
2017-10-01,Maize,148.6
2017-11-01,Maize,148.7
2017-12-01,Maize,149.0
2018-01-01,Maize,155.8
2018-02-01,Maize,163.4
2018-03-01,Maize,172.0
2018-04-01,Maize,175.6
2018-05-01,Maize,179.1
2018-06-01,Maize,165.1
2018-07-01,Maize,156.5
2018-08-01,Maize,162.4
2018-09-01,Maize,154.8
2018-10-01,Maize,160.3
2018-11-01,Maize,160.7
2018-12-01,Maize,167.4
2019-01-01,Maize,166.7
2019-02-01,Maize,169.5
2019-03-01,Maize,166.2
2019-04-01,Maize,161.5
2019-05-01,Maize,171.1
2019-06-01,Maize,195.1
2019-07-01,Maize,189.4
2019-08-01,Maize,163.6
2019-09-01,Maize,157.3
2019-10-01,Maize,167.1
2019-11-01,Maize,166.3
2019-12-01,Maize,167.0
2020-01-01,Maize,171.8
2020-02-01,Maize,168.7
2020-03-01,Maize,162.4
2020-04-01,Maize,146.9
2020-05-01,Maize,143.9
2020-06-01,Maize,148.0
2020-07-01,Maize,152.6
2020-08-01,Maize,149.3
2020-09-01,Maize,166.1
2020-10-01,Maize,186.7
2020-11-01,Maize,190.4
2020-12-01,Maize,198.8
2021-01-01,Maize,234.5
2021-02-01,Maize,245.2
2021-03-01,Maize,245.2
2021-04-01,Maize,268.2
2021-05-01,Maize,305.3
2021-06-01,Maize,292.6
2021-07-01,Maize,278.4
2021-08-01,Maize,256.6
2021-09-01,Maize,235.6
2021-10-01,Maize,239.6
2021-11-01,Maize,248.7
2021-12-01,Maize,264.5
2022-01-01,Maize,276.6
2022-02-01,Maize,292.6
2022-03-01,Maize,335.5
2022-04-01,Maize,348.2
2022-05-01,Maize,344.8
2022-06-01,Maize,335.7
2022-07-01,Maize,323.0
2022-08-01,Maize,289.8
2022-09-01,Maize,312.7
2022-10-01,Maize,343.6
2022-11-01,Maize,320.9
2022-12-01,Maize,302.2
2023-01-01,Maize,302.8
2023-02-01,Maize,298.2
2023-03-01,Maize,282.5
2023-04-01,Maize,291.1
2023-05-01,Maize,268.1
2023-06-01,Maize,266.9
2023-07-01,Maize,242.4
2023-08-01,Maize,207.6
2023-09-01,Maize,223.8
2023-10-01,Maize,230.7
2023-11-01,Maize,211.3
2023-12-01,Maize,206.5
2024-01-01,Maize,198.6
2024-02-01,Maize,189.1
2024-03-01,Maize,190.6
2024-04-01,Maize,191.7
2024-05-01,Maize,197.8
2024-06-01,Maize,192.5
2024-07-01,Maize,177.4
2024-08-01,Maize,170.3
2024-09-01,Maize,185.0
2024-10-01,Maize,190.3
2024-11-01,Maize,201.3
2024-12-01,Maize,202.6
2025-01-01,Maize,214.4
2025-02-01,Maize,220.9
2025-03-01,Maize,207.4
2025-04-01,Maize,215.0
2025-05-01,Maize,203.9
2025-06-01,Maize,196.1
2025-07-01,Maize,192.0
2025-08-01,Maize,185.5
2025-09-01,Maize,197.4
2025-10-01,Maize,198.1
2025-11-01,Maize,202.0
2025-12-01,Maize,205.7
2026-01-01,Maize,204.5
2026-02-01,Maize,209.6
2026-03-01,Maize,212.7
2026-04-01,Maize,214.0
2026-05-01,Maize,216.2
2026-06-01,Maize,197.1
2026-07-01,Maize,213.4
1960-01-01,Soybeans,94.0
1960-02-01,Soybeans,91.0
1960-03-01,Soybeans,92.0
1960-04-01,Soybeans,93.0
1960-05-01,Soybeans,93.0
1960-06-01,Soybeans,91.0
1960-07-01,Soybeans,92.0
1960-08-01,Soybeans,93.0
1960-09-01,Soybeans,92.0
1960-10-01,Soybeans,88.0
1960-11-01,Soybeans,90.0
1960-12-01,Soybeans,93.0
1961-01-01,Soybeans,102.0
1961-02-01,Soybeans,114.0
1961-03-01,Soybeans,121.0
1961-04-01,Soybeans,129.0
1961-05-01,Soybeans,122.0
1961-06-01,Soybeans,114.0
1961-07-01,Soybeans,112.0
1961-08-01,Soybeans,101.0
1961-09-01,Soybeans,98.0
1961-10-01,Soybeans,98.0
1961-11-01,Soybeans,100.0
1961-12-01,Soybeans,101.0
1962-01-01,Soybeans,101.0
1962-02-01,Soybeans,101.0
1962-03-01,Soybeans,103.0
1962-04-01,Soybeans,104.0
1962-05-01,Soybeans,104.0
1962-06-01,Soybeans,102.0
1962-07-01,Soybeans,101.0
1962-08-01,Soybeans,95.0
1962-09-01,Soybeans,95.0
1962-10-01,Soybeans,97.0
1962-11-01,Soybeans,101.0
1962-12-01,Soybeans,102.0
1963-01-01,Soybeans,107.0
1963-02-01,Soybeans,110.0
1963-03-01,Soybeans,109.0
1963-04-01,Soybeans,107.0
1963-05-01,Soybeans,109.0
1963-06-01,Soybeans,108.0
1963-07-01,Soybeans,109.0
1963-08-01,Soybeans,106.0
1963-09-01,Soybeans,109.0
1963-10-01,Soybeans,117.0
1963-11-01,Soybeans,116.0
1963-12-01,Soybeans,114.0
1964-01-01,Soybeans,117.0
1964-02-01,Soybeans,113.0
1964-03-01,Soybeans,111.0
1964-04-01,Soybeans,107.0
1964-05-01,Soybeans,105.0
1964-06-01,Soybeans,104.0
1964-07-01,Soybeans,102.0
1964-08-01,Soybeans,104.0
1964-09-01,Soybeans,110.0
1964-10-01,Soybeans,114.0
1964-11-01,Soybeans,118.0
1964-12-01,Soybeans,122.0
1965-01-01,Soybeans,123.0
1965-02-01,Soybeans,128.0
1965-03-01,Soybeans,125.0
1965-04-01,Soybeans,123.0
1965-05-01,Soybeans,119.0
1965-06-01,Soybeans,122.0
1965-07-01,Soybeans,120.0
1965-08-01,Soybeans,111.0
1965-09-01,Soybeans,106.0
1965-10-01,Soybeans,104.0
1965-11-01,Soybeans,107.0
1965-12-01,Soybeans,113.0
1966-01-01,Soybeans,120.0
1966-02-01,Soybeans,122.0
1966-03-01,Soybeans,120.0
1966-04-01,Soybeans,122.0
1966-05-01,Soybeans,125.0
1966-06-01,Soybeans,131.0
1966-07-01,Soybeans,139.0
1966-08-01,Soybeans,140.0
1966-09-01,Soybeans,128.0
1966-10-01,Soybeans,120.0
1966-11-01,Soybeans,121.0
1966-12-01,Soybeans,121.0
1967-01-01,Soybeans,117.0
1967-02-01,Soybeans,117.0
1967-03-01,Soybeans,116.0
1967-04-01,Soybeans,116.0
1967-05-01,Soybeans,116.0
1967-06-01,Soybeans,117.0
1967-07-01,Soybeans,115.0
1967-08-01,Soybeans,111.0
1967-09-01,Soybeans,111.0
1967-10-01,Soybeans,110.0
1967-11-01,Soybeans,116.0
1967-12-01,Soybeans,113.0
1968-01-01,Soybeans,114.0
1968-02-01,Soybeans,115.0
1968-03-01,Soybeans,116.0
1968-04-01,Soybeans,113.0
1968-05-01,Soybeans,114.0
1968-06-01,Soybeans,112.0
1968-07-01,Soybeans,111.0
1968-08-01,Soybeans,106.0
1968-09-01,Soybeans,105.0
1968-10-01,Soybeans,104.0
1968-11-01,Soybeans,109.0
1968-12-01,Soybeans,111.0
1969-01-01,Soybeans,111.0
1969-02-01,Soybeans,109.0
1969-03-01,Soybeans,111.0
1969-04-01,Soybeans,110.0
1969-05-01,Soybeans,112.0
1969-06-01,Soybeans,110.0
1969-07-01,Soybeans,102.0
1969-08-01,Soybeans,99.0
1969-09-01,Soybeans,101.0
1969-10-01,Soybeans,103.0
1969-11-01,Soybeans,107.0
1969-12-01,Soybeans,106.0
1970-01-01,Soybeans,107.0
1970-02-01,Soybeans,110.0
1970-03-01,Soybeans,111.0
1970-04-01,Soybeans,112.0
1970-05-01,Soybeans,115.0
1970-06-01,Soybeans,118.0
1970-07-01,Soybeans,122.0
1970-08-01,Soybeans,120.0
1970-09-01,Soybeans,119.0
1970-10-01,Soybeans,123.0
1970-11-01,Soybeans,125.0
1970-12-01,Soybeans,121.0
1971-01-01,Soybeans,125.0
1971-02-01,Soybeans,125.0
1971-03-01,Soybeans,124.0
1971-04-01,Soybeans,119.0
1971-05-01,Soybeans,122.0
1971-06-01,Soybeans,127.0
1971-07-01,Soybeans,134.0
1971-08-01,Soybeans,131.0
1971-09-01,Soybeans,124.0
1971-10-01,Soybeans,125.0
1971-11-01,Soybeans,125.0
1971-12-01,Soybeans,126.0
1972-01-01,Soybeans,125.0
1972-02-01,Soybeans,127.0
1972-03-01,Soybeans,135.0
1972-04-01,Soybeans,140.0
1972-05-01,Soybeans,140.0
1972-06-01,Soybeans,138.0
1972-07-01,Soybeans,141.0
1972-08-01,Soybeans,141.0
1972-09-01,Soybeans,135.0
1972-10-01,Soybeans,136.0
1972-11-01,Soybeans,148.0
1972-12-01,Soybeans,174.0
1973-01-01,Soybeans,214.0
1973-02-01,Soybeans,259.0
1973-03-01,Soybeans,258.0
1973-04-01,Soybeans,260.0
1973-05-01,Soybeans,358.0
1973-06-01,Soybeans,470.0
1973-07-01,Soybeans,330.0
1973-08-01,Soybeans,331.0
1973-09-01,Soybeans,266.0
1973-10-01,Soybeans,245.0
1973-11-01,Soybeans,239.0
1973-12-01,Soybeans,254.0
1974-01-01,Soybeans,261.0
1974-02-01,Soybeans,271.0
1974-03-01,Soybeans,265.0
1974-04-01,Soybeans,235.0
1974-05-01,Soybeans,229.0
1974-06-01,Soybeans,228.0
1974-07-01,Soybeans,276.0
1974-08-01,Soybeans,320.0
1974-09-01,Soybeans,303.0
1974-10-01,Soybeans,335.0
1974-11-01,Soybeans,312.0
1974-12-01,Soybeans,288.0
1975-01-01,Soybeans,256.0
1975-02-01,Soybeans,231.0
1975-03-01,Soybeans,226.0
1975-04-01,Soybeans,229.0
1975-05-01,Soybeans,208.0
1975-06-01,Soybeans,207.0
1975-07-01,Soybeans,224.0
1975-08-01,Soybeans,243.0
1975-09-01,Soybeans,227.0
1975-10-01,Soybeans,211.0
1975-11-01,Soybeans,192.0
1975-12-01,Soybeans,185.0
1976-01-01,Soybeans,189.0
1976-02-01,Soybeans,191.0
1976-03-01,Soybeans,190.0
1976-04-01,Soybeans,190.0
1976-05-01,Soybeans,210.0
1976-06-01,Soybeans,248.0
1976-07-01,Soybeans,264.0
1976-08-01,Soybeans,248.0
1976-09-01,Soybeans,261.0
1976-10-01,Soybeans,254.0
1976-11-01,Soybeans,260.0
1976-12-01,Soybeans,269.0
1977-01-01,Soybeans,287.0
1977-02-01,Soybeans,293.0
1977-03-01,Soybeans,328.0
1977-04-01,Soybeans,384.0
1977-05-01,Soybeans,371.0
1977-06-01,Soybeans,326.0
1977-07-01,Soybeans,252.0
1977-08-01,Soybeans,230.0
1977-09-01,Soybeans,205.0
1977-10-01,Soybeans,209.0
1977-11-01,Soybeans,236.0
1977-12-01,Soybeans,241.0
1978-01-01,Soybeans,239.0
1978-02-01,Soybeans,239.0
1978-03-01,Soybeans,273.0
1978-04-01,Soybeans,290.0
1978-05-01,Soybeans,290.0
1978-06-01,Soybeans,278.0
1978-07-01,Soybeans,266.0
1978-08-01,Soybeans,262.0
1978-09-01,Soybeans,264.0
1978-10-01,Soybeans,271.0
1978-11-01,Soybeans,270.0
1978-12-01,Soybeans,278.0
1979-01-01,Soybeans,284.0
1979-02-01,Soybeans,298.0
1979-03-01,Soybeans,310.0
1979-04-01,Soybeans,300.0
1979-05-01,Soybeans,300.0
1979-06-01,Soybeans,322.0
1979-07-01,Soybeans,322.0
1979-08-01,Soybeans,302.0
1979-09-01,Soybeans,292.0
1979-10-01,Soybeans,283.0
1979-11-01,Soybeans,281.0
1979-12-01,Soybeans,279.0
1980-01-01,Soybeans,268.0
1980-02-01,Soybeans,271.0
1980-03-01,Soybeans,264.0
1980-04-01,Soybeans,252.0
1980-05-01,Soybeans,260.0
1980-06-01,Soybeans,262.0
1980-07-01,Soybeans,303.0
1980-08-01,Soybeans,309.0
1980-09-01,Soybeans,335.0
1980-10-01,Soybeans,340.0
1980-11-01,Soybeans,367.0
1980-12-01,Soybeans,324.0
1981-01-01,Soybeans,323.0
1981-02-01,Soybeans,306.0
1981-03-01,Soybeans,305.0
1981-04-01,Soybeans,316.0
1981-05-01,Soybeans,306.0
1981-06-01,Soybeans,291.0
1981-07-01,Soybeans,294.0
1981-08-01,Soybeans,283.0
1981-09-01,Soybeans,264.0
1981-10-01,Soybeans,260.0
1981-11-01,Soybeans,257.0
1981-12-01,Soybeans,256.0
1982-01-01,Soybeans,262.0
1982-02-01,Soybeans,254.0
1982-03-01,Soybeans,254.0
1982-04-01,Soybeans,265.0
1982-05-01,Soybeans,269.0
1982-06-01,Soybeans,254.0
1982-07-01,Soybeans,249.0
1982-08-01,Soybeans,234.0
1982-09-01,Soybeans,217.0
1982-10-01,Soybeans,214.0
1982-11-01,Soybeans,231.0
1982-12-01,Soybeans,232.0
1983-01-01,Soybeans,235.0
1983-02-01,Soybeans,239.0
1983-03-01,Soybeans,242.0
1983-04-01,Soybeans,253.0
1983-05-01,Soybeans,252.0
1983-06-01,Soybeans,243.0
1983-07-01,Soybeans,263.0
1983-08-01,Soybeans,339.0
1983-09-01,Soybeans,350.0
1983-10-01,Soybeans,329.0
1983-11-01,Soybeans,324.0
1983-12-01,Soybeans,311.0
1984-01-01,Soybeans,305.0
1984-02-01,Soybeans,293.0
1984-03-01,Soybeans,314.0
1984-04-01,Soybeans,315.0
1984-05-01,Soybeans,338.0
1984-06-01,Soybeans,308.0
1984-07-01,Soybeans,270.0
1984-08-01,Soybeans,261.0
1984-09-01,Soybeans,245.0
1984-10-01,Soybeans,245.0
1984-11-01,Soybeans,250.0
1984-12-01,Soybeans,241.0
1985-01-01,Soybeans,243.0
1985-02-01,Soybeans,239.0
1985-03-01,Soybeans,241.0
1985-04-01,Soybeans,243.0
1985-05-01,Soybeans,231.0
1985-06-01,Soybeans,227.0
1985-07-01,Soybeans,223.0
1985-08-01,Soybeans,211.0
1985-09-01,Soybeans,207.0
1985-10-01,Soybeans,205.0
1985-11-01,Soybeans,210.0
1985-12-01,Soybeans,213.0
1986-01-01,Soybeans,221.0
1986-02-01,Soybeans,216.0
1986-03-01,Soybeans,217.0
1986-04-01,Soybeans,213.0
1986-05-01,Soybeans,215.0
1986-06-01,Soybeans,213.0
1986-07-01,Soybeans,209.0
1986-08-01,Soybeans,202.0
1986-09-01,Soybeans,195.0
1986-10-01,Soybeans,197.0
1986-11-01,Soybeans,204.0
1986-12-01,Soybeans,199.0
1987-01-01,Soybeans,200.0
1987-02-01,Soybeans,198.0
1987-03-01,Soybeans,199.0
1987-04-01,Soybeans,207.0
1987-05-01,Soybeans,221.0
1987-06-01,Soybeans,228.0
1987-07-01,Soybeans,222.0
1987-08-01,Soybeans,215.0
1987-09-01,Soybeans,214.0
1987-10-01,Soybeans,217.0
1987-11-01,Soybeans,228.0
1987-12-01,Soybeans,240.0
1988-01-01,Soybeans,254.0
1988-02-01,Soybeans,254.0
1988-03-01,Soybeans,257.0
1988-04-01,Soybeans,270.0
1988-05-01,Soybeans,285.0
1988-06-01,Soybeans,353.0
1988-07-01,Soybeans,351.0
1988-08-01,Soybeans,342.0
1988-09-01,Soybeans,337.0
1988-10-01,Soybeans,313.0
1988-11-01,Soybeans,313.0
1988-12-01,Soybeans,313.0
1989-01-01,Soybeans,318.0
1989-02-01,Soybeans,307.0
1989-03-01,Soybeans,313.0
1989-04-01,Soybeans,297.0
1989-05-01,Soybeans,297.0
1989-06-01,Soybeans,291.0
1989-07-01,Soybeans,272.0
1989-08-01,Soybeans,236.0
1989-09-01,Soybeans,237.0
1989-10-01,Soybeans,238.0
1989-11-01,Soybeans,246.0
1989-12-01,Soybeans,248.0
1990-01-01,Soybeans,242.0
1990-02-01,Soybeans,240.0
1990-03-01,Soybeans,242.0
1990-04-01,Soybeans,247.0
1990-05-01,Soybeans,259.0
1990-06-01,Soybeans,249.0
1990-07-01,Soybeans,252.0
1990-08-01,Soybeans,250.0
1990-09-01,Soybeans,250.0
1990-10-01,Soybeans,247.0
1990-11-01,Soybeans,239.0
1990-12-01,Soybeans,244.0
1991-01-01,Soybeans,239.0
1991-02-01,Soybeans,241.0
1991-03-01,Soybeans,244.0
1991-04-01,Soybeans,245.0
1991-05-01,Soybeans,241.0
1991-06-01,Soybeans,241.0
1991-07-01,Soybeans,229.0
1991-08-01,Soybeans,241.0
1991-09-01,Soybeans,246.0
1991-10-01,Soybeans,237.0
1991-11-01,Soybeans,237.0
1991-12-01,Soybeans,234.0
1992-01-01,Soybeans,236.0
1992-02-01,Soybeans,237.0
1992-03-01,Soybeans,240.0
1992-04-01,Soybeans,235.0
1992-05-01,Soybeans,247.0
1992-06-01,Soybeans,253.0
1992-07-01,Soybeans,237.0
1992-08-01,Soybeans,229.0
1992-09-01,Soybeans,227.0
1992-10-01,Soybeans,221.0
1992-11-01,Soybeans,229.0
1992-12-01,Soybeans,235.0
1993-01-01,Soybeans,239.0
1993-02-01,Soybeans,236.0
1993-03-01,Soybeans,238.0
1993-04-01,Soybeans,244.0
1993-05-01,Soybeans,246.0
1993-06-01,Soybeans,245.0
1993-07-01,Soybeans,287.0
1993-08-01,Soybeans,274.0
1993-09-01,Soybeans,260.0
1993-10-01,Soybeans,249.0
1993-11-01,Soybeans,267.0
1993-12-01,Soybeans,276.0
1994-01-01,Soybeans,282.0
1994-02-01,Soybeans,273.0
1994-03-01,Soybeans,274.0
1994-04-01,Soybeans,261.0
1994-05-01,Soybeans,256.0
1994-06-01,Soybeans,265.0
1994-07-01,Soybeans,237.0
1994-08-01,Soybeans,232.0
1994-09-01,Soybeans,233.0
1994-10-01,Soybeans,227.0
1994-11-01,Soybeans,239.0
1994-12-01,Soybeans,243.0
1995-01-01,Soybeans,243.0
1995-02-01,Soybeans,238.0
1995-03-01,Soybeans,246.0
1995-04-01,Soybeans,249.0
1995-05-01,Soybeans,250.0
1995-06-01,Soybeans,252.0
1995-07-01,Soybeans,261.0
1995-08-01,Soybeans,257.0
1995-09-01,Soybeans,266.0
1995-10-01,Soybeans,271.0
1995-11-01,Soybeans,282.0
1995-12-01,Soybeans,296.0
1996-01-01,Soybeans,305.0
1996-02-01,Soybeans,299.0
1996-03-01,Soybeans,295.0
1996-04-01,Soybeans,316.0
1996-05-01,Soybeans,322.0
1996-06-01,Soybeans,308.0
1996-07-01,Soybeans,312.0
1996-08-01,Soybeans,317.0
1996-09-01,Soybeans,319.0
1996-10-01,Soybeans,290.0
1996-11-01,Soybeans,286.0
1996-12-01,Soybeans,289.0
1997-01-01,Soybeans,301.0
1997-02-01,Soybeans,308.0
1997-03-01,Soybeans,332.0
1997-04-01,Soybeans,338.0
1997-05-01,Soybeans,298.0
1997-06-01,Soybeans,278.0
1997-07-01,Soybeans,306.0
1997-08-01,Soybeans,265.0
1997-09-01,Soybeans,269.0
1997-10-01,Soybeans,278.0
1997-11-01,Soybeans,288.0
1997-12-01,Soybeans,284.0
1998-01-01,Soybeans,273.0
1998-02-01,Soybeans,273.0
1998-03-01,Soybeans,265.0
1998-04-01,Soybeans,259.0
1998-05-01,Soybeans,247.0
1998-06-01,Soybeans,242.0
1998-07-01,Soybeans,238.0
1998-08-01,Soybeans,219.0
1998-09-01,Soybeans,216.0
1998-10-01,Soybeans,223.0
1998-11-01,Soybeans,234.0
1998-12-01,Soybeans,230.0
1999-01-01,Soybeans,221.0
1999-02-01,Soybeans,205.0
1999-03-01,Soybeans,205.0
1999-04-01,Soybeans,207.0
1999-05-01,Soybeans,199.0
1999-06-01,Soybeans,194.0
1999-07-01,Soybeans,183.0
1999-08-01,Soybeans,199.0
1999-09-01,Soybeans,207.0
1999-10-01,Soybeans,203.0
1999-11-01,Soybeans,198.0
1999-12-01,Soybeans,199.0
2000-01-01,Soybeans,208.0
2000-02-01,Soybeans,214.0
2000-03-01,Soybeans,221.0
2000-04-01,Soybeans,229.0
2000-05-01,Soybeans,229.0
2000-06-01,Soybeans,211.0
2000-07-01,Soybeans,197.0
2000-08-01,Soybeans,198.0
2000-09-01,Soybeans,209.0
2000-10-01,Soybeans,203.0
2000-11-01,Soybeans,206.0
2000-12-01,Soybeans,217.0
2001-01-01,Soybeans,210.0
2001-02-01,Soybeans,200.0
2001-03-01,Soybeans,195.0
2001-04-01,Soybeans,186.0
2001-05-01,Soybeans,184.0
2001-06-01,Soybeans,188.0
2001-07-01,Soybeans,208.0
2001-08-01,Soybeans,212.0
2001-09-01,Soybeans,202.0
2001-10-01,Soybeans,187.0
2001-11-01,Soybeans,189.0
2001-12-01,Soybeans,189.0
2002-01-01,Soybeans,188.0
2002-02-01,Soybeans,187.0
2002-03-01,Soybeans,191.0
2002-04-01,Soybeans,195.0
2002-05-01,Soybeans,197.0
2002-06-01,Soybeans,200.0
2002-07-01,Soybeans,218.0
2002-08-01,Soybeans,227.0
2002-09-01,Soybeans,236.0
2002-10-01,Soybeans,229.0
2002-11-01,Soybeans,243.0
2002-12-01,Soybeans,241.0
2003-01-01,Soybeans,244.0
2003-02-01,Soybeans,243.0
2003-03-01,Soybeans,241.0
2003-04-01,Soybeans,251.0
2003-05-01,Soybeans,250.0
2003-06-01,Soybeans,239.0
2003-07-01,Soybeans,230.0
2003-08-01,Soybeans,237.0
2003-09-01,Soybeans,264.0
2003-10-01,Soybeans,310.0
2003-11-01,Soybeans,327.0
2003-12-01,Soybeans,332.0
2004-01-01,Soybeans,350.0
2004-02-01,Soybeans,368.0
2004-03-01,Soybeans,413.0
2004-04-01,Soybeans,358.0
2004-05-01,Soybeans,316.0
2004-06-01,Soybeans,295.0
2004-07-01,Soybeans,279.0
2004-08-01,Soybeans,265.0
2004-09-01,Soybeans,260.0
2004-10-01,Soybeans,249.0
2004-11-01,Soybeans,260.0
2004-12-01,Soybeans,265.0
2005-01-01,Soybeans,262.0
2005-02-01,Soybeans,261.0
2005-03-01,Soybeans,290.0
2005-04-01,Soybeans,283.0
2005-05-01,Soybeans,283.0
2005-06-01,Soybeans,306.0
2005-07-01,Soybeans,298.0
2005-08-01,Soybeans,274.0
2005-09-01,Soybeans,263.0
2005-10-01,Soybeans,257.0
2005-11-01,Soybeans,256.0
2005-12-01,Soybeans,264.0
2006-01-01,Soybeans,257.0
2006-02-01,Soybeans,257.0
2006-03-01,Soybeans,257.0
2006-04-01,Soybeans,258.0
2006-05-01,Soybeans,266.0
2006-06-01,Soybeans,267.0
2006-07-01,Soybeans,272.0
2006-08-01,Soybeans,262.0
2006-09-01,Soybeans,258.0
2006-10-01,Soybeans,273.0
2006-11-01,Soybeans,300.0
2006-12-01,Soybeans,297.0
2007-01-01,Soybeans,306.0
2007-02-01,Soybeans,325.0
2007-03-01,Soybeans,322.0
2007-04-01,Soybeans,320.0
2007-05-01,Soybeans,334.0
2007-06-01,Soybeans,361.0
2007-07-01,Soybeans,376.0
2007-08-01,Soybeans,385.0
2007-09-01,Soybeans,426.0
2007-10-01,Soybeans,450.0
2007-11-01,Soybeans,489.0
2007-12-01,Soybeans,504.0
2008-01-01,Soybeans,529.0
2008-02-01,Soybeans,574.0
2008-03-01,Soybeans,559.0
2008-04-01,Soybeans,549.0
2008-05-01,Soybeans,566.0
2008-06-01,Soybeans,635.0
2008-07-01,Soybeans,637.0
2008-08-01,Soybeans,557.0
2008-09-01,Soybeans,525.0
2008-10-01,Soybeans,400.0
2008-11-01,Soybeans,372.0
2008-12-01,Soybeans,359.0
2009-01-01,Soybeans,401.0
2009-02-01,Soybeans,374.0
2009-03-01,Soybeans,373.0
2009-04-01,Soybeans,388.0
2009-05-01,Soybeans,426.0
2009-06-01,Soybeans,442.0
2009-07-01,Soybeans,431.0
2009-08-01,Soybeans,498.0
2009-09-01,Soybeans,425.0
2009-10-01,Soybeans,430.0
2009-11-01,Soybeans,447.0
2009-12-01,Soybeans,449.0
2010-01-01,Soybeans,436.0
2010-02-01,Soybeans,412.0
2010-03-01,Soybeans,409.0
2010-04-01,Soybeans,403.0
2010-05-01,Soybeans,403.0
2010-06-01,Soybeans,401.0
2010-07-01,Soybeans,428.0
2010-08-01,Soybeans,450.0
2010-09-01,Soybeans,468.0
2010-10-01,Soybeans,496.0
2010-11-01,Soybeans,514.0
2010-12-01,Soybeans,546.0
2011-01-01,Soybeans,568.0
2011-02-01,Soybeans,566.0
2011-03-01,Soybeans,553.0
2011-04-01,Soybeans,557.0
2011-05-01,Soybeans,557.0
2011-06-01,Soybeans,556.0
2011-07-01,Soybeans,557.0
2011-08-01,Soybeans,553.0
2011-09-01,Soybeans,532.0
2011-10-01,Soybeans,491.0
2011-11-01,Soybeans,478.0
2011-12-01,Soybeans,483.0
2012-01-01,Soybeans,503.0
2012-02-01,Soybeans,523.0
2012-03-01,Soybeans,547.0
2012-04-01,Soybeans,584.0
2012-05-01,Soybeans,577.0
2012-06-01,Soybeans,578.0
2012-07-01,Soybeans,670.0
2012-08-01,Soybeans,684.0
2012-09-01,Soybeans,677.0
2012-10-01,Soybeans,626.0
2012-11-01,Soybeans,585.0
2012-12-01,Soybeans,591.0
2013-01-01,Soybeans,595.0
2013-02-01,Soybeans,611.0
2013-03-01,Soybeans,585.0
2013-04-01,Soybeans,564.0
2013-05-01,Soybeans,498.0
2013-06-01,Soybeans,525.0
2013-07-01,Soybeans,511.0
2013-08-01,Soybeans,512.0
2013-09-01,Soybeans,560.0
2013-10-01,Soybeans,541.0
2013-11-01,Soybeans,551.0
2013-12-01,Soybeans,564.0
2014-01-01,Soybeans,566.0
2014-02-01,Soybeans,491.0
2014-03-01,Soybeans,531.0
2014-04-01,Soybeans,516.0
2014-05-01,Soybeans,519.0
2014-06-01,Soybeans,511.0
2014-07-01,Soybeans,472.0
2014-08-01,Soybeans,459.0
2014-09-01,Soybeans,430.0
2014-10-01,Soybeans,426.0
2014-11-01,Soybeans,450.0
2014-12-01,Soybeans,448.0
2015-01-01,Soybeans,433.0
2015-02-01,Soybeans,424.0
2015-03-01,Soybeans,410.0
2015-04-01,Soybeans,395.0
2015-05-01,Soybeans,388.0
2015-06-01,Soybeans,391.0
2015-07-01,Soybeans,406.0
2015-08-01,Soybeans,379.0
2015-09-01,Soybeans,367.0
2015-10-01,Soybeans,376.0
2015-11-01,Soybeans,368.0
2015-12-01,Soybeans,368.0
2016-01-01,Soybeans,373.0
2016-02-01,Soybeans,374.0
2016-03-01,Soybeans,381.0
2016-04-01,Soybeans,395.0
2016-05-01,Soybeans,423.0
2016-06-01,Soybeans,457.0
2016-07-01,Soybeans,431.0
2016-08-01,Soybeans,412.0
2016-09-01,Soybeans,404.0
2016-10-01,Soybeans,402.0
2016-11-01,Soybeans,398.0
2016-12-01,Soybeans,416.0
2017-01-01,Soybeans,412.0
2017-02-01,Soybeans,395.0
2017-03-01,Soybeans,384.0
2017-04-01,Soybeans,387.0
2017-05-01,Soybeans,390.0
2017-06-01,Soybeans,379.0
2017-07-01,Soybeans,410.0
2017-08-01,Soybeans,393.0
2017-09-01,Soybeans,394.0
2017-10-01,Soybeans,397.0
2017-11-01,Soybeans,394.0
2017-12-01,Soybeans,387.0
2018-01-01,Soybeans,390.0
2018-02-01,Soybeans,416.0
2018-03-01,Soybeans,430.0
2018-04-01,Soybeans,439.0
2018-05-01,Soybeans,430.0
2018-06-01,Soybeans,394.0
2018-07-01,Soybeans,377.0
2018-08-01,Soybeans,377.0
2018-09-01,Soybeans,357.0
2018-10-01,Soybeans,368.0
2018-11-01,Soybeans,374.0
2018-12-01,Soybeans,381.0
2019-01-01,Soybeans,382.0
2019-02-01,Soybeans,380.0
2019-03-01,Soybeans,370.0
2019-04-01,Soybeans,360.0
2019-05-01,Soybeans,340.0
2019-06-01,Soybeans,359.0
2019-07-01,Soybeans,370.0
2019-08-01,Soybeans,361.0
2019-09-01,Soybeans,366.0
2019-10-01,Soybeans,382.0
2019-11-01,Soybeans,376.0
2019-12-01,Soybeans,383.0
2020-01-01,Soybeans,387.0
2020-02-01,Soybeans,376.0
2020-03-01,Soybeans,373.0
2020-04-01,Soybeans,361.0
2020-05-01,Soybeans,359.0
2020-06-01,Soybeans,370.0
2020-07-01,Soybeans,381.0
2020-08-01,Soybeans,385.0
2020-09-01,Soybeans,423.0
2020-10-01,Soybeans,454.0
2020-11-01,Soybeans,500.0
2020-12-01,Soybeans,511.0
2021-01-01,Soybeans,576.0
2021-02-01,Soybeans,578.0
2021-03-01,Soybeans,586.0
2021-04-01,Soybeans,597.0
2021-05-01,Soybeans,647.0
2021-06-01,Soybeans,615.0
2021-07-01,Soybeans,600.0
2021-08-01,Soybeans,586.0
2021-09-01,Soybeans,558.0
2021-10-01,Soybeans,552.0
2021-11-01,Soybeans,551.0
2021-12-01,Soybeans,554.0
2022-01-01,Soybeans,606.0
2022-02-01,Soybeans,662.0
2022-03-01,Soybeans,721.0
2022-04-01,Soybeans,721.0
2022-05-01,Soybeans,724.0
2022-06-01,Soybeans,737.0
2022-07-01,Soybeans,678.0
2022-08-01,Soybeans,671.0
2022-09-01,Soybeans,664.0
2022-10-01,Soybeans,626.0
2022-11-01,Soybeans,649.0
2022-12-01,Soybeans,646.0
2023-01-01,Soybeans,627.0
2023-02-01,Soybeans,651.0
2023-03-01,Soybeans,628.0
2023-04-01,Soybeans,615.0
2023-05-01,Soybeans,595.0
2023-06-01,Soybeans,592.0
2023-07-01,Soybeans,634.0
2023-08-01,Soybeans,584.0
2023-09-01,Soybeans,619.0
2023-10-01,Soybeans,530.0
2023-11-01,Soybeans,553.0
2023-12-01,Soybeans,547.0
2024-01-01,Soybeans,547.0
2024-02-01,Soybeans,520.0
2024-03-01,Soybeans,487.0
2024-04-01,Soybeans,477.0
2024-05-01,Soybeans,490.0
2024-06-01,Soybeans,480.0
2024-07-01,Soybeans,470.0
2024-08-01,Soybeans,400.0
2024-09-01,Soybeans,391.0
2024-10-01,Soybeans,442.0
2024-11-01,Soybeans,436.0
2024-12-01,Soybeans,409.0
2025-01-01,Soybeans,411.0
2025-02-01,Soybeans,412.0
2025-03-01,Soybeans,401.0
2025-04-01,Soybeans,408.0
2025-05-01,Soybeans,414.0
2025-06-01,Soybeans,416.0
2025-07-01,Soybeans,410.0
2025-08-01,Soybeans,407.0
2025-09-01,Soybeans,404.0
2025-10-01,Soybeans,404.0
2025-11-01,Soybeans,446.0
2025-12-01,Soybeans,440.0
2026-01-01,Soybeans,425.0
2026-02-01,Soybeans,459.0
2026-03-01,Soybeans,473.0
2026-04-01,Soybeans,463.0
2026-05-01,Soybeans,473.0
2026-06-01,Soybeans,464.0
2026-07-01,Soybeans,459.0
