period,exporterCode,importerCode,primaryValue,edge_source
2016,12,24,6933326.0,DIRECT_EXPORT_COMTRADE
2016,12,31,147405.0,DIRECT_EXPORT_COMTRADE
2016,12,32,44147377.0,DIRECT_EXPORT_COMTRADE
2016,12,36,175839636.0,DIRECT_EXPORT_COMTRADE
2016,12,50,869958.0,DIRECT_EXPORT_COMTRADE
2016,12,58,293335839.0,MIRROR_IMPORT_OECD
2016,12,76,1616165310.0,DIRECT_EXPORT_COMTRADE
2016,12,124,1300743241.0,DIRECT_EXPORT_COMTRADE
2016,12,144,8253.0,DIRECT_EXPORT_COMTRADE
2016,12,156,333398312.0,DIRECT_EXPORT_COMTRADE
2016,12,170,84.0,DIRECT_EXPORT_COMTRADE
2016,12,192,217862466.0,DIRECT_EXPORT_COMTRADE
2016,12,214,9565096.0,DIRECT_EXPORT_COMTRADE
2016,12,218,286.0,DIRECT_EXPORT_COMTRADE
2016,12,230,29077.0,MIRROR_IMPORT_OECD
2016,12,251,3424138889.0,DIRECT_EXPORT_COMTRADE
2016,12,276,63438404.0,DIRECT_EXPORT_COMTRADE
2016,12,288,2479339.0,DIRECT_EXPORT_COMTRADE
2016,12,344,429806.0,DIRECT_EXPORT_COMTRADE
2016,12,356,578207721.0,MIRROR_IMPORT_OECD
2016,12,360,327410539.0,DIRECT_EXPORT_COMTRADE
2016,12,364,2667.0,DIRECT_EXPORT_COMTRADE
2016,12,368,360140.0,DIRECT_EXPORT_COMTRADE
2016,12,380,5208346000.0,DIRECT_EXPORT_COMTRADE
2016,12,384,8019957.0,DIRECT_EXPORT_COMTRADE
2016,12,392,163749378.0,DIRECT_EXPORT_COMTRADE
2016,12,404,3393439.0,DIRECT_EXPORT_COMTRADE
2016,12,410,234525491.0,DIRECT_EXPORT_COMTRADE
2016,12,414,220861.0,DIRECT_EXPORT_COMTRADE
2016,12,458,102365589.0,DIRECT_EXPORT_COMTRADE
2016,12,484,49518583.0,DIRECT_EXPORT_COMTRADE
2016,12,504,499056202.0,DIRECT_EXPORT_COMTRADE
2016,12,512,26332.0,DIRECT_EXPORT_COMTRADE
2016,12,528,1470836701.0,DIRECT_EXPORT_COMTRADE
2016,12,554,76773.0,DIRECT_EXPORT_COMTRADE
2016,12,586,67633.0,DIRECT_EXPORT_COMTRADE
2016,12,608,38161.0,DIRECT_EXPORT_COMTRADE
2016,12,616,16249534.0,DIRECT_EXPORT_COMTRADE
2016,12,634,1750980.0,DIRECT_EXPORT_COMTRADE
2016,12,643,8068600.0,DIRECT_EXPORT_COMTRADE
2016,12,682,7604700.0,DIRECT_EXPORT_COMTRADE
2016,12,702,511482426.0,DIRECT_EXPORT_COMTRADE
2016,12,704,567276.0,DIRECT_EXPORT_COMTRADE
2016,12,710,291242.0,DIRECT_EXPORT_COMTRADE
2016,12,724,3879164211.0,DIRECT_EXPORT_COMTRADE
2016,12,757,92109430.0,DIRECT_EXPORT_COMTRADE
2016,12,764,150427674.0,DIRECT_EXPORT_COMTRADE
2016,12,784,20028665.0,DIRECT_EXPORT_COMTRADE
2016,12,792,1344187409.0,DIRECT_EXPORT_COMTRADE
2016,12,818,286544884.0,DIRECT_EXPORT_COMTRADE
2016,12,826,1061292522.0,DIRECT_EXPORT_COMTRADE
2016,12,834,6303195.0,DIRECT_EXPORT_COMTRADE
2016,12,841,3418707042.0,MIRROR_IMPORT_OECD
2016,24,12,1713780.06,DIRECT_EXPORT_COMTRADE
2016,24,31,997726.9,DIRECT_EXPORT_COMTRADE
2016,24,32,484425.02,DIRECT_EXPORT_COMTRADE
2016,24,36,8549826.77,DIRECT_EXPORT_COMTRADE
2016,24,50,2750.4,DIRECT_EXPORT_COMTRADE
2016,24,58,459584435.0,MIRROR_IMPORT_OECD
2016,24,76,75352985.669,DIRECT_EXPORT_COMTRADE
2016,24,124,875520433.738,DIRECT_EXPORT_COMTRADE
2016,24,144,13728.73,DIRECT_EXPORT_COMTRADE
2016,24,152,3991863.18,DIRECT_EXPORT_COMTRADE
2016,24,156,13927920685.317,DIRECT_EXPORT_COMTRADE
2016,24,170,293265392.898,DIRECT_EXPORT_COMTRADE
2016,24,192,2673996.93,DIRECT_EXPORT_COMTRADE
2016,24,218,28378.48,DIRECT_EXPORT_COMTRADE
2016,24,230,30426.0,MIRROR_IMPORT_OECD
2016,24,251,1182863351.576,DIRECT_EXPORT_COMTRADE
2016,24,276,17877521.69,DIRECT_EXPORT_COMTRADE
2016,24,288,51378326.838,DIRECT_EXPORT_COMTRADE
2016,24,344,1369344.09,DIRECT_EXPORT_COMTRADE
2016,24,356,2001936255.0,MIRROR_IMPORT_OECD
2016,24,360,376722071.522,DIRECT_EXPORT_COMTRADE
2016,24,364,21066.71,DIRECT_EXPORT_COMTRADE
2016,24,368,85753.65,DIRECT_EXPORT_COMTRADE
2016,24,376,180051040.73,DIRECT_EXPORT_COMTRADE
2016,24,380,493934005.315,DIRECT_EXPORT_COMTRADE
2016,24,384,72489278.57,DIRECT_EXPORT_COMTRADE
2016,24,392,19152970.851,DIRECT_EXPORT_COMTRADE
2016,24,404,785044.35,DIRECT_EXPORT_COMTRADE
2016,24,410,844778718.543,DIRECT_EXPORT_COMTRADE
2016,24,414,904343.03,DIRECT_EXPORT_COMTRADE
2016,24,446,41577444.81,DIRECT_EXPORT_COMTRADE
2016,24,458,480789975.064,DIRECT_EXPORT_COMTRADE
2016,24,484,144659.59,DIRECT_EXPORT_COMTRADE
2016,24,504,110882.67,DIRECT_EXPORT_COMTRADE
2016,24,512,205646.9,DIRECT_EXPORT_COMTRADE
2016,24,528,594761375.252,DIRECT_EXPORT_COMTRADE
2016,24,554,219420.84,DIRECT_EXPORT_COMTRADE
2016,24,586,75101.78,DIRECT_EXPORT_COMTRADE
2016,24,604,490216.85,DIRECT_EXPORT_COMTRADE
2016,24,608,3094.06,DIRECT_EXPORT_COMTRADE
2016,24,616,25303142.65,DIRECT_EXPORT_COMTRADE
2016,24,634,118772.85,DIRECT_EXPORT_COMTRADE
2016,24,643,625823.99,DIRECT_EXPORT_COMTRADE
2016,24,682,1626527.2,DIRECT_EXPORT_COMTRADE
2016,24,702,185088933.18,DIRECT_EXPORT_COMTRADE
2016,24,704,28435038.543,DIRECT_EXPORT_COMTRADE
2016,24,710,1351256494.454,DIRECT_EXPORT_COMTRADE
2016,24,724,1950105311.688,DIRECT_EXPORT_COMTRADE
2016,24,757,60094979.05,DIRECT_EXPORT_COMTRADE
2016,24,764,43297499.53,DIRECT_EXPORT_COMTRADE
2016,24,784,877093049.658,DIRECT_EXPORT_COMTRADE
2016,24,792,6476427.28,DIRECT_EXPORT_COMTRADE
2016,24,818,7565536.44,DIRECT_EXPORT_COMTRADE
2016,24,826,440424803.342,DIRECT_EXPORT_COMTRADE
2016,24,834,49916.73,DIRECT_EXPORT_COMTRADE
2016,24,841,2976766381.0,MIRROR_IMPORT_OECD
2016,31,12,11240578.86,DIRECT_EXPORT_COMTRADE
2016,31,24,157458.85,DIRECT_EXPORT_COMTRADE
2016,31,32,46612.34,DIRECT_EXPORT_COMTRADE
2016,31,36,181193.63,DIRECT_EXPORT_COMTRADE
2016,31,50,350.0,DIRECT_EXPORT_COMTRADE
2016,31,58,1988388.0,MIRROR_IMPORT_OECD
2016,31,76,2881747.11,DIRECT_EXPORT_COMTRADE
2016,31,124,98132437.62,DIRECT_EXPORT_COMTRADE
2016,31,144,100.0,DIRECT_EXPORT_COMTRADE
2016,31,156,382025192.15,DIRECT_EXPORT_COMTRADE
2016,31,170,108007.18,DIRECT_EXPORT_COMTRADE
2016,31,192,1141.0,DIRECT_EXPORT_COMTRADE
2016,31,218,5591.26,DIRECT_EXPORT_COMTRADE
2016,31,230,10625.0,MIRROR_IMPORT_OECD
2016,31,251,626433890.89,DIRECT_EXPORT_COMTRADE
2016,31,276,610831399.01,DIRECT_EXPORT_COMTRADE
2016,31,288,5507.22,DIRECT_EXPORT_COMTRADE
2016,31,344,107872.16,DIRECT_EXPORT_COMTRADE
2016,31,356,280718035.0,MIRROR_IMPORT_OECD
2016,31,360,77457062.79,DIRECT_EXPORT_COMTRADE
2016,31,364,49684567.15,DIRECT_EXPORT_COMTRADE
2016,31,368,17780579.68,DIRECT_EXPORT_COMTRADE
2016,31,376,664113138.21,DIRECT_EXPORT_COMTRADE
2016,31,380,4333747050.97,DIRECT_EXPORT_COMTRADE
2016,31,384,8899.4,DIRECT_EXPORT_COMTRADE
2016,31,392,31749793.0,DIRECT_EXPORT_COMTRADE
2016,31,404,4200.86,DIRECT_EXPORT_COMTRADE
2016,31,410,122201.28,DIRECT_EXPORT_COMTRADE
2016,31,414,210683.77,DIRECT_EXPORT_COMTRADE
2016,31,458,81325076.98,DIRECT_EXPORT_COMTRADE
2016,31,484,287989.73,DIRECT_EXPORT_COMTRADE
2016,31,496,80747.82,DIRECT_EXPORT_COMTRADE
2016,31,512,127278.91,DIRECT_EXPORT_COMTRADE
2016,31,528,34865968.52,DIRECT_EXPORT_COMTRADE
2016,31,554,82419.9,DIRECT_EXPORT_COMTRADE
2016,31,586,1433210.42,DIRECT_EXPORT_COMTRADE
2016,31,604,192686.58,DIRECT_EXPORT_COMTRADE
2016,31,608,11609.0,DIRECT_EXPORT_COMTRADE
2016,31,616,4821262.91,DIRECT_EXPORT_COMTRADE
2016,31,634,107919.68,DIRECT_EXPORT_COMTRADE
2016,31,643,409258371.64,DIRECT_EXPORT_COMTRADE
2016,31,682,539525.92,DIRECT_EXPORT_COMTRADE
2016,31,702,894435.47,DIRECT_EXPORT_COMTRADE
2016,31,704,48899493.28,DIRECT_EXPORT_COMTRADE
2016,31,710,278019.56,DIRECT_EXPORT_COMTRADE
2016,31,724,495148703.29,DIRECT_EXPORT_COMTRADE
2016,31,757,24900138.93,DIRECT_EXPORT_COMTRADE
2016,31,764,123401367.22,DIRECT_EXPORT_COMTRADE
2016,31,784,11578120.35,DIRECT_EXPORT_COMTRADE
2016,31,792,1185663072.66,DIRECT_EXPORT_COMTRADE
2016,31,818,11857625.18,DIRECT_EXPORT_COMTRADE
2016,31,826,79942111.49,DIRECT_EXPORT_COMTRADE
2016,31,834,939.8,DIRECT_EXPORT_COMTRADE
2016,31,841,152590673.0,MIRROR_IMPORT_OECD
2016,32,12,1163610478.5,DIRECT_EXPORT_COMTRADE
2016,32,24,36826855.99,DIRECT_EXPORT_COMTRADE
2016,32,31,1560372.68,DIRECT_EXPORT_COMTRADE
2016,32,36,516589634.89,DIRECT_EXPORT_COMTRADE
2016,32,50,489732449.37,DIRECT_EXPORT_COMTRADE
2016,32,58,235176616.0,MIRROR_IMPORT_OECD
2016,32,76,9039096959.29,DIRECT_EXPORT_COMTRADE
2016,32,124,1147785166.14,DIRECT_EXPORT_COMTRADE
2016,32,144,3816940.17,DIRECT_EXPORT_COMTRADE
2016,32,152,2306087499.66,DIRECT_EXPORT_COMTRADE
2016,32,156,4433497800.73,DIRECT_EXPORT_COMTRADE
2016,32,170,528150724.64,DIRECT_EXPORT_COMTRADE
2016,32,192,324237712.66,DIRECT_EXPORT_COMTRADE
2016,32,214,143863497.93,DIRECT_EXPORT_COMTRADE
2016,32,218,241349621.0,DIRECT_EXPORT_COMTRADE
2016,32,230,4420635.0,MIRROR_IMPORT_OECD
2016,32,251,367745256.9,DIRECT_EXPORT_COMTRADE
2016,32,276,1271520126.47,DIRECT_EXPORT_COMTRADE
2016,32,288,43861964.07,DIRECT_EXPORT_COMTRADE
2016,32,344,235333162.86,DIRECT_EXPORT_COMTRADE
2016,32,356,2591844533.0,MIRROR_IMPORT_OECD
2016,32,360,1243342508.36,DIRECT_EXPORT_COMTRADE
2016,32,364,426476927.64,DIRECT_EXPORT_COMTRADE
2016,32,368,98380633.02,DIRECT_EXPORT_COMTRADE
2016,32,376,196429300.91,DIRECT_EXPORT_COMTRADE
2016,32,380,1006318619.69,DIRECT_EXPORT_COMTRADE
2016,32,384,21061236.69,DIRECT_EXPORT_COMTRADE
2016,32,392,657635828.24,DIRECT_EXPORT_COMTRADE
2016,32,404,23476830.15,DIRECT_EXPORT_COMTRADE
2016,32,410,865957658.38,DIRECT_EXPORT_COMTRADE
2016,32,414,21976840.52,DIRECT_EXPORT_COMTRADE
2016,32,446,7929.48,DIRECT_EXPORT_COMTRADE
2016,32,458,999702136.6,DIRECT_EXPORT_COMTRADE
2016,32,484,780489365.44,DIRECT_EXPORT_COMTRADE
2016,32,496,720398.26,DIRECT_EXPORT_COMTRADE
2016,32,504,368735989.86,DIRECT_EXPORT_COMTRADE
2016,32,512,42975490.48,DIRECT_EXPORT_COMTRADE
2016,32,528,1182782189.09,DIRECT_EXPORT_COMTRADE
2016,32,554,97056412.04,DIRECT_EXPORT_COMTRADE
2016,32,586,245937178.48,DIRECT_EXPORT_COMTRADE
2016,32,604,821401825.11,DIRECT_EXPORT_COMTRADE
2016,32,608,357766107.94,DIRECT_EXPORT_COMTRADE
2016,32,616,634912364.85,DIRECT_EXPORT_COMTRADE
2016,32,634,8172522.71,DIRECT_EXPORT_COMTRADE
2016,32,643,491720222.06,DIRECT_EXPORT_COMTRADE
2016,32,682,664231276.98,DIRECT_EXPORT_COMTRADE
2016,32,702,52121596.14,DIRECT_EXPORT_COMTRADE
2016,32,704,2546175760.06,DIRECT_EXPORT_COMTRADE
2016,32,710,810769273.21,DIRECT_EXPORT_COMTRADE
2016,32,724,1647706470.9,DIRECT_EXPORT_COMTRADE
2016,32,757,1137469356.25,DIRECT_EXPORT_COMTRADE
2016,32,764,571889038.0,DIRECT_EXPORT_COMTRADE
2016,32,784,240154896.06,DIRECT_EXPORT_COMTRADE
2016,32,792,486655434.44,DIRECT_EXPORT_COMTRADE
2016,32,818,1791668832.18,DIRECT_EXPORT_COMTRADE
2016,32,826,697420902.74,DIRECT_EXPORT_COMTRADE
2016,32,834,13666442.06,DIRECT_EXPORT_COMTRADE
2016,32,841,4911097074.0,MIRROR_IMPORT_OECD
2016,36,12,6237054.0,DIRECT_EXPORT_COMTRADE
2016,36,24,4457423.0,DIRECT_EXPORT_COMTRADE
2016,36,31,2813938.0,DIRECT_EXPORT_COMTRADE
2016,36,32,124517516.0,DIRECT_EXPORT_COMTRADE
2016,36,50,616109880.0,DIRECT_EXPORT_COMTRADE
2016,36,58,521856103.0,MIRROR_IMPORT_OECD
2016,36,76,747987780.0,DIRECT_EXPORT_COMTRADE
2016,36,124,1315148043.0,DIRECT_EXPORT_COMTRADE
2016,36,144,161818296.0,DIRECT_EXPORT_COMTRADE
2016,36,152,340605515.0,DIRECT_EXPORT_COMTRADE
2016,36,156,59992749592.0,DIRECT_EXPORT_COMTRADE
2016,36,170,36422177.0,DIRECT_EXPORT_COMTRADE
2016,36,192,1192694.0,DIRECT_EXPORT_COMTRADE
2016,36,214,4908732.0,DIRECT_EXPORT_COMTRADE
2016,36,218,14319625.0,DIRECT_EXPORT_COMTRADE
2016,36,230,15023715.0,MIRROR_IMPORT_OECD
2016,36,251,881248886.0,DIRECT_EXPORT_COMTRADE
2016,36,276,1332603529.0,DIRECT_EXPORT_COMTRADE
2016,36,288,88978597.0,DIRECT_EXPORT_COMTRADE
2016,36,344,7207580834.0,DIRECT_EXPORT_COMTRADE
2016,36,356,8730657342.0,MIRROR_IMPORT_OECD
2016,36,360,3975952956.0,DIRECT_EXPORT_COMTRADE
2016,36,364,60744088.0,DIRECT_EXPORT_COMTRADE
2016,36,368,27858613.0,DIRECT_EXPORT_COMTRADE
2016,36,376,194513220.0,DIRECT_EXPORT_COMTRADE
2016,36,380,517879027.0,DIRECT_EXPORT_COMTRADE
2016,36,384,15815003.0,DIRECT_EXPORT_COMTRADE
2016,36,392,26344514675.0,DIRECT_EXPORT_COMTRADE
2016,36,404,50019475.0,DIRECT_EXPORT_COMTRADE
2016,36,410,12770223384.0,DIRECT_EXPORT_COMTRADE
2016,36,414,520560239.0,DIRECT_EXPORT_COMTRADE
2016,36,446,65204271.0,DIRECT_EXPORT_COMTRADE
2016,36,458,3504835402.0,DIRECT_EXPORT_COMTRADE
2016,36,484,346186173.0,DIRECT_EXPORT_COMTRADE
2016,36,496,11223365.0,DIRECT_EXPORT_COMTRADE
2016,36,504,17329968.0,DIRECT_EXPORT_COMTRADE
2016,36,512,368406083.0,DIRECT_EXPORT_COMTRADE
2016,36,528,1772079428.0,DIRECT_EXPORT_COMTRADE
2016,36,554,6462073528.0,DIRECT_EXPORT_COMTRADE
2016,36,586,489914470.0,DIRECT_EXPORT_COMTRADE
2016,36,604,46105552.0,DIRECT_EXPORT_COMTRADE
2016,36,608,1431710950.0,DIRECT_EXPORT_COMTRADE
2016,36,616,251000308.0,DIRECT_EXPORT_COMTRADE
2016,36,634,416299462.0,DIRECT_EXPORT_COMTRADE
2016,36,643,334468070.0,DIRECT_EXPORT_COMTRADE
2016,36,682,1197313113.0,DIRECT_EXPORT_COMTRADE
2016,36,702,4115666556.0,DIRECT_EXPORT_COMTRADE
2016,36,704,2786239881.0,DIRECT_EXPORT_COMTRADE
2016,36,710,726878830.0,DIRECT_EXPORT_COMTRADE
2016,36,724,385848235.0,DIRECT_EXPORT_COMTRADE
2016,36,757,780763232.0,DIRECT_EXPORT_COMTRADE
2016,36,764,2640641524.0,DIRECT_EXPORT_COMTRADE
2016,36,784,2145495439.0,DIRECT_EXPORT_COMTRADE
2016,36,792,402402424.0,DIRECT_EXPORT_COMTRADE
2016,36,818,308909464.0,DIRECT_EXPORT_COMTRADE
2016,36,826,7504114602.0,DIRECT_EXPORT_COMTRADE
2016,36,834,39086059.0,DIRECT_EXPORT_COMTRADE
2016,36,841,9556561771.0,MIRROR_IMPORT_OECD
2016,50,12,4437605.823,DIRECT_EXPORT_COMTRADE
2016,50,24,1119635.766,DIRECT_EXPORT_COMTRADE
2016,50,31,419926.812,DIRECT_EXPORT_COMTRADE
2016,50,32,8996470.684,DIRECT_EXPORT_COMTRADE
2016,50,36,672650732.421,DIRECT_EXPORT_COMTRADE
2016,50,58,403670631.0,MIRROR_IMPORT_OECD
2016,50,76,102202825.951,DIRECT_EXPORT_COMTRADE
2016,50,124,1090741559.054,DIRECT_EXPORT_COMTRADE
2016,50,144,41725507.475,DIRECT_EXPORT_COMTRADE
2016,50,152,58731540.135,DIRECT_EXPORT_COMTRADE
2016,50,156,920069669.097,DIRECT_EXPORT_COMTRADE
2016,50,170,11958919.427,DIRECT_EXPORT_COMTRADE
2016,50,192,418914.261,DIRECT_EXPORT_COMTRADE
2016,50,214,2246942.494,DIRECT_EXPORT_COMTRADE
2016,50,218,2281761.81,DIRECT_EXPORT_COMTRADE
2016,50,230,6664216.0,MIRROR_IMPORT_OECD
2016,50,251,1921653251.74,DIRECT_EXPORT_COMTRADE
2016,50,276,5472993588.557,DIRECT_EXPORT_COMTRADE
2016,50,288,1407131.384,DIRECT_EXPORT_COMTRADE
2016,50,344,202762499.859,DIRECT_EXPORT_COMTRADE
2016,50,356,677098051.0,MIRROR_IMPORT_OECD
2016,50,360,46571950.268,DIRECT_EXPORT_COMTRADE
2016,50,364,37640090.427,DIRECT_EXPORT_COMTRADE
2016,50,368,1055565.919,DIRECT_EXPORT_COMTRADE
2016,50,376,1097367.204,DIRECT_EXPORT_COMTRADE
2016,50,380,1423147816.062,DIRECT_EXPORT_COMTRADE
2016,50,384,14727292.486,DIRECT_EXPORT_COMTRADE
2016,50,392,1080536017.615,DIRECT_EXPORT_COMTRADE
2016,50,404,11845563.141,DIRECT_EXPORT_COMTRADE
2016,50,410,257246426.822,DIRECT_EXPORT_COMTRADE
2016,50,414,28449802.023,DIRECT_EXPORT_COMTRADE
2016,50,446,1762091.221,DIRECT_EXPORT_COMTRADE
2016,50,458,210036337.858,DIRECT_EXPORT_COMTRADE
2016,50,484,150868656.605,DIRECT_EXPORT_COMTRADE
2016,50,496,884500.358,DIRECT_EXPORT_COMTRADE
2016,50,504,10249705.455,DIRECT_EXPORT_COMTRADE
2016,50,512,21091291.351,DIRECT_EXPORT_COMTRADE
2016,50,528,913251869.941,DIRECT_EXPORT_COMTRADE
2016,50,554,68045166.358,DIRECT_EXPORT_COMTRADE
2016,50,586,54474535.314,DIRECT_EXPORT_COMTRADE
2016,50,604,35693600.432,DIRECT_EXPORT_COMTRADE
2016,50,608,38452670.247,DIRECT_EXPORT_COMTRADE
2016,50,616,725602687.253,DIRECT_EXPORT_COMTRADE
2016,50,634,37220436.758,DIRECT_EXPORT_COMTRADE
2016,50,643,367847539.602,DIRECT_EXPORT_COMTRADE
2016,50,682,213784494.283,DIRECT_EXPORT_COMTRADE
2016,50,702,121005995.788,DIRECT_EXPORT_COMTRADE
2016,50,704,59719903.573,DIRECT_EXPORT_COMTRADE
2016,50,710,88910603.383,DIRECT_EXPORT_COMTRADE
2016,50,724,2049631530.542,DIRECT_EXPORT_COMTRADE
2016,50,757,131652245.308,DIRECT_EXPORT_COMTRADE
2016,50,764,46589469.945,DIRECT_EXPORT_COMTRADE
2016,50,784,379427782.794,DIRECT_EXPORT_COMTRADE
2016,50,792,690596158.501,DIRECT_EXPORT_COMTRADE
2016,50,826,3712239310.808,DIRECT_EXPORT_COMTRADE
2016,50,834,2233542.249,DIRECT_EXPORT_COMTRADE
2016,50,841,6119725526.0,MIRROR_IMPORT_OECD
2016,58,12,668744364.0,DIRECT_EXPORT_OECD
2016,58,24,156248981.0,DIRECT_EXPORT_OECD
2016,58,31,25257283.0,DIRECT_EXPORT_OECD
2016,58,32,336588628.0,DIRECT_EXPORT_OECD
2016,58,36,1364335166.0,DIRECT_EXPORT_OECD
2016,58,50,175739282.0,DIRECT_EXPORT_OECD
2016,58,76,1847526070.0,DIRECT_EXPORT_OECD
2016,58,124,1578320638.0,DIRECT_EXPORT_OECD
2016,58,144,58161178.0,DIRECT_EXPORT_OECD
2016,58,152,344820853.0,DIRECT_EXPORT_OECD
2016,58,156,5861148588.0,DIRECT_EXPORT_OECD
2016,58,170,250030269.0,DIRECT_EXPORT_OECD
2016,58,192,37737826.0,DIRECT_EXPORT_OECD
2016,58,214,59009691.0,DIRECT_EXPORT_OECD
2016,58,218,70439286.0,DIRECT_EXPORT_OECD
2016,58,230,158037699.0,DIRECT_EXPORT_OECD
2016,58,251,39710009576.0,DIRECT_EXPORT_OECD
2016,58,276,43149232993.0,DIRECT_EXPORT_OECD
2016,58,288,152724891.0,DIRECT_EXPORT_OECD
2016,58,344,2184306658.0,DIRECT_EXPORT_OECD
2016,58,356,8547397630.999999,DIRECT_EXPORT_OECD
2016,58,360,359495815.0,DIRECT_EXPORT_OECD
2016,58,364,396299501.0,DIRECT_EXPORT_OECD
2016,58,368,154986847.0,DIRECT_EXPORT_OECD
2016,58,376,2224640361.0,DIRECT_EXPORT_OECD
2016,58,380,13115669743.0,DIRECT_EXPORT_OECD
2016,58,384,202426223.0,DIRECT_EXPORT_OECD
2016,58,392,3081277055.0,DIRECT_EXPORT_OECD
2016,58,404,117749848.0,DIRECT_EXPORT_OECD
2016,58,410,1175443433.0,DIRECT_EXPORT_OECD
2016,58,414,180811240.0,DIRECT_EXPORT_OECD
2016,58,446,3333874.0,DIRECT_EXPORT_OECD
2016,58,458,425942235.0,DIRECT_EXPORT_OECD
2016,58,484,987202472.0,DIRECT_EXPORT_OECD
2016,58,496,9950389.0,DIRECT_EXPORT_OECD
2016,58,504,636845118.0,DIRECT_EXPORT_OECD
2016,58,512,105064711.0,DIRECT_EXPORT_OECD
2016,58,528,30132542298.0,DIRECT_EXPORT_OECD
2016,58,554,185491706.0,DIRECT_EXPORT_OECD
2016,58,586,392317041.0,DIRECT_EXPORT_OECD
2016,58,604,144214665.0,DIRECT_EXPORT_OECD
2016,58,608,302002516.0,DIRECT_EXPORT_OECD
2016,58,616,5800143161.0,DIRECT_EXPORT_OECD
2016,58,634,201218926.0,DIRECT_EXPORT_OECD
2016,58,643,2403307090.0,DIRECT_EXPORT_OECD
2016,58,682,1345687590.0,DIRECT_EXPORT_OECD
2016,58,702,1017375816.0,DIRECT_EXPORT_OECD
2016,58,704,394519582.0,DIRECT_EXPORT_OECD
2016,58,710,872051931.0,DIRECT_EXPORT_OECD
2016,58,724,6806863642.0,DIRECT_EXPORT_OECD
2016,58,757,4566878123.0,DIRECT_EXPORT_OECD
2016,58,764,850869101.0,DIRECT_EXPORT_OECD
2016,58,784,3534351974.0,DIRECT_EXPORT_OECD
2016,58,792,3261890314.0,DIRECT_EXPORT_OECD
2016,58,818,770343532.0,DIRECT_EXPORT_OECD
2016,58,826,20610657335.0,DIRECT_EXPORT_OECD
2016,58,834,76360559.0,DIRECT_EXPORT_OECD
2016,58,841,18053894733.0,DIRECT_EXPORT_OECD
2016,76,12,1063292078.0,DIRECT_EXPORT_COMTRADE
2016,76,24,539731115.0,DIRECT_EXPORT_COMTRADE
2016,76,31,11105651.0,DIRECT_EXPORT_COMTRADE
2016,76,32,13417339572.0,DIRECT_EXPORT_COMTRADE
2016,76,36,419793787.0,DIRECT_EXPORT_COMTRADE
2016,76,50,1091413782.0,DIRECT_EXPORT_COMTRADE
2016,76,58,1785204948.0,MIRROR_IMPORT_OECD
2016,76,124,2365967102.0,DIRECT_EXPORT_COMTRADE
2016,76,144,160832526.0,DIRECT_EXPORT_COMTRADE
2016,76,152,4080526602.0,DIRECT_EXPORT_COMTRADE
2016,76,156,35133314867.0,DIRECT_EXPORT_COMTRADE
2016,76,170,2231079816.0,DIRECT_EXPORT_COMTRADE
2016,76,192,321439180.0,DIRECT_EXPORT_COMTRADE
2016,76,214,580259646.0,DIRECT_EXPORT_COMTRADE
2016,76,218,653583444.0,DIRECT_EXPORT_COMTRADE
2016,76,230,69118039.0,MIRROR_IMPORT_OECD
2016,76,251,2334633661.0,DIRECT_EXPORT_COMTRADE
2016,76,276,4860766756.0,DIRECT_EXPORT_COMTRADE
2016,76,288,213415083.0,DIRECT_EXPORT_COMTRADE
2016,76,344,2261480735.0,DIRECT_EXPORT_COMTRADE
2016,76,356,3614718434.0,MIRROR_IMPORT_OECD
2016,76,360,2211031256.0,DIRECT_EXPORT_COMTRADE
2016,76,364,2232512050.0,DIRECT_EXPORT_COMTRADE
2016,76,368,455498922.0,DIRECT_EXPORT_COMTRADE
2016,76,376,424961925.0,DIRECT_EXPORT_COMTRADE
2016,76,380,3321622069.0,DIRECT_EXPORT_COMTRADE
2016,76,384,47031871.0,DIRECT_EXPORT_COMTRADE
2016,76,392,4604146067.0,DIRECT_EXPORT_COMTRADE
2016,76,404,58927299.0,DIRECT_EXPORT_COMTRADE
2016,76,410,2881006714.0,DIRECT_EXPORT_COMTRADE
2016,76,414,197832516.0,DIRECT_EXPORT_COMTRADE
2016,76,446,312829.0,DIRECT_EXPORT_COMTRADE
2016,76,458,1842205071.0,DIRECT_EXPORT_COMTRADE
2016,76,484,3813037793.0,DIRECT_EXPORT_COMTRADE
2016,76,496,1973496.0,DIRECT_EXPORT_COMTRADE
2016,76,504,488509327.0,DIRECT_EXPORT_COMTRADE
2016,76,512,492356482.0,DIRECT_EXPORT_COMTRADE
2016,76,528,6954511332.0,DIRECT_EXPORT_COMTRADE
2016,76,554,96784854.0,DIRECT_EXPORT_COMTRADE
2016,76,586,433362449.0,DIRECT_EXPORT_COMTRADE
2016,76,604,1948437570.0,DIRECT_EXPORT_COMTRADE
2016,76,608,436271310.0,DIRECT_EXPORT_COMTRADE
2016,76,616,427732756.0,DIRECT_EXPORT_COMTRADE
2016,76,634,378007009.0,DIRECT_EXPORT_COMTRADE
2016,76,643,2299894613.0,DIRECT_EXPORT_COMTRADE
2016,76,682,2487253111.0,DIRECT_EXPORT_COMTRADE
2016,76,702,1301983286.0,DIRECT_EXPORT_COMTRADE
2016,76,704,1398745712.0,DIRECT_EXPORT_COMTRADE
2016,76,710,1397021495.0,DIRECT_EXPORT_COMTRADE
2016,76,724,2629667637.0,DIRECT_EXPORT_COMTRADE
2016,76,757,850126486.0,DIRECT_EXPORT_COMTRADE
2016,76,764,1714704337.0,DIRECT_EXPORT_COMTRADE
2016,76,784,2235068415.0,DIRECT_EXPORT_COMTRADE
2016,76,792,1446118810.0,DIRECT_EXPORT_COMTRADE
2016,76,818,1772017724.0,DIRECT_EXPORT_COMTRADE
2016,76,826,2868716506.0,DIRECT_EXPORT_COMTRADE
2016,76,834,17981631.0,DIRECT_EXPORT_COMTRADE
2016,76,841,27047003993.0,MIRROR_IMPORT_OECD
2016,124,12,391136091.298,DIRECT_EXPORT_COMTRADE
2016,124,24,40716586.035,DIRECT_EXPORT_COMTRADE
2016,124,31,9799179.071,DIRECT_EXPORT_COMTRADE
2016,124,32,232110196.271,DIRECT_EXPORT_COMTRADE
2016,124,36,1472590753.17,DIRECT_EXPORT_COMTRADE
2016,124,50,582315386.361,DIRECT_EXPORT_COMTRADE
2016,124,58,2038655228.0,MIRROR_IMPORT_OECD
2016,124,76,1543171599.359,DIRECT_EXPORT_COMTRADE
2016,124,144,205712870.755,DIRECT_EXPORT_COMTRADE
2016,124,152,547360214.238,DIRECT_EXPORT_COMTRADE
2016,124,156,15825077310.522,DIRECT_EXPORT_COMTRADE
2016,124,170,591402057.655,DIRECT_EXPORT_COMTRADE
2016,124,192,309425620.204,DIRECT_EXPORT_COMTRADE
2016,124,214,114157804.819,DIRECT_EXPORT_COMTRADE
2016,124,218,183752271.5,DIRECT_EXPORT_COMTRADE
2016,124,230,67122798.0,MIRROR_IMPORT_OECD
2016,124,251,2568564591.127,DIRECT_EXPORT_COMTRADE
2016,124,276,2959241298.508,DIRECT_EXPORT_COMTRADE
2016,124,288,190396955.643,DIRECT_EXPORT_COMTRADE
2016,124,344,1755477936.537,DIRECT_EXPORT_COMTRADE
2016,124,356,3646860740.0,MIRROR_IMPORT_OECD
2016,124,360,1100371260.527,DIRECT_EXPORT_COMTRADE
2016,124,364,102409183.94,DIRECT_EXPORT_COMTRADE
2016,124,368,96075153.42,DIRECT_EXPORT_COMTRADE
2016,124,376,319232271.859,DIRECT_EXPORT_COMTRADE
2016,124,380,1765720366.652,DIRECT_EXPORT_COMTRADE
2016,124,384,50764314.717,DIRECT_EXPORT_COMTRADE
2016,124,392,8085366338.364,DIRECT_EXPORT_COMTRADE
2016,124,404,83025161.343,DIRECT_EXPORT_COMTRADE
2016,124,410,3303839420.546,DIRECT_EXPORT_COMTRADE
2016,124,414,125056843.591,DIRECT_EXPORT_COMTRADE
2016,124,446,17209827.543,DIRECT_EXPORT_COMTRADE
2016,124,458,535106151.526,DIRECT_EXPORT_COMTRADE
2016,124,484,5758982841.5,DIRECT_EXPORT_COMTRADE
2016,124,496,7615197.898,DIRECT_EXPORT_COMTRADE
2016,124,504,259059196.598,DIRECT_EXPORT_COMTRADE
2016,124,512,109266846.898,DIRECT_EXPORT_COMTRADE
2016,124,528,2144786303.191,DIRECT_EXPORT_COMTRADE
2016,124,554,346821046.214,DIRECT_EXPORT_COMTRADE
2016,124,586,813811889.829,DIRECT_EXPORT_COMTRADE
2016,124,604,576868669.099,DIRECT_EXPORT_COMTRADE
2016,124,608,472365667.727,DIRECT_EXPORT_COMTRADE
2016,124,616,465143406.382,DIRECT_EXPORT_COMTRADE
2016,124,634,132180443.895,DIRECT_EXPORT_COMTRADE
2016,124,643,454669855.894,DIRECT_EXPORT_COMTRADE
2016,124,682,935083607.683,DIRECT_EXPORT_COMTRADE
2016,124,702,1002085656.856,DIRECT_EXPORT_COMTRADE
2016,124,704,398444570.696,DIRECT_EXPORT_COMTRADE
2016,124,710,353741271.214,DIRECT_EXPORT_COMTRADE
2016,124,724,1361713595.097,DIRECT_EXPORT_COMTRADE
2016,124,757,992792948.861,DIRECT_EXPORT_COMTRADE
2016,124,764,680089333.497,DIRECT_EXPORT_COMTRADE
2016,124,784,1351141188.132,DIRECT_EXPORT_COMTRADE
2016,124,792,869712003.328,DIRECT_EXPORT_COMTRADE
2016,124,818,250474918.642,DIRECT_EXPORT_COMTRADE
2016,124,826,12901539550.203,DIRECT_EXPORT_COMTRADE
2016,124,834,65008429.102,DIRECT_EXPORT_COMTRADE
2016,124,841,282919218117.0,MIRROR_IMPORT_OECD
2016,144,12,535043.0,DIRECT_EXPORT_COMTRADE
2016,144,24,3566188.0,DIRECT_EXPORT_COMTRADE
2016,144,31,46498653.0,DIRECT_EXPORT_COMTRADE
2016,144,32,9515360.0,DIRECT_EXPORT_COMTRADE
2016,144,36,165930165.0,DIRECT_EXPORT_COMTRADE
2016,144,50,118865812.0,DIRECT_EXPORT_COMTRADE
2016,144,58,160082124.0,MIRROR_IMPORT_OECD
2016,144,76,44510986.0,DIRECT_EXPORT_COMTRADE
2016,144,124,179304247.0,DIRECT_EXPORT_COMTRADE
2016,144,152,39231133.0,DIRECT_EXPORT_COMTRADE
2016,144,156,215492799.0,DIRECT_EXPORT_COMTRADE
2016,144,170,11339110.0,DIRECT_EXPORT_COMTRADE
2016,144,192,1542.0,DIRECT_EXPORT_COMTRADE
2016,144,214,1412701.0,DIRECT_EXPORT_COMTRADE
2016,144,218,9673519.0,DIRECT_EXPORT_COMTRADE
2016,144,230,4708589.0,MIRROR_IMPORT_OECD
2016,144,251,172202525.0,DIRECT_EXPORT_COMTRADE
2016,144,276,509880914.0,DIRECT_EXPORT_COMTRADE
2016,144,288,13328902.0,DIRECT_EXPORT_COMTRADE
2016,144,344,156101610.0,DIRECT_EXPORT_COMTRADE
2016,144,356,632272591.0,MIRROR_IMPORT_OECD
2016,144,360,40502726.0,DIRECT_EXPORT_COMTRADE
2016,144,364,173455011.0,DIRECT_EXPORT_COMTRADE
2016,144,368,111696471.0,DIRECT_EXPORT_COMTRADE
2016,144,376,93548799.0,DIRECT_EXPORT_COMTRADE
2016,144,380,428848173.0,DIRECT_EXPORT_COMTRADE
2016,144,384,4830256.0,DIRECT_EXPORT_COMTRADE
2016,144,392,203818781.0,DIRECT_EXPORT_COMTRADE
2016,144,404,13651641.0,DIRECT_EXPORT_COMTRADE
2016,144,410,70869101.0,DIRECT_EXPORT_COMTRADE
2016,144,414,32624589.0,DIRECT_EXPORT_COMTRADE
2016,144,446,551018.0,DIRECT_EXPORT_COMTRADE
2016,144,458,42196894.0,DIRECT_EXPORT_COMTRADE
2016,144,484,132174242.0,DIRECT_EXPORT_COMTRADE
2016,144,496,1079993.0,DIRECT_EXPORT_COMTRADE
2016,144,504,6861396.0,DIRECT_EXPORT_COMTRADE
2016,144,512,6539647.0,DIRECT_EXPORT_COMTRADE
2016,144,528,208333910.0,DIRECT_EXPORT_COMTRADE
2016,144,554,23969619.0,DIRECT_EXPORT_COMTRADE
2016,144,586,66327802.0,DIRECT_EXPORT_COMTRADE
2016,144,604,19013720.0,DIRECT_EXPORT_COMTRADE
2016,144,608,15216227.0,DIRECT_EXPORT_COMTRADE
2016,144,616,46264839.0,DIRECT_EXPORT_COMTRADE
2016,144,634,14515869.0,DIRECT_EXPORT_COMTRADE
2016,144,643,182243620.0,DIRECT_EXPORT_COMTRADE
2016,144,682,74795613.0,DIRECT_EXPORT_COMTRADE
2016,144,702,115467625.0,DIRECT_EXPORT_COMTRADE
2016,144,704,96481886.0,DIRECT_EXPORT_COMTRADE
2016,144,710,32918356.0,DIRECT_EXPORT_COMTRADE
2016,144,724,87242112.0,DIRECT_EXPORT_COMTRADE
2016,144,757,103550063.0,DIRECT_EXPORT_COMTRADE
2016,144,764,36322025.0,DIRECT_EXPORT_COMTRADE
2016,144,784,292867268.0,DIRECT_EXPORT_COMTRADE
2016,144,792,154893917.0,DIRECT_EXPORT_COMTRADE
2016,144,818,36939748.0,DIRECT_EXPORT_COMTRADE
2016,144,826,1045080361.0,DIRECT_EXPORT_COMTRADE
2016,144,834,8959887.0,DIRECT_EXPORT_COMTRADE
2016,144,841,2905625304.0,MIRROR_IMPORT_OECD
2016,152,12,3190293.0,DIRECT_EXPORT_COMTRADE
2016,152,24,2477029.0,DIRECT_EXPORT_COMTRADE
2016,152,31,21854.0,DIRECT_EXPORT_COMTRADE
2016,152,32,739518089.921,DIRECT_EXPORT_COMTRADE
2016,152,36,313942887.845,DIRECT_EXPORT_COMTRADE
2016,152,50,15080507.0,DIRECT_EXPORT_COMTRADE
2016,152,58,471350952.0,MIRROR_IMPORT_OECD
2016,152,76,2956544570.89,DIRECT_EXPORT_COMTRADE
2016,152,124,971725823.0,DIRECT_EXPORT_COMTRADE
2016,152,144,9883560.0,DIRECT_EXPORT_COMTRADE
2016,152,156,17348479286.977,DIRECT_EXPORT_COMTRADE
2016,152,170,745779280.95,DIRECT_EXPORT_COMTRADE
2016,152,192,35296207.902,DIRECT_EXPORT_COMTRADE
2016,152,214,78575202.945,DIRECT_EXPORT_COMTRADE
2016,152,218,430142439.726,DIRECT_EXPORT_COMTRADE
2016,152,230,794653.0,MIRROR_IMPORT_OECD
2016,152,251,816429068.102,DIRECT_EXPORT_COMTRADE
2016,152,276,706239605.438,DIRECT_EXPORT_COMTRADE
2016,152,288,6552897.0,DIRECT_EXPORT_COMTRADE
2016,152,344,104303162.246,DIRECT_EXPORT_COMTRADE
2016,152,356,1218361412.0,MIRROR_IMPORT_OECD
2016,152,360,62960780.0,DIRECT_EXPORT_COMTRADE
2016,152,364,16460594.0,DIRECT_EXPORT_COMTRADE
2016,152,368,1837306.0,DIRECT_EXPORT_COMTRADE
2016,152,376,85144614.0,DIRECT_EXPORT_COMTRADE
2016,152,380,865499475.244,DIRECT_EXPORT_COMTRADE
2016,152,384,576882.543,DIRECT_EXPORT_COMTRADE
2016,152,392,5182945181.274,DIRECT_EXPORT_COMTRADE
2016,152,404,3876283.216,DIRECT_EXPORT_COMTRADE
2016,152,410,4202856051.185,DIRECT_EXPORT_COMTRADE
2016,152,414,4909171.0,DIRECT_EXPORT_COMTRADE
2016,152,446,103395.0,DIRECT_EXPORT_COMTRADE
2016,152,458,121949724.345,DIRECT_EXPORT_COMTRADE
2016,152,484,1207066545.986,DIRECT_EXPORT_COMTRADE
2016,152,496,208643.0,DIRECT_EXPORT_COMTRADE
2016,152,504,3521642.0,DIRECT_EXPORT_COMTRADE
2016,152,512,64219958.0,DIRECT_EXPORT_COMTRADE
2016,152,528,1670161115.74,DIRECT_EXPORT_COMTRADE
2016,152,554,76410324.0,DIRECT_EXPORT_COMTRADE
2016,152,586,16403757.0,DIRECT_EXPORT_COMTRADE
2016,152,604,1528314073.049,DIRECT_EXPORT_COMTRADE
2016,152,608,56190231.0,DIRECT_EXPORT_COMTRADE
2016,152,616,78802939.0,DIRECT_EXPORT_COMTRADE
2016,152,634,7684210.0,DIRECT_EXPORT_COMTRADE
2016,152,643,508416045.826,DIRECT_EXPORT_COMTRADE
2016,152,682,120614107.0,DIRECT_EXPORT_COMTRADE
2016,152,702,76156272.7,DIRECT_EXPORT_COMTRADE
2016,152,704,197492238.0,DIRECT_EXPORT_COMTRADE
2016,152,710,90520687.0,DIRECT_EXPORT_COMTRADE
2016,152,724,1401653132.432,DIRECT_EXPORT_COMTRADE
2016,152,757,497603725.523,DIRECT_EXPORT_COMTRADE
2016,152,764,308097240.0,DIRECT_EXPORT_COMTRADE
2016,152,784,86576146.35,DIRECT_EXPORT_COMTRADE
2016,152,792,235857032.0,DIRECT_EXPORT_COMTRADE
2016,152,818,43050068.0,DIRECT_EXPORT_COMTRADE
2016,152,826,621576395.434,DIRECT_EXPORT_COMTRADE
2016,152,834,321035.545,DIRECT_EXPORT_COMTRADE
2016,152,841,9545723021.0,MIRROR_IMPORT_OECD
2016,156,12,7647851142.0,DIRECT_EXPORT_COMTRADE
2016,156,24,1680398624.0,DIRECT_EXPORT_COMTRADE
2016,156,31,345883254.0,DIRECT_EXPORT_COMTRADE
2016,156,32,7200837601.0,DIRECT_EXPORT_COMTRADE
2016,156,36,37282496549.0,DIRECT_EXPORT_COMTRADE
2016,156,50,14300635412.0,DIRECT_EXPORT_COMTRADE
2016,156,58,7415774414.0,MIRROR_IMPORT_OECD
2016,156,76,21976152765.0,DIRECT_EXPORT_COMTRADE
2016,156,124,27312227873.0,DIRECT_EXPORT_COMTRADE
2016,156,144,4286880100.0,DIRECT_EXPORT_COMTRADE
2016,156,152,12802834385.0,DIRECT_EXPORT_COMTRADE
2016,156,170,6752372928.0,DIRECT_EXPORT_COMTRADE
2016,156,192,1783014082.0,DIRECT_EXPORT_COMTRADE
2016,156,214,1566927845.0,DIRECT_EXPORT_COMTRADE
2016,156,218,2257103301.0,DIRECT_EXPORT_COMTRADE
2016,156,230,5292145682.0,MIRROR_IMPORT_OECD
2016,156,251,24958617484.0,DIRECT_EXPORT_COMTRADE
2016,156,276,65214030647.0,DIRECT_EXPORT_COMTRADE
2016,156,288,4666604087.0,DIRECT_EXPORT_COMTRADE
2016,156,344,287251662276.0,DIRECT_EXPORT_COMTRADE
2016,156,356,60483103360.0,MIRROR_IMPORT_OECD
2016,156,360,32117494749.0,DIRECT_EXPORT_COMTRADE
2016,156,364,16417272588.0,DIRECT_EXPORT_COMTRADE
2016,156,368,7547857704.0,DIRECT_EXPORT_COMTRADE
2016,156,376,8174292923.0,DIRECT_EXPORT_COMTRADE
2016,156,380,26360471715.0,DIRECT_EXPORT_COMTRADE
2016,156,384,1584526951.0,DIRECT_EXPORT_COMTRADE
2016,156,392,129268487384.0,DIRECT_EXPORT_COMTRADE
2016,156,404,5587646821.0,DIRECT_EXPORT_COMTRADE
2016,156,410,93707103461.0,DIRECT_EXPORT_COMTRADE
2016,156,414,3000886535.0,DIRECT_EXPORT_COMTRADE
2016,156,446,3140991372.0,DIRECT_EXPORT_COMTRADE
2016,156,458,37660220746.0,DIRECT_EXPORT_COMTRADE
2016,156,484,32356651525.0,DIRECT_EXPORT_COMTRADE
2016,156,496,988539201.0,DIRECT_EXPORT_COMTRADE
2016,156,504,3078776968.0,DIRECT_EXPORT_COMTRADE
2016,156,512,2147698465.0,DIRECT_EXPORT_COMTRADE
2016,156,528,57447210217.0,DIRECT_EXPORT_COMTRADE
2016,156,554,4762004124.0,DIRECT_EXPORT_COMTRADE
2016,156,586,17232654059.0,DIRECT_EXPORT_COMTRADE
2016,156,604,5989776624.0,DIRECT_EXPORT_COMTRADE
2016,156,608,29836566657.0,DIRECT_EXPORT_COMTRADE
2016,156,616,15094067047.0,DIRECT_EXPORT_COMTRADE
2016,156,634,1515659122.0,DIRECT_EXPORT_COMTRADE
2016,156,643,37339600736.0,DIRECT_EXPORT_COMTRADE
2016,156,682,18650906502.0,DIRECT_EXPORT_COMTRADE
2016,156,702,44495953063.0,DIRECT_EXPORT_COMTRADE
2016,156,704,61094096781.0,DIRECT_EXPORT_COMTRADE
2016,156,710,12849507644.0,DIRECT_EXPORT_COMTRADE
2016,156,724,21310945566.0,DIRECT_EXPORT_COMTRADE
2016,156,757,3198285713.0,DIRECT_EXPORT_COMTRADE
2016,156,764,37182731174.0,DIRECT_EXPORT_COMTRADE
2016,156,784,30066955630.0,DIRECT_EXPORT_COMTRADE
2016,156,792,16686640520.0,DIRECT_EXPORT_COMTRADE
2016,156,818,10436255851.0,DIRECT_EXPORT_COMTRADE
2016,156,826,55664076103.0,DIRECT_EXPORT_COMTRADE
2016,156,834,3566861307.0,DIRECT_EXPORT_COMTRADE
2016,156,841,481310447998.0,MIRROR_IMPORT_OECD
2016,170,12,1637828.0,DIRECT_EXPORT_COMTRADE
2016,170,24,1718598.0,DIRECT_EXPORT_COMTRADE
2016,170,31,90340.0,DIRECT_EXPORT_COMTRADE
2016,170,32,176212111.0,DIRECT_EXPORT_COMTRADE
2016,170,36,47576769.0,DIRECT_EXPORT_COMTRADE
2016,170,50,223046.0,DIRECT_EXPORT_COMTRADE
2016,170,58,112035777.0,MIRROR_IMPORT_OECD
2016,170,76,994850410.0,DIRECT_EXPORT_COMTRADE
2016,170,124,387533570.0,DIRECT_EXPORT_COMTRADE
2016,170,144,366243.0,DIRECT_EXPORT_COMTRADE
2016,170,152,670048012.0,DIRECT_EXPORT_COMTRADE
2016,170,156,1127139682.0,DIRECT_EXPORT_COMTRADE
2016,170,192,33516837.0,DIRECT_EXPORT_COMTRADE
2016,170,214,283799113.0,DIRECT_EXPORT_COMTRADE
2016,170,218,1199721004.0,DIRECT_EXPORT_COMTRADE
2016,170,230,1838487.0,MIRROR_IMPORT_OECD
2016,170,251,170894373.0,DIRECT_EXPORT_COMTRADE
2016,170,276,475869035.0,DIRECT_EXPORT_COMTRADE
2016,170,288,48710951.0,DIRECT_EXPORT_COMTRADE
2016,170,344,99767993.0,DIRECT_EXPORT_COMTRADE
2016,170,356,476320024.0,MIRROR_IMPORT_OECD
2016,170,360,6630288.0,DIRECT_EXPORT_COMTRADE
2016,170,364,2355497.0,DIRECT_EXPORT_COMTRADE
2016,170,368,26286747.0,DIRECT_EXPORT_COMTRADE
2016,170,376,275511080.0,DIRECT_EXPORT_COMTRADE
2016,170,380,439125834.0,DIRECT_EXPORT_COMTRADE
2016,170,384,104469273.0,DIRECT_EXPORT_COMTRADE
2016,170,392,427631108.0,DIRECT_EXPORT_COMTRADE
2016,170,404,480897.0,DIRECT_EXPORT_COMTRADE
2016,170,410,402061675.0,DIRECT_EXPORT_COMTRADE
2016,170,414,3287183.0,DIRECT_EXPORT_COMTRADE
2016,170,446,89121.0,DIRECT_EXPORT_COMTRADE
2016,170,458,95434037.0,DIRECT_EXPORT_COMTRADE
2016,170,484,936877803.0,DIRECT_EXPORT_COMTRADE
2016,170,504,5793810.0,DIRECT_EXPORT_COMTRADE
2016,170,512,1668947.0,DIRECT_EXPORT_COMTRADE
2016,170,528,1206369572.0,DIRECT_EXPORT_COMTRADE
2016,170,554,14435826.0,DIRECT_EXPORT_COMTRADE
2016,170,586,1471462.0,DIRECT_EXPORT_COMTRADE
2016,170,604,1050798348.0,DIRECT_EXPORT_COMTRADE
2016,170,608,12441174.0,DIRECT_EXPORT_COMTRADE
2016,170,616,67726210.0,DIRECT_EXPORT_COMTRADE
2016,170,634,874073.0,DIRECT_EXPORT_COMTRADE
2016,170,643,73081399.0,DIRECT_EXPORT_COMTRADE
2016,170,682,8530791.0,DIRECT_EXPORT_COMTRADE
2016,170,702,66127578.0,DIRECT_EXPORT_COMTRADE
2016,170,704,9525171.0,DIRECT_EXPORT_COMTRADE
2016,170,710,41384599.0,DIRECT_EXPORT_COMTRADE
2016,170,724,1159380592.0,DIRECT_EXPORT_COMTRADE
2016,170,757,376208484.0,DIRECT_EXPORT_COMTRADE
2016,170,764,48236849.0,DIRECT_EXPORT_COMTRADE
2016,170,784,33267421.0,DIRECT_EXPORT_COMTRADE
2016,170,792,761325820.0,DIRECT_EXPORT_COMTRADE
2016,170,818,5858364.0,DIRECT_EXPORT_COMTRADE
2016,170,826,481856736.0,DIRECT_EXPORT_COMTRADE
2016,170,834,2062501.0,DIRECT_EXPORT_COMTRADE
2016,170,841,14435553847.0,MIRROR_IMPORT_OECD
2016,192,12,2258341.86,DIRECT_EXPORT_COMTRADE
2016,192,24,12338401.04,DIRECT_EXPORT_COMTRADE
2016,192,31,39054.82,DIRECT_EXPORT_COMTRADE
2016,192,32,7765768.18,DIRECT_EXPORT_COMTRADE
2016,192,36,15477962.08,DIRECT_EXPORT_COMTRADE
2016,192,50,56260.03,DIRECT_EXPORT_COMTRADE
2016,192,58,25976982.0,MIRROR_IMPORT_OECD
2016,192,76,66226383.37,DIRECT_EXPORT_COMTRADE
2016,192,124,331454776.47,DIRECT_EXPORT_COMTRADE
2016,192,152,4083328.58,DIRECT_EXPORT_COMTRADE
2016,192,156,257626419.8,DIRECT_EXPORT_COMTRADE
2016,192,170,4520623.89,DIRECT_EXPORT_COMTRADE
2016,192,214,13622975.3,DIRECT_EXPORT_COMTRADE
2016,192,218,156996.78,DIRECT_EXPORT_COMTRADE
2016,192,230,34461.0,MIRROR_IMPORT_OECD
2016,192,251,34472904.82,DIRECT_EXPORT_COMTRADE
2016,192,276,56297215.74,DIRECT_EXPORT_COMTRADE
2016,192,288,281688.42,DIRECT_EXPORT_COMTRADE
2016,192,344,39371793.46,DIRECT_EXPORT_COMTRADE
2016,192,356,1179204.0,MIRROR_IMPORT_OECD
2016,192,360,96048.8,DIRECT_EXPORT_COMTRADE
2016,192,376,2717829.51,DIRECT_EXPORT_COMTRADE
2016,192,380,22030280.57,DIRECT_EXPORT_COMTRADE
2016,192,392,5624475.28,DIRECT_EXPORT_COMTRADE
2016,192,410,1710805.81,DIRECT_EXPORT_COMTRADE
2016,192,414,90137.04,DIRECT_EXPORT_COMTRADE
2016,192,458,9026189.28,DIRECT_EXPORT_COMTRADE
2016,192,484,41993971.2,DIRECT_EXPORT_COMTRADE
2016,192,496,34200.0,DIRECT_EXPORT_COMTRADE
2016,192,504,16298821.83,DIRECT_EXPORT_COMTRADE
2016,192,512,6432.0,DIRECT_EXPORT_COMTRADE
2016,192,528,93613246.65,DIRECT_EXPORT_COMTRADE
2016,192,554,459175.01,DIRECT_EXPORT_COMTRADE
2016,192,604,14239685.72,DIRECT_EXPORT_COMTRADE
2016,192,608,5122814.8,DIRECT_EXPORT_COMTRADE
2016,192,616,2905.46,DIRECT_EXPORT_COMTRADE
2016,192,634,13589.02,DIRECT_EXPORT_COMTRADE
2016,192,643,32382073.54,DIRECT_EXPORT_COMTRADE
2016,192,682,960936.21,DIRECT_EXPORT_COMTRADE
2016,192,702,40075469.56,DIRECT_EXPORT_COMTRADE
2016,192,704,4958154.31,DIRECT_EXPORT_COMTRADE
2016,192,710,1923575.64,DIRECT_EXPORT_COMTRADE
2016,192,724,182997101.91,DIRECT_EXPORT_COMTRADE
2016,192,757,15765539.78,DIRECT_EXPORT_COMTRADE
2016,192,764,715623.14,DIRECT_EXPORT_COMTRADE
2016,192,784,10877955.61,DIRECT_EXPORT_COMTRADE
2016,192,792,10983853.25,DIRECT_EXPORT_COMTRADE
2016,192,818,53760.0,DIRECT_EXPORT_COMTRADE
2016,192,826,17766148.93,DIRECT_EXPORT_COMTRADE
2016,214,24,54323.049,DIRECT_EXPORT_COMTRADE
2016,214,32,1039864.913,DIRECT_EXPORT_COMTRADE
2016,214,36,6237299.164,DIRECT_EXPORT_COMTRADE
2016,214,50,3106983.319,DIRECT_EXPORT_COMTRADE
2016,214,58,20129662.0,MIRROR_IMPORT_OECD
2016,214,76,2938163.79,DIRECT_EXPORT_COMTRADE
2016,214,124,769397897.182,DIRECT_EXPORT_COMTRADE
2016,214,144,90282.054,DIRECT_EXPORT_COMTRADE
2016,214,152,10604140.421,DIRECT_EXPORT_COMTRADE
2016,214,156,143716305.5,DIRECT_EXPORT_COMTRADE
2016,214,170,36563805.254,DIRECT_EXPORT_COMTRADE
2016,214,192,72119742.912,DIRECT_EXPORT_COMTRADE
2016,214,218,12202891.232,DIRECT_EXPORT_COMTRADE
2016,214,230,5742.0,MIRROR_IMPORT_OECD
2016,214,251,47416726.529,DIRECT_EXPORT_COMTRADE
2016,214,276,113403952.201,DIRECT_EXPORT_COMTRADE
2016,214,288,171791.85,DIRECT_EXPORT_COMTRADE
2016,214,356,637003392.0,MIRROR_IMPORT_OECD
2016,214,360,8939484.908,DIRECT_EXPORT_COMTRADE
2016,214,364,32000.0,DIRECT_EXPORT_COMTRADE
2016,214,368,21101.772,DIRECT_EXPORT_COMTRADE
2016,214,376,2368357.506,DIRECT_EXPORT_COMTRADE
2016,214,380,60610763.929,DIRECT_EXPORT_COMTRADE
2016,214,384,193.0,DIRECT_EXPORT_COMTRADE
2016,214,392,15484318.984,DIRECT_EXPORT_COMTRADE
2016,214,404,581226.5,DIRECT_EXPORT_COMTRADE
2016,214,410,27021397.54,DIRECT_EXPORT_COMTRADE
2016,214,414,27713.5,DIRECT_EXPORT_COMTRADE
2016,214,458,5172154.22,DIRECT_EXPORT_COMTRADE
2016,214,484,36089635.669,DIRECT_EXPORT_COMTRADE
2016,214,496,6442.56,DIRECT_EXPORT_COMTRADE
2016,214,504,63306.234,DIRECT_EXPORT_COMTRADE
2016,214,528,215245542.694,DIRECT_EXPORT_COMTRADE
2016,214,554,8587785.586,DIRECT_EXPORT_COMTRADE
2016,214,586,778405.645,DIRECT_EXPORT_COMTRADE
2016,214,604,9681012.997,DIRECT_EXPORT_COMTRADE
2016,214,608,3211062.157,DIRECT_EXPORT_COMTRADE
2016,214,616,15399826.742,DIRECT_EXPORT_COMTRADE
2016,214,643,3220944.052,DIRECT_EXPORT_COMTRADE
2016,214,682,639823.846,DIRECT_EXPORT_COMTRADE
2016,214,702,16203122.815,DIRECT_EXPORT_COMTRADE
2016,214,704,1776507.553,DIRECT_EXPORT_COMTRADE
2016,214,710,15855529.027,DIRECT_EXPORT_COMTRADE
2016,214,724,103357682.5,DIRECT_EXPORT_COMTRADE
2016,214,757,340640560.661,DIRECT_EXPORT_COMTRADE
2016,214,764,4394769.14,DIRECT_EXPORT_COMTRADE
2016,214,784,9925274.756,DIRECT_EXPORT_COMTRADE
2016,214,792,1395331.741,DIRECT_EXPORT_COMTRADE
2016,214,818,198570.023,DIRECT_EXPORT_COMTRADE
2016,214,826,216410428.592,DIRECT_EXPORT_COMTRADE
2016,214,834,40288.9,DIRECT_EXPORT_COMTRADE
2016,214,841,4788622687.0,MIRROR_IMPORT_OECD
2016,218,12,13167657.0,DIRECT_EXPORT_COMTRADE
2016,218,24,856264.0,DIRECT_EXPORT_COMTRADE
2016,218,31,5596040.0,DIRECT_EXPORT_COMTRADE
2016,218,32,217565947.0,DIRECT_EXPORT_COMTRADE
2016,218,36,17571612.0,DIRECT_EXPORT_COMTRADE
2016,218,50,3040846.0,DIRECT_EXPORT_COMTRADE
2016,218,58,102107711.0,MIRROR_IMPORT_OECD
2016,218,76,144761613.0,DIRECT_EXPORT_COMTRADE
2016,218,124,77873407.0,DIRECT_EXPORT_COMTRADE
2016,218,144,1499318.0,DIRECT_EXPORT_COMTRADE
2016,218,152,1150556670.0,DIRECT_EXPORT_COMTRADE
2016,218,156,656382017.0,DIRECT_EXPORT_COMTRADE
2016,218,170,810457461.0,DIRECT_EXPORT_COMTRADE
2016,218,192,14446537.0,DIRECT_EXPORT_COMTRADE
2016,218,214,60526412.0,DIRECT_EXPORT_COMTRADE
2016,218,230,848091.0,MIRROR_IMPORT_OECD
2016,218,251,282078664.0,DIRECT_EXPORT_COMTRADE
2016,218,276,530649798.0,DIRECT_EXPORT_COMTRADE
2016,218,288,461303.0,DIRECT_EXPORT_COMTRADE
2016,218,344,21828785.0,DIRECT_EXPORT_COMTRADE
2016,218,356,213319279.0,MIRROR_IMPORT_OECD
2016,218,360,53210836.0,DIRECT_EXPORT_COMTRADE
2016,218,364,22752633.0,DIRECT_EXPORT_COMTRADE
2016,218,368,21201265.0,DIRECT_EXPORT_COMTRADE
2016,218,376,5849974.0,DIRECT_EXPORT_COMTRADE
2016,218,380,460932857.0,DIRECT_EXPORT_COMTRADE
2016,218,384,367947.0,DIRECT_EXPORT_COMTRADE
2016,218,392,319575896.0,DIRECT_EXPORT_COMTRADE
2016,218,404,589214.0,DIRECT_EXPORT_COMTRADE
2016,218,410,82465506.0,DIRECT_EXPORT_COMTRADE
2016,218,414,36995523.0,DIRECT_EXPORT_COMTRADE
2016,218,446,2618.0,DIRECT_EXPORT_COMTRADE
2016,218,458,70462093.0,DIRECT_EXPORT_COMTRADE
2016,218,484,168078956.0,DIRECT_EXPORT_COMTRADE
2016,218,496,47797.0,DIRECT_EXPORT_COMTRADE
2016,218,504,9401794.0,DIRECT_EXPORT_COMTRADE
2016,218,512,565725.0,DIRECT_EXPORT_COMTRADE
2016,218,528,422630662.0,DIRECT_EXPORT_COMTRADE
2016,218,554,33608069.0,DIRECT_EXPORT_COMTRADE
2016,218,586,14858055.0,DIRECT_EXPORT_COMTRADE
2016,218,604,934224013.0,DIRECT_EXPORT_COMTRADE
2016,218,608,14038606.0,DIRECT_EXPORT_COMTRADE
2016,218,616,36499396.0,DIRECT_EXPORT_COMTRADE
2016,218,634,6254823.0,DIRECT_EXPORT_COMTRADE
2016,218,643,769213320.0,DIRECT_EXPORT_COMTRADE
2016,218,682,78229360.0,DIRECT_EXPORT_COMTRADE
2016,218,702,10454977.0,DIRECT_EXPORT_COMTRADE
2016,218,704,1115943833.0,DIRECT_EXPORT_COMTRADE
2016,218,710,12476533.0,DIRECT_EXPORT_COMTRADE
2016,218,724,547332597.0,DIRECT_EXPORT_COMTRADE
2016,218,757,20714990.0,DIRECT_EXPORT_COMTRADE
2016,218,764,3908281.0,DIRECT_EXPORT_COMTRADE
2016,218,784,31966771.0,DIRECT_EXPORT_COMTRADE
2016,218,792,114711606.0,DIRECT_EXPORT_COMTRADE
2016,218,818,13258586.0,DIRECT_EXPORT_COMTRADE
2016,218,826,139302549.0,DIRECT_EXPORT_COMTRADE
2016,218,834,103382.0,DIRECT_EXPORT_COMTRADE
2016,218,841,6493997005.0,MIRROR_IMPORT_OECD
2016,230,12,786893.0,DIRECT_EXPORT_OECD
2016,230,24,228611.0,DIRECT_EXPORT_OECD
2016,230,31,899.0,DIRECT_EXPORT_OECD
2016,230,32,13066.0,DIRECT_EXPORT_OECD
2016,230,36,17784584.0,DIRECT_EXPORT_OECD
2016,230,50,1922657.0,DIRECT_EXPORT_OECD
2016,230,58,46490793.0,DIRECT_EXPORT_OECD
2016,230,76,450267.0,DIRECT_EXPORT_OECD
2016,230,124,12254279.0,DIRECT_EXPORT_OECD
2016,230,144,2667611.0,DIRECT_EXPORT_OECD
2016,230,152,241765.0,DIRECT_EXPORT_OECD
2016,230,156,349391031.0,DIRECT_EXPORT_OECD
2016,230,170,15931.0,DIRECT_EXPORT_OECD
2016,230,251,32004644.0,DIRECT_EXPORT_OECD
2016,230,276,130443761.0,DIRECT_EXPORT_OECD
2016,230,288,172923.0,DIRECT_EXPORT_OECD
2016,230,344,21575225.0,DIRECT_EXPORT_OECD
2016,230,356,67653113.0,DIRECT_EXPORT_OECD
2016,230,360,28189125.0,DIRECT_EXPORT_OECD
2016,230,364,2222347.0,DIRECT_EXPORT_OECD
2016,230,368,2159743.0,DIRECT_EXPORT_OECD
2016,230,376,64932898.0,DIRECT_EXPORT_OECD
2016,230,380,51439288.0,DIRECT_EXPORT_OECD
2016,230,384,175048.0,DIRECT_EXPORT_OECD
2016,230,392,57391476.0,DIRECT_EXPORT_OECD
2016,230,404,29907559.0,DIRECT_EXPORT_OECD
2016,230,410,46753408.0,DIRECT_EXPORT_OECD
2016,230,414,1014624.0,DIRECT_EXPORT_OECD
2016,230,458,5016012.0,DIRECT_EXPORT_OECD
2016,230,484,1950330.0,DIRECT_EXPORT_OECD
2016,230,504,432110.0,DIRECT_EXPORT_OECD
2016,230,512,425408.0,DIRECT_EXPORT_OECD
2016,230,528,17835730.0,DIRECT_EXPORT_OECD
2016,230,554,4461119.0,DIRECT_EXPORT_OECD
2016,230,586,65474818.0,DIRECT_EXPORT_OECD
2016,230,604,142537.0,DIRECT_EXPORT_OECD
2016,230,608,857824.0,DIRECT_EXPORT_OECD
2016,230,616,418675.0,DIRECT_EXPORT_OECD
2016,230,634,412284.0,DIRECT_EXPORT_OECD
2016,230,643,12095006.0,DIRECT_EXPORT_OECD
2016,230,682,153000450.0,DIRECT_EXPORT_OECD
2016,230,702,6629889.0,DIRECT_EXPORT_OECD
2016,230,704,43105103.0,DIRECT_EXPORT_OECD
2016,230,710,12558601.0,DIRECT_EXPORT_OECD
2016,230,724,4856188.0,DIRECT_EXPORT_OECD
2016,230,757,112299726.0,DIRECT_EXPORT_OECD
2016,230,764,5040534.0,DIRECT_EXPORT_OECD
2016,230,784,87568703.0,DIRECT_EXPORT_OECD
2016,230,792,27408634.0,DIRECT_EXPORT_OECD
2016,230,818,6408265.0,DIRECT_EXPORT_OECD
2016,230,826,32912602.0,DIRECT_EXPORT_OECD
2016,230,834,334118.0,DIRECT_EXPORT_OECD
2016,230,841,177307084.0,DIRECT_EXPORT_OECD
2016,251,12,5622727167.0,DIRECT_EXPORT_COMTRADE
2016,251,24,284154272.0,DIRECT_EXPORT_COMTRADE
2016,251,31,141878629.0,DIRECT_EXPORT_COMTRADE
2016,251,32,1261047758.0,DIRECT_EXPORT_COMTRADE
2016,251,36,2471614607.0,DIRECT_EXPORT_COMTRADE
2016,251,50,208769854.0,DIRECT_EXPORT_COMTRADE
2016,251,58,30034651936.0,MIRROR_IMPORT_OECD
2016,251,76,4778134632.0,DIRECT_EXPORT_COMTRADE
2016,251,124,3347443377.0,DIRECT_EXPORT_COMTRADE
2016,251,144,100276849.0,DIRECT_EXPORT_COMTRADE
2016,251,152,785710586.0,DIRECT_EXPORT_COMTRADE
2016,251,156,17705737323.0,DIRECT_EXPORT_COMTRADE
2016,251,170,696905575.0,DIRECT_EXPORT_COMTRADE
2016,251,192,141831502.0,DIRECT_EXPORT_COMTRADE
2016,251,214,159266548.0,DIRECT_EXPORT_COMTRADE
2016,251,218,131269259.0,DIRECT_EXPORT_COMTRADE
2016,251,230,219601883.0,MIRROR_IMPORT_OECD
2016,251,276,78851327540.0,DIRECT_EXPORT_COMTRADE
2016,251,288,303468451.0,DIRECT_EXPORT_COMTRADE
2016,251,344,5991633905.0,DIRECT_EXPORT_COMTRADE
2016,251,356,3167272148.0,MIRROR_IMPORT_OECD
2016,251,360,3019171913.0,DIRECT_EXPORT_COMTRADE
2016,251,364,798965940.0,DIRECT_EXPORT_COMTRADE
2016,251,368,350593783.0,DIRECT_EXPORT_COMTRADE
2016,251,376,1492977447.0,DIRECT_EXPORT_COMTRADE
2016,251,380,35717802263.0,DIRECT_EXPORT_COMTRADE
2016,251,384,1187934477.0,DIRECT_EXPORT_COMTRADE
2016,251,392,6915727029.0,DIRECT_EXPORT_COMTRADE
2016,251,404,169204693.0,DIRECT_EXPORT_COMTRADE
2016,251,410,4286615081.0,DIRECT_EXPORT_COMTRADE
2016,251,414,413461974.0,DIRECT_EXPORT_COMTRADE
2016,251,446,153625612.0,DIRECT_EXPORT_COMTRADE
2016,251,458,1694197895.0,DIRECT_EXPORT_COMTRADE
2016,251,484,4096242238.0,DIRECT_EXPORT_COMTRADE
2016,251,496,10307729.0,DIRECT_EXPORT_COMTRADE
2016,251,504,4729562880.0,DIRECT_EXPORT_COMTRADE
2016,251,512,345090199.0,DIRECT_EXPORT_COMTRADE
2016,251,528,17679116012.0,DIRECT_EXPORT_COMTRADE
2016,251,554,589254047.0,DIRECT_EXPORT_COMTRADE
2016,251,586,615688650.0,DIRECT_EXPORT_COMTRADE
2016,251,604,352091389.0,DIRECT_EXPORT_COMTRADE
2016,251,608,905805095.0,DIRECT_EXPORT_COMTRADE
2016,251,616,9075840716.0,DIRECT_EXPORT_COMTRADE
2016,251,634,2010297008.0,DIRECT_EXPORT_COMTRADE
2016,251,643,5405700990.0,DIRECT_EXPORT_COMTRADE
2016,251,682,4586098248.0,DIRECT_EXPORT_COMTRADE
2016,251,702,6800777414.0,DIRECT_EXPORT_COMTRADE
2016,251,704,1645183444.0,DIRECT_EXPORT_COMTRADE
2016,251,710,2012412391.0,DIRECT_EXPORT_COMTRADE
2016,251,724,36644577952.0,DIRECT_EXPORT_COMTRADE
2016,251,757,16921663887.0,DIRECT_EXPORT_COMTRADE
2016,251,764,1931668390.0,DIRECT_EXPORT_COMTRADE
2016,251,784,4000982816.0,DIRECT_EXPORT_COMTRADE
2016,251,792,7749140962.0,DIRECT_EXPORT_COMTRADE
2016,251,818,1698504335.0,DIRECT_EXPORT_COMTRADE
2016,251,826,34445925445.0,DIRECT_EXPORT_COMTRADE
2016,251,834,140373202.0,DIRECT_EXPORT_COMTRADE
2016,251,841,47766560286.0,MIRROR_IMPORT_OECD
2016,276,12,3589023332.242,DIRECT_EXPORT_COMTRADE
2016,276,24,287303267.144,DIRECT_EXPORT_COMTRADE
2016,276,31,368305953.167,DIRECT_EXPORT_COMTRADE
2016,276,32,2877612441.936,DIRECT_EXPORT_COMTRADE
2016,276,36,10016194463.68,DIRECT_EXPORT_COMTRADE
2016,276,50,777431481.948,DIRECT_EXPORT_COMTRADE
2016,276,58,40906113994.0,MIRROR_IMPORT_OECD
2016,276,76,9535607854.069,DIRECT_EXPORT_COMTRADE
2016,276,124,10552836203.43,DIRECT_EXPORT_COMTRADE
2016,276,144,353576673.606,DIRECT_EXPORT_COMTRADE
2016,276,152,2720099705.231,DIRECT_EXPORT_COMTRADE
2016,276,156,84528602948.704,DIRECT_EXPORT_COMTRADE
2016,276,170,1597450623.864,DIRECT_EXPORT_COMTRADE
2016,276,192,263610216.217,DIRECT_EXPORT_COMTRADE
2016,276,214,251801217.426,DIRECT_EXPORT_COMTRADE
2016,276,218,424801257.532,DIRECT_EXPORT_COMTRADE
2016,276,230,377125901.0,MIRROR_IMPORT_OECD
2016,276,251,111854017629.571,DIRECT_EXPORT_COMTRADE
2016,276,288,338081067.349,DIRECT_EXPORT_COMTRADE
2016,276,344,7553225317.927,DIRECT_EXPORT_COMTRADE
2016,276,356,11499371385.0,MIRROR_IMPORT_OECD
2016,276,360,2697816988.623,DIRECT_EXPORT_COMTRADE
2016,276,364,2893877940.215,DIRECT_EXPORT_COMTRADE
2016,276,368,778289406.822,DIRECT_EXPORT_COMTRADE
2016,276,376,4502275491.549,DIRECT_EXPORT_COMTRADE
2016,276,380,67660840512.987,DIRECT_EXPORT_COMTRADE
2016,276,384,217058698.04,DIRECT_EXPORT_COMTRADE
2016,276,392,20389297054.078,DIRECT_EXPORT_COMTRADE
2016,276,404,374653886.608,DIRECT_EXPORT_COMTRADE
2016,276,410,19118860462.604,DIRECT_EXPORT_COMTRADE
2016,276,414,1572497427.219,DIRECT_EXPORT_COMTRADE
2016,276,446,171114803.686,DIRECT_EXPORT_COMTRADE
2016,276,458,5267217641.952,DIRECT_EXPORT_COMTRADE
2016,276,484,12334273312.302,DIRECT_EXPORT_COMTRADE
2016,276,496,112206599.309,DIRECT_EXPORT_COMTRADE
2016,276,504,2237304787.231,DIRECT_EXPORT_COMTRADE
2016,276,512,932999051.353,DIRECT_EXPORT_COMTRADE
2016,276,528,82835426605.493,DIRECT_EXPORT_COMTRADE
2016,276,554,1214180679.662,DIRECT_EXPORT_COMTRADE
2016,276,586,1300112636.494,DIRECT_EXPORT_COMTRADE
2016,276,604,966146850.148,DIRECT_EXPORT_COMTRADE
2016,276,608,2285658270.859,DIRECT_EXPORT_COMTRADE
2016,276,616,60314723058.173,DIRECT_EXPORT_COMTRADE
2016,276,634,2805891603.809,DIRECT_EXPORT_COMTRADE
2016,276,643,24515883697.688,DIRECT_EXPORT_COMTRADE
2016,276,682,8135237721.801,DIRECT_EXPORT_COMTRADE
2016,276,702,7516224225.829,DIRECT_EXPORT_COMTRADE
2016,276,704,2893450029.333,DIRECT_EXPORT_COMTRADE
2016,276,710,9867231184.617,DIRECT_EXPORT_COMTRADE
2016,276,724,44823249539.475,DIRECT_EXPORT_COMTRADE
2016,276,757,56693388404.718,DIRECT_EXPORT_COMTRADE
2016,276,764,4888211630.977,DIRECT_EXPORT_COMTRADE
2016,276,784,16162224683.012,DIRECT_EXPORT_COMTRADE
2016,276,792,24275917911.822,DIRECT_EXPORT_COMTRADE
2016,276,818,4924653056.796,DIRECT_EXPORT_COMTRADE
2016,276,826,94836231773.702,DIRECT_EXPORT_COMTRADE
2016,276,834,153785482.768,DIRECT_EXPORT_COMTRADE
2016,276,841,116259433241.0,MIRROR_IMPORT_OECD
2016,288,24,193075.0,DIRECT_EXPORT_COMTRADE
2016,288,31,1347.0,DIRECT_EXPORT_COMTRADE
2016,288,36,1710826.0,DIRECT_EXPORT_COMTRADE
2016,288,50,58426.0,DIRECT_EXPORT_COMTRADE
2016,288,58,102433371.0,MIRROR_IMPORT_OECD
2016,288,76,200974423.0,DIRECT_EXPORT_COMTRADE
2016,288,124,33525842.0,DIRECT_EXPORT_COMTRADE
2016,288,152,45868.0,DIRECT_EXPORT_COMTRADE
2016,288,156,941809716.0,DIRECT_EXPORT_COMTRADE
2016,288,170,10933.0,DIRECT_EXPORT_COMTRADE
2016,288,214,35543.0,DIRECT_EXPORT_COMTRADE
2016,288,218,11297.0,DIRECT_EXPORT_COMTRADE
2016,288,230,129748.0,MIRROR_IMPORT_OECD
2016,288,251,139589449.0,DIRECT_EXPORT_COMTRADE
2016,288,276,147506965.0,DIRECT_EXPORT_COMTRADE
2016,288,344,3742784.0,DIRECT_EXPORT_COMTRADE
2016,288,356,1449129772.0,MIRROR_IMPORT_OECD
2016,288,360,4812503.0,DIRECT_EXPORT_COMTRADE
2016,288,364,10485446.0,DIRECT_EXPORT_COMTRADE
2016,288,368,443669.0,DIRECT_EXPORT_COMTRADE
2016,288,376,2221651.0,DIRECT_EXPORT_COMTRADE
2016,288,380,188722849.0,DIRECT_EXPORT_COMTRADE
2016,288,384,33403357.0,DIRECT_EXPORT_COMTRADE
2016,288,392,150870742.0,DIRECT_EXPORT_COMTRADE
2016,288,404,102492.0,DIRECT_EXPORT_COMTRADE
2016,288,410,15848476.0,DIRECT_EXPORT_COMTRADE
2016,288,414,46048.0,DIRECT_EXPORT_COMTRADE
2016,288,458,215020809.0,DIRECT_EXPORT_COMTRADE
2016,288,484,188530.0,DIRECT_EXPORT_COMTRADE
2016,288,504,3927457.0,DIRECT_EXPORT_COMTRADE
2016,288,528,443038805.0,DIRECT_EXPORT_COMTRADE
2016,288,554,3110040.0,DIRECT_EXPORT_COMTRADE
2016,288,586,340165.0,DIRECT_EXPORT_COMTRADE
2016,288,604,44864.0,DIRECT_EXPORT_COMTRADE
2016,288,608,605121.0,DIRECT_EXPORT_COMTRADE
2016,288,616,2008434.0,DIRECT_EXPORT_COMTRADE
2016,288,634,41318.0,DIRECT_EXPORT_COMTRADE
2016,288,643,122584.0,DIRECT_EXPORT_COMTRADE
2016,288,682,953224.0,DIRECT_EXPORT_COMTRADE
2016,288,702,47198104.0,DIRECT_EXPORT_COMTRADE
2016,288,704,549265154.0,DIRECT_EXPORT_COMTRADE
2016,288,710,350763476.0,DIRECT_EXPORT_COMTRADE
2016,288,724,149081160.0,DIRECT_EXPORT_COMTRADE
2016,288,757,1868671702.0,DIRECT_EXPORT_COMTRADE
2016,288,764,316990.0,DIRECT_EXPORT_COMTRADE
2016,288,784,1427346994.0,DIRECT_EXPORT_COMTRADE
2016,288,792,100210076.0,DIRECT_EXPORT_COMTRADE
2016,288,818,790710.0,DIRECT_EXPORT_COMTRADE
2016,288,826,95175566.0,DIRECT_EXPORT_COMTRADE
2016,288,834,468305.0,DIRECT_EXPORT_COMTRADE
2016,288,841,335384845.0,MIRROR_IMPORT_OECD
2016,344,12,305785329.747,DIRECT_EXPORT_COMTRADE
2016,344,24,23181895.041,DIRECT_EXPORT_COMTRADE
2016,344,31,20708382.879,DIRECT_EXPORT_COMTRADE
2016,344,32,643616683.479,DIRECT_EXPORT_COMTRADE
2016,344,36,4730613946.095,DIRECT_EXPORT_COMTRADE
2016,344,50,1496986010.609,DIRECT_EXPORT_COMTRADE
2016,344,58,800117236.0,MIRROR_IMPORT_OECD
2016,344,76,1265478231.965,DIRECT_EXPORT_COMTRADE
2016,344,124,2381506230.648,DIRECT_EXPORT_COMTRADE
2016,344,144,514254865.415,DIRECT_EXPORT_COMTRADE
2016,344,152,660783291.889,DIRECT_EXPORT_COMTRADE
2016,344,156,285501328795.232,DIRECT_EXPORT_COMTRADE
2016,344,170,501583884.869,DIRECT_EXPORT_COMTRADE
2016,344,192,5156512.904,DIRECT_EXPORT_COMTRADE
2016,344,214,94581184.054,DIRECT_EXPORT_COMTRADE
2016,344,218,137194982.5,DIRECT_EXPORT_COMTRADE
2016,344,230,63289885.0,MIRROR_IMPORT_OECD
2016,344,251,4472489157.145,DIRECT_EXPORT_COMTRADE
2016,344,276,8649424782.635,DIRECT_EXPORT_COMTRADE
2016,344,288,190277854.488,DIRECT_EXPORT_COMTRADE
2016,344,356,7119319088.0,MIRROR_IMPORT_OECD
2016,344,360,3184973406.294,DIRECT_EXPORT_COMTRADE
2016,344,364,135535920.062,DIRECT_EXPORT_COMTRADE
2016,344,368,120075130.901,DIRECT_EXPORT_COMTRADE
2016,344,376,2117300699.629,DIRECT_EXPORT_COMTRADE
2016,344,380,3351327976.876,DIRECT_EXPORT_COMTRADE
2016,344,384,36408211.801,DIRECT_EXPORT_COMTRADE
2016,344,392,15055656250.48,DIRECT_EXPORT_COMTRADE
2016,344,404,173156767.419,DIRECT_EXPORT_COMTRADE
2016,344,410,7674513418.091,DIRECT_EXPORT_COMTRADE
2016,344,414,155713458.408,DIRECT_EXPORT_COMTRADE
2016,344,446,5303967796.438,DIRECT_EXPORT_COMTRADE
2016,344,458,3519372112.094,DIRECT_EXPORT_COMTRADE
2016,344,484,3592115068.768,DIRECT_EXPORT_COMTRADE
2016,344,496,27351013.147,DIRECT_EXPORT_COMTRADE
2016,344,504,110348789.268,DIRECT_EXPORT_COMTRADE
2016,344,512,127960475.85,DIRECT_EXPORT_COMTRADE
2016,344,528,7398223899.889,DIRECT_EXPORT_COMTRADE
2016,344,554,543587593.36,DIRECT_EXPORT_COMTRADE
2016,344,586,529648817.446,DIRECT_EXPORT_COMTRADE
2016,344,604,504704058.19,DIRECT_EXPORT_COMTRADE
2016,344,608,3275348639.258,DIRECT_EXPORT_COMTRADE
2016,344,616,1299699636.291,DIRECT_EXPORT_COMTRADE
2016,344,634,109013139.924,DIRECT_EXPORT_COMTRADE
2016,344,643,2024384143.556,DIRECT_EXPORT_COMTRADE
2016,344,682,1078726311.647,DIRECT_EXPORT_COMTRADE
2016,344,702,9383092019.207,DIRECT_EXPORT_COMTRADE
2016,344,704,9355556306.757,DIRECT_EXPORT_COMTRADE
2016,344,710,943125570.244,DIRECT_EXPORT_COMTRADE
2016,344,724,1764231182.396,DIRECT_EXPORT_COMTRADE
2016,344,757,9332791037.359,DIRECT_EXPORT_COMTRADE
2016,344,764,10071897332.666,DIRECT_EXPORT_COMTRADE
2016,344,784,6997892498.174,DIRECT_EXPORT_COMTRADE
2016,344,792,1037757958.156,DIRECT_EXPORT_COMTRADE
2016,344,818,541736182.912,DIRECT_EXPORT_COMTRADE
2016,344,826,11189249715.242,DIRECT_EXPORT_COMTRADE
2016,344,834,97640878.343,DIRECT_EXPORT_COMTRADE
2016,344,841,7546850190.0,MIRROR_IMPORT_OECD
2016,356,12,859760560.0,DIRECT_EXPORT_OECD
2016,356,24,139803373.0,DIRECT_EXPORT_OECD
2016,356,31,31627281.0,DIRECT_EXPORT_OECD
2016,356,32,510652665.0,DIRECT_EXPORT_OECD
2016,356,36,2948411864.0,DIRECT_EXPORT_OECD
2016,356,50,5668792875.0,DIRECT_EXPORT_OECD
2016,356,58,5356387126.0,DIRECT_EXPORT_OECD
2016,356,76,2300194964.0,DIRECT_EXPORT_OECD
2016,356,124,1970163440.0,DIRECT_EXPORT_OECD
2016,356,144,4118253525.0,DIRECT_EXPORT_OECD
2016,356,152,652730218.0,DIRECT_EXPORT_OECD
2016,356,156,8916073006.0,DIRECT_EXPORT_OECD
2016,356,170,767224748.0,DIRECT_EXPORT_OECD
2016,356,192,39260152.0,DIRECT_EXPORT_OECD
2016,356,214,220990467.0,DIRECT_EXPORT_OECD
2016,356,218,165236454.0,DIRECT_EXPORT_OECD
2016,356,230,830628658.0,DIRECT_EXPORT_OECD
2016,356,251,4867882906.0,DIRECT_EXPORT_OECD
2016,356,276,7178090846.0,DIRECT_EXPORT_OECD
2016,356,288,712147993.0,DIRECT_EXPORT_OECD
2016,356,344,13209853335.0,DIRECT_EXPORT_OECD
2016,356,360,3131502893.0,DIRECT_EXPORT_OECD
2016,356,364,2412534981.0,DIRECT_EXPORT_OECD
2016,356,368,973692614.0,DIRECT_EXPORT_OECD
2016,356,376,2913649865.0,DIRECT_EXPORT_OECD
2016,356,380,4463936974.0,DIRECT_EXPORT_OECD
2016,356,384,383257239.0,DIRECT_EXPORT_OECD
2016,356,392,3827283090.0,DIRECT_EXPORT_OECD
2016,356,404,2457901527.0,DIRECT_EXPORT_OECD
2016,356,410,3465416576.0,DIRECT_EXPORT_OECD
2016,356,414,1411588739.0,DIRECT_EXPORT_OECD
2016,356,446,1764737.0,DIRECT_EXPORT_OECD
2016,356,458,4188651283.0,DIRECT_EXPORT_OECD
2016,356,484,3375325929.0,DIRECT_EXPORT_OECD
2016,356,496,9755791.0,DIRECT_EXPORT_OECD
2016,356,504,369009752.0,DIRECT_EXPORT_OECD
2016,356,512,2577624332.0,DIRECT_EXPORT_OECD
2016,356,528,4868487806.0,DIRECT_EXPORT_OECD
2016,356,554,308684185.0,DIRECT_EXPORT_OECD
2016,356,586,1592581193.0,DIRECT_EXPORT_OECD
2016,356,604,682354308.0,DIRECT_EXPORT_OECD
2016,356,608,1474264358.0,DIRECT_EXPORT_OECD
2016,356,616,1140845802.0,DIRECT_EXPORT_OECD
2016,356,634,769355409.0,DIRECT_EXPORT_OECD
2016,356,643,1813884286.0,DIRECT_EXPORT_OECD
2016,356,682,5045149374.0,DIRECT_EXPORT_OECD
2016,356,702,7354855183.0,DIRECT_EXPORT_OECD
2016,356,704,5957676893.0,DIRECT_EXPORT_OECD
2016,356,710,3243164785.0,DIRECT_EXPORT_OECD
2016,356,724,3359492733.0,DIRECT_EXPORT_OECD
2016,356,757,1034168626.0,DIRECT_EXPORT_OECD
2016,356,764,2962383786.0,DIRECT_EXPORT_OECD
2016,356,784,30041757736.0,DIRECT_EXPORT_OECD
2016,356,792,4473283093.0,DIRECT_EXPORT_OECD
2016,356,818,2089418984.0,DIRECT_EXPORT_OECD
2016,356,826,8565159173.0,DIRECT_EXPORT_OECD
2016,356,834,1766864799.0,DIRECT_EXPORT_OECD
2016,356,841,41992468476.0,DIRECT_EXPORT_OECD
2016,360,12,133708897.0,DIRECT_EXPORT_COMTRADE
2016,360,24,57713955.0,DIRECT_EXPORT_COMTRADE
2016,360,31,1042380.0,DIRECT_EXPORT_COMTRADE
2016,360,32,219553594.0,DIRECT_EXPORT_COMTRADE
2016,360,36,3199006498.0,DIRECT_EXPORT_COMTRADE
2016,360,50,1266688085.0,DIRECT_EXPORT_COMTRADE
2016,360,58,434638311.0,MIRROR_IMPORT_OECD
2016,360,76,1102041179.0,DIRECT_EXPORT_COMTRADE
2016,360,124,732572062.0,DIRECT_EXPORT_COMTRADE
2016,360,144,262228402.0,DIRECT_EXPORT_COMTRADE
2016,360,152,143813166.0,DIRECT_EXPORT_COMTRADE
2016,360,156,16785585024.0,DIRECT_EXPORT_COMTRADE
2016,360,170,124974843.0,DIRECT_EXPORT_COMTRADE
2016,360,192,12787444.0,DIRECT_EXPORT_COMTRADE
2016,360,214,51826655.0,DIRECT_EXPORT_COMTRADE
2016,360,218,57511271.0,DIRECT_EXPORT_COMTRADE
2016,360,230,328945984.0,MIRROR_IMPORT_OECD
2016,360,251,891541478.0,DIRECT_EXPORT_COMTRADE
2016,360,276,2638679905.0,DIRECT_EXPORT_COMTRADE
2016,360,288,109873593.0,DIRECT_EXPORT_COMTRADE
2016,360,344,2144834094.0,DIRECT_EXPORT_COMTRADE
2016,360,356,12189258701.0,MIRROR_IMPORT_OECD
2016,360,364,235194397.0,DIRECT_EXPORT_COMTRADE
2016,360,368,91080094.0,DIRECT_EXPORT_COMTRADE
2016,360,376,103159348.0,DIRECT_EXPORT_COMTRADE
2016,360,380,1572117669.0,DIRECT_EXPORT_COMTRADE
2016,360,384,52073786.0,DIRECT_EXPORT_COMTRADE
2016,360,392,16101544919.0,DIRECT_EXPORT_COMTRADE
2016,360,404,200781392.0,DIRECT_EXPORT_COMTRADE
2016,360,410,7007623660.0,DIRECT_EXPORT_COMTRADE
2016,360,414,121685823.0,DIRECT_EXPORT_COMTRADE
2016,360,446,5071360.0,DIRECT_EXPORT_COMTRADE
2016,360,458,7112008233.0,DIRECT_EXPORT_COMTRADE
2016,360,484,815126411.0,DIRECT_EXPORT_COMTRADE
2016,360,496,5672415.0,DIRECT_EXPORT_COMTRADE
2016,360,504,95614814.0,DIRECT_EXPORT_COMTRADE
2016,360,512,201899454.0,DIRECT_EXPORT_COMTRADE
2016,360,528,3254915907.0,DIRECT_EXPORT_COMTRADE
2016,360,554,366543144.0,DIRECT_EXPORT_COMTRADE
2016,360,586,2018232586.0,DIRECT_EXPORT_COMTRADE
2016,360,604,159092687.0,DIRECT_EXPORT_COMTRADE
2016,360,608,5270872707.0,DIRECT_EXPORT_COMTRADE
2016,360,616,370027192.0,DIRECT_EXPORT_COMTRADE
2016,360,634,57545851.0,DIRECT_EXPORT_COMTRADE
2016,360,643,1261604618.0,DIRECT_EXPORT_COMTRADE
2016,360,682,1333074993.0,DIRECT_EXPORT_COMTRADE
2016,360,702,11246431902.0,DIRECT_EXPORT_COMTRADE
2016,360,704,3045496445.0,DIRECT_EXPORT_COMTRADE
2016,360,710,727879981.0,DIRECT_EXPORT_COMTRADE
2016,360,724,1579275490.0,DIRECT_EXPORT_COMTRADE
2016,360,757,2199902333.0,DIRECT_EXPORT_COMTRADE
2016,360,764,5392399348.0,DIRECT_EXPORT_COMTRADE
2016,360,784,1612105635.0,DIRECT_EXPORT_COMTRADE
2016,360,792,1024069768.0,DIRECT_EXPORT_COMTRADE
2016,360,818,1110437906.0,DIRECT_EXPORT_COMTRADE
2016,360,826,1590356852.0,DIRECT_EXPORT_COMTRADE
2016,360,834,154452805.0,DIRECT_EXPORT_COMTRADE
2016,360,841,20126720294.0,MIRROR_IMPORT_OECD
2016,364,12,23663105.0,DIRECT_EXPORT_COMTRADE
2016,364,31,358627479.52,DIRECT_EXPORT_COMTRADE
2016,364,32,1003363.0,DIRECT_EXPORT_COMTRADE
2016,364,36,51015868.9,DIRECT_EXPORT_COMTRADE
2016,364,50,82739398.0,DIRECT_EXPORT_COMTRADE
2016,364,58,63775795.0,MIRROR_IMPORT_OECD
2016,364,76,111867389.51,DIRECT_EXPORT_COMTRADE
2016,364,124,64571240.85,DIRECT_EXPORT_COMTRADE
2016,364,144,37501798.0,DIRECT_EXPORT_COMTRADE
2016,364,152,567369.0,DIRECT_EXPORT_COMTRADE
2016,364,156,8369572225.77,DIRECT_EXPORT_COMTRADE
2016,364,170,1392113.0,DIRECT_EXPORT_COMTRADE
2016,364,192,74035.0,DIRECT_EXPORT_COMTRADE
2016,364,214,46504.0,DIRECT_EXPORT_COMTRADE
2016,364,218,49652.0,DIRECT_EXPORT_COMTRADE
2016,364,230,9817593.0,MIRROR_IMPORT_OECD
2016,364,251,37625651.61,DIRECT_EXPORT_COMTRADE
2016,364,276,319760573.73,DIRECT_EXPORT_COMTRADE
2016,364,288,3632297.0,DIRECT_EXPORT_COMTRADE
2016,364,344,519987326.89,DIRECT_EXPORT_COMTRADE
2016,364,356,8253714500.0,MIRROR_IMPORT_OECD
2016,364,360,173157324.0,DIRECT_EXPORT_COMTRADE
2016,364,368,6131482354.98,DIRECT_EXPORT_COMTRADE
2016,364,380,460692529.17,DIRECT_EXPORT_COMTRADE
2016,364,384,8201329.62,DIRECT_EXPORT_COMTRADE
2016,364,392,1138565114.2,DIRECT_EXPORT_COMTRADE
2016,364,404,56506698.25,DIRECT_EXPORT_COMTRADE
2016,364,410,2877013130.93,DIRECT_EXPORT_COMTRADE
2016,364,414,188639185.23,DIRECT_EXPORT_COMTRADE
2016,364,446,113400.0,DIRECT_EXPORT_COMTRADE
2016,364,458,86684365.14,DIRECT_EXPORT_COMTRADE
2016,364,484,55959686.0,DIRECT_EXPORT_COMTRADE
2016,364,496,99697.0,DIRECT_EXPORT_COMTRADE
2016,364,504,42109640.0,DIRECT_EXPORT_COMTRADE
2016,364,512,543998821.26,DIRECT_EXPORT_COMTRADE
2016,364,528,127541971.89,DIRECT_EXPORT_COMTRADE
2016,364,554,3079969.0,DIRECT_EXPORT_COMTRADE
2016,364,586,795899616.37,DIRECT_EXPORT_COMTRADE
2016,364,604,7420190.0,DIRECT_EXPORT_COMTRADE
2016,364,608,28013457.0,DIRECT_EXPORT_COMTRADE
2016,364,616,51505711.55,DIRECT_EXPORT_COMTRADE
2016,364,634,103051589.49,DIRECT_EXPORT_COMTRADE
2016,364,643,218952095.11,DIRECT_EXPORT_COMTRADE
2016,364,682,234690.0,DIRECT_EXPORT_COMTRADE
2016,364,702,309147484.0,DIRECT_EXPORT_COMTRADE
2016,364,704,404100741.4,DIRECT_EXPORT_COMTRADE
2016,364,710,43173980.52,DIRECT_EXPORT_COMTRADE
2016,364,724,244082322.4,DIRECT_EXPORT_COMTRADE
2016,364,757,16023010.68,DIRECT_EXPORT_COMTRADE
2016,364,764,384819583.0,DIRECT_EXPORT_COMTRADE
2016,364,784,7417421974.47,DIRECT_EXPORT_COMTRADE
2016,364,792,3247487981.33,DIRECT_EXPORT_COMTRADE
2016,364,818,207093885.0,DIRECT_EXPORT_COMTRADE
2016,364,826,41425780.3,DIRECT_EXPORT_COMTRADE
2016,364,834,31659413.23,DIRECT_EXPORT_COMTRADE
2016,364,841,90051429.0,MIRROR_IMPORT_OECD
2016,368,58,16767061.000000002,MIRROR_IMPORT_OECD
2016,368,230,30679.0,MIRROR_IMPORT_OECD
2016,368,276,30000.0,DIRECT_EXPORT_COMTRADE
2016,368,356,9974378428.0,MIRROR_IMPORT_OECD
2016,368,364,333530.0,DIRECT_EXPORT_COMTRADE
2016,368,380,3521367.0,DIRECT_EXPORT_COMTRADE
2016,368,643,14000.0,DIRECT_EXPORT_COMTRADE
2016,368,702,79290788.0,DIRECT_EXPORT_COMTRADE
2016,368,784,5237182.0,DIRECT_EXPORT_COMTRADE
2016,368,792,7700.0,DIRECT_EXPORT_COMTRADE
2016,368,818,200000.0,DIRECT_EXPORT_COMTRADE
2016,368,841,6319320868.0,MIRROR_IMPORT_OECD
2016,376,24,13912000.0,DIRECT_EXPORT_COMTRADE
2016,376,31,259879000.0,DIRECT_EXPORT_COMTRADE
2016,376,32,107865000.0,DIRECT_EXPORT_COMTRADE
2016,376,36,510447000.0,DIRECT_EXPORT_COMTRADE
2016,376,50,752000.0,DIRECT_EXPORT_COMTRADE
2016,376,58,1151369702.0,MIRROR_IMPORT_OECD
2016,376,76,747230000.0,DIRECT_EXPORT_COMTRADE
2016,376,124,594581000.0,DIRECT_EXPORT_COMTRADE
2016,376,144,78132000.0,DIRECT_EXPORT_COMTRADE
2016,376,152,137255000.0,DIRECT_EXPORT_COMTRADE
2016,376,156,3327625000.0,DIRECT_EXPORT_COMTRADE
2016,376,170,88892000.0,DIRECT_EXPORT_COMTRADE
2016,376,192,15375000.0,DIRECT_EXPORT_COMTRADE
2016,376,214,25808000.0,DIRECT_EXPORT_COMTRADE
2016,376,218,20069000.0,DIRECT_EXPORT_COMTRADE
2016,376,230,27299930.0,MIRROR_IMPORT_OECD
2016,376,251,1454002000.0,DIRECT_EXPORT_COMTRADE
2016,376,276,1519514000.0,DIRECT_EXPORT_COMTRADE
2016,376,288,49411000.0,DIRECT_EXPORT_COMTRADE
2016,376,344,4435563000.0,DIRECT_EXPORT_COMTRADE
2016,376,356,2076419895.0,MIRROR_IMPORT_OECD
2016,376,360,120837000.0,DIRECT_EXPORT_COMTRADE
2016,376,380,958172000.0,DIRECT_EXPORT_COMTRADE
2016,376,384,10766000.0,DIRECT_EXPORT_COMTRADE
2016,376,392,759033000.0,DIRECT_EXPORT_COMTRADE
2016,376,404,51867000.0,DIRECT_EXPORT_COMTRADE
2016,376,410,580064000.0,DIRECT_EXPORT_COMTRADE
2016,376,446,623000.0,DIRECT_EXPORT_COMTRADE
2016,376,458,583175000.0,DIRECT_EXPORT_COMTRADE
2016,376,484,380541000.0,DIRECT_EXPORT_COMTRADE
2016,376,496,527000.0,DIRECT_EXPORT_COMTRADE
2016,376,504,39621000.0,DIRECT_EXPORT_COMTRADE
2016,376,528,2139523000.0,DIRECT_EXPORT_COMTRADE
2016,376,554,52747000.0,DIRECT_EXPORT_COMTRADE
2016,376,586,451000.0,DIRECT_EXPORT_COMTRADE
2016,376,604,74405000.0,DIRECT_EXPORT_COMTRADE
2016,376,608,110347000.0,DIRECT_EXPORT_COMTRADE
2016,376,616,229034000.0,DIRECT_EXPORT_COMTRADE
2016,376,643,620531000.0,DIRECT_EXPORT_COMTRADE
2016,376,702,449969000.0,DIRECT_EXPORT_COMTRADE
2016,376,704,1199908000.0,DIRECT_EXPORT_COMTRADE
2016,376,710,267337000.0,DIRECT_EXPORT_COMTRADE
2016,376,724,896090000.0,DIRECT_EXPORT_COMTRADE
2016,376,757,1466214000.0,DIRECT_EXPORT_COMTRADE
2016,376,764,409392000.0,DIRECT_EXPORT_COMTRADE
2016,376,792,1297619000.0,DIRECT_EXPORT_COMTRADE
2016,376,818,79148000.0,DIRECT_EXPORT_COMTRADE
2016,376,826,3908937000.0,DIRECT_EXPORT_COMTRADE
2016,376,834,10645000.0,DIRECT_EXPORT_COMTRADE
2016,376,841,22631629192.0,MIRROR_IMPORT_OECD
2016,380,12,4107150135.297,DIRECT_EXPORT_COMTRADE
2016,380,24,208439421.024,DIRECT_EXPORT_COMTRADE
2016,380,31,299905357.622,DIRECT_EXPORT_COMTRADE
2016,380,32,1275767283.979,DIRECT_EXPORT_COMTRADE
2016,380,36,3950320205.635,DIRECT_EXPORT_COMTRADE
2016,380,50,562432987.455,DIRECT_EXPORT_COMTRADE
2016,380,58,10921207818.0,MIRROR_IMPORT_OECD
2016,380,76,3541615907.745,DIRECT_EXPORT_COMTRADE
2016,380,124,4090435366.801,DIRECT_EXPORT_COMTRADE
2016,380,144,260691707.327,DIRECT_EXPORT_COMTRADE
2016,380,152,1013554693.428,DIRECT_EXPORT_COMTRADE
2016,380,156,12234172739.915,DIRECT_EXPORT_COMTRADE
2016,380,170,642255103.996,DIRECT_EXPORT_COMTRADE
2016,380,192,345736444.938,DIRECT_EXPORT_COMTRADE
2016,380,214,380014665.323,DIRECT_EXPORT_COMTRADE
2016,380,218,221880371.614,DIRECT_EXPORT_COMTRADE
2016,380,230,771618075.0,MIRROR_IMPORT_OECD
2016,380,251,48692317107.914,DIRECT_EXPORT_COMTRADE
2016,380,276,58311989573.424,DIRECT_EXPORT_COMTRADE
2016,380,288,292426410.187,DIRECT_EXPORT_COMTRADE
2016,380,344,6383984011.801,DIRECT_EXPORT_COMTRADE
2016,380,356,3840871062.0,MIRROR_IMPORT_OECD
2016,380,360,1278717043.967,DIRECT_EXPORT_COMTRADE
2016,380,364,1705828935.179,DIRECT_EXPORT_COMTRADE
2016,380,368,684947334.287,DIRECT_EXPORT_COMTRADE
2016,380,376,2774229414.994,DIRECT_EXPORT_COMTRADE
2016,380,384,199987526.43,DIRECT_EXPORT_COMTRADE
2016,380,392,6663466684.69,DIRECT_EXPORT_COMTRADE
2016,380,404,233374226.285,DIRECT_EXPORT_COMTRADE
2016,380,410,4412944474.003,DIRECT_EXPORT_COMTRADE
2016,380,414,1211913428.341,DIRECT_EXPORT_COMTRADE
2016,380,446,173218065.542,DIRECT_EXPORT_COMTRADE
2016,380,458,1173300326.691,DIRECT_EXPORT_COMTRADE
2016,380,484,4086884885.562,DIRECT_EXPORT_COMTRADE
2016,380,496,34070522.895,DIRECT_EXPORT_COMTRADE
2016,380,504,1782215325.458,DIRECT_EXPORT_COMTRADE
2016,380,512,902563704.631,DIRECT_EXPORT_COMTRADE
2016,380,528,10743217873.589,DIRECT_EXPORT_COMTRADE
2016,380,554,522231032.539,DIRECT_EXPORT_COMTRADE
2016,380,586,687352249.619,DIRECT_EXPORT_COMTRADE
2016,380,604,597399030.679,DIRECT_EXPORT_COMTRADE
2016,380,608,676010350.829,DIRECT_EXPORT_COMTRADE
2016,380,616,12435978786.68,DIRECT_EXPORT_COMTRADE
2016,380,634,1000404589.693,DIRECT_EXPORT_COMTRADE
2016,380,643,7402632522.787,DIRECT_EXPORT_COMTRADE
2016,380,682,4633172922.754,DIRECT_EXPORT_COMTRADE
2016,380,702,2032951621.731,DIRECT_EXPORT_COMTRADE
2016,380,704,1155081989.734,DIRECT_EXPORT_COMTRADE
2016,380,710,1764089780.537,DIRECT_EXPORT_COMTRADE
2016,380,724,23294604620.828,DIRECT_EXPORT_COMTRADE
2016,380,757,21019072218.335,DIRECT_EXPORT_COMTRADE
2016,380,764,1473790400.833,DIRECT_EXPORT_COMTRADE
2016,380,784,6003330468.354,DIRECT_EXPORT_COMTRADE
2016,380,792,10620981880.738,DIRECT_EXPORT_COMTRADE
2016,380,818,3417105337.714,DIRECT_EXPORT_COMTRADE
2016,380,826,24802558059.982,DIRECT_EXPORT_COMTRADE
2016,380,834,86838481.316,DIRECT_EXPORT_COMTRADE
2016,380,841,46607024610.0,MIRROR_IMPORT_OECD
2016,384,12,90084015.881,DIRECT_EXPORT_COMTRADE
2016,384,24,6077545.983,DIRECT_EXPORT_COMTRADE
2016,384,31,46849.267,DIRECT_EXPORT_COMTRADE
2016,384,32,2377283.786,DIRECT_EXPORT_COMTRADE
2016,384,36,8660508.311,DIRECT_EXPORT_COMTRADE
2016,384,50,66279669.223,DIRECT_EXPORT_COMTRADE
2016,384,58,278919289.0,MIRROR_IMPORT_OECD
2016,384,76,44516977.212,DIRECT_EXPORT_COMTRADE
2016,384,124,237877619.859,DIRECT_EXPORT_COMTRADE
2016,384,144,2583999.635,DIRECT_EXPORT_COMTRADE
2016,384,152,3499257.486,DIRECT_EXPORT_COMTRADE
2016,384,156,71321008.905,DIRECT_EXPORT_COMTRADE
2016,384,170,68176732.81,DIRECT_EXPORT_COMTRADE
2016,384,214,1926219.087,DIRECT_EXPORT_COMTRADE
2016,384,230,361696.0,MIRROR_IMPORT_OECD
2016,384,251,587775425.17,DIRECT_EXPORT_COMTRADE
2016,384,276,548847345.076,DIRECT_EXPORT_COMTRADE
2016,384,288,513806183.362,DIRECT_EXPORT_COMTRADE
2016,384,344,443993.014,DIRECT_EXPORT_COMTRADE
2016,384,356,448529467.0,MIRROR_IMPORT_OECD
2016,384,360,59017836.726,DIRECT_EXPORT_COMTRADE
2016,384,364,989846.864,DIRECT_EXPORT_COMTRADE
2016,384,368,14728.069,DIRECT_EXPORT_COMTRADE
2016,384,376,15517196.286,DIRECT_EXPORT_COMTRADE
2016,384,380,236550452.755,DIRECT_EXPORT_COMTRADE
2016,384,392,2764583.478,DIRECT_EXPORT_COMTRADE
2016,384,404,1812758.837,DIRECT_EXPORT_COMTRADE
2016,384,410,8962525.083,DIRECT_EXPORT_COMTRADE
2016,384,414,24785.7,DIRECT_EXPORT_COMTRADE
2016,384,458,309229913.361,DIRECT_EXPORT_COMTRADE
2016,384,484,87216637.574,DIRECT_EXPORT_COMTRADE
2016,384,496,30289.68,DIRECT_EXPORT_COMTRADE
2016,384,504,23875322.367,DIRECT_EXPORT_COMTRADE
2016,384,512,552118.12,DIRECT_EXPORT_COMTRADE
2016,384,528,1253843039.238,DIRECT_EXPORT_COMTRADE
2016,384,554,21207.106,DIRECT_EXPORT_COMTRADE
2016,384,586,18863508.53,DIRECT_EXPORT_COMTRADE
2016,384,604,1494900.941,DIRECT_EXPORT_COMTRADE
2016,384,608,108485.09,DIRECT_EXPORT_COMTRADE
2016,384,616,85097366.807,DIRECT_EXPORT_COMTRADE
2016,384,634,655292.724,DIRECT_EXPORT_COMTRADE
2016,384,643,2405116.194,DIRECT_EXPORT_COMTRADE
2016,384,682,427251.127,DIRECT_EXPORT_COMTRADE
2016,384,702,16518323.061,DIRECT_EXPORT_COMTRADE
2016,384,704,551012873.287,DIRECT_EXPORT_COMTRADE
2016,384,710,320863023.315,DIRECT_EXPORT_COMTRADE
2016,384,724,374670221.334,DIRECT_EXPORT_COMTRADE
2016,384,757,494955100.552,DIRECT_EXPORT_COMTRADE
2016,384,764,8763944.095,DIRECT_EXPORT_COMTRADE
2016,384,784,17957281.253,DIRECT_EXPORT_COMTRADE
2016,384,792,148207714.26,DIRECT_EXPORT_COMTRADE
2016,384,818,9158608.946,DIRECT_EXPORT_COMTRADE
2016,384,826,319243014.304,DIRECT_EXPORT_COMTRADE
2016,384,834,879264.233,DIRECT_EXPORT_COMTRADE
2016,384,841,1200548239.0,MIRROR_IMPORT_OECD
2016,392,12,221554688.0,DIRECT_EXPORT_COMTRADE
2016,392,24,31506043.0,DIRECT_EXPORT_COMTRADE
2016,392,31,100350626.0,DIRECT_EXPORT_COMTRADE
2016,392,32,631626148.0,DIRECT_EXPORT_COMTRADE
2016,392,36,14104469909.0,DIRECT_EXPORT_COMTRADE
2016,392,50,1582970883.0,DIRECT_EXPORT_COMTRADE
2016,392,58,7023361210.0,MIRROR_IMPORT_OECD
2016,392,76,2791693420.0,DIRECT_EXPORT_COMTRADE
2016,392,124,8162345902.0,DIRECT_EXPORT_COMTRADE
2016,392,144,700235657.0,DIRECT_EXPORT_COMTRADE
2016,392,152,1567389713.0,DIRECT_EXPORT_COMTRADE
2016,392,156,113830233712.0,DIRECT_EXPORT_COMTRADE
2016,392,170,950526981.0,DIRECT_EXPORT_COMTRADE
2016,392,192,44577522.0,DIRECT_EXPORT_COMTRADE
2016,392,214,272551549.0,DIRECT_EXPORT_COMTRADE
2016,392,218,250291840.0,DIRECT_EXPORT_COMTRADE
2016,392,230,696736852.0,MIRROR_IMPORT_OECD
2016,392,251,6239737057.0,DIRECT_EXPORT_COMTRADE
2016,392,276,17652733307.0,DIRECT_EXPORT_COMTRADE
2016,392,288,124760910.0,DIRECT_EXPORT_COMTRADE
2016,392,344,33624337741.0,DIRECT_EXPORT_COMTRADE
2016,392,356,9808530801.0,MIRROR_IMPORT_OECD
2016,392,360,11327517557.0,DIRECT_EXPORT_COMTRADE
2016,392,364,581629334.0,DIRECT_EXPORT_COMTRADE
2016,392,368,345822015.0,DIRECT_EXPORT_COMTRADE
2016,392,376,1972220086.0,DIRECT_EXPORT_COMTRADE
2016,392,380,4708754971.0,DIRECT_EXPORT_COMTRADE
2016,392,384,51011594.0,DIRECT_EXPORT_COMTRADE
2016,392,404,743505368.0,DIRECT_EXPORT_COMTRADE
2016,392,410,46235237668.0,DIRECT_EXPORT_COMTRADE
2016,392,414,1696706819.0,DIRECT_EXPORT_COMTRADE
2016,392,446,301139023.0,DIRECT_EXPORT_COMTRADE
2016,392,458,12139372847.0,DIRECT_EXPORT_COMTRADE
2016,392,484,10663064894.0,DIRECT_EXPORT_COMTRADE
2016,392,496,277604192.0,DIRECT_EXPORT_COMTRADE
2016,392,504,336692753.0,DIRECT_EXPORT_COMTRADE
2016,392,512,2552099473.0,DIRECT_EXPORT_COMTRADE
2016,392,528,11815202410.0,DIRECT_EXPORT_COMTRADE
2016,392,554,2188685326.0,DIRECT_EXPORT_COMTRADE
2016,392,586,1931660841.0,DIRECT_EXPORT_COMTRADE
2016,392,604,715739028.0,DIRECT_EXPORT_COMTRADE
2016,392,608,10345335886.0,DIRECT_EXPORT_COMTRADE
2016,392,616,1694227542.0,DIRECT_EXPORT_COMTRADE
2016,392,634,1539287488.0,DIRECT_EXPORT_COMTRADE
2016,392,643,5100323266.0,DIRECT_EXPORT_COMTRADE
2016,392,682,5030461803.0,DIRECT_EXPORT_COMTRADE
2016,392,702,19841986378.0,DIRECT_EXPORT_COMTRADE
2016,392,704,12990345953.0,DIRECT_EXPORT_COMTRADE
2016,392,710,2230508672.0,DIRECT_EXPORT_COMTRADE
2016,392,724,2858315006.0,DIRECT_EXPORT_COMTRADE
2016,392,757,3127548243.0,DIRECT_EXPORT_COMTRADE
2016,392,764,27398049558.0,DIRECT_EXPORT_COMTRADE
2016,392,784,7996600865.0,DIRECT_EXPORT_COMTRADE
2016,392,792,2861050748.0,DIRECT_EXPORT_COMTRADE
2016,392,818,1143423218.0,DIRECT_EXPORT_COMTRADE
2016,392,826,13659024323.0,DIRECT_EXPORT_COMTRADE
2016,392,834,221086418.0,DIRECT_EXPORT_COMTRADE
2016,392,841,135071040323.00002,MIRROR_IMPORT_OECD
2016,404,12,1208205.35,DIRECT_EXPORT_COMTRADE
2016,404,24,736582.04,DIRECT_EXPORT_COMTRADE
2016,404,31,29199.0,DIRECT_EXPORT_COMTRADE
2016,404,32,12031.67,DIRECT_EXPORT_COMTRADE
2016,404,36,21716364.65,DIRECT_EXPORT_COMTRADE
2016,404,50,1323267.61,DIRECT_EXPORT_COMTRADE
2016,404,58,15918876.0,MIRROR_IMPORT_OECD
2016,404,76,4957506.26,DIRECT_EXPORT_COMTRADE
2016,404,124,56465986.49,DIRECT_EXPORT_COMTRADE
2016,404,144,2062870.9,DIRECT_EXPORT_COMTRADE
2016,404,152,3498289.29,DIRECT_EXPORT_COMTRADE
2016,404,156,99163557.86,DIRECT_EXPORT_COMTRADE
2016,404,170,758008.95,DIRECT_EXPORT_COMTRADE
2016,404,192,254723.17,DIRECT_EXPORT_COMTRADE
2016,404,214,12119.83,DIRECT_EXPORT_COMTRADE
2016,404,218,266043.95,DIRECT_EXPORT_COMTRADE
2016,404,230,35320216.0,MIRROR_IMPORT_OECD
2016,404,251,65708906.98,DIRECT_EXPORT_COMTRADE
2016,404,276,116936590.33,DIRECT_EXPORT_COMTRADE
2016,404,288,5266761.0,DIRECT_EXPORT_COMTRADE
2016,404,344,13518597.24,DIRECT_EXPORT_COMTRADE
2016,404,356,126408917.0,MIRROR_IMPORT_OECD
2016,404,360,9208931.25,DIRECT_EXPORT_COMTRADE
2016,404,364,17319103.66,DIRECT_EXPORT_COMTRADE
2016,404,368,624678.78,DIRECT_EXPORT_COMTRADE
2016,404,376,10488002.06,DIRECT_EXPORT_COMTRADE
2016,404,380,36797040.58,DIRECT_EXPORT_COMTRADE
2016,404,384,1568377.83,DIRECT_EXPORT_COMTRADE
2016,404,392,40126346.99,DIRECT_EXPORT_COMTRADE
2016,404,410,18425247.27,DIRECT_EXPORT_COMTRADE
2016,404,414,9701768.52,DIRECT_EXPORT_COMTRADE
2016,404,458,9570767.6,DIRECT_EXPORT_COMTRADE
2016,404,484,12855578.08,DIRECT_EXPORT_COMTRADE
2016,404,504,4125004.82,DIRECT_EXPORT_COMTRADE
2016,404,512,11455315.86,DIRECT_EXPORT_COMTRADE
2016,404,528,428670508.35,DIRECT_EXPORT_COMTRADE
2016,404,554,2129294.36,DIRECT_EXPORT_COMTRADE
2016,404,586,396755918.27,DIRECT_EXPORT_COMTRADE
2016,404,604,27106.38,DIRECT_EXPORT_COMTRADE
2016,404,608,12477601.23,DIRECT_EXPORT_COMTRADE
2016,404,616,17781616.65,DIRECT_EXPORT_COMTRADE
2016,404,634,12607325.12,DIRECT_EXPORT_COMTRADE
2016,404,643,68949414.15,DIRECT_EXPORT_COMTRADE
2016,404,682,66306201.69,DIRECT_EXPORT_COMTRADE
2016,404,702,3516293.99,DIRECT_EXPORT_COMTRADE
2016,404,704,6292065.74,DIRECT_EXPORT_COMTRADE
2016,404,710,40893830.46,DIRECT_EXPORT_COMTRADE
2016,404,724,22685731.57,DIRECT_EXPORT_COMTRADE
2016,404,757,47749748.83,DIRECT_EXPORT_COMTRADE
2016,404,764,17023219.32,DIRECT_EXPORT_COMTRADE
2016,404,784,305289603.91,DIRECT_EXPORT_COMTRADE
2016,404,792,22257193.54,DIRECT_EXPORT_COMTRADE
2016,404,818,203220901.99,DIRECT_EXPORT_COMTRADE
2016,404,826,370410966.69,DIRECT_EXPORT_COMTRADE
2016,404,834,342963103.22,DIRECT_EXPORT_COMTRADE
2016,404,841,570507408.0,MIRROR_IMPORT_OECD
2016,410,12,1066248951.0,DIRECT_EXPORT_COMTRADE
2016,410,24,552524623.0,DIRECT_EXPORT_COMTRADE
2016,410,31,118289012.0,DIRECT_EXPORT_COMTRADE
2016,410,32,795651280.0,DIRECT_EXPORT_COMTRADE
2016,410,36,7500619024.0,DIRECT_EXPORT_COMTRADE
2016,410,50,1158421309.0,DIRECT_EXPORT_COMTRADE
2016,410,58,1411122190.0,MIRROR_IMPORT_OECD
2016,410,76,4456543019.0,DIRECT_EXPORT_COMTRADE
2016,410,124,4884917212.0,DIRECT_EXPORT_COMTRADE
2016,410,144,275511942.0,DIRECT_EXPORT_COMTRADE
2016,410,152,1611306224.0,DIRECT_EXPORT_COMTRADE
2016,410,156,124432940703.0,DIRECT_EXPORT_COMTRADE
2016,410,170,853196415.0,DIRECT_EXPORT_COMTRADE
2016,410,192,42138841.0,DIRECT_EXPORT_COMTRADE
2016,410,214,308215275.0,DIRECT_EXPORT_COMTRADE
2016,410,218,434241246.0,DIRECT_EXPORT_COMTRADE
2016,410,230,193011178.0,MIRROR_IMPORT_OECD
2016,410,251,2504098127.0,DIRECT_EXPORT_COMTRADE
2016,410,276,6442852659.0,DIRECT_EXPORT_COMTRADE
2016,410,288,215327552.0,DIRECT_EXPORT_COMTRADE
2016,410,344,32778597167.0,DIRECT_EXPORT_COMTRADE
2016,410,356,12214045788.0,MIRROR_IMPORT_OECD
2016,410,360,6608530303.0,DIRECT_EXPORT_COMTRADE
2016,410,364,3716566540.0,DIRECT_EXPORT_COMTRADE
2016,410,368,1439619514.0,DIRECT_EXPORT_COMTRADE
2016,410,376,1271551152.0,DIRECT_EXPORT_COMTRADE
2016,410,380,3163432701.0,DIRECT_EXPORT_COMTRADE
2016,410,384,76686783.0,DIRECT_EXPORT_COMTRADE
2016,410,392,24354463716.0,DIRECT_EXPORT_COMTRADE
2016,410,404,162321838.0,DIRECT_EXPORT_COMTRADE
2016,410,414,1405815989.0,DIRECT_EXPORT_COMTRADE
2016,410,446,38495854.0,DIRECT_EXPORT_COMTRADE
2016,410,458,7533346991.0,DIRECT_EXPORT_COMTRADE
2016,410,484,9720803662.0,DIRECT_EXPORT_COMTRADE
2016,410,496,208709530.0,DIRECT_EXPORT_COMTRADE
2016,410,504,543570941.0,DIRECT_EXPORT_COMTRADE
2016,410,512,615571910.0,DIRECT_EXPORT_COMTRADE
2016,410,528,3820899185.0,DIRECT_EXPORT_COMTRADE
2016,410,554,1305114534.0,DIRECT_EXPORT_COMTRADE
2016,410,586,828672482.0,DIRECT_EXPORT_COMTRADE
2016,410,604,1154988692.0,DIRECT_EXPORT_COMTRADE
2016,410,608,7278419640.0,DIRECT_EXPORT_COMTRADE
2016,410,616,2912118399.0,DIRECT_EXPORT_COMTRADE
2016,410,634,535701937.0,DIRECT_EXPORT_COMTRADE
2016,410,643,4768750644.0,DIRECT_EXPORT_COMTRADE
2016,410,682,5643866680.0,DIRECT_EXPORT_COMTRADE
2016,410,702,12458894152.0,DIRECT_EXPORT_COMTRADE
2016,410,704,32630457303.0,DIRECT_EXPORT_COMTRADE
2016,410,710,950180340.0,DIRECT_EXPORT_COMTRADE
2016,410,724,2328644113.0,DIRECT_EXPORT_COMTRADE
2016,410,757,566546885.0,DIRECT_EXPORT_COMTRADE
2016,410,764,6481530807.0,DIRECT_EXPORT_COMTRADE
2016,410,784,5869962291.0,DIRECT_EXPORT_COMTRADE
2016,410,792,5385010409.0,DIRECT_EXPORT_COMTRADE
2016,410,818,1768981477.0,DIRECT_EXPORT_COMTRADE
2016,410,826,6922424909.0,DIRECT_EXPORT_COMTRADE
2016,410,834,138982649.0,DIRECT_EXPORT_COMTRADE
2016,410,841,71887628102.0,MIRROR_IMPORT_OECD
2016,414,12,10332414.107,DIRECT_EXPORT_COMTRADE
2016,414,24,1317139.439,DIRECT_EXPORT_COMTRADE
2016,414,31,1235241.674,DIRECT_EXPORT_COMTRADE
2016,414,32,87660.648,DIRECT_EXPORT_COMTRADE
2016,414,36,15882459.871,DIRECT_EXPORT_COMTRADE
2016,414,50,6110553.859,DIRECT_EXPORT_COMTRADE
2016,414,58,13994550.0,MIRROR_IMPORT_OECD
2016,414,76,32541218.326,DIRECT_EXPORT_COMTRADE
2016,414,124,3460438.633,DIRECT_EXPORT_COMTRADE
2016,414,144,23953723.516,DIRECT_EXPORT_COMTRADE
2016,414,152,258582.038,DIRECT_EXPORT_COMTRADE
2016,414,156,500738837.664,DIRECT_EXPORT_COMTRADE
2016,414,170,135235.852,DIRECT_EXPORT_COMTRADE
2016,414,192,2376980.421,DIRECT_EXPORT_COMTRADE
2016,414,214,29806.87,DIRECT_EXPORT_COMTRADE
2016,414,218,28946.738,DIRECT_EXPORT_COMTRADE
2016,414,230,905417035.0,MIRROR_IMPORT_OECD
2016,414,251,11715485.946,DIRECT_EXPORT_COMTRADE
2016,414,276,8657201.864,DIRECT_EXPORT_COMTRADE
2016,414,288,2475141.291,DIRECT_EXPORT_COMTRADE
2016,414,344,43959641.266,DIRECT_EXPORT_COMTRADE
2016,414,356,4034768367.0,MIRROR_IMPORT_OECD
2016,414,360,112252975.819,DIRECT_EXPORT_COMTRADE
2016,414,364,102249098.919,DIRECT_EXPORT_COMTRADE
2016,414,368,264585869.868,DIRECT_EXPORT_COMTRADE
2016,414,380,39198514.865,DIRECT_EXPORT_COMTRADE
2016,414,384,1777961.585,DIRECT_EXPORT_COMTRADE
2016,414,392,4734793.14,DIRECT_EXPORT_COMTRADE
2016,414,404,1490995.202,DIRECT_EXPORT_COMTRADE
2016,414,410,19936624.222,DIRECT_EXPORT_COMTRADE
2016,414,458,43556252.757,DIRECT_EXPORT_COMTRADE
2016,414,484,10953.446,DIRECT_EXPORT_COMTRADE
2016,414,496,40717.309,DIRECT_EXPORT_COMTRADE
2016,414,504,9328074.774,DIRECT_EXPORT_COMTRADE
2016,414,512,144882777.78,DIRECT_EXPORT_COMTRADE
2016,414,528,23981505.768,DIRECT_EXPORT_COMTRADE
2016,414,554,83095.333,DIRECT_EXPORT_COMTRADE
2016,414,586,127437448.783,DIRECT_EXPORT_COMTRADE
2016,414,604,53748.303,DIRECT_EXPORT_COMTRADE
2016,414,608,11670226.48,DIRECT_EXPORT_COMTRADE
2016,414,616,1167747.805,DIRECT_EXPORT_COMTRADE
2016,414,634,174263687.178,DIRECT_EXPORT_COMTRADE
2016,414,643,165046364.278,DIRECT_EXPORT_COMTRADE
2016,414,682,699620101.27,DIRECT_EXPORT_COMTRADE
2016,414,702,40802061.602,DIRECT_EXPORT_COMTRADE
2016,414,704,38243027.701,DIRECT_EXPORT_COMTRADE
2016,414,710,26776268.671,DIRECT_EXPORT_COMTRADE
2016,414,724,7100029.456,DIRECT_EXPORT_COMTRADE
2016,414,757,26641032.818,DIRECT_EXPORT_COMTRADE
2016,414,764,39945893.178,DIRECT_EXPORT_COMTRADE
2016,414,784,546924512.864,DIRECT_EXPORT_COMTRADE
2016,414,792,57890277.172,DIRECT_EXPORT_COMTRADE
2016,414,818,62076398.951,DIRECT_EXPORT_COMTRADE
2016,414,826,47811188.375,DIRECT_EXPORT_COMTRADE
2016,414,834,1634435.387,DIRECT_EXPORT_COMTRADE
2016,414,841,3482834767.0,MIRROR_IMPORT_OECD
2016,446,36,186619.0,DIRECT_EXPORT_COMTRADE
2016,446,58,2256681.0,MIRROR_IMPORT_OECD
2016,446,124,13652.0,DIRECT_EXPORT_COMTRADE
2016,446,156,86005166.0,DIRECT_EXPORT_COMTRADE
2016,446,251,256480.0,DIRECT_EXPORT_COMTRADE
2016,446,276,169712.0,DIRECT_EXPORT_COMTRADE
2016,446,344,397326736.0,DIRECT_EXPORT_COMTRADE
2016,446,356,7678743.0,MIRROR_IMPORT_OECD
2016,446,360,152870.0,DIRECT_EXPORT_COMTRADE
2016,446,380,116159.0,DIRECT_EXPORT_COMTRADE
2016,446,392,24350909.0,DIRECT_EXPORT_COMTRADE
2016,446,410,489792.0,DIRECT_EXPORT_COMTRADE
2016,446,458,954938.0,DIRECT_EXPORT_COMTRADE
2016,446,528,72878.0,DIRECT_EXPORT_COMTRADE
2016,446,554,9276.0,DIRECT_EXPORT_COMTRADE
2016,446,608,543621.0,DIRECT_EXPORT_COMTRADE
2016,446,702,1973199.0,DIRECT_EXPORT_COMTRADE
2016,446,704,1234937.0,DIRECT_EXPORT_COMTRADE
2016,446,724,56659.0,DIRECT_EXPORT_COMTRADE
2016,446,757,21628.0,DIRECT_EXPORT_COMTRADE
2016,446,764,308121.0,DIRECT_EXPORT_COMTRADE
2016,446,826,45697.0,DIRECT_EXPORT_COMTRADE
2016,446,841,121638905.0,MIRROR_IMPORT_OECD
2016,458,12,123581354.0,DIRECT_EXPORT_COMTRADE
2016,458,24,149726868.0,DIRECT_EXPORT_COMTRADE
2016,458,31,8358468.0,DIRECT_EXPORT_COMTRADE
2016,458,32,195035213.0,DIRECT_EXPORT_COMTRADE
2016,458,36,6445327279.0,DIRECT_EXPORT_COMTRADE
2016,458,50,1240818291.0,DIRECT_EXPORT_COMTRADE
2016,458,58,744595322.0,MIRROR_IMPORT_OECD
2016,458,76,709846021.0,DIRECT_EXPORT_COMTRADE
2016,458,124,704494446.0,DIRECT_EXPORT_COMTRADE
2016,458,144,582649148.0,DIRECT_EXPORT_COMTRADE
2016,458,152,164103908.0,DIRECT_EXPORT_COMTRADE
2016,458,156,23753270471.0,DIRECT_EXPORT_COMTRADE
2016,458,170,83600978.0,DIRECT_EXPORT_COMTRADE
2016,458,192,17482021.0,DIRECT_EXPORT_COMTRADE
2016,458,214,33328439.0,DIRECT_EXPORT_COMTRADE
2016,458,218,16809798.0,DIRECT_EXPORT_COMTRADE
2016,458,230,293821627.0,MIRROR_IMPORT_OECD
2016,458,251,1415519928.0,DIRECT_EXPORT_COMTRADE
2016,458,276,5373423992.0,DIRECT_EXPORT_COMTRADE
2016,458,288,193789744.0,DIRECT_EXPORT_COMTRADE
2016,458,344,9071549843.0,DIRECT_EXPORT_COMTRADE
2016,458,356,8653350696.0,MIRROR_IMPORT_OECD
2016,458,360,6665869404.0,DIRECT_EXPORT_COMTRADE
2016,458,364,521335061.0,DIRECT_EXPORT_COMTRADE
2016,458,368,115894911.0,DIRECT_EXPORT_COMTRADE
2016,458,380,965006320.0,DIRECT_EXPORT_COMTRADE
2016,458,384,67704383.0,DIRECT_EXPORT_COMTRADE
2016,458,392,15250309112.0,DIRECT_EXPORT_COMTRADE
2016,458,404,172279605.0,DIRECT_EXPORT_COMTRADE
2016,458,410,5491727107.0,DIRECT_EXPORT_COMTRADE
2016,458,414,178245174.0,DIRECT_EXPORT_COMTRADE
2016,458,446,27446010.0,DIRECT_EXPORT_COMTRADE
2016,458,484,1890945765.0,DIRECT_EXPORT_COMTRADE
2016,458,496,15758510.0,DIRECT_EXPORT_COMTRADE
2016,458,504,68953460.0,DIRECT_EXPORT_COMTRADE
2016,458,512,236075902.0,DIRECT_EXPORT_COMTRADE
2016,458,528,5285787732.0,DIRECT_EXPORT_COMTRADE
2016,458,554,731766972.0,DIRECT_EXPORT_COMTRADE
2016,458,586,1170188775.0,DIRECT_EXPORT_COMTRADE
2016,458,604,122405061.0,DIRECT_EXPORT_COMTRADE
2016,458,608,3288388948.0,DIRECT_EXPORT_COMTRADE
2016,458,616,286237388.0,DIRECT_EXPORT_COMTRADE
2016,458,634,150259549.0,DIRECT_EXPORT_COMTRADE
2016,458,643,529935793.0,DIRECT_EXPORT_COMTRADE
2016,458,682,812912537.0,DIRECT_EXPORT_COMTRADE
2016,458,702,27581069045.0,DIRECT_EXPORT_COMTRADE
2016,458,704,5730266198.0,DIRECT_EXPORT_COMTRADE
2016,458,710,695642924.0,DIRECT_EXPORT_COMTRADE
2016,458,724,561828435.0,DIRECT_EXPORT_COMTRADE
2016,458,757,676089331.0,DIRECT_EXPORT_COMTRADE
2016,458,764,10628237217.0,DIRECT_EXPORT_COMTRADE
2016,458,784,3030975704.0,DIRECT_EXPORT_COMTRADE
2016,458,792,1728812780.0,DIRECT_EXPORT_COMTRADE
2016,458,818,500486561.0,DIRECT_EXPORT_COMTRADE
2016,458,826,2106217476.0,DIRECT_EXPORT_COMTRADE
2016,458,834,256363307.0,DIRECT_EXPORT_COMTRADE
2016,458,841,37309226826.0,MIRROR_IMPORT_OECD
2016,484,12,170401243.0,DIRECT_EXPORT_COMTRADE
2016,484,24,50398787.0,DIRECT_EXPORT_COMTRADE
2016,484,31,8926802.0,DIRECT_EXPORT_COMTRADE
2016,484,32,1402110415.0,DIRECT_EXPORT_COMTRADE
2016,484,36,779002627.0,DIRECT_EXPORT_COMTRADE
2016,484,50,3572909.0,DIRECT_EXPORT_COMTRADE
2016,484,58,2403339959.0,MIRROR_IMPORT_OECD
2016,484,76,2991891931.0,DIRECT_EXPORT_COMTRADE
2016,484,124,10393271506.0,DIRECT_EXPORT_COMTRADE
2016,484,144,4398116.0,DIRECT_EXPORT_COMTRADE
2016,484,152,1740887125.0,DIRECT_EXPORT_COMTRADE
2016,484,156,5397418883.0,DIRECT_EXPORT_COMTRADE
2016,484,170,3064201080.0,DIRECT_EXPORT_COMTRADE
2016,484,192,323295674.0,DIRECT_EXPORT_COMTRADE
2016,484,214,907293825.0,DIRECT_EXPORT_COMTRADE
2016,484,218,449799887.0,DIRECT_EXPORT_COMTRADE
2016,484,230,5885676.0,MIRROR_IMPORT_OECD
2016,484,251,1900872270.0,DIRECT_EXPORT_COMTRADE
2016,484,276,4116181488.0,DIRECT_EXPORT_COMTRADE
2016,484,288,10844798.0,DIRECT_EXPORT_COMTRADE
2016,484,344,586222780.0,DIRECT_EXPORT_COMTRADE
2016,484,356,2442138336.0,MIRROR_IMPORT_OECD
2016,484,360,61428415.0,DIRECT_EXPORT_COMTRADE
2016,484,364,16110.0,DIRECT_EXPORT_COMTRADE
2016,484,368,17569619.0,DIRECT_EXPORT_COMTRADE
2016,484,376,195771085.0,DIRECT_EXPORT_COMTRADE
2016,484,380,1200525437.0,DIRECT_EXPORT_COMTRADE
2016,484,384,1104795.0,DIRECT_EXPORT_COMTRADE
2016,484,392,3768279804.0,DIRECT_EXPORT_COMTRADE
2016,484,404,2183276.0,DIRECT_EXPORT_COMTRADE
2016,484,410,2504543728.0,DIRECT_EXPORT_COMTRADE
2016,484,414,99472770.0,DIRECT_EXPORT_COMTRADE
2016,484,446,100630.0,DIRECT_EXPORT_COMTRADE
2016,484,458,444649251.0,DIRECT_EXPORT_COMTRADE
2016,484,504,9363355.0,DIRECT_EXPORT_COMTRADE
2016,484,512,14086385.0,DIRECT_EXPORT_COMTRADE
2016,484,528,1568410515.0,DIRECT_EXPORT_COMTRADE
2016,484,554,84008537.0,DIRECT_EXPORT_COMTRADE
2016,484,586,20803752.0,DIRECT_EXPORT_COMTRADE
2016,484,604,1388005185.0,DIRECT_EXPORT_COMTRADE
2016,484,608,62015452.0,DIRECT_EXPORT_COMTRADE
2016,484,616,239178057.0,DIRECT_EXPORT_COMTRADE
2016,484,634,13595192.0,DIRECT_EXPORT_COMTRADE
2016,484,643,170927256.0,DIRECT_EXPORT_COMTRADE
2016,484,682,125716917.0,DIRECT_EXPORT_COMTRADE
2016,484,702,822375318.0,DIRECT_EXPORT_COMTRADE
2016,484,704,218447121.0,DIRECT_EXPORT_COMTRADE
2016,484,710,333450422.0,DIRECT_EXPORT_COMTRADE
2016,484,724,3265238350.0,DIRECT_EXPORT_COMTRADE
2016,484,757,883610384.0,DIRECT_EXPORT_COMTRADE
2016,484,764,491830982.0,DIRECT_EXPORT_COMTRADE
2016,484,784,282698330.0,DIRECT_EXPORT_COMTRADE
2016,484,792,233571449.0,DIRECT_EXPORT_COMTRADE
2016,484,818,58995125.0,DIRECT_EXPORT_COMTRADE
2016,484,826,3231326498.0,DIRECT_EXPORT_COMTRADE
2016,484,834,2933231.0,DIRECT_EXPORT_COMTRADE
2016,484,841,296199943735.0,MIRROR_IMPORT_OECD
2016,496,24,280090.0,DIRECT_EXPORT_COMTRADE
2016,496,31,1000.0,DIRECT_EXPORT_COMTRADE
2016,496,36,1244881.0,DIRECT_EXPORT_COMTRADE
2016,496,58,281867.0,MIRROR_IMPORT_OECD
2016,496,124,3718858.0,DIRECT_EXPORT_COMTRADE
2016,496,144,200.0,DIRECT_EXPORT_COMTRADE
2016,496,156,3883128125.0,DIRECT_EXPORT_COMTRADE
2016,496,170,22111.0,DIRECT_EXPORT_COMTRADE
2016,496,230,42153.0,MIRROR_IMPORT_OECD
2016,496,251,6939910.0,DIRECT_EXPORT_COMTRADE
2016,496,276,43386472.0,DIRECT_EXPORT_COMTRADE
2016,496,344,10482769.0,DIRECT_EXPORT_COMTRADE
2016,496,356,2353192.0,MIRROR_IMPORT_OECD
2016,496,360,3847716.0,DIRECT_EXPORT_COMTRADE
2016,496,364,55400.0,DIRECT_EXPORT_COMTRADE
2016,496,376,1323.0,DIRECT_EXPORT_COMTRADE
2016,496,380,33579288.0,DIRECT_EXPORT_COMTRADE
2016,496,392,14031747.0,DIRECT_EXPORT_COMTRADE
2016,496,404,604299.0,DIRECT_EXPORT_COMTRADE
2016,496,410,8470417.0,DIRECT_EXPORT_COMTRADE
2016,496,414,138129.0,DIRECT_EXPORT_COMTRADE
2016,496,458,2027519.0,DIRECT_EXPORT_COMTRADE
2016,496,484,37960.0,DIRECT_EXPORT_COMTRADE
2016,496,528,1777549.0,DIRECT_EXPORT_COMTRADE
2016,496,554,19059.0,DIRECT_EXPORT_COMTRADE
2016,496,586,92000.0,DIRECT_EXPORT_COMTRADE
2016,496,604,14500.0,DIRECT_EXPORT_COMTRADE
2016,496,608,238005.0,DIRECT_EXPORT_COMTRADE
2016,496,616,299608.0,DIRECT_EXPORT_COMTRADE
2016,496,634,266193.0,DIRECT_EXPORT_COMTRADE
2016,496,643,55769058.0,DIRECT_EXPORT_COMTRADE
2016,496,682,3994559.0,DIRECT_EXPORT_COMTRADE
2016,496,702,16913245.0,DIRECT_EXPORT_COMTRADE
2016,496,704,2856703.0,DIRECT_EXPORT_COMTRADE
2016,496,710,62747.0,DIRECT_EXPORT_COMTRADE
2016,496,724,334026.0,DIRECT_EXPORT_COMTRADE
2016,496,757,1013835.0,DIRECT_EXPORT_COMTRADE
2016,496,764,2785717.0,DIRECT_EXPORT_COMTRADE
2016,496,784,3164735.0,DIRECT_EXPORT_COMTRADE
2016,496,792,1758656.0,DIRECT_EXPORT_COMTRADE
2016,496,818,457.0,DIRECT_EXPORT_COMTRADE
2016,496,826,786875707.0,DIRECT_EXPORT_COMTRADE
2016,496,841,11523959.0,MIRROR_IMPORT_OECD
2016,504,12,235994716.0,DIRECT_EXPORT_COMTRADE
2016,504,24,18713086.0,DIRECT_EXPORT_COMTRADE
2016,504,31,47480.0,DIRECT_EXPORT_COMTRADE
2016,504,32,113087650.0,DIRECT_EXPORT_COMTRADE
2016,504,36,78394520.0,DIRECT_EXPORT_COMTRADE
2016,504,50,134381370.0,DIRECT_EXPORT_COMTRADE
2016,504,58,234586654.0,MIRROR_IMPORT_OECD
2016,504,76,590197568.0,DIRECT_EXPORT_COMTRADE
2016,504,124,166985382.0,DIRECT_EXPORT_COMTRADE
2016,504,144,251534.0,DIRECT_EXPORT_COMTRADE
2016,504,152,13474906.0,DIRECT_EXPORT_COMTRADE
2016,504,156,228397457.0,DIRECT_EXPORT_COMTRADE
2016,504,170,10989703.0,DIRECT_EXPORT_COMTRADE
2016,504,192,848524.0,DIRECT_EXPORT_COMTRADE
2016,504,214,615643.0,DIRECT_EXPORT_COMTRADE
2016,504,218,57214.0,DIRECT_EXPORT_COMTRADE
2016,504,230,200077773.0,MIRROR_IMPORT_OECD
2016,504,251,4827951401.0,DIRECT_EXPORT_COMTRADE
2016,504,276,629382613.0,DIRECT_EXPORT_COMTRADE
2016,504,288,87944142.0,DIRECT_EXPORT_COMTRADE
2016,504,344,8333136.0,DIRECT_EXPORT_COMTRADE
2016,504,356,840281104.0,MIRROR_IMPORT_OECD
2016,504,360,24992188.0,DIRECT_EXPORT_COMTRADE
2016,504,364,1250488.0,DIRECT_EXPORT_COMTRADE
2016,504,368,16328997.0,DIRECT_EXPORT_COMTRADE
2016,504,380,1062472957.0,DIRECT_EXPORT_COMTRADE
2016,504,384,147588499.0,DIRECT_EXPORT_COMTRADE
2016,504,392,188886452.0,DIRECT_EXPORT_COMTRADE
2016,504,404,35032170.0,DIRECT_EXPORT_COMTRADE
2016,504,410,85984326.0,DIRECT_EXPORT_COMTRADE
2016,504,414,6695154.0,DIRECT_EXPORT_COMTRADE
2016,504,446,12335.0,DIRECT_EXPORT_COMTRADE
2016,504,458,9939255.0,DIRECT_EXPORT_COMTRADE
2016,504,484,60360667.0,DIRECT_EXPORT_COMTRADE
2016,504,496,44924.0,DIRECT_EXPORT_COMTRADE
2016,504,512,7976522.0,DIRECT_EXPORT_COMTRADE
2016,504,528,502832081.0,DIRECT_EXPORT_COMTRADE
2016,504,554,51610908.0,DIRECT_EXPORT_COMTRADE
2016,504,586,230849664.0,DIRECT_EXPORT_COMTRADE
2016,504,604,41932797.0,DIRECT_EXPORT_COMTRADE
2016,504,608,7457340.0,DIRECT_EXPORT_COMTRADE
2016,504,616,194973598.0,DIRECT_EXPORT_COMTRADE
2016,504,634,11223731.0,DIRECT_EXPORT_COMTRADE
2016,504,643,185155991.0,DIRECT_EXPORT_COMTRADE
2016,504,682,90218600.0,DIRECT_EXPORT_COMTRADE
2016,504,702,248419157.0,DIRECT_EXPORT_COMTRADE
2016,504,704,9825147.0,DIRECT_EXPORT_COMTRADE
2016,504,710,66772571.0,DIRECT_EXPORT_COMTRADE
2016,504,724,5336411067.0,DIRECT_EXPORT_COMTRADE
2016,504,757,139372927.0,DIRECT_EXPORT_COMTRADE
2016,504,764,16601725.0,DIRECT_EXPORT_COMTRADE
2016,504,784,97610781.0,DIRECT_EXPORT_COMTRADE
2016,504,792,758201661.0,DIRECT_EXPORT_COMTRADE
2016,504,818,274132849.0,DIRECT_EXPORT_COMTRADE
2016,504,826,669922107.0,DIRECT_EXPORT_COMTRADE
2016,504,834,10075871.0,DIRECT_EXPORT_COMTRADE
2016,504,841,1059611246.0,MIRROR_IMPORT_OECD
2016,512,12,12674030.069,DIRECT_EXPORT_COMTRADE
2016,512,24,5052891.613,DIRECT_EXPORT_COMTRADE
2016,512,31,78145.637,DIRECT_EXPORT_COMTRADE
2016,512,32,208490215.306,DIRECT_EXPORT_COMTRADE
2016,512,36,27309573.615,DIRECT_EXPORT_COMTRADE
2016,512,50,49562479.284,DIRECT_EXPORT_COMTRADE
2016,512,58,3110700.0,MIRROR_IMPORT_OECD
2016,512,76,57731433.036,DIRECT_EXPORT_COMTRADE
2016,512,124,8338040.862,DIRECT_EXPORT_COMTRADE
2016,512,144,55150379.952,DIRECT_EXPORT_COMTRADE
2016,512,152,10503078.379,DIRECT_EXPORT_COMTRADE
2016,512,156,633217277.211,DIRECT_EXPORT_COMTRADE
2016,512,170,287045.488,DIRECT_EXPORT_COMTRADE
2016,512,192,10106.631,DIRECT_EXPORT_COMTRADE
2016,512,214,1115646.193,DIRECT_EXPORT_COMTRADE
2016,512,218,241295.167,DIRECT_EXPORT_COMTRADE
2016,512,230,14212693.0,MIRROR_IMPORT_OECD
2016,512,251,4551156.938,DIRECT_EXPORT_COMTRADE
2016,512,276,14368555.274,DIRECT_EXPORT_COMTRADE
2016,512,288,928353.623,DIRECT_EXPORT_COMTRADE
2016,512,344,52167995.305,DIRECT_EXPORT_COMTRADE
2016,512,356,1300262866.0,MIRROR_IMPORT_OECD
2016,512,360,39016136.931,DIRECT_EXPORT_COMTRADE
2016,512,364,348073542.145,DIRECT_EXPORT_COMTRADE
2016,512,368,2091130628.443,DIRECT_EXPORT_COMTRADE
2016,512,380,52932739.059,DIRECT_EXPORT_COMTRADE
2016,512,384,681094.867,DIRECT_EXPORT_COMTRADE
2016,512,392,34797682.174,DIRECT_EXPORT_COMTRADE
2016,512,404,267023923.952,DIRECT_EXPORT_COMTRADE
2016,512,410,404540621.589,DIRECT_EXPORT_COMTRADE
2016,512,414,213497075.714,DIRECT_EXPORT_COMTRADE
2016,512,458,127194006.758,DIRECT_EXPORT_COMTRADE
2016,512,484,3306967.193,DIRECT_EXPORT_COMTRADE
2016,512,504,20150026.795,DIRECT_EXPORT_COMTRADE
2016,512,528,314777846.833,DIRECT_EXPORT_COMTRADE
2016,512,554,2874805.983,DIRECT_EXPORT_COMTRADE
2016,512,586,1230066989.424,DIRECT_EXPORT_COMTRADE
2016,512,604,1848704.645,DIRECT_EXPORT_COMTRADE
2016,512,608,11859660.831,DIRECT_EXPORT_COMTRADE
2016,512,616,2458413.303,DIRECT_EXPORT_COMTRADE
2016,512,634,224981914.732,DIRECT_EXPORT_COMTRADE
2016,512,643,1757045.356,DIRECT_EXPORT_COMTRADE
2016,512,682,818043952.384,DIRECT_EXPORT_COMTRADE
2016,512,702,122641372.577,DIRECT_EXPORT_COMTRADE
2016,512,704,117625321.013,DIRECT_EXPORT_COMTRADE
2016,512,710,812463094.629,DIRECT_EXPORT_COMTRADE
2016,512,724,13867273.134,DIRECT_EXPORT_COMTRADE
2016,512,757,143674.89,DIRECT_EXPORT_COMTRADE
2016,512,764,32479864.437,DIRECT_EXPORT_COMTRADE
2016,512,784,2102307085.175,DIRECT_EXPORT_COMTRADE
2016,512,792,37245965.438,DIRECT_EXPORT_COMTRADE
2016,512,818,52658174.715,DIRECT_EXPORT_COMTRADE
2016,512,834,149329531.424,DIRECT_EXPORT_COMTRADE
2016,512,841,1193351422.0,MIRROR_IMPORT_OECD
2016,528,12,934030780.391,DIRECT_EXPORT_COMTRADE
2016,528,24,176803963.141,DIRECT_EXPORT_COMTRADE
2016,528,31,128587355.356,DIRECT_EXPORT_COMTRADE
2016,528,32,789105191.442,DIRECT_EXPORT_COMTRADE
2016,528,36,2581093034.14,DIRECT_EXPORT_COMTRADE
2016,528,50,216106345.543,DIRECT_EXPORT_COMTRADE
2016,528,58,54818258060.0,MIRROR_IMPORT_OECD
2016,528,76,3633165842.296,DIRECT_EXPORT_COMTRADE
2016,528,124,3404320402.931,DIRECT_EXPORT_COMTRADE
2016,528,144,122490270.913,DIRECT_EXPORT_COMTRADE
2016,528,152,649012155.288,DIRECT_EXPORT_COMTRADE
2016,528,156,10697553312.572,DIRECT_EXPORT_COMTRADE
2016,528,170,453103404.323,DIRECT_EXPORT_COMTRADE
2016,528,192,173682901.505,DIRECT_EXPORT_COMTRADE
2016,528,214,148727690.603,DIRECT_EXPORT_COMTRADE
2016,528,218,314062879.23,DIRECT_EXPORT_COMTRADE
2016,528,230,188362473.0,MIRROR_IMPORT_OECD
2016,528,251,37957165245.493,DIRECT_EXPORT_COMTRADE
2016,528,276,107318598650.316,DIRECT_EXPORT_COMTRADE
2016,528,288,486915805.837,DIRECT_EXPORT_COMTRADE
2016,528,344,2331624554.143,DIRECT_EXPORT_COMTRADE
2016,528,356,1781383543.0,MIRROR_IMPORT_OECD
2016,528,360,1045169865.167,DIRECT_EXPORT_COMTRADE
2016,528,364,781235573.292,DIRECT_EXPORT_COMTRADE
2016,528,368,382210647.937,DIRECT_EXPORT_COMTRADE
2016,528,376,2169237857.118,DIRECT_EXPORT_COMTRADE
2016,528,380,19486358383.818,DIRECT_EXPORT_COMTRADE
2016,528,384,179738929.187,DIRECT_EXPORT_COMTRADE
2016,528,392,3679152298.589,DIRECT_EXPORT_COMTRADE
2016,528,404,270497493.069,DIRECT_EXPORT_COMTRADE
2016,528,410,4003846049.271,DIRECT_EXPORT_COMTRADE
2016,528,414,579161830.233,DIRECT_EXPORT_COMTRADE
2016,528,446,22247646.104,DIRECT_EXPORT_COMTRADE
2016,528,458,1290306807.644,DIRECT_EXPORT_COMTRADE
2016,528,484,2111233195.806,DIRECT_EXPORT_COMTRADE
2016,528,496,17583217.51,DIRECT_EXPORT_COMTRADE
2016,528,504,1127600641.118,DIRECT_EXPORT_COMTRADE
2016,528,512,360802064.196,DIRECT_EXPORT_COMTRADE
2016,528,554,457991425.504,DIRECT_EXPORT_COMTRADE
2016,528,586,587356961.075,DIRECT_EXPORT_COMTRADE
2016,528,604,321250341.203,DIRECT_EXPORT_COMTRADE
2016,528,608,539308145.63,DIRECT_EXPORT_COMTRADE
2016,528,616,11446634477.271,DIRECT_EXPORT_COMTRADE
2016,528,634,431306410.237,DIRECT_EXPORT_COMTRADE
2016,528,643,4766090931.937,DIRECT_EXPORT_COMTRADE
2016,528,682,2362201070.046,DIRECT_EXPORT_COMTRADE
2016,528,702,5362058333.762,DIRECT_EXPORT_COMTRADE
2016,528,704,908218247.016,DIRECT_EXPORT_COMTRADE
2016,528,710,2072726701.733,DIRECT_EXPORT_COMTRADE
2016,528,724,13943900734.786,DIRECT_EXPORT_COMTRADE
2016,528,757,6234346587.347,DIRECT_EXPORT_COMTRADE
2016,528,764,1196675043.722,DIRECT_EXPORT_COMTRADE
2016,528,784,3142269061.62,DIRECT_EXPORT_COMTRADE
2016,528,792,5650619295.06,DIRECT_EXPORT_COMTRADE
2016,528,818,1459693238.294,DIRECT_EXPORT_COMTRADE
2016,528,826,42895466256.818,DIRECT_EXPORT_COMTRADE
2016,528,834,118902484.113,DIRECT_EXPORT_COMTRADE
2016,528,841,16676762852.0,MIRROR_IMPORT_OECD
2016,554,12,484205391.554,DIRECT_EXPORT_COMTRADE
2016,554,24,7926022.167,DIRECT_EXPORT_COMTRADE
2016,554,31,36472583.895,DIRECT_EXPORT_COMTRADE
2016,554,32,16173084.949,DIRECT_EXPORT_COMTRADE
2016,554,36,5757640557.309,DIRECT_EXPORT_COMTRADE
2016,554,50,151772283.81,DIRECT_EXPORT_COMTRADE
2016,554,58,295293659.0,MIRROR_IMPORT_OECD
2016,554,76,54096901.411,DIRECT_EXPORT_COMTRADE
2016,554,124,415269874.274,DIRECT_EXPORT_COMTRADE
2016,554,144,169377948.756,DIRECT_EXPORT_COMTRADE
2016,554,152,89340744.74,DIRECT_EXPORT_COMTRADE
2016,554,156,6563399643.371,DIRECT_EXPORT_COMTRADE
2016,554,170,8641584.294,DIRECT_EXPORT_COMTRADE
2016,554,192,26536328.933,DIRECT_EXPORT_COMTRADE
2016,554,214,10999450.056,DIRECT_EXPORT_COMTRADE
2016,554,218,6005841.515,DIRECT_EXPORT_COMTRADE
2016,554,230,6271463.0,MIRROR_IMPORT_OECD
2016,554,251,258849821.654,DIRECT_EXPORT_COMTRADE
2016,554,276,471541121.174,DIRECT_EXPORT_COMTRADE
2016,554,288,22510821.128,DIRECT_EXPORT_COMTRADE
2016,554,344,553387988.408,DIRECT_EXPORT_COMTRADE
2016,554,356,508743960.0,MIRROR_IMPORT_OECD
2016,554,360,604245671.514,DIRECT_EXPORT_COMTRADE
2016,554,364,105188672.356,DIRECT_EXPORT_COMTRADE
2016,554,368,3879204.297,DIRECT_EXPORT_COMTRADE
2016,554,376,14741536.218,DIRECT_EXPORT_COMTRADE
2016,554,380,261849706.02,DIRECT_EXPORT_COMTRADE
2016,554,384,13826860.951,DIRECT_EXPORT_COMTRADE
2016,554,392,2070151658.548,DIRECT_EXPORT_COMTRADE
2016,554,404,5626904.519,DIRECT_EXPORT_COMTRADE
2016,554,410,1039215729.765,DIRECT_EXPORT_COMTRADE
2016,554,414,46150364.549,DIRECT_EXPORT_COMTRADE
2016,554,446,5708167.932,DIRECT_EXPORT_COMTRADE
2016,554,458,554335751.894,DIRECT_EXPORT_COMTRADE
2016,554,484,325015271.209,DIRECT_EXPORT_COMTRADE
2016,554,496,7346887.183,DIRECT_EXPORT_COMTRADE
2016,554,504,49725796.036,DIRECT_EXPORT_COMTRADE
2016,554,512,60347473.272,DIRECT_EXPORT_COMTRADE
2016,554,528,562431533.67,DIRECT_EXPORT_COMTRADE
2016,554,586,59238103.587,DIRECT_EXPORT_COMTRADE
2016,554,604,49979395.833,DIRECT_EXPORT_COMTRADE
2016,554,608,440892657.323,DIRECT_EXPORT_COMTRADE
2016,554,616,44469506.007,DIRECT_EXPORT_COMTRADE
2016,554,634,20480218.376,DIRECT_EXPORT_COMTRADE
2016,554,643,153403052.147,DIRECT_EXPORT_COMTRADE
2016,554,682,356195456.818,DIRECT_EXPORT_COMTRADE
2016,554,702,783158539.844,DIRECT_EXPORT_COMTRADE
2016,554,704,358814763.346,DIRECT_EXPORT_COMTRADE
2016,554,710,125052910.574,DIRECT_EXPORT_COMTRADE
2016,554,724,188279013.633,DIRECT_EXPORT_COMTRADE
2016,554,757,59881389.354,DIRECT_EXPORT_COMTRADE
2016,554,764,574308836.085,DIRECT_EXPORT_COMTRADE
2016,554,784,432361371.267,DIRECT_EXPORT_COMTRADE
2016,554,792,70875360.196,DIRECT_EXPORT_COMTRADE
2016,554,818,296462973.493,DIRECT_EXPORT_COMTRADE
2016,554,826,1017896184.711,DIRECT_EXPORT_COMTRADE
2016,554,834,3492226.62,DIRECT_EXPORT_COMTRADE
2016,554,841,4215797241.000001,MIRROR_IMPORT_OECD
2016,586,12,21475570.0,DIRECT_EXPORT_COMTRADE
2016,586,24,17136272.0,DIRECT_EXPORT_COMTRADE
2016,586,31,61268381.0,DIRECT_EXPORT_COMTRADE
2016,586,32,48250823.0,DIRECT_EXPORT_COMTRADE
2016,586,36,247464259.0,DIRECT_EXPORT_COMTRADE
2016,586,50,656160300.0,DIRECT_EXPORT_COMTRADE
2016,586,58,188405042.0,MIRROR_IMPORT_OECD
2016,586,76,35934636.0,DIRECT_EXPORT_COMTRADE
2016,586,124,220070663.0,DIRECT_EXPORT_COMTRADE
2016,586,144,237182563.0,DIRECT_EXPORT_COMTRADE
2016,586,152,69194166.0,DIRECT_EXPORT_COMTRADE
2016,586,156,1590858058.0,DIRECT_EXPORT_COMTRADE
2016,586,170,36803861.0,DIRECT_EXPORT_COMTRADE
2016,586,192,2667887.0,DIRECT_EXPORT_COMTRADE
2016,586,214,12174037.0,DIRECT_EXPORT_COMTRADE
2016,586,218,6931546.0,DIRECT_EXPORT_COMTRADE
2016,586,230,36967951.0,MIRROR_IMPORT_OECD
2016,586,251,372957514.0,DIRECT_EXPORT_COMTRADE
2016,586,276,1186247112.0,DIRECT_EXPORT_COMTRADE
2016,586,288,12946032.0,DIRECT_EXPORT_COMTRADE
2016,586,344,149566169.0,DIRECT_EXPORT_COMTRADE
2016,586,356,461079164.0,MIRROR_IMPORT_OECD
2016,586,360,127688675.0,DIRECT_EXPORT_COMTRADE
2016,586,364,35561941.0,DIRECT_EXPORT_COMTRADE
2016,586,368,18590199.0,DIRECT_EXPORT_COMTRADE
2016,586,380,667285240.0,DIRECT_EXPORT_COMTRADE
2016,586,384,53441118.0,DIRECT_EXPORT_COMTRADE
2016,586,392,171224781.0,DIRECT_EXPORT_COMTRADE
2016,586,404,266202540.0,DIRECT_EXPORT_COMTRADE
2016,586,410,249694225.0,DIRECT_EXPORT_COMTRADE
2016,586,414,99016831.0,DIRECT_EXPORT_COMTRADE
2016,586,446,151271.0,DIRECT_EXPORT_COMTRADE
2016,586,458,151745764.0,DIRECT_EXPORT_COMTRADE
2016,586,484,101179462.0,DIRECT_EXPORT_COMTRADE
2016,586,496,256939.0,DIRECT_EXPORT_COMTRADE
2016,586,504,17494456.0,DIRECT_EXPORT_COMTRADE
2016,586,512,100226979.0,DIRECT_EXPORT_COMTRADE
2016,586,528,650798124.0,DIRECT_EXPORT_COMTRADE
2016,586,554,38939066.0,DIRECT_EXPORT_COMTRADE
2016,586,604,26096990.0,DIRECT_EXPORT_COMTRADE
2016,586,608,76262774.0,DIRECT_EXPORT_COMTRADE
2016,586,616,174464021.0,DIRECT_EXPORT_COMTRADE
2016,586,634,61693687.0,DIRECT_EXPORT_COMTRADE
2016,586,643,144774176.0,DIRECT_EXPORT_COMTRADE
2016,586,682,380435146.0,DIRECT_EXPORT_COMTRADE
2016,586,702,67177855.0,DIRECT_EXPORT_COMTRADE
2016,586,704,244013795.0,DIRECT_EXPORT_COMTRADE
2016,586,710,163383856.0,DIRECT_EXPORT_COMTRADE
2016,586,724,837343356.0,DIRECT_EXPORT_COMTRADE
2016,586,757,20557333.0,DIRECT_EXPORT_COMTRADE
2016,586,764,110168390.0,DIRECT_EXPORT_COMTRADE
2016,586,784,784747188.0,DIRECT_EXPORT_COMTRADE
2016,586,792,236873374.0,DIRECT_EXPORT_COMTRADE
2016,586,818,103526138.0,DIRECT_EXPORT_COMTRADE
2016,586,826,1557630409.0,DIRECT_EXPORT_COMTRADE
2016,586,834,113645117.0,DIRECT_EXPORT_COMTRADE
2016,586,841,3617846998.0,MIRROR_IMPORT_OECD
2016,604,12,1036582.4,DIRECT_EXPORT_COMTRADE
2016,604,24,674239.52,DIRECT_EXPORT_COMTRADE
2016,604,32,128351808.69,DIRECT_EXPORT_COMTRADE
2016,604,36,259613359.44,DIRECT_EXPORT_COMTRADE
2016,604,50,3881033.2,DIRECT_EXPORT_COMTRADE
2016,604,58,238380196.0,MIRROR_IMPORT_OECD
2016,604,76,1204534684.64,DIRECT_EXPORT_COMTRADE
2016,604,124,1685251460.29,DIRECT_EXPORT_COMTRADE
2016,604,144,459156.66,DIRECT_EXPORT_COMTRADE
2016,604,152,1011872284.05,DIRECT_EXPORT_COMTRADE
2016,604,156,8492299517.58,DIRECT_EXPORT_COMTRADE
2016,604,170,712126911.33,DIRECT_EXPORT_COMTRADE
2016,604,192,10617195.68,DIRECT_EXPORT_COMTRADE
2016,604,214,83879779.43,DIRECT_EXPORT_COMTRADE
2016,604,218,652619604.95,DIRECT_EXPORT_COMTRADE
2016,604,230,6208003.0,MIRROR_IMPORT_OECD
2016,604,251,249800207.66,DIRECT_EXPORT_COMTRADE
2016,604,276,890316152.03,DIRECT_EXPORT_COMTRADE
2016,604,288,5909250.21,DIRECT_EXPORT_COMTRADE
2016,604,344,128674298.49,DIRECT_EXPORT_COMTRADE
2016,604,356,989574824.0,MIRROR_IMPORT_OECD
2016,604,360,41744835.7,DIRECT_EXPORT_COMTRADE
2016,604,364,1817464.99,DIRECT_EXPORT_COMTRADE
2016,604,368,6204.47,DIRECT_EXPORT_COMTRADE
2016,604,376,7787270.31,DIRECT_EXPORT_COMTRADE
2016,604,380,466270910.64,DIRECT_EXPORT_COMTRADE
2016,604,384,237356.72,DIRECT_EXPORT_COMTRADE
2016,604,392,1264692033.66,DIRECT_EXPORT_COMTRADE
2016,604,404,106742.0,DIRECT_EXPORT_COMTRADE
2016,604,410,1394414837.23,DIRECT_EXPORT_COMTRADE
2016,604,414,1688044.81,DIRECT_EXPORT_COMTRADE
2016,604,446,14893.75,DIRECT_EXPORT_COMTRADE
2016,604,458,110601380.99,DIRECT_EXPORT_COMTRADE
2016,604,484,465820494.84,DIRECT_EXPORT_COMTRADE
2016,604,504,3488823.77,DIRECT_EXPORT_COMTRADE
2016,604,512,12528470.52,DIRECT_EXPORT_COMTRADE
2016,604,528,998820425.2,DIRECT_EXPORT_COMTRADE
2016,604,554,24356398.05,DIRECT_EXPORT_COMTRADE
2016,604,586,2443233.59,DIRECT_EXPORT_COMTRADE
2016,604,608,160122695.36,DIRECT_EXPORT_COMTRADE
2016,604,616,12327383.67,DIRECT_EXPORT_COMTRADE
2016,604,634,393607.55,DIRECT_EXPORT_COMTRADE
2016,604,643,90661675.18,DIRECT_EXPORT_COMTRADE
2016,604,682,7317660.22,DIRECT_EXPORT_COMTRADE
2016,604,702,39059660.32,DIRECT_EXPORT_COMTRADE
2016,604,704,93170431.93,DIRECT_EXPORT_COMTRADE
2016,604,710,106625994.91,DIRECT_EXPORT_COMTRADE
2016,604,724,1221094236.64,DIRECT_EXPORT_COMTRADE
2016,604,757,2571284975.76,DIRECT_EXPORT_COMTRADE
2016,604,764,63000723.26,DIRECT_EXPORT_COMTRADE
2016,604,784,430618366.73,DIRECT_EXPORT_COMTRADE
2016,604,792,33757812.98,DIRECT_EXPORT_COMTRADE
2016,604,818,8079651.42,DIRECT_EXPORT_COMTRADE
2016,604,826,670870067.12,DIRECT_EXPORT_COMTRADE
2016,604,834,214579.0,DIRECT_EXPORT_COMTRADE
2016,604,841,6551437683.0,MIRROR_IMPORT_OECD
2016,608,12,2432460.0,DIRECT_EXPORT_COMTRADE
2016,608,24,361640.0,DIRECT_EXPORT_COMTRADE
2016,608,31,81527.0,DIRECT_EXPORT_COMTRADE
2016,608,32,75960913.0,DIRECT_EXPORT_COMTRADE
2016,608,36,486051410.0,DIRECT_EXPORT_COMTRADE
2016,608,50,15346807.0,DIRECT_EXPORT_COMTRADE
2016,608,58,213387215.0,MIRROR_IMPORT_OECD
2016,608,76,88534551.0,DIRECT_EXPORT_COMTRADE
2016,608,124,523916320.0,DIRECT_EXPORT_COMTRADE
2016,608,144,32534952.0,DIRECT_EXPORT_COMTRADE
2016,608,152,36474140.0,DIRECT_EXPORT_COMTRADE
2016,608,156,6192432904.0,DIRECT_EXPORT_COMTRADE
2016,608,170,10480837.0,DIRECT_EXPORT_COMTRADE
2016,608,192,2927277.0,DIRECT_EXPORT_COMTRADE
2016,608,214,7298387.0,DIRECT_EXPORT_COMTRADE
2016,608,218,2873801.0,DIRECT_EXPORT_COMTRADE
2016,608,230,12338678.0,MIRROR_IMPORT_OECD
2016,608,251,726782606.0,DIRECT_EXPORT_COMTRADE
2016,608,276,2293130298.0,DIRECT_EXPORT_COMTRADE
2016,608,288,4476860.0,DIRECT_EXPORT_COMTRADE
2016,608,344,6582766881.0,DIRECT_EXPORT_COMTRADE
2016,608,356,475843979.0,MIRROR_IMPORT_OECD
2016,608,360,592204268.0,DIRECT_EXPORT_COMTRADE
2016,608,364,38926164.0,DIRECT_EXPORT_COMTRADE
2016,608,368,14130931.0,DIRECT_EXPORT_COMTRADE
2016,608,376,55653421.0,DIRECT_EXPORT_COMTRADE
2016,608,380,162686606.0,DIRECT_EXPORT_COMTRADE
2016,608,384,1960209.0,DIRECT_EXPORT_COMTRADE
2016,608,392,11674107668.0,DIRECT_EXPORT_COMTRADE
2016,608,404,4111083.0,DIRECT_EXPORT_COMTRADE
2016,608,410,2095041078.0,DIRECT_EXPORT_COMTRADE
2016,608,414,41247696.0,DIRECT_EXPORT_COMTRADE
2016,608,446,26085780.0,DIRECT_EXPORT_COMTRADE
2016,608,458,1189457375.0,DIRECT_EXPORT_COMTRADE
2016,608,484,543418144.0,DIRECT_EXPORT_COMTRADE
2016,608,496,2816740.0,DIRECT_EXPORT_COMTRADE
2016,608,504,13648789.0,DIRECT_EXPORT_COMTRADE
2016,608,512,7416955.0,DIRECT_EXPORT_COMTRADE
2016,608,528,1715639524.0,DIRECT_EXPORT_COMTRADE
2016,608,554,49720709.0,DIRECT_EXPORT_COMTRADE
2016,608,586,43021492.0,DIRECT_EXPORT_COMTRADE
2016,608,604,29519439.0,DIRECT_EXPORT_COMTRADE
2016,608,616,80184704.0,DIRECT_EXPORT_COMTRADE
2016,608,634,24890133.0,DIRECT_EXPORT_COMTRADE
2016,608,643,48934714.0,DIRECT_EXPORT_COMTRADE
2016,608,682,82459208.0,DIRECT_EXPORT_COMTRADE
2016,608,702,3700590526.0,DIRECT_EXPORT_COMTRADE
2016,608,704,746516790.0,DIRECT_EXPORT_COMTRADE
2016,608,710,112994135.0,DIRECT_EXPORT_COMTRADE
2016,608,724,178334693.0,DIRECT_EXPORT_COMTRADE
2016,608,757,415620048.0,DIRECT_EXPORT_COMTRADE
2016,608,764,2130029017.0,DIRECT_EXPORT_COMTRADE
2016,608,784,303756108.0,DIRECT_EXPORT_COMTRADE
2016,608,792,31609556.0,DIRECT_EXPORT_COMTRADE
2016,608,818,7796830.0,DIRECT_EXPORT_COMTRADE
2016,608,826,475800328.0,DIRECT_EXPORT_COMTRADE
2016,608,834,543678.0,DIRECT_EXPORT_COMTRADE
2016,608,841,10373585588.0,MIRROR_IMPORT_OECD
2016,616,12,304450803.0,DIRECT_EXPORT_COMTRADE
2016,616,24,20844890.0,DIRECT_EXPORT_COMTRADE
2016,616,31,60457906.0,DIRECT_EXPORT_COMTRADE
2016,616,32,79220571.0,DIRECT_EXPORT_COMTRADE
2016,616,36,559442316.0,DIRECT_EXPORT_COMTRADE
2016,616,50,31244250.0,DIRECT_EXPORT_COMTRADE
2016,616,58,3551398926.0,MIRROR_IMPORT_OECD
2016,616,76,363292683.0,DIRECT_EXPORT_COMTRADE
2016,616,124,1385286379.0,DIRECT_EXPORT_COMTRADE
2016,616,144,30249532.0,DIRECT_EXPORT_COMTRADE
2016,616,152,95741280.0,DIRECT_EXPORT_COMTRADE
2016,616,156,1911143149.0,DIRECT_EXPORT_COMTRADE
2016,616,170,98382175.0,DIRECT_EXPORT_COMTRADE
2016,616,192,48585494.0,DIRECT_EXPORT_COMTRADE
2016,616,214,10345447.0,DIRECT_EXPORT_COMTRADE
2016,616,218,12245332.0,DIRECT_EXPORT_COMTRADE
2016,616,230,105245120.0,MIRROR_IMPORT_OECD
2016,616,251,10784784195.0,DIRECT_EXPORT_COMTRADE
2016,616,276,53033745348.0,DIRECT_EXPORT_COMTRADE
2016,616,288,37391177.0,DIRECT_EXPORT_COMTRADE
2016,616,344,377952964.0,DIRECT_EXPORT_COMTRADE
2016,616,356,653938566.0,MIRROR_IMPORT_OECD
2016,616,360,109537680.0,DIRECT_EXPORT_COMTRADE
2016,616,364,89550289.0,DIRECT_EXPORT_COMTRADE
2016,616,368,77170701.0,DIRECT_EXPORT_COMTRADE
2016,616,376,572396072.0,DIRECT_EXPORT_COMTRADE
2016,616,380,9421859848.0,DIRECT_EXPORT_COMTRADE
2016,616,384,21545461.0,DIRECT_EXPORT_COMTRADE
2016,616,392,591249949.0,DIRECT_EXPORT_COMTRADE
2016,616,404,49634618.0,DIRECT_EXPORT_COMTRADE
2016,616,410,506901434.0,DIRECT_EXPORT_COMTRADE
2016,616,414,71382533.0,DIRECT_EXPORT_COMTRADE
2016,616,446,2374549.0,DIRECT_EXPORT_COMTRADE
2016,616,458,152684137.0,DIRECT_EXPORT_COMTRADE
2016,616,484,531082207.0,DIRECT_EXPORT_COMTRADE
2016,616,496,41981037.0,DIRECT_EXPORT_COMTRADE
2016,616,504,309232237.0,DIRECT_EXPORT_COMTRADE
2016,616,512,50494240.0,DIRECT_EXPORT_COMTRADE
2016,616,528,8669197985.0,DIRECT_EXPORT_COMTRADE
2016,616,554,137659343.0,DIRECT_EXPORT_COMTRADE
2016,616,586,125457719.0,DIRECT_EXPORT_COMTRADE
2016,616,604,56619008.0,DIRECT_EXPORT_COMTRADE
2016,616,608,62593880.0,DIRECT_EXPORT_COMTRADE
2016,616,634,81675800.0,DIRECT_EXPORT_COMTRADE
2016,616,643,5787194484.0,DIRECT_EXPORT_COMTRADE
2016,616,682,743075985.0,DIRECT_EXPORT_COMTRADE
2016,616,702,632634799.0,DIRECT_EXPORT_COMTRADE
2016,616,704,236008939.0,DIRECT_EXPORT_COMTRADE
2016,616,710,557747142.0,DIRECT_EXPORT_COMTRADE
2016,616,724,5429035639.0,DIRECT_EXPORT_COMTRADE
2016,616,757,1931806145.0,DIRECT_EXPORT_COMTRADE
2016,616,764,189041260.0,DIRECT_EXPORT_COMTRADE
2016,616,784,658795074.0,DIRECT_EXPORT_COMTRADE
2016,616,792,3121688903.0,DIRECT_EXPORT_COMTRADE
2016,616,818,370259470.0,DIRECT_EXPORT_COMTRADE
2016,616,826,12979529874.0,DIRECT_EXPORT_COMTRADE
2016,616,834,30022238.0,DIRECT_EXPORT_COMTRADE
2016,616,841,6142117679.0,MIRROR_IMPORT_OECD
2016,634,12,36591402.59,DIRECT_EXPORT_COMTRADE
2016,634,24,20993724.223,DIRECT_EXPORT_COMTRADE
2016,634,31,153768.093,DIRECT_EXPORT_COMTRADE
2016,634,32,159029213.572,DIRECT_EXPORT_COMTRADE
2016,634,36,259022536.433,DIRECT_EXPORT_COMTRADE
2016,634,50,119664140.556,DIRECT_EXPORT_COMTRADE
2016,634,58,648348617.0,MIRROR_IMPORT_OECD
2016,634,76,302834218.41,DIRECT_EXPORT_COMTRADE
2016,634,124,16745996.719,DIRECT_EXPORT_COMTRADE
2016,634,144,34567450.515,DIRECT_EXPORT_COMTRADE
2016,634,152,10249839.83,DIRECT_EXPORT_COMTRADE
2016,634,156,4485831725.109,DIRECT_EXPORT_COMTRADE
2016,634,170,6223020.041,DIRECT_EXPORT_COMTRADE
2016,634,192,290163.732,DIRECT_EXPORT_COMTRADE
2016,634,218,2921947.581,DIRECT_EXPORT_COMTRADE
2016,634,230,4066014.0,MIRROR_IMPORT_OECD
2016,634,251,301046278.389,DIRECT_EXPORT_COMTRADE
2016,634,276,280453688.76,DIRECT_EXPORT_COMTRADE
2016,634,288,12003874.411,DIRECT_EXPORT_COMTRADE
2016,634,344,74755317.719,DIRECT_EXPORT_COMTRADE
2016,634,356,7479482182.0,MIRROR_IMPORT_OECD
2016,634,360,369075771.341,DIRECT_EXPORT_COMTRADE
2016,634,364,13512558.062,DIRECT_EXPORT_COMTRADE
2016,634,368,64049913.67,DIRECT_EXPORT_COMTRADE
2016,634,380,1104301041.447,DIRECT_EXPORT_COMTRADE
2016,634,384,11028282.928,DIRECT_EXPORT_COMTRADE
2016,634,392,10935048378.452,DIRECT_EXPORT_COMTRADE
2016,634,404,79557998.099,DIRECT_EXPORT_COMTRADE
2016,634,410,8972060110.675,DIRECT_EXPORT_COMTRADE
2016,634,414,569322133.051,DIRECT_EXPORT_COMTRADE
2016,634,446,25225.395,DIRECT_EXPORT_COMTRADE
2016,634,458,665785890.628,DIRECT_EXPORT_COMTRADE
2016,634,484,52704721.38,DIRECT_EXPORT_COMTRADE
2016,634,504,52042649.402,DIRECT_EXPORT_COMTRADE
2016,634,512,189480136.706,DIRECT_EXPORT_COMTRADE
2016,634,528,145891714.681,DIRECT_EXPORT_COMTRADE
2016,634,554,139065148.229,DIRECT_EXPORT_COMTRADE
2016,634,586,697237776.995,DIRECT_EXPORT_COMTRADE
2016,634,604,19482231.205,DIRECT_EXPORT_COMTRADE
2016,634,608,306474481.47,DIRECT_EXPORT_COMTRADE
2016,634,616,324217711.741,DIRECT_EXPORT_COMTRADE
2016,634,643,10436508.171,DIRECT_EXPORT_COMTRADE
2016,634,682,519204735.542,DIRECT_EXPORT_COMTRADE
2016,634,702,3003114018.057,DIRECT_EXPORT_COMTRADE
2016,634,704,176369971.611,DIRECT_EXPORT_COMTRADE
2016,634,710,345394988.283,DIRECT_EXPORT_COMTRADE
2016,634,724,549394928.807,DIRECT_EXPORT_COMTRADE
2016,634,757,186827732.001,DIRECT_EXPORT_COMTRADE
2016,634,764,2191794854.991,DIRECT_EXPORT_COMTRADE
2016,634,784,3756759790.537,DIRECT_EXPORT_COMTRADE
2016,634,792,379305728.008,DIRECT_EXPORT_COMTRADE
2016,634,818,1113448014.191,DIRECT_EXPORT_COMTRADE
2016,634,826,1875795823.961,DIRECT_EXPORT_COMTRADE
2016,634,834,11262217.749,DIRECT_EXPORT_COMTRADE
2016,634,841,1188793804.0,MIRROR_IMPORT_OECD
2016,643,12,4047603316.61,DIRECT_EXPORT_COMTRADE
2016,643,24,596436273.45,DIRECT_EXPORT_COMTRADE
2016,643,31,1568781077.18,DIRECT_EXPORT_COMTRADE
2016,643,32,166385290.37,DIRECT_EXPORT_COMTRADE
2016,643,36,65999537.03,DIRECT_EXPORT_COMTRADE
2016,643,50,827032276.88,DIRECT_EXPORT_COMTRADE
2016,643,58,6631103309.0,MIRROR_IMPORT_OECD
2016,643,76,2337851047.42,DIRECT_EXPORT_COMTRADE
2016,643,124,423475172.43,DIRECT_EXPORT_COMTRADE
2016,643,144,81137966.36,DIRECT_EXPORT_COMTRADE
2016,643,152,43612861.67,DIRECT_EXPORT_COMTRADE
2016,643,156,29953376571.07,DIRECT_EXPORT_COMTRADE
2016,643,170,245006911.39,DIRECT_EXPORT_COMTRADE
2016,643,192,245164486.55,DIRECT_EXPORT_COMTRADE
2016,643,214,28877187.3,DIRECT_EXPORT_COMTRADE
2016,643,218,200022865.51,DIRECT_EXPORT_COMTRADE
2016,643,230,160096250.0,MIRROR_IMPORT_OECD
2016,643,251,4983034452.14,DIRECT_EXPORT_COMTRADE
2016,643,276,21452143276.48,DIRECT_EXPORT_COMTRADE
2016,643,288,200444451.65,DIRECT_EXPORT_COMTRADE
2016,643,344,708516383.45,DIRECT_EXPORT_COMTRADE
2016,643,356,4782004806.0,MIRROR_IMPORT_OECD
2016,643,360,525490742.18,DIRECT_EXPORT_COMTRADE
2016,643,364,1896414600.72,DIRECT_EXPORT_COMTRADE
2016,643,368,921070214.0,DIRECT_EXPORT_COMTRADE
2016,643,376,1467798315.31,DIRECT_EXPORT_COMTRADE
2016,643,380,12284661747.14,DIRECT_EXPORT_COMTRADE
2016,643,384,69271298.67,DIRECT_EXPORT_COMTRADE
2016,643,392,9845579627.4,DIRECT_EXPORT_COMTRADE
2016,643,404,130736225.25,DIRECT_EXPORT_COMTRADE
2016,643,410,10878065453.65,DIRECT_EXPORT_COMTRADE
2016,643,414,480442487.3,DIRECT_EXPORT_COMTRADE
2016,643,446,60689.83,DIRECT_EXPORT_COMTRADE
2016,643,458,1076522343.69,DIRECT_EXPORT_COMTRADE
2016,643,484,1076685601.11,DIRECT_EXPORT_COMTRADE
2016,643,496,1108016117.66,DIRECT_EXPORT_COMTRADE
2016,643,504,725540427.45,DIRECT_EXPORT_COMTRADE
2016,643,512,193334031.99,DIRECT_EXPORT_COMTRADE
2016,643,528,31816200182.8,DIRECT_EXPORT_COMTRADE
2016,643,554,77758406.67,DIRECT_EXPORT_COMTRADE
2016,643,586,134966601.08,DIRECT_EXPORT_COMTRADE
2016,643,604,218679007.32,DIRECT_EXPORT_COMTRADE
2016,643,608,147201484.12,DIRECT_EXPORT_COMTRADE
2016,643,616,9343550715.35,DIRECT_EXPORT_COMTRADE
2016,643,634,24532745.61,DIRECT_EXPORT_COMTRADE
2016,643,682,351886219.79,DIRECT_EXPORT_COMTRADE
2016,643,702,2558773330.99,DIRECT_EXPORT_COMTRADE
2016,643,704,1492051420.71,DIRECT_EXPORT_COMTRADE
2016,643,710,202413314.26,DIRECT_EXPORT_COMTRADE
2016,643,724,1978872465.61,DIRECT_EXPORT_COMTRADE
2016,643,757,3063001942.57,DIRECT_EXPORT_COMTRADE
2016,643,764,617179233.35,DIRECT_EXPORT_COMTRADE
2016,643,784,994599206.15,DIRECT_EXPORT_COMTRADE
2016,643,792,13763057805.97,DIRECT_EXPORT_COMTRADE
2016,643,818,3844142156.35,DIRECT_EXPORT_COMTRADE
2016,643,826,7061742982.92,DIRECT_EXPORT_COMTRADE
2016,643,834,79273054.73,DIRECT_EXPORT_COMTRADE
2016,643,841,15292228487.0,MIRROR_IMPORT_OECD
2016,682,12,573604427.137,DIRECT_EXPORT_COMTRADE
2016,682,24,27714531.925,DIRECT_EXPORT_COMTRADE
2016,682,31,2027710.444,DIRECT_EXPORT_COMTRADE
2016,682,32,126698165.373,DIRECT_EXPORT_COMTRADE
2016,682,36,318168917.903,DIRECT_EXPORT_COMTRADE
2016,682,50,426588085.718,DIRECT_EXPORT_COMTRADE
2016,682,58,1111241889.0,MIRROR_IMPORT_OECD
2016,682,76,415713711.701,DIRECT_EXPORT_COMTRADE
2016,682,124,70490341.23,DIRECT_EXPORT_COMTRADE
2016,682,144,73425094.055,DIRECT_EXPORT_COMTRADE
2016,682,152,17028447.212,DIRECT_EXPORT_COMTRADE
2016,682,156,4948566131.687,DIRECT_EXPORT_COMTRADE
2016,682,170,29905461.992,DIRECT_EXPORT_COMTRADE
2016,682,192,358176.394,DIRECT_EXPORT_COMTRADE
2016,682,214,6618128.985,DIRECT_EXPORT_COMTRADE
2016,682,218,14633759.315,DIRECT_EXPORT_COMTRADE
2016,682,230,372078794.0,MIRROR_IMPORT_OECD
2016,682,251,335549407.438,DIRECT_EXPORT_COMTRADE
2016,682,276,226130652.782,DIRECT_EXPORT_COMTRADE
2016,682,288,59949874.023,DIRECT_EXPORT_COMTRADE
2016,682,344,253519012.161,DIRECT_EXPORT_COMTRADE
2016,682,356,18460868542.0,MIRROR_IMPORT_OECD
2016,682,360,542475618.07,DIRECT_EXPORT_COMTRADE
2016,682,364,575802.558,DIRECT_EXPORT_COMTRADE
2016,682,368,406573946.224,DIRECT_EXPORT_COMTRADE
2016,682,380,700601561.786,DIRECT_EXPORT_COMTRADE
2016,682,384,66913644.562,DIRECT_EXPORT_COMTRADE
2016,682,392,705342131.712,DIRECT_EXPORT_COMTRADE
2016,682,404,252449550.254,DIRECT_EXPORT_COMTRADE
2016,682,410,696380787.685,DIRECT_EXPORT_COMTRADE
2016,682,414,1814572820.136,DIRECT_EXPORT_COMTRADE
2016,682,458,1283079055.671,DIRECT_EXPORT_COMTRADE
2016,682,484,95475745.051,DIRECT_EXPORT_COMTRADE
2016,682,496,218159.561,DIRECT_EXPORT_COMTRADE
2016,682,504,350175965.887,DIRECT_EXPORT_COMTRADE
2016,682,512,801169652.388,DIRECT_EXPORT_COMTRADE
2016,682,528,416738368.222,DIRECT_EXPORT_COMTRADE
2016,682,554,98380894.317,DIRECT_EXPORT_COMTRADE
2016,682,586,742506066.34,DIRECT_EXPORT_COMTRADE
2016,682,604,86735227.573,DIRECT_EXPORT_COMTRADE
2016,682,608,57284486.915,DIRECT_EXPORT_COMTRADE
2016,682,616,347093728.665,DIRECT_EXPORT_COMTRADE
2016,682,634,1671478816.939,DIRECT_EXPORT_COMTRADE
2016,682,643,12388422.707,DIRECT_EXPORT_COMTRADE
2016,682,702,2285423827.278,DIRECT_EXPORT_COMTRADE
2016,682,704,599320052.081,DIRECT_EXPORT_COMTRADE
2016,682,710,296003319.754,DIRECT_EXPORT_COMTRADE
2016,682,724,564791634.303,DIRECT_EXPORT_COMTRADE
2016,682,757,284734231.616,DIRECT_EXPORT_COMTRADE
2016,682,764,567850402.038,DIRECT_EXPORT_COMTRADE
2016,682,784,6853824254.286,DIRECT_EXPORT_COMTRADE
2016,682,792,1573776670.89,DIRECT_EXPORT_COMTRADE
2016,682,818,1567173743.732,DIRECT_EXPORT_COMTRADE
2016,682,826,471656437.306,DIRECT_EXPORT_COMTRADE
2016,682,834,129991894.688,DIRECT_EXPORT_COMTRADE
2016,682,841,18009018899.0,MIRROR_IMPORT_OECD
2016,702,12,43026762.322,DIRECT_EXPORT_COMTRADE
2016,702,24,78227019.658,DIRECT_EXPORT_COMTRADE
2016,702,31,33886032.399,DIRECT_EXPORT_COMTRADE
2016,702,32,164741341.676,DIRECT_EXPORT_COMTRADE
2016,702,36,9370331469.904,DIRECT_EXPORT_COMTRADE
2016,702,50,2620884448.291,DIRECT_EXPORT_COMTRADE
2016,702,58,3652956147.0,MIRROR_IMPORT_OECD
2016,702,76,871097050.355,DIRECT_EXPORT_COMTRADE
2016,702,124,743529615.413,DIRECT_EXPORT_COMTRADE
2016,702,144,1449374769.299,DIRECT_EXPORT_COMTRADE
2016,702,152,64417495.334,DIRECT_EXPORT_COMTRADE
2016,702,156,44351818279.577,DIRECT_EXPORT_COMTRADE
2016,702,170,75188132.987,DIRECT_EXPORT_COMTRADE
2016,702,192,937289.211,DIRECT_EXPORT_COMTRADE
2016,702,214,11547434.244,DIRECT_EXPORT_COMTRADE
2016,702,218,37602983.555,DIRECT_EXPORT_COMTRADE
2016,702,230,22977876.0,MIRROR_IMPORT_OECD
2016,702,251,3297235311.847,DIRECT_EXPORT_COMTRADE
2016,702,276,5734625188.513,DIRECT_EXPORT_COMTRADE
2016,702,288,59769409.658,DIRECT_EXPORT_COMTRADE
2016,702,344,43261080441.624,DIRECT_EXPORT_COMTRADE
2016,702,356,6719479269.0,MIRROR_IMPORT_OECD
2016,702,360,26589985806.751,DIRECT_EXPORT_COMTRADE
2016,702,364,115991942.548,DIRECT_EXPORT_COMTRADE
2016,702,368,104296329.41,DIRECT_EXPORT_COMTRADE
2016,702,376,698188424.967,DIRECT_EXPORT_COMTRADE
2016,702,380,639492851.771,DIRECT_EXPORT_COMTRADE
2016,702,384,23101228.819,DIRECT_EXPORT_COMTRADE
2016,702,392,14562067510.082,DIRECT_EXPORT_COMTRADE
2016,702,404,64860095.821,DIRECT_EXPORT_COMTRADE
2016,702,410,14520548687.616,DIRECT_EXPORT_COMTRADE
2016,702,414,199803258.936,DIRECT_EXPORT_COMTRADE
2016,702,446,154379123.528,DIRECT_EXPORT_COMTRADE
2016,702,458,35634043830.96,DIRECT_EXPORT_COMTRADE
2016,702,484,1178618074.9,DIRECT_EXPORT_COMTRADE
2016,702,496,53364427.597,DIRECT_EXPORT_COMTRADE
2016,702,504,111732687.082,DIRECT_EXPORT_COMTRADE
2016,702,512,212356203.159,DIRECT_EXPORT_COMTRADE
2016,702,528,6905151232.746,DIRECT_EXPORT_COMTRADE
2016,702,554,1454947130.272,DIRECT_EXPORT_COMTRADE
2016,702,586,784883613.805,DIRECT_EXPORT_COMTRADE
2016,702,604,79014807.079,DIRECT_EXPORT_COMTRADE
2016,702,608,6508205678.172,DIRECT_EXPORT_COMTRADE
2016,702,616,227653925.262,DIRECT_EXPORT_COMTRADE
2016,702,634,142482065.18,DIRECT_EXPORT_COMTRADE
2016,702,643,687087591.759,DIRECT_EXPORT_COMTRADE
2016,702,682,785262787.666,DIRECT_EXPORT_COMTRADE
2016,702,704,11353589328.771,DIRECT_EXPORT_COMTRADE
2016,702,710,410819092.03,DIRECT_EXPORT_COMTRADE
2016,702,724,367143418.908,DIRECT_EXPORT_COMTRADE
2016,702,757,3564818099.411,DIRECT_EXPORT_COMTRADE
2016,702,764,13765782331.831,DIRECT_EXPORT_COMTRADE
2016,702,784,4078751024.403,DIRECT_EXPORT_COMTRADE
2016,702,792,476999245.263,DIRECT_EXPORT_COMTRADE
2016,702,818,282987132.811,DIRECT_EXPORT_COMTRADE
2016,702,826,3141488196.725,DIRECT_EXPORT_COMTRADE
2016,702,834,29321886.572,DIRECT_EXPORT_COMTRADE
2016,702,841,18061581094.0,MIRROR_IMPORT_OECD
2016,704,12,271244601.3,DIRECT_EXPORT_COMTRADE
2016,704,24,38735684.0,DIRECT_EXPORT_COMTRADE
2016,704,31,5138595.05,DIRECT_EXPORT_COMTRADE
2016,704,32,368616899.86,DIRECT_EXPORT_COMTRADE
2016,704,36,2864858060.52,DIRECT_EXPORT_COMTRADE
2016,704,50,554678742.38,DIRECT_EXPORT_COMTRADE
2016,704,58,510702966.0,MIRROR_IMPORT_OECD
2016,704,76,1332352708.86,DIRECT_EXPORT_COMTRADE
2016,704,124,2652547172.57,DIRECT_EXPORT_COMTRADE
2016,704,144,186731886.88,DIRECT_EXPORT_COMTRADE
2016,704,152,805234359.05,DIRECT_EXPORT_COMTRADE
2016,704,156,21950444543.67,DIRECT_EXPORT_COMTRADE
2016,704,170,325094038.9,DIRECT_EXPORT_COMTRADE
2016,704,214,74911502.23,DIRECT_EXPORT_COMTRADE
2016,704,218,132203292.73,DIRECT_EXPORT_COMTRADE
2016,704,230,28178811.0,MIRROR_IMPORT_OECD
2016,704,251,3024879064.84,DIRECT_EXPORT_COMTRADE
2016,704,276,5960516080.96,DIRECT_EXPORT_COMTRADE
2016,704,288,290732998.09,DIRECT_EXPORT_COMTRADE
2016,704,344,6088076565.76,DIRECT_EXPORT_COMTRADE
2016,704,356,3105625007.0,MIRROR_IMPORT_OECD
2016,704,360,2617850586.73,DIRECT_EXPORT_COMTRADE
2016,704,376,554091166.91,DIRECT_EXPORT_COMTRADE
2016,704,380,3264814560.8,DIRECT_EXPORT_COMTRADE
2016,704,384,120941799.35,DIRECT_EXPORT_COMTRADE
2016,704,392,14671488768.19,DIRECT_EXPORT_COMTRADE
2016,704,404,58315245.52,DIRECT_EXPORT_COMTRADE
2016,704,410,11406058033.79,DIRECT_EXPORT_COMTRADE
2016,704,414,73260714.39,DIRECT_EXPORT_COMTRADE
2016,704,446,8030885.78,DIRECT_EXPORT_COMTRADE
2016,704,458,3341986324.58,DIRECT_EXPORT_COMTRADE
2016,704,484,1888365829.56,DIRECT_EXPORT_COMTRADE
2016,704,496,19073376.87,DIRECT_EXPORT_COMTRADE
2016,704,504,175812439.98,DIRECT_EXPORT_COMTRADE
2016,704,512,28864606.89,DIRECT_EXPORT_COMTRADE
2016,704,528,6011626551.51,DIRECT_EXPORT_COMTRADE
2016,704,554,359910904.97,DIRECT_EXPORT_COMTRADE
2016,704,586,435625445.63,DIRECT_EXPORT_COMTRADE
2016,704,604,277474580.1,DIRECT_EXPORT_COMTRADE
2016,704,608,2219874628.81,DIRECT_EXPORT_COMTRADE
2016,704,616,597612619.83,DIRECT_EXPORT_COMTRADE
2016,704,634,30353515.29,DIRECT_EXPORT_COMTRADE
2016,704,643,1616085663.54,DIRECT_EXPORT_COMTRADE
2016,704,682,394082586.73,DIRECT_EXPORT_COMTRADE
2016,704,702,2419889198.94,DIRECT_EXPORT_COMTRADE
2016,704,710,868783019.37,DIRECT_EXPORT_COMTRADE
2016,704,724,2293647298.43,DIRECT_EXPORT_COMTRADE
2016,704,757,593483299.66,DIRECT_EXPORT_COMTRADE
2016,704,764,3690731565.78,DIRECT_EXPORT_COMTRADE
2016,704,784,4999552550.55,DIRECT_EXPORT_COMTRADE
2016,704,792,1328764249.34,DIRECT_EXPORT_COMTRADE
2016,704,818,292881950.77,DIRECT_EXPORT_COMTRADE
2016,704,826,4898076612.06,DIRECT_EXPORT_COMTRADE
2016,704,834,28575800.97,DIRECT_EXPORT_COMTRADE
2016,704,841,43747875466.0,MIRROR_IMPORT_OECD
2016,710,12,39632052.831,DIRECT_EXPORT_COMTRADE
2016,710,24,564379112.129,DIRECT_EXPORT_COMTRADE
2016,710,31,2547729.5,DIRECT_EXPORT_COMTRADE
2016,710,32,165106042.742,DIRECT_EXPORT_COMTRADE
2016,710,36,748389667.235,DIRECT_EXPORT_COMTRADE
2016,710,50,120918462.841,DIRECT_EXPORT_COMTRADE
2016,710,58,1932906827.0,MIRROR_IMPORT_OECD
2016,710,76,380934231.0,DIRECT_EXPORT_COMTRADE
2016,710,124,382606767.268,DIRECT_EXPORT_COMTRADE
2016,710,144,149044678.116,DIRECT_EXPORT_COMTRADE
2016,710,152,54998754.511,DIRECT_EXPORT_COMTRADE
2016,710,156,6916115670.67,DIRECT_EXPORT_COMTRADE
2016,710,170,27110920.865,DIRECT_EXPORT_COMTRADE
2016,710,192,10437033.399,DIRECT_EXPORT_COMTRADE
2016,710,214,10921559.073,DIRECT_EXPORT_COMTRADE
2016,710,218,12683183.747,DIRECT_EXPORT_COMTRADE
2016,710,230,160895002.0,MIRROR_IMPORT_OECD
2016,710,251,753873407.57,DIRECT_EXPORT_COMTRADE
2016,710,276,5338865120.187,DIRECT_EXPORT_COMTRADE
2016,710,288,336584464.429,DIRECT_EXPORT_COMTRADE
2016,710,344,1765687154.248,DIRECT_EXPORT_COMTRADE
2016,710,356,5092336127.0,MIRROR_IMPORT_OECD
2016,710,360,258954279.23,DIRECT_EXPORT_COMTRADE
2016,710,364,22258501.423,DIRECT_EXPORT_COMTRADE
2016,710,368,12130629.446,DIRECT_EXPORT_COMTRADE
2016,710,376,330862889.403,DIRECT_EXPORT_COMTRADE
2016,710,380,1144773285.456,DIRECT_EXPORT_COMTRADE
2016,710,384,113972898.683,DIRECT_EXPORT_COMTRADE
2016,710,392,3470195725.109,DIRECT_EXPORT_COMTRADE
2016,710,404,557994755.652,DIRECT_EXPORT_COMTRADE
2016,710,410,1332486157.068,DIRECT_EXPORT_COMTRADE
2016,710,414,84666075.279,DIRECT_EXPORT_COMTRADE
2016,710,446,906381.962,DIRECT_EXPORT_COMTRADE
2016,710,458,494744016.432,DIRECT_EXPORT_COMTRADE
2016,710,484,138578567.852,DIRECT_EXPORT_COMTRADE
2016,710,496,336170.451,DIRECT_EXPORT_COMTRADE
2016,710,504,145723814.698,DIRECT_EXPORT_COMTRADE
2016,710,512,51010903.689,DIRECT_EXPORT_COMTRADE
2016,710,528,1972641618.027,DIRECT_EXPORT_COMTRADE
2016,710,554,83821685.595,DIRECT_EXPORT_COMTRADE
2016,710,586,408548607.474,DIRECT_EXPORT_COMTRADE
2016,710,604,25477442.534,DIRECT_EXPORT_COMTRADE
2016,710,608,52953363.089,DIRECT_EXPORT_COMTRADE
2016,710,616,136472761.316,DIRECT_EXPORT_COMTRADE
2016,710,634,81518150.717,DIRECT_EXPORT_COMTRADE
2016,710,643,283560508.121,DIRECT_EXPORT_COMTRADE
2016,710,682,391396590.432,DIRECT_EXPORT_COMTRADE
2016,710,702,452994890.758,DIRECT_EXPORT_COMTRADE
2016,710,704,213711024.282,DIRECT_EXPORT_COMTRADE
2016,710,724,875197588.746,DIRECT_EXPORT_COMTRADE
2016,710,757,872349835.45,DIRECT_EXPORT_COMTRADE
2016,710,764,488996782.767,DIRECT_EXPORT_COMTRADE
2016,710,784,1446029772.524,DIRECT_EXPORT_COMTRADE
2016,710,792,399110567.339,DIRECT_EXPORT_COMTRADE
2016,710,818,211505625.806,DIRECT_EXPORT_COMTRADE
2016,710,826,3176181793.635,DIRECT_EXPORT_COMTRADE
2016,710,834,444542548.782,DIRECT_EXPORT_COMTRADE
2016,710,841,6922227710.0,MIRROR_IMPORT_OECD
2016,724,12,3324512942.259,DIRECT_EXPORT_COMTRADE
2016,724,24,167931643.968,DIRECT_EXPORT_COMTRADE
2016,724,31,39020643.469,DIRECT_EXPORT_COMTRADE
2016,724,32,942858798.148,DIRECT_EXPORT_COMTRADE
2016,724,36,1500061500.885,DIRECT_EXPORT_COMTRADE
2016,724,50,126255616.872,DIRECT_EXPORT_COMTRADE
2016,724,58,6631232709.0,MIRROR_IMPORT_OECD
2016,724,76,2485130414.977,DIRECT_EXPORT_COMTRADE
2016,724,124,1647606590.443,DIRECT_EXPORT_COMTRADE
2016,724,144,74074220.385,DIRECT_EXPORT_COMTRADE
2016,724,152,1545747670.312,DIRECT_EXPORT_COMTRADE
2016,724,156,5398818229.497,DIRECT_EXPORT_COMTRADE
2016,724,170,977840808.144,DIRECT_EXPORT_COMTRADE
2016,724,192,1005916004.051,DIRECT_EXPORT_COMTRADE
2016,724,214,607974470.615,DIRECT_EXPORT_COMTRADE
2016,724,218,386583777.693,DIRECT_EXPORT_COMTRADE
2016,724,230,143974856.0,MIRROR_IMPORT_OECD
2016,724,251,43216459067.635,DIRECT_EXPORT_COMTRADE
2016,724,276,32397303139.526,DIRECT_EXPORT_COMTRADE
2016,724,288,210215707.11,DIRECT_EXPORT_COMTRADE
2016,724,344,1056564888.55,DIRECT_EXPORT_COMTRADE
2016,724,356,1725772610.0,MIRROR_IMPORT_OECD
2016,724,360,428915303.534,DIRECT_EXPORT_COMTRADE
2016,724,364,398438358.911,DIRECT_EXPORT_COMTRADE
2016,724,368,179818411.705,DIRECT_EXPORT_COMTRADE
2016,724,376,1598968530.231,DIRECT_EXPORT_COMTRADE
2016,724,380,22424319071.223,DIRECT_EXPORT_COMTRADE
2016,724,384,263672873.222,DIRECT_EXPORT_COMTRADE
2016,724,392,2660956111.915,DIRECT_EXPORT_COMTRADE
2016,724,404,87755180.818,DIRECT_EXPORT_COMTRADE
2016,724,410,1815804956.602,DIRECT_EXPORT_COMTRADE
2016,724,414,393767011.391,DIRECT_EXPORT_COMTRADE
2016,724,446,17421975.724,DIRECT_EXPORT_COMTRADE
2016,724,458,674427839.26,DIRECT_EXPORT_COMTRADE
2016,724,484,4532538582.377,DIRECT_EXPORT_COMTRADE
2016,724,496,8756332.07,DIRECT_EXPORT_COMTRADE
2016,724,504,7891637730.549,DIRECT_EXPORT_COMTRADE
2016,724,512,474572548.284,DIRECT_EXPORT_COMTRADE
2016,724,528,9138793892.91,DIRECT_EXPORT_COMTRADE
2016,724,554,226364669.162,DIRECT_EXPORT_COMTRADE
2016,724,586,270989074.58,DIRECT_EXPORT_COMTRADE
2016,724,604,655624700.648,DIRECT_EXPORT_COMTRADE
2016,724,608,407702782.593,DIRECT_EXPORT_COMTRADE
2016,724,616,5323321669.052,DIRECT_EXPORT_COMTRADE
2016,724,634,378244062.103,DIRECT_EXPORT_COMTRADE
2016,724,643,1767916570.703,DIRECT_EXPORT_COMTRADE
2016,724,682,2616668624.964,DIRECT_EXPORT_COMTRADE
2016,724,702,610227165.921,DIRECT_EXPORT_COMTRADE
2016,724,704,428706378.822,DIRECT_EXPORT_COMTRADE
2016,724,710,1266007437.709,DIRECT_EXPORT_COMTRADE
2016,724,757,4424378864.766,DIRECT_EXPORT_COMTRADE
2016,724,764,619555563.837,DIRECT_EXPORT_COMTRADE
2016,724,784,1941667489.804,DIRECT_EXPORT_COMTRADE
2016,724,792,5731679016.289,DIRECT_EXPORT_COMTRADE
2016,724,818,1533964145.95,DIRECT_EXPORT_COMTRADE
2016,724,826,22219737253.51,DIRECT_EXPORT_COMTRADE
2016,724,834,28070535.332,DIRECT_EXPORT_COMTRADE
2016,724,841,13964572350.0,MIRROR_IMPORT_OECD
2016,757,12,336284055.605,DIRECT_EXPORT_COMTRADE
2016,757,24,19024929.092,DIRECT_EXPORT_COMTRADE
2016,757,31,86762679.139,DIRECT_EXPORT_COMTRADE
2016,757,32,674407675.115,DIRECT_EXPORT_COMTRADE
2016,757,36,2371891555.297,DIRECT_EXPORT_COMTRADE
2016,757,50,154117423.845,DIRECT_EXPORT_COMTRADE
2016,757,58,3119417316.0,MIRROR_IMPORT_OECD
2016,757,76,1939425018.114,DIRECT_EXPORT_COMTRADE
2016,757,124,3505302202.953,DIRECT_EXPORT_COMTRADE
2016,757,144,214428733.014,DIRECT_EXPORT_COMTRADE
2016,757,152,292009617.234,DIRECT_EXPORT_COMTRADE
2016,757,156,27167184848.785,DIRECT_EXPORT_COMTRADE
2016,757,170,475988794.338,DIRECT_EXPORT_COMTRADE
2016,757,192,17887114.053,DIRECT_EXPORT_COMTRADE
2016,757,214,28674562.339,DIRECT_EXPORT_COMTRADE
2016,757,218,141306435.169,DIRECT_EXPORT_COMTRADE
2016,757,230,60726713.0,MIRROR_IMPORT_OECD
2016,757,251,17616812094.414,DIRECT_EXPORT_COMTRADE
2016,757,276,43287250182.68,DIRECT_EXPORT_COMTRADE
2016,757,288,34692720.429,DIRECT_EXPORT_COMTRADE
2016,757,344,18561990005.258,DIRECT_EXPORT_COMTRADE
2016,757,356,14855313986.0,MIRROR_IMPORT_OECD
2016,757,360,463748478.527,DIRECT_EXPORT_COMTRADE
2016,757,364,505667283.543,DIRECT_EXPORT_COMTRADE
2016,757,368,373397589.653,DIRECT_EXPORT_COMTRADE
2016,757,376,1131356860.442,DIRECT_EXPORT_COMTRADE
2016,757,380,14598072696.275,DIRECT_EXPORT_COMTRADE
2016,757,384,29014425.057,DIRECT_EXPORT_COMTRADE
2016,757,392,7622376464.116,DIRECT_EXPORT_COMTRADE
2016,757,404,94421172.35,DIRECT_EXPORT_COMTRADE
2016,757,410,2944054844.28,DIRECT_EXPORT_COMTRADE
2016,757,414,461161021.182,DIRECT_EXPORT_COMTRADE
2016,757,446,33717822.559,DIRECT_EXPORT_COMTRADE
2016,757,458,1516867009.504,DIRECT_EXPORT_COMTRADE
2016,757,484,1366520320.633,DIRECT_EXPORT_COMTRADE
2016,757,496,8785386.349,DIRECT_EXPORT_COMTRADE
2016,757,504,300492925.04,DIRECT_EXPORT_COMTRADE
2016,757,512,281308590.188,DIRECT_EXPORT_COMTRADE
2016,757,528,5239700697.93,DIRECT_EXPORT_COMTRADE
2016,757,554,209376418.232,DIRECT_EXPORT_COMTRADE
2016,757,586,367651188.182,DIRECT_EXPORT_COMTRADE
2016,757,604,166213356.837,DIRECT_EXPORT_COMTRADE
2016,757,608,372188847.21,DIRECT_EXPORT_COMTRADE
2016,757,616,2205559478.353,DIRECT_EXPORT_COMTRADE
2016,757,634,836038896.776,DIRECT_EXPORT_COMTRADE
2016,757,643,2047071800.35,DIRECT_EXPORT_COMTRADE
2016,757,682,2808185772.144,DIRECT_EXPORT_COMTRADE
2016,757,702,6531226969.579,DIRECT_EXPORT_COMTRADE
2016,757,704,550374962.721,DIRECT_EXPORT_COMTRADE
2016,757,710,710921259.678,DIRECT_EXPORT_COMTRADE
2016,757,724,5662606422.228,DIRECT_EXPORT_COMTRADE
2016,757,764,2066163448.23,DIRECT_EXPORT_COMTRADE
2016,757,784,4318956174.027,DIRECT_EXPORT_COMTRADE
2016,757,792,2341200091.768,DIRECT_EXPORT_COMTRADE
2016,757,818,881532099.311,DIRECT_EXPORT_COMTRADE
2016,757,826,32446578974.372,DIRECT_EXPORT_COMTRADE
2016,757,834,16287032.256,DIRECT_EXPORT_COMTRADE
2016,757,841,36834114609.0,MIRROR_IMPORT_OECD
2016,764,12,118242942.31,DIRECT_EXPORT_COMTRADE
2016,764,24,155411659.78,DIRECT_EXPORT_COMTRADE
2016,764,31,8002209.04,DIRECT_EXPORT_COMTRADE
2016,764,32,981477567.8,DIRECT_EXPORT_COMTRADE
2016,764,36,10309394244.13,DIRECT_EXPORT_COMTRADE
2016,764,50,939653595.35,DIRECT_EXPORT_COMTRADE
2016,764,58,1168187033.0,MIRROR_IMPORT_OECD
2016,764,76,1519866530.87,DIRECT_EXPORT_COMTRADE
2016,764,124,1342263210.36,DIRECT_EXPORT_COMTRADE
2016,764,144,431819057.05,DIRECT_EXPORT_COMTRADE
2016,764,152,544191889.41,DIRECT_EXPORT_COMTRADE
2016,764,156,23799611178.27,DIRECT_EXPORT_COMTRADE
2016,764,170,194214968.11,DIRECT_EXPORT_COMTRADE
2016,764,192,5477887.88,DIRECT_EXPORT_COMTRADE
2016,764,214,82135757.26,DIRECT_EXPORT_COMTRADE
2016,764,218,117825341.01,DIRECT_EXPORT_COMTRADE
2016,764,230,137007598.0,MIRROR_IMPORT_OECD
2016,764,251,1588294353.82,DIRECT_EXPORT_COMTRADE
2016,764,276,4476503324.31,DIRECT_EXPORT_COMTRADE
2016,764,288,202506985.29,DIRECT_EXPORT_COMTRADE
2016,764,344,11471603809.48,DIRECT_EXPORT_COMTRADE
2016,764,356,5316377864.0,MIRROR_IMPORT_OECD
2016,764,360,8176630658.38,DIRECT_EXPORT_COMTRADE
2016,764,364,267701406.94,DIRECT_EXPORT_COMTRADE
2016,764,368,111940135.27,DIRECT_EXPORT_COMTRADE
2016,764,376,675876262.02,DIRECT_EXPORT_COMTRADE
2016,764,380,1549205742.94,DIRECT_EXPORT_COMTRADE
2016,764,384,299725793.42,DIRECT_EXPORT_COMTRADE
2016,764,392,20481063239.12,DIRECT_EXPORT_COMTRADE
2016,764,404,148786668.07,DIRECT_EXPORT_COMTRADE
2016,764,410,4074026923.4,DIRECT_EXPORT_COMTRADE
2016,764,414,333505489.47,DIRECT_EXPORT_COMTRADE
2016,764,446,22026908.99,DIRECT_EXPORT_COMTRADE
2016,764,458,9627281360.04,DIRECT_EXPORT_COMTRADE
2016,764,484,2823300722.27,DIRECT_EXPORT_COMTRADE
2016,764,496,12609972.94,DIRECT_EXPORT_COMTRADE
2016,764,504,106719760.79,DIRECT_EXPORT_COMTRADE
2016,764,512,578498203.86,DIRECT_EXPORT_COMTRADE
2016,764,528,4224993773.9,DIRECT_EXPORT_COMTRADE
2016,764,554,1434820449.79,DIRECT_EXPORT_COMTRADE
2016,764,586,1014858046.44,DIRECT_EXPORT_COMTRADE
2016,764,604,382177030.41,DIRECT_EXPORT_COMTRADE
2016,764,608,6396339906.02,DIRECT_EXPORT_COMTRADE
2016,764,616,386326889.83,DIRECT_EXPORT_COMTRADE
2016,764,634,287207163.47,DIRECT_EXPORT_COMTRADE
2016,764,643,577767127.25,DIRECT_EXPORT_COMTRADE
2016,764,682,2213266399.47,DIRECT_EXPORT_COMTRADE
2016,764,702,8226463326.6,DIRECT_EXPORT_COMTRADE
2016,764,704,9427230121.51,DIRECT_EXPORT_COMTRADE
2016,764,710,2103208316.92,DIRECT_EXPORT_COMTRADE
2016,764,724,949677314.46,DIRECT_EXPORT_COMTRADE
2016,764,757,4998948983.54,DIRECT_EXPORT_COMTRADE
2016,764,784,2873529033.83,DIRECT_EXPORT_COMTRADE
2016,764,792,1075406984.93,DIRECT_EXPORT_COMTRADE
2016,764,818,770701695.91,DIRECT_EXPORT_COMTRADE
2016,764,826,3850484137.66,DIRECT_EXPORT_COMTRADE
2016,764,834,92489542.4,DIRECT_EXPORT_COMTRADE
2016,764,841,30464026299.0,MIRROR_IMPORT_OECD
2016,784,12,374836964.793,DIRECT_EXPORT_COMTRADE
2016,784,24,94133244.039,DIRECT_EXPORT_COMTRADE
2016,784,31,178832042.226,DIRECT_EXPORT_COMTRADE
2016,784,32,11587161.602,DIRECT_EXPORT_COMTRADE
2016,784,36,325824950.465,DIRECT_EXPORT_COMTRADE
2016,784,50,581200819.632,DIRECT_EXPORT_COMTRADE
2016,784,58,2338804139.0,MIRROR_IMPORT_OECD
2016,784,76,39735328.904,DIRECT_EXPORT_COMTRADE
2016,784,124,171546673.938,DIRECT_EXPORT_COMTRADE
2016,784,144,389497225.143,DIRECT_EXPORT_COMTRADE
2016,784,152,75702843.225,DIRECT_EXPORT_COMTRADE
2016,784,156,3662748765.29,DIRECT_EXPORT_COMTRADE
2016,784,170,18150656.14,DIRECT_EXPORT_COMTRADE
2016,784,192,2656012.605,DIRECT_EXPORT_COMTRADE
2016,784,214,8867816.98,DIRECT_EXPORT_COMTRADE
2016,784,218,6275737.479,DIRECT_EXPORT_COMTRADE
2016,784,230,409497003.0,MIRROR_IMPORT_OECD
2016,784,251,560340986.843,DIRECT_EXPORT_COMTRADE
2016,784,276,751645872.343,DIRECT_EXPORT_COMTRADE
2016,784,288,202382551.674,DIRECT_EXPORT_COMTRADE
2016,784,344,3744675021.886,DIRECT_EXPORT_COMTRADE
2016,784,356,19240913231.0,MIRROR_IMPORT_OECD
2016,784,360,306457358.645,DIRECT_EXPORT_COMTRADE
2016,784,364,8810492669.875,DIRECT_EXPORT_COMTRADE
2016,784,368,5363999897.691,DIRECT_EXPORT_COMTRADE
2016,784,380,1177002821.739,DIRECT_EXPORT_COMTRADE
2016,784,384,67350427.599,DIRECT_EXPORT_COMTRADE
2016,784,392,853063384.643,DIRECT_EXPORT_COMTRADE
2016,784,404,637579425.729,DIRECT_EXPORT_COMTRADE
2016,784,410,665550170.367,DIRECT_EXPORT_COMTRADE
2016,784,414,2511372624.83,DIRECT_EXPORT_COMTRADE
2016,784,446,118859.103,DIRECT_EXPORT_COMTRADE
2016,784,458,552497743.031,DIRECT_EXPORT_COMTRADE
2016,784,484,34654219.746,DIRECT_EXPORT_COMTRADE
2016,784,496,3511126.408,DIRECT_EXPORT_COMTRADE
2016,784,504,231496598.13,DIRECT_EXPORT_COMTRADE
2016,784,512,5147874755.535,DIRECT_EXPORT_COMTRADE
2016,784,528,1105048171.689,DIRECT_EXPORT_COMTRADE
2016,784,554,56728357.681,DIRECT_EXPORT_COMTRADE
2016,784,586,1290588351.757,DIRECT_EXPORT_COMTRADE
2016,784,604,41046348.296,DIRECT_EXPORT_COMTRADE
2016,784,608,169896615.52,DIRECT_EXPORT_COMTRADE
2016,784,616,104333995.683,DIRECT_EXPORT_COMTRADE
2016,784,634,2968905758.088,DIRECT_EXPORT_COMTRADE
2016,784,643,484499357.749,DIRECT_EXPORT_COMTRADE
2016,784,682,4762660868.234,DIRECT_EXPORT_COMTRADE
2016,784,702,2453547971.309,DIRECT_EXPORT_COMTRADE
2016,784,704,534847148.094,DIRECT_EXPORT_COMTRADE
2016,784,710,515471400.535,DIRECT_EXPORT_COMTRADE
2016,784,724,286229488.391,DIRECT_EXPORT_COMTRADE
2016,784,757,7424957018.71,DIRECT_EXPORT_COMTRADE
2016,784,764,775422767.838,DIRECT_EXPORT_COMTRADE
2016,784,792,2802122483.195,DIRECT_EXPORT_COMTRADE
2016,784,818,894254090.172,DIRECT_EXPORT_COMTRADE
2016,784,826,2720625148.627,DIRECT_EXPORT_COMTRADE
2016,784,834,424465720.677,DIRECT_EXPORT_COMTRADE
2016,784,841,3556522763.0,MIRROR_IMPORT_OECD
2016,792,12,1830251772.0,DIRECT_EXPORT_COMTRADE
2016,792,24,132353762.0,DIRECT_EXPORT_COMTRADE
2016,792,31,1387885891.0,DIRECT_EXPORT_COMTRADE
2016,792,32,130303952.0,DIRECT_EXPORT_COMTRADE
2016,792,36,661502226.0,DIRECT_EXPORT_COMTRADE
2016,792,50,340496167.0,DIRECT_EXPORT_COMTRADE
2016,792,58,2704005917.0,MIRROR_IMPORT_OECD
2016,792,76,342379797.0,DIRECT_EXPORT_COMTRADE
2016,792,124,778817238.0,DIRECT_EXPORT_COMTRADE
2016,792,144,54910041.0,DIRECT_EXPORT_COMTRADE
2016,792,152,222450353.0,DIRECT_EXPORT_COMTRADE
2016,792,156,2378537723.0,DIRECT_EXPORT_COMTRADE
2016,792,170,188570184.0,DIRECT_EXPORT_COMTRADE
2016,792,192,6628995.0,DIRECT_EXPORT_COMTRADE
2016,792,214,42157706.0,DIRECT_EXPORT_COMTRADE
2016,792,218,38966389.0,DIRECT_EXPORT_COMTRADE
2016,792,230,597039052.0,MIRROR_IMPORT_OECD
2016,792,251,6313204146.0,DIRECT_EXPORT_COMTRADE
2016,792,276,15164954450.0,DIRECT_EXPORT_COMTRADE
2016,792,288,303185535.0,DIRECT_EXPORT_COMTRADE
2016,792,344,409437649.0,DIRECT_EXPORT_COMTRADE
2016,792,356,1129743122.0,MIRROR_IMPORT_OECD
2016,792,360,258839374.0,DIRECT_EXPORT_COMTRADE
2016,792,364,5462153830.0,DIRECT_EXPORT_COMTRADE
2016,792,368,8496075909.0,DIRECT_EXPORT_COMTRADE
2016,792,376,3054604406.0,DIRECT_EXPORT_COMTRADE
2016,792,380,7857667242.0,DIRECT_EXPORT_COMTRADE
2016,792,384,119054901.0,DIRECT_EXPORT_COMTRADE
2016,792,392,359198353.0,DIRECT_EXPORT_COMTRADE
2016,792,404,137561609.0,DIRECT_EXPORT_COMTRADE
2016,792,410,553437054.0,DIRECT_EXPORT_COMTRADE
2016,792,414,441873110.0,DIRECT_EXPORT_COMTRADE
2016,792,446,5665546.0,DIRECT_EXPORT_COMTRADE
2016,792,458,329254474.0,DIRECT_EXPORT_COMTRADE
2016,792,484,475730428.0,DIRECT_EXPORT_COMTRADE
2016,792,496,25744263.0,DIRECT_EXPORT_COMTRADE
2016,792,504,1489797501.0,DIRECT_EXPORT_COMTRADE
2016,792,512,247989207.0,DIRECT_EXPORT_COMTRADE
2016,792,528,3843717999.0,DIRECT_EXPORT_COMTRADE
2016,792,554,97913949.0,DIRECT_EXPORT_COMTRADE
2016,792,586,373931404.0,DIRECT_EXPORT_COMTRADE
2016,792,604,88148699.0,DIRECT_EXPORT_COMTRADE
2016,792,608,114061949.0,DIRECT_EXPORT_COMTRADE
2016,792,616,2752851090.0,DIRECT_EXPORT_COMTRADE
2016,792,634,486428533.0,DIRECT_EXPORT_COMTRADE
2016,792,643,1792916121.0,DIRECT_EXPORT_COMTRADE
2016,792,682,3264122558.0,DIRECT_EXPORT_COMTRADE
2016,792,702,427215623.0,DIRECT_EXPORT_COMTRADE
2016,792,704,242394767.0,DIRECT_EXPORT_COMTRADE
2016,792,710,423282058.0,DIRECT_EXPORT_COMTRADE
2016,792,724,5228613421.0,DIRECT_EXPORT_COMTRADE
2016,792,757,2740007011.0,DIRECT_EXPORT_COMTRADE
2016,792,764,184417276.0,DIRECT_EXPORT_COMTRADE
2016,792,784,5542246979.0,DIRECT_EXPORT_COMTRADE
2016,792,818,2832073457.0,DIRECT_EXPORT_COMTRADE
2016,792,826,11961673292.0,DIRECT_EXPORT_COMTRADE
2016,792,834,97388173.0,DIRECT_EXPORT_COMTRADE
2016,792,841,8493585558.0,MIRROR_IMPORT_OECD
2016,818,12,432043509.397,DIRECT_EXPORT_COMTRADE
2016,818,24,15701246.612,DIRECT_EXPORT_COMTRADE
2016,818,31,1402946.788,DIRECT_EXPORT_COMTRADE
2016,818,32,7296257.081,DIRECT_EXPORT_COMTRADE
2016,818,36,23670254.921,DIRECT_EXPORT_COMTRADE
2016,818,50,64968919.006,DIRECT_EXPORT_COMTRADE
2016,818,58,130595817.0,MIRROR_IMPORT_OECD
2016,818,76,98077647.381,DIRECT_EXPORT_COMTRADE
2016,818,124,55013968.256,DIRECT_EXPORT_COMTRADE
2016,818,144,25370630.703,DIRECT_EXPORT_COMTRADE
2016,818,152,6150065.814,DIRECT_EXPORT_COMTRADE
2016,818,156,497558814.481,DIRECT_EXPORT_COMTRADE
2016,818,170,7333409.59,DIRECT_EXPORT_COMTRADE
2016,818,192,200565.281,DIRECT_EXPORT_COMTRADE
2016,818,214,3610831.458,DIRECT_EXPORT_COMTRADE
2016,818,218,1398155.223,DIRECT_EXPORT_COMTRADE
2016,818,230,178374299.0,MIRROR_IMPORT_OECD
2016,818,251,498373327.751,DIRECT_EXPORT_COMTRADE
2016,818,276,542401501.398,DIRECT_EXPORT_COMTRADE
2016,818,288,74025106.914,DIRECT_EXPORT_COMTRADE
2016,818,344,28849596.442,DIRECT_EXPORT_COMTRADE
2016,818,356,1022565113.0,MIRROR_IMPORT_OECD
2016,818,360,66446860.746,DIRECT_EXPORT_COMTRADE
2016,818,364,10335514.273,DIRECT_EXPORT_COMTRADE
2016,818,368,406165321.595,DIRECT_EXPORT_COMTRADE
2016,818,376,51441514.826,DIRECT_EXPORT_COMTRADE
2016,818,380,1494366586.646,DIRECT_EXPORT_COMTRADE
2016,818,384,33499630.588,DIRECT_EXPORT_COMTRADE
2016,818,392,49457204.005,DIRECT_EXPORT_COMTRADE
2016,818,404,278363153.307,DIRECT_EXPORT_COMTRADE
2016,818,410,29001864.987,DIRECT_EXPORT_COMTRADE
2016,818,414,386754381.698,DIRECT_EXPORT_COMTRADE
2016,818,446,99991.439,DIRECT_EXPORT_COMTRADE
2016,818,458,65097267.582,DIRECT_EXPORT_COMTRADE
2016,818,484,52180395.607,DIRECT_EXPORT_COMTRADE
2016,818,496,72621.943,DIRECT_EXPORT_COMTRADE
2016,818,504,340867051.802,DIRECT_EXPORT_COMTRADE
2016,818,512,154227837.621,DIRECT_EXPORT_COMTRADE
2016,818,528,327816330.915,DIRECT_EXPORT_COMTRADE
2016,818,554,4636327.169,DIRECT_EXPORT_COMTRADE
2016,818,586,123959471.018,DIRECT_EXPORT_COMTRADE
2016,818,604,4645470.824,DIRECT_EXPORT_COMTRADE
2016,818,608,6636680.531,DIRECT_EXPORT_COMTRADE
2016,818,616,94931179.183,DIRECT_EXPORT_COMTRADE
2016,818,634,285071743.512,DIRECT_EXPORT_COMTRADE
2016,818,643,267977766.261,DIRECT_EXPORT_COMTRADE
2016,818,682,1794301165.556,DIRECT_EXPORT_COMTRADE
2016,818,702,126748601.027,DIRECT_EXPORT_COMTRADE
2016,818,704,24318640.422,DIRECT_EXPORT_COMTRADE
2016,818,710,213573468.8,DIRECT_EXPORT_COMTRADE
2016,818,724,679645430.281,DIRECT_EXPORT_COMTRADE
2016,818,757,493475350.085,DIRECT_EXPORT_COMTRADE
2016,818,764,63034245.879,DIRECT_EXPORT_COMTRADE
2016,818,784,2878682219.311,DIRECT_EXPORT_COMTRADE
2016,818,792,1434547004.671,DIRECT_EXPORT_COMTRADE
2016,818,826,1055836808.174,DIRECT_EXPORT_COMTRADE
2016,818,834,29731034.151,DIRECT_EXPORT_COMTRADE
2016,818,841,1561796549.0,MIRROR_IMPORT_OECD
2016,826,12,559827390.0,DIRECT_EXPORT_COMTRADE
2016,826,24,499717790.0,DIRECT_EXPORT_COMTRADE
2016,826,31,524176155.0,DIRECT_EXPORT_COMTRADE
2016,826,32,405736920.0,DIRECT_EXPORT_COMTRADE
2016,826,36,5302224254.0,DIRECT_EXPORT_COMTRADE
2016,826,50,279746748.0,DIRECT_EXPORT_COMTRADE
2016,826,58,13128427051.0,MIRROR_IMPORT_OECD
2016,826,76,2550112752.0,DIRECT_EXPORT_COMTRADE
2016,826,124,6241955139.0,DIRECT_EXPORT_COMTRADE
2016,826,144,277933698.0,DIRECT_EXPORT_COMTRADE
2016,826,152,609151529.0,DIRECT_EXPORT_COMTRADE
2016,826,156,18142280186.0,DIRECT_EXPORT_COMTRADE
2016,826,170,356070825.0,DIRECT_EXPORT_COMTRADE
2016,826,192,34275685.0,DIRECT_EXPORT_COMTRADE
2016,826,214,139395741.0,DIRECT_EXPORT_COMTRADE
2016,826,218,54431135.0,DIRECT_EXPORT_COMTRADE
2016,826,230,214814797.0,MIRROR_IMPORT_OECD
2016,826,251,26461827772.0,DIRECT_EXPORT_COMTRADE
2016,826,276,43797383589.0,DIRECT_EXPORT_COMTRADE
2016,826,288,749660115.0,DIRECT_EXPORT_COMTRADE
2016,826,344,9007045142.0,DIRECT_EXPORT_COMTRADE
2016,826,356,3863790881.0,MIRROR_IMPORT_OECD
2016,826,360,716844032.0,DIRECT_EXPORT_COMTRADE
2016,826,364,194583780.0,DIRECT_EXPORT_COMTRADE
2016,826,368,301989688.0,DIRECT_EXPORT_COMTRADE
2016,826,376,1482562733.0,DIRECT_EXPORT_COMTRADE
2016,826,380,13123471995.0,DIRECT_EXPORT_COMTRADE
2016,826,384,114411321.0,DIRECT_EXPORT_COMTRADE
2016,826,392,6404653431.0,DIRECT_EXPORT_COMTRADE
2016,826,404,418849343.0,DIRECT_EXPORT_COMTRADE
2016,826,410,5958175134.0,DIRECT_EXPORT_COMTRADE
2016,826,414,684322307.0,DIRECT_EXPORT_COMTRADE
2016,826,446,56252498.0,DIRECT_EXPORT_COMTRADE
2016,826,458,1756585003.0,DIRECT_EXPORT_COMTRADE
2016,826,484,1710236646.0,DIRECT_EXPORT_COMTRADE
2016,826,496,7602509.0,DIRECT_EXPORT_COMTRADE
2016,826,504,1134649998.0,DIRECT_EXPORT_COMTRADE
2016,826,512,656452430.0,DIRECT_EXPORT_COMTRADE
2016,826,528,25484748059.0,DIRECT_EXPORT_COMTRADE
2016,826,554,953242058.0,DIRECT_EXPORT_COMTRADE
2016,826,586,843637984.0,DIRECT_EXPORT_COMTRADE
2016,826,604,215019213.0,DIRECT_EXPORT_COMTRADE
2016,826,608,540451192.0,DIRECT_EXPORT_COMTRADE
2016,826,616,5684911042.0,DIRECT_EXPORT_COMTRADE
2016,826,634,2569796724.0,DIRECT_EXPORT_COMTRADE
2016,826,643,3479439027.0,DIRECT_EXPORT_COMTRADE
2016,826,682,6615579983.0,DIRECT_EXPORT_COMTRADE
2016,826,702,6180283399.0,DIRECT_EXPORT_COMTRADE
2016,826,704,652080664.0,DIRECT_EXPORT_COMTRADE
2016,826,710,2666484604.0,DIRECT_EXPORT_COMTRADE
2016,826,724,13029685111.0,DIRECT_EXPORT_COMTRADE
2016,826,757,19774332505.0,DIRECT_EXPORT_COMTRADE
2016,826,764,1484152551.0,DIRECT_EXPORT_COMTRADE
2016,826,784,9114574351.0,DIRECT_EXPORT_COMTRADE
2016,826,792,6171969312.0,DIRECT_EXPORT_COMTRADE
2016,826,818,1649185629.0,DIRECT_EXPORT_COMTRADE
2016,826,834,143019588.0,DIRECT_EXPORT_COMTRADE
2016,826,841,55147156285.0,MIRROR_IMPORT_OECD
2016,834,12,514571.0,DIRECT_EXPORT_COMTRADE
2016,834,24,4561488.0,DIRECT_EXPORT_COMTRADE
2016,834,31,97.0,DIRECT_EXPORT_COMTRADE
2016,834,32,1005785.0,DIRECT_EXPORT_COMTRADE
2016,834,36,7579890.0,DIRECT_EXPORT_COMTRADE
2016,834,50,7190202.0,DIRECT_EXPORT_COMTRADE
2016,834,58,137737159.0,MIRROR_IMPORT_OECD
2016,834,76,9079.0,DIRECT_EXPORT_COMTRADE
2016,834,124,4662089.0,DIRECT_EXPORT_COMTRADE
2016,834,144,774393.0,DIRECT_EXPORT_COMTRADE
2016,834,152,330684.0,DIRECT_EXPORT_COMTRADE
2016,834,156,354226346.0,DIRECT_EXPORT_COMTRADE
2016,834,170,725918.0,DIRECT_EXPORT_COMTRADE
2016,834,214,71674.0,DIRECT_EXPORT_COMTRADE
2016,834,230,4561830.0,MIRROR_IMPORT_OECD
2016,834,251,25755057.0,DIRECT_EXPORT_COMTRADE
2016,834,276,115273832.0,DIRECT_EXPORT_COMTRADE
2016,834,288,1330188.0,DIRECT_EXPORT_COMTRADE
2016,834,344,30015710.0,DIRECT_EXPORT_COMTRADE
2016,834,356,830586828.0,MIRROR_IMPORT_OECD
2016,834,360,17194142.0,DIRECT_EXPORT_COMTRADE
2016,834,364,6090.0,DIRECT_EXPORT_COMTRADE
2016,834,368,2465611.0,DIRECT_EXPORT_COMTRADE
2016,834,376,13191847.0,DIRECT_EXPORT_COMTRADE
2016,834,380,42145584.0,DIRECT_EXPORT_COMTRADE
2016,834,384,466110.0,DIRECT_EXPORT_COMTRADE
2016,834,392,138528259.0,DIRECT_EXPORT_COMTRADE
2016,834,404,313885916.0,DIRECT_EXPORT_COMTRADE
2016,834,410,38912922.0,DIRECT_EXPORT_COMTRADE
2016,834,414,751418.0,DIRECT_EXPORT_COMTRADE
2016,834,458,13083184.0,DIRECT_EXPORT_COMTRADE
2016,834,484,1218905.0,DIRECT_EXPORT_COMTRADE
2016,834,504,2948247.0,DIRECT_EXPORT_COMTRADE
2016,834,512,4179909.0,DIRECT_EXPORT_COMTRADE
2016,834,528,63889477.0,DIRECT_EXPORT_COMTRADE
2016,834,554,5599076.0,DIRECT_EXPORT_COMTRADE
2016,834,586,14858354.0,DIRECT_EXPORT_COMTRADE
2016,834,604,138.0,DIRECT_EXPORT_COMTRADE
2016,834,608,2287087.0,DIRECT_EXPORT_COMTRADE
2016,834,616,11346698.0,DIRECT_EXPORT_COMTRADE
2016,834,634,1178500.0,DIRECT_EXPORT_COMTRADE
2016,834,643,11084393.0,DIRECT_EXPORT_COMTRADE
2016,834,682,13464011.0,DIRECT_EXPORT_COMTRADE
2016,834,702,10492355.0,DIRECT_EXPORT_COMTRADE
2016,834,704,149244615.0,DIRECT_EXPORT_COMTRADE
2016,834,710,631420829.0,DIRECT_EXPORT_COMTRADE
2016,834,724,15672419.0,DIRECT_EXPORT_COMTRADE
2016,834,757,767936942.0,DIRECT_EXPORT_COMTRADE
2016,834,764,9006873.0,DIRECT_EXPORT_COMTRADE
2016,834,784,63479595.0,DIRECT_EXPORT_COMTRADE
2016,834,792,2798746.0,DIRECT_EXPORT_COMTRADE
2016,834,818,1034554.0,DIRECT_EXPORT_COMTRADE
2016,834,826,22826827.0,DIRECT_EXPORT_COMTRADE
2016,834,841,151572297.0,MIRROR_IMPORT_OECD
2016,841,12,2191261626.0,DIRECT_EXPORT_OECD
2016,841,24,1249758184.0,DIRECT_EXPORT_OECD
2016,841,31,433527165.0,DIRECT_EXPORT_OECD
2016,841,32,8526705607.000001,DIRECT_EXPORT_OECD
2016,841,36,22132931153.0,DIRECT_EXPORT_OECD
2016,841,50,905730600.0,DIRECT_EXPORT_OECD
2016,841,58,32096609342.0,DIRECT_EXPORT_OECD
2016,841,76,30193264309.0,DIRECT_EXPORT_OECD
2016,841,124,266701920354.0,DIRECT_EXPORT_OECD
2016,841,144,367855266.0,DIRECT_EXPORT_OECD
2016,841,152,12931529741.0,DIRECT_EXPORT_OECD
2016,841,156,115594770316.0,DIRECT_EXPORT_OECD
2016,841,170,13047286078.0,DIRECT_EXPORT_OECD
2016,841,192,241836581.0,DIRECT_EXPORT_OECD
2016,841,214,7750713458.0,DIRECT_EXPORT_OECD
2016,841,218,4163585640.0,DIRECT_EXPORT_OECD
2016,841,230,826095277.0,DIRECT_EXPORT_OECD
2016,841,251,32634010502.0,DIRECT_EXPORT_OECD
2016,841,276,49369909886.0,DIRECT_EXPORT_OECD
2016,841,288,831984010.0,DIRECT_EXPORT_OECD
2016,841,344,34872648124.0,DIRECT_EXPORT_OECD
2016,841,356,21647174405.0,DIRECT_EXPORT_OECD
2016,841,360,6024280581.0,DIRECT_EXPORT_OECD
2016,841,364,172454308.0,DIRECT_EXPORT_OECD
2016,841,368,1266311141.0,DIRECT_EXPORT_OECD
2016,841,376,13199390724.0,DIRECT_EXPORT_OECD
2016,841,380,16721742684.0,DIRECT_EXPORT_OECD
2016,841,384,291255359.0,DIRECT_EXPORT_OECD
2016,841,392,63245045907.0,DIRECT_EXPORT_OECD
2016,841,404,397473455.0,DIRECT_EXPORT_OECD
2016,841,410,42260903971.0,DIRECT_EXPORT_OECD
2016,841,414,3295941825.0,DIRECT_EXPORT_OECD
2016,841,446,632019604.0,DIRECT_EXPORT_OECD
2016,841,458,11774071659.0,DIRECT_EXPORT_OECD
2016,841,484,230228819654.0,DIRECT_EXPORT_OECD
2016,841,496,55261990.0,DIRECT_EXPORT_OECD
2016,841,504,1932549861.0,DIRECT_EXPORT_OECD
2016,841,512,1803272983.0,DIRECT_EXPORT_OECD
2016,841,528,39637944994.0,DIRECT_EXPORT_OECD
2016,841,554,3567082022.0,DIRECT_EXPORT_OECD
2016,841,586,2107771529.0,DIRECT_EXPORT_OECD
2016,841,604,7926940524.0,DIRECT_EXPORT_OECD
2016,841,608,8193675662.0,DIRECT_EXPORT_OECD
2016,841,616,3623452748.0,DIRECT_EXPORT_OECD
2016,841,634,4926689354.0,DIRECT_EXPORT_OECD
2016,841,643,5831102662.0,DIRECT_EXPORT_OECD
2016,841,682,17993658268.0,DIRECT_EXPORT_OECD
2016,841,702,26782281693.0,DIRECT_EXPORT_OECD
2016,841,704,10098439060.0,DIRECT_EXPORT_OECD
2016,841,710,4599872063.0,DIRECT_EXPORT_OECD
2016,841,724,10401206965.0,DIRECT_EXPORT_OECD
2016,841,757,22717474048.0,DIRECT_EXPORT_OECD
2016,841,764,10500771977.0,DIRECT_EXPORT_OECD
2016,841,784,22382490291.0,DIRECT_EXPORT_OECD
2016,841,792,9354231999.0,DIRECT_EXPORT_OECD
2016,841,818,3485903685.0,DIRECT_EXPORT_OECD
2016,841,826,55188786399.0,DIRECT_EXPORT_OECD
2016,841,834,157566012.0,DIRECT_EXPORT_OECD
2023,12,58,738765089.0,MIRROR_IMPORT_OECD
2023,12,230,458678.0,MIRROR_IMPORT_OECD
2023,12,356,687359647.0,MIRROR_IMPORT_OECD
2023,12,841,3150865569.0,MIRROR_IMPORT_OECD
2023,24,12,20083.52,DIRECT_EXPORT_COMTRADE
2023,24,31,79966.27,DIRECT_EXPORT_COMTRADE
2023,24,32,657.51,DIRECT_EXPORT_COMTRADE
2023,24,36,200725.23,DIRECT_EXPORT_COMTRADE
2023,24,50,124117783.323,DIRECT_EXPORT_COMTRADE
2023,24,58,624778904.0,MIRROR_IMPORT_OECD
2023,24,76,629998316.19,DIRECT_EXPORT_COMTRADE
2023,24,124,712079056.759,DIRECT_EXPORT_COMTRADE
2023,24,144,2080.0,DIRECT_EXPORT_COMTRADE
2023,24,152,30120.02,DIRECT_EXPORT_COMTRADE
2023,24,156,17957559722.512,DIRECT_EXPORT_COMTRADE
2023,24,170,11070.63,DIRECT_EXPORT_COMTRADE
2023,24,192,961447.99,DIRECT_EXPORT_COMTRADE
2023,24,218,74578.64,DIRECT_EXPORT_COMTRADE
2023,24,230,63610.0,MIRROR_IMPORT_OECD
2023,24,251,1807779555.514,DIRECT_EXPORT_COMTRADE
2023,24,276,304624477.949,DIRECT_EXPORT_COMTRADE
2023,24,288,41896720.58,DIRECT_EXPORT_COMTRADE
2023,24,344,11743276.89,DIRECT_EXPORT_COMTRADE
2023,24,356,3907982649.0,MIRROR_IMPORT_OECD
2023,24,360,1118854247.339,DIRECT_EXPORT_COMTRADE
2023,24,368,1998.0,DIRECT_EXPORT_COMTRADE
2023,24,376,9735958.32,DIRECT_EXPORT_COMTRADE
2023,24,380,918256529.505,DIRECT_EXPORT_COMTRADE
2023,24,384,26026069.67,DIRECT_EXPORT_COMTRADE
2023,24,392,3674309.67,DIRECT_EXPORT_COMTRADE
2023,24,404,57856.14,DIRECT_EXPORT_COMTRADE
2023,24,410,463.0,DIRECT_EXPORT_COMTRADE
2023,24,414,17656.66,DIRECT_EXPORT_COMTRADE
2023,24,446,195242.2,DIRECT_EXPORT_COMTRADE
2023,24,458,787778930.953,DIRECT_EXPORT_COMTRADE
2023,24,484,11773143.8,DIRECT_EXPORT_COMTRADE
2023,24,496,2649983.6,DIRECT_EXPORT_COMTRADE
2023,24,504,6697970.7,DIRECT_EXPORT_COMTRADE
2023,24,512,308791.84,DIRECT_EXPORT_COMTRADE
2023,24,528,2426101145.243,DIRECT_EXPORT_COMTRADE
2023,24,554,172.0,DIRECT_EXPORT_COMTRADE
2023,24,586,85790.448,DIRECT_EXPORT_COMTRADE
2023,24,608,10610.15,DIRECT_EXPORT_COMTRADE
2023,24,616,33963159.55,DIRECT_EXPORT_COMTRADE
2023,24,634,1283983.19,DIRECT_EXPORT_COMTRADE
2023,24,643,67048.9,DIRECT_EXPORT_COMTRADE
2023,24,682,796146.23,DIRECT_EXPORT_COMTRADE
2023,24,702,638168275.443,DIRECT_EXPORT_COMTRADE
2023,24,704,135448307.323,DIRECT_EXPORT_COMTRADE
2023,24,710,448289311.464,DIRECT_EXPORT_COMTRADE
2023,24,724,2792399564.705,DIRECT_EXPORT_COMTRADE
2023,24,757,200768.73,DIRECT_EXPORT_COMTRADE
2023,24,764,173230.734,DIRECT_EXPORT_COMTRADE
2023,24,784,1154347228.648,DIRECT_EXPORT_COMTRADE
2023,24,792,11895639.604,DIRECT_EXPORT_COMTRADE
2023,24,818,23862966.68,DIRECT_EXPORT_COMTRADE
2023,24,826,568896259.808,DIRECT_EXPORT_COMTRADE
2023,24,834,899439.6,DIRECT_EXPORT_COMTRADE
2023,24,841,1205191072.0,MIRROR_IMPORT_OECD
2023,31,12,1551182.73,DIRECT_EXPORT_COMTRADE
2023,31,24,158884.02,DIRECT_EXPORT_COMTRADE
2023,31,36,29251893.63,DIRECT_EXPORT_COMTRADE
2023,31,50,1959795.42,DIRECT_EXPORT_COMTRADE
2023,31,58,44131508.0,MIRROR_IMPORT_OECD
2023,31,76,148389.65,DIRECT_EXPORT_COMTRADE
2023,31,124,1405719.49,DIRECT_EXPORT_COMTRADE
2023,31,144,908.0,DIRECT_EXPORT_COMTRADE
2023,31,152,734.76,DIRECT_EXPORT_COMTRADE
2023,31,156,78739104.75,DIRECT_EXPORT_COMTRADE
2023,31,170,462151.82,DIRECT_EXPORT_COMTRADE
2023,31,214,146336.62,DIRECT_EXPORT_COMTRADE
2023,31,251,133219503.23,DIRECT_EXPORT_COMTRADE
2023,31,276,907922975.04,DIRECT_EXPORT_COMTRADE
2023,31,288,59815.1,DIRECT_EXPORT_COMTRADE
2023,31,344,2342714.65,DIRECT_EXPORT_COMTRADE
2023,31,356,280954761.0,MIRROR_IMPORT_OECD
2023,31,360,150790422.76,DIRECT_EXPORT_COMTRADE
2023,31,364,14307387.06,DIRECT_EXPORT_COMTRADE
2023,31,368,19486971.64,DIRECT_EXPORT_COMTRADE
2023,31,376,1401607251.88,DIRECT_EXPORT_COMTRADE
2023,31,380,15208067598.85,DIRECT_EXPORT_COMTRADE
2023,31,384,1307.57,DIRECT_EXPORT_COMTRADE
2023,31,392,16861364.18,DIRECT_EXPORT_COMTRADE
2023,31,404,408247.52,DIRECT_EXPORT_COMTRADE
2023,31,410,526334.69,DIRECT_EXPORT_COMTRADE
2023,31,414,459533.47,DIRECT_EXPORT_COMTRADE
2023,31,458,39697431.66,DIRECT_EXPORT_COMTRADE
2023,31,484,297005.74,DIRECT_EXPORT_COMTRADE
2023,31,496,231557.7,DIRECT_EXPORT_COMTRADE
2023,31,504,101673.37,DIRECT_EXPORT_COMTRADE
2023,31,512,800575.82,DIRECT_EXPORT_COMTRADE
2023,31,528,44220364.01,DIRECT_EXPORT_COMTRADE
2023,31,554,24152.0,DIRECT_EXPORT_COMTRADE
2023,31,586,6884392.99,DIRECT_EXPORT_COMTRADE
2023,31,604,87932.72,DIRECT_EXPORT_COMTRADE
2023,31,616,11559381.15,DIRECT_EXPORT_COMTRADE
2023,31,634,2402905.19,DIRECT_EXPORT_COMTRADE
2023,31,643,1196411310.07,DIRECT_EXPORT_COMTRADE
2023,31,682,4902520.3,DIRECT_EXPORT_COMTRADE
2023,31,702,95131094.43,DIRECT_EXPORT_COMTRADE
2023,31,704,345757148.66,DIRECT_EXPORT_COMTRADE
2023,31,710,328378.4,DIRECT_EXPORT_COMTRADE
2023,31,724,785367760.83,DIRECT_EXPORT_COMTRADE
2023,31,757,175375114.69,DIRECT_EXPORT_COMTRADE
2023,31,764,26122180.04,DIRECT_EXPORT_COMTRADE
2023,31,784,74200280.91,DIRECT_EXPORT_COMTRADE
2023,31,792,5359328066.92,DIRECT_EXPORT_COMTRADE
2023,31,818,1000806.05,DIRECT_EXPORT_COMTRADE
2023,31,826,447984531.14,DIRECT_EXPORT_COMTRADE
2023,31,834,1295.0,DIRECT_EXPORT_COMTRADE
2023,31,841,71612893.0,MIRROR_IMPORT_OECD
2023,32,12,895275956.99,DIRECT_EXPORT_COMTRADE
2023,32,24,39021412.06,DIRECT_EXPORT_COMTRADE
2023,32,31,3085760.88,DIRECT_EXPORT_COMTRADE
2023,32,36,541042047.53,DIRECT_EXPORT_COMTRADE
2023,32,50,456980049.41,DIRECT_EXPORT_COMTRADE
2023,32,58,226739604.0,MIRROR_IMPORT_OECD
2023,32,76,11856694694.54,DIRECT_EXPORT_COMTRADE
2023,32,124,799922906.95,DIRECT_EXPORT_COMTRADE
2023,32,144,3494664.65,DIRECT_EXPORT_COMTRADE
2023,32,152,4940161145.71,DIRECT_EXPORT_COMTRADE
2023,32,156,5173514945.26,DIRECT_EXPORT_COMTRADE
2023,32,170,1283559012.69,DIRECT_EXPORT_COMTRADE
2023,32,192,138810560.24,DIRECT_EXPORT_COMTRADE
2023,32,214,334431239.89,DIRECT_EXPORT_COMTRADE
2023,32,218,456639420.24,DIRECT_EXPORT_COMTRADE
2023,32,230,2749729.0,MIRROR_IMPORT_OECD
2023,32,251,342457568.35,DIRECT_EXPORT_COMTRADE
2023,32,276,763964928.58,DIRECT_EXPORT_COMTRADE
2023,32,288,89479890.97,DIRECT_EXPORT_COMTRADE
2023,32,344,96781418.19,DIRECT_EXPORT_COMTRADE
2023,32,356,2954283302.0,MIRROR_IMPORT_OECD
2023,32,360,974369842.09,DIRECT_EXPORT_COMTRADE
2023,32,364,204430033.01,DIRECT_EXPORT_COMTRADE
2023,32,368,240389908.77,DIRECT_EXPORT_COMTRADE
2023,32,376,341151581.18,DIRECT_EXPORT_COMTRADE
2023,32,380,803092096.18,DIRECT_EXPORT_COMTRADE
2023,32,384,61083977.76,DIRECT_EXPORT_COMTRADE
2023,32,392,658805136.28,DIRECT_EXPORT_COMTRADE
2023,32,404,23816250.77,DIRECT_EXPORT_COMTRADE
2023,32,410,1184802878.2,DIRECT_EXPORT_COMTRADE
2023,32,414,46269302.69,DIRECT_EXPORT_COMTRADE
2023,32,458,1256694456.3,DIRECT_EXPORT_COMTRADE
2023,32,484,841802008.28,DIRECT_EXPORT_COMTRADE
2023,32,496,6727374.73,DIRECT_EXPORT_COMTRADE
2023,32,504,485161238.64,DIRECT_EXPORT_COMTRADE
2023,32,512,110694860.66,DIRECT_EXPORT_COMTRADE
2023,32,528,1559138215.58,DIRECT_EXPORT_COMTRADE
2023,32,554,115997529.65,DIRECT_EXPORT_COMTRADE
2023,32,586,117252970.17,DIRECT_EXPORT_COMTRADE
2023,32,604,2554614988.95,DIRECT_EXPORT_COMTRADE
2023,32,608,349076254.45,DIRECT_EXPORT_COMTRADE
2023,32,616,368081144.39,DIRECT_EXPORT_COMTRADE
2023,32,634,35611070.49,DIRECT_EXPORT_COMTRADE
2023,32,643,268605148.19,DIRECT_EXPORT_COMTRADE
2023,32,682,750010621.3,DIRECT_EXPORT_COMTRADE
2023,32,702,84365338.15,DIRECT_EXPORT_COMTRADE
2023,32,704,2093184113.69,DIRECT_EXPORT_COMTRADE
2023,32,710,207156316.08,DIRECT_EXPORT_COMTRADE
2023,32,724,1441107222.22,DIRECT_EXPORT_COMTRADE
2023,32,757,1192801780.69,DIRECT_EXPORT_COMTRADE
2023,32,764,267946043.32,DIRECT_EXPORT_COMTRADE
2023,32,784,330600214.86,DIRECT_EXPORT_COMTRADE
2023,32,792,578736092.37,DIRECT_EXPORT_COMTRADE
2023,32,818,814948318.5,DIRECT_EXPORT_COMTRADE
2023,32,826,603320102.21,DIRECT_EXPORT_COMTRADE
2023,32,834,1316360.17,DIRECT_EXPORT_COMTRADE
2023,32,841,6730253742.0,MIRROR_IMPORT_OECD
2023,36,12,36618436.85,DIRECT_EXPORT_COMTRADE
2023,36,24,8279669.127,DIRECT_EXPORT_COMTRADE
2023,36,31,1608025.755,DIRECT_EXPORT_COMTRADE
2023,36,32,292916570.486,DIRECT_EXPORT_COMTRADE
2023,36,50,1263623854.72,DIRECT_EXPORT_COMTRADE
2023,36,58,1163855310.0,MIRROR_IMPORT_OECD
2023,36,76,1279311526.228,DIRECT_EXPORT_COMTRADE
2023,36,124,1632270425.583,DIRECT_EXPORT_COMTRADE
2023,36,144,146577318.968,DIRECT_EXPORT_COMTRADE
2023,36,152,421931164.299,DIRECT_EXPORT_COMTRADE
2023,36,156,120219456120.135,DIRECT_EXPORT_COMTRADE
2023,36,170,32777566.325,DIRECT_EXPORT_COMTRADE
2023,36,192,3101.932,DIRECT_EXPORT_COMTRADE
2023,36,214,12905203.491,DIRECT_EXPORT_COMTRADE
2023,36,218,27225687.106,DIRECT_EXPORT_COMTRADE
2023,36,230,7675132.0,MIRROR_IMPORT_OECD
2023,36,251,1502745962.281,DIRECT_EXPORT_COMTRADE
2023,36,276,1923262714.119,DIRECT_EXPORT_COMTRADE
2023,36,288,68676410.809,DIRECT_EXPORT_COMTRADE
2023,36,344,6458977550.521,DIRECT_EXPORT_COMTRADE
2023,36,356,18546162563.0,MIRROR_IMPORT_OECD
2023,36,360,7477464250.685,DIRECT_EXPORT_COMTRADE
2023,36,364,52018758.126,DIRECT_EXPORT_COMTRADE
2023,36,368,344928168.724,DIRECT_EXPORT_COMTRADE
2023,36,376,187269028.068,DIRECT_EXPORT_COMTRADE
2023,36,380,568723229.426,DIRECT_EXPORT_COMTRADE
2023,36,384,51589949.443,DIRECT_EXPORT_COMTRADE
2023,36,392,36190353028.187,DIRECT_EXPORT_COMTRADE
2023,36,404,130866355.402,DIRECT_EXPORT_COMTRADE
2023,36,410,20904849457.501,DIRECT_EXPORT_COMTRADE
2023,36,414,312389171.447,DIRECT_EXPORT_COMTRADE
2023,36,446,72106066.43,DIRECT_EXPORT_COMTRADE
2023,36,458,5735815469.283,DIRECT_EXPORT_COMTRADE
2023,36,484,660123019.859,DIRECT_EXPORT_COMTRADE
2023,36,496,32548423.323,DIRECT_EXPORT_COMTRADE
2023,36,504,18341122.68,DIRECT_EXPORT_COMTRADE
2023,36,512,394077629.99,DIRECT_EXPORT_COMTRADE
2023,36,528,3460306566.657,DIRECT_EXPORT_COMTRADE
2023,36,554,8264594026.237,DIRECT_EXPORT_COMTRADE
2023,36,586,686157692.721,DIRECT_EXPORT_COMTRADE
2023,36,604,117990029.308,DIRECT_EXPORT_COMTRADE
2023,36,608,2262490726.103,DIRECT_EXPORT_COMTRADE
2023,36,616,405986533.387,DIRECT_EXPORT_COMTRADE
2023,36,634,660850013.943,DIRECT_EXPORT_COMTRADE
2023,36,643,2590896.988,DIRECT_EXPORT_COMTRADE
2023,36,682,789645987.006,DIRECT_EXPORT_COMTRADE
2023,36,702,6627937845.152,DIRECT_EXPORT_COMTRADE
2023,36,704,7824073994.63,DIRECT_EXPORT_COMTRADE
2023,36,710,1100569131.947,DIRECT_EXPORT_COMTRADE
2023,36,724,544122763.19,DIRECT_EXPORT_COMTRADE
2023,36,757,1600118563.875,DIRECT_EXPORT_COMTRADE
2023,36,764,4446453821.619,DIRECT_EXPORT_COMTRADE
2023,36,784,3085372825.87,DIRECT_EXPORT_COMTRADE
2023,36,792,857639546.964,DIRECT_EXPORT_COMTRADE
2023,36,818,465245772.969,DIRECT_EXPORT_COMTRADE
2023,36,826,3780439889.171,DIRECT_EXPORT_COMTRADE
2023,36,834,40355759.723,DIRECT_EXPORT_COMTRADE
2023,36,841,15313112630.0,MIRROR_IMPORT_OECD
2023,50,58,415839432.0,MIRROR_IMPORT_OECD
2023,50,230,4241462.0,MIRROR_IMPORT_OECD
2023,50,356,1893118973.0,MIRROR_IMPORT_OECD
2023,50,841,8668700578.0,MIRROR_IMPORT_OECD
2023,58,12,544105740.0,DIRECT_EXPORT_OECD
2023,58,24,226595335.0,DIRECT_EXPORT_OECD
2023,58,31,56646926.0,DIRECT_EXPORT_OECD
2023,58,32,810147016.0,DIRECT_EXPORT_OECD
2023,58,36,1912707205.0,DIRECT_EXPORT_OECD
2023,58,50,229826320.0,DIRECT_EXPORT_OECD
2023,58,76,2639166380.0,DIRECT_EXPORT_OECD
2023,58,124,2987616485.0,DIRECT_EXPORT_OECD
2023,58,144,80766968.0,DIRECT_EXPORT_OECD
2023,58,152,504076276.0,DIRECT_EXPORT_OECD
2023,58,156,6804179160.0,DIRECT_EXPORT_OECD
2023,58,170,489737415.0,DIRECT_EXPORT_OECD
2023,58,192,24948353.0,DIRECT_EXPORT_OECD
2023,58,214,164975907.0,DIRECT_EXPORT_OECD
2023,58,218,111007197.0,DIRECT_EXPORT_OECD
2023,58,230,191299129.0,DIRECT_EXPORT_OECD
2023,58,251,49739420139.0,DIRECT_EXPORT_OECD
2023,58,276,64055169590.0,DIRECT_EXPORT_OECD
2023,58,288,564916494.0,DIRECT_EXPORT_OECD
2023,58,344,1669726905.0,DIRECT_EXPORT_OECD
2023,58,356,4827461380.0,DIRECT_EXPORT_OECD
2023,58,360,704620950.0,DIRECT_EXPORT_OECD
2023,58,364,249963792.0,DIRECT_EXPORT_OECD
2023,58,368,303987885.0,DIRECT_EXPORT_OECD
2023,58,376,1884992244.0,DIRECT_EXPORT_OECD
2023,58,380,18216520387.0,DIRECT_EXPORT_OECD
2023,58,384,809041818.0,DIRECT_EXPORT_OECD
2023,58,392,4343908142.0,DIRECT_EXPORT_OECD
2023,58,404,200577514.0,DIRECT_EXPORT_OECD
2023,58,410,2000447831.0,DIRECT_EXPORT_OECD
2023,58,414,254266496.0,DIRECT_EXPORT_OECD
2023,58,446,8090383.0,DIRECT_EXPORT_OECD
2023,58,458,829517568.0,DIRECT_EXPORT_OECD
2023,58,484,2129135804.0,DIRECT_EXPORT_OECD
2023,58,496,26880573.0,DIRECT_EXPORT_OECD
2023,58,504,1172880510.0,DIRECT_EXPORT_OECD
2023,58,512,133876946.0,DIRECT_EXPORT_OECD
2023,58,528,52930806106.0,DIRECT_EXPORT_OECD
2023,58,554,271281145.0,DIRECT_EXPORT_OECD
2023,58,586,489620761.0,DIRECT_EXPORT_OECD
2023,58,604,221196866.0,DIRECT_EXPORT_OECD
2023,58,608,449028717.0,DIRECT_EXPORT_OECD
2023,58,616,10286520620.0,DIRECT_EXPORT_OECD
2023,58,634,266304783.0,DIRECT_EXPORT_OECD
2023,58,643,2085501424.0,DIRECT_EXPORT_OECD
2023,58,682,2182429030.0,DIRECT_EXPORT_OECD
2023,58,702,1450939261.0,DIRECT_EXPORT_OECD
2023,58,704,866638706.0,DIRECT_EXPORT_OECD
2023,58,710,1330461655.0,DIRECT_EXPORT_OECD
2023,58,724,11107566499.0,DIRECT_EXPORT_OECD
2023,58,757,5004580481.0,DIRECT_EXPORT_OECD
2023,58,764,826601878.0,DIRECT_EXPORT_OECD
2023,58,784,3920029887.0,DIRECT_EXPORT_OECD
2023,58,792,5179478475.0,DIRECT_EXPORT_OECD
2023,58,818,1354759145.0,DIRECT_EXPORT_OECD
2023,58,826,23389321676.0,DIRECT_EXPORT_OECD
2023,58,834,94576496.0,DIRECT_EXPORT_OECD
2023,58,841,27717334741.0,DIRECT_EXPORT_OECD
2023,76,12,2373913302.0,DIRECT_EXPORT_COMTRADE
2023,76,24,409769293.0,DIRECT_EXPORT_COMTRADE
2023,76,31,27665388.0,DIRECT_EXPORT_COMTRADE
2023,76,32,16712209284.0,DIRECT_EXPORT_COMTRADE
2023,76,36,712786968.0,DIRECT_EXPORT_COMTRADE
2023,76,50,2105984306.0,DIRECT_EXPORT_COMTRADE
2023,76,58,1589248934.0,MIRROR_IMPORT_OECD
2023,76,124,5772279323.0,DIRECT_EXPORT_COMTRADE
2023,76,144,40142962.0,DIRECT_EXPORT_COMTRADE
2023,76,152,7944784712.0,DIRECT_EXPORT_COMTRADE
2023,76,156,104324811805.0,DIRECT_EXPORT_COMTRADE
2023,76,170,3822571869.0,DIRECT_EXPORT_COMTRADE
2023,76,192,220138343.0,DIRECT_EXPORT_COMTRADE
2023,76,214,1067075215.0,DIRECT_EXPORT_COMTRADE
2023,76,218,1110177865.0,DIRECT_EXPORT_COMTRADE
2023,76,230,40473350.0,MIRROR_IMPORT_OECD
2023,76,251,2975519909.0,DIRECT_EXPORT_COMTRADE
2023,76,276,5646806466.0,DIRECT_EXPORT_COMTRADE
2023,76,288,297101537.0,DIRECT_EXPORT_COMTRADE
2023,76,344,1438416299.0,DIRECT_EXPORT_COMTRADE
2023,76,356,6469573724.0,MIRROR_IMPORT_OECD
2023,76,360,4126775075.0,DIRECT_EXPORT_COMTRADE
2023,76,364,2298109484.0,DIRECT_EXPORT_COMTRADE
2023,76,368,1288662425.0,DIRECT_EXPORT_COMTRADE
2023,76,376,661867476.0,DIRECT_EXPORT_COMTRADE
2023,76,380,4085106804.0,DIRECT_EXPORT_COMTRADE
2023,76,384,221966103.0,DIRECT_EXPORT_COMTRADE
2023,76,392,6620217025.0,DIRECT_EXPORT_COMTRADE
2023,76,404,126351494.0,DIRECT_EXPORT_COMTRADE
2023,76,410,5640635083.0,DIRECT_EXPORT_COMTRADE
2023,76,414,268028150.0,DIRECT_EXPORT_COMTRADE
2023,76,446,2811310.0,DIRECT_EXPORT_COMTRADE
2023,76,458,4066503324.0,DIRECT_EXPORT_COMTRADE
2023,76,484,8571678431.0,DIRECT_EXPORT_COMTRADE
2023,76,496,2867232.0,DIRECT_EXPORT_COMTRADE
2023,76,504,1238351221.0,DIRECT_EXPORT_COMTRADE
2023,76,512,1191451418.0,DIRECT_EXPORT_COMTRADE
2023,76,528,12148381795.0,DIRECT_EXPORT_COMTRADE
2023,76,554,116617662.0,DIRECT_EXPORT_COMTRADE
2023,76,586,352370192.0,DIRECT_EXPORT_COMTRADE
2023,76,604,3196094519.0,DIRECT_EXPORT_COMTRADE
2023,76,608,1550999933.0,DIRECT_EXPORT_COMTRADE
2023,76,616,1750837816.0,DIRECT_EXPORT_COMTRADE
2023,76,634,363982418.0,DIRECT_EXPORT_COMTRADE
2023,76,643,1343313932.0,DIRECT_EXPORT_COMTRADE
2023,76,682,3203556626.0,DIRECT_EXPORT_COMTRADE
2023,76,702,7459246165.0,DIRECT_EXPORT_COMTRADE
2023,76,704,3722437150.0,DIRECT_EXPORT_COMTRADE
2023,76,710,1642492859.0,DIRECT_EXPORT_COMTRADE
2023,76,724,7858769806.0,DIRECT_EXPORT_COMTRADE
2023,76,757,1384405347.0,DIRECT_EXPORT_COMTRADE
2023,76,764,3349745364.0,DIRECT_EXPORT_COMTRADE
2023,76,784,3165705594.0,DIRECT_EXPORT_COMTRADE
2023,76,792,3381552524.0,DIRECT_EXPORT_COMTRADE
2023,76,818,2314700830.0,DIRECT_EXPORT_COMTRADE
2023,76,826,3343092336.0,DIRECT_EXPORT_COMTRADE
2023,76,834,73250405.0,DIRECT_EXPORT_COMTRADE
2023,76,841,40998269163.0,MIRROR_IMPORT_OECD
2023,124,12,971333448.576,DIRECT_EXPORT_COMTRADE
2023,124,24,42676610.886,DIRECT_EXPORT_COMTRADE
2023,124,31,8182261.841,DIRECT_EXPORT_COMTRADE
2023,124,32,300460841.791,DIRECT_EXPORT_COMTRADE
2023,124,36,2352021332.208,DIRECT_EXPORT_COMTRADE
2023,124,50,975369707.635,DIRECT_EXPORT_COMTRADE
2023,124,58,3125478884.0,MIRROR_IMPORT_OECD
2023,124,76,3031437604.549,DIRECT_EXPORT_COMTRADE
2023,124,144,110406051.909,DIRECT_EXPORT_COMTRADE
2023,124,152,734029699.139,DIRECT_EXPORT_COMTRADE
2023,124,156,22612235334.833,DIRECT_EXPORT_COMTRADE
2023,124,170,913196324.812,DIRECT_EXPORT_COMTRADE
2023,124,192,226072520.532,DIRECT_EXPORT_COMTRADE
2023,124,214,219288851.111,DIRECT_EXPORT_COMTRADE
2023,124,218,489632037.065,DIRECT_EXPORT_COMTRADE
2023,124,230,42739326.0,MIRROR_IMPORT_OECD
2023,124,251,3164752383.727,DIRECT_EXPORT_COMTRADE
2023,124,276,5339547643.061,DIRECT_EXPORT_COMTRADE
2023,124,288,208372345.725,DIRECT_EXPORT_COMTRADE
2023,124,344,3637125266.941,DIRECT_EXPORT_COMTRADE
2023,124,356,7145926647.0,MIRROR_IMPORT_OECD
2023,124,360,1728518658.35,DIRECT_EXPORT_COMTRADE
2023,124,364,338350089.457,DIRECT_EXPORT_COMTRADE
2023,124,368,281054629.315,DIRECT_EXPORT_COMTRADE
2023,124,376,318157292.642,DIRECT_EXPORT_COMTRADE
2023,124,380,1994016166.026,DIRECT_EXPORT_COMTRADE
2023,124,384,97695644.39,DIRECT_EXPORT_COMTRADE
2023,124,392,11736988181.798,DIRECT_EXPORT_COMTRADE
2023,124,404,82077061.556,DIRECT_EXPORT_COMTRADE
2023,124,410,5157611433.674,DIRECT_EXPORT_COMTRADE
2023,124,414,105041214.797,DIRECT_EXPORT_COMTRADE
2023,124,446,23963312.707,DIRECT_EXPORT_COMTRADE
2023,124,458,910006923.059,DIRECT_EXPORT_COMTRADE
2023,124,484,6571267868.285,DIRECT_EXPORT_COMTRADE
2023,124,496,22778856.258,DIRECT_EXPORT_COMTRADE
2023,124,504,590704234.39,DIRECT_EXPORT_COMTRADE
2023,124,512,89833539.028,DIRECT_EXPORT_COMTRADE
2023,124,528,5513765653.861,DIRECT_EXPORT_COMTRADE
2023,124,554,340554134.901,DIRECT_EXPORT_COMTRADE
2023,124,586,167150861.456,DIRECT_EXPORT_COMTRADE
2023,124,604,1022152158.585,DIRECT_EXPORT_COMTRADE
2023,124,608,925005941.745,DIRECT_EXPORT_COMTRADE
2023,124,616,886850674.596,DIRECT_EXPORT_COMTRADE
2023,124,634,168700588.548,DIRECT_EXPORT_COMTRADE
2023,124,643,35938821.607,DIRECT_EXPORT_COMTRADE
2023,124,682,1605308311.827,DIRECT_EXPORT_COMTRADE
2023,124,702,1280514990.125,DIRECT_EXPORT_COMTRADE
2023,124,704,576130988.22,DIRECT_EXPORT_COMTRADE
2023,124,710,342362634.319,DIRECT_EXPORT_COMTRADE
2023,124,724,1697516988.617,DIRECT_EXPORT_COMTRADE
2023,124,757,3542935679.805,DIRECT_EXPORT_COMTRADE
2023,124,764,799549400.259,DIRECT_EXPORT_COMTRADE
2023,124,784,1539957914.015,DIRECT_EXPORT_COMTRADE
2023,124,792,912135802.676,DIRECT_EXPORT_COMTRADE
2023,124,818,293824850.512,DIRECT_EXPORT_COMTRADE
2023,124,826,11282908106.828,DIRECT_EXPORT_COMTRADE
2023,124,834,53922357.07,DIRECT_EXPORT_COMTRADE
2023,124,841,429604898391.0,MIRROR_IMPORT_OECD
2023,144,12,1732564.394,DIRECT_EXPORT_COMTRADE
2023,144,24,2178777.08,DIRECT_EXPORT_COMTRADE
2023,144,31,51367714.976,DIRECT_EXPORT_COMTRADE
2023,144,32,8810300.152,DIRECT_EXPORT_COMTRADE
2023,144,36,229457114.83,DIRECT_EXPORT_COMTRADE
2023,144,50,176930569.847,DIRECT_EXPORT_COMTRADE
2023,144,58,154448273.0,MIRROR_IMPORT_OECD
2023,144,76,73386204.055,DIRECT_EXPORT_COMTRADE
2023,144,124,296438042.376,DIRECT_EXPORT_COMTRADE
2023,144,152,47496738.096,DIRECT_EXPORT_COMTRADE
2023,144,156,268569049.302,DIRECT_EXPORT_COMTRADE
2023,144,170,12144255.817,DIRECT_EXPORT_COMTRADE
2023,144,192,127556.418,DIRECT_EXPORT_COMTRADE
2023,144,214,7248467.419,DIRECT_EXPORT_COMTRADE
2023,144,218,9664567.016,DIRECT_EXPORT_COMTRADE
2023,144,230,4209800.0,MIRROR_IMPORT_OECD
2023,144,251,311804462.226,DIRECT_EXPORT_COMTRADE
2023,144,276,603886449.217,DIRECT_EXPORT_COMTRADE
2023,144,288,12182709.44,DIRECT_EXPORT_COMTRADE
2023,144,344,177912579.455,DIRECT_EXPORT_COMTRADE
2023,144,356,893328278.0,MIRROR_IMPORT_OECD
2023,144,360,56110490.76,DIRECT_EXPORT_COMTRADE
2023,144,364,44236858.3,DIRECT_EXPORT_COMTRADE
2023,144,368,130502119.056,DIRECT_EXPORT_COMTRADE
2023,144,376,181993311.504,DIRECT_EXPORT_COMTRADE
2023,144,380,684271371.139,DIRECT_EXPORT_COMTRADE
2023,144,384,4061870.164,DIRECT_EXPORT_COMTRADE
2023,144,392,192705803.227,DIRECT_EXPORT_COMTRADE
2023,144,404,46595494.279,DIRECT_EXPORT_COMTRADE
2023,144,410,76982068.137,DIRECT_EXPORT_COMTRADE
2023,144,414,22134334.866,DIRECT_EXPORT_COMTRADE
2023,144,446,1838374.757,DIRECT_EXPORT_COMTRADE
2023,144,458,66714530.404,DIRECT_EXPORT_COMTRADE
2023,144,484,186042938.202,DIRECT_EXPORT_COMTRADE
2023,144,496,1395274.202,DIRECT_EXPORT_COMTRADE
2023,144,504,13387916.244,DIRECT_EXPORT_COMTRADE
2023,144,512,10878834.743,DIRECT_EXPORT_COMTRADE
2023,144,528,348147153.312,DIRECT_EXPORT_COMTRADE
2023,144,554,26564758.032,DIRECT_EXPORT_COMTRADE
2023,144,586,136443135.291,DIRECT_EXPORT_COMTRADE
2023,144,604,35769929.854,DIRECT_EXPORT_COMTRADE
2023,144,608,14914190.486,DIRECT_EXPORT_COMTRADE
2023,144,616,62813508.775,DIRECT_EXPORT_COMTRADE
2023,144,634,18183560.533,DIRECT_EXPORT_COMTRADE
2023,144,643,146421560.611,DIRECT_EXPORT_COMTRADE
2023,144,682,131364931.023,DIRECT_EXPORT_COMTRADE
2023,144,702,151492839.021,DIRECT_EXPORT_COMTRADE
2023,144,704,38603301.747,DIRECT_EXPORT_COMTRADE
2023,144,710,39303465.707,DIRECT_EXPORT_COMTRADE
2023,144,724,90492088.067,DIRECT_EXPORT_COMTRADE
2023,144,757,187987681.992,DIRECT_EXPORT_COMTRADE
2023,144,764,50154263.352,DIRECT_EXPORT_COMTRADE
2023,144,784,390134483.263,DIRECT_EXPORT_COMTRADE
2023,144,792,197632855.797,DIRECT_EXPORT_COMTRADE
2023,144,818,33663130.826,DIRECT_EXPORT_COMTRADE
2023,144,826,861107526.437,DIRECT_EXPORT_COMTRADE
2023,144,834,11344098.26,DIRECT_EXPORT_COMTRADE
2023,144,841,2976099550.0,MIRROR_IMPORT_OECD
2023,152,12,7860994.32,DIRECT_EXPORT_COMTRADE
2023,152,24,468359.12,DIRECT_EXPORT_COMTRADE
2023,152,31,2560887.71,DIRECT_EXPORT_COMTRADE
2023,152,32,882682104.346,DIRECT_EXPORT_COMTRADE
2023,152,36,204617834.439,DIRECT_EXPORT_COMTRADE
2023,152,50,40358521.72,DIRECT_EXPORT_COMTRADE
2023,152,58,485706208.0,MIRROR_IMPORT_OECD
2023,152,76,4241721466.88,DIRECT_EXPORT_COMTRADE
2023,152,124,1320074486.068,DIRECT_EXPORT_COMTRADE
2023,152,144,6040523.712,DIRECT_EXPORT_COMTRADE
2023,152,156,35589329060.538,DIRECT_EXPORT_COMTRADE
2023,152,170,698405160.783,DIRECT_EXPORT_COMTRADE
2023,152,192,19917226.29,DIRECT_EXPORT_COMTRADE
2023,152,214,161663775.746,DIRECT_EXPORT_COMTRADE
2023,152,218,575553232.772,DIRECT_EXPORT_COMTRADE
2023,152,230,1876373.0,MIRROR_IMPORT_OECD
2023,152,251,1012774662.78,DIRECT_EXPORT_COMTRADE
2023,152,276,1053498369.024,DIRECT_EXPORT_COMTRADE
2023,152,288,24132192.15,DIRECT_EXPORT_COMTRADE
2023,152,344,48685324.471,DIRECT_EXPORT_COMTRADE
2023,152,356,1487346194.0,MIRROR_IMPORT_OECD
2023,152,360,152988745.822,DIRECT_EXPORT_COMTRADE
2023,152,364,2430140.64,DIRECT_EXPORT_COMTRADE
2023,152,368,3535565.264,DIRECT_EXPORT_COMTRADE
2023,152,376,129094014.35,DIRECT_EXPORT_COMTRADE
2023,152,380,879338765.221,DIRECT_EXPORT_COMTRADE
2023,152,384,110361542.0,DIRECT_EXPORT_COMTRADE
2023,152,392,6837152259.018,DIRECT_EXPORT_COMTRADE
2023,152,404,2202733.37,DIRECT_EXPORT_COMTRADE
2023,152,410,5697212692.17,DIRECT_EXPORT_COMTRADE
2023,152,414,9566441.89,DIRECT_EXPORT_COMTRADE
2023,152,446,46811.29,DIRECT_EXPORT_COMTRADE
2023,152,458,298931551.995,DIRECT_EXPORT_COMTRADE
2023,152,484,1694597895.127,DIRECT_EXPORT_COMTRADE
2023,152,496,2422888.22,DIRECT_EXPORT_COMTRADE
2023,152,504,39314768.62,DIRECT_EXPORT_COMTRADE
2023,152,512,6601763.12,DIRECT_EXPORT_COMTRADE
2023,152,528,1661216076.476,DIRECT_EXPORT_COMTRADE
2023,152,554,58546120.571,DIRECT_EXPORT_COMTRADE
2023,152,586,15324352.514,DIRECT_EXPORT_COMTRADE
2023,152,604,1560534235.174,DIRECT_EXPORT_COMTRADE
2023,152,608,199611858.03,DIRECT_EXPORT_COMTRADE
2023,152,616,113265382.17,DIRECT_EXPORT_COMTRADE
2023,152,634,7009901.49,DIRECT_EXPORT_COMTRADE
2023,152,643,459445534.07,DIRECT_EXPORT_COMTRADE
2023,152,682,73390367.17,DIRECT_EXPORT_COMTRADE
2023,152,702,85853528.347,DIRECT_EXPORT_COMTRADE
2023,152,704,321655763.96,DIRECT_EXPORT_COMTRADE
2023,152,710,97368950.211,DIRECT_EXPORT_COMTRADE
2023,152,724,1212443628.963,DIRECT_EXPORT_COMTRADE
2023,152,757,678543531.719,DIRECT_EXPORT_COMTRADE
2023,152,764,644295387.943,DIRECT_EXPORT_COMTRADE
2023,152,784,176539592.716,DIRECT_EXPORT_COMTRADE
2023,152,792,133353999.117,DIRECT_EXPORT_COMTRADE
2023,152,818,11231083.84,DIRECT_EXPORT_COMTRADE
2023,152,826,467183579.611,DIRECT_EXPORT_COMTRADE
2023,152,834,10350573.322,DIRECT_EXPORT_COMTRADE
2023,152,841,16623260047.0,MIRROR_IMPORT_OECD
2023,156,12,9457689464.0,DIRECT_EXPORT_COMTRADE
2023,156,24,4141201134.0,DIRECT_EXPORT_COMTRADE
2023,156,31,1715967.0,DIRECT_EXPORT_COMTRADE
2023,156,32,10739158729.0,DIRECT_EXPORT_COMTRADE
2023,156,36,73814238179.0,DIRECT_EXPORT_COMTRADE
2023,156,50,22953015504.0,DIRECT_EXPORT_COMTRADE
2023,156,58,14237893000.0,MIRROR_IMPORT_OECD
2023,156,76,59105409511.0,DIRECT_EXPORT_COMTRADE
2023,156,124,45074269772.0,DIRECT_EXPORT_COMTRADE
2023,156,144,3755454037.0,DIRECT_EXPORT_COMTRADE
2023,156,152,19508027539.0,DIRECT_EXPORT_COMTRADE
2023,156,170,12371570749.0,DIRECT_EXPORT_COMTRADE
2023,156,192,503769277.0,DIRECT_EXPORT_COMTRADE
2023,156,214,4335503580.0,DIRECT_EXPORT_COMTRADE
2023,156,218,5861207557.0,DIRECT_EXPORT_COMTRADE
2023,156,230,5572385941.0,MIRROR_IMPORT_OECD
2023,156,251,42112745547.0,DIRECT_EXPORT_COMTRADE
2023,156,276,100565204356.0,DIRECT_EXPORT_COMTRADE
2023,156,288,9226909089.0,DIRECT_EXPORT_COMTRADE
2023,156,344,274519285068.0,DIRECT_EXPORT_COMTRADE
2023,156,356,121967409581.0,MIRROR_IMPORT_OECD
2023,156,360,65195769414.0,DIRECT_EXPORT_COMTRADE
2023,156,364,10034585057.0,DIRECT_EXPORT_COMTRADE
2023,156,368,14286321780.0,DIRECT_EXPORT_COMTRADE
2023,156,376,14985244934.0,DIRECT_EXPORT_COMTRADE
2023,156,380,44522402808.0,DIRECT_EXPORT_COMTRADE
2023,156,384,4208097072.0,DIRECT_EXPORT_COMTRADE
2023,156,392,157499979155.0,DIRECT_EXPORT_COMTRADE
2023,156,404,7879355154.0,DIRECT_EXPORT_COMTRADE
2023,156,410,148982810996.0,DIRECT_EXPORT_COMTRADE
2023,156,414,5224580255.0,DIRECT_EXPORT_COMTRADE
2023,156,446,3762108361.0,DIRECT_EXPORT_COMTRADE
2023,156,458,87369777322.0,DIRECT_EXPORT_COMTRADE
2023,156,484,81463411165.0,DIRECT_EXPORT_COMTRADE
2023,156,496,3470407580.0,DIRECT_EXPORT_COMTRADE
2023,156,504,6454069521.0,DIRECT_EXPORT_COMTRADE
2023,156,512,3798023173.0,DIRECT_EXPORT_COMTRADE
2023,156,528,100195459698.0,DIRECT_EXPORT_COMTRADE
2023,156,554,7868530022.0,DIRECT_EXPORT_COMTRADE
2023,156,586,17298320975.0,DIRECT_EXPORT_COMTRADE
2023,156,604,12110982799.0,DIRECT_EXPORT_COMTRADE
2023,156,608,52400745910.0,DIRECT_EXPORT_COMTRADE
2023,156,616,37167370901.0,DIRECT_EXPORT_COMTRADE
2023,156,634,3636153018.0,DIRECT_EXPORT_COMTRADE
2023,156,643,110935409106.0,DIRECT_EXPORT_COMTRADE
2023,156,682,42855038497.0,DIRECT_EXPORT_COMTRADE
2023,156,702,76945384255.0,DIRECT_EXPORT_COMTRADE
2023,156,704,137607205249.0,DIRECT_EXPORT_COMTRADE
2023,156,710,23650491937.0,DIRECT_EXPORT_COMTRADE
2023,156,724,39705452813.0,DIRECT_EXPORT_COMTRADE
2023,156,757,5776436893.0,DIRECT_EXPORT_COMTRADE
2023,156,764,75732738143.0,DIRECT_EXPORT_COMTRADE
2023,156,784,55683130074.0,DIRECT_EXPORT_COMTRADE
2023,156,792,38872861571.0,DIRECT_EXPORT_COMTRADE
2023,156,818,14934546799.0,DIRECT_EXPORT_COMTRADE
2023,156,826,77911448112.0,DIRECT_EXPORT_COMTRADE
2023,156,834,8091859941.0,DIRECT_EXPORT_COMTRADE
2023,156,841,448017376384.0,MIRROR_IMPORT_OECD
2023,170,12,1347594.8,DIRECT_EXPORT_COMTRADE
2023,170,24,2605855.15,DIRECT_EXPORT_COMTRADE
2023,170,31,216792.01,DIRECT_EXPORT_COMTRADE
2023,170,32,357426586.73,DIRECT_EXPORT_COMTRADE
2023,170,36,98259072.18,DIRECT_EXPORT_COMTRADE
2023,170,50,2146472.03,DIRECT_EXPORT_COMTRADE
2023,170,58,208172471.0,MIRROR_IMPORT_OECD
2023,170,76,1885420724.04,DIRECT_EXPORT_COMTRADE
2023,170,124,672395801.09,DIRECT_EXPORT_COMTRADE
2023,170,144,740103.39,DIRECT_EXPORT_COMTRADE
2023,170,152,1040754918.89,DIRECT_EXPORT_COMTRADE
2023,170,156,2469306485.48,DIRECT_EXPORT_COMTRADE
2023,170,192,52905824.93,DIRECT_EXPORT_COMTRADE
2023,170,214,577969011.69,DIRECT_EXPORT_COMTRADE
2023,170,218,2014886226.94,DIRECT_EXPORT_COMTRADE
2023,170,230,1944595.0,MIRROR_IMPORT_OECD
2023,170,251,261073898.03,DIRECT_EXPORT_COMTRADE
2023,170,276,586343548.18,DIRECT_EXPORT_COMTRADE
2023,170,288,2666198.61,DIRECT_EXPORT_COMTRADE
2023,170,344,364016699.35,DIRECT_EXPORT_COMTRADE
2023,170,356,2995266888.0,MIRROR_IMPORT_OECD
2023,170,360,8367396.95,DIRECT_EXPORT_COMTRADE
2023,170,368,58066320.0,DIRECT_EXPORT_COMTRADE
2023,170,376,499205361.56,DIRECT_EXPORT_COMTRADE
2023,170,380,814775153.01,DIRECT_EXPORT_COMTRADE
2023,170,384,167936488.02,DIRECT_EXPORT_COMTRADE
2023,170,392,676855199.74,DIRECT_EXPORT_COMTRADE
2023,170,404,1261605.07,DIRECT_EXPORT_COMTRADE
2023,170,410,824802033.83,DIRECT_EXPORT_COMTRADE
2023,170,414,4477688.79,DIRECT_EXPORT_COMTRADE
2023,170,446,687151.95,DIRECT_EXPORT_COMTRADE
2023,170,458,320822242.14,DIRECT_EXPORT_COMTRADE
2023,170,484,1878578601.4,DIRECT_EXPORT_COMTRADE
2023,170,504,174871469.81,DIRECT_EXPORT_COMTRADE
2023,170,512,2015733.69,DIRECT_EXPORT_COMTRADE
2023,170,528,2042399893.83,DIRECT_EXPORT_COMTRADE
2023,170,554,16111427.77,DIRECT_EXPORT_COMTRADE
2023,170,586,1250855.88,DIRECT_EXPORT_COMTRADE
2023,170,604,1136849305.35,DIRECT_EXPORT_COMTRADE
2023,170,608,11610928.06,DIRECT_EXPORT_COMTRADE
2023,170,616,946708760.94,DIRECT_EXPORT_COMTRADE
2023,170,634,2882607.29,DIRECT_EXPORT_COMTRADE
2023,170,643,68921838.61,DIRECT_EXPORT_COMTRADE
2023,170,682,96820228.25,DIRECT_EXPORT_COMTRADE
2023,170,702,187893284.7,DIRECT_EXPORT_COMTRADE
2023,170,704,23323232.49,DIRECT_EXPORT_COMTRADE
2023,170,710,76970301.91,DIRECT_EXPORT_COMTRADE
2023,170,724,1154616154.1,DIRECT_EXPORT_COMTRADE
2023,170,757,123161865.31,DIRECT_EXPORT_COMTRADE
2023,170,764,33095707.76,DIRECT_EXPORT_COMTRADE
2023,170,784,289365610.28,DIRECT_EXPORT_COMTRADE
2023,170,792,848363147.56,DIRECT_EXPORT_COMTRADE
2023,170,818,358006780.19,DIRECT_EXPORT_COMTRADE
2023,170,826,453213315.97,DIRECT_EXPORT_COMTRADE
2023,170,834,640606.98,DIRECT_EXPORT_COMTRADE
2023,170,841,16957922660.999998,MIRROR_IMPORT_OECD
2023,192,58,25146024.0,MIRROR_IMPORT_OECD
2023,192,230,39107.0,MIRROR_IMPORT_OECD
2023,192,356,4512174.0,MIRROR_IMPORT_OECD
2023,192,841,4110637.0,MIRROR_IMPORT_OECD
2023,214,12,337281.316,DIRECT_EXPORT_COMTRADE
2023,214,24,82381.596,DIRECT_EXPORT_COMTRADE
2023,214,32,2708779.07,DIRECT_EXPORT_COMTRADE
2023,214,36,19555296.892,DIRECT_EXPORT_COMTRADE
2023,214,50,2610569.12,DIRECT_EXPORT_COMTRADE
2023,214,58,56655095.0,MIRROR_IMPORT_OECD
2023,214,76,28499027.405,DIRECT_EXPORT_COMTRADE
2023,214,124,65167690.55,DIRECT_EXPORT_COMTRADE
2023,214,144,909000.851,DIRECT_EXPORT_COMTRADE
2023,214,152,17562781.198,DIRECT_EXPORT_COMTRADE
2023,214,156,290368224.969,DIRECT_EXPORT_COMTRADE
2023,214,170,53828056.184,DIRECT_EXPORT_COMTRADE
2023,214,192,49870031.626,DIRECT_EXPORT_COMTRADE
2023,214,218,26256335.835,DIRECT_EXPORT_COMTRADE
2023,214,230,184503.0,MIRROR_IMPORT_OECD
2023,214,251,68427544.424,DIRECT_EXPORT_COMTRADE
2023,214,276,144123242.584,DIRECT_EXPORT_COMTRADE
2023,214,288,52204.411,DIRECT_EXPORT_COMTRADE
2023,214,344,21807413.954,DIRECT_EXPORT_COMTRADE
2023,214,356,441158677.0,MIRROR_IMPORT_OECD
2023,214,360,30364255.338,DIRECT_EXPORT_COMTRADE
2023,214,368,291738.516,DIRECT_EXPORT_COMTRADE
2023,214,376,1902558.966,DIRECT_EXPORT_COMTRADE
2023,214,380,61800780.587,DIRECT_EXPORT_COMTRADE
2023,214,384,2053199.595,DIRECT_EXPORT_COMTRADE
2023,214,392,36526069.277,DIRECT_EXPORT_COMTRADE
2023,214,404,200092.193,DIRECT_EXPORT_COMTRADE
2023,214,410,236215567.047,DIRECT_EXPORT_COMTRADE
2023,214,414,23224.06,DIRECT_EXPORT_COMTRADE
2023,214,446,140869.649,DIRECT_EXPORT_COMTRADE
2023,214,458,21281016.297,DIRECT_EXPORT_COMTRADE
2023,214,484,54829500.586,DIRECT_EXPORT_COMTRADE
2023,214,496,5172.05,DIRECT_EXPORT_COMTRADE
2023,214,504,817840.621,DIRECT_EXPORT_COMTRADE
2023,214,528,350507693.885,DIRECT_EXPORT_COMTRADE
2023,214,554,10001982.936,DIRECT_EXPORT_COMTRADE
2023,214,586,348230.49,DIRECT_EXPORT_COMTRADE
2023,214,604,11662940.592,DIRECT_EXPORT_COMTRADE
2023,214,608,6431013.044,DIRECT_EXPORT_COMTRADE
2023,214,616,4071690.465,DIRECT_EXPORT_COMTRADE
2023,214,634,115856.94,DIRECT_EXPORT_COMTRADE
2023,214,643,2199708.96,DIRECT_EXPORT_COMTRADE
2023,214,682,600089.499,DIRECT_EXPORT_COMTRADE
2023,214,702,28880466.061,DIRECT_EXPORT_COMTRADE
2023,214,704,4479997.268,DIRECT_EXPORT_COMTRADE
2023,214,710,1077588.565,DIRECT_EXPORT_COMTRADE
2023,214,724,94948175.316,DIRECT_EXPORT_COMTRADE
2023,214,757,807827867.851,DIRECT_EXPORT_COMTRADE
2023,214,764,6093174.83,DIRECT_EXPORT_COMTRADE
2023,214,784,33554308.278,DIRECT_EXPORT_COMTRADE
2023,214,792,11954184.728,DIRECT_EXPORT_COMTRADE
2023,214,818,548282.022,DIRECT_EXPORT_COMTRADE
2023,214,826,95048317.714,DIRECT_EXPORT_COMTRADE
2023,214,834,21667.0,DIRECT_EXPORT_COMTRADE
2023,214,841,7276804714.0,MIRROR_IMPORT_OECD
2023,218,12,135549697.3,DIRECT_EXPORT_COMTRADE
2023,218,24,496283.9,DIRECT_EXPORT_COMTRADE
2023,218,31,8188318.3,DIRECT_EXPORT_COMTRADE
2023,218,32,256992023.7,DIRECT_EXPORT_COMTRADE
2023,218,36,15381508.7,DIRECT_EXPORT_COMTRADE
2023,218,50,1423156.4,DIRECT_EXPORT_COMTRADE
2023,218,58,82125792.0,MIRROR_IMPORT_OECD
2023,218,76,116152714.3,DIRECT_EXPORT_COMTRADE
2023,218,124,346776362.1,DIRECT_EXPORT_COMTRADE
2023,218,144,1892983.7,DIRECT_EXPORT_COMTRADE
2023,218,152,978394907.5,DIRECT_EXPORT_COMTRADE
2023,218,156,5672881876.3,DIRECT_EXPORT_COMTRADE
2023,218,170,775949971.3,DIRECT_EXPORT_COMTRADE
2023,218,192,17233835.7,DIRECT_EXPORT_COMTRADE
2023,218,214,127483115.2,DIRECT_EXPORT_COMTRADE
2023,218,230,123599.0,MIRROR_IMPORT_OECD
2023,218,251,331825501.7,DIRECT_EXPORT_COMTRADE
2023,218,276,415769299.8,DIRECT_EXPORT_COMTRADE
2023,218,288,3838968.9,DIRECT_EXPORT_COMTRADE
2023,218,344,44882422.5,DIRECT_EXPORT_COMTRADE
2023,218,356,1043867144.0,MIRROR_IMPORT_OECD
2023,218,360,209205874.8,DIRECT_EXPORT_COMTRADE
2023,218,368,78496158.3,DIRECT_EXPORT_COMTRADE
2023,218,376,8870588.2,DIRECT_EXPORT_COMTRADE
2023,218,380,629334288.2,DIRECT_EXPORT_COMTRADE
2023,218,384,53339440.4,DIRECT_EXPORT_COMTRADE
2023,218,392,227118677.0,DIRECT_EXPORT_COMTRADE
2023,218,404,139379.0,DIRECT_EXPORT_COMTRADE
2023,218,410,80208552.5,DIRECT_EXPORT_COMTRADE
2023,218,414,24161154.8,DIRECT_EXPORT_COMTRADE
2023,218,458,325371787.0,DIRECT_EXPORT_COMTRADE
2023,218,484,203534583.7,DIRECT_EXPORT_COMTRADE
2023,218,496,1151.0,DIRECT_EXPORT_COMTRADE
2023,218,504,44985010.7,DIRECT_EXPORT_COMTRADE
2023,218,512,11640908.4,DIRECT_EXPORT_COMTRADE
2023,218,528,852856134.3,DIRECT_EXPORT_COMTRADE
2023,218,554,39508290.3,DIRECT_EXPORT_COMTRADE
2023,218,586,229747.5,DIRECT_EXPORT_COMTRADE
2023,218,604,974808196.9,DIRECT_EXPORT_COMTRADE
2023,218,608,11170020.9,DIRECT_EXPORT_COMTRADE
2023,218,616,79393150.8,DIRECT_EXPORT_COMTRADE
2023,218,634,28887261.6,DIRECT_EXPORT_COMTRADE
2023,218,643,923610726.5,DIRECT_EXPORT_COMTRADE
2023,218,682,131542240.4,DIRECT_EXPORT_COMTRADE
2023,218,702,14859184.4,DIRECT_EXPORT_COMTRADE
2023,218,704,53057997.8,DIRECT_EXPORT_COMTRADE
2023,218,710,13380136.0,DIRECT_EXPORT_COMTRADE
2023,218,724,853976720.8,DIRECT_EXPORT_COMTRADE
2023,218,757,342293325.1,DIRECT_EXPORT_COMTRADE
2023,218,764,59255705.1,DIRECT_EXPORT_COMTRADE
2023,218,784,600837743.9,DIRECT_EXPORT_COMTRADE
2023,218,792,202767619.6,DIRECT_EXPORT_COMTRADE
2023,218,818,1635621.6,DIRECT_EXPORT_COMTRADE
2023,218,826,282961149.3,DIRECT_EXPORT_COMTRADE
2023,218,834,46033.8,DIRECT_EXPORT_COMTRADE
2023,218,841,9220415665.0,MIRROR_IMPORT_OECD
2023,230,12,258763.0,DIRECT_EXPORT_OECD
2023,230,24,100306.0,DIRECT_EXPORT_OECD
2023,230,31,4687.0,DIRECT_EXPORT_OECD
2023,230,32,52713.0,DIRECT_EXPORT_OECD
2023,230,36,25954945.0,DIRECT_EXPORT_OECD
2023,230,50,3022636.0,DIRECT_EXPORT_OECD
2023,230,58,92309495.0,DIRECT_EXPORT_OECD
2023,230,76,2317464.0,DIRECT_EXPORT_OECD
2023,230,124,24774181.0,DIRECT_EXPORT_OECD
2023,230,144,380514.0,DIRECT_EXPORT_OECD
2023,230,152,72132.0,DIRECT_EXPORT_OECD
2023,230,156,131648667.0,DIRECT_EXPORT_OECD
2023,230,170,13872.0,DIRECT_EXPORT_OECD
2023,230,214,287932.0,DIRECT_EXPORT_OECD
2023,230,251,34816848.0,DIRECT_EXPORT_OECD
2023,230,276,135401570.0,DIRECT_EXPORT_OECD
2023,230,288,371829.0,DIRECT_EXPORT_OECD
2023,230,344,21640052.0,DIRECT_EXPORT_OECD
2023,230,356,139250497.0,DIRECT_EXPORT_OECD
2023,230,360,23449869.0,DIRECT_EXPORT_OECD
2023,230,364,1317348.0,DIRECT_EXPORT_OECD
2023,230,368,791680.0,DIRECT_EXPORT_OECD
2023,230,376,104006742.0,DIRECT_EXPORT_OECD
2023,230,380,56645400.0,DIRECT_EXPORT_OECD
2023,230,384,282116.0,DIRECT_EXPORT_OECD
2023,230,392,104119342.0,DIRECT_EXPORT_OECD
2023,230,404,64898245.0,DIRECT_EXPORT_OECD
2023,230,410,116131396.0,DIRECT_EXPORT_OECD
2023,230,414,5761724.0,DIRECT_EXPORT_OECD
2023,230,458,10832993.0,DIRECT_EXPORT_OECD
2023,230,484,410950.0,DIRECT_EXPORT_OECD
2023,230,496,32720.0,DIRECT_EXPORT_OECD
2023,230,504,2738381.0,DIRECT_EXPORT_OECD
2023,230,512,9973162.0,DIRECT_EXPORT_OECD
2023,230,528,218711708.0,DIRECT_EXPORT_OECD
2023,230,554,3362647.0,DIRECT_EXPORT_OECD
2023,230,586,35918565.0,DIRECT_EXPORT_OECD
2023,230,608,28133.0,DIRECT_EXPORT_OECD
2023,230,616,4546263.0,DIRECT_EXPORT_OECD
2023,230,634,7855742.0,DIRECT_EXPORT_OECD
2023,230,643,12934261.0,DIRECT_EXPORT_OECD
2023,230,682,297920263.0,DIRECT_EXPORT_OECD
2023,230,702,73469218.0,DIRECT_EXPORT_OECD
2023,230,704,47887435.0,DIRECT_EXPORT_OECD
2023,230,710,9976808.0,DIRECT_EXPORT_OECD
2023,230,724,11535269.0,DIRECT_EXPORT_OECD
2023,230,757,4407541.0,DIRECT_EXPORT_OECD
2023,230,764,7107772.0,DIRECT_EXPORT_OECD
2023,230,784,163901913.0,DIRECT_EXPORT_OECD
2023,230,792,46367427.0,DIRECT_EXPORT_OECD
2023,230,818,8711748.0,DIRECT_EXPORT_OECD
2023,230,826,41452026.0,DIRECT_EXPORT_OECD
2023,230,834,180447.0,DIRECT_EXPORT_OECD
2023,230,841,276456880.0,DIRECT_EXPORT_OECD
2023,251,12,4899959324.563,DIRECT_EXPORT_COMTRADE
2023,251,24,353502496.97,DIRECT_EXPORT_COMTRADE
2023,251,31,247888752.149,DIRECT_EXPORT_COMTRADE
2023,251,32,951279340.541,DIRECT_EXPORT_COMTRADE
2023,251,36,4012271043.954,DIRECT_EXPORT_COMTRADE
2023,251,50,197752775.457,DIRECT_EXPORT_COMTRADE
2023,251,58,48084916330.0,MIRROR_IMPORT_OECD
2023,251,76,4740497437.46,DIRECT_EXPORT_COMTRADE
2023,251,124,4402324420.926,DIRECT_EXPORT_COMTRADE
2023,251,144,149480992.886,DIRECT_EXPORT_COMTRADE
2023,251,152,1096343465.386,DIRECT_EXPORT_COMTRADE
2023,251,156,27837415123.089,DIRECT_EXPORT_COMTRADE
2023,251,170,1160184220.486,DIRECT_EXPORT_COMTRADE
2023,251,192,113242394.845,DIRECT_EXPORT_COMTRADE
2023,251,214,205993410.552,DIRECT_EXPORT_COMTRADE
2023,251,218,158502409.752,DIRECT_EXPORT_COMTRADE
2023,251,230,200085247.0,MIRROR_IMPORT_OECD
2023,251,276,90761299660.439,DIRECT_EXPORT_COMTRADE
2023,251,288,280500173.895,DIRECT_EXPORT_COMTRADE
2023,251,344,6303364698.2,DIRECT_EXPORT_COMTRADE
2023,251,356,6599137883.0,MIRROR_IMPORT_OECD
2023,251,360,1343822430.665,DIRECT_EXPORT_COMTRADE
2023,251,364,308489081.856,DIRECT_EXPORT_COMTRADE
2023,251,368,362426557.209,DIRECT_EXPORT_COMTRADE
2023,251,376,1985317067.616,DIRECT_EXPORT_COMTRADE
2023,251,380,58396731179.508,DIRECT_EXPORT_COMTRADE
2023,251,384,1489834310.99,DIRECT_EXPORT_COMTRADE
2023,251,392,7504173276.177,DIRECT_EXPORT_COMTRADE
2023,251,404,182857822.008,DIRECT_EXPORT_COMTRADE
2023,251,410,6725446697.139,DIRECT_EXPORT_COMTRADE
2023,251,414,865603048.541,DIRECT_EXPORT_COMTRADE
2023,251,446,478415868.216,DIRECT_EXPORT_COMTRADE
2023,251,458,1288916291.049,DIRECT_EXPORT_COMTRADE
2023,251,484,3939537462.59,DIRECT_EXPORT_COMTRADE
2023,251,496,67891634.922,DIRECT_EXPORT_COMTRADE
2023,251,504,6873926777.802,DIRECT_EXPORT_COMTRADE
2023,251,512,328080853.394,DIRECT_EXPORT_COMTRADE
2023,251,528,25205651235.676,DIRECT_EXPORT_COMTRADE
2023,251,554,571505758.43,DIRECT_EXPORT_COMTRADE
2023,251,586,281107363.804,DIRECT_EXPORT_COMTRADE
2023,251,604,315479215.32,DIRECT_EXPORT_COMTRADE
2023,251,608,1231662301.169,DIRECT_EXPORT_COMTRADE
2023,251,616,15907102062.64,DIRECT_EXPORT_COMTRADE
2023,251,634,1633005529.616,DIRECT_EXPORT_COMTRADE
2023,251,643,2226084341.588,DIRECT_EXPORT_COMTRADE
2023,251,682,4402612604.961,DIRECT_EXPORT_COMTRADE
2023,251,702,10961692196.687,DIRECT_EXPORT_COMTRADE
2023,251,704,1321475499.166,DIRECT_EXPORT_COMTRADE
2023,251,710,1942672317.782,DIRECT_EXPORT_COMTRADE
2023,251,724,49041987986.288,DIRECT_EXPORT_COMTRADE
2023,251,757,27410367669.019,DIRECT_EXPORT_COMTRADE
2023,251,764,1874391676.118,DIRECT_EXPORT_COMTRADE
2023,251,784,5646217742.515,DIRECT_EXPORT_COMTRADE
2023,251,792,12934701090.612,DIRECT_EXPORT_COMTRADE
2023,251,818,1906089233.433,DIRECT_EXPORT_COMTRADE
2023,251,826,39631749915.87,DIRECT_EXPORT_COMTRADE
2023,251,834,67463932.155,DIRECT_EXPORT_COMTRADE
2023,251,841,58921666947.0,MIRROR_IMPORT_OECD
2023,276,12,2341667521.518,DIRECT_EXPORT_COMTRADE
2023,276,24,312086447.024,DIRECT_EXPORT_COMTRADE
2023,276,31,647367451.752,DIRECT_EXPORT_COMTRADE
2023,276,32,2815600442.653,DIRECT_EXPORT_COMTRADE
2023,276,36,12856348023.604,DIRECT_EXPORT_COMTRADE
2023,276,50,936504573.621,DIRECT_EXPORT_COMTRADE
2023,276,58,52014855349.0,MIRROR_IMPORT_OECD
2023,276,76,14076463087.116,DIRECT_EXPORT_COMTRADE
2023,276,124,13988731286.221,DIRECT_EXPORT_COMTRADE
2023,276,144,204712164.493,DIRECT_EXPORT_COMTRADE
2023,276,152,3733309923.157,DIRECT_EXPORT_COMTRADE
2023,276,156,106869688999.974,DIRECT_EXPORT_COMTRADE
2023,276,170,2173512521.546,DIRECT_EXPORT_COMTRADE
2023,276,192,185142551.229,DIRECT_EXPORT_COMTRADE
2023,276,214,414298440.524,DIRECT_EXPORT_COMTRADE
2023,276,218,605476050.518,DIRECT_EXPORT_COMTRADE
2023,276,230,175500677.0,MIRROR_IMPORT_OECD
2023,276,251,130330913943.063,DIRECT_EXPORT_COMTRADE
2023,276,288,276508435.502,DIRECT_EXPORT_COMTRADE
2023,276,344,6887886122.863,DIRECT_EXPORT_COMTRADE
2023,276,356,18118667041.0,MIRROR_IMPORT_OECD
2023,276,360,3737848112.734,DIRECT_EXPORT_COMTRADE
2023,276,364,1317239919.453,DIRECT_EXPORT_COMTRADE
2023,276,368,1339377714.048,DIRECT_EXPORT_COMTRADE
2023,276,376,5881688889.215,DIRECT_EXPORT_COMTRADE
2023,276,380,92853716302.724,DIRECT_EXPORT_COMTRADE
2023,276,384,438985412.429,DIRECT_EXPORT_COMTRADE
2023,276,392,22349338109.903,DIRECT_EXPORT_COMTRADE
2023,276,404,295421085.332,DIRECT_EXPORT_COMTRADE
2023,276,410,22357918996.561,DIRECT_EXPORT_COMTRADE
2023,276,414,1254315261.729,DIRECT_EXPORT_COMTRADE
2023,276,446,170595800.939,DIRECT_EXPORT_COMTRADE
2023,276,458,6900534554.658,DIRECT_EXPORT_COMTRADE
2023,276,484,20743576212.267,DIRECT_EXPORT_COMTRADE
2023,276,496,195808756.817,DIRECT_EXPORT_COMTRADE
2023,276,504,3556099280.547,DIRECT_EXPORT_COMTRADE
2023,276,512,902198153.505,DIRECT_EXPORT_COMTRADE
2023,276,528,121179828522.642,DIRECT_EXPORT_COMTRADE
2023,276,554,1741069967.744,DIRECT_EXPORT_COMTRADE
2023,276,586,1064040001.451,DIRECT_EXPORT_COMTRADE
2023,276,604,1201980082.631,DIRECT_EXPORT_COMTRADE
2023,276,608,2111520962.328,DIRECT_EXPORT_COMTRADE
2023,276,616,98515801222.798,DIRECT_EXPORT_COMTRADE
2023,276,634,1431702876.146,DIRECT_EXPORT_COMTRADE
2023,276,643,9968465530.975,DIRECT_EXPORT_COMTRADE
2023,276,682,8964202402.912,DIRECT_EXPORT_COMTRADE
2023,276,702,8214570591.389,DIRECT_EXPORT_COMTRADE
2023,276,704,3869576278.913,DIRECT_EXPORT_COMTRADE
2023,276,710,10962398849.693,DIRECT_EXPORT_COMTRADE
2023,276,724,58905787972.767,DIRECT_EXPORT_COMTRADE
2023,276,757,75244010321.504,DIRECT_EXPORT_COMTRADE
2023,276,764,5868744805.884,DIRECT_EXPORT_COMTRADE
2023,276,784,9560118373.432,DIRECT_EXPORT_COMTRADE
2023,276,792,33767609028.615,DIRECT_EXPORT_COMTRADE
2023,276,818,5878948992.438,DIRECT_EXPORT_COMTRADE
2023,276,826,86161909957.127,DIRECT_EXPORT_COMTRADE
2023,276,834,202208042.958,DIRECT_EXPORT_COMTRADE
2023,276,841,162959184239.0,MIRROR_IMPORT_OECD
2023,288,12,5041526.679,DIRECT_EXPORT_COMTRADE
2023,288,24,18695637.546,DIRECT_EXPORT_COMTRADE
2023,288,31,201071.381,DIRECT_EXPORT_COMTRADE
2023,288,32,421796.164,DIRECT_EXPORT_COMTRADE
2023,288,36,10856832.453,DIRECT_EXPORT_COMTRADE
2023,288,50,38068.154,DIRECT_EXPORT_COMTRADE
2023,288,58,125059109.0,MIRROR_IMPORT_OECD
2023,288,76,523247653.887,DIRECT_EXPORT_COMTRADE
2023,288,124,855487729.09,DIRECT_EXPORT_COMTRADE
2023,288,144,179902.293,DIRECT_EXPORT_COMTRADE
2023,288,152,57127.589,DIRECT_EXPORT_COMTRADE
2023,288,156,1376604967.39,DIRECT_EXPORT_COMTRADE
2023,288,170,1999.853,DIRECT_EXPORT_COMTRADE
2023,288,192,147851.904,DIRECT_EXPORT_COMTRADE
2023,288,214,1173946.871,DIRECT_EXPORT_COMTRADE
2023,288,218,16706.888,DIRECT_EXPORT_COMTRADE
2023,288,230,400382.0,MIRROR_IMPORT_OECD
2023,288,251,162458685.674,DIRECT_EXPORT_COMTRADE
2023,288,276,153607735.997,DIRECT_EXPORT_COMTRADE
2023,288,344,26016388.792,DIRECT_EXPORT_COMTRADE
2023,288,356,1306991094.0,MIRROR_IMPORT_OECD
2023,288,360,9196385.459,DIRECT_EXPORT_COMTRADE
2023,288,364,19.975,DIRECT_EXPORT_COMTRADE
2023,288,368,357416.735,DIRECT_EXPORT_COMTRADE
2023,288,376,2838185.742,DIRECT_EXPORT_COMTRADE
2023,288,380,621431440.27,DIRECT_EXPORT_COMTRADE
2023,288,384,251892934.564,DIRECT_EXPORT_COMTRADE
2023,288,392,115764674.419,DIRECT_EXPORT_COMTRADE
2023,288,404,2294957.367,DIRECT_EXPORT_COMTRADE
2023,288,410,32275443.825,DIRECT_EXPORT_COMTRADE
2023,288,414,97273.832,DIRECT_EXPORT_COMTRADE
2023,288,458,268725930.229,DIRECT_EXPORT_COMTRADE
2023,288,484,4591009.127,DIRECT_EXPORT_COMTRADE
2023,288,504,3548499.87,DIRECT_EXPORT_COMTRADE
2023,288,512,606655.676,DIRECT_EXPORT_COMTRADE
2023,288,528,664142738.918,DIRECT_EXPORT_COMTRADE
2023,288,554,10641029.132,DIRECT_EXPORT_COMTRADE
2023,288,586,3342547.601,DIRECT_EXPORT_COMTRADE
2023,288,604,6235006.989,DIRECT_EXPORT_COMTRADE
2023,288,608,192265.821,DIRECT_EXPORT_COMTRADE
2023,288,616,38997947.35,DIRECT_EXPORT_COMTRADE
2023,288,634,362626.293,DIRECT_EXPORT_COMTRADE
2023,288,643,10979458.801,DIRECT_EXPORT_COMTRADE
2023,288,682,3692831.762,DIRECT_EXPORT_COMTRADE
2023,288,702,11571773.143,DIRECT_EXPORT_COMTRADE
2023,288,704,89067160.628,DIRECT_EXPORT_COMTRADE
2023,288,710,1973761603.855,DIRECT_EXPORT_COMTRADE
2023,288,724,218269770.595,DIRECT_EXPORT_COMTRADE
2023,288,757,3079227627.335,DIRECT_EXPORT_COMTRADE
2023,288,764,2088345.941,DIRECT_EXPORT_COMTRADE
2023,288,784,1713456901.431,DIRECT_EXPORT_COMTRADE
2023,288,792,337720510.379,DIRECT_EXPORT_COMTRADE
2023,288,818,10390212.28,DIRECT_EXPORT_COMTRADE
2023,288,826,303598429.947,DIRECT_EXPORT_COMTRADE
2023,288,834,1787226.901,DIRECT_EXPORT_COMTRADE
2023,288,841,1738323080.0,MIRROR_IMPORT_OECD
2023,344,12,34976349.385,DIRECT_EXPORT_COMTRADE
2023,344,24,25289628.471,DIRECT_EXPORT_COMTRADE
2023,344,31,68449806.622,DIRECT_EXPORT_COMTRADE
2023,344,32,263809915.542,DIRECT_EXPORT_COMTRADE
2023,344,36,3506642525.274,DIRECT_EXPORT_COMTRADE
2023,344,50,831914280.378,DIRECT_EXPORT_COMTRADE
2023,344,58,233901420.0,MIRROR_IMPORT_OECD
2023,344,76,1656095187.481,DIRECT_EXPORT_COMTRADE
2023,344,124,1731418895.0,DIRECT_EXPORT_COMTRADE
2023,344,144,363874677.927,DIRECT_EXPORT_COMTRADE
2023,344,152,657689058.388,DIRECT_EXPORT_COMTRADE
2023,344,156,329897390109.449,DIRECT_EXPORT_COMTRADE
2023,344,170,455587523.174,DIRECT_EXPORT_COMTRADE
2023,344,192,3258534.004,DIRECT_EXPORT_COMTRADE
2023,344,214,58426272.784,DIRECT_EXPORT_COMTRADE
2023,344,218,240244369.266,DIRECT_EXPORT_COMTRADE
2023,344,230,70977563.0,MIRROR_IMPORT_OECD
2023,344,251,3720415151.764,DIRECT_EXPORT_COMTRADE
2023,344,276,6482460883.105,DIRECT_EXPORT_COMTRADE
2023,344,288,96662962.656,DIRECT_EXPORT_COMTRADE
2023,344,356,3645307870.0,MIRROR_IMPORT_OECD
2023,344,360,3106008326.674,DIRECT_EXPORT_COMTRADE
2023,344,364,22846653.273,DIRECT_EXPORT_COMTRADE
2023,344,368,21317952.983,DIRECT_EXPORT_COMTRADE
2023,344,376,2190206686.756,DIRECT_EXPORT_COMTRADE
2023,344,380,2965418443.833,DIRECT_EXPORT_COMTRADE
2023,344,384,18072544.453,DIRECT_EXPORT_COMTRADE
2023,344,392,10784125954.67,DIRECT_EXPORT_COMTRADE
2023,344,404,97072795.935,DIRECT_EXPORT_COMTRADE
2023,344,410,9537471011.282,DIRECT_EXPORT_COMTRADE
2023,344,414,134703958.983,DIRECT_EXPORT_COMTRADE
2023,344,446,9652133717.203,DIRECT_EXPORT_COMTRADE
2023,344,458,4839389328.527,DIRECT_EXPORT_COMTRADE
2023,344,484,4580460766.33,DIRECT_EXPORT_COMTRADE
2023,344,496,38894189.189,DIRECT_EXPORT_COMTRADE
2023,344,504,210446168.441,DIRECT_EXPORT_COMTRADE
2023,344,512,98398265.243,DIRECT_EXPORT_COMTRADE
2023,344,528,9895173661.382,DIRECT_EXPORT_COMTRADE
2023,344,554,414540059.498,DIRECT_EXPORT_COMTRADE
2023,344,586,163131487.587,DIRECT_EXPORT_COMTRADE
2023,344,604,452257290.211,DIRECT_EXPORT_COMTRADE
2023,344,608,3628372152.058,DIRECT_EXPORT_COMTRADE
2023,344,616,1561212110.115,DIRECT_EXPORT_COMTRADE
2023,344,634,366372567.794,DIRECT_EXPORT_COMTRADE
2023,344,643,2649171532.368,DIRECT_EXPORT_COMTRADE
2023,344,682,1064991810.316,DIRECT_EXPORT_COMTRADE
2023,344,702,8768858659.285,DIRECT_EXPORT_COMTRADE
2023,344,704,14425164411.059,DIRECT_EXPORT_COMTRADE
2023,344,710,558076239.567,DIRECT_EXPORT_COMTRADE
2023,344,724,1543723342.415,DIRECT_EXPORT_COMTRADE
2023,344,757,5206169784.925,DIRECT_EXPORT_COMTRADE
2023,344,764,10337402456.189,DIRECT_EXPORT_COMTRADE
2023,344,784,15556029771.64,DIRECT_EXPORT_COMTRADE
2023,344,792,1535811183.263,DIRECT_EXPORT_COMTRADE
2023,344,818,201722159.365,DIRECT_EXPORT_COMTRADE
2023,344,826,7945205815.246,DIRECT_EXPORT_COMTRADE
2023,344,834,99941842.058,DIRECT_EXPORT_COMTRADE
2023,344,841,4257940062.0,MIRROR_IMPORT_OECD
2023,356,12,750718214.0,DIRECT_EXPORT_OECD
2023,356,24,634338452.0,DIRECT_EXPORT_OECD
2023,356,31,90576735.0,DIRECT_EXPORT_OECD
2023,356,32,996312739.0,DIRECT_EXPORT_OECD
2023,356,36,7721948109.0,DIRECT_EXPORT_OECD
2023,356,50,11252649443.0,DIRECT_EXPORT_OECD
2023,356,58,7971887655.0,DIRECT_EXPORT_OECD
2023,356,76,6664514200.0,DIRECT_EXPORT_OECD
2023,356,124,3758769306.0,DIRECT_EXPORT_OECD
2023,356,144,3578261704.0,DIRECT_EXPORT_OECD
2023,356,152,1169609710.0,DIRECT_EXPORT_OECD
2023,356,156,16245421881.0,DIRECT_EXPORT_OECD
2023,356,170,1198486674.0,DIRECT_EXPORT_OECD
2023,356,192,89420440.0,DIRECT_EXPORT_OECD
2023,356,214,328125020.0,DIRECT_EXPORT_OECD
2023,356,218,471307057.0,DIRECT_EXPORT_OECD
2023,356,230,479098462.0,DIRECT_EXPORT_OECD
2023,356,251,7188438183.0,DIRECT_EXPORT_OECD
2023,356,276,9667108804.0,DIRECT_EXPORT_OECD
2023,356,288,999357534.0,DIRECT_EXPORT_OECD
2023,356,344,8730767793.0,DIRECT_EXPORT_OECD
2023,356,360,7397899301.0,DIRECT_EXPORT_OECD
2023,356,364,1186576433.0,DIRECT_EXPORT_OECD
2023,356,368,3470878264.0,DIRECT_EXPORT_OECD
2023,356,376,6048680408.0,DIRECT_EXPORT_OECD
2023,356,380,8398556039.000001,DIRECT_EXPORT_OECD
2023,356,384,719830944.0,DIRECT_EXPORT_OECD
2023,356,392,5084239594.0,DIRECT_EXPORT_OECD
2023,356,404,3291835286.0,DIRECT_EXPORT_OECD
2023,356,410,6285118862.0,DIRECT_EXPORT_OECD
2023,356,414,1777227061.0,DIRECT_EXPORT_OECD
2023,356,446,978126.0,DIRECT_EXPORT_OECD
2023,356,458,6677685686.0,DIRECT_EXPORT_OECD
2023,356,484,5283663733.0,DIRECT_EXPORT_OECD
2023,356,496,36521513.0,DIRECT_EXPORT_OECD
2023,356,504,1112100110.0,DIRECT_EXPORT_OECD
2023,356,512,4479588091.0,DIRECT_EXPORT_OECD
2023,356,528,23108491079.0,DIRECT_EXPORT_OECD
2023,356,554,509529015.0,DIRECT_EXPORT_OECD
2023,356,586,523219519.0,DIRECT_EXPORT_OECD
2023,356,604,916313102.0,DIRECT_EXPORT_OECD
2023,356,608,1936035542.0,DIRECT_EXPORT_OECD
2023,356,616,2322029075.0,DIRECT_EXPORT_OECD
2023,356,634,1652083595.0,DIRECT_EXPORT_OECD
2023,356,643,4057640414.0,DIRECT_EXPORT_OECD
2023,356,682,10832202785.0,DIRECT_EXPORT_OECD
2023,356,702,12035719268.0,DIRECT_EXPORT_OECD
2023,356,704,5651505606.0,DIRECT_EXPORT_OECD
2023,356,710,8019745296.0,DIRECT_EXPORT_OECD
2023,356,724,4623263637.0,DIRECT_EXPORT_OECD
2023,356,757,1381205361.0,DIRECT_EXPORT_OECD
2023,356,764,5056577143.0,DIRECT_EXPORT_OECD
2023,356,784,33021240264.0,DIRECT_EXPORT_OECD
2023,356,792,7574272316.0,DIRECT_EXPORT_OECD
2023,356,818,3956061445.0,DIRECT_EXPORT_OECD
2023,356,826,12479605347.0,DIRECT_EXPORT_OECD
2023,356,834,4134349394.0,DIRECT_EXPORT_OECD
2023,356,841,75805285420.0,DIRECT_EXPORT_OECD
2023,360,12,296834441.224,DIRECT_EXPORT_COMTRADE
2023,360,24,162990070.321,DIRECT_EXPORT_COMTRADE
2023,360,31,4885313.372,DIRECT_EXPORT_COMTRADE
2023,360,32,202407607.534,DIRECT_EXPORT_COMTRADE
2023,360,36,3176774968.281,DIRECT_EXPORT_COMTRADE
2023,360,50,3586197610.216,DIRECT_EXPORT_COMTRADE
2023,360,58,657075077.0,MIRROR_IMPORT_OECD
2023,360,76,1277882549.889,DIRECT_EXPORT_COMTRADE
2023,360,124,1300168638.018,DIRECT_EXPORT_COMTRADE
2023,360,144,326832711.142,DIRECT_EXPORT_COMTRADE
2023,360,152,312639104.66,DIRECT_EXPORT_COMTRADE
2023,360,156,65036643202.563,DIRECT_EXPORT_COMTRADE
2023,360,170,170808796.07,DIRECT_EXPORT_COMTRADE
2023,360,192,8200646.249,DIRECT_EXPORT_COMTRADE
2023,360,214,148999630.622,DIRECT_EXPORT_COMTRADE
2023,360,218,106184171.001,DIRECT_EXPORT_COMTRADE
2023,360,230,331469683.0,MIRROR_IMPORT_OECD
2023,360,251,962312667.816,DIRECT_EXPORT_COMTRADE
2023,360,276,2523283400.917,DIRECT_EXPORT_COMTRADE
2023,360,288,156458752.315,DIRECT_EXPORT_COMTRADE
2023,360,344,2651473706.184,DIRECT_EXPORT_COMTRADE
2023,360,356,24033807359.0,MIRROR_IMPORT_OECD
2023,360,364,194459788.468,DIRECT_EXPORT_COMTRADE
2023,360,368,292985334.477,DIRECT_EXPORT_COMTRADE
2023,360,376,165757364.887,DIRECT_EXPORT_COMTRADE
2023,360,380,2098323761.893,DIRECT_EXPORT_COMTRADE
2023,360,384,155226607.149,DIRECT_EXPORT_COMTRADE
2023,360,392,20787683641.363,DIRECT_EXPORT_COMTRADE
2023,360,404,464437986.226,DIRECT_EXPORT_COMTRADE
2023,360,410,10304777158.567,DIRECT_EXPORT_COMTRADE
2023,360,414,253990056.254,DIRECT_EXPORT_COMTRADE
2023,360,446,2837740.625,DIRECT_EXPORT_COMTRADE
2023,360,458,12804353912.847,DIRECT_EXPORT_COMTRADE
2023,360,484,2161004953.479,DIRECT_EXPORT_COMTRADE
2023,360,496,10795596.639,DIRECT_EXPORT_COMTRADE
2023,360,504,146948679.188,DIRECT_EXPORT_COMTRADE
2023,360,512,337156243.84,DIRECT_EXPORT_COMTRADE
2023,360,528,3869457869.827,DIRECT_EXPORT_COMTRADE
2023,360,554,592873947.251,DIRECT_EXPORT_COMTRADE
2023,360,586,3030721237.012,DIRECT_EXPORT_COMTRADE
2023,360,604,367476362.291,DIRECT_EXPORT_COMTRADE
2023,360,608,11040135399.934,DIRECT_EXPORT_COMTRADE
2023,360,616,772086092.144,DIRECT_EXPORT_COMTRADE
2023,360,634,713525758.807,DIRECT_EXPORT_COMTRADE
2023,360,643,1144654244.776,DIRECT_EXPORT_COMTRADE
2023,360,682,2078708837.771,DIRECT_EXPORT_COMTRADE
2023,360,702,12607603597.107,DIRECT_EXPORT_COMTRADE
2023,360,704,7544855981.797,DIRECT_EXPORT_COMTRADE
2023,360,710,843091615.537,DIRECT_EXPORT_COMTRADE
2023,360,724,2194417762.864,DIRECT_EXPORT_COMTRADE
2023,360,757,2266559698.761,DIRECT_EXPORT_COMTRADE
2023,360,764,7222872396.393,DIRECT_EXPORT_COMTRADE
2023,360,784,2648715165.099,DIRECT_EXPORT_COMTRADE
2023,360,792,1538388094.386,DIRECT_EXPORT_COMTRADE
2023,360,818,1312345794.577,DIRECT_EXPORT_COMTRADE
2023,360,826,1526743129.789,DIRECT_EXPORT_COMTRADE
2023,360,834,282091599.009,DIRECT_EXPORT_COMTRADE
2023,360,841,28101210465.0,MIRROR_IMPORT_OECD
2023,364,58,27996377.0,MIRROR_IMPORT_OECD
2023,364,230,1644755.0,MIRROR_IMPORT_OECD
2023,364,356,1018195506.0,MIRROR_IMPORT_OECD
2023,364,841,2268851.0,MIRROR_IMPORT_OECD
2023,368,36,1033080.0,DIRECT_EXPORT_COMTRADE
2023,368,58,81269408.0,MIRROR_IMPORT_OECD
2023,368,156,198000.0,DIRECT_EXPORT_COMTRADE
2023,368,230,17759290.0,MIRROR_IMPORT_OECD
2023,368,276,70000.0,DIRECT_EXPORT_COMTRADE
2023,368,356,29842816838.0,MIRROR_IMPORT_OECD
2023,368,364,327500.0,DIRECT_EXPORT_COMTRADE
2023,368,380,450000.0,DIRECT_EXPORT_COMTRADE
2023,368,410,351656300.0,DIRECT_EXPORT_COMTRADE
2023,368,414,8720705.0,DIRECT_EXPORT_COMTRADE
2023,368,504,18000.0,DIRECT_EXPORT_COMTRADE
2023,368,512,2703155.0,DIRECT_EXPORT_COMTRADE
2023,368,528,363229618.0,DIRECT_EXPORT_COMTRADE
2023,368,586,823746.0,DIRECT_EXPORT_COMTRADE
2023,368,634,969375.0,DIRECT_EXPORT_COMTRADE
2023,368,682,6359803.0,DIRECT_EXPORT_COMTRADE
2023,368,704,12000.0,DIRECT_EXPORT_COMTRADE
2023,368,724,341381.0,DIRECT_EXPORT_COMTRADE
2023,368,757,33152000.0,DIRECT_EXPORT_COMTRADE
2023,368,784,2859195518.0,DIRECT_EXPORT_COMTRADE
2023,368,792,18400.0,DIRECT_EXPORT_COMTRADE
2023,368,818,44755700.0,DIRECT_EXPORT_COMTRADE
2023,368,826,45000.0,DIRECT_EXPORT_COMTRADE
2023,368,841,8941520927.0,MIRROR_IMPORT_OECD
2023,376,31,178960000.0,DIRECT_EXPORT_COMTRADE
2023,376,32,166261000.0,DIRECT_EXPORT_COMTRADE
2023,376,36,465750000.0,DIRECT_EXPORT_COMTRADE
2023,376,58,767659393.0,MIRROR_IMPORT_OECD
2023,376,76,1359765000.0,DIRECT_EXPORT_COMTRADE
2023,376,124,694411000.0,DIRECT_EXPORT_COMTRADE
2023,376,144,94606000.0,DIRECT_EXPORT_COMTRADE
2023,376,152,97217000.0,DIRECT_EXPORT_COMTRADE
2023,376,156,3399990000.0,DIRECT_EXPORT_COMTRADE
2023,376,170,104978000.0,DIRECT_EXPORT_COMTRADE
2023,376,192,7987000.0,DIRECT_EXPORT_COMTRADE
2023,376,214,28667000.0,DIRECT_EXPORT_COMTRADE
2023,376,218,31725000.0,DIRECT_EXPORT_COMTRADE
2023,376,230,16368605.0,MIRROR_IMPORT_OECD
2023,376,251,1423884000.0,DIRECT_EXPORT_COMTRADE
2023,376,276,2118594000.0,DIRECT_EXPORT_COMTRADE
2023,376,288,14148000.0,DIRECT_EXPORT_COMTRADE
2023,376,344,1828333000.0,DIRECT_EXPORT_COMTRADE
2023,376,356,1711734507.0,MIRROR_IMPORT_OECD
2023,376,360,36935000.0,DIRECT_EXPORT_COMTRADE
2023,376,380,1101376000.0,DIRECT_EXPORT_COMTRADE
2023,376,384,33399000.0,DIRECT_EXPORT_COMTRADE
2023,376,392,944679000.0,DIRECT_EXPORT_COMTRADE
2023,376,404,39216000.0,DIRECT_EXPORT_COMTRADE
2023,376,410,1077474000.0,DIRECT_EXPORT_COMTRADE
2023,376,458,25244000.0,DIRECT_EXPORT_COMTRADE
2023,376,484,414882000.0,DIRECT_EXPORT_COMTRADE
2023,376,504,61664000.0,DIRECT_EXPORT_COMTRADE
2023,376,528,2399324000.0,DIRECT_EXPORT_COMTRADE
2023,376,554,85617000.0,DIRECT_EXPORT_COMTRADE
2023,376,604,56727000.0,DIRECT_EXPORT_COMTRADE
2023,376,608,287762000.0,DIRECT_EXPORT_COMTRADE
2023,376,616,416877000.0,DIRECT_EXPORT_COMTRADE
2023,376,643,589537000.0,DIRECT_EXPORT_COMTRADE
2023,376,702,771643000.0,DIRECT_EXPORT_COMTRADE
2023,376,704,171106000.0,DIRECT_EXPORT_COMTRADE
2023,376,710,200199000.0,DIRECT_EXPORT_COMTRADE
2023,376,724,958819000.0,DIRECT_EXPORT_COMTRADE
2023,376,757,641526000.0,DIRECT_EXPORT_COMTRADE
2023,376,764,326071000.0,DIRECT_EXPORT_COMTRADE
2023,376,784,626573000.0,DIRECT_EXPORT_COMTRADE
2023,376,792,1474790000.0,DIRECT_EXPORT_COMTRADE
2023,376,818,258500000.0,DIRECT_EXPORT_COMTRADE
2023,376,826,2111180000.0,DIRECT_EXPORT_COMTRADE
2023,376,834,10287000.0,DIRECT_EXPORT_COMTRADE
2023,376,841,21162969462.0,MIRROR_IMPORT_OECD
2023,380,12,3041549224.243,DIRECT_EXPORT_COMTRADE
2023,380,24,473766699.28,DIRECT_EXPORT_COMTRADE
2023,380,31,406048044.737,DIRECT_EXPORT_COMTRADE
2023,380,32,1460285832.633,DIRECT_EXPORT_COMTRADE
2023,380,36,5660945986.761,DIRECT_EXPORT_COMTRADE
2023,380,50,600839372.712,DIRECT_EXPORT_COMTRADE
2023,380,58,16228438109.0,MIRROR_IMPORT_OECD
2023,380,76,5799898396.33,DIRECT_EXPORT_COMTRADE
2023,380,124,6828513380.12,DIRECT_EXPORT_COMTRADE
2023,380,144,222548131.399,DIRECT_EXPORT_COMTRADE
2023,380,152,1379513355.071,DIRECT_EXPORT_COMTRADE
2023,380,156,20728303835.313,DIRECT_EXPORT_COMTRADE
2023,380,170,959487120.504,DIRECT_EXPORT_COMTRADE
2023,380,192,176753310.751,DIRECT_EXPORT_COMTRADE
2023,380,214,657333777.781,DIRECT_EXPORT_COMTRADE
2023,380,218,420402402.514,DIRECT_EXPORT_COMTRADE
2023,380,230,249006403.0,MIRROR_IMPORT_OECD
2023,380,251,68733503665.298,DIRECT_EXPORT_COMTRADE
2023,380,276,80799805324.748,DIRECT_EXPORT_COMTRADE
2023,380,288,202178263.245,DIRECT_EXPORT_COMTRADE
2023,380,344,5393072969.194,DIRECT_EXPORT_COMTRADE
2023,380,356,6834308487.0,MIRROR_IMPORT_OECD
2023,380,360,1502801801.343,DIRECT_EXPORT_COMTRADE
2023,380,364,646180905.01,DIRECT_EXPORT_COMTRADE
2023,380,368,970087148.198,DIRECT_EXPORT_COMTRADE
2023,380,376,3649015432.823,DIRECT_EXPORT_COMTRADE
2023,380,384,336239437.434,DIRECT_EXPORT_COMTRADE
2023,380,392,8687651327.241,DIRECT_EXPORT_COMTRADE
2023,380,404,149121198.143,DIRECT_EXPORT_COMTRADE
2023,380,410,7225553710.096,DIRECT_EXPORT_COMTRADE
2023,380,414,2387993508.229,DIRECT_EXPORT_COMTRADE
2023,380,446,349225369.759,DIRECT_EXPORT_COMTRADE
2023,380,458,1483033646.2,DIRECT_EXPORT_COMTRADE
2023,380,484,6679194404.971,DIRECT_EXPORT_COMTRADE
2023,380,496,83721844.246,DIRECT_EXPORT_COMTRADE
2023,380,504,2997964737.234,DIRECT_EXPORT_COMTRADE
2023,380,512,459902192.952,DIRECT_EXPORT_COMTRADE
2023,380,528,20001191306.219,DIRECT_EXPORT_COMTRADE
2023,380,554,728878778.141,DIRECT_EXPORT_COMTRADE
2023,380,586,463223106.239,DIRECT_EXPORT_COMTRADE
2023,380,604,653491544.884,DIRECT_EXPORT_COMTRADE
2023,380,608,868774037.728,DIRECT_EXPORT_COMTRADE
2023,380,616,21374698668.239,DIRECT_EXPORT_COMTRADE
2023,380,634,2850161337.383,DIRECT_EXPORT_COMTRADE
2023,380,643,5009628035.088,DIRECT_EXPORT_COMTRADE
2023,380,682,5265632324.913,DIRECT_EXPORT_COMTRADE
2023,380,702,3071137090.118,DIRECT_EXPORT_COMTRADE
2023,380,704,1324871572.949,DIRECT_EXPORT_COMTRADE
2023,380,710,2392323221.351,DIRECT_EXPORT_COMTRADE
2023,380,724,35803963680.549,DIRECT_EXPORT_COMTRADE
2023,380,757,32988836567.729,DIRECT_EXPORT_COMTRADE
2023,380,764,2070918177.385,DIRECT_EXPORT_COMTRADE
2023,380,784,7208949486.419,DIRECT_EXPORT_COMTRADE
2023,380,792,15378840995.414,DIRECT_EXPORT_COMTRADE
2023,380,818,3630952950.815,DIRECT_EXPORT_COMTRADE
2023,380,826,28170667121.493,DIRECT_EXPORT_COMTRADE
2023,380,834,156039737.578,DIRECT_EXPORT_COMTRADE
2023,380,841,75171409613.0,MIRROR_IMPORT_OECD
2023,384,12,52838417.642,DIRECT_EXPORT_COMTRADE
2023,384,24,363404907.879,DIRECT_EXPORT_COMTRADE
2023,384,31,2181.323,DIRECT_EXPORT_COMTRADE
2023,384,32,1133078.586,DIRECT_EXPORT_COMTRADE
2023,384,36,14852772.504,DIRECT_EXPORT_COMTRADE
2023,384,50,68375433.932,DIRECT_EXPORT_COMTRADE
2023,384,58,272305079.0,MIRROR_IMPORT_OECD
2023,384,76,107908993.144,DIRECT_EXPORT_COMTRADE
2023,384,124,228010222.113,DIRECT_EXPORT_COMTRADE
2023,384,144,2902970.312,DIRECT_EXPORT_COMTRADE
2023,384,152,174767.661,DIRECT_EXPORT_COMTRADE
2023,384,156,776713193.46,DIRECT_EXPORT_COMTRADE
2023,384,170,98095.948,DIRECT_EXPORT_COMTRADE
2023,384,214,3967275.247,DIRECT_EXPORT_COMTRADE
2023,384,218,165502.401,DIRECT_EXPORT_COMTRADE
2023,384,230,2225461.0,MIRROR_IMPORT_OECD
2023,384,251,672987236.804,DIRECT_EXPORT_COMTRADE
2023,384,276,650013101.961,DIRECT_EXPORT_COMTRADE
2023,384,288,295413222.323,DIRECT_EXPORT_COMTRADE
2023,384,344,41081.148,DIRECT_EXPORT_COMTRADE
2023,384,356,391500451.0,MIRROR_IMPORT_OECD
2023,384,360,310156924.771,DIRECT_EXPORT_COMTRADE
2023,384,368,13666.666,DIRECT_EXPORT_COMTRADE
2023,384,376,51776715.582,DIRECT_EXPORT_COMTRADE
2023,384,380,214386673.066,DIRECT_EXPORT_COMTRADE
2023,384,392,1916423.318,DIRECT_EXPORT_COMTRADE
2023,384,404,22168869.118,DIRECT_EXPORT_COMTRADE
2023,384,410,573623.278,DIRECT_EXPORT_COMTRADE
2023,384,414,1704931.504,DIRECT_EXPORT_COMTRADE
2023,384,458,912415908.851,DIRECT_EXPORT_COMTRADE
2023,384,484,116084959.107,DIRECT_EXPORT_COMTRADE
2023,384,504,39791562.132,DIRECT_EXPORT_COMTRADE
2023,384,512,989907.058,DIRECT_EXPORT_COMTRADE
2023,384,528,2112201700.277,DIRECT_EXPORT_COMTRADE
2023,384,554,9.891,DIRECT_EXPORT_COMTRADE
2023,384,586,121423359.699,DIRECT_EXPORT_COMTRADE
2023,384,604,2599751.843,DIRECT_EXPORT_COMTRADE
2023,384,608,51417.826,DIRECT_EXPORT_COMTRADE
2023,384,616,139422182.88,DIRECT_EXPORT_COMTRADE
2023,384,634,697214.41,DIRECT_EXPORT_COMTRADE
2023,384,643,58261075.769,DIRECT_EXPORT_COMTRADE
2023,384,682,5193414.925,DIRECT_EXPORT_COMTRADE
2023,384,702,6910066.695,DIRECT_EXPORT_COMTRADE
2023,384,704,912234597.991,DIRECT_EXPORT_COMTRADE
2023,384,710,436846697.3,DIRECT_EXPORT_COMTRADE
2023,384,724,379541491.156,DIRECT_EXPORT_COMTRADE
2023,384,757,1946508565.488,DIRECT_EXPORT_COMTRADE
2023,384,764,266730.806,DIRECT_EXPORT_COMTRADE
2023,384,784,51416272.364,DIRECT_EXPORT_COMTRADE
2023,384,792,296473504.853,DIRECT_EXPORT_COMTRADE
2023,384,818,62227617.742,DIRECT_EXPORT_COMTRADE
2023,384,826,489532553.168,DIRECT_EXPORT_COMTRADE
2023,384,834,4456166.09,DIRECT_EXPORT_COMTRADE
2023,384,841,1003403678.0,MIRROR_IMPORT_OECD
2023,392,12,79210311.842,DIRECT_EXPORT_COMTRADE
2023,392,24,48017314.815,DIRECT_EXPORT_COMTRADE
2023,392,31,58552247.631,DIRECT_EXPORT_COMTRADE
2023,392,32,901553408.141,DIRECT_EXPORT_COMTRADE
2023,392,36,16748082386.396,DIRECT_EXPORT_COMTRADE
2023,392,50,1746025753.881,DIRECT_EXPORT_COMTRADE
2023,392,58,8901792473.0,MIRROR_IMPORT_OECD
2023,392,76,4241480762.765,DIRECT_EXPORT_COMTRADE
2023,392,124,10901320812.248,DIRECT_EXPORT_COMTRADE
2023,392,144,166843003.241,DIRECT_EXPORT_COMTRADE
2023,392,152,2027555041.194,DIRECT_EXPORT_COMTRADE
2023,392,156,126133117978.753,DIRECT_EXPORT_COMTRADE
2023,392,170,974413960.127,DIRECT_EXPORT_COMTRADE
2023,392,192,15842481.472,DIRECT_EXPORT_COMTRADE
2023,392,214,361205775.727,DIRECT_EXPORT_COMTRADE
2023,392,218,553057314.746,DIRECT_EXPORT_COMTRADE
2023,392,230,381941035.0,MIRROR_IMPORT_OECD
2023,392,251,7016716743.957,DIRECT_EXPORT_COMTRADE
2023,392,276,19330258239.468,DIRECT_EXPORT_COMTRADE
2023,392,288,101037217.271,DIRECT_EXPORT_COMTRADE
2023,392,344,32501628523.841,DIRECT_EXPORT_COMTRADE
2023,392,356,18752547723.0,MIRROR_IMPORT_OECD
2023,392,360,14421563388.658,DIRECT_EXPORT_COMTRADE
2023,392,364,64051885.417,DIRECT_EXPORT_COMTRADE
2023,392,368,845858972.776,DIRECT_EXPORT_COMTRADE
2023,392,376,1311248096.693,DIRECT_EXPORT_COMTRADE
2023,392,380,6060164773.181,DIRECT_EXPORT_COMTRADE
2023,392,384,80267267.332,DIRECT_EXPORT_COMTRADE
2023,392,404,946828523.985,DIRECT_EXPORT_COMTRADE
2023,392,410,46906475347.111,DIRECT_EXPORT_COMTRADE
2023,392,414,1945700546.553,DIRECT_EXPORT_COMTRADE
2023,392,446,470384992.801,DIRECT_EXPORT_COMTRADE
2023,392,458,13939096329.764,DIRECT_EXPORT_COMTRADE
2023,392,484,13087490267.058,DIRECT_EXPORT_COMTRADE
2023,392,496,766145590.277,DIRECT_EXPORT_COMTRADE
2023,392,504,268865914.861,DIRECT_EXPORT_COMTRADE
2023,392,512,1217417337.431,DIRECT_EXPORT_COMTRADE
2023,392,528,13427502957.165,DIRECT_EXPORT_COMTRADE
2023,392,554,2903388584.741,DIRECT_EXPORT_COMTRADE
2023,392,586,1036105129.44,DIRECT_EXPORT_COMTRADE
2023,392,604,793649525.568,DIRECT_EXPORT_COMTRADE
2023,392,608,10128688350.616,DIRECT_EXPORT_COMTRADE
2023,392,616,4193951295.973,DIRECT_EXPORT_COMTRADE
2023,392,634,1409169375.967,DIRECT_EXPORT_COMTRADE
2023,392,643,2851067353.65,DIRECT_EXPORT_COMTRADE
2023,392,682,6344772574.968,DIRECT_EXPORT_COMTRADE
2023,392,702,18805421963.25,DIRECT_EXPORT_COMTRADE
2023,392,704,17141817337.156,DIRECT_EXPORT_COMTRADE
2023,392,710,2506672268.361,DIRECT_EXPORT_COMTRADE
2023,392,724,3273961383.547,DIRECT_EXPORT_COMTRADE
2023,392,757,5338820226.395,DIRECT_EXPORT_COMTRADE
2023,392,764,29328208701.463,DIRECT_EXPORT_COMTRADE
2023,392,784,10385098965.998,DIRECT_EXPORT_COMTRADE
2023,392,792,3981427594.586,DIRECT_EXPORT_COMTRADE
2023,392,818,674599449.764,DIRECT_EXPORT_COMTRADE
2023,392,826,12005056454.01,DIRECT_EXPORT_COMTRADE
2023,392,834,556063486.687,DIRECT_EXPORT_COMTRADE
2023,392,841,151580564290.0,MIRROR_IMPORT_OECD
2023,404,12,1681338.046,DIRECT_EXPORT_COMTRADE
2023,404,24,2774516.252,DIRECT_EXPORT_COMTRADE
2023,404,31,1279113.613,DIRECT_EXPORT_COMTRADE
2023,404,32,16432.001,DIRECT_EXPORT_COMTRADE
2023,404,36,25659917.137,DIRECT_EXPORT_COMTRADE
2023,404,50,4361447.93,DIRECT_EXPORT_COMTRADE
2023,404,58,24523989.0,MIRROR_IMPORT_OECD
2023,404,76,1105011.768,DIRECT_EXPORT_COMTRADE
2023,404,124,16728198.779,DIRECT_EXPORT_COMTRADE
2023,404,144,2293006.294,DIRECT_EXPORT_COMTRADE
2023,404,152,293375.245,DIRECT_EXPORT_COMTRADE
2023,404,156,206629732.795,DIRECT_EXPORT_COMTRADE
2023,404,170,342792.063,DIRECT_EXPORT_COMTRADE
2023,404,192,163.677,DIRECT_EXPORT_COMTRADE
2023,404,214,240270.966,DIRECT_EXPORT_COMTRADE
2023,404,218,224131.356,DIRECT_EXPORT_COMTRADE
2023,404,230,79501564.0,MIRROR_IMPORT_OECD
2023,404,251,112815591.333,DIRECT_EXPORT_COMTRADE
2023,404,276,113991197.863,DIRECT_EXPORT_COMTRADE
2023,404,288,9013920.687,DIRECT_EXPORT_COMTRADE
2023,404,344,12042441.547,DIRECT_EXPORT_COMTRADE
2023,404,356,115455953.0,MIRROR_IMPORT_OECD
2023,404,360,4076983.619,DIRECT_EXPORT_COMTRADE
2023,404,364,47995566.373,DIRECT_EXPORT_COMTRADE
2023,404,368,8282045.177,DIRECT_EXPORT_COMTRADE
2023,404,376,6294241.874,DIRECT_EXPORT_COMTRADE
2023,404,380,47623841.352,DIRECT_EXPORT_COMTRADE
2023,404,384,6198808.86,DIRECT_EXPORT_COMTRADE
2023,404,392,62553252.557,DIRECT_EXPORT_COMTRADE
2023,404,410,35728256.628,DIRECT_EXPORT_COMTRADE
2023,404,414,20497322.475,DIRECT_EXPORT_COMTRADE
2023,404,446,42822.6,DIRECT_EXPORT_COMTRADE
2023,404,458,16679657.932,DIRECT_EXPORT_COMTRADE
2023,404,484,9909835.778,DIRECT_EXPORT_COMTRADE
2023,404,504,4495781.696,DIRECT_EXPORT_COMTRADE
2023,404,512,20938056.14,DIRECT_EXPORT_COMTRADE
2023,404,528,544199390.703,DIRECT_EXPORT_COMTRADE
2023,404,554,1730423.561,DIRECT_EXPORT_COMTRADE
2023,404,586,563223524.139,DIRECT_EXPORT_COMTRADE
2023,404,604,1587975.896,DIRECT_EXPORT_COMTRADE
2023,404,608,3310610.656,DIRECT_EXPORT_COMTRADE
2023,404,616,24391184.856,DIRECT_EXPORT_COMTRADE
2023,404,634,17471121.615,DIRECT_EXPORT_COMTRADE
2023,404,643,34048641.848,DIRECT_EXPORT_COMTRADE
2023,404,682,129364349.261,DIRECT_EXPORT_COMTRADE
2023,404,702,8042961.623,DIRECT_EXPORT_COMTRADE
2023,404,704,22033597.437,DIRECT_EXPORT_COMTRADE
2023,404,710,53188802.137,DIRECT_EXPORT_COMTRADE
2023,404,724,63157981.837,DIRECT_EXPORT_COMTRADE
2023,404,757,33377613.64,DIRECT_EXPORT_COMTRADE
2023,404,764,28571742.136,DIRECT_EXPORT_COMTRADE
2023,404,784,399075710.022,DIRECT_EXPORT_COMTRADE
2023,404,792,20910542.384,DIRECT_EXPORT_COMTRADE
2023,404,818,222756520.348,DIRECT_EXPORT_COMTRADE
2023,404,826,390223104.552,DIRECT_EXPORT_COMTRADE
2023,404,834,487644065.082,DIRECT_EXPORT_COMTRADE
2023,404,841,918514732.0,MIRROR_IMPORT_OECD
2023,410,12,284136437.0,DIRECT_EXPORT_COMTRADE
2023,410,24,474761476.0,DIRECT_EXPORT_COMTRADE
2023,410,31,243839784.0,DIRECT_EXPORT_COMTRADE
2023,410,32,442731044.0,DIRECT_EXPORT_COMTRADE
2023,410,36,17789485260.0,DIRECT_EXPORT_COMTRADE
2023,410,50,1624853041.0,DIRECT_EXPORT_COMTRADE
2023,410,58,3201042728.0,MIRROR_IMPORT_OECD
2023,410,76,4337681216.0,DIRECT_EXPORT_COMTRADE
2023,410,124,8434174094.0,DIRECT_EXPORT_COMTRADE
2023,410,144,210666235.0,DIRECT_EXPORT_COMTRADE
2023,410,152,1246361509.0,DIRECT_EXPORT_COMTRADE
2023,410,156,124655567747.0,DIRECT_EXPORT_COMTRADE
2023,410,170,773826843.0,DIRECT_EXPORT_COMTRADE
2023,410,192,35678974.0,DIRECT_EXPORT_COMTRADE
2023,410,214,327265804.0,DIRECT_EXPORT_COMTRADE
2023,410,218,768651658.0,DIRECT_EXPORT_COMTRADE
2023,410,230,178147347.0,MIRROR_IMPORT_OECD
2023,410,251,5619969249.0,DIRECT_EXPORT_COMTRADE
2023,410,276,10312048824.0,DIRECT_EXPORT_COMTRADE
2023,410,288,180895606.0,DIRECT_EXPORT_COMTRADE
2023,410,344,25193087883.0,DIRECT_EXPORT_COMTRADE
2023,410,356,19640138847.0,MIRROR_IMPORT_OECD
2023,410,360,9138629174.0,DIRECT_EXPORT_COMTRADE
2023,410,364,183314167.0,DIRECT_EXPORT_COMTRADE
2023,410,368,1195974426.0,DIRECT_EXPORT_COMTRADE
2023,410,376,1913665832.0,DIRECT_EXPORT_COMTRADE
2023,410,380,5001115304.0,DIRECT_EXPORT_COMTRADE
2023,410,384,216600020.0,DIRECT_EXPORT_COMTRADE
2023,410,392,28997021148.0,DIRECT_EXPORT_COMTRADE
2023,410,404,269957296.0,DIRECT_EXPORT_COMTRADE
2023,410,414,558443131.0,DIRECT_EXPORT_COMTRADE
2023,410,446,19618774.0,DIRECT_EXPORT_COMTRADE
2023,410,458,9754887002.0,DIRECT_EXPORT_COMTRADE
2023,410,484,12216845185.0,DIRECT_EXPORT_COMTRADE
2023,410,496,476434759.0,DIRECT_EXPORT_COMTRADE
2023,410,504,392259695.0,DIRECT_EXPORT_COMTRADE
2023,410,512,494614800.0,DIRECT_EXPORT_COMTRADE
2023,410,528,6845754223.0,DIRECT_EXPORT_COMTRADE
2023,410,554,2856219204.0,DIRECT_EXPORT_COMTRADE
2023,410,586,914496912.0,DIRECT_EXPORT_COMTRADE
2023,410,604,688866561.0,DIRECT_EXPORT_COMTRADE
2023,410,608,9008417184.0,DIRECT_EXPORT_COMTRADE
2023,410,616,9020966077.0,DIRECT_EXPORT_COMTRADE
2023,410,634,764248037.0,DIRECT_EXPORT_COMTRADE
2023,410,643,6122425926.0,DIRECT_EXPORT_COMTRADE
2023,410,682,5316030539.0,DIRECT_EXPORT_COMTRADE
2023,410,702,18751073370.0,DIRECT_EXPORT_COMTRADE
2023,410,704,53473586565.0,DIRECT_EXPORT_COMTRADE
2023,410,710,882122874.0,DIRECT_EXPORT_COMTRADE
2023,410,724,3332223565.0,DIRECT_EXPORT_COMTRADE
2023,410,757,1136719146.0,DIRECT_EXPORT_COMTRADE
2023,410,764,7539783519.0,DIRECT_EXPORT_COMTRADE
2023,410,784,4407280710.0,DIRECT_EXPORT_COMTRADE
2023,410,792,8966786644.0,DIRECT_EXPORT_COMTRADE
2023,410,818,1329073756.0,DIRECT_EXPORT_COMTRADE
2023,410,826,6047599379.0,DIRECT_EXPORT_COMTRADE
2023,410,834,308448253.0,DIRECT_EXPORT_COMTRADE
2023,410,841,119716388241.0,MIRROR_IMPORT_OECD
2023,414,12,15809699.099,DIRECT_EXPORT_COMTRADE
2023,414,24,2999768.559,DIRECT_EXPORT_COMTRADE
2023,414,31,25782.394,DIRECT_EXPORT_COMTRADE
2023,414,32,92051.612,DIRECT_EXPORT_COMTRADE
2023,414,36,2003972.409,DIRECT_EXPORT_COMTRADE
2023,414,50,4032565.05,DIRECT_EXPORT_COMTRADE
2023,414,58,219594671.0,MIRROR_IMPORT_OECD
2023,414,76,969304.09,DIRECT_EXPORT_COMTRADE
2023,414,124,5481962.063,DIRECT_EXPORT_COMTRADE
2023,414,144,18181138.989,DIRECT_EXPORT_COMTRADE
2023,414,152,27003.152,DIRECT_EXPORT_COMTRADE
2023,414,156,590899280.056,DIRECT_EXPORT_COMTRADE
2023,414,170,470824.934,DIRECT_EXPORT_COMTRADE
2023,414,192,17253.37,DIRECT_EXPORT_COMTRADE
2023,414,214,3893.402,DIRECT_EXPORT_COMTRADE
2023,414,218,217382.695,DIRECT_EXPORT_COMTRADE
2023,414,230,1327406436.0,MIRROR_IMPORT_OECD
2023,414,251,16707193.361,DIRECT_EXPORT_COMTRADE
2023,414,276,11032722.753,DIRECT_EXPORT_COMTRADE
2023,414,288,7996386.815,DIRECT_EXPORT_COMTRADE
2023,414,344,32655580.256,DIRECT_EXPORT_COMTRADE
2023,414,356,9104248497.0,MIRROR_IMPORT_OECD
2023,414,360,23058930.356,DIRECT_EXPORT_COMTRADE
2023,414,364,20921547.079,DIRECT_EXPORT_COMTRADE
2023,414,368,384340463.643,DIRECT_EXPORT_COMTRADE
2023,414,380,42843701.719,DIRECT_EXPORT_COMTRADE
2023,414,384,5987716.933,DIRECT_EXPORT_COMTRADE
2023,414,392,6310654.443,DIRECT_EXPORT_COMTRADE
2023,414,404,5324477.86,DIRECT_EXPORT_COMTRADE
2023,414,410,14159463.094,DIRECT_EXPORT_COMTRADE
2023,414,458,61178649.618,DIRECT_EXPORT_COMTRADE
2023,414,484,590153.147,DIRECT_EXPORT_COMTRADE
2023,414,496,976.606,DIRECT_EXPORT_COMTRADE
2023,414,504,3135734.881,DIRECT_EXPORT_COMTRADE
2023,414,512,98196239.885,DIRECT_EXPORT_COMTRADE
2023,414,528,19624038.318,DIRECT_EXPORT_COMTRADE
2023,414,554,95033.515,DIRECT_EXPORT_COMTRADE
2023,414,586,341560153.409,DIRECT_EXPORT_COMTRADE
2023,414,604,10452.938,DIRECT_EXPORT_COMTRADE
2023,414,608,8841609.877,DIRECT_EXPORT_COMTRADE
2023,414,616,6678867.401,DIRECT_EXPORT_COMTRADE
2023,414,634,241295413.512,DIRECT_EXPORT_COMTRADE
2023,414,643,1031214.39,DIRECT_EXPORT_COMTRADE
2023,414,682,705432211.832,DIRECT_EXPORT_COMTRADE
2023,414,702,41035711.317,DIRECT_EXPORT_COMTRADE
2023,414,704,90398370.995,DIRECT_EXPORT_COMTRADE
2023,414,710,4859336.772,DIRECT_EXPORT_COMTRADE
2023,414,724,14222675.535,DIRECT_EXPORT_COMTRADE
2023,414,757,20233404.557,DIRECT_EXPORT_COMTRADE
2023,414,764,16901515.136,DIRECT_EXPORT_COMTRADE
2023,414,784,1300168029.358,DIRECT_EXPORT_COMTRADE
2023,414,792,53014159.639,DIRECT_EXPORT_COMTRADE
2023,414,818,120060859.42,DIRECT_EXPORT_COMTRADE
2023,414,826,26679413.315,DIRECT_EXPORT_COMTRADE
2023,414,834,2381300.354,DIRECT_EXPORT_COMTRADE
2023,414,841,1780807032.0,MIRROR_IMPORT_OECD
2023,446,36,118503.996,DIRECT_EXPORT_COMTRADE
2023,446,58,3556936.0,MIRROR_IMPORT_OECD
2023,446,124,813736.355,DIRECT_EXPORT_COMTRADE
2023,446,156,94944565.745,DIRECT_EXPORT_COMTRADE
2023,446,230,2621.0,MIRROR_IMPORT_OECD
2023,446,251,1008208.271,DIRECT_EXPORT_COMTRADE
2023,446,276,13369.686,DIRECT_EXPORT_COMTRADE
2023,446,344,1030565327.215,DIRECT_EXPORT_COMTRADE
2023,446,356,7787862.0,MIRROR_IMPORT_OECD
2023,446,380,462326.982,DIRECT_EXPORT_COMTRADE
2023,446,392,420583.128,DIRECT_EXPORT_COMTRADE
2023,446,410,464412.705,DIRECT_EXPORT_COMTRADE
2023,446,458,303334.559,DIRECT_EXPORT_COMTRADE
2023,446,484,322072.582,DIRECT_EXPORT_COMTRADE
2023,446,528,1464319.258,DIRECT_EXPORT_COMTRADE
2023,446,608,1324416.57,DIRECT_EXPORT_COMTRADE
2023,446,634,16129.443,DIRECT_EXPORT_COMTRADE
2023,446,643,87438.156,DIRECT_EXPORT_COMTRADE
2023,446,682,25551.038,DIRECT_EXPORT_COMTRADE
2023,446,702,6134763.034,DIRECT_EXPORT_COMTRADE
2023,446,704,13895865.631,DIRECT_EXPORT_COMTRADE
2023,446,710,62132.796,DIRECT_EXPORT_COMTRADE
2023,446,757,393211.639,DIRECT_EXPORT_COMTRADE
2023,446,764,157222.821,DIRECT_EXPORT_COMTRADE
2023,446,784,196677.688,DIRECT_EXPORT_COMTRADE
2023,446,826,849499.227,DIRECT_EXPORT_COMTRADE
2023,446,841,138194264.0,MIRROR_IMPORT_OECD
2023,458,12,94677353.236,DIRECT_EXPORT_COMTRADE
2023,458,24,123031835.322,DIRECT_EXPORT_COMTRADE
2023,458,31,26175931.325,DIRECT_EXPORT_COMTRADE
2023,458,32,157866072.51,DIRECT_EXPORT_COMTRADE
2023,458,36,10941691068.787,DIRECT_EXPORT_COMTRADE
2023,458,50,2456836826.53,DIRECT_EXPORT_COMTRADE
2023,458,58,1329727520.0,MIRROR_IMPORT_OECD
2023,458,76,1095884094.542,DIRECT_EXPORT_COMTRADE
2023,458,124,915283759.741,DIRECT_EXPORT_COMTRADE
2023,458,144,726982823.416,DIRECT_EXPORT_COMTRADE
2023,458,152,133741279.545,DIRECT_EXPORT_COMTRADE
2023,458,156,42145127266.666,DIRECT_EXPORT_COMTRADE
2023,458,170,116888776.501,DIRECT_EXPORT_COMTRADE
2023,458,192,6618340.755,DIRECT_EXPORT_COMTRADE
2023,458,214,40022295.467,DIRECT_EXPORT_COMTRADE
2023,458,218,64031933.786,DIRECT_EXPORT_COMTRADE
2023,458,230,264094628.00000003,MIRROR_IMPORT_OECD
2023,458,251,1472016624.139,DIRECT_EXPORT_COMTRADE
2023,458,276,6701374980.898,DIRECT_EXPORT_COMTRADE
2023,458,288,229754039.414,DIRECT_EXPORT_COMTRADE
2023,458,344,19698224010.991,DIRECT_EXPORT_COMTRADE
2023,458,356,12555909049.0,MIRROR_IMPORT_OECD
2023,458,360,11162555979.958,DIRECT_EXPORT_COMTRADE
2023,458,364,411284986.205,DIRECT_EXPORT_COMTRADE
2023,458,368,426027404.345,DIRECT_EXPORT_COMTRADE
2023,458,380,1376447327.747,DIRECT_EXPORT_COMTRADE
2023,458,384,115612340.531,DIRECT_EXPORT_COMTRADE
2023,458,392,18791083935.164,DIRECT_EXPORT_COMTRADE
2023,458,404,1184250394.387,DIRECT_EXPORT_COMTRADE
2023,458,410,12251988521.681,DIRECT_EXPORT_COMTRADE
2023,458,414,191071820.556,DIRECT_EXPORT_COMTRADE
2023,458,446,30996342.952,DIRECT_EXPORT_COMTRADE
2023,458,484,4103917218.27,DIRECT_EXPORT_COMTRADE
2023,458,496,33539612.038,DIRECT_EXPORT_COMTRADE
2023,458,504,136876044.058,DIRECT_EXPORT_COMTRADE
2023,458,512,318114321.223,DIRECT_EXPORT_COMTRADE
2023,458,528,7861578214.028,DIRECT_EXPORT_COMTRADE
2023,458,554,1619167562.853,DIRECT_EXPORT_COMTRADE
2023,458,586,961437752.864,DIRECT_EXPORT_COMTRADE
2023,458,604,142698100.505,DIRECT_EXPORT_COMTRADE
2023,458,608,5798651241.254,DIRECT_EXPORT_COMTRADE
2023,458,616,703292564.01,DIRECT_EXPORT_COMTRADE
2023,458,634,318275891.014,DIRECT_EXPORT_COMTRADE
2023,458,643,619686071.58,DIRECT_EXPORT_COMTRADE
2023,458,682,1503690660.379,DIRECT_EXPORT_COMTRADE
2023,458,702,48092322740.089,DIRECT_EXPORT_COMTRADE
2023,458,704,11404596586.733,DIRECT_EXPORT_COMTRADE
2023,458,710,975607224.355,DIRECT_EXPORT_COMTRADE
2023,458,724,1239418827.564,DIRECT_EXPORT_COMTRADE
2023,458,757,796352927.848,DIRECT_EXPORT_COMTRADE
2023,458,764,12873639854.988,DIRECT_EXPORT_COMTRADE
2023,458,784,3120539496.905,DIRECT_EXPORT_COMTRADE
2023,458,792,3844132643.957,DIRECT_EXPORT_COMTRADE
2023,458,818,506671051.953,DIRECT_EXPORT_COMTRADE
2023,458,826,1925328176.458,DIRECT_EXPORT_COMTRADE
2023,458,834,445747485.413,DIRECT_EXPORT_COMTRADE
2023,458,841,47328326350.0,MIRROR_IMPORT_OECD
2023,484,12,71417280.0,DIRECT_EXPORT_COMTRADE
2023,484,24,3728407.0,DIRECT_EXPORT_COMTRADE
2023,484,31,41104.0,DIRECT_EXPORT_COMTRADE
2023,484,32,901221424.0,DIRECT_EXPORT_COMTRADE
2023,484,36,1015436070.0,DIRECT_EXPORT_COMTRADE
2023,484,50,5069208.0,DIRECT_EXPORT_COMTRADE
2023,484,58,2709903305.0,MIRROR_IMPORT_OECD
2023,484,76,4318753782.0,DIRECT_EXPORT_COMTRADE
2023,484,124,17731075690.0,DIRECT_EXPORT_COMTRADE
2023,484,144,31767.0,DIRECT_EXPORT_COMTRADE
2023,484,152,1258755472.0,DIRECT_EXPORT_COMTRADE
2023,484,156,9151479722.0,DIRECT_EXPORT_COMTRADE
2023,484,170,2743758462.0,DIRECT_EXPORT_COMTRADE
2023,484,192,296417825.0,DIRECT_EXPORT_COMTRADE
2023,484,214,808555189.0,DIRECT_EXPORT_COMTRADE
2023,484,218,571117966.0,DIRECT_EXPORT_COMTRADE
2023,484,230,17562980.0,MIRROR_IMPORT_OECD
2023,484,251,1238001615.0,DIRECT_EXPORT_COMTRADE
2023,484,276,8746321275.0,DIRECT_EXPORT_COMTRADE
2023,484,288,1172216.0,DIRECT_EXPORT_COMTRADE
2023,484,344,766748945.0,DIRECT_EXPORT_COMTRADE
2023,484,356,4100446593.0,MIRROR_IMPORT_OECD
2023,484,360,91730471.0,DIRECT_EXPORT_COMTRADE
2023,484,368,31058520.0,DIRECT_EXPORT_COMTRADE
2023,484,376,150266194.0,DIRECT_EXPORT_COMTRADE
2023,484,380,785073517.0,DIRECT_EXPORT_COMTRADE
2023,484,384,4322147.0,DIRECT_EXPORT_COMTRADE
2023,484,392,3846200470.0,DIRECT_EXPORT_COMTRADE
2023,484,404,52145.0,DIRECT_EXPORT_COMTRADE
2023,484,410,3806882258.0,DIRECT_EXPORT_COMTRADE
2023,484,414,101725185.0,DIRECT_EXPORT_COMTRADE
2023,484,446,844.0,DIRECT_EXPORT_COMTRADE
2023,484,458,399796254.0,DIRECT_EXPORT_COMTRADE
2023,484,496,400.0,DIRECT_EXPORT_COMTRADE
2023,484,504,59958410.0,DIRECT_EXPORT_COMTRADE
2023,484,512,11379264.0,DIRECT_EXPORT_COMTRADE
2023,484,528,2193055083.0,DIRECT_EXPORT_COMTRADE
2023,484,554,176149537.0,DIRECT_EXPORT_COMTRADE
2023,484,586,57514740.0,DIRECT_EXPORT_COMTRADE
2023,484,604,1299543625.0,DIRECT_EXPORT_COMTRADE
2023,484,608,81247746.0,DIRECT_EXPORT_COMTRADE
2023,484,616,390506972.0,DIRECT_EXPORT_COMTRADE
2023,484,634,59196035.0,DIRECT_EXPORT_COMTRADE
2023,484,643,19747655.0,DIRECT_EXPORT_COMTRADE
2023,484,682,544859229.0,DIRECT_EXPORT_COMTRADE
2023,484,702,967678707.0,DIRECT_EXPORT_COMTRADE
2023,484,704,383015004.0,DIRECT_EXPORT_COMTRADE
2023,484,710,251707718.0,DIRECT_EXPORT_COMTRADE
2023,484,724,1498142444.0,DIRECT_EXPORT_COMTRADE
2023,484,757,1721909559.0,DIRECT_EXPORT_COMTRADE
2023,484,764,338213349.0,DIRECT_EXPORT_COMTRADE
2023,484,784,512057061.0,DIRECT_EXPORT_COMTRADE
2023,484,792,213282171.0,DIRECT_EXPORT_COMTRADE
2023,484,818,44870570.0,DIRECT_EXPORT_COMTRADE
2023,484,826,2889612053.0,DIRECT_EXPORT_COMTRADE
2023,484,834,472323.0,DIRECT_EXPORT_COMTRADE
2023,484,841,480050580531.0,MIRROR_IMPORT_OECD
2023,496,31,315500.0,DIRECT_EXPORT_COMTRADE
2023,496,32,342215.143,DIRECT_EXPORT_COMTRADE
2023,496,36,3603529.058,DIRECT_EXPORT_COMTRADE
2023,496,58,363229.0,MIRROR_IMPORT_OECD
2023,496,124,1520245.763,DIRECT_EXPORT_COMTRADE
2023,496,152,18929.181,DIRECT_EXPORT_COMTRADE
2023,496,156,13845433962.033,DIRECT_EXPORT_COMTRADE
2023,496,218,12090000.0,DIRECT_EXPORT_COMTRADE
2023,496,251,11374299.523,DIRECT_EXPORT_COMTRADE
2023,496,276,14776119.398,DIRECT_EXPORT_COMTRADE
2023,496,344,10468624.86,DIRECT_EXPORT_COMTRADE
2023,496,356,987865.0,MIRROR_IMPORT_OECD
2023,496,360,50302.6,DIRECT_EXPORT_COMTRADE
2023,496,364,34755892.051,DIRECT_EXPORT_COMTRADE
2023,496,368,495777.6,DIRECT_EXPORT_COMTRADE
2023,496,376,819.0,DIRECT_EXPORT_COMTRADE
2023,496,380,98994844.098,DIRECT_EXPORT_COMTRADE
2023,496,392,14992886.118,DIRECT_EXPORT_COMTRADE
2023,496,410,150013350.031,DIRECT_EXPORT_COMTRADE
2023,496,458,1220784.666,DIRECT_EXPORT_COMTRADE
2023,496,484,77150.0,DIRECT_EXPORT_COMTRADE
2023,496,528,3766418.042,DIRECT_EXPORT_COMTRADE
2023,496,554,228682.665,DIRECT_EXPORT_COMTRADE
2023,496,586,884259.3,DIRECT_EXPORT_COMTRADE
2023,496,604,12523.75,DIRECT_EXPORT_COMTRADE
2023,496,608,107867.399,DIRECT_EXPORT_COMTRADE
2023,496,616,1116185.822,DIRECT_EXPORT_COMTRADE
2023,496,634,1157403.826,DIRECT_EXPORT_COMTRADE
2023,496,643,111187883.399,DIRECT_EXPORT_COMTRADE
2023,496,682,452532.503,DIRECT_EXPORT_COMTRADE
2023,496,702,42056425.209,DIRECT_EXPORT_COMTRADE
2023,496,704,5567578.477,DIRECT_EXPORT_COMTRADE
2023,496,710,671052.63,DIRECT_EXPORT_COMTRADE
2023,496,724,1278242.922,DIRECT_EXPORT_COMTRADE
2023,496,757,666311691.835,DIRECT_EXPORT_COMTRADE
2023,496,764,1372838.792,DIRECT_EXPORT_COMTRADE
2023,496,784,6507924.738,DIRECT_EXPORT_COMTRADE
2023,496,792,2996424.971,DIRECT_EXPORT_COMTRADE
2023,496,818,18156717.722,DIRECT_EXPORT_COMTRADE
2023,496,826,7393699.566,DIRECT_EXPORT_COMTRADE
2023,496,834,65122.393,DIRECT_EXPORT_COMTRADE
2023,496,841,31127786.0,MIRROR_IMPORT_OECD
2023,504,12,64505755.112,DIRECT_EXPORT_COMTRADE
2023,504,24,14255873.637,DIRECT_EXPORT_COMTRADE
2023,504,31,102071.012,DIRECT_EXPORT_COMTRADE
2023,504,32,330647263.92,DIRECT_EXPORT_COMTRADE
2023,504,36,225760408.35,DIRECT_EXPORT_COMTRADE
2023,504,50,407153255.113,DIRECT_EXPORT_COMTRADE
2023,504,58,613558975.0,MIRROR_IMPORT_OECD
2023,504,76,1203883027.06,DIRECT_EXPORT_COMTRADE
2023,504,124,279976316.81,DIRECT_EXPORT_COMTRADE
2023,504,144,1064995.127,DIRECT_EXPORT_COMTRADE
2023,504,152,58260421.338,DIRECT_EXPORT_COMTRADE
2023,504,156,350385900.603,DIRECT_EXPORT_COMTRADE
2023,504,170,34318816.811,DIRECT_EXPORT_COMTRADE
2023,504,192,1303068.323,DIRECT_EXPORT_COMTRADE
2023,504,214,5326815.773,DIRECT_EXPORT_COMTRADE
2023,504,218,113203.042,DIRECT_EXPORT_COMTRADE
2023,504,230,676621793.0,MIRROR_IMPORT_OECD
2023,504,251,8698159679.617,DIRECT_EXPORT_COMTRADE
2023,504,276,1815612511.212,DIRECT_EXPORT_COMTRADE
2023,504,288,90189556.364,DIRECT_EXPORT_COMTRADE
2023,504,344,475480504.693,DIRECT_EXPORT_COMTRADE
2023,504,356,1391184906.0,MIRROR_IMPORT_OECD
2023,504,360,5504196.246,DIRECT_EXPORT_COMTRADE
2023,504,364,1397.927,DIRECT_EXPORT_COMTRADE
2023,504,368,2717956.146,DIRECT_EXPORT_COMTRADE
2023,504,376,60947347.341,DIRECT_EXPORT_COMTRADE
2023,504,380,2201714488.783,DIRECT_EXPORT_COMTRADE
2023,504,384,469645742.01,DIRECT_EXPORT_COMTRADE
2023,504,392,174850879.027,DIRECT_EXPORT_COMTRADE
2023,504,404,6601080.646,DIRECT_EXPORT_COMTRADE
2023,504,410,42770497.793,DIRECT_EXPORT_COMTRADE
2023,504,414,21400418.827,DIRECT_EXPORT_COMTRADE
2023,504,446,1657.417,DIRECT_EXPORT_COMTRADE
2023,504,458,25417715.193,DIRECT_EXPORT_COMTRADE
2023,504,484,324906547.659,DIRECT_EXPORT_COMTRADE
2023,504,496,279852.387,DIRECT_EXPORT_COMTRADE
2023,504,512,13466043.289,DIRECT_EXPORT_COMTRADE
2023,504,528,920935137.86,DIRECT_EXPORT_COMTRADE
2023,504,554,53928721.64,DIRECT_EXPORT_COMTRADE
2023,504,586,492862191.058,DIRECT_EXPORT_COMTRADE
2023,504,604,60006757.981,DIRECT_EXPORT_COMTRADE
2023,504,608,13551181.412,DIRECT_EXPORT_COMTRADE
2023,504,616,416238340.962,DIRECT_EXPORT_COMTRADE
2023,504,634,27712755.393,DIRECT_EXPORT_COMTRADE
2023,504,643,98481107.368,DIRECT_EXPORT_COMTRADE
2023,504,682,97111372.42,DIRECT_EXPORT_COMTRADE
2023,504,702,95148611.61,DIRECT_EXPORT_COMTRADE
2023,504,704,5503122.605,DIRECT_EXPORT_COMTRADE
2023,504,710,28092254.824,DIRECT_EXPORT_COMTRADE
2023,504,724,9570844883.528,DIRECT_EXPORT_COMTRADE
2023,504,757,205297293.956,DIRECT_EXPORT_COMTRADE
2023,504,764,37492624.912,DIRECT_EXPORT_COMTRADE
2023,504,784,208189026.198,DIRECT_EXPORT_COMTRADE
2023,504,792,1167969367.067,DIRECT_EXPORT_COMTRADE
2023,504,818,52161109.671,DIRECT_EXPORT_COMTRADE
2023,504,826,1892365421.43,DIRECT_EXPORT_COMTRADE
2023,504,834,49865343.816,DIRECT_EXPORT_COMTRADE
2023,504,841,1771818775.0,MIRROR_IMPORT_OECD
2023,512,12,107316418.558,DIRECT_EXPORT_COMTRADE
2023,512,24,7836673.59,DIRECT_EXPORT_COMTRADE
2023,512,31,337895.968,DIRECT_EXPORT_COMTRADE
2023,512,32,15245045.49,DIRECT_EXPORT_COMTRADE
2023,512,36,121994436.74,DIRECT_EXPORT_COMTRADE
2023,512,50,82321903.642,DIRECT_EXPORT_COMTRADE
2023,512,58,15751468.0,MIRROR_IMPORT_OECD
2023,512,76,203530621.268,DIRECT_EXPORT_COMTRADE
2023,512,124,67677061.012,DIRECT_EXPORT_COMTRADE
2023,512,144,13198845.233,DIRECT_EXPORT_COMTRADE
2023,512,152,6243854.347,DIRECT_EXPORT_COMTRADE
2023,512,156,597241699.976,DIRECT_EXPORT_COMTRADE
2023,512,170,7589162.537,DIRECT_EXPORT_COMTRADE
2023,512,192,3339.402,DIRECT_EXPORT_COMTRADE
2023,512,214,33195196.307,DIRECT_EXPORT_COMTRADE
2023,512,218,2385505.848,DIRECT_EXPORT_COMTRADE
2023,512,230,149622122.0,MIRROR_IMPORT_OECD
2023,512,251,112918982.918,DIRECT_EXPORT_COMTRADE
2023,512,276,72017445.921,DIRECT_EXPORT_COMTRADE
2023,512,288,32273963.539,DIRECT_EXPORT_COMTRADE
2023,512,344,107511630.521,DIRECT_EXPORT_COMTRADE
2023,512,356,4378712629.0,MIRROR_IMPORT_OECD
2023,512,360,159074447.085,DIRECT_EXPORT_COMTRADE
2023,512,364,553698922.41,DIRECT_EXPORT_COMTRADE
2023,512,368,129559294.986,DIRECT_EXPORT_COMTRADE
2023,512,380,180166010.121,DIRECT_EXPORT_COMTRADE
2023,512,384,21100468.107,DIRECT_EXPORT_COMTRADE
2023,512,392,95263547.315,DIRECT_EXPORT_COMTRADE
2023,512,404,327338009.891,DIRECT_EXPORT_COMTRADE
2023,512,410,324810392.209,DIRECT_EXPORT_COMTRADE
2023,512,414,427429117.667,DIRECT_EXPORT_COMTRADE
2023,512,446,68397.919,DIRECT_EXPORT_COMTRADE
2023,512,458,276047456.005,DIRECT_EXPORT_COMTRADE
2023,512,484,55566205.375,DIRECT_EXPORT_COMTRADE
2023,512,496,5115.735,DIRECT_EXPORT_COMTRADE
2023,512,504,148581053.083,DIRECT_EXPORT_COMTRADE
2023,512,528,258640889.062,DIRECT_EXPORT_COMTRADE
2023,512,554,3142299.085,DIRECT_EXPORT_COMTRADE
2023,512,586,144418210.437,DIRECT_EXPORT_COMTRADE
2023,512,604,1257224.966,DIRECT_EXPORT_COMTRADE
2023,512,608,13911823.125,DIRECT_EXPORT_COMTRADE
2023,512,616,20167573.44,DIRECT_EXPORT_COMTRADE
2023,512,634,740361161.39,DIRECT_EXPORT_COMTRADE
2023,512,643,22007289.953,DIRECT_EXPORT_COMTRADE
2023,512,682,2940513425.827,DIRECT_EXPORT_COMTRADE
2023,512,702,466896100.7,DIRECT_EXPORT_COMTRADE
2023,512,704,191468553.667,DIRECT_EXPORT_COMTRADE
2023,512,710,1442068101.774,DIRECT_EXPORT_COMTRADE
2023,512,724,201129841.038,DIRECT_EXPORT_COMTRADE
2023,512,757,6060626.779,DIRECT_EXPORT_COMTRADE
2023,512,764,118462610.998,DIRECT_EXPORT_COMTRADE
2023,512,784,3760125983.712,DIRECT_EXPORT_COMTRADE
2023,512,792,287194522.307,DIRECT_EXPORT_COMTRADE
2023,512,818,1016625727.928,DIRECT_EXPORT_COMTRADE
2023,512,826,251061955.394,DIRECT_EXPORT_COMTRADE
2023,512,834,83069836.021,DIRECT_EXPORT_COMTRADE
2023,512,841,1759461496.0,MIRROR_IMPORT_OECD
2023,528,12,718166938.622,DIRECT_EXPORT_COMTRADE
2023,528,24,456098925.732,DIRECT_EXPORT_COMTRADE
2023,528,31,171354205.664,DIRECT_EXPORT_COMTRADE
2023,528,32,1308207611.343,DIRECT_EXPORT_COMTRADE
2023,528,36,3540411484.832,DIRECT_EXPORT_COMTRADE
2023,528,50,311127983.64,DIRECT_EXPORT_COMTRADE
2023,528,58,87949009750.0,MIRROR_IMPORT_OECD
2023,528,76,4337453563.287,DIRECT_EXPORT_COMTRADE
2023,528,124,3970152720.078,DIRECT_EXPORT_COMTRADE
2023,528,144,94657215.508,DIRECT_EXPORT_COMTRADE
2023,528,152,767200907.024,DIRECT_EXPORT_COMTRADE
2023,528,156,19173147315.552,DIRECT_EXPORT_COMTRADE
2023,528,170,840247180.743,DIRECT_EXPORT_COMTRADE
2023,528,192,201789859.662,DIRECT_EXPORT_COMTRADE
2023,528,214,219033839.706,DIRECT_EXPORT_COMTRADE
2023,528,218,206119582.516,DIRECT_EXPORT_COMTRADE
2023,528,230,99873750.0,MIRROR_IMPORT_OECD
2023,528,251,57721841842.935,DIRECT_EXPORT_COMTRADE
2023,528,276,163737654794.845,DIRECT_EXPORT_COMTRADE
2023,528,288,1353014363.32,DIRECT_EXPORT_COMTRADE
2023,528,344,2111487674.438,DIRECT_EXPORT_COMTRADE
2023,528,356,2414881141.0,MIRROR_IMPORT_OECD
2023,528,360,1390428725.027,DIRECT_EXPORT_COMTRADE
2023,528,364,490789918.873,DIRECT_EXPORT_COMTRADE
2023,528,368,670291785.262,DIRECT_EXPORT_COMTRADE
2023,528,376,2337635652.909,DIRECT_EXPORT_COMTRADE
2023,528,380,29416373230.741,DIRECT_EXPORT_COMTRADE
2023,528,384,395632272.784,DIRECT_EXPORT_COMTRADE
2023,528,392,4759560483.059,DIRECT_EXPORT_COMTRADE
2023,528,404,541594940.399,DIRECT_EXPORT_COMTRADE
2023,528,410,10161782789.416,DIRECT_EXPORT_COMTRADE
2023,528,414,669291451.761,DIRECT_EXPORT_COMTRADE
2023,528,446,38690178.665,DIRECT_EXPORT_COMTRADE
2023,528,458,1293405393.185,DIRECT_EXPORT_COMTRADE
2023,528,484,2778730183.796,DIRECT_EXPORT_COMTRADE
2023,528,496,64469670.488,DIRECT_EXPORT_COMTRADE
2023,528,504,1485638987.809,DIRECT_EXPORT_COMTRADE
2023,528,512,356978778.32,DIRECT_EXPORT_COMTRADE
2023,528,554,781983634.234,DIRECT_EXPORT_COMTRADE
2023,528,586,660091094.938,DIRECT_EXPORT_COMTRADE
2023,528,604,331004393.234,DIRECT_EXPORT_COMTRADE
2023,528,608,684332036.667,DIRECT_EXPORT_COMTRADE
2023,528,616,20183816459.186,DIRECT_EXPORT_COMTRADE
2023,528,634,770468832.743,DIRECT_EXPORT_COMTRADE
2023,528,643,2407535338.712,DIRECT_EXPORT_COMTRADE
2023,528,682,3877814694.926,DIRECT_EXPORT_COMTRADE
2023,528,702,3533167895.506,DIRECT_EXPORT_COMTRADE
2023,528,704,1396164959.939,DIRECT_EXPORT_COMTRADE
2023,528,710,2776943226.292,DIRECT_EXPORT_COMTRADE
2023,528,724,22762446460.167,DIRECT_EXPORT_COMTRADE
2023,528,757,9465030652.618,DIRECT_EXPORT_COMTRADE
2023,528,764,1331866782.979,DIRECT_EXPORT_COMTRADE
2023,528,784,3920193616.081,DIRECT_EXPORT_COMTRADE
2023,528,792,8349636146.14,DIRECT_EXPORT_COMTRADE
2023,528,818,1664522579.395,DIRECT_EXPORT_COMTRADE
2023,528,826,45414510860.698,DIRECT_EXPORT_COMTRADE
2023,528,834,174114628.224,DIRECT_EXPORT_COMTRADE
2023,528,841,39317066639.0,MIRROR_IMPORT_OECD
2023,554,12,599329528.586,DIRECT_EXPORT_COMTRADE
2023,554,24,3180916.783,DIRECT_EXPORT_COMTRADE
2023,554,31,12041129.531,DIRECT_EXPORT_COMTRADE
2023,554,32,15392872.463,DIRECT_EXPORT_COMTRADE
2023,554,36,5415713643.255,DIRECT_EXPORT_COMTRADE
2023,554,50,325815417.792,DIRECT_EXPORT_COMTRADE
2023,554,58,221529578.0,MIRROR_IMPORT_OECD
2023,554,76,78249258.618,DIRECT_EXPORT_COMTRADE
2023,554,124,577198299.933,DIRECT_EXPORT_COMTRADE
2023,554,144,223931242.951,DIRECT_EXPORT_COMTRADE
2023,554,152,118303936.732,DIRECT_EXPORT_COMTRADE
2023,554,156,11310831742.942,DIRECT_EXPORT_COMTRADE
2023,554,170,10309572.028,DIRECT_EXPORT_COMTRADE
2023,554,192,6553918.799,DIRECT_EXPORT_COMTRADE
2023,554,214,14398540.094,DIRECT_EXPORT_COMTRADE
2023,554,218,3375541.88,DIRECT_EXPORT_COMTRADE
2023,554,230,6134697.0,MIRROR_IMPORT_OECD
2023,554,251,299761986.264,DIRECT_EXPORT_COMTRADE
2023,554,276,409125522.134,DIRECT_EXPORT_COMTRADE
2023,554,288,15318166.305,DIRECT_EXPORT_COMTRADE
2023,554,344,666194157.981,DIRECT_EXPORT_COMTRADE
2023,554,356,392255198.0,MIRROR_IMPORT_OECD
2023,554,360,974400786.409,DIRECT_EXPORT_COMTRADE
2023,554,364,1738564.852,DIRECT_EXPORT_COMTRADE
2023,554,368,5893464.384,DIRECT_EXPORT_COMTRADE
2023,554,376,12371823.444,DIRECT_EXPORT_COMTRADE
2023,554,380,156196853.064,DIRECT_EXPORT_COMTRADE
2023,554,384,21319221.829,DIRECT_EXPORT_COMTRADE
2023,554,392,2329050051.407,DIRECT_EXPORT_COMTRADE
2023,554,404,1230977.608,DIRECT_EXPORT_COMTRADE
2023,554,410,1460926404.38,DIRECT_EXPORT_COMTRADE
2023,554,414,70054029.792,DIRECT_EXPORT_COMTRADE
2023,554,446,3376601.794,DIRECT_EXPORT_COMTRADE
2023,554,458,785764933.782,DIRECT_EXPORT_COMTRADE
2023,554,484,323692329.375,DIRECT_EXPORT_COMTRADE
2023,554,496,7359149.171,DIRECT_EXPORT_COMTRADE
2023,554,504,28491960.547,DIRECT_EXPORT_COMTRADE
2023,554,512,63940378.933,DIRECT_EXPORT_COMTRADE
2023,554,528,624678286.513,DIRECT_EXPORT_COMTRADE
2023,554,586,12618326.623,DIRECT_EXPORT_COMTRADE
2023,554,604,70041667.603,DIRECT_EXPORT_COMTRADE
2023,554,608,439521283.033,DIRECT_EXPORT_COMTRADE
2023,554,616,98959837.793,DIRECT_EXPORT_COMTRADE
2023,554,634,30401760.53,DIRECT_EXPORT_COMTRADE
2023,554,643,14427642.298,DIRECT_EXPORT_COMTRADE
2023,554,682,632309508.838,DIRECT_EXPORT_COMTRADE
2023,554,702,1042796676.501,DIRECT_EXPORT_COMTRADE
2023,554,704,576645764.581,DIRECT_EXPORT_COMTRADE
2023,554,710,102599242.482,DIRECT_EXPORT_COMTRADE
2023,554,724,93122817.843,DIRECT_EXPORT_COMTRADE
2023,554,757,56933317.243,DIRECT_EXPORT_COMTRADE
2023,554,764,762600385.594,DIRECT_EXPORT_COMTRADE
2023,554,784,605374421.949,DIRECT_EXPORT_COMTRADE
2023,554,792,29115275.585,DIRECT_EXPORT_COMTRADE
2023,554,818,130051632.087,DIRECT_EXPORT_COMTRADE
2023,554,826,881981555.233,DIRECT_EXPORT_COMTRADE
2023,554,834,2509543.899,DIRECT_EXPORT_COMTRADE
2023,554,841,5794945077.0,MIRROR_IMPORT_OECD
2023,586,12,17220681.53,DIRECT_EXPORT_COMTRADE
2023,586,24,16376775.966,DIRECT_EXPORT_COMTRADE
2023,586,31,5635027.535,DIRECT_EXPORT_COMTRADE
2023,586,32,45552469.575,DIRECT_EXPORT_COMTRADE
2023,586,36,271394020.456,DIRECT_EXPORT_COMTRADE
2023,586,50,690471652.055,DIRECT_EXPORT_COMTRADE
2023,586,58,232970223.0,MIRROR_IMPORT_OECD
2023,586,76,130401987.464,DIRECT_EXPORT_COMTRADE
2023,586,124,361826823.186,DIRECT_EXPORT_COMTRADE
2023,586,144,301364011.066,DIRECT_EXPORT_COMTRADE
2023,586,152,64809630.119,DIRECT_EXPORT_COMTRADE
2023,586,156,2743195846.783,DIRECT_EXPORT_COMTRADE
2023,586,170,32252001.416,DIRECT_EXPORT_COMTRADE
2023,586,192,41918.537,DIRECT_EXPORT_COMTRADE
2023,586,214,9979264.757,DIRECT_EXPORT_COMTRADE
2023,586,218,8533143.03,DIRECT_EXPORT_COMTRADE
2023,586,230,46997296.0,MIRROR_IMPORT_OECD
2023,586,251,484789959.727,DIRECT_EXPORT_COMTRADE
2023,586,276,1517630411.391,DIRECT_EXPORT_COMTRADE
2023,586,288,52936069.853,DIRECT_EXPORT_COMTRADE
2023,586,344,54127459.18,DIRECT_EXPORT_COMTRADE
2023,586,356,7694923.0,MIRROR_IMPORT_OECD
2023,586,360,328164514.016,DIRECT_EXPORT_COMTRADE
2023,586,364,9974430.462,DIRECT_EXPORT_COMTRADE
2023,586,368,47753582.359,DIRECT_EXPORT_COMTRADE
2023,586,380,1149124839.159,DIRECT_EXPORT_COMTRADE
2023,586,384,57883571.871,DIRECT_EXPORT_COMTRADE
2023,586,392,201930600.32,DIRECT_EXPORT_COMTRADE
2023,586,404,303023756.813,DIRECT_EXPORT_COMTRADE
2023,586,410,184916441.8,DIRECT_EXPORT_COMTRADE
2023,586,414,127510968.503,DIRECT_EXPORT_COMTRADE
2023,586,446,53312.222,DIRECT_EXPORT_COMTRADE
2023,586,458,461958756.288,DIRECT_EXPORT_COMTRADE
2023,586,484,131378210.929,DIRECT_EXPORT_COMTRADE
2023,586,496,363703.956,DIRECT_EXPORT_COMTRADE
2023,586,504,29520705.949,DIRECT_EXPORT_COMTRADE
2023,586,512,173304941.11,DIRECT_EXPORT_COMTRADE
2023,586,528,1443450723.447,DIRECT_EXPORT_COMTRADE
2023,586,554,44159065.437,DIRECT_EXPORT_COMTRADE
2023,586,604,24432026.439,DIRECT_EXPORT_COMTRADE
2023,586,608,195290081.001,DIRECT_EXPORT_COMTRADE
2023,586,616,372600390.373,DIRECT_EXPORT_COMTRADE
2023,586,634,157832153.69,DIRECT_EXPORT_COMTRADE
2023,586,643,88285874.179,DIRECT_EXPORT_COMTRADE
2023,586,682,632055814.673,DIRECT_EXPORT_COMTRADE
2023,586,702,83423280.608,DIRECT_EXPORT_COMTRADE
2023,586,704,354745888.298,DIRECT_EXPORT_COMTRADE
2023,586,710,197345139.307,DIRECT_EXPORT_COMTRADE
2023,586,724,1415113424.211,DIRECT_EXPORT_COMTRADE
2023,586,757,14897135.175,DIRECT_EXPORT_COMTRADE
2023,586,764,179319491.008,DIRECT_EXPORT_COMTRADE
2023,586,784,1403424797.75,DIRECT_EXPORT_COMTRADE
2023,586,792,352078246.059,DIRECT_EXPORT_COMTRADE
2023,586,818,103748074.266,DIRECT_EXPORT_COMTRADE
2023,586,826,1975320289.964,DIRECT_EXPORT_COMTRADE
2023,586,834,200626221.509,DIRECT_EXPORT_COMTRADE
2023,586,841,5186861342.0,MIRROR_IMPORT_OECD
2023,604,12,5223491.21,DIRECT_EXPORT_COMTRADE
2023,604,24,27966.18,DIRECT_EXPORT_COMTRADE
2023,604,32,194517010.87,DIRECT_EXPORT_COMTRADE
2023,604,36,80329671.18,DIRECT_EXPORT_COMTRADE
2023,604,50,21967796.42,DIRECT_EXPORT_COMTRADE
2023,604,58,186169979.0,MIRROR_IMPORT_OECD
2023,604,76,1727058564.85,DIRECT_EXPORT_COMTRADE
2023,604,124,2987637612.23,DIRECT_EXPORT_COMTRADE
2023,604,144,568036.96,DIRECT_EXPORT_COMTRADE
2023,604,152,1947489594.29,DIRECT_EXPORT_COMTRADE
2023,604,156,23155748030.08,DIRECT_EXPORT_COMTRADE
2023,604,170,821816488.21,DIRECT_EXPORT_COMTRADE
2023,604,192,12474461.52,DIRECT_EXPORT_COMTRADE
2023,604,214,158593856.42,DIRECT_EXPORT_COMTRADE
2023,604,218,1158948062.01,DIRECT_EXPORT_COMTRADE
2023,604,230,888850.0,MIRROR_IMPORT_OECD
2023,604,251,346610710.06,DIRECT_EXPORT_COMTRADE
2023,604,276,949255219.7,DIRECT_EXPORT_COMTRADE
2023,604,288,21225759.98,DIRECT_EXPORT_COMTRADE
2023,604,344,266053410.34,DIRECT_EXPORT_COMTRADE
2023,604,356,2778923593.0,MIRROR_IMPORT_OECD
2023,604,360,62770780.64,DIRECT_EXPORT_COMTRADE
2023,604,364,980220.84,DIRECT_EXPORT_COMTRADE
2023,604,368,1266068.65,DIRECT_EXPORT_COMTRADE
2023,604,376,11785458.47,DIRECT_EXPORT_COMTRADE
2023,604,380,747651048.44,DIRECT_EXPORT_COMTRADE
2023,604,384,54309303.28,DIRECT_EXPORT_COMTRADE
2023,604,392,2215389299.45,DIRECT_EXPORT_COMTRADE
2023,604,404,629927.44,DIRECT_EXPORT_COMTRADE
2023,604,410,2344479138.32,DIRECT_EXPORT_COMTRADE
2023,604,414,1696285.23,DIRECT_EXPORT_COMTRADE
2023,604,446,19626.85,DIRECT_EXPORT_COMTRADE
2023,604,458,245344720.97,DIRECT_EXPORT_COMTRADE
2023,604,484,868628013.41,DIRECT_EXPORT_COMTRADE
2023,604,504,15372495.24,DIRECT_EXPORT_COMTRADE
2023,604,512,1521724.26,DIRECT_EXPORT_COMTRADE
2023,604,528,1795841741.63,DIRECT_EXPORT_COMTRADE
2023,604,554,21390292.76,DIRECT_EXPORT_COMTRADE
2023,604,586,3262605.71,DIRECT_EXPORT_COMTRADE
2023,604,608,91588911.81,DIRECT_EXPORT_COMTRADE
2023,604,616,36591067.87,DIRECT_EXPORT_COMTRADE
2023,604,634,620896.21,DIRECT_EXPORT_COMTRADE
2023,604,643,78724984.94,DIRECT_EXPORT_COMTRADE
2023,604,682,11905891.62,DIRECT_EXPORT_COMTRADE
2023,604,702,71360520.31,DIRECT_EXPORT_COMTRADE
2023,604,704,43910502.97,DIRECT_EXPORT_COMTRADE
2023,604,710,28920277.37,DIRECT_EXPORT_COMTRADE
2023,604,724,1879948421.71,DIRECT_EXPORT_COMTRADE
2023,604,757,1656315484.14,DIRECT_EXPORT_COMTRADE
2023,604,764,148481623.6,DIRECT_EXPORT_COMTRADE
2023,604,784,1034895048.53,DIRECT_EXPORT_COMTRADE
2023,604,792,198725650.27,DIRECT_EXPORT_COMTRADE
2023,604,818,8476473.05,DIRECT_EXPORT_COMTRADE
2023,604,826,1276595718.47,DIRECT_EXPORT_COMTRADE
2023,604,834,626856.21,DIRECT_EXPORT_COMTRADE
2023,604,841,9300683387.0,MIRROR_IMPORT_OECD
2023,608,12,2579418.0,DIRECT_EXPORT_COMTRADE
2023,608,24,1381391.0,DIRECT_EXPORT_COMTRADE
2023,608,31,421559.0,DIRECT_EXPORT_COMTRADE
2023,608,32,86438489.0,DIRECT_EXPORT_COMTRADE
2023,608,36,561941531.0,DIRECT_EXPORT_COMTRADE
2023,608,50,38297797.0,DIRECT_EXPORT_COMTRADE
2023,608,58,153146662.0,MIRROR_IMPORT_OECD
2023,608,76,207484925.0,DIRECT_EXPORT_COMTRADE
2023,608,124,582996684.0,DIRECT_EXPORT_COMTRADE
2023,608,144,15871043.0,DIRECT_EXPORT_COMTRADE
2023,608,152,37836412.0,DIRECT_EXPORT_COMTRADE
2023,608,156,10925417700.0,DIRECT_EXPORT_COMTRADE
2023,608,170,24009130.0,DIRECT_EXPORT_COMTRADE
2023,608,192,3809254.0,DIRECT_EXPORT_COMTRADE
2023,608,214,21466171.0,DIRECT_EXPORT_COMTRADE
2023,608,218,4102053.0,DIRECT_EXPORT_COMTRADE
2023,608,230,12943903.0,MIRROR_IMPORT_OECD
2023,608,251,680373833.0,DIRECT_EXPORT_COMTRADE
2023,608,276,2486640766.0,DIRECT_EXPORT_COMTRADE
2023,608,288,3641957.0,DIRECT_EXPORT_COMTRADE
2023,608,344,8843731591.0,DIRECT_EXPORT_COMTRADE
2023,608,356,1530151337.0,MIRROR_IMPORT_OECD
2023,608,360,748941349.0,DIRECT_EXPORT_COMTRADE
2023,608,364,37671831.0,DIRECT_EXPORT_COMTRADE
2023,608,368,4145515.0,DIRECT_EXPORT_COMTRADE
2023,608,376,144006622.0,DIRECT_EXPORT_COMTRADE
2023,608,380,264125835.0,DIRECT_EXPORT_COMTRADE
2023,608,384,2039043.0,DIRECT_EXPORT_COMTRADE
2023,608,392,10455788964.0,DIRECT_EXPORT_COMTRADE
2023,608,404,3036599.0,DIRECT_EXPORT_COMTRADE
2023,608,410,3533831874.0,DIRECT_EXPORT_COMTRADE
2023,608,414,24343311.0,DIRECT_EXPORT_COMTRADE
2023,608,446,10254022.0,DIRECT_EXPORT_COMTRADE
2023,608,458,2183647959.0,DIRECT_EXPORT_COMTRADE
2023,608,484,906709604.0,DIRECT_EXPORT_COMTRADE
2023,608,496,3099235.0,DIRECT_EXPORT_COMTRADE
2023,608,504,17176970.0,DIRECT_EXPORT_COMTRADE
2023,608,512,4469793.0,DIRECT_EXPORT_COMTRADE
2023,608,528,3088586285.0,DIRECT_EXPORT_COMTRADE
2023,608,554,66811384.0,DIRECT_EXPORT_COMTRADE
2023,608,586,22576810.0,DIRECT_EXPORT_COMTRADE
2023,608,604,31868971.0,DIRECT_EXPORT_COMTRADE
2023,608,616,225170453.0,DIRECT_EXPORT_COMTRADE
2023,608,634,54716382.0,DIRECT_EXPORT_COMTRADE
2023,608,643,52790136.0,DIRECT_EXPORT_COMTRADE
2023,608,682,76320717.0,DIRECT_EXPORT_COMTRADE
2023,608,702,3528073982.0,DIRECT_EXPORT_COMTRADE
2023,608,704,1694890634.0,DIRECT_EXPORT_COMTRADE
2023,608,710,121653495.0,DIRECT_EXPORT_COMTRADE
2023,608,724,239018390.0,DIRECT_EXPORT_COMTRADE
2023,608,757,561595853.0,DIRECT_EXPORT_COMTRADE
2023,608,764,2931640278.0,DIRECT_EXPORT_COMTRADE
2023,608,784,341966201.0,DIRECT_EXPORT_COMTRADE
2023,608,792,69796043.0,DIRECT_EXPORT_COMTRADE
2023,608,818,7560139.0,DIRECT_EXPORT_COMTRADE
2023,608,826,512243065.0,DIRECT_EXPORT_COMTRADE
2023,608,834,1512185.0,DIRECT_EXPORT_COMTRADE
2023,608,841,13686902717.0,MIRROR_IMPORT_OECD
2023,616,12,587894173.0,DIRECT_EXPORT_COMTRADE
2023,616,24,97899046.0,DIRECT_EXPORT_COMTRADE
2023,616,31,160941360.0,DIRECT_EXPORT_COMTRADE
2023,616,32,128655512.0,DIRECT_EXPORT_COMTRADE
2023,616,36,1050661382.0,DIRECT_EXPORT_COMTRADE
2023,616,50,80724341.0,DIRECT_EXPORT_COMTRADE
2023,616,58,7403971678.0,MIRROR_IMPORT_OECD
2023,616,76,716479549.0,DIRECT_EXPORT_COMTRADE
2023,616,124,1880900714.0,DIRECT_EXPORT_COMTRADE
2023,616,144,22815580.0,DIRECT_EXPORT_COMTRADE
2023,616,152,192948673.0,DIRECT_EXPORT_COMTRADE
2023,616,156,3309540978.0,DIRECT_EXPORT_COMTRADE
2023,616,170,134844768.0,DIRECT_EXPORT_COMTRADE
2023,616,192,27059922.0,DIRECT_EXPORT_COMTRADE
2023,616,214,53727401.0,DIRECT_EXPORT_COMTRADE
2023,616,218,38433341.0,DIRECT_EXPORT_COMTRADE
2023,616,230,42972912.0,MIRROR_IMPORT_OECD
2023,616,251,23426166448.0,DIRECT_EXPORT_COMTRADE
2023,616,276,106696778805.0,DIRECT_EXPORT_COMTRADE
2023,616,288,117165465.0,DIRECT_EXPORT_COMTRADE
2023,616,344,436884389.0,DIRECT_EXPORT_COMTRADE
2023,616,356,1669453315.0,MIRROR_IMPORT_OECD
2023,616,360,147065539.0,DIRECT_EXPORT_COMTRADE
2023,616,364,37861276.0,DIRECT_EXPORT_COMTRADE
2023,616,368,206564676.0,DIRECT_EXPORT_COMTRADE
2023,616,376,949578664.0,DIRECT_EXPORT_COMTRADE
2023,616,380,17536511251.0,DIRECT_EXPORT_COMTRADE
2023,616,384,82205686.0,DIRECT_EXPORT_COMTRADE
2023,616,392,893762426.0,DIRECT_EXPORT_COMTRADE
2023,616,404,20480528.0,DIRECT_EXPORT_COMTRADE
2023,616,410,970967549.0,DIRECT_EXPORT_COMTRADE
2023,616,414,119995622.0,DIRECT_EXPORT_COMTRADE
2023,616,446,1463236.0,DIRECT_EXPORT_COMTRADE
2023,616,458,265256657.0,DIRECT_EXPORT_COMTRADE
2023,616,484,2475274987.0,DIRECT_EXPORT_COMTRADE
2023,616,496,91815887.0,DIRECT_EXPORT_COMTRADE
2023,616,504,940257631.0,DIRECT_EXPORT_COMTRADE
2023,616,512,74951271.0,DIRECT_EXPORT_COMTRADE
2023,616,528,17280455912.0,DIRECT_EXPORT_COMTRADE
2023,616,554,219862169.0,DIRECT_EXPORT_COMTRADE
2023,616,586,127974163.0,DIRECT_EXPORT_COMTRADE
2023,616,604,78203665.0,DIRECT_EXPORT_COMTRADE
2023,616,608,155818351.0,DIRECT_EXPORT_COMTRADE
2023,616,634,114801503.0,DIRECT_EXPORT_COMTRADE
2023,616,643,3950051176.0,DIRECT_EXPORT_COMTRADE
2023,616,682,916551961.0,DIRECT_EXPORT_COMTRADE
2023,616,702,286984503.0,DIRECT_EXPORT_COMTRADE
2023,616,704,581468917.0,DIRECT_EXPORT_COMTRADE
2023,616,710,975366936.0,DIRECT_EXPORT_COMTRADE
2023,616,724,10519942682.0,DIRECT_EXPORT_COMTRADE
2023,616,757,4396872411.0,DIRECT_EXPORT_COMTRADE
2023,616,764,343662954.0,DIRECT_EXPORT_COMTRADE
2023,616,784,1086124491.0,DIRECT_EXPORT_COMTRADE
2023,616,792,5056341508.0,DIRECT_EXPORT_COMTRADE
2023,616,818,349204223.0,DIRECT_EXPORT_COMTRADE
2023,616,826,18964549829.0,DIRECT_EXPORT_COMTRADE
2023,616,834,53157500.0,DIRECT_EXPORT_COMTRADE
2023,616,841,13627601974.0,MIRROR_IMPORT_OECD
2023,634,12,78493441.453,DIRECT_EXPORT_COMTRADE
2023,634,24,11225489.087,DIRECT_EXPORT_COMTRADE
2023,634,31,1133918.937,DIRECT_EXPORT_COMTRADE
2023,634,32,106014462.199,DIRECT_EXPORT_COMTRADE
2023,634,36,202317646.411,DIRECT_EXPORT_COMTRADE
2023,634,50,2074672712.697,DIRECT_EXPORT_COMTRADE
2023,634,58,2928913720.0,MIRROR_IMPORT_OECD
2023,634,76,17236375.949,DIRECT_EXPORT_COMTRADE
2023,634,124,18189927.481,DIRECT_EXPORT_COMTRADE
2023,634,144,18514386.324,DIRECT_EXPORT_COMTRADE
2023,634,152,465959.838,DIRECT_EXPORT_COMTRADE
2023,634,156,19279221977.108,DIRECT_EXPORT_COMTRADE
2023,634,170,656948.066,DIRECT_EXPORT_COMTRADE
2023,634,214,229269.914,DIRECT_EXPORT_COMTRADE
2023,634,230,6827321.0,MIRROR_IMPORT_OECD
2023,634,251,1555293205.745,DIRECT_EXPORT_COMTRADE
2023,634,276,146947981.178,DIRECT_EXPORT_COMTRADE
2023,634,288,18619265.622,DIRECT_EXPORT_COMTRADE
2023,634,344,254049026.556,DIRECT_EXPORT_COMTRADE
2023,634,356,12986816439.0,MIRROR_IMPORT_OECD
2023,634,360,710314402.274,DIRECT_EXPORT_COMTRADE
2023,634,364,7244689.502,DIRECT_EXPORT_COMTRADE
2023,634,368,127796327.134,DIRECT_EXPORT_COMTRADE
2023,634,380,3434836183.86,DIRECT_EXPORT_COMTRADE
2023,634,384,24569203.119,DIRECT_EXPORT_COMTRADE
2023,634,392,7813037042.71,DIRECT_EXPORT_COMTRADE
2023,634,404,30271017.132,DIRECT_EXPORT_COMTRADE
2023,634,410,12318305492.298,DIRECT_EXPORT_COMTRADE
2023,634,414,1913461458.106,DIRECT_EXPORT_COMTRADE
2023,634,458,548155361.215,DIRECT_EXPORT_COMTRADE
2023,634,484,43029173.291,DIRECT_EXPORT_COMTRADE
2023,634,504,225317379.856,DIRECT_EXPORT_COMTRADE
2023,634,512,628715609.751,DIRECT_EXPORT_COMTRADE
2023,634,528,540806168.165,DIRECT_EXPORT_COMTRADE
2023,634,554,19187039.414,DIRECT_EXPORT_COMTRADE
2023,634,586,3345223471.964,DIRECT_EXPORT_COMTRADE
2023,634,604,8975319.008,DIRECT_EXPORT_COMTRADE
2023,634,608,125637240.079,DIRECT_EXPORT_COMTRADE
2023,634,616,1076867610.51,DIRECT_EXPORT_COMTRADE
2023,634,643,6950736.023,DIRECT_EXPORT_COMTRADE
2023,634,682,609203914.651,DIRECT_EXPORT_COMTRADE
2023,634,702,7082478599.615,DIRECT_EXPORT_COMTRADE
2023,634,704,241605515.249,DIRECT_EXPORT_COMTRADE
2023,634,710,120402990.485,DIRECT_EXPORT_COMTRADE
2023,634,724,1179267347.8,DIRECT_EXPORT_COMTRADE
2023,634,757,485769835.731,DIRECT_EXPORT_COMTRADE
2023,634,764,2482313705.309,DIRECT_EXPORT_COMTRADE
2023,634,784,4241850109.414,DIRECT_EXPORT_COMTRADE
2023,634,792,449236683.452,DIRECT_EXPORT_COMTRADE
2023,634,818,92565615.894,DIRECT_EXPORT_COMTRADE
2023,634,826,1683061986.59,DIRECT_EXPORT_COMTRADE
2023,634,834,20723867.734,DIRECT_EXPORT_COMTRADE
2023,634,841,2130464036.0,MIRROR_IMPORT_OECD
2023,643,58,3726232369.0,MIRROR_IMPORT_OECD
2023,643,230,18780666.0,MIRROR_IMPORT_OECD
2023,643,356,67070988517.0,MIRROR_IMPORT_OECD
2023,643,841,4902440527.0,MIRROR_IMPORT_OECD
2023,682,12,826615342.001,DIRECT_EXPORT_COMTRADE
2023,682,24,20143324.83,DIRECT_EXPORT_COMTRADE
2023,682,31,7604870.477,DIRECT_EXPORT_COMTRADE
2023,682,32,22109160.514,DIRECT_EXPORT_COMTRADE
2023,682,36,761420005.498,DIRECT_EXPORT_COMTRADE
2023,682,50,636966661.142,DIRECT_EXPORT_COMTRADE
2023,682,58,1468430817.0,MIRROR_IMPORT_OECD
2023,682,76,852759544.548,DIRECT_EXPORT_COMTRADE
2023,682,124,37190747.604,DIRECT_EXPORT_COMTRADE
2023,682,144,52184650.695,DIRECT_EXPORT_COMTRADE
2023,682,152,183305192.217,DIRECT_EXPORT_COMTRADE
2023,682,156,7610500551.071,DIRECT_EXPORT_COMTRADE
2023,682,170,42753833.331,DIRECT_EXPORT_COMTRADE
2023,682,192,16998247.042,DIRECT_EXPORT_COMTRADE
2023,682,214,10318964.809,DIRECT_EXPORT_COMTRADE
2023,682,218,16803572.647,DIRECT_EXPORT_COMTRADE
2023,682,230,1129206595.0,MIRROR_IMPORT_OECD
2023,682,251,603587020.377,DIRECT_EXPORT_COMTRADE
2023,682,276,458736309.065,DIRECT_EXPORT_COMTRADE
2023,682,288,111435534.814,DIRECT_EXPORT_COMTRADE
2023,682,344,278427779.439,DIRECT_EXPORT_COMTRADE
2023,682,356,34643621702.0,MIRROR_IMPORT_OECD
2023,682,360,450890933.794,DIRECT_EXPORT_COMTRADE
2023,682,364,4098.4,DIRECT_EXPORT_COMTRADE
2023,682,368,1294685886.833,DIRECT_EXPORT_COMTRADE
2023,682,380,736636411.184,DIRECT_EXPORT_COMTRADE
2023,682,384,129203618.37,DIRECT_EXPORT_COMTRADE
2023,682,392,600046446.066,DIRECT_EXPORT_COMTRADE
2023,682,404,392354870.991,DIRECT_EXPORT_COMTRADE
2023,682,410,1207007223.425,DIRECT_EXPORT_COMTRADE
2023,682,414,2252260168.493,DIRECT_EXPORT_COMTRADE
2023,682,458,700687857.949,DIRECT_EXPORT_COMTRADE
2023,682,484,50820878.996,DIRECT_EXPORT_COMTRADE
2023,682,496,685354.383,DIRECT_EXPORT_COMTRADE
2023,682,504,751790558.272,DIRECT_EXPORT_COMTRADE
2023,682,512,1219814242.838,DIRECT_EXPORT_COMTRADE
2023,682,528,708225110.828,DIRECT_EXPORT_COMTRADE
2023,682,554,123481082.78,DIRECT_EXPORT_COMTRADE
2023,682,586,735704499.741,DIRECT_EXPORT_COMTRADE
2023,682,604,30603411.502,DIRECT_EXPORT_COMTRADE
2023,682,608,103396034.215,DIRECT_EXPORT_COMTRADE
2023,682,616,197032722.541,DIRECT_EXPORT_COMTRADE
2023,682,634,1070316219.375,DIRECT_EXPORT_COMTRADE
2023,682,643,18617743.535,DIRECT_EXPORT_COMTRADE
2023,682,702,2490476621.738,DIRECT_EXPORT_COMTRADE
2023,682,704,599653685.542,DIRECT_EXPORT_COMTRADE
2023,682,710,607622053.876,DIRECT_EXPORT_COMTRADE
2023,682,724,725870167.72,DIRECT_EXPORT_COMTRADE
2023,682,757,913441182.231,DIRECT_EXPORT_COMTRADE
2023,682,764,889057987.107,DIRECT_EXPORT_COMTRADE
2023,682,784,13758953649.359,DIRECT_EXPORT_COMTRADE
2023,682,792,3072575478.386,DIRECT_EXPORT_COMTRADE
2023,682,818,2627354814.316,DIRECT_EXPORT_COMTRADE
2023,682,826,1009226889.169,DIRECT_EXPORT_COMTRADE
2023,682,834,185217989.77,DIRECT_EXPORT_COMTRADE
2023,682,841,16509357169.0,MIRROR_IMPORT_OECD
2023,702,12,46744590.06,DIRECT_EXPORT_COMTRADE
2023,702,24,194372592.743,DIRECT_EXPORT_COMTRADE
2023,702,31,33207695.885,DIRECT_EXPORT_COMTRADE
2023,702,32,201147608.227,DIRECT_EXPORT_COMTRADE
2023,702,36,15127850036.289,DIRECT_EXPORT_COMTRADE
2023,702,50,3228400842.126,DIRECT_EXPORT_COMTRADE
2023,702,58,2334720460.0,MIRROR_IMPORT_OECD
2023,702,76,1839531142.089,DIRECT_EXPORT_COMTRADE
2023,702,124,1120054988.484,DIRECT_EXPORT_COMTRADE
2023,702,144,1042235608.229,DIRECT_EXPORT_COMTRADE
2023,702,152,226911104.443,DIRECT_EXPORT_COMTRADE
2023,702,156,65585113403.036,DIRECT_EXPORT_COMTRADE
2023,702,170,114157143.549,DIRECT_EXPORT_COMTRADE
2023,702,192,403562.302,DIRECT_EXPORT_COMTRADE
2023,702,214,16599369.981,DIRECT_EXPORT_COMTRADE
2023,702,218,56828030.434,DIRECT_EXPORT_COMTRADE
2023,702,230,34719295.0,MIRROR_IMPORT_OECD
2023,702,251,3813206962.177,DIRECT_EXPORT_COMTRADE
2023,702,276,8023692488.345,DIRECT_EXPORT_COMTRADE
2023,702,288,63569085.191,DIRECT_EXPORT_COMTRADE
2023,702,344,50413351714.906,DIRECT_EXPORT_COMTRADE
2023,702,356,6934788476.0,MIRROR_IMPORT_OECD
2023,702,360,35368235700.34,DIRECT_EXPORT_COMTRADE
2023,702,364,10000913.051,DIRECT_EXPORT_COMTRADE
2023,702,368,85355168.902,DIRECT_EXPORT_COMTRADE
2023,702,376,631560174.589,DIRECT_EXPORT_COMTRADE
2023,702,380,1083643569.652,DIRECT_EXPORT_COMTRADE
2023,702,384,31539327.677,DIRECT_EXPORT_COMTRADE
2023,702,392,19345617901.024,DIRECT_EXPORT_COMTRADE
2023,702,404,261986731.183,DIRECT_EXPORT_COMTRADE
2023,702,410,20648914723.121,DIRECT_EXPORT_COMTRADE
2023,702,414,398424071.02,DIRECT_EXPORT_COMTRADE
2023,702,446,301819431.593,DIRECT_EXPORT_COMTRADE
2023,702,458,44454014876.402,DIRECT_EXPORT_COMTRADE
2023,702,484,2828833510.502,DIRECT_EXPORT_COMTRADE
2023,702,496,174063039.71,DIRECT_EXPORT_COMTRADE
2023,702,504,455676211.449,DIRECT_EXPORT_COMTRADE
2023,702,512,278066359.072,DIRECT_EXPORT_COMTRADE
2023,702,528,8351886416.625,DIRECT_EXPORT_COMTRADE
2023,702,554,3389541285.175,DIRECT_EXPORT_COMTRADE
2023,702,586,1409550841.955,DIRECT_EXPORT_COMTRADE
2023,702,604,78722909.842,DIRECT_EXPORT_COMTRADE
2023,702,608,10051806386.731,DIRECT_EXPORT_COMTRADE
2023,702,616,460856681.796,DIRECT_EXPORT_COMTRADE
2023,702,634,759959984.883,DIRECT_EXPORT_COMTRADE
2023,702,643,138934643.166,DIRECT_EXPORT_COMTRADE
2023,702,682,1158399488.265,DIRECT_EXPORT_COMTRADE
2023,702,704,16654082898.76,DIRECT_EXPORT_COMTRADE
2023,702,710,647229406.333,DIRECT_EXPORT_COMTRADE
2023,702,724,408469593.173,DIRECT_EXPORT_COMTRADE
2023,702,757,3880707598.371,DIRECT_EXPORT_COMTRADE
2023,702,764,19097136793.491,DIRECT_EXPORT_COMTRADE
2023,702,784,5396581470.228,DIRECT_EXPORT_COMTRADE
2023,702,792,1102528333.533,DIRECT_EXPORT_COMTRADE
2023,702,818,282744366.27,DIRECT_EXPORT_COMTRADE
2023,702,826,3786548035.275,DIRECT_EXPORT_COMTRADE
2023,702,834,167179090.781,DIRECT_EXPORT_COMTRADE
2023,702,841,40710216640.0,MIRROR_IMPORT_OECD
2023,704,12,237236672.577,DIRECT_EXPORT_COMTRADE
2023,704,24,25466388.26,DIRECT_EXPORT_COMTRADE
2023,704,31,39698873.091,DIRECT_EXPORT_COMTRADE
2023,704,32,975763445.325,DIRECT_EXPORT_COMTRADE
2023,704,36,5267685434.995,DIRECT_EXPORT_COMTRADE
2023,704,50,926310734.059,DIRECT_EXPORT_COMTRADE
2023,704,58,893370340.0,MIRROR_IMPORT_OECD
2023,704,76,2437590965.689,DIRECT_EXPORT_COMTRADE
2023,704,124,5614652284.399,DIRECT_EXPORT_COMTRADE
2023,704,144,190769338.797,DIRECT_EXPORT_COMTRADE
2023,704,152,1195058832.241,DIRECT_EXPORT_COMTRADE
2023,704,156,60574277766.053,DIRECT_EXPORT_COMTRADE
2023,704,170,519437864.527,DIRECT_EXPORT_COMTRADE
2023,704,214,119565165.963,DIRECT_EXPORT_COMTRADE
2023,704,218,138785450.757,DIRECT_EXPORT_COMTRADE
2023,704,230,46644219.0,MIRROR_IMPORT_OECD
2023,704,251,3084731983.911,DIRECT_EXPORT_COMTRADE
2023,704,276,7395705135.615,DIRECT_EXPORT_COMTRADE
2023,704,288,450498132.23,DIRECT_EXPORT_COMTRADE
2023,704,344,9600023506.744,DIRECT_EXPORT_COMTRADE
2023,704,356,9643313897.0,MIRROR_IMPORT_OECD
2023,704,360,5076377075.384,DIRECT_EXPORT_COMTRADE
2023,704,368,276344234.947,DIRECT_EXPORT_COMTRADE
2023,704,376,630333943.258,DIRECT_EXPORT_COMTRADE
2023,704,380,4472791931.542,DIRECT_EXPORT_COMTRADE
2023,704,384,330808752.865,DIRECT_EXPORT_COMTRADE
2023,704,392,23313711801.392,DIRECT_EXPORT_COMTRADE
2023,704,404,98332313.093,DIRECT_EXPORT_COMTRADE
2023,704,410,23447750677.936,DIRECT_EXPORT_COMTRADE
2023,704,414,69553454.55,DIRECT_EXPORT_COMTRADE
2023,704,458,4862760371.185,DIRECT_EXPORT_COMTRADE
2023,704,484,4433009517.555,DIRECT_EXPORT_COMTRADE
2023,704,504,231982226.247,DIRECT_EXPORT_COMTRADE
2023,704,528,10238667781.955,DIRECT_EXPORT_COMTRADE
2023,704,554,648686654.453,DIRECT_EXPORT_COMTRADE
2023,704,586,386539675.293,DIRECT_EXPORT_COMTRADE
2023,704,604,439026028.443,DIRECT_EXPORT_COMTRADE
2023,704,608,5148559399.359,DIRECT_EXPORT_COMTRADE
2023,704,616,2450927489.742,DIRECT_EXPORT_COMTRADE
2023,704,634,211591607.435,DIRECT_EXPORT_COMTRADE
2023,704,643,1744271782.162,DIRECT_EXPORT_COMTRADE
2023,704,682,1130240261.473,DIRECT_EXPORT_COMTRADE
2023,704,702,4288268287.241,DIRECT_EXPORT_COMTRADE
2023,704,710,763613696.203,DIRECT_EXPORT_COMTRADE
2023,704,724,3308136035.985,DIRECT_EXPORT_COMTRADE
2023,704,757,199854883.431,DIRECT_EXPORT_COMTRADE
2023,704,764,6930981926.476,DIRECT_EXPORT_COMTRADE
2023,704,784,4008707387.332,DIRECT_EXPORT_COMTRADE
2023,704,792,1767941249.1,DIRECT_EXPORT_COMTRADE
2023,704,818,432009737.316,DIRECT_EXPORT_COMTRADE
2023,704,826,6341117740.113,DIRECT_EXPORT_COMTRADE
2023,704,834,77934004.64,DIRECT_EXPORT_COMTRADE
2023,704,841,118940051668.0,MIRROR_IMPORT_OECD
2023,710,12,21641636.999,DIRECT_EXPORT_COMTRADE
2023,710,24,379293334.187,DIRECT_EXPORT_COMTRADE
2023,710,31,2170626.72,DIRECT_EXPORT_COMTRADE
2023,710,32,111846781.774,DIRECT_EXPORT_COMTRADE
2023,710,36,1066744556.25,DIRECT_EXPORT_COMTRADE
2023,710,50,308959870.758,DIRECT_EXPORT_COMTRADE
2023,710,58,1840543420.0,MIRROR_IMPORT_OECD
2023,710,76,487132977.123,DIRECT_EXPORT_COMTRADE
2023,710,124,438830408.143,DIRECT_EXPORT_COMTRADE
2023,710,144,105701448.09,DIRECT_EXPORT_COMTRADE
2023,710,152,50806495.896,DIRECT_EXPORT_COMTRADE
2023,710,156,12482432179.635,DIRECT_EXPORT_COMTRADE
2023,710,170,26836642.284,DIRECT_EXPORT_COMTRADE
2023,710,192,2815301.332,DIRECT_EXPORT_COMTRADE
2023,710,214,4954399.309,DIRECT_EXPORT_COMTRADE
2023,710,218,23212624.067,DIRECT_EXPORT_COMTRADE
2023,710,230,153143113.0,MIRROR_IMPORT_OECD
2023,710,251,637583337.647,DIRECT_EXPORT_COMTRADE
2023,710,276,7486777498.168,DIRECT_EXPORT_COMTRADE
2023,710,288,365338752.039,DIRECT_EXPORT_COMTRADE
2023,710,344,1482202466.181,DIRECT_EXPORT_COMTRADE
2023,710,356,11360294391.0,MIRROR_IMPORT_OECD
2023,710,360,489497031.148,DIRECT_EXPORT_COMTRADE
2023,710,364,16523851.885,DIRECT_EXPORT_COMTRADE
2023,710,368,41363319.245,DIRECT_EXPORT_COMTRADE
2023,710,376,212652846.847,DIRECT_EXPORT_COMTRADE
2023,710,380,1102659674.428,DIRECT_EXPORT_COMTRADE
2023,710,384,165410093.434,DIRECT_EXPORT_COMTRADE
2023,710,392,5748079125.054,DIRECT_EXPORT_COMTRADE
2023,710,404,611092523.198,DIRECT_EXPORT_COMTRADE
2023,710,410,2050649931.812,DIRECT_EXPORT_COMTRADE
2023,710,414,87805325.857,DIRECT_EXPORT_COMTRADE
2023,710,446,29598.741,DIRECT_EXPORT_COMTRADE
2023,710,458,743092269.64,DIRECT_EXPORT_COMTRADE
2023,710,484,411853485.005,DIRECT_EXPORT_COMTRADE
2023,710,496,16403775.913,DIRECT_EXPORT_COMTRADE
2023,710,504,117617789.3,DIRECT_EXPORT_COMTRADE
2023,710,512,48566602.992,DIRECT_EXPORT_COMTRADE
2023,710,528,4297969854.624,DIRECT_EXPORT_COMTRADE
2023,710,554,92120686.415,DIRECT_EXPORT_COMTRADE
2023,710,586,241822462.049,DIRECT_EXPORT_COMTRADE
2023,710,604,36662110.027,DIRECT_EXPORT_COMTRADE
2023,710,608,64806253.652,DIRECT_EXPORT_COMTRADE
2023,710,616,153781682.127,DIRECT_EXPORT_COMTRADE
2023,710,634,76745866.153,DIRECT_EXPORT_COMTRADE
2023,710,643,282766918.545,DIRECT_EXPORT_COMTRADE
2023,710,682,435406620.338,DIRECT_EXPORT_COMTRADE
2023,710,702,702235134.59,DIRECT_EXPORT_COMTRADE
2023,710,704,366601780.039,DIRECT_EXPORT_COMTRADE
2023,710,724,1596247166.834,DIRECT_EXPORT_COMTRADE
2023,710,757,432157062.532,DIRECT_EXPORT_COMTRADE
2023,710,764,433398144.589,DIRECT_EXPORT_COMTRADE
2023,710,784,2533394472.596,DIRECT_EXPORT_COMTRADE
2023,710,792,425675376.118,DIRECT_EXPORT_COMTRADE
2023,710,818,55600151.479,DIRECT_EXPORT_COMTRADE
2023,710,826,5307072881.642,DIRECT_EXPORT_COMTRADE
2023,710,834,591353140.535,DIRECT_EXPORT_COMTRADE
2023,710,841,14165883620.0,MIRROR_IMPORT_OECD
2023,724,12,356388104.877,DIRECT_EXPORT_COMTRADE
2023,724,24,123433514.265,DIRECT_EXPORT_COMTRADE
2023,724,31,52792983.752,DIRECT_EXPORT_COMTRADE
2023,724,32,1246492900.987,DIRECT_EXPORT_COMTRADE
2023,724,36,1948332946.141,DIRECT_EXPORT_COMTRADE
2023,724,50,184875406.578,DIRECT_EXPORT_COMTRADE
2023,724,58,10006748612.0,MIRROR_IMPORT_OECD
2023,724,76,3342871134.933,DIRECT_EXPORT_COMTRADE
2023,724,124,2322665114.011,DIRECT_EXPORT_COMTRADE
2023,724,144,81161307.791,DIRECT_EXPORT_COMTRADE
2023,724,152,1804518345.181,DIRECT_EXPORT_COMTRADE
2023,724,156,8042715438.128,DIRECT_EXPORT_COMTRADE
2023,724,170,1183609423.084,DIRECT_EXPORT_COMTRADE
2023,724,192,938297392.983,DIRECT_EXPORT_COMTRADE
2023,724,214,961335754.856,DIRECT_EXPORT_COMTRADE
2023,724,218,620135571.078,DIRECT_EXPORT_COMTRADE
2023,724,230,62596794.0,MIRROR_IMPORT_OECD
2023,724,251,63198028874.819,DIRECT_EXPORT_COMTRADE
2023,724,276,42267935775.882,DIRECT_EXPORT_COMTRADE
2023,724,288,225857608.195,DIRECT_EXPORT_COMTRADE
2023,724,344,878985822.138,DIRECT_EXPORT_COMTRADE
2023,724,356,3035316039.0,MIRROR_IMPORT_OECD
2023,724,360,537260557.05,DIRECT_EXPORT_COMTRADE
2023,724,364,233237430.123,DIRECT_EXPORT_COMTRADE
2023,724,368,222346895.61,DIRECT_EXPORT_COMTRADE
2023,724,376,2055143426.137,DIRECT_EXPORT_COMTRADE
2023,724,380,34857585603.538,DIRECT_EXPORT_COMTRADE
2023,724,384,333925117.36,DIRECT_EXPORT_COMTRADE
2023,724,392,3011788770.845,DIRECT_EXPORT_COMTRADE
2023,724,404,71357336.925,DIRECT_EXPORT_COMTRADE
2023,724,410,1927646908.446,DIRECT_EXPORT_COMTRADE
2023,724,414,278616968.224,DIRECT_EXPORT_COMTRADE
2023,724,446,42028709.214,DIRECT_EXPORT_COMTRADE
2023,724,458,631615977.933,DIRECT_EXPORT_COMTRADE
2023,724,484,6024290489.12,DIRECT_EXPORT_COMTRADE
2023,724,496,12544844.837,DIRECT_EXPORT_COMTRADE
2023,724,504,12819541659.61,DIRECT_EXPORT_COMTRADE
2023,724,512,238131010.569,DIRECT_EXPORT_COMTRADE
2023,724,528,12949822245.422,DIRECT_EXPORT_COMTRADE
2023,724,554,311197446.877,DIRECT_EXPORT_COMTRADE
2023,724,586,196517167.462,DIRECT_EXPORT_COMTRADE
2023,724,604,771143046.827,DIRECT_EXPORT_COMTRADE
2023,724,608,880636878.579,DIRECT_EXPORT_COMTRADE
2023,724,616,9781253029.652,DIRECT_EXPORT_COMTRADE
2023,724,634,401171613.86,DIRECT_EXPORT_COMTRADE
2023,724,643,920274666.011,DIRECT_EXPORT_COMTRADE
2023,724,682,2762463453.055,DIRECT_EXPORT_COMTRADE
2023,724,702,988418931.055,DIRECT_EXPORT_COMTRADE
2023,724,704,560878176.744,DIRECT_EXPORT_COMTRADE
2023,724,710,1626048479.916,DIRECT_EXPORT_COMTRADE
2023,724,757,7128441766.723,DIRECT_EXPORT_COMTRADE
2023,724,764,685002408.842,DIRECT_EXPORT_COMTRADE
2023,724,784,1991814508.316,DIRECT_EXPORT_COMTRADE
2023,724,792,9383036712.477,DIRECT_EXPORT_COMTRADE
2023,724,818,1515690994.91,DIRECT_EXPORT_COMTRADE
2023,724,826,24244334570.33,DIRECT_EXPORT_COMTRADE
2023,724,834,61079087.398,DIRECT_EXPORT_COMTRADE
2023,724,841,24076696476.0,MIRROR_IMPORT_OECD
2023,757,12,247235366.42,DIRECT_EXPORT_COMTRADE
2023,757,24,11266189.894,DIRECT_EXPORT_COMTRADE
2023,757,31,118896412.617,DIRECT_EXPORT_COMTRADE
2023,757,32,761563764.163,DIRECT_EXPORT_COMTRADE
2023,757,36,2830969505.11,DIRECT_EXPORT_COMTRADE
2023,757,50,110489715.405,DIRECT_EXPORT_COMTRADE
2023,757,58,10424911204.0,MIRROR_IMPORT_OECD
2023,757,76,3126138702.958,DIRECT_EXPORT_COMTRADE
2023,757,124,4379578375.997,DIRECT_EXPORT_COMTRADE
2023,757,144,117439032.992,DIRECT_EXPORT_COMTRADE
2023,757,152,372551560.035,DIRECT_EXPORT_COMTRADE
2023,757,156,45163448765.534,DIRECT_EXPORT_COMTRADE
2023,757,170,622168138.326,DIRECT_EXPORT_COMTRADE
2023,757,192,6723263.703,DIRECT_EXPORT_COMTRADE
2023,757,214,44965782.637,DIRECT_EXPORT_COMTRADE
2023,757,218,124756901.53,DIRECT_EXPORT_COMTRADE
2023,757,230,16843015.0,MIRROR_IMPORT_OECD
2023,757,251,20106535670.563,DIRECT_EXPORT_COMTRADE
2023,757,276,51147895607.663,DIRECT_EXPORT_COMTRADE
2023,757,288,34043385.829,DIRECT_EXPORT_COMTRADE
2023,757,344,15213139374.095,DIRECT_EXPORT_COMTRADE
2023,757,356,18599429262.0,MIRROR_IMPORT_OECD
2023,757,360,446271705.338,DIRECT_EXPORT_COMTRADE
2023,757,364,184795550.575,DIRECT_EXPORT_COMTRADE
2023,757,368,191077666.368,DIRECT_EXPORT_COMTRADE
2023,757,376,1216653756.049,DIRECT_EXPORT_COMTRADE
2023,757,380,27017648469.165,DIRECT_EXPORT_COMTRADE
2023,757,384,51729651.551,DIRECT_EXPORT_COMTRADE
2023,757,392,8545987234.05,DIRECT_EXPORT_COMTRADE
2023,757,404,90271151.76,DIRECT_EXPORT_COMTRADE
2023,757,410,3574339632.555,DIRECT_EXPORT_COMTRADE
2023,757,414,714028772.101,DIRECT_EXPORT_COMTRADE
2023,757,446,83453047.625,DIRECT_EXPORT_COMTRADE
2023,757,458,1293623377.398,DIRECT_EXPORT_COMTRADE
2023,757,484,2234646310.503,DIRECT_EXPORT_COMTRADE
2023,757,496,151405445.039,DIRECT_EXPORT_COMTRADE
2023,757,504,448006508.104,DIRECT_EXPORT_COMTRADE
2023,757,512,307305084.898,DIRECT_EXPORT_COMTRADE
2023,757,528,7154008544.14,DIRECT_EXPORT_COMTRADE
2023,757,554,253912027.085,DIRECT_EXPORT_COMTRADE
2023,757,586,286275469.516,DIRECT_EXPORT_COMTRADE
2023,757,604,137579582.609,DIRECT_EXPORT_COMTRADE
2023,757,608,370533329.625,DIRECT_EXPORT_COMTRADE
2023,757,616,3347890670.8,DIRECT_EXPORT_COMTRADE
2023,757,634,886188369.716,DIRECT_EXPORT_COMTRADE
2023,757,643,2878047258.264,DIRECT_EXPORT_COMTRADE
2023,757,682,6768762039.718,DIRECT_EXPORT_COMTRADE
2023,757,702,8587084510.599,DIRECT_EXPORT_COMTRADE
2023,757,704,553855742.233,DIRECT_EXPORT_COMTRADE
2023,757,710,655341713.517,DIRECT_EXPORT_COMTRADE
2023,757,724,8590486698.152,DIRECT_EXPORT_COMTRADE
2023,757,764,4163966806.788,DIRECT_EXPORT_COMTRADE
2023,757,784,11115559752.154,DIRECT_EXPORT_COMTRADE
2023,757,792,16301077903.091,DIRECT_EXPORT_COMTRADE
2023,757,818,1290933691.865,DIRECT_EXPORT_COMTRADE
2023,757,826,14712665693.103,DIRECT_EXPORT_COMTRADE
2023,757,834,26444962.285,DIRECT_EXPORT_COMTRADE
2023,757,841,52815436548.0,MIRROR_IMPORT_OECD
2023,764,12,104011354.622,DIRECT_EXPORT_COMTRADE
2023,764,24,102883682.261,DIRECT_EXPORT_COMTRADE
2023,764,31,12681836.864,DIRECT_EXPORT_COMTRADE
2023,764,32,1540828162.597,DIRECT_EXPORT_COMTRADE
2023,764,36,12214614480.082,DIRECT_EXPORT_COMTRADE
2023,764,50,1140763056.097,DIRECT_EXPORT_COMTRADE
2023,764,58,924571835.0,MIRROR_IMPORT_OECD
2023,764,76,1820859503.411,DIRECT_EXPORT_COMTRADE
2023,764,124,1903805628.162,DIRECT_EXPORT_COMTRADE
2023,764,144,290873562.311,DIRECT_EXPORT_COMTRADE
2023,764,152,477181540.008,DIRECT_EXPORT_COMTRADE
2023,764,156,34173311557.793,DIRECT_EXPORT_COMTRADE
2023,764,170,204555439.803,DIRECT_EXPORT_COMTRADE
2023,764,192,4145558.203,DIRECT_EXPORT_COMTRADE
2023,764,214,113175846.478,DIRECT_EXPORT_COMTRADE
2023,764,218,265344382.644,DIRECT_EXPORT_COMTRADE
2023,764,230,107143407.0,MIRROR_IMPORT_OECD
2023,764,251,1975338454.922,DIRECT_EXPORT_COMTRADE
2023,764,276,4555813581.521,DIRECT_EXPORT_COMTRADE
2023,764,288,112736926.143,DIRECT_EXPORT_COMTRADE
2023,764,344,11097128878.27,DIRECT_EXPORT_COMTRADE
2023,764,356,10698465114.0,MIRROR_IMPORT_OECD
2023,764,360,10092102341.27,DIRECT_EXPORT_COMTRADE
2023,764,364,135089976.384,DIRECT_EXPORT_COMTRADE
2023,764,368,901349056.266,DIRECT_EXPORT_COMTRADE
2023,764,376,784064410.517,DIRECT_EXPORT_COMTRADE
2023,764,380,2098183696.734,DIRECT_EXPORT_COMTRADE
2023,764,384,161528106.495,DIRECT_EXPORT_COMTRADE
2023,764,392,24594124228.99,DIRECT_EXPORT_COMTRADE
2023,764,404,194049230.168,DIRECT_EXPORT_COMTRADE
2023,764,410,6073058405.756,DIRECT_EXPORT_COMTRADE
2023,764,414,452832817.96,DIRECT_EXPORT_COMTRADE
2023,764,446,49504293.934,DIRECT_EXPORT_COMTRADE
2023,764,458,11965144908.165,DIRECT_EXPORT_COMTRADE
2023,764,484,3704064267.582,DIRECT_EXPORT_COMTRADE
2023,764,496,21139176.651,DIRECT_EXPORT_COMTRADE
2023,764,504,107086022.212,DIRECT_EXPORT_COMTRADE
2023,764,512,443547678.207,DIRECT_EXPORT_COMTRADE
2023,764,528,5842645908.944,DIRECT_EXPORT_COMTRADE
2023,764,554,1406887110.543,DIRECT_EXPORT_COMTRADE
2023,764,586,854413824.05,DIRECT_EXPORT_COMTRADE
2023,764,604,296837956.442,DIRECT_EXPORT_COMTRADE
2023,764,608,7982177726.168,DIRECT_EXPORT_COMTRADE
2023,764,616,596973056.496,DIRECT_EXPORT_COMTRADE
2023,764,634,327478092.419,DIRECT_EXPORT_COMTRADE
2023,764,643,820829717.43,DIRECT_EXPORT_COMTRADE
2023,764,682,2732088534.085,DIRECT_EXPORT_COMTRADE
2023,764,702,10240028034.305,DIRECT_EXPORT_COMTRADE
2023,764,704,11217485530.873,DIRECT_EXPORT_COMTRADE
2023,764,710,3529011311.209,DIRECT_EXPORT_COMTRADE
2023,764,724,867567713.332,DIRECT_EXPORT_COMTRADE
2023,764,757,4040044021.046,DIRECT_EXPORT_COMTRADE
2023,764,784,3314907297.8,DIRECT_EXPORT_COMTRADE
2023,764,792,1544957625.302,DIRECT_EXPORT_COMTRADE
2023,764,818,667914133.609,DIRECT_EXPORT_COMTRADE
2023,764,826,4076340020.342,DIRECT_EXPORT_COMTRADE
2023,764,834,157765290.329,DIRECT_EXPORT_COMTRADE
2023,764,841,58684932837.0,MIRROR_IMPORT_OECD
2023,784,12,962692142.116,DIRECT_EXPORT_COMTRADE
2023,784,24,532716436.043,DIRECT_EXPORT_COMTRADE
2023,784,31,1573180177.368,DIRECT_EXPORT_COMTRADE
2023,784,32,96738135.779,DIRECT_EXPORT_COMTRADE
2023,784,36,806581062.388,DIRECT_EXPORT_COMTRADE
2023,784,50,1278723673.247,DIRECT_EXPORT_COMTRADE
2023,784,58,1518651356.0,MIRROR_IMPORT_OECD
2023,784,76,572830588.853,DIRECT_EXPORT_COMTRADE
2023,784,124,946889747.181,DIRECT_EXPORT_COMTRADE
2023,784,144,741890380.492,DIRECT_EXPORT_COMTRADE
2023,784,152,109079316.761,DIRECT_EXPORT_COMTRADE
2023,784,156,9293878219.801,DIRECT_EXPORT_COMTRADE
2023,784,170,87844266.87,DIRECT_EXPORT_COMTRADE
2023,784,192,34974527.383,DIRECT_EXPORT_COMTRADE
2023,784,214,32398379.839,DIRECT_EXPORT_COMTRADE
2023,784,218,39942840.535,DIRECT_EXPORT_COMTRADE
2023,784,230,471919468.0,MIRROR_IMPORT_OECD
2023,784,251,1374128665.889,DIRECT_EXPORT_COMTRADE
2023,784,276,1760282456.372,DIRECT_EXPORT_COMTRADE
2023,784,288,659620021.741,DIRECT_EXPORT_COMTRADE
2023,784,344,14374962864.616,DIRECT_EXPORT_COMTRADE
2023,784,356,37540701839.0,MIRROR_IMPORT_OECD
2023,784,360,821321518.875,DIRECT_EXPORT_COMTRADE
2023,784,364,5793991977.342,DIRECT_EXPORT_COMTRADE
2023,784,368,22700763637.637,DIRECT_EXPORT_COMTRADE
2023,784,376,1651159721.497,DIRECT_EXPORT_COMTRADE
2023,784,380,1571643185.168,DIRECT_EXPORT_COMTRADE
2023,784,384,395484207.23,DIRECT_EXPORT_COMTRADE
2023,784,392,2127493738.068,DIRECT_EXPORT_COMTRADE
2023,784,404,2272116517.85,DIRECT_EXPORT_COMTRADE
2023,784,410,1302529375.785,DIRECT_EXPORT_COMTRADE
2023,784,414,9897563065.154,DIRECT_EXPORT_COMTRADE
2023,784,446,11367787.881,DIRECT_EXPORT_COMTRADE
2023,784,458,1909179975.187,DIRECT_EXPORT_COMTRADE
2023,784,484,444626480.725,DIRECT_EXPORT_COMTRADE
2023,784,496,12522517.14,DIRECT_EXPORT_COMTRADE
2023,784,504,769299427.157,DIRECT_EXPORT_COMTRADE
2023,784,512,10914799952.225,DIRECT_EXPORT_COMTRADE
2023,784,528,3809533018.694,DIRECT_EXPORT_COMTRADE
2023,784,554,112820085.726,DIRECT_EXPORT_COMTRADE
2023,784,586,4263595179.469,DIRECT_EXPORT_COMTRADE
2023,784,604,54608465.228,DIRECT_EXPORT_COMTRADE
2023,784,608,321769345.985,DIRECT_EXPORT_COMTRADE
2023,784,616,526906875.674,DIRECT_EXPORT_COMTRADE
2023,784,634,7887152547.566,DIRECT_EXPORT_COMTRADE
2023,784,643,4492377530.526,DIRECT_EXPORT_COMTRADE
2023,784,682,29464758708.178,DIRECT_EXPORT_COMTRADE
2023,784,702,3341455091.376,DIRECT_EXPORT_COMTRADE
2023,784,704,1068991119.115,DIRECT_EXPORT_COMTRADE
2023,784,710,2443023411.373,DIRECT_EXPORT_COMTRADE
2023,784,724,569532087.676,DIRECT_EXPORT_COMTRADE
2023,784,757,11087245136.954,DIRECT_EXPORT_COMTRADE
2023,784,764,1454389074.534,DIRECT_EXPORT_COMTRADE
2023,784,792,18723105854.628,DIRECT_EXPORT_COMTRADE
2023,784,818,4522433743.122,DIRECT_EXPORT_COMTRADE
2023,784,826,2879249123.899,DIRECT_EXPORT_COMTRADE
2023,784,834,1229056863.811,DIRECT_EXPORT_COMTRADE
2023,784,841,6870278305.0,MIRROR_IMPORT_OECD
2023,792,12,2756022225.0,DIRECT_EXPORT_COMTRADE
2023,792,24,129139280.0,DIRECT_EXPORT_COMTRADE
2023,792,31,2796851265.0,DIRECT_EXPORT_COMTRADE
2023,792,32,170532437.0,DIRECT_EXPORT_COMTRADE
2023,792,36,944264046.0,DIRECT_EXPORT_COMTRADE
2023,792,50,416840052.0,DIRECT_EXPORT_COMTRADE
2023,792,58,3359296192.0,MIRROR_IMPORT_OECD
2023,792,76,823429120.0,DIRECT_EXPORT_COMTRADE
2023,792,124,1627370715.0,DIRECT_EXPORT_COMTRADE
2023,792,144,133352191.0,DIRECT_EXPORT_COMTRADE
2023,792,152,304621034.0,DIRECT_EXPORT_COMTRADE
2023,792,156,3306083517.0,DIRECT_EXPORT_COMTRADE
2023,792,170,202629045.0,DIRECT_EXPORT_COMTRADE
2023,792,192,62804794.0,DIRECT_EXPORT_COMTRADE
2023,792,214,186009959.0,DIRECT_EXPORT_COMTRADE
2023,792,218,92650456.0,DIRECT_EXPORT_COMTRADE
2023,792,230,619977254.0,MIRROR_IMPORT_OECD
2023,792,251,10296438852.0,DIRECT_EXPORT_COMTRADE
2023,792,276,21083354319.0,DIRECT_EXPORT_COMTRADE
2023,792,288,268448214.0,DIRECT_EXPORT_COMTRADE
2023,792,344,868757213.0,DIRECT_EXPORT_COMTRADE
2023,792,356,3145234309.0,MIRROR_IMPORT_OECD
2023,792,360,411217435.0,DIRECT_EXPORT_COMTRADE
2023,792,364,3225774461.0,DIRECT_EXPORT_COMTRADE
2023,792,368,12759358310.0,DIRECT_EXPORT_COMTRADE
2023,792,376,5434606318.0,DIRECT_EXPORT_COMTRADE
2023,792,380,12372778520.0,DIRECT_EXPORT_COMTRADE
2023,792,384,269782139.0,DIRECT_EXPORT_COMTRADE
2023,792,392,645189950.0,DIRECT_EXPORT_COMTRADE
2023,792,404,263666768.0,DIRECT_EXPORT_COMTRADE
2023,792,410,1041594965.0,DIRECT_EXPORT_COMTRADE
2023,792,414,583124295.0,DIRECT_EXPORT_COMTRADE
2023,792,446,1689095.0,DIRECT_EXPORT_COMTRADE
2023,792,458,489872776.0,DIRECT_EXPORT_COMTRADE
2023,792,484,1242497327.0,DIRECT_EXPORT_COMTRADE
2023,792,496,105576785.0,DIRECT_EXPORT_COMTRADE
2023,792,504,3060347102.0,DIRECT_EXPORT_COMTRADE
2023,792,512,431748637.0,DIRECT_EXPORT_COMTRADE
2023,792,528,7857412257.0,DIRECT_EXPORT_COMTRADE
2023,792,554,122958553.0,DIRECT_EXPORT_COMTRADE
2023,792,586,550463435.0,DIRECT_EXPORT_COMTRADE
2023,792,604,227215874.0,DIRECT_EXPORT_COMTRADE
2023,792,608,208806661.0,DIRECT_EXPORT_COMTRADE
2023,792,616,5955208383.0,DIRECT_EXPORT_COMTRADE
2023,792,634,799894161.0,DIRECT_EXPORT_COMTRADE
2023,792,643,10906585102.0,DIRECT_EXPORT_COMTRADE
2023,792,682,2621415516.0,DIRECT_EXPORT_COMTRADE
2023,792,702,755244269.0,DIRECT_EXPORT_COMTRADE
2023,792,704,425916895.0,DIRECT_EXPORT_COMTRADE
2023,792,710,779379192.0,DIRECT_EXPORT_COMTRADE
2023,792,724,9783655162.0,DIRECT_EXPORT_COMTRADE
2023,792,757,2324579558.0,DIRECT_EXPORT_COMTRADE
2023,792,764,280816585.0,DIRECT_EXPORT_COMTRADE
2023,792,784,8572808888.0,DIRECT_EXPORT_COMTRADE
2023,792,818,3352651094.0,DIRECT_EXPORT_COMTRADE
2023,792,826,12463115637.0,DIRECT_EXPORT_COMTRADE
2023,792,834,310890673.0,DIRECT_EXPORT_COMTRADE
2023,792,841,16519765151.0,MIRROR_IMPORT_OECD
2023,818,12,858805398.69,DIRECT_EXPORT_COMTRADE
2023,818,24,21262511.241,DIRECT_EXPORT_COMTRADE
2023,818,31,40915431.974,DIRECT_EXPORT_COMTRADE
2023,818,32,205672341.579,DIRECT_EXPORT_COMTRADE
2023,818,36,44696064.338,DIRECT_EXPORT_COMTRADE
2023,818,50,160239957.821,DIRECT_EXPORT_COMTRADE
2023,818,58,203858287.0,MIRROR_IMPORT_OECD
2023,818,76,480820969.386,DIRECT_EXPORT_COMTRADE
2023,818,124,525378701.549,DIRECT_EXPORT_COMTRADE
2023,818,144,14816959.071,DIRECT_EXPORT_COMTRADE
2023,818,152,6465340.362,DIRECT_EXPORT_COMTRADE
2023,818,156,1086579853.294,DIRECT_EXPORT_COMTRADE
2023,818,170,9259184.625,DIRECT_EXPORT_COMTRADE
2023,818,192,5456460.286,DIRECT_EXPORT_COMTRADE
2023,818,214,30992963.002,DIRECT_EXPORT_COMTRADE
2023,818,218,7823158.431,DIRECT_EXPORT_COMTRADE
2023,818,230,454682448.0,MIRROR_IMPORT_OECD
2023,818,251,862295661.142,DIRECT_EXPORT_COMTRADE
2023,818,276,820630110.704,DIRECT_EXPORT_COMTRADE
2023,818,288,204150801.935,DIRECT_EXPORT_COMTRADE
2023,818,344,35403706.416,DIRECT_EXPORT_COMTRADE
2023,818,356,1458960449.0,MIRROR_IMPORT_OECD
2023,818,360,136656845.143,DIRECT_EXPORT_COMTRADE
2023,818,364,2118175.983,DIRECT_EXPORT_COMTRADE
2023,818,368,690313936.037,DIRECT_EXPORT_COMTRADE
2023,818,376,145306314.971,DIRECT_EXPORT_COMTRADE
2023,818,380,3254918557.013,DIRECT_EXPORT_COMTRADE
2023,818,384,221788026.749,DIRECT_EXPORT_COMTRADE
2023,818,392,83102718.002,DIRECT_EXPORT_COMTRADE
2023,818,404,327263670.422,DIRECT_EXPORT_COMTRADE
2023,818,410,392904854.554,DIRECT_EXPORT_COMTRADE
2023,818,414,315669738.797,DIRECT_EXPORT_COMTRADE
2023,818,446,238313.852,DIRECT_EXPORT_COMTRADE
2023,818,458,99025742.726,DIRECT_EXPORT_COMTRADE
2023,818,484,41692901.631,DIRECT_EXPORT_COMTRADE
2023,818,496,33300.15,DIRECT_EXPORT_COMTRADE
2023,818,504,828906915.737,DIRECT_EXPORT_COMTRADE
2023,818,512,189606614.668,DIRECT_EXPORT_COMTRADE
2023,818,528,926270329.083,DIRECT_EXPORT_COMTRADE
2023,818,554,5105390.143,DIRECT_EXPORT_COMTRADE
2023,818,586,146005306.768,DIRECT_EXPORT_COMTRADE
2023,818,604,21967263.162,DIRECT_EXPORT_COMTRADE
2023,818,608,12128418.167,DIRECT_EXPORT_COMTRADE
2023,818,616,264190379.496,DIRECT_EXPORT_COMTRADE
2023,818,634,44266216.339,DIRECT_EXPORT_COMTRADE
2023,818,643,523956802.397,DIRECT_EXPORT_COMTRADE
2023,818,682,2671806900.951,DIRECT_EXPORT_COMTRADE
2023,818,702,202033974.659,DIRECT_EXPORT_COMTRADE
2023,818,704,53342248.911,DIRECT_EXPORT_COMTRADE
2023,818,710,123770582.261,DIRECT_EXPORT_COMTRADE
2023,818,724,1616886785.769,DIRECT_EXPORT_COMTRADE
2023,818,757,472285587.99,DIRECT_EXPORT_COMTRADE
2023,818,764,60740072.831,DIRECT_EXPORT_COMTRADE
2023,818,784,2223717332.195,DIRECT_EXPORT_COMTRADE
2023,818,792,3643855575.539,DIRECT_EXPORT_COMTRADE
2023,818,826,1212309985.542,DIRECT_EXPORT_COMTRADE
2023,818,834,58953587.671,DIRECT_EXPORT_COMTRADE
2023,818,841,2540759944.0,MIRROR_IMPORT_OECD
2023,826,12,263557978.008,DIRECT_EXPORT_COMTRADE
2023,826,24,364422404.503,DIRECT_EXPORT_COMTRADE
2023,826,31,571328902.646,DIRECT_EXPORT_COMTRADE
2023,826,32,505136407.573,DIRECT_EXPORT_COMTRADE
2023,826,36,5865635240.052,DIRECT_EXPORT_COMTRADE
2023,826,50,609544288.532,DIRECT_EXPORT_COMTRADE
2023,826,58,14577130029.0,MIRROR_IMPORT_OECD
2023,826,76,3205396826.7,DIRECT_EXPORT_COMTRADE
2023,826,124,7661782593.021,DIRECT_EXPORT_COMTRADE
2023,826,144,174342784.203,DIRECT_EXPORT_COMTRADE
2023,826,152,635363594.072,DIRECT_EXPORT_COMTRADE
2023,826,156,34286412813.993,DIRECT_EXPORT_COMTRADE
2023,826,170,672001435.378,DIRECT_EXPORT_COMTRADE
2023,826,192,7596252.842,DIRECT_EXPORT_COMTRADE
2023,826,214,189310893.033,DIRECT_EXPORT_COMTRADE
2023,826,218,116862258.049,DIRECT_EXPORT_COMTRADE
2023,826,230,362511628.0,MIRROR_IMPORT_OECD
2023,826,251,29229533982.005,DIRECT_EXPORT_COMTRADE
2023,826,276,39590607372.934,DIRECT_EXPORT_COMTRADE
2023,826,288,444740523.364,DIRECT_EXPORT_COMTRADE
2023,826,344,16152182455.715,DIRECT_EXPORT_COMTRADE
2023,826,356,6749741516.0,MIRROR_IMPORT_OECD
2023,826,360,989156022.986,DIRECT_EXPORT_COMTRADE
2023,826,364,78020995.662,DIRECT_EXPORT_COMTRADE
2023,826,368,551860867.282,DIRECT_EXPORT_COMTRADE
2023,826,376,1876743132.731,DIRECT_EXPORT_COMTRADE
2023,826,380,12071983252.041,DIRECT_EXPORT_COMTRADE
2023,826,384,214295197.32,DIRECT_EXPORT_COMTRADE
2023,826,392,6978414563.86,DIRECT_EXPORT_COMTRADE
2023,826,404,307943540.28,DIRECT_EXPORT_COMTRADE
2023,826,410,6206041985.772,DIRECT_EXPORT_COMTRADE
2023,826,414,819354176.385,DIRECT_EXPORT_COMTRADE
2023,826,446,281624297.454,DIRECT_EXPORT_COMTRADE
2023,826,458,2078410576.635,DIRECT_EXPORT_COMTRADE
2023,826,484,1982497893.229,DIRECT_EXPORT_COMTRADE
2023,826,496,25109081.347,DIRECT_EXPORT_COMTRADE
2023,826,504,1065222634.62,DIRECT_EXPORT_COMTRADE
2023,826,512,627807392.742,DIRECT_EXPORT_COMTRADE
2023,826,528,36870866574.728,DIRECT_EXPORT_COMTRADE
2023,826,554,1247798246.219,DIRECT_EXPORT_COMTRADE
2023,826,586,578631349.935,DIRECT_EXPORT_COMTRADE
2023,826,604,263694436.292,DIRECT_EXPORT_COMTRADE
2023,826,608,769060236.126,DIRECT_EXPORT_COMTRADE
2023,826,616,8214379782.674,DIRECT_EXPORT_COMTRADE
2023,826,634,4528159565.083,DIRECT_EXPORT_COMTRADE
2023,826,643,814337271.749,DIRECT_EXPORT_COMTRADE
2023,826,682,5613230805.846,DIRECT_EXPORT_COMTRADE
2023,826,702,7526408162.634,DIRECT_EXPORT_COMTRADE
2023,826,704,927864249.231,DIRECT_EXPORT_COMTRADE
2023,826,710,2105954256.196,DIRECT_EXPORT_COMTRADE
2023,826,724,11710020723.586,DIRECT_EXPORT_COMTRADE
2023,826,757,35631872142.581,DIRECT_EXPORT_COMTRADE
2023,826,764,1957103694.535,DIRECT_EXPORT_COMTRADE
2023,826,784,9211652136.516,DIRECT_EXPORT_COMTRADE
2023,826,792,8142013795.029,DIRECT_EXPORT_COMTRADE
2023,826,818,1950202403.729,DIRECT_EXPORT_COMTRADE
2023,826,834,172391246.526,DIRECT_EXPORT_COMTRADE
2023,826,841,64776969519.0,MIRROR_IMPORT_OECD
2023,834,12,1765091.34,DIRECT_EXPORT_COMTRADE
2023,834,24,2658300.01,DIRECT_EXPORT_COMTRADE
2023,834,31,80089.84,DIRECT_EXPORT_COMTRADE
2023,834,36,4326592.27,DIRECT_EXPORT_COMTRADE
2023,834,50,24408228.76,DIRECT_EXPORT_COMTRADE
2023,834,58,67521944.0,MIRROR_IMPORT_OECD
2023,834,76,199690.13,DIRECT_EXPORT_COMTRADE
2023,834,124,4137926.84,DIRECT_EXPORT_COMTRADE
2023,834,144,3700509.8,DIRECT_EXPORT_COMTRADE
2023,834,152,6081.77,DIRECT_EXPORT_COMTRADE
2023,834,156,427892622.56,DIRECT_EXPORT_COMTRADE
2023,834,170,345579.48,DIRECT_EXPORT_COMTRADE
2023,834,192,437502.55,DIRECT_EXPORT_COMTRADE
2023,834,214,286197.59,DIRECT_EXPORT_COMTRADE
2023,834,218,3049.98,DIRECT_EXPORT_COMTRADE
2023,834,230,4821277.0,MIRROR_IMPORT_OECD
2023,834,251,28080070.5,DIRECT_EXPORT_COMTRADE
2023,834,276,68010789.87,DIRECT_EXPORT_COMTRADE
2023,834,288,5283668.42,DIRECT_EXPORT_COMTRADE
2023,834,344,45948898.17,DIRECT_EXPORT_COMTRADE
2023,834,356,1728921652.0,MIRROR_IMPORT_OECD
2023,834,360,33776429.98,DIRECT_EXPORT_COMTRADE
2023,834,364,350654.8,DIRECT_EXPORT_COMTRADE
2023,834,368,265915.64,DIRECT_EXPORT_COMTRADE
2023,834,376,13367961.69,DIRECT_EXPORT_COMTRADE
2023,834,380,47411989.12,DIRECT_EXPORT_COMTRADE
2023,834,384,567933.48,DIRECT_EXPORT_COMTRADE
2023,834,392,67945305.09,DIRECT_EXPORT_COMTRADE
2023,834,404,176519757.84,DIRECT_EXPORT_COMTRADE
2023,834,410,19467079.38,DIRECT_EXPORT_COMTRADE
2023,834,414,4054114.1,DIRECT_EXPORT_COMTRADE
2023,834,446,94394.45,DIRECT_EXPORT_COMTRADE
2023,834,458,14425267.66,DIRECT_EXPORT_COMTRADE
2023,834,484,2837107.74,DIRECT_EXPORT_COMTRADE
2023,834,504,19157033.09,DIRECT_EXPORT_COMTRADE
2023,834,512,16268651.82,DIRECT_EXPORT_COMTRADE
2023,834,528,113042327.43,DIRECT_EXPORT_COMTRADE
2023,834,554,739838.01,DIRECT_EXPORT_COMTRADE
2023,834,586,84689445.08,DIRECT_EXPORT_COMTRADE
2023,834,604,20660.1,DIRECT_EXPORT_COMTRADE
2023,834,608,2082874.19,DIRECT_EXPORT_COMTRADE
2023,834,616,89244174.15,DIRECT_EXPORT_COMTRADE
2023,834,634,26721632.48,DIRECT_EXPORT_COMTRADE
2023,834,643,5999749.07,DIRECT_EXPORT_COMTRADE
2023,834,682,18225857.21,DIRECT_EXPORT_COMTRADE
2023,834,702,142027824.44,DIRECT_EXPORT_COMTRADE
2023,834,704,134136156.44,DIRECT_EXPORT_COMTRADE
2023,834,710,1123455080.19,DIRECT_EXPORT_COMTRADE
2023,834,724,24648446.07,DIRECT_EXPORT_COMTRADE
2023,834,757,465880339.27,DIRECT_EXPORT_COMTRADE
2023,834,764,3898658.91,DIRECT_EXPORT_COMTRADE
2023,834,784,686436289.48,DIRECT_EXPORT_COMTRADE
2023,834,792,22186327.05,DIRECT_EXPORT_COMTRADE
2023,834,818,4783582.18,DIRECT_EXPORT_COMTRADE
2023,834,826,19598271.16,DIRECT_EXPORT_COMTRADE
2023,834,841,197933931.0,MIRROR_IMPORT_OECD
2023,841,12,1214448016.0,DIRECT_EXPORT_OECD
2023,841,24,595278456.0,DIRECT_EXPORT_OECD
2023,841,31,541549689.0,DIRECT_EXPORT_OECD
2023,841,32,11441926315.0,DIRECT_EXPORT_OECD
2023,841,36,33672030176.0,DIRECT_EXPORT_OECD
2023,841,50,2251990367.0,DIRECT_EXPORT_OECD
2023,841,58,38827845470.0,DIRECT_EXPORT_OECD
2023,841,76,44807817217.0,DIRECT_EXPORT_OECD
2023,841,124,352760090331.0,DIRECT_EXPORT_OECD
2023,841,144,366221886.0,DIRECT_EXPORT_OECD
2023,841,152,18723684800.0,DIRECT_EXPORT_OECD
2023,841,156,147805519994.0,DIRECT_EXPORT_OECD
2023,841,170,17552368193.0,DIRECT_EXPORT_OECD
2023,841,192,404375085.0,DIRECT_EXPORT_OECD
2023,841,214,13062566546.0,DIRECT_EXPORT_OECD
2023,841,218,7947678751.0,DIRECT_EXPORT_OECD
2023,841,230,1210864885.0,DIRECT_EXPORT_OECD
2023,841,251,45255934885.0,DIRECT_EXPORT_OECD
2023,841,276,76472551327.0,DIRECT_EXPORT_OECD
2023,841,288,850833145.0,DIRECT_EXPORT_OECD
2023,841,344,27744741789.0,DIRECT_EXPORT_OECD
2023,841,356,40116453422.0,DIRECT_EXPORT_OECD
2023,841,360,9943228470.0,DIRECT_EXPORT_OECD
2023,841,364,59014461.0,DIRECT_EXPORT_OECD
2023,841,368,2258506365.0,DIRECT_EXPORT_OECD
2023,841,376,14032404266.0,DIRECT_EXPORT_OECD
2023,841,380,28916814190.0,DIRECT_EXPORT_OECD
2023,841,384,545430391.0,DIRECT_EXPORT_OECD
2023,841,392,76154045175.0,DIRECT_EXPORT_OECD
2023,841,404,493662097.0,DIRECT_EXPORT_OECD
2023,841,410,64835853629.0,DIRECT_EXPORT_OECD
2023,841,414,2918910849.0,DIRECT_EXPORT_OECD
2023,841,446,526059474.00000006,DIRECT_EXPORT_OECD
2023,841,458,19439249562.0,DIRECT_EXPORT_OECD
2023,841,484,323227903905.0,DIRECT_EXPORT_OECD
2023,841,496,168149140.0,DIRECT_EXPORT_OECD
2023,841,504,3752347492.0,DIRECT_EXPORT_OECD
2023,841,512,1862409322.0,DIRECT_EXPORT_OECD
2023,841,528,82186249691.0,DIRECT_EXPORT_OECD
2023,841,554,4351765963.0,DIRECT_EXPORT_OECD
2023,841,586,2075496758.0,DIRECT_EXPORT_OECD
2023,841,604,12039068959.0,DIRECT_EXPORT_OECD
2023,841,608,9287844821.0,DIRECT_EXPORT_OECD
2023,841,616,10989843618.0,DIRECT_EXPORT_OECD
2023,841,634,4658192457.0,DIRECT_EXPORT_OECD
2023,841,643,597274158.0,DIRECT_EXPORT_OECD
2023,841,682,13872813909.0,DIRECT_EXPORT_OECD
2023,841,702,42433068231.0,DIRECT_EXPORT_OECD
2023,841,704,9811558938.0,DIRECT_EXPORT_OECD
2023,841,710,7155082196.0,DIRECT_EXPORT_OECD
2023,841,724,25000478724.0,DIRECT_EXPORT_OECD
2023,841,757,27872814193.0,DIRECT_EXPORT_OECD
2023,841,764,15653217465.0,DIRECT_EXPORT_OECD
2023,841,784,24857035171.0,DIRECT_EXPORT_OECD
2023,841,792,14693841811.0,DIRECT_EXPORT_OECD
2023,841,818,4486971384.0,DIRECT_EXPORT_OECD
2023,841,826,74054013691.0,DIRECT_EXPORT_OECD
2023,841,834,424880289.0,DIRECT_EXPORT_OECD
