country_name,iso3,year,air_freight_million_ton_km
Africa Eastern and Southern,AFE,2025,
Africa Eastern and Southern,AFE,2024,
Africa Eastern and Southern,AFE,2023,4761.1887073734
Africa Eastern and Southern,AFE,2022,4775.11352267
Africa Eastern and Southern,AFE,2021,4266.475686441
Africa Eastern and Southern,AFE,2020,3296.16681816516
Africa Eastern and Southern,AFE,2019,3732.43122926741
Africa Eastern and Southern,AFE,2018,3526.787055136
Africa Eastern and Southern,AFE,2017,3607.12387761026
Africa Eastern and Southern,AFE,2016,2870.64683913375
Africa Eastern and Southern,AFE,2015,2739.36693923474
Africa Eastern and Southern,AFE,2014,2722.61327188447
Africa Eastern and Southern,AFE,2013,2642.20198198919
Africa Western and Central,AFW,2025,
Africa Western and Central,AFW,2024,
Africa Western and Central,AFW,2023,67.454964093
Africa Western and Central,AFW,2022,53.2228555385675
Africa Western and Central,AFW,2021,28.163338741
Africa Western and Central,AFW,2020,
Africa Western and Central,AFW,2019,32.2950492034015
Africa Western and Central,AFW,2018,39.6632286707762
Africa Western and Central,AFW,2017,41.3291975825265
Africa Western and Central,AFW,2016,39.6039806860625
Africa Western and Central,AFW,2015,42.8863101229897
Africa Western and Central,AFW,2014,70.8181919847372
Africa Western and Central,AFW,2013,65.8331921811429
Arab World,ARB,2025,
Arab World,ARB,2024,
Arab World,ARB,2023,31179.1556831582
Arab World,ARB,2022,30814.578188729
Arab World,ARB,2021,33656.0842245168
Arab World,ARB,2020,27266.178097892
Arab World,ARB,2019,31621.8505242479
Arab World,ARB,2018,31869.1803896217
Arab World,ARB,2017,30342.7250758281
Arab World,ARB,2016,27869.6950203519
Arab World,ARB,2015,25918.4579033048
Arab World,ARB,2014,24698.8996924264
Arab World,ARB,2013,22234.0136372668
Caribbean small states,CSS,2025,
Caribbean small states,CSS,2024,
Caribbean small states,CSS,2023,
Caribbean small states,CSS,2022,
Caribbean small states,CSS,2021,
Caribbean small states,CSS,2020,
Caribbean small states,CSS,2019,79.7936645225828
Caribbean small states,CSS,2018,74.7335022099658
Caribbean small states,CSS,2017,
Caribbean small states,CSS,2016,
Caribbean small states,CSS,2015,
Caribbean small states,CSS,2014,76.45617486
Caribbean small states,CSS,2013,77.05199862
Central Europe and the Baltics,CEB,2025,
Central Europe and the Baltics,CEB,2024,
Central Europe and the Baltics,CEB,2023,496.218263047
Central Europe and the Baltics,CEB,2022,471.76771382
Central Europe and the Baltics,CEB,2021,219.627277
Central Europe and the Baltics,CEB,2020,154.099411842344
Central Europe and the Baltics,CEB,2019,351.15340896
Central Europe and the Baltics,CEB,2018,305.88687
Central Europe and the Baltics,CEB,2017,258.60434
Central Europe and the Baltics,CEB,2016,190.546780646509
Central Europe and the Baltics,CEB,2015,153.047416682
Central Europe and the Baltics,CEB,2014,165.63870558
Central Europe and the Baltics,CEB,2013,135.89104478
Early-demographic dividend,EAR,2025,
Early-demographic dividend,EAR,2024,
Early-demographic dividend,EAR,2023,21848.5540026323
Early-demographic dividend,EAR,2022,22073.8214413224
Early-demographic dividend,EAR,2021,19991.8450460238
Early-demographic dividend,EAR,2020,15458.046879593
Early-demographic dividend,EAR,2019,20155.2979524131
Early-demographic dividend,EAR,2018,19057.0445127029
Early-demographic dividend,EAR,2017,17221.324022734
Early-demographic dividend,EAR,2016,13940.6546517936
Early-demographic dividend,EAR,2015,12668.692722275
Early-demographic dividend,EAR,2014,13271.7687436829
Early-demographic dividend,EAR,2013,12791.7810471402
East Asia & Pacific,EAS,2025,
East Asia & Pacific,EAS,2024,
East Asia & Pacific,EAS,2023,71444.0250636841
East Asia & Pacific,EAS,2022,53801.039576467
East Asia & Pacific,EAS,2021,65329.5644799525
East Asia & Pacific,EAS,2020,55974.689204367
East Asia & Pacific,EAS,2019,73216.7309771281
East Asia & Pacific,EAS,2018,76282.1364401458
East Asia & Pacific,EAS,2017,72869.4626689043
East Asia & Pacific,EAS,2016,68376.1739722159
East Asia & Pacific,EAS,2015,66620.2655819429
East Asia & Pacific,EAS,2014,64344.0425670436
East Asia & Pacific,EAS,2013,60230.7443840539
East Asia & Pacific (excluding high income),EAP,2025,
East Asia & Pacific (excluding high income),EAP,2024,
East Asia & Pacific (excluding high income),EAP,2023,32420.323839129
East Asia & Pacific (excluding high income),EAP,2022,23630.82362446
East Asia & Pacific (excluding high income),EAP,2021,24727.94448706
East Asia & Pacific (excluding high income),EAP,2020,22429.372355544
East Asia & Pacific (excluding high income),EAP,2019,32192.1423368956
East Asia & Pacific (excluding high income),EAP,2018,32170.2189858064
East Asia & Pacific (excluding high income),EAP,2017,29703.0383488036
East Asia & Pacific (excluding high income),EAP,2016,26840.4050450967
East Asia & Pacific (excluding high income),EAP,2015,25827.6174174929
East Asia & Pacific (excluding high income),EAP,2014,24608.0806732139
East Asia & Pacific (excluding high income),EAP,2013,22571.516766054
East Asia & Pacific (IDA & IBRD countries),TEA,2025,
East Asia & Pacific (IDA & IBRD countries),TEA,2024,
East Asia & Pacific (IDA & IBRD countries),TEA,2023,32423.261029129
East Asia & Pacific (IDA & IBRD countries),TEA,2022,23634.48850446
East Asia & Pacific (IDA & IBRD countries),TEA,2021,24731.25451666
East Asia & Pacific (IDA & IBRD countries),TEA,2020,22432.088905544
East Asia & Pacific (IDA & IBRD countries),TEA,2019,32193.3820458956
East Asia & Pacific (IDA & IBRD countries),TEA,2018,32180.0760078064
East Asia & Pacific (IDA & IBRD countries),TEA,2017,29710.7268393926
East Asia & Pacific (IDA & IBRD countries),TEA,2016,26849.8933955557
East Asia & Pacific (IDA & IBRD countries),TEA,2015,25835.1228917969
East Asia & Pacific (IDA & IBRD countries),TEA,2014,24615.008355335
East Asia & Pacific (IDA & IBRD countries),TEA,2013,22575.747630054
Euro area,EMU,2025,
Euro area,EMU,2024,
Euro area,EMU,2023,33358.8291940564
Euro area,EMU,2022,34277.940625526
Euro area,EMU,2021,33884.029326724
Euro area,EMU,2020,26850.5684129143
Euro area,EMU,2019,31157.4144194713
Euro area,EMU,2018,31432.8952796518
Euro area,EMU,2017,31281.2670635479
Euro area,EMU,2016,28005.6544125883
Euro area,EMU,2015,27731.629597157
Euro area,EMU,2014,27912.7684810256
Euro area,EMU,2013,27506.8290002242
Europe & Central Asia,ECS,2025,
Europe & Central Asia,ECS,2024,
Europe & Central Asia,ECS,2023,51491.4116211114
Europe & Central Asia,ECS,2022,53208.5886573234
Europe & Central Asia,ECS,2021,58442.035142368
Europe & Central Asia,ECS,2020,45233.3744516563
Europe & Central Asia,ECS,2019,55261.8720619299
Europe & Central Asia,ECS,2018,53981.4134493388
Europe & Central Asia,ECS,2017,51926.8175326939
Europe & Central Asia,ECS,2016,46350.9710187811
Europe & Central Asia,ECS,2015,43944.4511324686
Europe & Central Asia,ECS,2014,43950.9887118896
Europe & Central Asia,ECS,2013,42534.4820572535
Europe & Central Asia (excluding high income),ECA,2025,
Europe & Central Asia (excluding high income),ECA,2024,
Europe & Central Asia (excluding high income),ECA,2023,10187.610068838
Europe & Central Asia (excluding high income),ECA,2022,11687.5146139574
Europe & Central Asia (excluding high income),ECA,2021,12629.762558728
Europe & Central Asia (excluding high income),ECA,2020,8975.39858856
Europe & Central Asia (excluding high income),ECA,2019,8670.01842174313
Europe & Central Asia (excluding high income),ECA,2018,6249.296761544
Europe & Central Asia (excluding high income),ECA,2017,5124.778309146
Europe & Central Asia (excluding high income),ECA,2016,4436.04942354385
Europe & Central Asia (excluding high income),ECA,2015,3774.70016680818
Europe & Central Asia (excluding high income),ECA,2014,3205.38671307594
Europe & Central Asia (excluding high income),ECA,2013,2491.99200624933
Europe & Central Asia (IDA & IBRD countries),TEC,2025,
Europe & Central Asia (IDA & IBRD countries),TEC,2024,
Europe & Central Asia (IDA & IBRD countries),TEC,2023,11803.458758838
Europe & Central Asia (IDA & IBRD countries),TEC,2022,13006.0614539574
Europe & Central Asia (IDA & IBRD countries),TEC,2021,18735.015055728
Europe & Central Asia (IDA & IBRD countries),TEC,2020,13432.65047156
Europe & Central Asia (IDA & IBRD countries),TEC,2019,15473.9158017431
Europe & Central Asia (IDA & IBRD countries),TEC,2018,13336.009711544
Europe & Central Asia (IDA & IBRD countries),TEC,2017,12196.928029146
Europe & Central Asia (IDA & IBRD countries),TEC,2016,10461.4475351904
Europe & Central Asia (IDA & IBRD countries),TEC,2015,8657.56299868418
Europe & Central Asia (IDA & IBRD countries),TEC,2014,7747.78798165594
Europe & Central Asia (IDA & IBRD countries),TEC,2013,6847.36595902933
European Union,EUU,2025,
European Union,EUU,2024,
European Union,EUU,2023,34175.0390395104
European Union,EUU,2022,35042.905774526
European Union,EUU,2021,34449.730445731
European Union,EUU,2020,27300.7565480053
European Union,EUU,2019,32487.0026311868
European Union,EUU,2018,32723.3196496518
European Union,EUU,2017,32295.7002135479
European Union,EUU,2016,28880.7246255883
European Union,EUU,2015,28471.856739033
European Union,EUU,2014,28755.7275396056
European Union,EUU,2013,28221.6599030041
Heavily indebted poor countries (HIPC),HPC,2025,
Heavily indebted poor countries (HIPC),HPC,2024,
Heavily indebted poor countries (HIPC),HPC,2023,4252.0457917383
Heavily indebted poor countries (HIPC),HPC,2022,3976.27766137457
Heavily indebted poor countries (HIPC),HPC,2021,3889.374215814
Heavily indebted poor countries (HIPC),HPC,2020,
Heavily indebted poor countries (HIPC),HPC,2019,2628.86208256093
Heavily indebted poor countries (HIPC),HPC,2018,2251.87040227301
Heavily indebted poor countries (HIPC),HPC,2017,2232.62065745406
Heavily indebted poor countries (HIPC),HPC,2016,1656.10942148881
Heavily indebted poor countries (HIPC),HPC,2015,1409.54022344994
Heavily indebted poor countries (HIPC),HPC,2014,1205.64157289699
Heavily indebted poor countries (HIPC),HPC,2013,1105.34181598919
IBRD only,IBD,2025,
IBRD only,IBD,2024,
IBRD only,IBD,2023,53553.9560263441
IBRD only,IBD,2022,46123.507787613
IBRD only,IBD,2021,51225.806884745
IBRD only,IBD,2020,42886.445690109
IBRD only,IBD,2019,57456.5094574096
IBRD only,IBD,2018,56338.6350456218
IBRD only,IBD,2017,52244.6405489238
IBRD only,IBD,2016,46396.7532514164
IBRD only,IBD,2015,43786.6899017811
IBRD only,IBD,2014,42130.9072462905
IBRD only,IBD,2013,39139.9113554517
IDA & IBRD total,IBT,2025,
IDA & IBRD total,IBT,2024,
IDA & IBRD total,IBT,2023,59338.4457250416
IDA & IBRD total,IBT,2022,52392.6118868369
IDA & IBRD total,IBT,2021,56117.828558989
IDA & IBRD total,IBT,2020,46590.4616651191
IDA & IBRD total,IBT,2019,61404.6847456814
IDA & IBRD total,IBT,2018,59885.6339372007
IDA & IBRD total,IBT,2017,55754.8651449556
IDA & IBRD total,IBT,2016,49241.2309169665
IDA & IBRD total,IBT,2015,46345.7463173601
IDA & IBRD total,IBT,2014,44664.8023495325
IDA & IBRD total,IBT,2013,41697.299386573
IDA blend,IDB,2025,
IDA blend,IDB,2024,
IDA blend,IDB,2023,894.99627784
IDA blend,IDB,2022,857.921422889387
IDA blend,IDB,2021,485.93646728
IDA blend,IDB,2020,325.5022766
IDA blend,IDB,2019,771.541711819972
IDA blend,IDB,2018,802.464645338073
IDA blend,IDB,2017,808.278722031205
IDA blend,IDB,2016,715.756090372502
IDA blend,IDB,2015,697.430667784449
IDA blend,IDB,2014,728.79746978206
IDA blend,IDB,2013,837.34618137158
IDA only,IDX,2025,
IDA only,IDX,2024,
IDA only,IDX,2023,4889.4934208575
IDA only,IDX,2022,5411.18267633457
IDA only,IDX,2021,4406.085206964
IDA only,IDX,2020,3378.51369841016
IDA only,IDX,2019,3176.63357645185
IDA only,IDX,2018,2744.53424624076
IDA only,IDX,2017,2701.94587400056
IDA only,IDX,2016,2128.72157517758
IDA only,IDX,2015,1861.62574779456
IDA only,IDX,2014,1805.09763345992
IDA only,IDX,2013,1720.04184974971
IDA total,IDA,2025,
IDA total,IDA,2024,
IDA total,IDA,2023,5784.4896986975
IDA total,IDA,2022,6269.10409922396
IDA total,IDA,2021,4892.021674244
IDA total,IDA,2020,3704.01597501016
IDA total,IDA,2019,3948.17528827182
IDA total,IDA,2018,3546.99889157883
IDA total,IDA,2017,3510.22459603177
IDA total,IDA,2016,2844.47766555008
IDA total,IDA,2015,2559.05641557901
IDA total,IDA,2014,2533.89510324198
IDA total,IDA,2013,2557.38803112129
Late-demographic dividend,LTE,2025,
Late-demographic dividend,LTE,2024,
Late-demographic dividend,LTE,2023,68499.214173174
Late-demographic dividend,LTE,2022,60513.3037246
Late-demographic dividend,LTE,2021,69403.891250063
Late-demographic dividend,LTE,2020,58637.744946452
Late-demographic dividend,LTE,2019,72743.7152753891
Late-demographic dividend,LTE,2018,72680.864635143
Late-demographic dividend,LTE,2017,68899.2054689367
Late-demographic dividend,LTE,2016,63145.2590360195
Late-demographic dividend,LTE,2015,59497.1325417552
Late-demographic dividend,LTE,2014,55736.2626742275
Late-demographic dividend,LTE,2013,50908.6797352625
Latin America & Caribbean,LCN,2025,
Latin America & Caribbean,LCN,2024,
Latin America & Caribbean,LCN,2023,6767.731218849
Latin America & Caribbean,LCN,2022,7029.36803836
Latin America & Caribbean,LCN,2021,5783.07554266
Latin America & Caribbean,LCN,2020,5262.002892836
Latin America & Caribbean,LCN,2019,6283.61601152258
Latin America & Caribbean,LCN,2018,6374.18770479386
Latin America & Caribbean,LCN,2017,6056.98148858369
Latin America & Caribbean,LCN,2016,5688.79569881503
Latin America & Caribbean,LCN,2015,5806.7599891007
Latin America & Caribbean,LCN,2014,5994.18898204547
Latin America & Caribbean,LCN,2013,6050.69742639828
Latin America & Caribbean (excluding high income),LAC,2025,
Latin America & Caribbean (excluding high income),LAC,2024,
Latin America & Caribbean (excluding high income),LAC,2023,5053.445771249
Latin America & Caribbean (excluding high income),LAC,2022,4766.9151186
Latin America & Caribbean (excluding high income),LAC,2021,4287.96218966
Latin America & Caribbean (excluding high income),LAC,2020,3696.002318836
Latin America & Caribbean (excluding high income),LAC,2019,4897.99778
Latin America & Caribbean (excluding high income),LAC,2018,5030.37217858389
Latin America & Caribbean (excluding high income),LAC,2017,4724.76860555969
Latin America & Caribbean (excluding high income),LAC,2016,4093.41827071803
Latin America & Caribbean (excluding high income),LAC,2015,4239.7753022007
Latin America & Caribbean (excluding high income),LAC,2014,4250.28186010759
Latin America & Caribbean (excluding high income),LAC,2013,4331.74533829617
Latin America & the Caribbean (IDA & IBRD countries),TLA,2025,
Latin America & the Caribbean (IDA & IBRD countries),TLA,2024,
Latin America & the Caribbean (IDA & IBRD countries),TLA,2023,6743.998746249
Latin America & the Caribbean (IDA & IBRD countries),TLA,2022,7010.31423592
Latin America & the Caribbean (IDA & IBRD countries),TLA,2021,5760.75730066
Latin America & the Caribbean (IDA & IBRD countries),TLA,2020,5248.581138836
Latin America & the Caribbean (IDA & IBRD countries),TLA,2019,6269.90748652258
Latin America & the Caribbean (IDA & IBRD countries),TLA,2018,6356.42647479386
Latin America & the Caribbean (IDA & IBRD countries),TLA,2017,6009.04776855969
Latin America & the Caribbean (IDA & IBRD countries),TLA,2016,5662.617480661
Latin America & the Caribbean (IDA & IBRD countries),TLA,2015,5785.66761311358
Latin America & the Caribbean (IDA & IBRD countries),TLA,2014,5976.69952204547
Latin America & the Caribbean (IDA & IBRD countries),TLA,2013,6033.62214639829
Least developed countries: UN classification,LDC,2025,
Least developed countries: UN classification,LDC,2024,
Least developed countries: UN classification,LDC,2023,4485.1216610023
Least developed countries: UN classification,LDC,2022,5007.27316301457
Least developed countries: UN classification,LDC,2021,4015.943868494
Least developed countries: UN classification,LDC,2020,3173.10757741016
Least developed countries: UN classification,LDC,2019,2843.21978739075
Least developed countries: UN classification,LDC,2018,2379.27040461907
Least developed countries: UN classification,LDC,2017,2357.28876355656
Least developed countries: UN classification,LDC,2016,1754.54161000175
Least developed countries: UN classification,LDC,2015,1511.23216504686
Least developed countries: UN classification,LDC,2014,1476.08187931992
Least developed countries: UN classification,LDC,2013,1396.90736374971
Low & middle income,LMY,2025,
Low & middle income,LMY,2024,
Low & middle income,LMY,2023,56027.9290100416
Low & middle income,LMY,2022,48825.2982495169
Low & middle income,LMY,2021,48535.673161389
Low & middle income,LMY,2020,40577.1568521192
Low & middle income,LMY,2019,53225.2302601589
Low & middle income,LMY,2018,51455.2166689907
Low & middle income,LMY,2017,47361.4027713666
Low & middle income,LMY,2016,41617.022244918
Low & middle income,LMY,2015,39890.2507082672
Low & middle income,LMY,2014,38356.7447408935
Low & middle income,LMY,2013,35609.5717696909
"Middle East, North Africa, Afghanistan & Pakistan",MEA,2025,
"Middle East, North Africa, Afghanistan & Pakistan",MEA,2024,
"Middle East, North Africa, Afghanistan & Pakistan",MEA,2023,32219.3708729582
"Middle East, North Africa, Afghanistan & Pakistan",MEA,2022,31778.304163259
"Middle East, North Africa, Afghanistan & Pakistan",MEA,2021,34709.8148247478
"Middle East, North Africa, Afghanistan & Pakistan",MEA,2020,28403.575353467
"Middle East, North Africa, Afghanistan & Pakistan",MEA,2019,32883.0870908816
"Middle East, North Africa, Afghanistan & Pakistan",MEA,2018,33284.8978834197
"Middle East, North Africa, Afghanistan & Pakistan",MEA,2017,31814.2307980903
"Middle East, North Africa, Afghanistan & Pakistan",MEA,2016,28994.5742213129
"Middle East, North Africa, Afghanistan & Pakistan",MEA,2015,26985.1886336531
"Middle East, North Africa, Afghanistan & Pakistan",MEA,2014,25675.6471864869
"Middle East, North Africa, Afghanistan & Pakistan",MEA,2013,23487.2704729211
"Middle East, North Africa, Afghanistan & Pakistan (excluding high income)",MNA,2025,
"Middle East, North Africa, Afghanistan & Pakistan (excluding high income)",MNA,2024,
"Middle East, North Africa, Afghanistan & Pakistan (excluding high income)",MNA,2023,1307.8588522752
"Middle East, North Africa, Afghanistan & Pakistan (excluding high income)",MNA,2022,1136.044609579
"Middle East, North Africa, Afghanistan & Pakistan (excluding high income)",MNA,2021,1172.608854059
"Middle East, North Africa, Afghanistan & Pakistan (excluding high income)",MNA,2020,923.859185958
"Middle East, North Africa, Afghanistan & Pakistan (excluding high income)",MNA,2019,1195.64342842434
"Middle East, North Africa, Afghanistan & Pakistan (excluding high income)",MNA,2018,1246.3560374197
"Middle East, North Africa, Afghanistan & Pakistan (excluding high income)",MNA,2017,1309.54472609029
"Middle East, North Africa, Afghanistan & Pakistan (excluding high income)",MNA,2016,993.65845922487
"Middle East, North Africa, Afghanistan & Pakistan (excluding high income)",MNA,2015,1001.69723165307
"Middle East, North Africa, Afghanistan & Pakistan (excluding high income)",MNA,2014,1082.57872848687
"Middle East, North Africa, Afghanistan & Pakistan (excluding high income)",MNA,2013,1182.06469692112
"Middle East, North Africa, Afghanistan & Pakistan (IDA & IBRD)",TMN,2025,
"Middle East, North Africa, Afghanistan & Pakistan (IDA & IBRD)",TMN,2024,
"Middle East, North Africa, Afghanistan & Pakistan (IDA & IBRD)",TMN,2023,1307.8588522752
"Middle East, North Africa, Afghanistan & Pakistan (IDA & IBRD)",TMN,2022,1136.044609579
"Middle East, North Africa, Afghanistan & Pakistan (IDA & IBRD)",TMN,2021,1172.608854059
"Middle East, North Africa, Afghanistan & Pakistan (IDA & IBRD)",TMN,2020,923.859185958
"Middle East, North Africa, Afghanistan & Pakistan (IDA & IBRD)",TMN,2019,1195.64342842434
"Middle East, North Africa, Afghanistan & Pakistan (IDA & IBRD)",TMN,2018,1246.35603741971
"Middle East, North Africa, Afghanistan & Pakistan (IDA & IBRD)",TMN,2017,1309.54472609029
"Middle East, North Africa, Afghanistan & Pakistan (IDA & IBRD)",TMN,2016,993.65845922487
"Middle East, North Africa, Afghanistan & Pakistan (IDA & IBRD)",TMN,2015,1001.69723165307
"Middle East, North Africa, Afghanistan & Pakistan (IDA & IBRD)",TMN,2014,1082.57872848687
"Middle East, North Africa, Afghanistan & Pakistan (IDA & IBRD)",TMN,2013,1182.06469692112
Middle income,MIC,2025,
Middle income,MIC,2024,
Middle income,MIC,2023,51932.557345539
Middle income,MIC,2022,45026.6292838069
Middle income,MIC,2021,44768.23369198
Middle income,MIC,2020,37647.1037155956
Middle income,MIC,2019,50730.9695178625
Middle income,MIC,2018,49309.6824148343
Middle income,MIC,2017,45238.9460386488
Middle income,MIC,2016,40066.0140720039
Middle income,MIC,2015,38589.920303533
Middle income,MIC,2014,37296.5223440236
Middle income,MIC,2013,34649.4422776909
North America,NAC,2025,
North America,NAC,2024,
North America,NAC,2023,44799.265384
North America,NAC,2022,49070.417943
North America,NAC,2021,49244.645648
North America,NAC,2020,43099.261011
North America,NAC,2019,45607.3057204471
North America,NAC,2018,45467.299596
North America,NAC,2017,44432.5369020232
North America,NAC,2016,40904.1461365747
North America,NAC,2015,39941.055393067
North America,NAC,2014,40309.5142519445
North America,NAC,2013,39059.8645187503
OECD members,OED,2025,
OECD members,OED,2024,
OECD members,OED,2023,121065.612548442
OECD members,OED,2022,128944.026682909
OECD members,OED,2021,130953.836787414
OECD members,OED,2020,108805.261396371
OECD members,OED,2019,120004.13819971
OECD members,OED,2018,121294.710831925
OECD members,OED,2017,119062.866738259
OECD members,OED,2016,107845.219367117
OECD members,OED,2015,105433.689590116
OECD members,OED,2014,106118.338925017
OECD members,OED,2013,103103.632199101
Other small states,OSS,2025,
Other small states,OSS,2024,
Other small states,OSS,2023,
Other small states,OSS,2022,
Other small states,OSS,2021,
Other small states,OSS,2020,
Other small states,OSS,2019,485.164528
Other small states,OSS,2018,541.164397143
Other small states,OSS,2017,
Other small states,OSS,2016,
Other small states,OSS,2015,
Other small states,OSS,2014,
Other small states,OSS,2013,
Pacific island small states,PSS,2025,
Pacific island small states,PSS,2024,
Pacific island small states,PSS,2023,199.19901574
Pacific island small states,PSS,2022,134.04406054
Pacific island small states,PSS,2021,
Pacific island small states,PSS,2020,
Pacific island small states,PSS,2019,112.932789735584
Pacific island small states,PSS,2018,122.814762754
Pacific island small states,PSS,2017,116.167316581
Pacific island small states,PSS,2016,101.497829095
Pacific island small states,PSS,2015,96.8426294220511
Pacific island small states,PSS,2014,91.027332
Pacific island small states,PSS,2013,81.61638
Post-demographic dividend,PST,2025,
Post-demographic dividend,PST,2024,
Post-demographic dividend,PST,2023,122851.784059429
Post-demographic dividend,PST,2022,119129.154920739
Post-demographic dividend,PST,2021,129344.808273959
Post-demographic dividend,PST,2020,108164.319341828
Post-demographic dividend,PST,2019,126077.985092777
Post-demographic dividend,PST,2018,129850.796391201
Post-demographic dividend,PST,2017,126972.718363343
Post-demographic dividend,PST,2016,118019.946258475
Post-demographic dividend,PST,2015,115714.647861948
Post-demographic dividend,PST,2014,115940.754576008
Post-demographic dividend,PST,2013,112078.809874974
Pre-demographic dividend,PRE,2025,
Pre-demographic dividend,PRE,2024,
Pre-demographic dividend,PRE,2023,577.9198282583
Pre-demographic dividend,PRE,2022,772.326059308568
Pre-demographic dividend,PRE,2021,482.446571564
Pre-demographic dividend,PRE,2020,262.651820674164
Pre-demographic dividend,PRE,2019,544.967396425727
Pre-demographic dividend,PRE,2018,556.952250287786
Pre-demographic dividend,PRE,2017,527.298246221766
Pre-demographic dividend,PRE,2016,472.696685288613
Pre-demographic dividend,PRE,2015,475.149712061945
Pre-demographic dividend,PRE,2014,561.04178350106
Pre-demographic dividend,PRE,2013,635.006192170329
Small states,SST,2025,
Small states,SST,2024,
Small states,SST,2023,
Small states,SST,2022,
Small states,SST,2021,
Small states,SST,2020,
Small states,SST,2019,677.890982258167
Small states,SST,2018,738.712662106966
Small states,SST,2017,
Small states,SST,2016,
Small states,SST,2015,
Small states,SST,2014,
Small states,SST,2013,601.01694062
South Asia,SAS,2025,
South Asia,SAS,2024,
South Asia,SAS,2023,2231.224667084
South Asia,SAS,2022,2777.366704712
South Asia,SAS,2021,1423.5538067
South Asia,SAS,2020,1235.872594056
South Asia,SAS,2019,2507.109704625
South Asia,SAS,2018,3200.31542183
South Asia,SAS,2017,2880.1647065743
South Asia,SAS,2016,2363.36322651475
South Asia,SAS,2015,2283.44233275463
South Asia,SAS,2014,2449.29629814
South Asia,SAS,2013,2350.46378
South Asia (IDA & IBRD),TSA,2025,
South Asia (IDA & IBRD),TSA,2024,
South Asia (IDA & IBRD),TSA,2023,2231.224667084
South Asia (IDA & IBRD),TSA,2022,2777.366704712
South Asia (IDA & IBRD),TSA,2021,1423.5538067
South Asia (IDA & IBRD),TSA,2020,1235.872594056
South Asia (IDA & IBRD),TSA,2019,2507.109704625
South Asia (IDA & IBRD),TSA,2018,3200.31542183
South Asia (IDA & IBRD),TSA,2017,2880.1647065743
South Asia (IDA & IBRD),TSA,2016,2363.36322651475
South Asia (IDA & IBRD),TSA,2015,2283.44233275463
South Asia (IDA & IBRD),TSA,2014,2449.29629814
South Asia (IDA & IBRD),TSA,2013,2350.46378
Sub-Saharan Africa,SSF,2025,
Sub-Saharan Africa,SSF,2024,
Sub-Saharan Africa,SSF,2023,4828.6436714664
Sub-Saharan Africa,SSF,2022,4828.33637820857
Sub-Saharan Africa,SSF,2021,4294.639025182
Sub-Saharan Africa,SSF,2020,3317.40936916516
Sub-Saharan Africa,SSF,2019,3764.72627847081
Sub-Saharan Africa,SSF,2018,3566.45028380677
Sub-Saharan Africa,SSF,2017,3648.45307519279
Sub-Saharan Africa,SSF,2016,2910.25081981981
Sub-Saharan Africa,SSF,2015,2782.25324935773
Sub-Saharan Africa,SSF,2014,2793.43146386921
Sub-Saharan Africa,SSF,2013,2708.03517417033
Sub-Saharan Africa (excluding high income),SSA,2025,
Sub-Saharan Africa (excluding high income),SSA,2024,
Sub-Saharan Africa (excluding high income),SSA,2023,4827.4658114664
Sub-Saharan Africa (excluding high income),SSA,2022,4826.63357820857
Sub-Saharan Africa (excluding high income),SSA,2021,4293.841265182
Sub-Saharan Africa (excluding high income),SSA,2020,3316.65180916516
Sub-Saharan Africa (excluding high income),SSA,2019,3762.31858847081
Sub-Saharan Africa (excluding high income),SSA,2018,3558.65728380677
Sub-Saharan Africa (excluding high income),SSA,2017,3619.10807519279
Sub-Saharan Africa (excluding high income),SSA,2016,2890.12781981981
Sub-Saharan Africa (excluding high income),SSA,2015,2763.01825735773
Sub-Saharan Africa (excluding high income),SSA,2014,2761.12046786921
Sub-Saharan Africa (excluding high income),SSA,2013,2681.78918217033
Sub-Saharan Africa (IDA & IBRD countries),TSS,2025,
Sub-Saharan Africa (IDA & IBRD countries),TSS,2024,
Sub-Saharan Africa (IDA & IBRD countries),TSS,2023,4828.6436714664
Sub-Saharan Africa (IDA & IBRD countries),TSS,2022,4828.33637820857
Sub-Saharan Africa (IDA & IBRD countries),TSS,2021,4294.639025182
Sub-Saharan Africa (IDA & IBRD countries),TSS,2020,3317.40936916516
Sub-Saharan Africa (IDA & IBRD countries),TSS,2019,3764.72627847081
Sub-Saharan Africa (IDA & IBRD countries),TSS,2018,3566.45028380677
Sub-Saharan Africa (IDA & IBRD countries),TSS,2017,3648.45307519279
Sub-Saharan Africa (IDA & IBRD countries),TSS,2016,2910.25081981981
Sub-Saharan Africa (IDA & IBRD countries),TSS,2015,2782.25324935773
Sub-Saharan Africa (IDA & IBRD countries),TSS,2014,2793.4314638692
Sub-Saharan Africa (IDA & IBRD countries),TSS,2013,2708.03517417033
World,WLD,2025,
World,WLD,2024,
World,WLD,2023,213781.672499153
World,WLD,2022,202493.42146133
World,WLD,2021,219227.32846961
World,WLD,2020,182526.184876548
World,WLD,2019,219524.447845005
World,WLD,2018,222156.700779335
World,WLD,2017,213628.647172062
World,WLD,2016,195588.275094034
World,WLD,2015,188363.416312345
World,WLD,2014,185517.109461419
World,WLD,2013,176421.557813547
Afghanistan,AFG,2025,
Afghanistan,AFG,2024,
Afghanistan,AFG,2023,0.794172
Afghanistan,AFG,2022,2.444208
Afghanistan,AFG,2021,12.020124731
Afghanistan,AFG,2020,19.878902393
Afghanistan,AFG,2019,20.0142059549175
Afghanistan,AFG,2018,29.5593487980126
Afghanistan,AFG,2017,21.462556513
Afghanistan,AFG,2016,29.010880897
Afghanistan,AFG,2015,33.102038592
Afghanistan,AFG,2014,34.283472
Afghanistan,AFG,2013,84.621216
Albania,ALB,2025,
Albania,ALB,2024,
Albania,ALB,2023,
Albania,ALB,2022,
Albania,ALB,2021,
Albania,ALB,2020,
Albania,ALB,2019,0.0
Albania,ALB,2018,0.0
Albania,ALB,2017,
Albania,ALB,2016,
Albania,ALB,2015,
Albania,ALB,2014,
Albania,ALB,2013,0.0
Algeria,DZA,2025,
Algeria,DZA,2024,
Algeria,DZA,2023,8.583081
Algeria,DZA,2022,9.763907999
Algeria,DZA,2021,12.694836
Algeria,DZA,2020,15.638799
Algeria,DZA,2019,25.641745
Algeria,DZA,2018,28.28048
Algeria,DZA,2017,24.80375
Algeria,DZA,2016,21.591025
Algeria,DZA,2015,21.9016451671492
Algeria,DZA,2014,21.6623331878
Algeria,DZA,2013,17.5024186277313
American Samoa,ASM,2025,
American Samoa,ASM,2024,
American Samoa,ASM,2023,
American Samoa,ASM,2022,
American Samoa,ASM,2021,
American Samoa,ASM,2020,
American Samoa,ASM,2019,
American Samoa,ASM,2018,
American Samoa,ASM,2017,
American Samoa,ASM,2016,
American Samoa,ASM,2015,
American Samoa,ASM,2014,0.011652
American Samoa,ASM,2013,0.010932
Andorra,AND,2025,
Andorra,AND,2024,
Andorra,AND,2023,
Andorra,AND,2022,
Andorra,AND,2021,
Andorra,AND,2020,
Andorra,AND,2019,
Andorra,AND,2018,
Andorra,AND,2017,
Andorra,AND,2016,
Andorra,AND,2015,
Andorra,AND,2014,
Andorra,AND,2013,
Angola,AGO,2025,
Angola,AGO,2024,
Angola,AGO,2023,70.707651
Angola,AGO,2022,60.34331
Angola,AGO,2021,31.03638
Angola,AGO,2020,28.89977
Angola,AGO,2019,68.04358
Angola,AGO,2018,78.15964
Angola,AGO,2017,67.32035
Angola,AGO,2016,43.940435
Angola,AGO,2015,46.043
Angola,AGO,2014,65.517
Angola,AGO,2013,70.431
Antigua and Barbuda,ATG,2025,
Antigua and Barbuda,ATG,2024,
Antigua and Barbuda,ATG,2023,
Antigua and Barbuda,ATG,2022,0.701661
Antigua and Barbuda,ATG,2021,
Antigua and Barbuda,ATG,2020,
Antigua and Barbuda,ATG,2019,0.18092731080894
Antigua and Barbuda,ATG,2018,0.29449120996578
Antigua and Barbuda,ATG,2017,0.322269
Antigua and Barbuda,ATG,2016,0.54918681
Antigua and Barbuda,ATG,2015,0.52654536
Antigua and Barbuda,ATG,2014,0.591624
Antigua and Barbuda,ATG,2013,0.592524
Argentina,ARG,2025,
Argentina,ARG,2024,
Argentina,ARG,2023,136.4759
Argentina,ARG,2022,130.623464
Argentina,ARG,2021,88.267613
Argentina,ARG,2020,81.12423
Argentina,ARG,2019,280.283172
Argentina,ARG,2018,311.720805
Argentina,ARG,2017,305.102
Argentina,ARG,2016,254.181413504
Argentina,ARG,2015,243.7725665
Argentina,ARG,2014,261.60894
Argentina,ARG,2013,268.710767897573
Armenia,ARM,2025,
Armenia,ARM,2024,
Armenia,ARM,2023,15.680592
Armenia,ARM,2022,2.381267
Armenia,ARM,2021,1.347896
Armenia,ARM,2020,0.11692
Armenia,ARM,2019,0.3265
Armenia,ARM,2018,0.0
Armenia,ARM,2017,
Armenia,ARM,2016,
Armenia,ARM,2015,
Armenia,ARM,2014,0.0
Armenia,ARM,2013,0.999996
Aruba,ABW,2025,
Aruba,ABW,2024,
Aruba,ABW,2023,
Aruba,ABW,2022,
Aruba,ABW,2021,
Aruba,ABW,2020,
Aruba,ABW,2019,
Aruba,ABW,2018,
Aruba,ABW,2017,
Aruba,ABW,2016,
Aruba,ABW,2015,
Aruba,ABW,2014,
Aruba,ABW,2013,
Australia,AUS,2025,
Australia,AUS,2024,
Australia,AUS,2023,1188.14685942814
Australia,AUS,2022,1196.58506186
Australia,AUS,2021,1244.7647
Australia,AUS,2020,1316.50942
Australia,AUS,2019,1931.1555305
Australia,AUS,2018,2027.63710989603
Australia,AUS,2017,1982.586170817
Australia,AUS,2016,1868.73262766
Australia,AUS,2015,1907.05190944687
Australia,AUS,2014,1925.77200862967
Australia,AUS,2013,1984.693734
Austria,AUT,2025,
Austria,AUT,2024,
Austria,AUT,2023,207.835176
Austria,AUT,2022,205.311831
Austria,AUT,2021,125.155714
Austria,AUT,2020,74.560823
Austria,AUT,2019,320.036527
Austria,AUT,2018,373.511
Austria,AUT,2017,391.268
Austria,AUT,2016,387.739
Austria,AUT,2015,351.379
Austria,AUT,2014,369.955
Austria,AUT,2013,326.399
Azerbaijan,AZE,2025,
Azerbaijan,AZE,2024,
Azerbaijan,AZE,2023,1434.48067
Azerbaijan,AZE,2022,2853.2951
Azerbaijan,AZE,2021,3173.72377
Azerbaijan,AZE,2020,2030.37809
Azerbaijan,AZE,2019,1620.43791
Azerbaijan,AZE,2018,44.0886
Azerbaijan,AZE,2017,61.6255
Azerbaijan,AZE,2016,732.789755
Azerbaijan,AZE,2015,686.94149
Azerbaijan,AZE,2014,385.14865
Azerbaijan,AZE,2013,17.9216
"Bahamas, The",BHS,2025,
"Bahamas, The",BHS,2024,
"Bahamas, The",BHS,2023,18.5711226
"Bahamas, The",BHS,2022,15.83292024
"Bahamas, The",BHS,2021,
"Bahamas, The",BHS,2020,
"Bahamas, The",BHS,2019,0.0
"Bahamas, The",BHS,2018,0.0
"Bahamas, The",BHS,2017,0.173580024
"Bahamas, The",BHS,2016,0.17480365
"Bahamas, The",BHS,2015,0.17273088
"Bahamas, The",BHS,2014,0.176256
"Bahamas, The",BHS,2013,0.145272
Bahrain,BHR,2025,
Bahrain,BHR,2024,
Bahrain,BHR,2023,895.44023
Bahrain,BHR,2022,899.09347
Bahrain,BHR,2021,523.2992
Bahrain,BHR,2020,191.96251
Bahrain,BHR,2019,311.15413
Bahrain,BHR,2018,420.98375
Bahrain,BHR,2017,390.39
Bahrain,BHR,2016,387.310813088
Bahrain,BHR,2015,240.107004
Bahrain,BHR,2014,258.367992
Bahrain,BHR,2013,265.615452
Bangladesh,BGD,2025,
Bangladesh,BGD,2024,
Bangladesh,BGD,2023,98.850129524
Bangladesh,BGD,2022,933.42104484
Bangladesh,BGD,2021,83.737427
Bangladesh,BGD,2020,117.785203056
Bangladesh,BGD,2019,168.660713625
Bangladesh,BGD,2018,50.616612
Bangladesh,BGD,2017,61.74997781
Bangladesh,BGD,2016,53.97916179
Bangladesh,BGD,2015,57.0095471847824
Bangladesh,BGD,2014,207.73842
Bangladesh,BGD,2013,225.1869
Barbados,BRB,2025,
Barbados,BRB,2024,
Barbados,BRB,2023,
Barbados,BRB,2022,
Barbados,BRB,2021,
Barbados,BRB,2020,
Barbados,BRB,2019,
Barbados,BRB,2018,
Barbados,BRB,2017,
Barbados,BRB,2016,
Barbados,BRB,2015,
Barbados,BRB,2014,
Barbados,BRB,2013,
Belarus,BLR,2025,
Belarus,BLR,2024,
Belarus,BLR,2023,5.5725
Belarus,BLR,2022,5.0069
Belarus,BLR,2021,2.2573
Belarus,BLR,2020,1.882857
Belarus,BLR,2019,2.8839
Belarus,BLR,2018,1.9004
Belarus,BLR,2017,1.9151
Belarus,BLR,2016,1.266
Belarus,BLR,2015,1.807
Belarus,BLR,2014,1.821996
Belarus,BLR,2013,1.695996
Belgium,BEL,2025,
Belgium,BEL,2024,
Belgium,BEL,2023,1831.4766060564
Belgium,BEL,2022,1687.38336494
Belgium,BEL,2021,1827.413026121
Belgium,BEL,2020,1265.065943534
Belgium,BEL,2019,1353.426977272
Belgium,BEL,2018,1285.344187
Belgium,BEL,2017,1574.378609
Belgium,BEL,2016,1505.4059084
Belgium,BEL,2015,1479.9763156
Belgium,BEL,2014,1596.3044
Belgium,BEL,2013,1560.81076
Belize,BLZ,2025,
Belize,BLZ,2024,
Belize,BLZ,2023,3.44778828
Belize,BLZ,2022,3.3824544
Belize,BLZ,2021,
Belize,BLZ,2020,
Belize,BLZ,2019,0.0
Belize,BLZ,2018,0.0
Belize,BLZ,2017,3.746059438
Belize,BLZ,2016,2.689022193
Belize,BLZ,2015,2.463420011
Belize,BLZ,2014,3.00429486
Belize,BLZ,2013,1.19620662
Benin,BEN,2025,
Benin,BEN,2024,
Benin,BEN,2023,
Benin,BEN,2022,
Benin,BEN,2021,
Benin,BEN,2020,
Benin,BEN,2019,
Benin,BEN,2018,
Benin,BEN,2017,
Benin,BEN,2016,0.006442778
Benin,BEN,2015,0.805347336
Benin,BEN,2014,0.553884
Benin,BEN,2013,1.265124
Bermuda,BMU,2025,
Bermuda,BMU,2024,
Bermuda,BMU,2023,
Bermuda,BMU,2022,
Bermuda,BMU,2021,
Bermuda,BMU,2020,
Bermuda,BMU,2019,
Bermuda,BMU,2018,
Bermuda,BMU,2017,
Bermuda,BMU,2016,
Bermuda,BMU,2015,
Bermuda,BMU,2014,
Bermuda,BMU,2013,
Bhutan,BTN,2025,
Bhutan,BTN,2024,
Bhutan,BTN,2023,0.501684
Bhutan,BTN,2022,7.33702986
Bhutan,BTN,2021,0.358154
Bhutan,BTN,2020,0.510072
Bhutan,BTN,2019,0.318844
Bhutan,BTN,2018,0.690916
Bhutan,BTN,2017,0.530672
Bhutan,BTN,2016,0.65910068
Bhutan,BTN,2015,0.538041372
Bhutan,BTN,2014,0.922884
Bhutan,BTN,2013,0.635292
Bolivia,BOL,2025,
Bolivia,BOL,2024,
Bolivia,BOL,2023,19.89050384
Bolivia,BOL,2022,20.720432
Bolivia,BOL,2021,20.27706066
Bolivia,BOL,2020,17.95563766
Bolivia,BOL,2019,22.980404
Bolivia,BOL,2018,13.7284774028928
Bolivia,BOL,2017,9.48554381985556
Bolivia,BOL,2016,9.008756313
Bolivia,BOL,2015,9.93479748637544
Bolivia,BOL,2014,8.78072557707694
Bolivia,BOL,2013,7.993202
Bosnia and Herzegovina,BIH,2025,
Bosnia and Herzegovina,BIH,2024,
Bosnia and Herzegovina,BIH,2023,
Bosnia and Herzegovina,BIH,2022,
Bosnia and Herzegovina,BIH,2021,
Bosnia and Herzegovina,BIH,2020,
Bosnia and Herzegovina,BIH,2019,0.0
Bosnia and Herzegovina,BIH,2018,0.0
Bosnia and Herzegovina,BIH,2017,
Bosnia and Herzegovina,BIH,2016,
Bosnia and Herzegovina,BIH,2015,8.7e-05
Bosnia and Herzegovina,BIH,2014,0.000408
Bosnia and Herzegovina,BIH,2013,0.000528
Botswana,BWA,2025,
Botswana,BWA,2024,
Botswana,BWA,2023,0.282
Botswana,BWA,2022,0.049842
Botswana,BWA,2021,0.063317
Botswana,BWA,2020,
Botswana,BWA,2019,0.675495
Botswana,BWA,2018,0.113606
Botswana,BWA,2017,0.14564
Botswana,BWA,2016,
Botswana,BWA,2015,
Botswana,BWA,2014,0.107736
Botswana,BWA,2013,0.141492
Brazil,BRA,2025,
Brazil,BRA,2024,
Brazil,BRA,2023,1387.08273
Brazil,BRA,2022,1433.9491
Brazil,BRA,2021,1294.48671
Brazil,BRA,2020,1209.70683
Brazil,BRA,2019,1521.14944
Brazil,BRA,2018,1845.64776
Brazil,BRA,2017,1736.549227
Brazil,BRA,2016,1513.832873341
Brazil,BRA,2015,1493.939
Brazil,BRA,2014,1596.774
Brazil,BRA,2013,1637.382
British Virgin Islands,VGB,2025,
British Virgin Islands,VGB,2024,
British Virgin Islands,VGB,2023,
British Virgin Islands,VGB,2022,
British Virgin Islands,VGB,2021,
British Virgin Islands,VGB,2020,
British Virgin Islands,VGB,2019,
British Virgin Islands,VGB,2018,
British Virgin Islands,VGB,2017,
British Virgin Islands,VGB,2016,
British Virgin Islands,VGB,2015,
British Virgin Islands,VGB,2014,
British Virgin Islands,VGB,2013,
Brunei Darussalam,BRN,2025,
Brunei Darussalam,BRN,2024,
Brunei Darussalam,BRN,2023,45.91011
Brunei Darussalam,BRN,2022,30.667
Brunei Darussalam,BRN,2021,23.07942
Brunei Darussalam,BRN,2020,40.227
Brunei Darussalam,BRN,2019,122.45694
Brunei Darussalam,BRN,2018,129.352
Brunei Darussalam,BRN,2017,132.612
Brunei Darussalam,BRN,2016,124.259
Brunei Darussalam,BRN,2015,115.147
Brunei Darussalam,BRN,2014,115.389
Brunei Darussalam,BRN,2013,127.595004
Bulgaria,BGR,2025,
Bulgaria,BGR,2024,
Bulgaria,BGR,2023,0.626
Bulgaria,BGR,2022,0.86071
Bulgaria,BGR,2021,0.058087
Bulgaria,BGR,2020,1.022
Bulgaria,BGR,2019,1.257
Bulgaria,BGR,2018,1.375
Bulgaria,BGR,2017,1.71896
Bulgaria,BGR,2016,1.76924764650873
Bulgaria,BGR,2015,1.53095
Bulgaria,BGR,2014,1.722
Bulgaria,BGR,2013,1.731
Burkina Faso,BFA,2025,
Burkina Faso,BFA,2024,
Burkina Faso,BFA,2023,1.4746
Burkina Faso,BFA,2022,0.047313
Burkina Faso,BFA,2021,0.115892
Burkina Faso,BFA,2020,
Burkina Faso,BFA,2019,0.04808
Burkina Faso,BFA,2018,0.104614
Burkina Faso,BFA,2017,0.022108182
Burkina Faso,BFA,2016,0.022020102
Burkina Faso,BFA,2015,0.055868736
Burkina Faso,BFA,2014,0.05088
Burkina Faso,BFA,2013,0.062208
Burundi,BDI,2025,
Burundi,BDI,2024,
Burundi,BDI,2023,
Burundi,BDI,2022,
Burundi,BDI,2021,
Burundi,BDI,2020,
Burundi,BDI,2019,
Burundi,BDI,2018,
Burundi,BDI,2017,
Burundi,BDI,2016,
Burundi,BDI,2015,
Burundi,BDI,2014,
Burundi,BDI,2013,
Cabo Verde,CPV,2025,
Cabo Verde,CPV,2024,
Cabo Verde,CPV,2023,0.094055
Cabo Verde,CPV,2022,0.0299871
Cabo Verde,CPV,2021,0.016159056
Cabo Verde,CPV,2020,0.031316
Cabo Verde,CPV,2019,0.049965
Cabo Verde,CPV,2018,0.048636
Cabo Verde,CPV,2017,
Cabo Verde,CPV,2016,
Cabo Verde,CPV,2015,
Cabo Verde,CPV,2014,1.882368
Cabo Verde,CPV,2013,1.941924
Cambodia,KHM,2025,
Cambodia,KHM,2024,
Cambodia,KHM,2023,2.441464
Cambodia,KHM,2022,4.0637916
Cambodia,KHM,2021,
Cambodia,KHM,2020,
Cambodia,KHM,2019,0.68860716
Cambodia,KHM,2018,0.67645
Cambodia,KHM,2017,0.876
Cambodia,KHM,2016,1.441695
Cambodia,KHM,2015,2.30126
Cambodia,KHM,2014,1.75384
Cambodia,KHM,2013,1.07095376052747
Cameroon,CMR,2025,
Cameroon,CMR,2024,
Cameroon,CMR,2023,0.017701
Cameroon,CMR,2022,0.020147
Cameroon,CMR,2021,0.026099
Cameroon,CMR,2020,0.024731
Cameroon,CMR,2019,0.031566
Cameroon,CMR,2018,0.066817
Cameroon,CMR,2017,
Cameroon,CMR,2016,
Cameroon,CMR,2015,
Cameroon,CMR,2014,
Cameroon,CMR,2013,0.0
Canada,CAN,2025,
Canada,CAN,2024,
Canada,CAN,2023,2036.406681
Canada,CAN,2022,3097.628821
Canada,CAN,2021,3240.0
Canada,CAN,2020,2306.166349
Canada,CAN,2019,3109.04305844707
Canada,CAN,2018,2482.0
Canada,CAN,2017,2840.9851350232
Canada,CAN,2016,2246.22709557467
Canada,CAN,2015,2074.830881067
Canada,CAN,2014,2084.318163
Canada,CAN,2013,1946.30559714895
Cayman Islands,CYM,2025,
Cayman Islands,CYM,2024,
Cayman Islands,CYM,2023,
Cayman Islands,CYM,2022,
Cayman Islands,CYM,2021,
Cayman Islands,CYM,2020,
Cayman Islands,CYM,2019,
Cayman Islands,CYM,2018,
Cayman Islands,CYM,2017,
Cayman Islands,CYM,2016,
Cayman Islands,CYM,2015,
Cayman Islands,CYM,2014,
Cayman Islands,CYM,2013,
Central African Republic,CAF,2025,
Central African Republic,CAF,2024,
Central African Republic,CAF,2023,
Central African Republic,CAF,2022,
Central African Republic,CAF,2021,
Central African Republic,CAF,2020,
Central African Republic,CAF,2019,
Central African Republic,CAF,2018,
Central African Republic,CAF,2017,
Central African Republic,CAF,2016,
Central African Republic,CAF,2015,
Central African Republic,CAF,2014,
Central African Republic,CAF,2013,
Chad,TCD,2025,
Chad,TCD,2024,
Chad,TCD,2023,
Chad,TCD,2022,
Chad,TCD,2021,
Chad,TCD,2020,
Chad,TCD,2019,
Chad,TCD,2018,
Chad,TCD,2017,
Chad,TCD,2016,
Chad,TCD,2015,
Chad,TCD,2014,0.471912
Chad,TCD,2013,0.456396
Channel Islands,CHI,2025,
Channel Islands,CHI,2024,
Channel Islands,CHI,2023,
Channel Islands,CHI,2022,
Channel Islands,CHI,2021,
Channel Islands,CHI,2020,
Channel Islands,CHI,2019,
Channel Islands,CHI,2018,
Channel Islands,CHI,2017,
Channel Islands,CHI,2016,
Channel Islands,CHI,2015,
Channel Islands,CHI,2014,
Channel Islands,CHI,2013,
Chile,CHL,2025,
Chile,CHL,2024,
Chile,CHL,2023,1499.03535
Chile,CHL,2022,2017.92232
Chile,CHL,2021,1283.99841
Chile,CHL,2020,1458.39578
Chile,CHL,2019,1232.41109
Chile,CHL,2018,1226.44199
Chile,CHL,2017,1237.960141
Chile,CHL,2016,1441.23
Chile,CHL,2015,1392.236
Chile,CHL,2014,1553.479
Chile,CHL,2013,1512.319
China,CHN,2025,
China,CHN,2024,
China,CHN,2023,26170.3716
China,CHN,2022,18964.4442
China,CHN,2021,20961.2116
China,CHN,2020,19264.2436
China,CHN,2019,25394.5878
China,CHN,2018,25256.2071
China,CHN,2017,23323.6147
China,CHN,2016,21304.5851
China,CHN,2015,19805.63
China,CHN,2014,17822.581
China,CHN,2013,16053.7331
Colombia,COL,2025,
Colombia,COL,2024,
Colombia,COL,2023,1936.477467333
Colombia,COL,2022,1730.409
Colombia,COL,2021,1605.222381
Colombia,COL,2020,1496.604491452
Colombia,COL,2019,1547.674684
Colombia,COL,2018,1350.008974
Colombia,COL,2017,1273.568638
Colombia,COL,2016,1142.854709203
Colombia,COL,2015,1316.795809466
Colombia,COL,2014,1315.40395631937
Colombia,COL,2013,1222.15686718904
Comoros,COM,2025,
Comoros,COM,2024,
Comoros,COM,2023,
Comoros,COM,2022,
Comoros,COM,2021,
Comoros,COM,2020,
Comoros,COM,2019,
Comoros,COM,2018,
Comoros,COM,2017,
Comoros,COM,2016,
Comoros,COM,2015,
Comoros,COM,2014,
Comoros,COM,2013,
"Congo, Dem. Rep.",COD,2025,
"Congo, Dem. Rep.",COD,2024,
"Congo, Dem. Rep.",COD,2023,0.4797615474
"Congo, Dem. Rep.",COD,2022,1.0971708
"Congo, Dem. Rep.",COD,2021,0.948713924
"Congo, Dem. Rep.",COD,2020,0.962586878523834
"Congo, Dem. Rep.",COD,2019,0.7512
"Congo, Dem. Rep.",COD,2018,0.915105
"Congo, Dem. Rep.",COD,2017,0.228606
"Congo, Dem. Rep.",COD,2016,0.058456882
"Congo, Dem. Rep.",COD,2015,0.0858397685950413
"Congo, Dem. Rep.",COD,2014,0.084444
"Congo, Dem. Rep.",COD,2013,0.081984
"Congo, Rep.",COG,2025,
"Congo, Rep.",COG,2024,
"Congo, Rep.",COG,2023,
"Congo, Rep.",COG,2022,
"Congo, Rep.",COG,2021,
"Congo, Rep.",COG,2020,
"Congo, Rep.",COG,2019,4.15110874340146
"Congo, Rep.",COG,2018,4.59716061898045
"Congo, Rep.",COG,2017,4.59716061898045
"Congo, Rep.",COG,2016,4.52411089880374
"Congo, Rep.",COG,2015,4.36693937329617
"Congo, Rep.",COG,2014,1.992936
"Congo, Rep.",COG,2013,2.384004
Costa Rica,CRI,2025,
Costa Rica,CRI,2024,
Costa Rica,CRI,2023,7.1761
Costa Rica,CRI,2022,7.23739652
Costa Rica,CRI,2021,2.16644
Costa Rica,CRI,2020,1.613892
Costa Rica,CRI,2019,10.8
Costa Rica,CRI,2018,11.13032
Costa Rica,CRI,2017,10.552031
Costa Rica,CRI,2016,6.027344
Costa Rica,CRI,2015,9.28416
Costa Rica,CRI,2014,11.8182973850146
Costa Rica,CRI,2013,13.537781
Cote d'Ivoire,CIV,2025,
Cote d'Ivoire,CIV,2024,
Cote d'Ivoire,CIV,2023,3.098073
Cote d'Ivoire,CIV,2022,3.83294
Cote d'Ivoire,CIV,2021,4.028365
Cote d'Ivoire,CIV,2020,4.317833
Cote d'Ivoire,CIV,2019,9.166862
Cote d'Ivoire,CIV,2018,4.16026898442412
Cote d'Ivoire,CIV,2017,5.41940666666667
Cote d'Ivoire,CIV,2016,1.20223033825879
Cote d'Ivoire,CIV,2015,0.983368072842825
Cote d'Ivoire,CIV,2014,4.71912
Cote d'Ivoire,CIV,2013,4.563948
Croatia,HRV,2025,
Croatia,HRV,2024,
Croatia,HRV,2023,0.14608
Croatia,HRV,2022,0.19011
Croatia,HRV,2021,0.14853
Croatia,HRV,2020,0.17935
Croatia,HRV,2019,0.4406
Croatia,HRV,2018,0.52979
Croatia,HRV,2017,0.58275
Croatia,HRV,2016,0.65658
Croatia,HRV,2015,0.77532
Croatia,HRV,2014,0.97639
Croatia,HRV,2013,1.47223
Cuba,CUB,2025,
Cuba,CUB,2024,
Cuba,CUB,2023,5.16135
Cuba,CUB,2022,3.2208822
Cuba,CUB,2021,22.318242
Cuba,CUB,2020,13.421754
Cuba,CUB,2019,13.708525
Cuba,CUB,2018,17.76123
Cuba,CUB,2017,47.76014
Cuba,CUB,2016,26.0034145040302
Cuba,CUB,2015,20.9196451071138
Cuba,CUB,2014,17.313204
Cuba,CUB,2013,16.930008
Curacao,CUW,2025,
Curacao,CUW,2024,
Curacao,CUW,2023,
Curacao,CUW,2022,
Curacao,CUW,2021,
Curacao,CUW,2020,
Curacao,CUW,2019,
Curacao,CUW,2018,
Curacao,CUW,2017,
Curacao,CUW,2016,
Curacao,CUW,2015,
Curacao,CUW,2014,
Curacao,CUW,2013,
Cyprus,CYP,2025,
Cyprus,CYP,2024,
Cyprus,CYP,2023,0.369485
Cyprus,CYP,2022,0.166
Cyprus,CYP,2021,0.105655573
Cyprus,CYP,2020,0.328962
Cyprus,CYP,2019,0.14
Cyprus,CYP,2018,0.021
Cyprus,CYP,2017,0.34031950189
Cyprus,CYP,2016,0.285895446767606
Cyprus,CYP,2015,0.23060058
Cyprus,CYP,2014,6.588588
Cyprus,CYP,2013,11.592996
Czechia,CZE,2025,
Czechia,CZE,2024,
Czechia,CZE,2023,0.040745454
Czechia,CZE,2022,0.08832
Czechia,CZE,2021,0.47308
Czechia,CZE,2020,4.323665454
Czechia,CZE,2019,22.73254
Czechia,CZE,2018,25.22637
Czechia,CZE,2017,27.81465
Czechia,CZE,2016,25.294469
Czechia,CZE,2015,26.71765
Czechia,CZE,2014,30.81553
Czechia,CZE,2013,19.929
Denmark,DNK,2025,
Denmark,DNK,2024,
Denmark,DNK,2023,
Denmark,DNK,2022,
Denmark,DNK,2021,
Denmark,DNK,2020,
Denmark,DNK,2019,
Denmark,DNK,2018,
Denmark,DNK,2017,
Denmark,DNK,2016,
Denmark,DNK,2015,
Denmark,DNK,2014,
Denmark,DNK,2013,
Djibouti,DJI,2025,
Djibouti,DJI,2024,
Djibouti,DJI,2023,
Djibouti,DJI,2022,
Djibouti,DJI,2021,
Djibouti,DJI,2020,
Djibouti,DJI,2019,
Djibouti,DJI,2018,
Djibouti,DJI,2017,
Djibouti,DJI,2016,
Djibouti,DJI,2015,
Djibouti,DJI,2014,
Djibouti,DJI,2013,
Dominica,DMA,2025,
Dominica,DMA,2024,
Dominica,DMA,2023,
Dominica,DMA,2022,
Dominica,DMA,2021,
Dominica,DMA,2020,
Dominica,DMA,2019,
Dominica,DMA,2018,
Dominica,DMA,2017,
Dominica,DMA,2016,
Dominica,DMA,2015,
Dominica,DMA,2014,
Dominica,DMA,2013,
Dominican Republic,DOM,2025,
Dominican Republic,DOM,2024,
Dominican Republic,DOM,2023,
Dominican Republic,DOM,2022,
Dominican Republic,DOM,2021,
Dominican Republic,DOM,2020,
Dominican Republic,DOM,2019,0.0
Dominican Republic,DOM,2018,0.0
Dominican Republic,DOM,2017,
Dominican Republic,DOM,2016,
Dominican Republic,DOM,2015,
Dominican Republic,DOM,2014,
Dominican Republic,DOM,2013,0.0
Ecuador,ECU,2025,
Ecuador,ECU,2024,
Ecuador,ECU,2023,120.00972
Ecuador,ECU,2022,9.09828
Ecuador,ECU,2021,4.29491
Ecuador,ECU,2020,10.604353816
Ecuador,ECU,2019,50.80511
Ecuador,ECU,2018,64.20469
Ecuador,ECU,2017,57.68029
Ecuador,ECU,2016,60.17416
Ecuador,ECU,2015,64.037777
Ecuador,ECU,2014,82.101
Ecuador,ECU,2013,112.059962
"Egypt, Arab Rep.",EGY,2025,
"Egypt, Arab Rep.",EGY,2024,
"Egypt, Arab Rep.",EGY,2023,492.65497
"Egypt, Arab Rep.",EGY,2022,512.368573
"Egypt, Arab Rep.",EGY,2021,589.483009
"Egypt, Arab Rep.",EGY,2020,438.908903264
"Egypt, Arab Rep.",EGY,2019,483.4138791
"Egypt, Arab Rep.",EGY,2018,437.625328
"Egypt, Arab Rep.",EGY,2017,403.828739
"Egypt, Arab Rep.",EGY,2016,374.357162291
"Egypt, Arab Rep.",EGY,2015,377.360014527
"Egypt, Arab Rep.",EGY,2014,418.691607425321
"Egypt, Arab Rep.",EGY,2013,386.683474639046
El Salvador,SLV,2025,
El Salvador,SLV,2024,
El Salvador,SLV,2023,27.80159
El Salvador,SLV,2022,12.21965
El Salvador,SLV,2021,11.25641
El Salvador,SLV,2020,7.144167272
El Salvador,SLV,2019,13.107
El Salvador,SLV,2018,10.73322
El Salvador,SLV,2017,13.765785
El Salvador,SLV,2016,13.155752
El Salvador,SLV,2015,13.873884
El Salvador,SLV,2014,16.40872
El Salvador,SLV,2013,15.65233
Equatorial Guinea,GNQ,2025,
Equatorial Guinea,GNQ,2024,
Equatorial Guinea,GNQ,2023,0.79992
Equatorial Guinea,GNQ,2022,2.358102
Equatorial Guinea,GNQ,2021,
Equatorial Guinea,GNQ,2020,2.781249
Equatorial Guinea,GNQ,2019,0.288954
Equatorial Guinea,GNQ,2018,0.0
Equatorial Guinea,GNQ,2017,0.418783315
Equatorial Guinea,GNQ,2016,0.358277746
Equatorial Guinea,GNQ,2015,0.46165020845874
Equatorial Guinea,GNQ,2014,0.31788
Equatorial Guinea,GNQ,2013,0.36126
Eritrea,ERI,2025,
Eritrea,ERI,2024,
Eritrea,ERI,2023,
Eritrea,ERI,2022,
Eritrea,ERI,2021,
Eritrea,ERI,2020,
Eritrea,ERI,2019,0.0
Eritrea,ERI,2018,0.0
Eritrea,ERI,2017,
Eritrea,ERI,2016,
Eritrea,ERI,2015,
Eritrea,ERI,2014,
Eritrea,ERI,2013,
Estonia,EST,2025,
Estonia,EST,2024,
Estonia,EST,2023,
Estonia,EST,2022,
Estonia,EST,2021,
Estonia,EST,2020,
Estonia,EST,2019,0.0
Estonia,EST,2018,0.0
Estonia,EST,2017,
Estonia,EST,2016,0.003
Estonia,EST,2015,0.870362136
Estonia,EST,2014,0.900996
Estonia,EST,2013,0.108996
Eswatini,SWZ,2025,
Eswatini,SWZ,2024,
Eswatini,SWZ,2023,
Eswatini,SWZ,2022,0.029225
Eswatini,SWZ,2021,0.037413
Eswatini,SWZ,2020,0.015399
Eswatini,SWZ,2019,0.043615
Eswatini,SWZ,2018,0.056064
Eswatini,SWZ,2017,
Eswatini,SWZ,2016,
Eswatini,SWZ,2015,
Eswatini,SWZ,2014,
Eswatini,SWZ,2013,
Ethiopia,ETH,2025,
Ethiopia,ETH,2024,
Ethiopia,ETH,2023,4015.45864
Ethiopia,ETH,2022,3752.8862
Ethiopia,ETH,2021,3716.82165
Ethiopia,ETH,2020,2897.1341
Ethiopia,ETH,2019,2450.27296
Ethiopia,ETH,2018,2089.27754
Ethiopia,ETH,2017,2076.18502
Ethiopia,ETH,2016,1500.14753
Ethiopia,ETH,2015,1228.73832
Ethiopia,ETH,2014,950.1573
Ethiopia,ETH,2013,790.74339
Faroe Islands,FRO,2025,
Faroe Islands,FRO,2024,
Faroe Islands,FRO,2023,
Faroe Islands,FRO,2022,
Faroe Islands,FRO,2021,
Faroe Islands,FRO,2020,
Faroe Islands,FRO,2019,
Faroe Islands,FRO,2018,
Faroe Islands,FRO,2017,
Faroe Islands,FRO,2016,
Faroe Islands,FRO,2015,
Faroe Islands,FRO,2014,
Faroe Islands,FRO,2013,
Fiji,FJI,2025,
Fiji,FJI,2024,
Fiji,FJI,2023,156.079891
Fiji,FJI,2022,106.19618976
Fiji,FJI,2021,6.39867
Fiji,FJI,2020,21.804
Fiji,FJI,2019,108.9135
Fiji,FJI,2018,106.8282
Fiji,FJI,2017,102.59573
Fiji,FJI,2016,86.955
Fiji,FJI,2015,83.6865043020511
Fiji,FJI,2014,78.513996
Fiji,FJI,2013,69.333
Finland,FIN,2025,
Finland,FIN,2024,
Finland,FIN,2023,816.39281
Finland,FIN,2022,788.58557
Finland,FIN,2021,750.28925
Finland,FIN,2020,480.37919
Finland,FIN,2019,1067.31511
Finland,FIN,2018,957.63859
Finland,FIN,2017,852.01263
Finland,FIN,2016,761.85394
Finland,FIN,2015,713.484
Finland,FIN,2014,667.07538
Finland,FIN,2013,660.802462
France,FRA,2025,
France,FRA,2024,
France,FRA,2023,4301.69
France,FRA,2022,4090.1
France,FRA,2021,4107.03
France,FRA,2020,2467.943
France,FRA,2019,4522.586
France,FRA,2018,4443.789
France,FRA,2017,4260.597
France,FRA,2016,4155.407
France,FRA,2015,4098.31
France,FRA,2014,4151.293
France,FRA,2013,4327.126
French Polynesia,PYF,2025,
French Polynesia,PYF,2024,
French Polynesia,PYF,2023,
French Polynesia,PYF,2022,
French Polynesia,PYF,2021,
French Polynesia,PYF,2020,
French Polynesia,PYF,2019,
French Polynesia,PYF,2018,
French Polynesia,PYF,2017,
French Polynesia,PYF,2016,
French Polynesia,PYF,2015,
French Polynesia,PYF,2014,
French Polynesia,PYF,2013,
Gabon,GAB,2025,
Gabon,GAB,2024,
Gabon,GAB,2023,
Gabon,GAB,2022,
Gabon,GAB,2021,
Gabon,GAB,2020,
Gabon,GAB,2019,
Gabon,GAB,2018,
Gabon,GAB,2017,
Gabon,GAB,2016,
Gabon,GAB,2015,
Gabon,GAB,2014,
Gabon,GAB,2013,0.0
"Gambia, The",GMB,2025,
"Gambia, The",GMB,2024,
"Gambia, The",GMB,2023,
"Gambia, The",GMB,2022,
"Gambia, The",GMB,2021,
"Gambia, The",GMB,2020,
"Gambia, The",GMB,2019,0.0
"Gambia, The",GMB,2018,0.0
"Gambia, The",GMB,2017,
"Gambia, The",GMB,2016,
"Gambia, The",GMB,2015,0.07411338
"Gambia, The",GMB,2014,2.24586
"Gambia, The",GMB,2013,2.172012
Georgia,GEO,2025,
Georgia,GEO,2024,
Georgia,GEO,2023,0.22139
Georgia,GEO,2022,5.059349
Georgia,GEO,2021,0.11335
Georgia,GEO,2020,0.1347
Georgia,GEO,2019,0.640604
Georgia,GEO,2018,0.7509
Georgia,GEO,2017,0.4784
Georgia,GEO,2016,0.18050796
Georgia,GEO,2015,0.18504
Georgia,GEO,2014,0.4162
Georgia,GEO,2013,0.4
Germany,DEU,2025,
Germany,DEU,2024,
Germany,DEU,2023,12766.528681
Germany,DEU,2022,12857.217948
Germany,DEU,2021,11533.04853603
Germany,DEU,2020,9166.3712826
Germany,DEU,2019,7763.61921423928
Germany,DEU,2018,7969.86364
Germany,DEU,2017,7901.65234423
Germany,DEU,2016,6942.706331998
Germany,DEU,2015,6986.405444999
Germany,DEU,2014,7184.14620802563
Germany,DEU,2013,7335.69940204315
Ghana,GHA,2025,
Ghana,GHA,2024,
Ghana,GHA,2023,
Ghana,GHA,2022,
Ghana,GHA,2021,
Ghana,GHA,2020,
Ghana,GHA,2019,0.0
Ghana,GHA,2018,0.0
Ghana,GHA,2017,0.262714068
Ghana,GHA,2016,0.846429394
Ghana,GHA,2015,0.844630332
Ghana,GHA,2014,1.332792
Ghana,GHA,2013,1.31802
Gibraltar,GIB,2025,
Gibraltar,GIB,2024,
Gibraltar,GIB,2023,
Gibraltar,GIB,2022,
Gibraltar,GIB,2021,
Gibraltar,GIB,2020,
Gibraltar,GIB,2019,
Gibraltar,GIB,2018,
Gibraltar,GIB,2017,
Gibraltar,GIB,2016,
Gibraltar,GIB,2015,
Gibraltar,GIB,2014,
Gibraltar,GIB,2013,
Greece,GRC,2025,
Greece,GRC,2024,
Greece,GRC,2023,16.0232
Greece,GRC,2022,18.188
Greece,GRC,2021,12.4593
Greece,GRC,2020,10.09844
Greece,GRC,2019,23.90576
Greece,GRC,2018,21.909
Greece,GRC,2017,23.525
Greece,GRC,2016,23.993
Greece,GRC,2015,26.10771098
Greece,GRC,2014,19.359432
Greece,GRC,2013,0.593232
Greenland,GRL,2025,
Greenland,GRL,2024,
Greenland,GRL,2023,
Greenland,GRL,2022,
Greenland,GRL,2021,
Greenland,GRL,2020,
Greenland,GRL,2019,
Greenland,GRL,2018,
Greenland,GRL,2017,
Greenland,GRL,2016,
Greenland,GRL,2015,
Greenland,GRL,2014,
Greenland,GRL,2013,
Grenada,GRD,2025,
Grenada,GRD,2024,
Grenada,GRD,2023,
Grenada,GRD,2022,
Grenada,GRD,2021,
Grenada,GRD,2020,
Grenada,GRD,2019,
Grenada,GRD,2018,
Grenada,GRD,2017,
Grenada,GRD,2016,
Grenada,GRD,2015,
Grenada,GRD,2014,
Grenada,GRD,2013,
Guam,GUM,2025,
Guam,GUM,2024,
Guam,GUM,2023,
Guam,GUM,2022,
Guam,GUM,2021,
Guam,GUM,2020,
Guam,GUM,2019,
Guam,GUM,2018,
Guam,GUM,2017,
Guam,GUM,2016,
Guam,GUM,2015,
Guam,GUM,2014,
Guam,GUM,2013,
Guatemala,GTM,2025,
Guatemala,GTM,2024,
Guatemala,GTM,2023,0.53954
Guatemala,GTM,2022,
Guatemala,GTM,2021,0.00012
Guatemala,GTM,2020,0.000643636
Guatemala,GTM,2019,0.0273
Guatemala,GTM,2018,0.107366
Guatemala,GTM,2017,0.546373
Guatemala,GTM,2016,0.63203
Guatemala,GTM,2015,0.45552
Guatemala,GTM,2014,0.09123
Guatemala,GTM,2013,0.0
Guinea,GIN,2025,
Guinea,GIN,2024,
Guinea,GIN,2023,
Guinea,GIN,2022,
Guinea,GIN,2021,
Guinea,GIN,2020,
Guinea,GIN,2019,
Guinea,GIN,2018,
Guinea,GIN,2017,
Guinea,GIN,2016,
Guinea,GIN,2015,
Guinea,GIN,2014,
Guinea,GIN,2013,
Guinea-Bissau,GNB,2025,
Guinea-Bissau,GNB,2024,
Guinea-Bissau,GNB,2023,
Guinea-Bissau,GNB,2022,
Guinea-Bissau,GNB,2021,
Guinea-Bissau,GNB,2020,
Guinea-Bissau,GNB,2019,
Guinea-Bissau,GNB,2018,
Guinea-Bissau,GNB,2017,
Guinea-Bissau,GNB,2016,
Guinea-Bissau,GNB,2015,
Guinea-Bissau,GNB,2014,
Guinea-Bissau,GNB,2013,
Guyana,GUY,2025,
Guyana,GUY,2024,
Guyana,GUY,2023,
Guyana,GUY,2022,
Guyana,GUY,2021,0.022018
Guyana,GUY,2020,0.10855
Guyana,GUY,2019,0.0475892117738182
Guyana,GUY,2018,0.100011
Guyana,GUY,2017,
Guyana,GUY,2016,
Guyana,GUY,2015,
Guyana,GUY,2014,0.0
Guyana,GUY,2013,0.0
Haiti,HTI,2025,
Haiti,HTI,2024,
Haiti,HTI,2023,0.055037
Haiti,HTI,2022,0.014374
Haiti,HTI,2021,
Haiti,HTI,2020,
Haiti,HTI,2019,0.0
Haiti,HTI,2018,
Haiti,HTI,2017,
Haiti,HTI,2016,
Haiti,HTI,2015,
Haiti,HTI,2014,
Haiti,HTI,2013,
Honduras,HND,2025,
Honduras,HND,2024,
Honduras,HND,2023,1.143739
Honduras,HND,2022,0.677137
Honduras,HND,2021,1.021922
Honduras,HND,2020,
Honduras,HND,2019,1.149492
Honduras,HND,2018,0.44987
Honduras,HND,2017,0.229947
Honduras,HND,2016,0.399566257
Honduras,HND,2015,0.50237232
Honduras,HND,2014,0.851628
Honduras,HND,2013,1.97274
"Hong Kong SAR, China",HKG,2025,
"Hong Kong SAR, China",HKG,2024,
"Hong Kong SAR, China",HKG,2023,8638.388814
"Hong Kong SAR, China",HKG,2022,1.42667215
"Hong Kong SAR, China",HKG,2021,9027.879964
"Hong Kong SAR, China",HKG,2020,8084.89962
"Hong Kong SAR, China",HKG,2019,11739.489567
"Hong Kong SAR, China",HKG,2018,12676.721747
"Hong Kong SAR, China",HKG,2017,12415.19932
"Hong Kong SAR, China",HKG,2016,11409.118758
"Hong Kong SAR, China",HKG,2015,11294.272491
"Hong Kong SAR, China",HKG,2014,10826.12281
"Hong Kong SAR, China",HKG,2013,9396.48053
Hungary,HUN,2025,
Hungary,HUN,2024,
Hungary,HUN,2023,145.08106
Hungary,HUN,2022,133.284359
Hungary,HUN,2021,
Hungary,HUN,2020,
Hungary,HUN,2019,0.0
Hungary,HUN,2018,0.0
Hungary,HUN,2017,
Hungary,HUN,2016,
Hungary,HUN,2015,
Hungary,HUN,2014,
Hungary,HUN,2013,0.0
Iceland,ISL,2025,
Iceland,ISL,2024,
Iceland,ISL,2023,191.91125072
Iceland,ISL,2022,147.39200384
Iceland,ISL,2021,149.000507
Iceland,ISL,2020,135.059286
Iceland,ISL,2019,138.653502
Iceland,ISL,2018,163.646108143
Iceland,ISL,2017,166.75235
Iceland,ISL,2016,128.008190221
Iceland,ISL,2015,107.696809
Iceland,ISL,2014,96.01941
Iceland,ISL,2013,99.153358
India,IND,2025,
India,IND,2024,
India,IND,2023,1806.986382
India,IND,2022,1462.126148332
India,IND,2021,907.929041
India,IND,2020,875.122843
India,IND,2019,1938.232596
India,IND,2018,2703.96417383
India,IND,2017,2407.098107
India,IND,2016,1893.8815
India,IND,2015,1833.847614
India,IND,2014,1851.32674
India,IND,2013,1733.76172
Indonesia,IDN,2025,
Indonesia,IDN,2024,
Indonesia,IDN,2023,870.513420389
Indonesia,IDN,2022,580.672088
Indonesia,IDN,2021,772.901013
Indonesia,IDN,2020,674.799378544
Indonesia,IDN,2019,981.74186
Indonesia,IDN,2018,1131.913455454
Indonesia,IDN,2017,1052.36048
Indonesia,IDN,2016,974.556289
Indonesia,IDN,2015,758.705163350469
Indonesia,IDN,2014,902.116486410853
Indonesia,IDN,2013,768.23502
"Iran, Islamic Rep.",IRN,2025,
"Iran, Islamic Rep.",IRN,2024,
"Iran, Islamic Rep.",IRN,2023,136.931326
"Iran, Islamic Rep.",IRN,2022,214.042499
"Iran, Islamic Rep.",IRN,2021,273.578418
"Iran, Islamic Rep.",IRN,2020,202.106472273
"Iran, Islamic Rep.",IRN,2019,152.258660678818
"Iran, Islamic Rep.",IRN,2018,169.797251
"Iran, Islamic Rep.",IRN,2017,325.668724283288
"Iran, Islamic Rep.",IRN,2016,139.17528859407
"Iran, Islamic Rep.",IRN,2015,95.9107033490603
"Iran, Islamic Rep.",IRN,2014,96.4385837752481
"Iran, Islamic Rep.",IRN,2013,84.4590590839086
Iraq,IRQ,2025,
Iraq,IRQ,2024,
Iraq,IRQ,2023,
Iraq,IRQ,2022,
Iraq,IRQ,2021,
Iraq,IRQ,2020,
Iraq,IRQ,2019,0.0
Iraq,IRQ,2018,16.199317
Iraq,IRQ,2017,15.587857428
Iraq,IRQ,2016,0.9519664068
Iraq,IRQ,2015,1.218202664
Iraq,IRQ,2014,10.619112
Iraq,IRQ,2013,10.619112
Ireland,IRL,2025,
Ireland,IRL,2024,
Ireland,IRL,2023,430.49445
Ireland,IRL,2022,128.63663
Ireland,IRL,2021,86.36447
Ireland,IRL,2020,131.775022
Ireland,IRL,2019,174.5404
Ireland,IRL,2018,168.7117
Ireland,IRL,2017,154.38504
Ireland,IRL,2016,118.207
Ireland,IRL,2015,138.58
Ireland,IRL,2014,126.164748
Ireland,IRL,2013,118.253832
Isle of Man,IMN,2025,
Isle of Man,IMN,2024,
Isle of Man,IMN,2023,
Isle of Man,IMN,2022,
Isle of Man,IMN,2021,
Isle of Man,IMN,2020,
Isle of Man,IMN,2019,
Isle of Man,IMN,2018,
Isle of Man,IMN,2017,
Isle of Man,IMN,2016,
Isle of Man,IMN,2015,
Isle of Man,IMN,2014,
Isle of Man,IMN,2013,
Israel,ISR,2025,
Israel,ISR,2024,
Israel,ISR,2023,609.65562
Israel,ISR,2022,670.67179
Israel,ISR,2021,715.59
Israel,ISR,2020,816.628
Israel,ISR,2019,889.334
Israel,ISR,2018,994.542
Israel,ISR,2017,912.898
Israel,ISR,2016,783.925
Israel,ISR,2015,758.633996
Israel,ISR,2014,651.238996
Israel,ISR,2013,801.730584
Italy,ITA,2025,
Italy,ITA,2024,
Italy,ITA,2023,1120.9870294
Italy,ITA,2022,1587.2563751
Italy,ITA,2021,1150.691582
Italy,ITA,2020,978.76063
Italy,ITA,2019,1344.955151
Italy,ITA,2018,1418.004731
Italy,ITA,2017,1437.245062
Italy,ITA,2016,1083.244836
Italy,ITA,2015,945.2649666
Italy,ITA,2014,989.179882
Italy,ITA,2013,892.930674
Jamaica,JAM,2025,
Jamaica,JAM,2024,
Jamaica,JAM,2023,
Jamaica,JAM,2022,
Jamaica,JAM,2021,
Jamaica,JAM,2020,
Jamaica,JAM,2019,0.0
Jamaica,JAM,2018,4.58628
Jamaica,JAM,2017,2.83938
Jamaica,JAM,2016,4.506984
Jamaica,JAM,2015,1.396
Jamaica,JAM,2014,
Jamaica,JAM,2013,0.0
Japan,JPN,2025,
Japan,JPN,2024,
Japan,JPN,2023,8474.02
Japan,JPN,2022,9688.6
Japan,JPN,2021,10947.023
Japan,JPN,2020,7841.508
Japan,JPN,2019,8919.48
Japan,JPN,2018,9420.659
Japan,JPN,2017,10684.574
Japan,JPN,2016,9360.888
Japan,JPN,2015,8661.758
Japan,JPN,2014,8661.758
Japan,JPN,2013,7715.927
Jordan,JOR,2025,
Jordan,JOR,2024,
Jordan,JOR,2023,110.05604
Jordan,JOR,2022,120.73564
Jordan,JOR,2021,103.32204
Jordan,JOR,2020,74.66289
Jordan,JOR,2019,153.56892
Jordan,JOR,2018,175.8386
Jordan,JOR,2017,158.95506
Jordan,JOR,2016,144.211200649
Jordan,JOR,2015,169.105
Jordan,JOR,2014,171.97
Jordan,JOR,2013,172.126
Kazakhstan,KAZ,2025,
Kazakhstan,KAZ,2024,
Kazakhstan,KAZ,2023,53.083051825
Kazakhstan,KAZ,2022,177.24428106
Kazakhstan,KAZ,2021,31.44797
Kazakhstan,KAZ,2020,23.53957
Kazakhstan,KAZ,2019,49.84901
Kazakhstan,KAZ,2018,49.64306
Kazakhstan,KAZ,2017,49.5077
Kazakhstan,KAZ,2016,38.89446
Kazakhstan,KAZ,2015,37.669008
Kazakhstan,KAZ,2014,44.61
Kazakhstan,KAZ,2013,58.199004
Kenya,KEN,2025,
Kenya,KEN,2024,
Kenya,KEN,2023,288.6212
Kenya,KEN,2022,505.85823
Kenya,KEN,2021,299.58742
Kenya,KEN,2020,113.06282
Kenya,KEN,2019,320.952554616571
Kenya,KEN,2018,295.047760350297
Kenya,KEN,2017,275.512276845
Kenya,KEN,2016,257.576935754
Kenya,KEN,2015,233.104791944
Kenya,KEN,2014,248.56658
Kenya,KEN,2013,258.081012
Kiribati,KIR,2025,
Kiribati,KIR,2024,
Kiribati,KIR,2023,0.34535772
Kiribati,KIR,2022,0.38321244
Kiribati,KIR,2021,
Kiribati,KIR,2020,
Kiribati,KIR,2019,0.0
Kiribati,KIR,2018,0.0
Kiribati,KIR,2017,
Kiribati,KIR,2016,
Kiribati,KIR,2015,
Kiribati,KIR,2014,
Kiribati,KIR,2013,
"Korea, Dem. People's Rep.",PRK,2025,
"Korea, Dem. People's Rep.",PRK,2024,
"Korea, Dem. People's Rep.",PRK,2023,0.0075
"Korea, Dem. People's Rep.",PRK,2022,
"Korea, Dem. People's Rep.",PRK,2021,0.0021904
"Korea, Dem. People's Rep.",PRK,2020,0.01184
"Korea, Dem. People's Rep.",PRK,2019,0.487101
"Korea, Dem. People's Rep.",PRK,2018,0.490188
"Korea, Dem. People's Rep.",PRK,2017,0.251493238
"Korea, Dem. People's Rep.",PRK,2016,0.230111998
"Korea, Dem. People's Rep.",PRK,2015,0.288
"Korea, Dem. People's Rep.",PRK,2014,0.342349878934625
"Korea, Dem. People's Rep.",PRK,2013,3.039168
"Korea, Rep.",KOR,2025,
"Korea, Rep.",KOR,2024,
"Korea, Rep.",KOR,2023,12293.78421188
"Korea, Rep.",KOR,2022,13741.013239
"Korea, Rep.",KOR,2021,15370.019378
"Korea, Rep.",KOR,2020,12456.57079
"Korea, Rep.",KOR,2019,10664.3782296361
"Korea, Rep.",KOR,2018,11518.6260683819
"Korea, Rep.",KOR,2017,11511.801211
"Korea, Rep.",KOR,2016,10805.992
"Korea, Rep.",KOR,2015,11293.801266
"Korea, Rep.",KOR,2014,11124.72618
"Korea, Rep.",KOR,2013,11112.514602
Kosovo,XKX,2025,
Kosovo,XKX,2024,
Kosovo,XKX,2023,
Kosovo,XKX,2022,
Kosovo,XKX,2021,
Kosovo,XKX,2020,
Kosovo,XKX,2019,
Kosovo,XKX,2018,
Kosovo,XKX,2017,
Kosovo,XKX,2016,
Kosovo,XKX,2015,
Kosovo,XKX,2014,
Kosovo,XKX,2013,
Kuwait,KWT,2025,
Kuwait,KWT,2024,
Kuwait,KWT,2023,331.172382
Kuwait,KWT,2022,261.901728
Kuwait,KWT,2021,200.1616
Kuwait,KWT,2020,119.717272
Kuwait,KWT,2019,364.649349
Kuwait,KWT,2018,392.363053
Kuwait,KWT,2017,309.864884
Kuwait,KWT,2016,223.005444
Kuwait,KWT,2015,216.335004
Kuwait,KWT,2014,267.877606
Kuwait,KWT,2013,245.968996
Kyrgyz Republic,KGZ,2025,
Kyrgyz Republic,KGZ,2024,
Kyrgyz Republic,KGZ,2023,0.654975
Kyrgyz Republic,KGZ,2022,0.177188
Kyrgyz Republic,KGZ,2021,0.00233029
Kyrgyz Republic,KGZ,2020,0.005855
Kyrgyz Republic,KGZ,2019,0.495853
Kyrgyz Republic,KGZ,2018,1.263266
Kyrgyz Republic,KGZ,2017,0.02165
Kyrgyz Republic,KGZ,2016,0.088343
Kyrgyz Republic,KGZ,2015,0.06929
Kyrgyz Republic,KGZ,2014,0.237168
Kyrgyz Republic,KGZ,2013,0.59035
Lao PDR,LAO,2025,
Lao PDR,LAO,2024,
Lao PDR,LAO,2023,
Lao PDR,LAO,2022,11.7217866
Lao PDR,LAO,2021,
Lao PDR,LAO,2020,
Lao PDR,LAO,2019,0.910194
Lao PDR,LAO,2018,0.911447
Lao PDR,LAO,2017,1.473259309
Lao PDR,LAO,2016,1.49602039
Lao PDR,LAO,2015,1.35649770065177
Lao PDR,LAO,2014,1.37196
Lao PDR,LAO,2013,1.409832
Latvia,LVA,2025,
Latvia,LVA,2024,
Latvia,LVA,2023,2.3673
Latvia,LVA,2022,25.26366546
Latvia,LVA,2021,2.31822
Latvia,LVA,2020,4.32123
Latvia,LVA,2019,5.1637624
Latvia,LVA,2018,4.01487
Latvia,LVA,2017,2.83108
Latvia,LVA,2016,2.157
Latvia,LVA,2015,2.277996
Latvia,LVA,2014,3.510996
Latvia,LVA,2013,3.759996
Lebanon,LBN,2025,
Lebanon,LBN,2024,
Lebanon,LBN,2023,34.39593
Lebanon,LBN,2022,36.227
Lebanon,LBN,2021,22.23564
Lebanon,LBN,2020,19.11662
Lebanon,LBN,2019,51.70094
Lebanon,LBN,2018,56.569
Lebanon,LBN,2017,53.387
Lebanon,LBN,2016,45.558
Lebanon,LBN,2015,54.077
Lebanon,LBN,2014,59.58
Lebanon,LBN,2013,70.098
Lesotho,LSO,2025,
Lesotho,LSO,2024,
Lesotho,LSO,2023,
Lesotho,LSO,2022,
Lesotho,LSO,2021,
Lesotho,LSO,2020,
Lesotho,LSO,2019,
Lesotho,LSO,2018,
Lesotho,LSO,2017,
Lesotho,LSO,2016,
Lesotho,LSO,2015,
Lesotho,LSO,2014,
Lesotho,LSO,2013,
Liberia,LBR,2025,
Liberia,LBR,2024,
Liberia,LBR,2023,
Liberia,LBR,2022,
Liberia,LBR,2021,
Liberia,LBR,2020,
Liberia,LBR,2019,
Liberia,LBR,2018,
Liberia,LBR,2017,
Liberia,LBR,2016,
Liberia,LBR,2015,
Liberia,LBR,2014,
Liberia,LBR,2013,
Libya,LBY,2025,
Libya,LBY,2024,
Libya,LBY,2023,60.05292372
Libya,LBY,2022,47.36534442
Libya,LBY,2021,13.560057648
Libya,LBY,2020,0.617193348
Libya,LBY,2019,0.758181
Libya,LBY,2018,0.711155
Libya,LBY,2017,1.236961352
Libya,LBY,2016,1.37789973
Libya,LBY,2015,2.54943277629794
Libya,LBY,2014,2.90666681323636
Libya,LBY,2013,3.672312
Liechtenstein,LIE,2025,
Liechtenstein,LIE,2024,
Liechtenstein,LIE,2023,
Liechtenstein,LIE,2022,
Liechtenstein,LIE,2021,
Liechtenstein,LIE,2020,
Liechtenstein,LIE,2019,
Liechtenstein,LIE,2018,
Liechtenstein,LIE,2017,
Liechtenstein,LIE,2016,
Liechtenstein,LIE,2015,
Liechtenstein,LIE,2014,
Liechtenstein,LIE,2013,
Lithuania,LTU,2025,
Lithuania,LTU,2024,
Lithuania,LTU,2023,1.689037593
Lithuania,LTU,2022,1.01307936
Lithuania,LTU,2021,
Lithuania,LTU,2020,2.80719338834438
Lithuania,LTU,2019,0.0
Lithuania,LTU,2018,0.0
Lithuania,LTU,2017,0.472
Lithuania,LTU,2016,0.472
Lithuania,LTU,2015,0.56564667
Lithuania,LTU,2014,0.471265
Lithuania,LTU,2013,4.99992
Luxembourg,LUX,2025,
Luxembourg,LUX,2024,
Luxembourg,LUX,2023,6873.237812727
Luxembourg,LUX,2022,7988.843824
Luxembourg,LUX,2021,8588.53476
Luxembourg,LUX,2020,7344.759036
Luxembourg,LUX,2019,7188.04334
Luxembourg,LUX,2018,7323.03958
Luxembourg,LUX,2017,7321.11217
Luxembourg,LUX,2016,6877.761503
Luxembourg,LUX,2015,6309.473324
Luxembourg,LUX,2014,5753.111628
Luxembourg,LUX,2013,5224.838626
"Macao SAR, China",MAC,2025,
"Macao SAR, China",MAC,2024,
"Macao SAR, China",MAC,2023,8.54018
"Macao SAR, China",MAC,2022,0.00077347
"Macao SAR, China",MAC,2021,1.10174
"Macao SAR, China",MAC,2020,8.99441
"Macao SAR, China",MAC,2019,26.02953
"Macao SAR, China",MAC,2018,31.84376
"Macao SAR, China",MAC,2017,32.76585
"Macao SAR, China",MAC,2016,29.39461
"Macao SAR, China",MAC,2015,25.435
"Macao SAR, China",MAC,2014,23.87158
"Macao SAR, China",MAC,2013,20.07111
Madagascar,MDG,2025,
Madagascar,MDG,2024,
Madagascar,MDG,2023,2.49141
Madagascar,MDG,2022,6.34363
Madagascar,MDG,2021,2.719098
Madagascar,MDG,2020,5.384373332
Madagascar,MDG,2019,16.18255
Madagascar,MDG,2018,16.24747
Madagascar,MDG,2017,15.02506
Madagascar,MDG,2016,11.96217
Madagascar,MDG,2015,25.62026
Madagascar,MDG,2014,31.07096
Madagascar,MDG,2013,34.55841
Malawi,MWI,2025,
Malawi,MWI,2024,
Malawi,MWI,2023,
Malawi,MWI,2022,
Malawi,MWI,2021,0.000590054
Malawi,MWI,2020,8.624e-05
Malawi,MWI,2019,0.00246400383690811
Malawi,MWI,2018,0.0108797367
Malawi,MWI,2017,0.0108797367
Malawi,MWI,2016,0.007249968
Malawi,MWI,2015,0.005467548
Malawi,MWI,2014,0.005484
Malawi,MWI,2013,0.005484
Malaysia,MYS,2025,
Malaysia,MYS,2024,
Malaysia,MYS,2023,1910.139712
Malaysia,MYS,2022,1125.17036572
Malaysia,MYS,2021,1119.414357
Malaysia,MYS,2020,816.74595
Malaysia,MYS,2019,1378.744705
Malaysia,MYS,2018,1359.12559
Malaysia,MYS,2017,1455.20982395985
Malaysia,MYS,2016,1149.876958418
Malaysia,MYS,2015,2005.979379448
Malaysia,MYS,2014,2193.300634
Malaysia,MYS,2013,2161.992838
Maldives,MDV,2025,
Maldives,MDV,2024,
Maldives,MDV,2023,29.45872956
Maldives,MDV,2022,27.61570968
Maldives,MDV,2021,1.7375017
Maldives,MDV,2020,2.28629
Maldives,MDV,2019,0.0
Maldives,MDV,2018,0.0
Maldives,MDV,2017,7.745645613
Maldives,MDV,2016,6.872800012
Maldives,MDV,2015,5.87870598184376
Maldives,MDV,2014,
Maldives,MDV,2013,
Mali,MLI,2025,
Mali,MLI,2024,
Mali,MLI,2023,
Mali,MLI,2022,
Mali,MLI,2021,
Mali,MLI,2020,
Mali,MLI,2019,
Mali,MLI,2018,
Mali,MLI,2017,
Mali,MLI,2016,
Mali,MLI,2015,
Mali,MLI,2014,0.0
Mali,MLI,2013,1.19358
Malta,MLT,2025,
Malta,MLT,2024,
Malta,MLT,2023,3.35594432
Malta,MLT,2022,8.676285
Malta,MLT,2021,2.75098
Malta,MLT,2020,2.903530909
Malta,MLT,2019,6.727273
Malta,MLT,2018,5.14323
Malta,MLT,2017,2.63621
Malta,MLT,2016,2.442
Malta,MLT,2015,3.352
Malta,MLT,2014,3.422
Malta,MLT,2013,3.541
Marshall Islands,MHL,2025,
Marshall Islands,MHL,2024,
Marshall Islands,MHL,2023,0.40714566
Marshall Islands,MHL,2022,0.27193536
Marshall Islands,MHL,2021,0.051408
Marshall Islands,MHL,2020,0.084844
Marshall Islands,MHL,2019,0.182569
Marshall Islands,MHL,2018,0.133837
Marshall Islands,MHL,2017,0.161087
Marshall Islands,MHL,2016,
Marshall Islands,MHL,2015,
Marshall Islands,MHL,2014,
Marshall Islands,MHL,2013,
Mauritania,MRT,2025,
Mauritania,MRT,2024,
Mauritania,MRT,2023,
Mauritania,MRT,2022,
Mauritania,MRT,2021,
Mauritania,MRT,2020,
Mauritania,MRT,2019,0.0
Mauritania,MRT,2018,0.0
Mauritania,MRT,2017,
Mauritania,MRT,2016,
Mauritania,MRT,2015,
Mauritania,MRT,2014,
Mauritania,MRT,2013,0.0
Mauritius,MUS,2025,
Mauritius,MUS,2024,
Mauritius,MUS,2023,170.21
Mauritius,MUS,2022,155.636583
Mauritius,MUS,2021,87.396361
Mauritius,MUS,2020,62.063
Mauritius,MUS,2019,213.641
Mauritius,MUS,2018,233.717
Mauritius,MUS,2017,196.047
Mauritius,MUS,2016,157.239
Mauritius,MUS,2015,168.773
Mauritius,MUS,2014,192.99
Mauritius,MUS,2013,171.534
Mexico,MEX,2025,
Mexico,MEX,2024,
Mexico,MEX,2023,1091.480464
Mexico,MEX,2022,1076.254915
Mexico,MEX,2021,962.569234
Mexico,MEX,2020,732.796479
Mexico,MEX,2019,1072.52473
Mexico,MEX,2018,1062.987599
Mexico,MEX,2017,928.83550977
Mexico,MEX,2016,760.849242
Mexico,MEX,2015,714.003211
Mexico,MEX,2014,617.529552725
Mexico,MEX,2013,677.139988908
"Micronesia, Fed. Sts.",FSM,2025,
"Micronesia, Fed. Sts.",FSM,2024,
"Micronesia, Fed. Sts.",FSM,2023,
"Micronesia, Fed. Sts.",FSM,2022,
"Micronesia, Fed. Sts.",FSM,2021,
"Micronesia, Fed. Sts.",FSM,2020,
"Micronesia, Fed. Sts.",FSM,2019,
"Micronesia, Fed. Sts.",FSM,2018,
"Micronesia, Fed. Sts.",FSM,2017,
"Micronesia, Fed. Sts.",FSM,2016,
"Micronesia, Fed. Sts.",FSM,2015,
"Micronesia, Fed. Sts.",FSM,2014,
"Micronesia, Fed. Sts.",FSM,2013,
Moldova,MDA,2025,
Moldova,MDA,2024,
Moldova,MDA,2023,0.370693333
Moldova,MDA,2022,0.57196
Moldova,MDA,2021,0.60711
Moldova,MDA,2020,0.45188
Moldova,MDA,2019,1.22908832
Moldova,MDA,2018,0.6445
Moldova,MDA,2017,0.55191
Moldova,MDA,2016,0.486910181772908
Moldova,MDA,2015,0.48963
Moldova,MDA,2014,0.628572
Moldova,MDA,2013,0.831444
Monaco,MCO,2025,
Monaco,MCO,2024,
Monaco,MCO,2023,
Monaco,MCO,2022,
Monaco,MCO,2021,
Monaco,MCO,2020,
Monaco,MCO,2019,0.0
Monaco,MCO,2018,0.0
Monaco,MCO,2017,
Monaco,MCO,2016,
Monaco,MCO,2015,
Monaco,MCO,2014,
Monaco,MCO,2013,0.0
Mongolia,MNG,2025,
Mongolia,MNG,2024,
Mongolia,MNG,2023,26.520123
Mongolia,MNG,2022,12.727824
Mongolia,MNG,2021,0.168685
Mongolia,MNG,2020,1.37475
Mongolia,MNG,2019,7.38543
Mongolia,MNG,2018,7.819001
Mongolia,MNG,2017,8.36736
Mongolia,MNG,2016,8.02203384325573
Mongolia,MNG,2015,7.843989
Mongolia,MNG,2014,13.211711025
Mongolia,MNG,2013,8.869308
Montenegro,MNE,2025,
Montenegro,MNE,2024,
Montenegro,MNE,2023,
Montenegro,MNE,2022,
Montenegro,MNE,2021,0.0322728
Montenegro,MNE,2020,
Montenegro,MNE,2019,0.15295
Montenegro,MNE,2018,0.1345
Montenegro,MNE,2017,0.1119
Montenegro,MNE,2016,0.0587
Montenegro,MNE,2015,
Montenegro,MNE,2014,
Montenegro,MNE,2013,0.0
Morocco,MAR,2025,
Morocco,MAR,2024,
Morocco,MAR,2023,92.638
Morocco,MAR,2022,93.22317
Morocco,MAR,2021,58.894368
Morocco,MAR,2020,46.244684
Morocco,MAR,2019,102.19214
Morocco,MAR,2018,97.71152
Morocco,MAR,2017,77.93581
Morocco,MAR,2016,53.82625368
Morocco,MAR,2015,52.913598
Morocco,MAR,2014,47.000251
Morocco,MAR,2013,43.321464
Mozambique,MOZ,2025,
Mozambique,MOZ,2024,
Mozambique,MOZ,2023,3.01554
Mozambique,MOZ,2022,3.076
Mozambique,MOZ,2021,2.629
Mozambique,MOZ,2020,2.423532
Mozambique,MOZ,2019,6.347
Mozambique,MOZ,2018,4.775
Mozambique,MOZ,2017,3.557
Mozambique,MOZ,2016,4.37
Mozambique,MOZ,2015,4.86366165923809
Mozambique,MOZ,2014,5.36650299100094
Mozambique,MOZ,2013,5.882496
Myanmar,MMR,2025,
Myanmar,MMR,2024,
Myanmar,MMR,2023,9.93088
Myanmar,MMR,2022,6.42445
Myanmar,MMR,2021,18.36186366
Myanmar,MMR,2020,1.242318
Myanmar,MMR,2019,8.30683
Myanmar,MMR,2018,4.74216559835534
Myanmar,MMR,2017,4.83393550069972
Myanmar,MMR,2016,5.065285902
Myanmar,MMR,2015,3.3857879
Myanmar,MMR,2014,3.90162
Myanmar,MMR,2013,2.861556
Namibia,NAM,2025,
Namibia,NAM,2024,
Namibia,NAM,2023,
Namibia,NAM,2022,
Namibia,NAM,2021,0.000290479
Namibia,NAM,2020,1.636713284
Namibia,NAM,2019,6.900144
Namibia,NAM,2018,26.293869
Namibia,NAM,2017,22.206886
Namibia,NAM,2016,21.084889
Namibia,NAM,2015,30.302405
Namibia,NAM,2014,34.36805
Namibia,NAM,2013,0.677064
Naoero,NRU,2025,
Naoero,NRU,2024,
Naoero,NRU,2023,2.94469
Naoero,NRU,2022,3.66488
Naoero,NRU,2021,3.31222
Naoero,NRU,2020,2.72839
Naoero,NRU,2019,1.72681
Naoero,NRU,2018,10.34721
Naoero,NRU,2017,7.939983827
Naoero,NRU,2016,9.718462457
Naoero,NRU,2015,7.793474304
Naoero,NRU,2014,7.270032
Naoero,NRU,2013,7.270032
Nepal,NPL,2025,
Nepal,NPL,2024,
Nepal,NPL,2023,16.929456
Nepal,NPL,2022,32.114184
Nepal,NPL,2021,17.307683
Nepal,NPL,2020,13.689186
Nepal,NPL,2019,5.847551
Nepal,NPL,2018,8.84572
Nepal,NPL,2017,4.5668399023
Nepal,NPL,2016,4.895080058
Nepal,NPL,2015,4.536371616
Nepal,NPL,2014,4.5996
Nepal,NPL,2013,5.759868
Netherlands,NLD,2025,
Netherlands,NLD,2024,
Netherlands,NLD,2023,3285.74816264
Netherlands,NLD,2022,3366.76174
Netherlands,NLD,2021,4346.39907
Netherlands,NLD,2020,4145.02216
Netherlands,NLD,2019,5656.442
Netherlands,NLD,2018,5886.51490365179
Netherlands,NLD,2017,5855.480475616
Netherlands,NLD,2016,4745.958515461
Netherlands,NLD,2015,5292.794684592
Netherlands,NLD,2014,5726.179652
Netherlands,NLD,2013,5753.728484
New Caledonia,NCL,2025,
New Caledonia,NCL,2024,
New Caledonia,NCL,2023,
New Caledonia,NCL,2022,
New Caledonia,NCL,2021,
New Caledonia,NCL,2020,
New Caledonia,NCL,2019,
New Caledonia,NCL,2018,
New Caledonia,NCL,2017,
New Caledonia,NCL,2016,
New Caledonia,NCL,2015,
New Caledonia,NCL,2014,
New Caledonia,NCL,2013,
New Zealand,NZL,2025,
New Zealand,NZL,2024,
New Zealand,NZL,2023,767.757639527
New Zealand,NZL,2022,812.680929527
New Zealand,NZL,2021,317.589119892521
New Zealand,NZL,2020,773.953135823
New Zealand,NZL,2019,1207.88220494
New Zealand,NZL,2018,1349.29523130803
New Zealand,NZL,2017,1335.95320545677
New Zealand,NZL,2016,1231.85419306685
New Zealand,NZL,2015,1155.45872005615
New Zealand,NZL,2014,999.3047112
New Zealand,NZL,2013,934.540524
Nicaragua,NIC,2025,
Nicaragua,NIC,2024,
Nicaragua,NIC,2023,
Nicaragua,NIC,2022,
Nicaragua,NIC,2021,
Nicaragua,NIC,2020,
Nicaragua,NIC,2019,
Nicaragua,NIC,2018,
Nicaragua,NIC,2017,
Nicaragua,NIC,2016,
Nicaragua,NIC,2015,
Nicaragua,NIC,2014,
Nicaragua,NIC,2013,
Niger,NER,2025,
Niger,NER,2024,
Niger,NER,2023,0.2790084
Niger,NER,2022,0.79136928
Niger,NER,2021,0.75585912
Niger,NER,2020,
Niger,NER,2019,
Niger,NER,2018,
Niger,NER,2017,
Niger,NER,2016,
Niger,NER,2015,
Niger,NER,2014,
Niger,NER,2013,1.080708
Nigeria,NGA,2025,
Nigeria,NGA,2024,
Nigeria,NGA,2023,3.14178536
Nigeria,NGA,2022,2.665398934
Nigeria,NGA,2021,1.56490641
Nigeria,NGA,2020,1.683881
Nigeria,NGA,2019,1.84341946
Nigeria,NGA,2018,19.7929720673716
Nigeria,NGA,2017,22.0015460675581
Nigeria,NGA,2016,24.161930857
Nigeria,NGA,2015,24.8019639339246
Nigeria,NGA,2014,12.1983521811429
Nigeria,NGA,2013,12.1983521811429
North Macedonia,MKD,2025,
North Macedonia,MKD,2024,
North Macedonia,MKD,2023,
North Macedonia,MKD,2022,
North Macedonia,MKD,2021,
North Macedonia,MKD,2020,
North Macedonia,MKD,2019,
North Macedonia,MKD,2018,
North Macedonia,MKD,2017,
North Macedonia,MKD,2016,
North Macedonia,MKD,2015,
North Macedonia,MKD,2014,
North Macedonia,MKD,2013,
Northern Mariana Islands,MNP,2025,
Northern Mariana Islands,MNP,2024,
Northern Mariana Islands,MNP,2023,
Northern Mariana Islands,MNP,2022,
Northern Mariana Islands,MNP,2021,
Northern Mariana Islands,MNP,2020,
Northern Mariana Islands,MNP,2019,
Northern Mariana Islands,MNP,2018,
Northern Mariana Islands,MNP,2017,
Northern Mariana Islands,MNP,2016,
Northern Mariana Islands,MNP,2015,
Northern Mariana Islands,MNP,2014,
Northern Mariana Islands,MNP,2013,
Norway,NOR,2025,
Norway,NOR,2024,
Norway,NOR,2023,
Norway,NOR,2022,
Norway,NOR,2021,
Norway,NOR,2020,
Norway,NOR,2019,
Norway,NOR,2018,
Norway,NOR,2017,
Norway,NOR,2016,
Norway,NOR,2015,
Norway,NOR,2014,
Norway,NOR,2013,
Oman,OMN,2025,
Oman,OMN,2024,
Oman,OMN,2023,542.341
Oman,OMN,2022,281.59516
Oman,OMN,2021,254.45727
Oman,OMN,2020,51.918137
Oman,OMN,2019,566.923
Oman,OMN,2018,510.425983
Oman,OMN,2017,434.92173
Oman,OMN,2016,425.202175
Oman,OMN,2015,412.234008
Oman,OMN,2014,291.939
Oman,OMN,2013,251.141
Pakistan,PAK,2025,
Pakistan,PAK,2024,
Pakistan,PAK,2023,309.514606
Pakistan,PAK,2022,95.329
Pakistan,PAK,2021,75.60493
Pakistan,PAK,2020,95.88035
Pakistan,PAK,2019,192.977927
Pakistan,PAK,2018,217.534134
Pakistan,PAK,2017,214.52857
Pakistan,PAK,2016,175.4744
Pakistan,PAK,2015,183.17731267
Pakistan,PAK,2014,204.623134285262
Pakistan,PAK,2013,292.760800570437
Palau,PLW,2025,
Palau,PLW,2024,
Palau,PLW,2023,
Palau,PLW,2022,
Palau,PLW,2021,
Palau,PLW,2020,
Palau,PLW,2019,
Palau,PLW,2018,
Palau,PLW,2017,
Palau,PLW,2016,
Palau,PLW,2015,
Palau,PLW,2014,
Palau,PLW,2013,
Panama,PAN,2025,
Panama,PAN,2024,
Panama,PAN,2023,143.666535
Panama,PAN,2022,183.354662
Panama,PAN,2021,150.327435
Panama,PAN,2020,73.431132
Panama,PAN,2019,94.840477
Panama,PAN,2018,64.710714
Panama,PAN,2017,45.776862
Panama,PAN,2016,126.052370637
Panama,PAN,2015,121.567074708
Panama,PAN,2014,134.10594055287
Panama,PAN,2013,147.711511102115
Papua New Guinea,PNG,2025,
Papua New Guinea,PNG,2024,
Papua New Guinea,PNG,2023,7.120665
Papua New Guinea,PNG,2022,32.722021
Papua New Guinea,PNG,2021,38.185378
Papua New Guinea,PNG,2020,31.849211
Papua New Guinea,PNG,2019,30.685844
Papua New Guinea,PNG,2018,31.036317
Papua New Guinea,PNG,2017,29.231317078
Papua New Guinea,PNG,2016,26.9017828904392
Papua New Guinea,PNG,2015,27.3706535806214
Papua New Guinea,PNG,2014,33.402132
Papua New Guinea,PNG,2013,32.728836
Paraguay,PRY,2025,
Paraguay,PRY,2024,
Paraguay,PRY,2023,0.905
Paraguay,PRY,2022,0.87
Paraguay,PRY,2021,0.312
Paraguay,PRY,2020,0.478
Paraguay,PRY,2019,1.842301
Paraguay,PRY,2018,1.970266
Paraguay,PRY,2017,1.857094
Paraguay,PRY,2016,1.774534
Paraguay,PRY,2015,1.641624
Paraguay,PRY,2014,2.085996
Paraguay,PRY,2013,0.0
Peru,PER,2025,
Peru,PER,2024,
Peru,PER,2023,299.231737796
Peru,PER,2022,324.268085
Peru,PER,2021,258.342932
Peru,PER,2020,96.451838
Peru,PER,2019,340.335049
Peru,PER,2018,313.264641181
Peru,PER,2017,316.825703
Peru,PER,2016,276.1751
Peru,PER,2015,329.568817319152
Peru,PER,2014,295.31226543068
Peru,PER,2013,334.880485681557
Philippines,PHL,2025,
Philippines,PHL,2024,
Philippines,PHL,2023,649.206834
Philippines,PHL,2022,629.794582
Philippines,PHL,2021,530.283136
Philippines,PHL,2020,360.409324
Philippines,PHL,2019,926.888641
Philippines,PHL,2018,835.904513
Philippines,PHL,2017,753.351739
Philippines,PHL,2016,665.124567915
Philippines,PHL,2015,604.508812
Philippines,PHL,2014,577.474932
Philippines,PHL,2013,325.682352
Poland,POL,2025,
Poland,POL,2024,
Poland,POL,2023,343.93228
Poland,POL,2022,308.34517
Poland,POL,2021,215.00546
Poland,POL,2020,140.556639
Poland,POL,2019,317.866
Poland,POL,2018,271.488
Poland,POL,2017,221.814
Poland,POL,2016,155.552044
Poland,POL,2015,114.791591876
Poland,POL,2014,120.85182858
Poland,POL,2013,97.64576278
Portugal,PRT,2025,
Portugal,PRT,2024,
Portugal,PRT,2023,568.97882
Portugal,PRT,2022,567.233466666
Portugal,PRT,2021,500.44279
Portugal,PRT,2020,280.010031636
Portugal,PRT,2019,536.98922
Portugal,PRT,2018,454.209368
Portugal,PRT,2017,421.8294532
Portugal,PRT,2016,327.012274
Portugal,PRT,2015,343.964162
Portugal,PRT,2014,348.67247
Portugal,PRT,2013,319.454636
Puerto Rico (US),PRI,2025,
Puerto Rico (US),PRI,2024,
Puerto Rico (US),PRI,2023,
Puerto Rico (US),PRI,2022,
Puerto Rico (US),PRI,2021,
Puerto Rico (US),PRI,2020,
Puerto Rico (US),PRI,2019,
Puerto Rico (US),PRI,2018,
Puerto Rico (US),PRI,2017,
Puerto Rico (US),PRI,2016,
Puerto Rico (US),PRI,2015,
Puerto Rico (US),PRI,2014,
Puerto Rico (US),PRI,2013,
Qatar,QAT,2025,
Qatar,QAT,2024,
Qatar,QAT,2023,13926.596836363
Qatar,QAT,2022,14087.18535
Qatar,QAT,2021,15861.65425
Qatar,QAT,2020,13543.50932
Qatar,QAT,2019,12739.81097
Qatar,QAT,2018,12666.7094
Qatar,QAT,2017,10970.08988
Qatar,QAT,2016,9206.16533
Qatar,QAT,2015,7563.30739
Qatar,QAT,2014,5993.108
Qatar,QAT,2013,4960.582
Romania,ROU,2025,
Romania,ROU,2024,
Romania,ROU,2023,2.33576
Romania,ROU,2022,2.7223
Romania,ROU,2021,1.6239
Romania,ROU,2020,0.889334
Romania,ROU,2019,3.334
Romania,ROU,2018,2.71
Romania,ROU,2017,2.8045
Romania,ROU,2016,4.2237
Romania,ROU,2015,4.7179
Romania,ROU,2014,5.2917
Romania,ROU,2013,5.25614
Russian Federation,RUS,2025,
Russian Federation,RUS,2024,
Russian Federation,RUS,2023,1268.80857
Russian Federation,RUS,2022,1006.42855
Russian Federation,RUS,2021,5888.41652
Russian Federation,RUS,2020,4314.60456
Russian Federation,RUS,2019,6480.99978
Russian Federation,RUS,2018,6810.61016
Russian Federation,RUS,2017,6845.22951
Russian Federation,RUS,2016,5863.19654
Russian Federation,RUS,2015,4761.04707
Russian Federation,RUS,2014,4413.55935
Russian Federation,RUS,2013,4249.26882
Rwanda,RWA,2025,
Rwanda,RWA,2024,
Rwanda,RWA,2023,
Rwanda,RWA,2022,
Rwanda,RWA,2021,
Rwanda,RWA,2020,
Rwanda,RWA,2019,0.0
Rwanda,RWA,2018,0.0
Rwanda,RWA,2017,
Rwanda,RWA,2016,
Rwanda,RWA,2015,
Rwanda,RWA,2014,20.696268
Rwanda,RWA,2013,19.999008
Samoa,WSM,2025,
Samoa,WSM,2024,
Samoa,WSM,2023,0.005954
Samoa,WSM,2022,0.007247
Samoa,WSM,2021,0.002113
Samoa,WSM,2020,0.004077
Samoa,WSM,2019,0.0
Samoa,WSM,2018,0.0
Samoa,WSM,2017,
Samoa,WSM,2016,0.017582064
Samoa,WSM,2015,0.015066036
Samoa,WSM,2014,0.011652
Samoa,WSM,2013,
San Marino,SMR,2025,
San Marino,SMR,2024,
San Marino,SMR,2023,
San Marino,SMR,2022,
San Marino,SMR,2021,
San Marino,SMR,2020,
San Marino,SMR,2019,
San Marino,SMR,2018,
San Marino,SMR,2017,
San Marino,SMR,2016,
San Marino,SMR,2015,
San Marino,SMR,2014,
San Marino,SMR,2013,
Sao Tome and Principe,STP,2025,
Sao Tome and Principe,STP,2024,
Sao Tome and Principe,STP,2023,0.8486
Sao Tome and Principe,STP,2022,0.8785
Sao Tome and Principe,STP,2021,0.9737
Sao Tome and Principe,STP,2020,0.608654
Sao Tome and Principe,STP,2019,0.572749
Sao Tome and Principe,STP,2018,0.561943
Sao Tome and Principe,STP,2017,
Sao Tome and Principe,STP,2016,
Sao Tome and Principe,STP,2015,
Sao Tome and Principe,STP,2014,
Sao Tome and Principe,STP,2013,
Saudi Arabia,SAU,2025,
Saudi Arabia,SAU,2024,
Saudi Arabia,SAU,2023,1036.791068
Saudi Arabia,SAU,2022,1438.61450068
Saudi Arabia,SAU,2021,678.56349068879
Saudi Arabia,SAU,2020,581.5205976
Saudi Arabia,SAU,2019,2043.245359
Saudi Arabia,SAU,2018,1085.47
Saudi Arabia,SAU,2017,867.640758
Saudi Arabia,SAU,2016,833.991
Saudi Arabia,SAU,2015,826.83
Saudi Arabia,SAU,2014,1599.921996
Saudi Arabia,SAU,2013,1694.372004
Senegal,SEN,2025,
Senegal,SEN,2024,
Senegal,SEN,2023,
Senegal,SEN,2022,9.98639922456747
Senegal,SEN,2021,3.312494155
Senegal,SEN,2020,2.573077
Senegal,SEN,2019,2.091018
Senegal,SEN,2018,0.0
Senegal,SEN,2017,0.041650904321273
Senegal,SEN,2016,0.133149772
Senegal,SEN,2015,3.09552348483269
Senegal,SEN,2014,3.578448
Senegal,SEN,2013,4.47306
Serbia,SRB,2025,
Serbia,SRB,2024,
Serbia,SRB,2023,19.33
Serbia,SRB,2022,14.211
Serbia,SRB,2021,14.071
Serbia,SRB,2020,8.101
Serbia,SRB,2019,13.313
Serbia,SRB,2018,17.7117
Serbia,SRB,2017,7.355192
Serbia,SRB,2016,4.737729
Serbia,SRB,2015,3.217
Serbia,SRB,2014,2.748
Serbia,SRB,2013,1.451004
Seychelles,SYC,2025,
Seychelles,SYC,2024,
Seychelles,SYC,2023,1.17786
Seychelles,SYC,2022,1.7028
Seychelles,SYC,2021,0.79776
Seychelles,SYC,2020,0.75756
Seychelles,SYC,2019,2.40769
Seychelles,SYC,2018,7.793
Seychelles,SYC,2017,29.345
Seychelles,SYC,2016,20.123
Seychelles,SYC,2015,19.234992
Seychelles,SYC,2014,32.310996
Seychelles,SYC,2013,26.245992
Sierra Leone,SLE,2025,
Sierra Leone,SLE,2024,
Sierra Leone,SLE,2023,
Sierra Leone,SLE,2022,
Sierra Leone,SLE,2021,
Sierra Leone,SLE,2020,
Sierra Leone,SLE,2019,
Sierra Leone,SLE,2018,
Sierra Leone,SLE,2017,
Sierra Leone,SLE,2016,
Sierra Leone,SLE,2015,
Sierra Leone,SLE,2014,
Sierra Leone,SLE,2013,
Singapore,SGP,2025,
Singapore,SGP,2024,
Singapore,SGP,2023,7604.20871972
Singapore,SGP,2022,4695.577396
Singapore,SGP,2021,3666.850451
Singapore,SGP,2020,3019.926083
Singapore,SGP,2019,6411.98982815646
Singapore,SGP,2018,6947.43532775345
Singapore,SGP,2017,5062.992579
Singapore,SGP,2016,6695.81127593532
Singapore,SGP,2015,6331.93030364296
Singapore,SGP,2014,6051.73592
Singapore,SGP,2013,6360.12415
Sint Maarten (Dutch part),SXM,2025,
Sint Maarten (Dutch part),SXM,2024,
Sint Maarten (Dutch part),SXM,2023,
Sint Maarten (Dutch part),SXM,2022,
Sint Maarten (Dutch part),SXM,2021,
Sint Maarten (Dutch part),SXM,2020,
Sint Maarten (Dutch part),SXM,2019,
Sint Maarten (Dutch part),SXM,2018,
Sint Maarten (Dutch part),SXM,2017,
Sint Maarten (Dutch part),SXM,2016,
Sint Maarten (Dutch part),SXM,2015,
Sint Maarten (Dutch part),SXM,2014,
Sint Maarten (Dutch part),SXM,2013,
Slovak Republic,SVK,2025,
Slovak Republic,SVK,2024,
Slovak Republic,SVK,2023,
Slovak Republic,SVK,2022,
Slovak Republic,SVK,2021,
Slovak Republic,SVK,2020,
Slovak Republic,SVK,2019,0.0
Slovak Republic,SVK,2018,
Slovak Republic,SVK,2017,
Slovak Republic,SVK,2016,
Slovak Republic,SVK,2015,
Slovak Republic,SVK,2014,
Slovak Republic,SVK,2013,0.0
Slovenia,SVN,2025,
Slovenia,SVN,2024,
Slovenia,SVN,2023,
Slovenia,SVN,2022,
Slovenia,SVN,2021,
Slovenia,SVN,2020,
Slovenia,SVN,2019,0.35950656
Slovenia,SVN,2018,0.54284
Slovenia,SVN,2017,0.5664
Slovenia,SVN,2016,0.41874
Slovenia,SVN,2015,0.8
Slovenia,SVN,2014,1.098
Slovenia,SVN,2013,0.988
Solomon Islands,SLB,2025,
Solomon Islands,SLB,2024,
Solomon Islands,SLB,2023,9.1443765
Solomon Islands,SLB,2022,6.187182
Solomon Islands,SLB,2021,
Solomon Islands,SLB,2020,
Solomon Islands,SLB,2019,0.0
Solomon Islands,SLB,2018,3.842515754
Solomon Islands,SLB,2017,3.842515754
Solomon Islands,SLB,2016,3.595603574
Solomon Islands,SLB,2015,3.69158478
Solomon Islands,SLB,2014,3.235068
Solomon Islands,SLB,2013,3.077352
"Somalia, Fed. Rep.",SOM,2025,
"Somalia, Fed. Rep.",SOM,2024,
"Somalia, Fed. Rep.",SOM,2023,
"Somalia, Fed. Rep.",SOM,2022,
"Somalia, Fed. Rep.",SOM,2021,
"Somalia, Fed. Rep.",SOM,2020,
"Somalia, Fed. Rep.",SOM,2019,0.0
"Somalia, Fed. Rep.",SOM,2018,0.0
"Somalia, Fed. Rep.",SOM,2017,
"Somalia, Fed. Rep.",SOM,2016,
"Somalia, Fed. Rep.",SOM,2015,
"Somalia, Fed. Rep.",SOM,2014,1.363692
"Somalia, Fed. Rep.",SOM,2013,1.440588
South Africa,ZAF,2025,
South Africa,ZAF,2024,
South Africa,ZAF,2023,59.665317008098
South Africa,ZAF,2022,143.30777732
South Africa,ZAF,2021,15.131581
South Africa,ZAF,2020,102.392463
South Africa,ZAF,2019,565.20947
South Africa,ZAF,2018,696.730006
South Africa,ZAF,2017,833.347947527025
South Africa,ZAF,2016,767.271186
South Africa,ZAF,2015,892.734324084
South Africa,ZAF,2014,1042.73626391249
South Africa,ZAF,2013,1122.986468
South Sudan,SSD,2025,
South Sudan,SSD,2024,
South Sudan,SSD,2023,
South Sudan,SSD,2022,
South Sudan,SSD,2021,
South Sudan,SSD,2020,
South Sudan,SSD,2019,
South Sudan,SSD,2018,
South Sudan,SSD,2017,
South Sudan,SSD,2016,
South Sudan,SSD,2015,
South Sudan,SSD,2014,
South Sudan,SSD,2013,
Spain,ESP,2025,
Spain,ESP,2024,
Spain,ESP,2023,1130.88259932
Spain,ESP,2022,956.252026
Spain,ESP,2021,850.819356
Spain,ESP,2020,494.260587847
Spain,ESP,2019,1191.466578
Spain,ESP,2018,1118.73285
Spain,ESP,2017,1078.63356
Spain,ESP,2016,1068.160640636
Spain,ESP,2015,1035.487113
Spain,ESP,2014,962.636446
Spain,ESP,2013,957.997754181
Sri Lanka,LKA,2025,
Sri Lanka,LKA,2024,
Sri Lanka,LKA,2023,278.498286
Sri Lanka,LKA,2022,314.752588
Sri Lanka,LKA,2021,412.484
Sri Lanka,LKA,2020,226.479
Sri Lanka,LKA,2019,394.05
Sri Lanka,LKA,2018,436.198
Sri Lanka,LKA,2017,398.473464249
Sri Lanka,LKA,2016,403.075583974751
Sri Lanka,LKA,2015,381.6320526
Sri Lanka,LKA,2014,384.70865414
Sri Lanka,LKA,2013,385.12
St. Kitts and Nevis,KNA,2025,
St. Kitts and Nevis,KNA,2024,
St. Kitts and Nevis,KNA,2023,
St. Kitts and Nevis,KNA,2022,
St. Kitts and Nevis,KNA,2021,
St. Kitts and Nevis,KNA,2020,
St. Kitts and Nevis,KNA,2019,
St. Kitts and Nevis,KNA,2018,
St. Kitts and Nevis,KNA,2017,
St. Kitts and Nevis,KNA,2016,
St. Kitts and Nevis,KNA,2015,
St. Kitts and Nevis,KNA,2014,
St. Kitts and Nevis,KNA,2013,
St. Lucia,LCA,2025,
St. Lucia,LCA,2024,
St. Lucia,LCA,2023,
St. Lucia,LCA,2022,
St. Lucia,LCA,2021,
St. Lucia,LCA,2020,
St. Lucia,LCA,2019,
St. Lucia,LCA,2018,
St. Lucia,LCA,2017,
St. Lucia,LCA,2016,
St. Lucia,LCA,2015,
St. Lucia,LCA,2014,
St. Lucia,LCA,2013,
St. Martin (French part),MAF,2025,
St. Martin (French part),MAF,2024,
St. Martin (French part),MAF,2023,
St. Martin (French part),MAF,2022,
St. Martin (French part),MAF,2021,
St. Martin (French part),MAF,2020,
St. Martin (French part),MAF,2019,
St. Martin (French part),MAF,2018,
St. Martin (French part),MAF,2017,
St. Martin (French part),MAF,2016,
St. Martin (French part),MAF,2015,
St. Martin (French part),MAF,2014,
St. Martin (French part),MAF,2013,
St. Vincent and the Grenadines,VCT,2025,
St. Vincent and the Grenadines,VCT,2024,
St. Vincent and the Grenadines,VCT,2023,
St. Vincent and the Grenadines,VCT,2022,
St. Vincent and the Grenadines,VCT,2021,
St. Vincent and the Grenadines,VCT,2020,
St. Vincent and the Grenadines,VCT,2019,
St. Vincent and the Grenadines,VCT,2018,
St. Vincent and the Grenadines,VCT,2017,
St. Vincent and the Grenadines,VCT,2016,
St. Vincent and the Grenadines,VCT,2015,
St. Vincent and the Grenadines,VCT,2014,
St. Vincent and the Grenadines,VCT,2013,
Sudan,SDN,2025,
Sudan,SDN,2024,
Sudan,SDN,2023,20.03647852
Sudan,SDN,2022,27.43780747
Sudan,SDN,2021,25.8138525
Sudan,SDN,2020,
Sudan,SDN,2019,0.0755
Sudan,SDN,2018,0.85847
Sudan,SDN,2017,5.6883385341
Sudan,SDN,2016,5.1483685301
Sudan,SDN,2015,7.44532026283296
Sudan,SDN,2014,11.895
Sudan,SDN,2013,12.415236
Suriname,SUR,2025,
Suriname,SUR,2024,
Suriname,SUR,2023,23.62
Suriname,SUR,2022,20.77
Suriname,SUR,2021,19.48687
Suriname,SUR,2020,26.83
Suriname,SUR,2019,32.227
Suriname,SUR,2018,33.201
Suriname,SUR,2017,23.184
Suriname,SUR,2016,23.184
Suriname,SUR,2015,22.3450867609255
Suriname,SUR,2014,28.947996
Suriname,SUR,2013,30.471996
Sweden,SWE,2025,
Sweden,SWE,2024,
Sweden,SWE,2023,324.82
Sweden,SWE,2022,320.525
Sweden,SWE,2021,348.598679007
Sweden,SWE,2020,304.418496636947
Sweden,SWE,2019,985.655671715528
Sweden,SWE,2018,991.0
Sweden,SWE,2017,762.0
Sweden,SWE,2016,690.0
Sweden,SWE,2015,594.0
Sweden,SWE,2014,686.0
Sweden,SWE,2013,592.0
Switzerland,CHE,2025,
Switzerland,CHE,2024,
Switzerland,CHE,2023,1257.503636363
Switzerland,CHE,2022,1313.198
Switzerland,CHE,2021,1230.786090909
Switzerland,CHE,2020,842.992
Switzerland,CHE,2019,1640.735
Switzerland,CHE,2018,1841.314
Switzerland,CHE,2017,1581.35236
Switzerland,CHE,2016,1532.761243
Switzerland,CHE,2015,1409.329209
Switzerland,CHE,2014,1508.892548
Switzerland,CHE,2013,1444.374258
Syrian Arab Republic,SYR,2025,
Syrian Arab Republic,SYR,2024,
Syrian Arab Republic,SYR,2023,1.5535221952
Syrian Arab Republic,SYR,2022,2.079571
Syrian Arab Republic,SYR,2021,3.137035
Syrian Arab Republic,SYR,2020,1.782252
Syrian Arab Republic,SYR,2019,0.024356690607853
Syrian Arab Republic,SYR,2018,0.0256386216924769
Syrian Arab Republic,SYR,2017,0.025670514
Syrian Arab Republic,SYR,2016,0.028381977
Syrian Arab Republic,SYR,2015,0.0280427875669882
Syrian Arab Republic,SYR,2014,1.517388
Syrian Arab Republic,SYR,2013,1.517388
Tajikistan,TJK,2025,
Tajikistan,TJK,2024,
Tajikistan,TJK,2023,131.73517458
Tajikistan,TJK,2022,93.12250344
Tajikistan,TJK,2021,0.95098948
Tajikistan,TJK,2020,1.91818
Tajikistan,TJK,2019,2.5060054231253
Tajikistan,TJK,2018,2.337
Tajikistan,TJK,2017,2.89861
Tajikistan,TJK,2016,4.92143181707628
Tajikistan,TJK,2015,5.27238131829056
Tajikistan,TJK,2014,2.954004
Tajikistan,TJK,2013,0.4757
Tanzania,TZA,2025,
Tanzania,TZA,2024,
Tanzania,TZA,2023,20.037247
Tanzania,TZA,2022,12.9590624
Tanzania,TZA,2021,4.359006
Tanzania,TZA,2020,0.857297
Tanzania,TZA,2019,0.962933
Tanzania,TZA,2018,0.487269
Tanzania,TZA,2017,0.281228
Tanzania,TZA,2016,0.536721
Tanzania,TZA,2015,2.213882
Tanzania,TZA,2014,0.564368726
Tanzania,TZA,2013,0.003641454
Thailand,THA,2025,
Thailand,THA,2024,
Thailand,THA,2023,1649.928515
Thailand,THA,2022,1366.382137
Thailand,THA,2021,604.020922
Thailand,THA,2020,684.208676
Thailand,THA,2019,2327.667095
Thailand,THA,2018,2666.263256
Thailand,THA,2017,2511.891367964
Thailand,THA,2016,2160.069653102
Thailand,THA,2015,2136.72847939514
Thailand,THA,2014,2524.64667
Thailand,THA,2013,2640.367634
Timor-Leste,TLS,2025,
Timor-Leste,TLS,2024,
Timor-Leste,TLS,2023,
Timor-Leste,TLS,2022,
Timor-Leste,TLS,2021,
Timor-Leste,TLS,2020,
Timor-Leste,TLS,2019,
Timor-Leste,TLS,2018,
Timor-Leste,TLS,2017,
Timor-Leste,TLS,2016,
Timor-Leste,TLS,2015,
Timor-Leste,TLS,2014,
Timor-Leste,TLS,2013,
Togo,TGO,2025,
Togo,TGO,2024,
Togo,TGO,2023,58.549821333
Togo,TGO,2022,33.491199
Togo,TGO,2021,18.343564
Togo,TGO,2020,9.830464
Togo,TGO,2019,14.624076
Togo,TGO,2018,10.89276
Togo,TGO,2017,8.56582776
Togo,TGO,2016,8.3493888
Togo,TGO,2015,7.3969052656347
Togo,TGO,2014,41.4737598035943
Togo,TGO,2013,32.362596
Tonga,TON,2025,
Tonga,TON,2024,
Tonga,TON,2023,
Tonga,TON,2022,
Tonga,TON,2021,
Tonga,TON,2020,
Tonga,TON,2019,
Tonga,TON,2018,
Tonga,TON,2017,
Tonga,TON,2016,
Tonga,TON,2015,
Tonga,TON,2014,
Tonga,TON,2013,
Trinidad and Tobago,TTO,2025,
Trinidad and Tobago,TTO,2024,
Trinidad and Tobago,TTO,2023,45.83634
Trinidad and Tobago,TTO,2022,37.40396
Trinidad and Tobago,TTO,2021,58.59905
Trinidad and Tobago,TTO,2020,32.45122
Trinidad and Tobago,TTO,2019,47.338148
Trinidad and Tobago,TTO,2018,41.138
Trinidad and Tobago,TTO,2017,37.428
Trinidad and Tobago,TTO,2016,21.343723
Trinidad and Tobago,TTO,2015,43.198175952
Trinidad and Tobago,TTO,2014,43.736004
Trinidad and Tobago,TTO,2013,44.646
Tunisia,TUN,2025,
Tunisia,TUN,2024,
Tunisia,TUN,2023,10.95911
Tunisia,TUN,2022,
Tunisia,TUN,2021,5.602932
Tunisia,TUN,2020,6.546656
Tunisia,TUN,2019,13.092473
Tunisia,TUN,2018,13.234265
Tunisia,TUN,2017,12.124027
Tunisia,TUN,2016,8.096
Tunisia,TUN,2015,10.35424112
Tunisia,TUN,2014,13.28618
Tunisia,TUN,2013,14.683452
Turkiye,TUR,2025,
Turkiye,TUR,2024,
Turkiye,TUR,2023,8367.297795
Turkiye,TUR,2022,8421.527714636
Turkiye,TUR,2021,9338.328585454
Turkiye,TUR,2020,6870.46874
Turkiye,TUR,2019,6815.50975
Turkiye,TUR,2018,5949.212205544
Turkiye,TUR,2017,4800.237745146
Turkiye,TUR,2016,3493.930482468
Turkiye,TUR,2015,2882.162
Turkiye,TUR,2014,2630.33
Turkiye,TUR,2013,2296.03873424933
Turkmenistan,TKM,2025,
Turkmenistan,TKM,2024,
Turkmenistan,TKM,2023,62.7242571
Turkmenistan,TKM,2022,28.63768014
Turkmenistan,TKM,2021,0.684174704
Turkmenistan,TKM,2020,4.34740656
Turkmenistan,TKM,2019,16.55784
Turkmenistan,TKM,2018,16.916
Turkmenistan,TKM,2017,19.484
Turkmenistan,TKM,2016,5.953543762
Turkmenistan,TKM,2015,4.81185528988917
Turkmenistan,TKM,2014,4.17014507594203
Turkmenistan,TKM,2013,0.0
Turks and Caicos Islands,TCA,2025,
Turks and Caicos Islands,TCA,2024,
Turks and Caicos Islands,TCA,2023,
Turks and Caicos Islands,TCA,2022,
Turks and Caicos Islands,TCA,2021,
Turks and Caicos Islands,TCA,2020,
Turks and Caicos Islands,TCA,2019,
Turks and Caicos Islands,TCA,2018,
Turks and Caicos Islands,TCA,2017,
Turks and Caicos Islands,TCA,2016,
Turks and Caicos Islands,TCA,2015,
Turks and Caicos Islands,TCA,2014,
Turks and Caicos Islands,TCA,2013,
Tuvalu,TUV,2025,
Tuvalu,TUV,2024,
Tuvalu,TUV,2023,
Tuvalu,TUV,2022,
Tuvalu,TUV,2021,
Tuvalu,TUV,2020,
Tuvalu,TUV,2019,
Tuvalu,TUV,2018,
Tuvalu,TUV,2017,
Tuvalu,TUV,2016,
Tuvalu,TUV,2015,
Tuvalu,TUV,2014,
Tuvalu,TUV,2013,
Uganda,UGA,2025,
Uganda,UGA,2024,
Uganda,UGA,2023,0.05586048
Uganda,UGA,2022,
Uganda,UGA,2021,
Uganda,UGA,2020,
Uganda,UGA,2019,0.055324647
Uganda,UGA,2018,0.0
Uganda,UGA,2017,
Uganda,UGA,2016,0.02300256
Uganda,UGA,2015,0.023472
Uganda,UGA,2014,0.670884
Uganda,UGA,2013,0.86022
Ukraine,UKR,2025,
Ukraine,UKR,2024,
Ukraine,UKR,2023,
Ukraine,UKR,2022,3.127453466
Ukraine,UKR,2021,28.1699
Ukraine,UKR,2020,14.0479
Ukraine,UKR,2019,75.617661
Ukraine,UKR,2018,75.26435
Ukraine,UKR,2017,53.792982
Ukraine,UKR,2016,40.459830355
Ukraine,UKR,2015,37.7408652
Ukraine,UKR,2014,22.0855
Ukraine,UKR,2013,14.3835
United Arab Emirates,ARE,2025,
United Arab Emirates,ARE,2024,
United Arab Emirates,ARE,2023,13566.15894
United Arab Emirates,ARE,2022,12994.52127
United Arab Emirates,ARE,2021,15300.72918
United Arab Emirates,ARE,2020,12171.5568
United Arab Emirates,ARE,2019,14765.5995814573
United Arab Emirates,ARE,2018,15962.90443
United Arab Emirates,ARE,2017,16616.24461
United Arab Emirates,ARE,2016,16138.874
United Arab Emirates,ARE,2015,15962.692
United Arab Emirates,ARE,2014,15527.192868
United Arab Emirates,ARE,2013,14082.25474
United Kingdom,GBR,2025,
United Kingdom,GBR,2024,
United Kingdom,GBR,2023,4413.895
United Kingdom,GBR,2022,4019.826
United Kingdom,GBR,2021,4097.09
United Kingdom,GBR,2020,3667.467
United Kingdom,GBR,2019,5851.19
United Kingdom,GBR,2018,6198.37
United Kingdom,GBR,2017,5915.641
United Kingdom,GBR,2016,5512.672996428
United Kingdom,GBR,2015,5423.17313862741
United Kingdom,GBR,2014,5974.825151208
United Kingdom,GBR,2013,6031.574712
United States,USA,2025,
United States,USA,2024,
United States,USA,2023,42762.858703
United States,USA,2022,45972.789122
United States,USA,2021,46004.645648
United States,USA,2020,40793.094662
United States,USA,2019,42498.262662
United States,USA,2018,42985.299596
United States,USA,2017,41591.551767
United States,USA,2016,38657.919041
United States,USA,2015,37866.224512
United States,USA,2014,38225.1960889445
United States,USA,2013,37113.5589216014
Uruguay,URY,2025,
Uruguay,URY,2024,
Uruguay,URY,2023,
Uruguay,URY,2022,
Uruguay,URY,2021,
Uruguay,URY,2020,
Uruguay,URY,2019,
Uruguay,URY,2018,
Uruguay,URY,2017,
Uruguay,URY,2016,
Uruguay,URY,2015,
Uruguay,URY,2014,
Uruguay,URY,2013,
Uzbekistan,UZB,2025,
Uzbekistan,UZB,2024,
Uzbekistan,UZB,2023,96.45897
Uzbekistan,UZB,2022,83.1522172153872
Uzbekistan,UZB,2021,38.02591
Uzbekistan,UZB,2020,20.00549
Uzbekistan,UZB,2019,70.49835
Uzbekistan,UZB,2018,89.43028
Uzbekistan,UZB,2017,126.79762
Uzbekistan,UZB,2016,112.28173
Uzbekistan,UZB,2015,114.33452
Uzbekistan,UZB,2014,110.23607
Uzbekistan,UZB,2013,99.00415
Vanuatu,VUT,2025,
Vanuatu,VUT,2024,
Vanuatu,VUT,2023,30.27160086
Vanuatu,VUT,2022,17.33341398
Vanuatu,VUT,2021,0.436547
Vanuatu,VUT,2020,0.518117
Vanuatu,VUT,2019,2.10991073558386
Vanuatu,VUT,2018,1.663
Vanuatu,VUT,2017,1.628
Vanuatu,VUT,2016,1.211181
Vanuatu,VUT,2015,1.656
Vanuatu,VUT,2014,1.996584
Vanuatu,VUT,2013,1.935996
"Venezuela, RB",VEN,2025,
"Venezuela, RB",VEN,2024,
"Venezuela, RB",VEN,2023,0.123204
"Venezuela, RB",VEN,2022,0.437345
"Venezuela, RB",VEN,2021,0.105785
"Venezuela, RB",VEN,2020,2.883894
"Venezuela, RB",VEN,2019,0.183573
"Venezuela, RB",VEN,2018,0.0
"Venezuela, RB",VEN,2017,2.79291553183396
"Venezuela, RB",VEN,2016,3.996713403
"Venezuela, RB",VEN,2015,4.12577123012918
"Venezuela, RB",VEN,2014,4.06835119546078
"Venezuela, RB",VEN,2013,5.198784
Viet Nam,VNM,2025,
Viet Nam,VNM,2024,
Viet Nam,VNM,2023,927.8888
Viet Nam,VNM,2022,766.321198
Viet Nam,VNM,2021,676.506604
Viet Nam,VNM,2020,572.07627
Viet Nam,VNM,2019,1022.84225
Viet Nam,VNM,2018,762.66195
Viet Nam,VNM,2017,453.34954
Viet Nam,VNM,2016,451.25618
Viet Nam,VNM,2015,384.47024
Viet Nam,VNM,2014,450.220037899155
Viet Nam,VNM,2013,497.179820293424
Virgin Islands (U.S.),VIR,2025,
Virgin Islands (U.S.),VIR,2024,
Virgin Islands (U.S.),VIR,2023,
Virgin Islands (U.S.),VIR,2022,
Virgin Islands (U.S.),VIR,2021,
Virgin Islands (U.S.),VIR,2020,
Virgin Islands (U.S.),VIR,2019,
Virgin Islands (U.S.),VIR,2018,
Virgin Islands (U.S.),VIR,2017,
Virgin Islands (U.S.),VIR,2016,
Virgin Islands (U.S.),VIR,2015,
Virgin Islands (U.S.),VIR,2014,
Virgin Islands (U.S.),VIR,2013,
West Bank and Gaza,PSE,2025,
West Bank and Gaza,PSE,2024,
West Bank and Gaza,PSE,2023,
West Bank and Gaza,PSE,2022,
West Bank and Gaza,PSE,2021,
West Bank and Gaza,PSE,2020,
West Bank and Gaza,PSE,2019,
West Bank and Gaza,PSE,2018,
West Bank and Gaza,PSE,2017,
West Bank and Gaza,PSE,2016,
West Bank and Gaza,PSE,2015,
West Bank and Gaza,PSE,2014,
West Bank and Gaza,PSE,2013,
"Yemen, Rep.",YEM,2025,
"Yemen, Rep.",YEM,2024,
"Yemen, Rep.",YEM,2023,49.72517136
"Yemen, Rep.",YEM,2022,2.46569616
"Yemen, Rep.",YEM,2021,2.47546368
"Yemen, Rep.",YEM,2020,2.47546368
"Yemen, Rep.",YEM,2019,0.0
"Yemen, Rep.",YEM,2018,3.27
"Yemen, Rep.",YEM,2017,
"Yemen, Rep.",YEM,2016,
"Yemen, Rep.",YEM,2015,
"Yemen, Rep.",YEM,2014,
"Yemen, Rep.",YEM,2013,0.0
Zambia,ZMB,2025,
Zambia,ZMB,2024,
Zambia,ZMB,2023,104.3195986179
Zambia,ZMB,2022,99.5737722
Zambia,ZMB,2021,75.18520667
Zambia,ZMB,2020,69.97121783064
Zambia,ZMB,2019,79.335
Zambia,ZMB,2018,75.077397732
Zambia,ZMB,2017,81.5576096504393
Zambia,ZMB,2016,80.3529469986506
Zambia,ZMB,2015,79.382095832289
Zambia,ZMB,2014,83.431251799322
Zambia,ZMB,2013,93.4325445351864
Zimbabwe,ZWE,2025,
Zimbabwe,ZWE,2024,
Zimbabwe,ZWE,2023,3.7815432
Zimbabwe,ZWE,2022,3.93361248
Zimbabwe,ZWE,2021,2.974346814
Zimbabwe,ZWE,2020,9.9972456
Zimbabwe,ZWE,2019,0.0
Zimbabwe,ZWE,2018,0.665035317
Zimbabwe,ZWE,2017,0.665035317
Zimbabwe,ZWE,2016,0.804947441
Zimbabwe,ZWE,2015,0.79610713578782
Zimbabwe,ZWE,2014,0.710490455655202
Zimbabwe,ZWE,2013,32.681952
