country_name,iso3,year,gdp_per_capita_ppp_current_intl
Africa Eastern and Southern,AFE,2025,4840.26519950124
Africa Eastern and Southern,AFE,2024,4635.1250488764
Africa Eastern and Southern,AFE,2023,4496.7448983176
Africa Eastern and Southern,AFE,2022,4359.59140659761
Africa Eastern and Southern,AFE,2021,4022.27765875061
Africa Eastern and Southern,AFE,2020,3707.03361237873
Africa Eastern and Southern,AFE,2019,3804.53383380234
Africa Eastern and Southern,AFE,2018,3727.71078455171
Africa Eastern and Southern,AFE,2017,3843.02837944545
Africa Eastern and Southern,AFE,2016,3639.49647625541
Africa Eastern and Southern,AFE,2015,3539.42826462333
Africa Eastern and Southern,AFE,2014,3513.89449077924
Africa Eastern and Southern,AFE,2013,3373.42876553653
Africa Western and Central,AFW,2025,7184.66448266193
Africa Western and Central,AFW,2024,6840.33388231922
Africa Western and Central,AFW,2023,6538.81203828952
Africa Western and Central,AFW,2022,6232.32301367722
Africa Western and Central,AFW,2021,5702.13488630478
Africa Western and Central,AFW,2020,5423.59440539157
Africa Western and Central,AFW,2019,5491.68793497457
Africa Western and Central,AFW,2018,5188.36799985052
Africa Western and Central,AFW,2017,5035.76239103569
Africa Western and Central,AFW,2016,4972.62385940911
Africa Western and Central,AFW,2015,5063.90537463052
Africa Western and Central,AFW,2014,5121.42199081437
Africa Western and Central,AFW,2013,4867.13076339912
Arab World,ARB,2025,19783.1661012207
Arab World,ARB,2024,18963.7188719868
Arab World,ARB,2023,18535.5718250448
Arab World,ARB,2022,17982.9465916669
Arab World,ARB,2021,16056.1999979133
Arab World,ARB,2020,14338.4686513157
Arab World,ARB,2019,15767.3970459926
Arab World,ARB,2018,15578.8139057756
Arab World,ARB,2017,14494.5144598753
Arab World,ARB,2016,13880.772630407
Arab World,ARB,2015,14353.7312174047
Arab World,ARB,2014,15837.4560557778
Arab World,ARB,2013,16054.0404163092
Caribbean small states,CSS,2025,42963.806092907
Caribbean small states,CSS,2024,38670.9082440011
Caribbean small states,CSS,2023,32879.5234896983
Caribbean small states,CSS,2022,28945.6087800083
Caribbean small states,CSS,2021,23495.1590735021
Caribbean small states,CSS,2020,20169.8826381617
Caribbean small states,CSS,2019,22156.1172344598
Caribbean small states,CSS,2018,21259.1014637807
Caribbean small states,CSS,2017,20796.7249890991
Caribbean small states,CSS,2016,19976.866124705
Caribbean small states,CSS,2015,20632.6575710473
Caribbean small states,CSS,2014,21219.9395191324
Caribbean small states,CSS,2013,20901.494764246
Central Europe and the Baltics,CEB,2025,52849.0502475199
Central Europe and the Baltics,CEB,2024,50542.6280755689
Central Europe and the Baltics,CEB,2023,48014.3414866347
Central Europe and the Baltics,CEB,2022,45264.7376182599
Central Europe and the Baltics,CEB,2021,40122.3609600588
Central Europe and the Baltics,CEB,2020,36454.227425867
Central Europe and the Baltics,CEB,2019,35861.647806839
Central Europe and the Baltics,CEB,2018,32302.4166123144
Central Europe and the Baltics,CEB,2017,29977.3227104648
Central Europe and the Baltics,CEB,2016,27864.3615159753
Central Europe and the Baltics,CEB,2015,26201.341579345
Central Europe and the Baltics,CEB,2014,24971.5268286455
Central Europe and the Baltics,CEB,2013,23869.112331393
Early-demographic dividend,EAR,2025,14620.932240004
Early-demographic dividend,EAR,2024,13811.1555049488
Early-demographic dividend,EAR,2023,13077.74159237
Early-demographic dividend,EAR,2022,12179.6777105287
Early-demographic dividend,EAR,2021,10723.3712238292
Early-demographic dividend,EAR,2020,9606.79804230566
Early-demographic dividend,EAR,2019,9858.57637742462
Early-demographic dividend,EAR,2018,9528.54183592407
Early-demographic dividend,EAR,2017,9044.20137999894
Early-demographic dividend,EAR,2016,8575.49198142062
Early-demographic dividend,EAR,2015,8264.59584216122
Early-demographic dividend,EAR,2014,8157.89125851157
Early-demographic dividend,EAR,2013,7927.02682343953
East Asia & Pacific,EAS,2025,29302.8935831596
East Asia & Pacific,EAS,2024,27438.5129211192
East Asia & Pacific,EAS,2023,25752.2654674716
East Asia & Pacific,EAS,2022,23800.6462225106
East Asia & Pacific,EAS,2021,21598.5847592384
East Asia & Pacific,EAS,2020,19443.1770050374
East Asia & Pacific,EAS,2019,19109.0873516499
East Asia & Pacific,EAS,2018,18016.3685078978
East Asia & Pacific,EAS,2017,16890.8665756057
East Asia & Pacific,EAS,2016,16099.1896220041
East Asia & Pacific,EAS,2015,15521.9186158598
East Asia & Pacific,EAS,2014,15032.999332664
East Asia & Pacific,EAS,2013,14440.0641260505
East Asia & Pacific (excluding high income),EAP,2025,25083.7806139111
East Asia & Pacific (excluding high income),EAP,2024,23283.4130214757
East Asia & Pacific (excluding high income),EAP,2023,21686.0963057574
East Asia & Pacific (excluding high income),EAP,2022,19923.1740251324
East Asia & Pacific (excluding high income),EAP,2021,17966.100209993
East Asia & Pacific (excluding high income),EAP,2020,16013.4753426599
East Asia & Pacific (excluding high income),EAP,2019,15683.1259243092
East Asia & Pacific (excluding high income),EAP,2018,14588.5359546838
East Asia & Pacific (excluding high income),EAP,2017,13488.4527615171
East Asia & Pacific (excluding high income),EAP,2016,12742.0507041478
East Asia & Pacific (excluding high income),EAP,2015,12146.4355160965
East Asia & Pacific (excluding high income),EAP,2014,11753.5559132772
East Asia & Pacific (excluding high income),EAP,2013,11177.095575401
East Asia & Pacific (IDA & IBRD countries),TEA,2025,25366.6056330139
East Asia & Pacific (IDA & IBRD countries),TEA,2024,23545.5187860765
East Asia & Pacific (IDA & IBRD countries),TEA,2023,21929.8374430801
East Asia & Pacific (IDA & IBRD countries),TEA,2022,20146.7246328844
East Asia & Pacific (IDA & IBRD countries),TEA,2021,18167.4009161466
East Asia & Pacific (IDA & IBRD countries),TEA,2020,16192.8182039717
East Asia & Pacific (IDA & IBRD countries),TEA,2019,15858.9260387373
East Asia & Pacific (IDA & IBRD countries),TEA,2018,14752.3323183285
East Asia & Pacific (IDA & IBRD countries),TEA,2017,13640.2597987988
East Asia & Pacific (IDA & IBRD countries),TEA,2016,12885.9507494662
East Asia & Pacific (IDA & IBRD countries),TEA,2015,12284.0283710403
East Asia & Pacific (IDA & IBRD countries),TEA,2014,11887.1086298281
East Asia & Pacific (IDA & IBRD countries),TEA,2013,11304.571018183
Euro area,EMU,2025,67483.0829954093
Euro area,EMU,2024,65966.8442234144
Euro area,EMU,2023,63831.250436355
Euro area,EMU,2022,60679.2730178163
Euro area,EMU,2021,53780.959568799
Euro area,EMU,2020,49280.0229070473
Euro area,EMU,2019,50791.823466043
Euro area,EMU,2018,47318.5743379282
Euro area,EMU,2017,45355.7249821481
Euro area,EMU,2016,43249.5569026614
Euro area,EMU,2015,40769.9816660802
Euro area,EMU,2014,39644.1377115733
Euro area,EMU,2013,38583.3726880613
Europe & Central Asia,ECS,2025,54129.367938537
Europe & Central Asia,ECS,2024,52686.8964371402
Europe & Central Asia,ECS,2023,50482.8793630789
Europe & Central Asia,ECS,2022,47853.0774254467
Europe & Central Asia,ECS,2021,42434.0454804633
Europe & Central Asia,ECS,2020,38111.8684660125
Europe & Central Asia,ECS,2019,38621.8354876282
Europe & Central Asia,ECS,2018,36005.7438495717
Europe & Central Asia,ECS,2017,34259.0681434047
Europe & Central Asia,ECS,2016,32525.5820200401
Europe & Central Asia,ECS,2015,31109.553754665
Europe & Central Asia,ECS,2014,30669.0359768491
Europe & Central Asia,ECS,2013,29897.045564884
Europe & Central Asia (excluding high income),ECA,2025,30030.257867286
Europe & Central Asia (excluding high income),ECA,2024,29265.2526450133
Europe & Central Asia (excluding high income),ECA,2023,27766.6698723474
Europe & Central Asia (excluding high income),ECA,2022,25303.5664518492
Europe & Central Asia (excluding high income),ECA,2021,22179.1768626
Europe & Central Asia (excluding high income),ECA,2020,19846.6527118457
Europe & Central Asia (excluding high income),ECA,2019,19511.551470697
Europe & Central Asia (excluding high income),ECA,2018,18367.137563627
Europe & Central Asia (excluding high income),ECA,2017,17699.3753418621
Europe & Central Asia (excluding high income),ECA,2016,16799.3211787397
Europe & Central Asia (excluding high income),ECA,2015,16195.6209216632
Europe & Central Asia (excluding high income),ECA,2014,15901.4609578232
Europe & Central Asia (excluding high income),ECA,2013,15374.7781290301
Europe & Central Asia (IDA & IBRD countries),TEC,2025,39498.078452217
Europe & Central Asia (IDA & IBRD countries),TEC,2024,38191.6752565419
Europe & Central Asia (IDA & IBRD countries),TEC,2023,35927.6578826571
Europe & Central Asia (IDA & IBRD countries),TEC,2022,33113.9262458023
Europe & Central Asia (IDA & IBRD countries),TEC,2021,29918.4650718143
Europe & Central Asia (IDA & IBRD countries),TEC,2020,25868.6126368479
Europe & Central Asia (IDA & IBRD countries),TEC,2019,25430.3956536262
Europe & Central Asia (IDA & IBRD countries),TEC,2018,23563.3304708478
Europe & Central Asia (IDA & IBRD countries),TEC,2017,21984.7587570527
Europe & Central Asia (IDA & IBRD countries),TEC,2016,20628.8913915183
Europe & Central Asia (IDA & IBRD countries),TEC,2015,20056.3348730479
Europe & Central Asia (IDA & IBRD countries),TEC,2014,20267.2299705629
Europe & Central Asia (IDA & IBRD countries),TEC,2013,19832.6527414874
European Union,EUU,2025,65503.0695908092
European Union,EUU,2024,63808.066483507
European Union,EUU,2023,61545.8225542114
European Union,EUU,2022,58573.2066494976
European Union,EUU,2021,51968.4388292725
European Union,EUU,2020,47566.4351629128
European Union,EUU,2019,48588.1245287343
European Union,EUU,2018,45055.2034320701
European Union,EUU,2017,43031.1203352541
European Union,EUU,2016,40893.5798433019
European Union,EUU,2015,38551.9915387682
European Union,EUU,2014,37363.3590587896
European Union,EUU,2013,36288.950981602
Heavily indebted poor countries (HIPC),HPC,2025,3833.88968092125
Heavily indebted poor countries (HIPC),HPC,2024,3620.11674779792
Heavily indebted poor countries (HIPC),HPC,2023,3458.77171509896
Heavily indebted poor countries (HIPC),HPC,2022,3315.17526375206
Heavily indebted poor countries (HIPC),HPC,2021,3038.71814072197
Heavily indebted poor countries (HIPC),HPC,2020,2819.59419004653
Heavily indebted poor countries (HIPC),HPC,2019,2821.57243709207
Heavily indebted poor countries (HIPC),HPC,2018,2696.73763647632
Heavily indebted poor countries (HIPC),HPC,2017,2592.16399013282
Heavily indebted poor countries (HIPC),HPC,2016,2504.43302840509
Heavily indebted poor countries (HIPC),HPC,2015,2409.44112302463
Heavily indebted poor countries (HIPC),HPC,2014,2351.41516067081
Heavily indebted poor countries (HIPC),HPC,2013,2202.5394120085
IBRD only,IBD,2025,22330.2081478905
IBRD only,IBD,2024,21007.2920507601
IBRD only,IBD,2023,19714.3753441925
IBRD only,IBD,2022,18226.9940818677
IBRD only,IBD,2021,16390.9943192501
IBRD only,IBD,2020,14525.8229564665
IBRD only,IBD,2019,14477.6913232968
IBRD only,IBD,2018,13663.8085391697
IBRD only,IBD,2017,12768.4504770933
IBRD only,IBD,2016,12105.084712321
IBRD only,IBD,2015,11653.9139209744
IBRD only,IBD,2014,11533.9124619433
IBRD only,IBD,2013,11182.4466216474
IDA & IBRD total,IBT,2025,17699.533752673
IDA & IBRD total,IBT,2024,16713.4152377213
IDA & IBRD total,IBT,2023,15756.333387375
IDA & IBRD total,IBT,2022,14655.7063384128
IDA & IBRD total,IBT,2021,13235.8358387854
IDA & IBRD total,IBT,2020,11830.5520689244
IDA & IBRD total,IBT,2019,11821.5980307367
IDA & IBRD total,IBT,2018,11193.8922004109
IDA & IBRD total,IBT,2017,10517.9115303629
IDA & IBRD total,IBT,2016,9998.93004547592
IDA & IBRD total,IBT,2015,9655.82965949454
IDA & IBRD total,IBT,2014,9559.55307429185
IDA & IBRD total,IBT,2013,9261.99127308513
IDA blend,IDB,2025,8089.58949895873
IDA blend,IDB,2024,7676.22430731754
IDA blend,IDB,2023,7337.37829292445
IDA blend,IDB,2022,7020.87499158066
IDA blend,IDB,2021,6382.99566586346
IDA blend,IDB,2020,6037.07966729885
IDA blend,IDB,2019,6080.97764858023
IDA blend,IDB,2018,5828.40490784309
IDA blend,IDB,2017,5809.93468689794
IDA blend,IDB,2016,5538.16909802133
IDA blend,IDB,2015,5515.47646431582
IDA blend,IDB,2014,5420.95553989071
IDA blend,IDB,2013,5159.72220632205
IDA only,IDX,2025,4969.26059674433
IDA only,IDX,2024,4713.40465729198
IDA only,IDX,2023,4496.94705641825
IDA only,IDX,2022,4283.22697886502
IDA only,IDX,2021,3916.20866525795
IDA only,IDX,2020,3654.22824941863
IDA only,IDX,2019,3606.52665630147
IDA only,IDX,2018,3416.83013920597
IDA only,IDX,2017,3200.53150907702
IDA only,IDX,2016,3065.4706565733
IDA only,IDX,2015,2919.08337097541
IDA only,IDX,2014,2827.90306589683
IDA only,IDX,2013,2663.1658352383
IDA total,IDA,2025,6044.38020226913
IDA total,IDA,2024,5736.82650018978
IDA total,IDA,2023,5480.71341421774
IDA total,IDA,2022,5233.90210267334
IDA total,IDA,2021,4773.92168551026
IDA total,IDA,2020,4484.60914126436
IDA total,IDA,2019,4471.40790689188
IDA total,IDA,2018,4262.01562307117
IDA total,IDA,2017,4118.62497080602
IDA total,IDA,2016,3936.8435950964
IDA total,IDA,2015,3837.55848007475
IDA total,IDA,2014,3746.32688217288
IDA total,IDA,2013,3547.86418149291
Late-demographic dividend,LTE,2025,30341.9195453314
Late-demographic dividend,LTE,2024,28387.5107480613
Late-demographic dividend,LTE,2023,26493.0363633708
Late-demographic dividend,LTE,2022,24507.588755014
Late-demographic dividend,LTE,2021,22189.7622837471
Late-demographic dividend,LTE,2020,19505.7754934772
Late-demographic dividend,LTE,2019,19218.2518104829
Late-demographic dividend,LTE,2018,17905.342700049
Late-demographic dividend,LTE,2017,16562.7921410844
Late-demographic dividend,LTE,2016,15659.959825366
Late-demographic dividend,LTE,2015,15136.7777684968
Late-demographic dividend,LTE,2014,15041.7476596817
Late-demographic dividend,LTE,2013,14491.7139526302
Latin America & Caribbean,LCN,2025,23901.1707987798
Latin America & Caribbean,LCN,2024,23059.8669505445
Latin America & Caribbean,LCN,2023,22098.0252204992
Latin America & Caribbean,LCN,2022,20844.4102356927
Latin America & Caribbean,LCN,2021,18696.3210341683
Latin America & Caribbean,LCN,2020,16661.9080916866
Latin America & Caribbean,LCN,2019,17324.1729899166
Latin America & Caribbean,LCN,2018,16898.8640028537
Latin America & Caribbean,LCN,2017,16199.364491975
Latin America & Caribbean,LCN,2016,15549.1391285062
Latin America & Caribbean,LCN,2015,15285.773622415
Latin America & Caribbean,LCN,2014,15495.9060086098
Latin America & Caribbean,LCN,2013,15176.4504991539
Latin America & Caribbean (excluding high income),LAC,2025,22825.2477825485
Latin America & Caribbean (excluding high income),LAC,2024,22069.8710887458
Latin America & Caribbean (excluding high income),LAC,2023,21242.4747751205
Latin America & Caribbean (excluding high income),LAC,2022,20076.1307172179
Latin America & Caribbean (excluding high income),LAC,2021,17991.1283749974
Latin America & Caribbean (excluding high income),LAC,2020,16054.1366206643
Latin America & Caribbean (excluding high income),LAC,2019,16684.388146346
Latin America & Caribbean (excluding high income),LAC,2018,16293.062992205
Latin America & Caribbean (excluding high income),LAC,2017,15597.769702594
Latin America & Caribbean (excluding high income),LAC,2016,14977.4937919238
Latin America & Caribbean (excluding high income),LAC,2015,14757.6873661759
Latin America & Caribbean (excluding high income),LAC,2014,15005.1637128891
Latin America & Caribbean (excluding high income),LAC,2013,14710.2116615333
Latin America & the Caribbean (IDA & IBRD countries),TLA,2025,23773.0633533423
Latin America & the Caribbean (IDA & IBRD countries),TLA,2024,22938.8544443974
Latin America & the Caribbean (IDA & IBRD countries),TLA,2023,21989.4422117221
Latin America & the Caribbean (IDA & IBRD countries),TLA,2022,20743.0336304211
Latin America & the Caribbean (IDA & IBRD countries),TLA,2021,18609.1190317645
Latin America & the Caribbean (IDA & IBRD countries),TLA,2020,16583.0599942302
Latin America & the Caribbean (IDA & IBRD countries),TLA,2019,17246.6439522841
Latin America & the Caribbean (IDA & IBRD countries),TLA,2018,16835.0994009151
Latin America & the Caribbean (IDA & IBRD countries),TLA,2017,16139.0519900545
Latin America & the Caribbean (IDA & IBRD countries),TLA,2016,15481.5179391867
Latin America & the Caribbean (IDA & IBRD countries),TLA,2015,15215.4636356711
Latin America & the Caribbean (IDA & IBRD countries),TLA,2014,15428.7435739268
Latin America & the Caribbean (IDA & IBRD countries),TLA,2013,15108.0937491948
Least developed countries: UN classification,LDC,2025,4685.23358097877
Least developed countries: UN classification,LDC,2024,4468.51455719252
Least developed countries: UN classification,LDC,2023,4289.01547703069
Least developed countries: UN classification,LDC,2022,4093.48384874803
Least developed countries: UN classification,LDC,2021,3723.8118415625
Least developed countries: UN classification,LDC,2020,3497.11693341957
Least developed countries: UN classification,LDC,2019,3443.68736951097
Least developed countries: UN classification,LDC,2018,3246.95099345522
Least developed countries: UN classification,LDC,2017,3024.93057589483
Least developed countries: UN classification,LDC,2016,2896.67735160872
Least developed countries: UN classification,LDC,2015,2765.88867497381
Least developed countries: UN classification,LDC,2014,2702.2962858493
Least developed countries: UN classification,LDC,2013,2539.25421035997
Low & middle income,LMY,2025,16517.6822374018
Low & middle income,LMY,2024,15561.275392703
Low & middle income,LMY,2023,14678.6819432627
Low & middle income,LMY,2022,13642.9925221372
Low & middle income,LMY,2021,12281.3196390022
Low & middle income,LMY,2020,11034.820011849
Low & middle income,LMY,2019,11029.3134153796
Low & middle income,LMY,2018,10467.1783406202
Low & middle income,LMY,2017,9853.32966712243
Low & middle income,LMY,2016,9380.76664339474
Low & middle income,LMY,2015,9043.07606506986
Low & middle income,LMY,2014,8910.8697619141
Low & middle income,LMY,2013,8611.34857853396
"Middle East, North Africa, Afghanistan & Pakistan",MEA,2025,16920.6041192154
"Middle East, North Africa, Afghanistan & Pakistan",MEA,2024,16325.7848019477
"Middle East, North Africa, Afghanistan & Pakistan",MEA,2023,15835.6934912997
"Middle East, North Africa, Afghanistan & Pakistan",MEA,2022,15209.8028931552
"Middle East, North Africa, Afghanistan & Pakistan",MEA,2021,13587.0461822659
"Middle East, North Africa, Afghanistan & Pakistan",MEA,2020,12317.4334238378
"Middle East, North Africa, Afghanistan & Pakistan",MEA,2019,12993.5487745863
"Middle East, North Africa, Afghanistan & Pakistan",MEA,2018,12979.5651648011
"Middle East, North Africa, Afghanistan & Pakistan",MEA,2017,12291.2967053183
"Middle East, North Africa, Afghanistan & Pakistan",MEA,2016,11766.0537713669
"Middle East, North Africa, Afghanistan & Pakistan",MEA,2015,11858.737321371
"Middle East, North Africa, Afghanistan & Pakistan",MEA,2014,12854.9361932143
"Middle East, North Africa, Afghanistan & Pakistan",MEA,2013,12968.6273731577
"Middle East, North Africa, Afghanistan & Pakistan (excluding high income)",MNA,2025,11613.8367941991
"Middle East, North Africa, Afghanistan & Pakistan (excluding high income)",MNA,2024,11251.4824664853
"Middle East, North Africa, Afghanistan & Pakistan (excluding high income)",MNA,2023,10901.0467534385
"Middle East, North Africa, Afghanistan & Pakistan (excluding high income)",MNA,2022,10392.539527173
"Middle East, North Africa, Afghanistan & Pakistan (excluding high income)",MNA,2021,9431.95407996758
"Middle East, North Africa, Afghanistan & Pakistan (excluding high income)",MNA,2020,8908.77995047244
"Middle East, North Africa, Afghanistan & Pakistan (excluding high income)",MNA,2019,8778.03575397246
"Middle East, North Africa, Afghanistan & Pakistan (excluding high income)",MNA,2018,8758.88619048046
"Middle East, North Africa, Afghanistan & Pakistan (excluding high income)",MNA,2017,8422.84811875949
"Middle East, North Africa, Afghanistan & Pakistan (excluding high income)",MNA,2016,8092.10109141065
"Middle East, North Africa, Afghanistan & Pakistan (excluding high income)",MNA,2015,7983.20274158377
"Middle East, North Africa, Afghanistan & Pakistan (excluding high income)",MNA,2014,8288.28434058384
"Middle East, North Africa, Afghanistan & Pakistan (excluding high income)",MNA,2013,8395.01342234919
"Middle East, North Africa, Afghanistan & Pakistan (IDA & IBRD)",TMN,2025,11663.1088560566
"Middle East, North Africa, Afghanistan & Pakistan (IDA & IBRD)",TMN,2024,11299.4554855773
"Middle East, North Africa, Afghanistan & Pakistan (IDA & IBRD)",TMN,2023,10935.8526423683
"Middle East, North Africa, Afghanistan & Pakistan (IDA & IBRD)",TMN,2022,10423.5410952844
"Middle East, North Africa, Afghanistan & Pakistan (IDA & IBRD)",TMN,2021,9459.39324551382
"Middle East, North Africa, Afghanistan & Pakistan (IDA & IBRD)",TMN,2020,8930.22848745875
"Middle East, North Africa, Afghanistan & Pakistan (IDA & IBRD)",TMN,2019,8794.54554024921
"Middle East, North Africa, Afghanistan & Pakistan (IDA & IBRD)",TMN,2018,8777.18379304779
"Middle East, North Africa, Afghanistan & Pakistan (IDA & IBRD)",TMN,2017,8439.42507416986
"Middle East, North Africa, Afghanistan & Pakistan (IDA & IBRD)",TMN,2016,8106.62351993508
"Middle East, North Africa, Afghanistan & Pakistan (IDA & IBRD)",TMN,2015,7998.90783225537
"Middle East, North Africa, Afghanistan & Pakistan (IDA & IBRD)",TMN,2014,8308.6884422822
"Middle East, North Africa, Afghanistan & Pakistan (IDA & IBRD)",TMN,2013,8416.69989829338
Middle income,MIC,2025,18286.062189255
Middle income,MIC,2024,17196.0137583471
Middle income,MIC,2023,16185.7324491801
Middle income,MIC,2022,15004.3015492181
Middle income,MIC,2021,13477.1480288886
Middle income,MIC,2020,12079.8107551627
Middle income,MIC,2019,12055.2305751237
Middle income,MIC,2018,11419.0517766851
Middle income,MIC,2017,10729.0911624779
Middle income,MIC,2016,10196.7880995871
Middle income,MIC,2015,9820.72395143208
Middle income,MIC,2014,9671.00352305342
Middle income,MIC,2013,9343.61753474664
North America,NAC,2025,87503.8500858099
North America,NAC,2024,83936.752895039
North America,NAC,2023,80719.1784418153
North America,NAC,2022,76573.2242678601
North America,NAC,2021,69953.4846892959
North America,NAC,2020,62835.859730555
North America,NAC,2019,63726.4244981566
North America,NAC,2018,61572.5551251195
North America,NAC,2017,58871.9709502921
North America,NAC,2016,56828.1306348304
North America,NAC,2015,55636.5583277606
North America,NAC,2014,54217.981826617
North America,NAC,2013,52403.725561475
OECD members,OED,2025,64192.5290195702
OECD members,OED,2024,62344.5282358954
OECD members,OED,2023,60110.0117808511
OECD members,OED,2022,57187.962137387
OECD members,OED,2021,51208.8336430486
OECD members,OED,2020,46740.8086032469
OECD members,OED,2019,47570.5817937553
OECD members,OED,2018,45552.1691703746
OECD members,OED,2017,43837.9941397017
OECD members,OED,2016,42194.5993013631
OECD members,OED,2015,40803.1637657329
OECD members,OED,2014,39648.7998426481
OECD members,OED,2013,38465.3652201016
Other small states,OSS,2025,30603.52331318
Other small states,OSS,2024,29435.9436697315
Other small states,OSS,2023,28078.9991073003
Other small states,OSS,2022,26366.0682220046
Other small states,OSS,2021,23632.4052569572
Other small states,OSS,2020,21325.8197228572
Other small states,OSS,2019,22412.7863144945
Other small states,OSS,2018,20741.7433269318
Other small states,OSS,2017,19691.3798753284
Other small states,OSS,2016,18493.8882839728
Other small states,OSS,2015,17488.4955632328
Other small states,OSS,2014,17531.7045830042
Other small states,OSS,2013,17088.6545364404
Pacific island small states,PSS,2025,8735.40490937936
Pacific island small states,PSS,2024,8326.23496459608
Pacific island small states,PSS,2023,7936.59949609073
Pacific island small states,PSS,2022,7180.81206636261
Pacific island small states,PSS,2021,6133.27337662878
Pacific island small states,PSS,2020,6252.22494912732
Pacific island small states,PSS,2019,7165.90094273522
Pacific island small states,PSS,2018,7139.03071502657
Pacific island small states,PSS,2017,7000.92315451758
Pacific island small states,PSS,2016,6692.51509338411
Pacific island small states,PSS,2015,6544.93295835299
Pacific island small states,PSS,2014,6149.29075354571
Pacific island small states,PSS,2013,5510.99169054014
Post-demographic dividend,PST,2025,70762.8697352539
Post-demographic dividend,PST,2024,68602.7221788617
Post-demographic dividend,PST,2023,66141.2204578245
Post-demographic dividend,PST,2022,62753.8932833714
Post-demographic dividend,PST,2021,56629.4428654399
Post-demographic dividend,PST,2020,51537.373786735
Post-demographic dividend,PST,2019,52370.2542762053
Post-demographic dividend,PST,2018,49962.2979159075
Post-demographic dividend,PST,2017,47917.2002572694
Post-demographic dividend,PST,2016,46063.9050098288
Post-demographic dividend,PST,2015,44546.0963862777
Post-demographic dividend,PST,2014,43411.3900505967
Post-demographic dividend,PST,2013,42229.5192425336
Pre-demographic dividend,PRE,2025,5479.27016520918
Pre-demographic dividend,PRE,2024,5273.74958372838
Pre-demographic dividend,PRE,2023,5104.66442026997
Pre-demographic dividend,PRE,2022,4928.85608108048
Pre-demographic dividend,PRE,2021,4513.80668611347
Pre-demographic dividend,PRE,2020,4218.05030973207
Pre-demographic dividend,PRE,2019,4352.82966303927
Pre-demographic dividend,PRE,2018,4176.86774565947
Pre-demographic dividend,PRE,2017,3989.14375352913
Pre-demographic dividend,PRE,2016,3896.2312231132
Pre-demographic dividend,PRE,2015,3913.25090988398
Pre-demographic dividend,PRE,2014,4093.62823738977
Pre-demographic dividend,PRE,2013,3973.57917729424
Small states,SST,2025,30378.738821689
Small states,SST,2024,28670.4071711442
Small states,SST,2023,26458.0570471367
Small states,SST,2022,24383.6349520917
Small states,SST,2021,21262.5948218682
Small states,SST,2020,19051.8795832025
Small states,SST,2019,20323.7922400186
Small states,SST,2018,19049.4199396395
Small states,SST,2017,18258.768305634
Small states,SST,2016,17272.5709423263
Small states,SST,2015,16774.1299419601
Small states,SST,2014,16893.6577903224
Small states,SST,2013,16461.5609359913
South Asia,SAS,2025,11562.1850810909
South Asia,SAS,2024,10594.5335959681
South Asia,SAS,2023,9771.04591690011
South Asia,SAS,2022,8899.31392332671
South Asia,SAS,2021,7815.21278442871
South Asia,SAS,2020,6796.23874125937
South Asia,SAS,2019,6910.69627919166
South Asia,SAS,2018,6482.04601810231
South Asia,SAS,2017,5925.07961165666
South Asia,SAS,2016,5584.92915657948
South Asia,SAS,2015,5218.51028720282
South Asia,SAS,2014,4988.74207154808
South Asia,SAS,2013,4798.77253358533
South Asia (IDA & IBRD),TSA,2025,11562.1850810909
South Asia (IDA & IBRD),TSA,2024,10594.5335959681
South Asia (IDA & IBRD),TSA,2023,9771.04591690011
South Asia (IDA & IBRD),TSA,2022,8899.31392332671
South Asia (IDA & IBRD),TSA,2021,7815.21278442871
South Asia (IDA & IBRD),TSA,2020,6796.23874125937
South Asia (IDA & IBRD),TSA,2019,6910.69627919166
South Asia (IDA & IBRD),TSA,2018,6482.04601810231
South Asia (IDA & IBRD),TSA,2017,5925.07961165666
South Asia (IDA & IBRD),TSA,2016,5584.92915657948
South Asia (IDA & IBRD),TSA,2015,5218.51028720282
South Asia (IDA & IBRD),TSA,2014,4988.74207154808
South Asia (IDA & IBRD),TSA,2013,4798.77253358533
Sub-Saharan Africa,SSF,2025,5785.99485616741
Sub-Saharan Africa,SSF,2024,5525.75233957231
Sub-Saharan Africa,SSF,2023,5321.71824656475
Sub-Saharan Africa,SSF,2022,5116.63828770479
Sub-Saharan Africa,SSF,2021,4702.40563604418
Sub-Saharan Africa,SSF,2020,4403.53684898304
Sub-Saharan Africa,SSF,2019,4490.30405465511
Sub-Saharan Africa,SSF,2018,4322.1640935143
Sub-Saharan Africa,SSF,2017,4328.54321994519
Sub-Saharan Africa,SSF,2016,4182.68569754759
Sub-Saharan Africa,SSF,2015,4160.91431522566
Sub-Saharan Africa,SSF,2014,4169.294742664
Sub-Saharan Africa,SSF,2013,3982.34394141301
Sub-Saharan Africa (excluding high income),SSA,2025,5783.20341637366
Sub-Saharan Africa (excluding high income),SSA,2024,5523.13654766133
Sub-Saharan Africa (excluding high income),SSA,2023,5319.19071695846
Sub-Saharan Africa (excluding high income),SSA,2022,5114.2870977928
Sub-Saharan Africa (excluding high income),SSA,2021,4700.31298645118
Sub-Saharan Africa (excluding high income),SSA,2020,4401.29051079121
Sub-Saharan Africa (excluding high income),SSA,2019,4487.75384887465
Sub-Saharan Africa (excluding high income),SSA,2018,4319.74082132637
Sub-Saharan Africa (excluding high income),SSA,2017,4326.20517226218
Sub-Saharan Africa (excluding high income),SSA,2016,4180.46925435658
Sub-Saharan Africa (excluding high income),SSA,2015,4158.97555168855
Sub-Saharan Africa (excluding high income),SSA,2014,4167.38905433612
Sub-Saharan Africa (excluding high income),SSA,2013,3980.63024861462
Sub-Saharan Africa (IDA & IBRD countries),TSS,2025,5785.99485616742
Sub-Saharan Africa (IDA & IBRD countries),TSS,2024,5525.75233957231
Sub-Saharan Africa (IDA & IBRD countries),TSS,2023,5321.71824656475
Sub-Saharan Africa (IDA & IBRD countries),TSS,2022,5116.63828770479
Sub-Saharan Africa (IDA & IBRD countries),TSS,2021,4702.40563604418
Sub-Saharan Africa (IDA & IBRD countries),TSS,2020,4403.53684898304
Sub-Saharan Africa (IDA & IBRD countries),TSS,2019,4490.30405465511
Sub-Saharan Africa (IDA & IBRD countries),TSS,2018,4322.1640935143
Sub-Saharan Africa (IDA & IBRD countries),TSS,2017,4328.54321994519
Sub-Saharan Africa (IDA & IBRD countries),TSS,2016,4182.68569754759
Sub-Saharan Africa (IDA & IBRD countries),TSS,2015,4160.91431522566
Sub-Saharan Africa (IDA & IBRD countries),TSS,2014,4169.294742664
Sub-Saharan Africa (IDA & IBRD countries),TSS,2013,3982.34394141301
World,WLD,2025,25703.7416091769
World,WLD,2024,24544.4750035019
World,WLD,2023,23381.6927256577
World,WLD,2022,22005.9139557162
World,WLD,2021,19865.9266203614
World,WLD,2020,17910.1867404411
World,WLD,2019,18132.2535880815
World,WLD,2018,17293.9495577393
World,WLD,2017,16429.0103801342
World,WLD,2016,15735.7039704622
World,WLD,2015,15282.0825133037
World,WLD,2014,15115.2509558725
World,WLD,2013,14712.1789510363
Afghanistan,AFG,2025,
Afghanistan,AFG,2024,2236.19907311431
Afghanistan,AFG,2023,2203.53761869487
Afghanistan,AFG,2022,2122.65936199211
Afghanistan,AFG,2021,2144.16657002819
Afghanistan,AFG,2020,2561.98176058622
Afghanistan,AFG,2019,2583.48533239877
Afghanistan,AFG,2018,2432.27670083336
Afghanistan,AFG,2017,2335.79586234454
Afghanistan,AFG,2016,2213.1814410479
Afghanistan,AFG,2015,2284.07584789349
Afghanistan,AFG,2014,2224.49074815215
Afghanistan,AFG,2013,2133.24127098647
Albania,ALB,2025,28220.7950617158
Albania,ALB,2024,26701.7649330157
Albania,ALB,2023,24847.5057998051
Albania,ALB,2022,22138.4966146921
Albania,ALB,2021,18212.794718288
Albania,ALB,2020,16287.6136733864
Albania,ALB,2019,16442.0254754945
Albania,ALB,2018,15055.3473824585
Albania,ALB,2017,14110.6720568255
Albania,ALB,2016,13055.8912586429
Albania,ALB,2015,12386.6003347481
Albania,ALB,2014,11787.8702732821
Albania,ALB,2013,10882.042303638
Algeria,DZA,2025,18586.2607480579
Algeria,DZA,2024,17646.332598878
Algeria,DZA,2023,16838.3550419037
Algeria,DZA,2022,15833.5847271335
Algeria,DZA,2021,14496.8654697299
Algeria,DZA,2020,12676.5130564294
Algeria,DZA,2019,13892.5333446205
Algeria,DZA,2018,13727.1266357859
Algeria,DZA,2017,13493.560749484
Algeria,DZA,2016,13437.8460232169
Algeria,DZA,2015,13807.3515841478
Algeria,DZA,2014,14694.143827383
Algeria,DZA,2013,14370.820661674
American Samoa,ASM,2025,
American Samoa,ASM,2024,
American Samoa,ASM,2023,
American Samoa,ASM,2022,
American Samoa,ASM,2021,
American Samoa,ASM,2020,
American Samoa,ASM,2019,
American Samoa,ASM,2018,
American Samoa,ASM,2017,
American Samoa,ASM,2016,
American Samoa,ASM,2015,
American Samoa,ASM,2014,
American Samoa,ASM,2013,
Andorra,AND,2025,79566.7925868466
Andorra,AND,2024,75394.8581564469
Andorra,AND,2023,71789.7907855414
Andorra,AND,2022,68459.2247863103
Andorra,AND,2021,59332.2029100127
Andorra,AND,2020,52095.8414004627
Andorra,AND,2019,57475.0692842215
Andorra,AND,2018,55244.6554088177
Andorra,AND,2017,53084.8639640903
Andorra,AND,2016,53110.1426260689
Andorra,AND,2015,50733.2390023674
Andorra,AND,2014,48505.6017355504
Andorra,AND,2013,45609.2307235645
Angola,AGO,2025,10251.3457063657
Angola,AGO,2024,9963.59020874287
Angola,AGO,2023,9549.79313920752
Angola,AGO,2022,9373.4083091956
Angola,AGO,2021,8720.18768742123
Angola,AGO,2020,7782.15153413853
Angola,AGO,2019,8621.65930812477
Angola,AGO,2018,8370.22875787099
Angola,AGO,2017,8125.70639391928
Angola,AGO,2016,7882.51370525255
Angola,AGO,2015,8067.48584683702
Angola,AGO,2014,9017.69018159709
Angola,AGO,2013,8504.09532069445
Antigua and Barbuda,ATG,2025,35832.4795485115
Antigua and Barbuda,ATG,2024,33351.5904481886
Antigua and Barbuda,ATG,2023,31892.5519402733
Antigua and Barbuda,ATG,2022,29761.8058055292
Antigua and Barbuda,ATG,2021,25745.4958067746
Antigua and Barbuda,ATG,2020,22370.0918693813
Antigua and Barbuda,ATG,2019,26550.589844733
Antigua and Barbuda,ATG,2018,24524.2137953887
Antigua and Barbuda,ATG,2017,21422.0021576627
Antigua and Barbuda,ATG,2016,21320.4375067809
Antigua and Barbuda,ATG,2015,20985.4388292177
Antigua and Barbuda,ATG,2014,21671.4737856616
Antigua and Barbuda,ATG,2013,21760.5232864254
Argentina,ARG,2025,32586.6312086783
Argentina,ARG,2024,30475.3876517556
Argentina,ARG,2023,30246.4069577192
Argentina,ARG,2022,29804.0832363731
Argentina,ARG,2021,26300.274261175
Argentina,ARG,2020,22393.3479575353
Argentina,ARG,2019,23516.8261980886
Argentina,ARG,2018,24410.3919063335
Argentina,ARG,2017,23385.0740904917
Argentina,ARG,2016,20105.761359796
Argentina,ARG,2015,19899.1499275245
Argentina,ARG,2014,19487.4181748868
Argentina,ARG,2013,19928.989490167
Armenia,ARM,2025,24754.2118320452
Armenia,ARM,2024,22856.32510991
Armenia,ARM,2023,21551.7793903081
Armenia,ARM,2022,19158.3333506542
Armenia,ARM,2021,15921.705281964
Armenia,ARM,2020,14706.3173043422
Armenia,ARM,2019,14975.7539538157
Armenia,ARM,2018,12877.4937543553
Armenia,ARM,2017,12066.0043093819
Armenia,ARM,2016,10570.2720413936
Armenia,ARM,2015,9756.84084836026
Armenia,ARM,2014,9736.2349746279
Armenia,ARM,2013,9454.87852836557
Aruba,ABW,2025,
Aruba,ABW,2024,51712.1531358934
Aruba,ABW,2023,47521.8765471843
Aruba,ABW,2022,41863.2739964163
Aruba,ABW,2021,35207.1709088639
Aruba,ABW,2020,28733.6045108643
Aruba,ABW,2019,38554.7167828184
Aruba,ABW,2018,39287.0597126122
Aruba,ABW,2017,37524.9149203557
Aruba,ABW,2016,36117.5352619835
Aruba,ABW,2015,35972.8596619304
Aruba,ABW,2014,35657.287197053
Aruba,ABW,2013,35901.6459605583
Australia,AUS,2025,71934.4033931263
Australia,AUS,2024,72117.8826659555
Australia,AUS,2023,72272.7092136683
Australia,AUS,2022,66103.1797066957
Australia,AUS,2021,58327.4146842325
Australia,AUS,2020,54184.1614486854
Australia,AUS,2019,52885.8313816377
Australia,AUS,2018,50371.233830782
Australia,AUS,2017,48564.8286592372
Australia,AUS,2016,47446.2103030951
Australia,AUS,2015,46464.5867627929
Australia,AUS,2014,47108.5906459966
Australia,AUS,2013,46123.4750962848
Austria,AUT,2025,76777.5421537618
Austria,AUT,2024,75774.4136543206
Austria,AUT,2023,74261.1961105071
Austria,AUT,2022,72286.6352565355
Austria,AUT,2021,62968.8538770186
Austria,AUT,2020,58523.0337816246
Austria,AUT,2019,60354.9279422121
Austria,AUT,2018,56636.4953030542
Austria,AUT,2017,53869.8321183556
Austria,AUT,2016,52397.8635176674
Austria,AUT,2015,49549.3162311441
Austria,AUT,2014,48355.4977624407
Austria,AUT,2013,47519.8522796571
Azerbaijan,AZE,2025,26112.5306828203
Azerbaijan,AZE,2024,25146.3588844273
Azerbaijan,AZE,2023,23671.0936895744
Azerbaijan,AZE,2022,22548.5145929929
Azerbaijan,AZE,2021,20111.3756952109
Azerbaijan,AZE,2020,15163.5703327282
Azerbaijan,AZE,2019,16675.3179361558
Azerbaijan,AZE,2018,15282.9995232298
Azerbaijan,AZE,2017,14315.9296431061
Azerbaijan,AZE,2016,14535.8020210633
Azerbaijan,AZE,2015,15075.2726347911
Azerbaijan,AZE,2014,17563.6122454385
Azerbaijan,AZE,2013,17267.5118919538
"Bahamas, The",BHS,2025,
"Bahamas, The",BHS,2024,41257.7650774105
"Bahamas, The",BHS,2023,39122.340470849
"Bahamas, The",BHS,2022,36785.5703317271
"Bahamas, The",BHS,2021,31064.6822166194
"Bahamas, The",BHS,2020,27204.625909518
"Bahamas, The",BHS,2019,36116.0002025353
"Bahamas, The",BHS,2018,35227.7619063243
"Bahamas, The",BHS,2017,34282.1710357791
"Bahamas, The",BHS,2016,32285.2760366069
"Bahamas, The",BHS,2015,32137.5784729905
"Bahamas, The",BHS,2014,31726.1740873862
"Bahamas, The",BHS,2013,30294.4768305201
Bahrain,BHR,2025,70996.7821254802
Bahrain,BHR,2024,67230.1000247874
Bahrain,BHR,2023,64223.977053306
Bahrain,BHR,2022,61667.8791526737
Bahrain,BHR,2021,54954.6757895532
Bahrain,BHR,2020,53436.0316999712
Bahrain,BHR,2019,56599.5214364411
Bahrain,BHR,2018,51993.1307818652
Bahrain,BHR,2017,50184.5005767301
Bahrain,BHR,2016,47428.9018907649
Bahrain,BHR,2015,48034.2468880503
Bahrain,BHR,2014,54299.0564613228
Bahrain,BHR,2013,56310.3117458189
Bangladesh,BGD,2025,10153.7083791829
Bangladesh,BGD,2024,9660.77962818873
Bangladesh,BGD,2023,9155.31731992295
Bangladesh,BGD,2022,8449.20977931373
Bangladesh,BGD,2021,7441.06913961254
Bangladesh,BGD,2020,6640.58437331062
Bangladesh,BGD,2019,6047.12401504125
Bangladesh,BGD,2018,5490.15881865179
Bangladesh,BGD,2017,4882.60692615639
Bangladesh,BGD,2016,4579.13228682862
Bangladesh,BGD,2015,4212.23578089428
Bangladesh,BGD,2014,3972.50647733491
Bangladesh,BGD,2013,3691.10431102117
Barbados,BRB,2025,25893.8676913012
Barbados,BRB,2024,24539.6254147583
Barbados,BRB,2023,23176.0027148492
Barbados,BRB,2022,21952.2087434223
Barbados,BRB,2021,17686.7469386289
Barbados,BRB,2020,16543.717996277
Barbados,BRB,2019,19986.8728665755
Barbados,BRB,2018,19774.263591082
Barbados,BRB,2017,18969.5916506588
Barbados,BRB,2016,19190.5381580991
Barbados,BRB,2015,19190.4652295469
Barbados,BRB,2014,18807.6302608779
Barbados,BRB,2013,19008.4857500321
Belarus,BLR,2025,34715.9778689211
Belarus,BLR,2024,33166.3827902975
Belarus,BLR,2023,30859.5916206484
Belarus,BLR,2022,28424.9893656867
Belarus,BLR,2021,27611.1801135157
Belarus,BLR,2020,24872.3066744528
Belarus,BLR,2019,22301.5932411839
Belarus,BLR,2018,20025.9815543598
Belarus,BLR,2017,18413.747563367
Belarus,BLR,2016,17832.4778855815
Belarus,BLR,2015,18133.5313085883
Belarus,BLR,2014,19037.8847440186
Belarus,BLR,2013,19014.0529737698
Belgium,BEL,2025,74675.607672673
Belgium,BEL,2024,74224.5510568017
Belgium,BEL,2023,72629.6179311762
Belgium,BEL,2022,68878.9167847285
Belgium,BEL,2021,60669.2137746534
Belgium,BEL,2020,56120.0958420466
Belgium,BEL,2019,56712.469571978
Belgium,BEL,2018,52466.7330784599
Belgium,BEL,2017,50256.0631772784
Belgium,BEL,2016,48414.5518065681
Belgium,BEL,2015,46071.914889496
Belgium,BEL,2014,45147.6429534057
Belgium,BEL,2013,43864.1204196838
Belize,BLZ,2025,14965.7521203147
Belize,BLZ,2024,14367.3539278152
Belize,BLZ,2023,13741.2085585188
Belize,BLZ,2022,13459.0765078205
Belize,BLZ,2021,11716.3267818656
Belize,BLZ,2020,9638.89513695889
Belize,BLZ,2019,10499.962073199
Belize,BLZ,2018,9497.23480443418
Belize,BLZ,2017,9120.65338346029
Belize,BLZ,2016,9399.03567052789
Belize,BLZ,2015,9538.38691146009
Belize,BLZ,2014,9489.91221371385
Belize,BLZ,2013,9525.83089030578
Benin,BEN,2025,4816.87504692826
Benin,BEN,2024,4441.00443511982
Benin,BEN,2023,4133.3701351778
Benin,BEN,2022,3843.54493453525
Benin,BEN,2021,3464.2886286745
Benin,BEN,2020,3244.58772756805
Benin,BEN,2019,3148.97969597838
Benin,BEN,2018,2965.30628143664
Benin,BEN,2017,2885.89383987721
Benin,BEN,2016,2842.0246258376
Benin,BEN,2015,2725.33724817144
Benin,BEN,2014,2670.41561399187
Benin,BEN,2013,2511.65309588333
Bermuda,BMU,2025,
Bermuda,BMU,2024,118727.973294368
Bermuda,BMU,2023,113596.12110365
Bermuda,BMU,2022,104909.257552793
Bermuda,BMU,2021,92319.6714861222
Bermuda,BMU,2020,85146.4006275696
Bermuda,BMU,2019,90984.4576708318
Bermuda,BMU,2018,85978.2177227009
Bermuda,BMU,2017,85680.9701917217
Bermuda,BMU,2016,80412.1834895484
Bermuda,BMU,2015,75943.4642970922
Bermuda,BMU,2014,71988.5383627822
Bermuda,BMU,2013,71519.6398526584
Bhutan,BTN,2025,19594.0028382994
Bhutan,BTN,2024,17762.4053956096
Bhutan,BTN,2023,16228.5169143762
Bhutan,BTN,2022,15061.4232582306
Bhutan,BTN,2021,13458.812666743
Bhutan,BTN,2020,12475.048003428
Bhutan,BTN,2019,12909.1009840399
Bhutan,BTN,2018,11969.5615003305
Bhutan,BTN,2017,11677.4142659974
Bhutan,BTN,2016,11273.2823807676
Bhutan,BTN,2015,10213.8139608922
Bhutan,BTN,2014,9323.39448941386
Bhutan,BTN,2013,8666.91063590069
Bolivia,BOL,2025,12873.0394876629
Bolivia,BOL,2024,12896.3370149215
Bolivia,BOL,2023,12902.7509503368
Bolivia,BOL,2022,12304.7789380156
Bolivia,BOL,2021,11202.4409836707
Bolivia,BOL,2020,9580.98962081658
Bolivia,BOL,2019,11005.3541169156
Bolivia,BOL,2018,10758.4075594003
Bolivia,BOL,2017,10420.3923250933
Bolivia,BOL,2016,9242.02728323222
Bolivia,BOL,2015,8757.31777115049
Bolivia,BOL,2014,8628.94266128246
Bolivia,BOL,2013,8068.72017230447
Bosnia and Herzegovina,BIH,2025,25814.2641520511
Bosnia and Herzegovina,BIH,2024,25148.0128390147
Bosnia and Herzegovina,BIH,2023,23376.3069324282
Bosnia and Herzegovina,BIH,2022,21651.3043527017
Bosnia and Herzegovina,BIH,2021,18286.6614977175
Bosnia and Herzegovina,BIH,2020,16369.9392465531
Bosnia and Herzegovina,BIH,2019,16428.7132755213
Bosnia and Herzegovina,BIH,2018,14858.6247595644
Bosnia and Herzegovina,BIH,2017,13627.0836811249
Bosnia and Herzegovina,BIH,2016,12899.4451443422
Bosnia and Herzegovina,BIH,2015,11845.4600112171
Bosnia and Herzegovina,BIH,2014,11167.8524537099
Bosnia and Herzegovina,BIH,2013,10808.2876334613
Botswana,BWA,2025,20697.9104661898
Botswana,BWA,2024,20612.4785435561
Botswana,BWA,2023,21029.4218686605
Botswana,BWA,2022,19973.6684436048
Botswana,BWA,2021,17960.6254447437
Botswana,BWA,2020,15292.2624673252
Botswana,BWA,2019,15960.0156143903
Botswana,BWA,2018,15785.819633781
Botswana,BWA,2017,15700.6650479641
Botswana,BWA,2016,16228.1231235664
Botswana,BWA,2015,14143.6940733728
Botswana,BWA,2014,15003.3197518349
Botswana,BWA,2013,13621.1494726695
Brazil,BRA,2025,23433.2897595431
Brazil,BRA,2024,22370.9182253225
Brazil,BRA,2023,21193.0721417478
Brazil,BRA,2022,19873.7032623309
Brazil,BRA,2021,18075.7060049068
Brazil,BRA,2020,16101.6183063466
Brazil,BRA,2019,16069.8380152627
Brazil,BRA,2018,15463.7426393889
Brazil,BRA,2017,14559.0488897004
Brazil,BRA,2016,14309.2061489274
Brazil,BRA,2015,14821.4383174534
Brazil,BRA,2014,15827.3081625514
Brazil,BRA,2013,15722.3335242901
British Virgin Islands,VGB,2025,
British Virgin Islands,VGB,2024,
British Virgin Islands,VGB,2023,
British Virgin Islands,VGB,2022,
British Virgin Islands,VGB,2021,
British Virgin Islands,VGB,2020,
British Virgin Islands,VGB,2019,
British Virgin Islands,VGB,2018,
British Virgin Islands,VGB,2017,
British Virgin Islands,VGB,2016,
British Virgin Islands,VGB,2015,
British Virgin Islands,VGB,2014,
British Virgin Islands,VGB,2013,
Brunei Darussalam,BRN,2025,92429.9262686398
Brunei Darussalam,BRN,2024,90009.8912498003
Brunei Darussalam,BRN,2023,85102.6867427911
Brunei Darussalam,BRN,2022,81788.7819525501
Brunei Darussalam,BRN,2021,78248.797127611
Brunei Darussalam,BRN,2020,69787.9632795717
Brunei Darussalam,BRN,2019,69353.6799514849
Brunei Darussalam,BRN,2018,65148.8264035521
Brunei Darussalam,BRN,2017,61657.6802725444
Brunei Darussalam,BRN,2016,56679.5185221407
Brunei Darussalam,BRN,2015,62707.8264437741
Brunei Darussalam,BRN,2014,81225.5485449793
Brunei Darussalam,BRN,2013,83237.1470879654
Bulgaria,BGR,2025,44451.1001576913
Bulgaria,BGR,2024,41969.595471884
Bulgaria,BGR,2023,38829.297423161
Bulgaria,BGR,2022,36320.2814407535
Bulgaria,BGR,2021,30958.9830238332
Bulgaria,BGR,2020,27351.8659900682
Bulgaria,BGR,2019,26765.556194772
Bulgaria,BGR,2018,23997.7941525242
Bulgaria,BGR,2017,22317.2366242463
Bulgaria,BGR,2016,20745.9250164072
Bulgaria,BGR,2015,18896.1145714262
Bulgaria,BGR,2014,17990.7860607342
Bulgaria,BGR,2013,16893.7939132873
Burkina Faso,BFA,2025,3071.62546744866
Burkina Faso,BFA,2024,2901.04214238045
Burkina Faso,BFA,2023,2761.57633646549
Burkina Faso,BFA,2022,2644.82146127902
Burkina Faso,BFA,2021,2486.43093147762
Burkina Faso,BFA,2020,2380.72282781802
Burkina Faso,BFA,2019,2232.16282016585
Burkina Faso,BFA,2018,2073.3235382155
Burkina Faso,BFA,2017,2042.40295259917
Burkina Faso,BFA,2016,1881.75893134407
Burkina Faso,BFA,2015,1691.57935387408
Burkina Faso,BFA,2014,1661.31773793757
Burkina Faso,BFA,2013,1642.89213125776
Burundi,BDI,2025,1248.05425025467
Burundi,BDI,2024,1193.03528498996
Burundi,BDI,2023,1147.42440486734
Burundi,BDI,2022,1101.23579609841
Burundi,BDI,2021,1032.38274081999
Burundi,BDI,2020,946.413218223156
Burundi,BDI,2019,868.423731660834
Burundi,BDI,2018,823.013102241659
Burundi,BDI,2017,791.393494929898
Burundi,BDI,2016,764.282221636915
Burundi,BDI,2015,722.032898379933
Burundi,BDI,2014,724.371954183273
Burundi,BDI,2013,687.370968311715
Cabo Verde,CPV,2025,12165.2989335356
Cabo Verde,CPV,2024,11184.7207350908
Cabo Verde,CPV,2023,10250.5950245626
Cabo Verde,CPV,2022,9479.57079016694
Cabo Verde,CPV,2021,7685.41921393669
Cabo Verde,CPV,2020,6852.57669930355
Cabo Verde,CPV,2019,8645.75646859343
Cabo Verde,CPV,2018,7916.42115326174
Cabo Verde,CPV,2017,7935.76176281072
Cabo Verde,CPV,2016,7350.75358726727
Cabo Verde,CPV,2015,6773.48679969386
Cabo Verde,CPV,2014,6416.83301150977
Cabo Verde,CPV,2013,6367.28001322501
Cambodia,KHM,2025,8542.6965378612
Cambodia,KHM,2024,7981.50816402382
Cambodia,KHM,2023,7436.85544015287
Cambodia,KHM,2022,6917.7197730003
Cambodia,KHM,2021,6225.53265474741
Cambodia,KHM,2020,5942.45380373929
Cambodia,KHM,2019,6153.99439528427
Cambodia,KHM,2018,5616.98087023303
Cambodia,KHM,2017,5050.06356615113
Cambodia,KHM,2016,4748.12428521528
Cambodia,KHM,2015,4433.64393500572
Cambodia,KHM,2014,4117.78868309006
Cambodia,KHM,2013,3890.94841205221
Cameroon,CMR,2025,5787.85440270861
Cameroon,CMR,2024,5597.10321648993
Cameroon,CMR,2023,5415.22890256369
Cameroon,CMR,2022,5188.15515765322
Cameroon,CMR,2021,4793.55628200196
Cameroon,CMR,2020,4365.44704128392
Cameroon,CMR,2019,4241.11174920592
Cameroon,CMR,2018,4010.76360069526
Cameroon,CMR,2017,3767.43072883824
Cameroon,CMR,2016,3626.99932028578
Cameroon,CMR,2015,3497.66067563959
Cameroon,CMR,2014,3422.26128158344
Cameroon,CMR,2013,3238.86829843733
Canada,CAN,2025,66745.8248561648
Canada,CAN,2024,65482.9454728344
Canada,CAN,2023,64962.1919440095
Canada,CAN,2022,64217.0443455227
Canada,CAN,2021,56995.0952020711
Canada,CAN,2020,48590.748859725
Canada,CAN,2019,50499.0822425462
Canada,CAN,2018,49982.6446255492
Canada,CAN,2017,48317.500303004
Canada,CAN,2016,46470.6925239685
Canada,CAN,2015,44668.1361640155
Canada,CAN,2014,45758.1466048816
Canada,CAN,2013,44300.7302100096
Cayman Islands,CYM,2025,
Cayman Islands,CYM,2024,92201.086358256
Cayman Islands,CYM,2023,88395.1826392376
Cayman Islands,CYM,2022,82193.1801927387
Cayman Islands,CYM,2021,74160.4914000191
Cayman Islands,CYM,2020,66118.6540859028
Cayman Islands,CYM,2019,72697.3672861884
Cayman Islands,CYM,2018,71811.8917405219
Cayman Islands,CYM,2017,68017.6758327335
Cayman Islands,CYM,2016,65680.0748270553
Cayman Islands,CYM,2015,64009.3167970419
Cayman Islands,CYM,2014,63560.5141777232
Cayman Islands,CYM,2013,63648.2539137692
Central African Republic,CAF,2025,1313.8765680523
Central African Republic,CAF,2024,1264.93671692975
Central African Republic,CAF,2023,1258.13048389217
Central African Republic,CAF,2022,1217.6567661451
Central African Republic,CAF,2021,1128.55237996459
Central African Republic,CAF,2020,1066.29005423151
Central African Republic,CAF,2019,984.843183678857
Central African Republic,CAF,2018,905.817788941094
Central African Republic,CAF,2017,883.810734876066
Central African Republic,CAF,2016,826.013301383169
Central African Republic,CAF,2015,768.870887999174
Central African Republic,CAF,2014,698.963738923072
Central African Republic,CAF,2013,709.853481245446
Chad,TCD,2025,2902.7406157583
Chad,TCD,2024,2766.98134913811
Chad,TCD,2023,2703.06889886705
Chad,TCD,2022,2623.702025997
Chad,TCD,2021,2435.07274651099
Chad,TCD,2020,2185.99034173537
Chad,TCD,2019,2351.65339767739
Chad,TCD,2018,2227.81335372611
Chad,TCD,2017,2097.14425483604
Chad,TCD,2016,2120.08751553857
Chad,TCD,2015,2377.51137185751
Chad,TCD,2014,2133.18441198787
Chad,TCD,2013,2110.24705136988
Channel Islands,CHI,2025,
Channel Islands,CHI,2024,
Channel Islands,CHI,2023,
Channel Islands,CHI,2022,
Channel Islands,CHI,2021,
Channel Islands,CHI,2020,
Channel Islands,CHI,2019,
Channel Islands,CHI,2018,
Channel Islands,CHI,2017,
Channel Islands,CHI,2016,
Channel Islands,CHI,2015,
Channel Islands,CHI,2014,
Channel Islands,CHI,2013,
Chile,CHL,2025,37774.0879069903
Chile,CHL,2024,36070.892945837
Chile,CHL,2023,33173.5278418356
Chile,CHL,2022,30918.9258262719
Chile,CHL,2021,29106.6356522053
Chile,CHL,2020,25357.0056990873
Chile,CHL,2019,25613.9095717623
Chile,CHL,2018,25305.0903462611
Chile,CHL,2017,24295.223766602
Chile,CHL,2016,23256.5036042211
Chile,CHL,2015,22468.3125745547
Chile,CHL,2014,22553.6161787372
Chile,CHL,2013,22201.0660684337
China,CHN,2025,29333.3311051433
China,CHN,2024,27139.5181633767
China,CHN,2023,25200.068112272
China,CHN,2022,23028.4517927066
China,CHN,2021,20843.2978347377
China,CHN,2020,18267.4783455827
China,CHN,2019,17600.8907568493
China,CHN,2018,16298.2050619109
China,CHN,2017,15022.4371883124
China,CHN,2016,14157.2514988004
China,CHN,2015,13463.3331511105
China,CHN,2014,12941.5964809146
China,CHN,2013,12228.3736084197
Colombia,COL,2025,22640.4224606513
Colombia,COL,2024,22439.4001359818
Colombia,COL,2023,21281.7475207548
Colombia,COL,2022,20854.002999162
Colombia,COL,2021,17383.0901728295
Colombia,COL,2020,15519.2101694656
Colombia,COL,2019,16181.5908990662
Colombia,COL,2018,15239.4049488277
Colombia,COL,2017,14400.6139849314
Colombia,COL,2016,14026.8399931053
Colombia,COL,2015,13332.0555048211
Colombia,COL,2014,13355.3624162195
Colombia,COL,2013,12779.8865818318
Comoros,COM,2025,4238.26133409182
Comoros,COM,2024,4047.95264193561
Comoros,COM,2023,3896.71858176845
Comoros,COM,2022,3712.34821507981
Comoros,COM,2021,3449.0435745318
Comoros,COM,2020,3261.59496762747
Comoros,COM,2019,3312.74957050545
Comoros,COM,2018,3304.54845189026
Comoros,COM,2017,3347.45652997484
Comoros,COM,2016,3139.05160740463
Comoros,COM,2015,2949.47342240993
Comoros,COM,2014,2937.61167612379
Comoros,COM,2013,2832.52867837395
"Congo, Dem. Rep.",COD,2025,1919.82250200565
"Congo, Dem. Rep.",COD,2024,1823.27705135453
"Congo, Dem. Rep.",COD,2023,1732.04870835091
"Congo, Dem. Rep.",COD,2022,1589.91203243059
"Congo, Dem. Rep.",COD,2021,1402.38560295221
"Congo, Dem. Rep.",COD,2020,1088.7890035637
"Congo, Dem. Rep.",COD,2019,1056.17206659241
"Congo, Dem. Rep.",COD,2018,1048.86502855672
"Congo, Dem. Rep.",COD,2017,990.545051394781
"Congo, Dem. Rep.",COD,2016,950.022298158597
"Congo, Dem. Rep.",COD,2015,910.393131638657
"Congo, Dem. Rep.",COD,2014,859.356816141236
"Congo, Dem. Rep.",COD,2013,760.64987993962
"Congo, Rep.",COG,2025,7248.44439070757
"Congo, Rep.",COG,2024,7003.66225819816
"Congo, Rep.",COG,2023,6855.92386613313
"Congo, Rep.",COG,2022,6646.44331964568
"Congo, Rep.",COG,2021,6263.21161292636
"Congo, Rep.",COG,2020,4770.96449758365
"Congo, Rep.",COG,2019,5719.59977338291
"Congo, Rep.",COG,2018,5593.19370578686
"Congo, Rep.",COG,2017,4444.63900215824
"Congo, Rep.",COG,2016,4016.04908525318
"Congo, Rep.",COG,2015,4715.13431581624
"Congo, Rep.",COG,2014,5733.18393561256
"Congo, Rep.",COG,2013,5833.86336651436
Costa Rica,CRI,2025,33814.7696296148
Costa Rica,CRI,2024,31552.1489834288
Costa Rica,CRI,2023,29247.8937202355
Costa Rica,CRI,2022,26891.9730070246
Costa Rica,CRI,2021,24083.5988182437
Costa Rica,CRI,2020,22245.4328793441
Costa Rica,CRI,2019,23461.2875330597
Costa Rica,CRI,2018,21548.8700973441
Costa Rica,CRI,2017,20499.3442145104
Costa Rica,CRI,2016,19201.7453161516
Costa Rica,CRI,2015,17525.1404835991
Costa Rica,CRI,2014,16393.8095308303
Costa Rica,CRI,2013,15232.0771293804
Cote d'Ivoire,CIV,2025,8208.90898574972
Cote d'Ivoire,CIV,2024,7680.36980823038
Cote d'Ivoire,CIV,2023,7243.14676270142
Cote d'Ivoire,CIV,2022,6718.37891572875
Cote d'Ivoire,CIV,2021,6045.20480490881
Cote d'Ivoire,CIV,2020,5543.85096318939
Cote d'Ivoire,CIV,2019,5516.39055126829
Cote d'Ivoire,CIV,2018,4945.62520575915
Cote d'Ivoire,CIV,2017,4690.17801861096
Cote d'Ivoire,CIV,2016,4530.64849808487
Cote d'Ivoire,CIV,2015,4403.64296618998
Cote d'Ivoire,CIV,2014,4074.21445539789
Cote d'Ivoire,CIV,2013,3619.01790854865
Croatia,HRV,2025,50946.1671131832
Croatia,HRV,2024,49550.8073348367
Croatia,HRV,2023,47759.6272293173
Croatia,HRV,2022,42125.1926231817
Croatia,HRV,2021,36930.076102199
Croatia,HRV,2020,31594.0082486835
Croatia,HRV,2019,33063.9987060793
Croatia,HRV,2018,29789.4340021154
Croatia,HRV,2017,27887.4600052514
Croatia,HRV,2016,25802.8242312486
Croatia,HRV,2015,23749.8280957224
Croatia,HRV,2014,22706.2761364179
Croatia,HRV,2013,22430.1102453055
Cuba,CUB,2025,
Cuba,CUB,2024,
Cuba,CUB,2023,
Cuba,CUB,2022,
Cuba,CUB,2021,
Cuba,CUB,2020,
Cuba,CUB,2019,
Cuba,CUB,2018,
Cuba,CUB,2017,
Cuba,CUB,2016,
Cuba,CUB,2015,
Cuba,CUB,2014,
Cuba,CUB,2013,
Curacao,CUW,2025,
Curacao,CUW,2024,32740.7736763943
Curacao,CUW,2023,30676.8522403072
Curacao,CUW,2022,28636.1483744106
Curacao,CUW,2021,24905.7684266978
Curacao,CUW,2020,21722.0174102902
Curacao,CUW,2019,25396.9967729561
Curacao,CUW,2018,24623.0413085512
Curacao,CUW,2017,24321.7467432044
Curacao,CUW,2016,23649.5914937775
Curacao,CUW,2015,24037.6486252583
Curacao,CUW,2014,24347.7604866101
Curacao,CUW,2013,24821.7962782173
Cyprus,CYP,2025,64574.62109375
Cyprus,CYP,2024,63006.765625
Cyprus,CYP,2023,59874.734375
Cyprus,CYP,2022,55876.3828125
Cyprus,CYP,2021,47632.5703125
Cyprus,CYP,2020,42569.06640625
Cyprus,CYP,2019,44393.72265625
Cyprus,CYP,2018,40262.48828125
Cyprus,CYP,2017,37768.08984375
Cyprus,CYP,2016,35247.0390625
Cyprus,CYP,2015,31380.220703125
Cyprus,CYP,2014,29892.75
Cyprus,CYP,2013,30415.8359375
Czechia,CZE,2025,60487.2877495391
Czechia,CZE,2024,57625.0961715706
Czechia,CZE,2023,56062.3957561294
Czechia,CZE,2022,52946.9660854462
Czechia,CZE,2021,47796.0337408466
Czechia,CZE,2020,44839.4822099455
Czechia,CZE,2019,45614.0171132532
Czechia,CZE,2018,41638.1831076596
Czechia,CZE,2017,39346.030564257
Czechia,CZE,2016,36445.0485732064
Czechia,CZE,2015,34093.0280593748
Czechia,CZE,2014,32743.489773169
Czechia,CZE,2013,31013.0082933831
Denmark,DNK,2025,83218.071525634
Denmark,DNK,2024,80937.8001363997
Denmark,DNK,2023,77425.3867230346
Denmark,DNK,2022,78554.1217617983
Denmark,DNK,2021,69327.998216527
Denmark,DNK,2020,62682.2899474389
Denmark,DNK,2019,60594.966400191
Denmark,DNK,2018,57233.6231685618
Denmark,DNK,2017,55271.5976002659
Denmark,DNK,2016,51820.9521305491
Denmark,DNK,2015,48897.2099776611
Denmark,DNK,2014,47879.5955558233
Denmark,DNK,2013,46869.1932887749
Djibouti,DJI,2025,8451.96838146073
Djibouti,DJI,2024,7821.62138070711
Djibouti,DJI,2023,7231.79450192575
Djibouti,DJI,2022,6620.28103140186
Djibouti,DJI,2021,5960.10807396825
Djibouti,DJI,2020,5527.00185229888
Djibouti,DJI,2019,5398.00036773984
Djibouti,DJI,2018,5083.11077030183
Djibouti,DJI,2017,4676.71336058903
Djibouti,DJI,2016,4431.56588556176
Djibouti,DJI,2015,4263.96288890455
Djibouti,DJI,2014,3978.34667092554
Djibouti,DJI,2013,3762.2819610399
Dominica,DMA,2025,22713.1288027433
Dominica,DMA,2024,21331.6193698018
Dominica,DMA,2023,20302.7023497562
Dominica,DMA,2022,18799.1022306558
Dominica,DMA,2021,15808.9743503945
Dominica,DMA,2020,14243.7623123898
Dominica,DMA,2019,16020.5944720217
Dominica,DMA,2018,15069.8972415303
Dominica,DMA,2017,12696.1956612622
Dominica,DMA,2016,12945.0029571643
Dominica,DMA,2015,12092.7315992676
Dominica,DMA,2014,12083.292631482
Dominica,DMA,2013,11286.2696974861
Dominican Republic,DOM,2025,28721.0964580217
Dominican Republic,DOM,2024,27581.6606581871
Dominican Republic,DOM,2023,25861.2335511855
Dominican Republic,DOM,2022,24621.9061494267
Dominican Republic,DOM,2021,22053.4589869955
Dominican Republic,DOM,2020,18998.3069667315
Dominican Republic,DOM,2019,19766.7628586981
Dominican Republic,DOM,2018,17994.8382742736
Dominican Republic,DOM,2017,16846.2072320323
Dominican Republic,DOM,2016,16282.1899127514
Dominican Republic,DOM,2015,14804.0974069659
Dominican Republic,DOM,2014,13464.7925609074
Dominican Republic,DOM,2013,12413.910018356
Ecuador,ECU,2025,16756.6539631307
Ecuador,ECU,2024,15848.3400023446
Ecuador,ECU,2023,15907.3619798807
Ecuador,ECU,2022,15195.6639594842
Ecuador,ECU,2021,13507.4445638375
Ecuador,ECU,2020,11526.8013009278
Ecuador,ECU,2019,12543.0148243925
Ecuador,ECU,2018,12186.8846084388
Ecuador,ECU,2017,11793.4797426944
Ecuador,ECU,2016,10881.4890706732
Ecuador,ECU,2015,10877.7507461388
Ecuador,ECU,2014,11835.6091276538
Ecuador,ECU,2013,11295.6127804419
"Egypt, Arab Rep.",EGY,2025,20204.0130500153
"Egypt, Arab Rep.",EGY,2024,19121.874936645
"Egypt, Arab Rep.",EGY,2023,18540.1079077988
"Egypt, Arab Rep.",EGY,2022,17524.0240491999
"Egypt, Arab Rep.",EGY,2021,15579.0160861551
"Egypt, Arab Rep.",EGY,2020,15231.865417764
"Egypt, Arab Rep.",EGY,2019,13363.732696323
"Egypt, Arab Rep.",EGY,2018,12329.2446781436
"Egypt, Arab Rep.",EGY,2017,11124.7351098149
"Egypt, Arab Rep.",EGY,2016,10665.6676499685
"Egypt, Arab Rep.",EGY,2015,10903.3368231185
"Egypt, Arab Rep.",EGY,2014,10256.4367553616
"Egypt, Arab Rep.",EGY,2013,10511.3931678495
El Salvador,SLV,2025,14101.1774819291
El Salvador,SLV,2024,13258.1805042704
El Salvador,SLV,2023,12667.4662875421
El Salvador,SLV,2022,11874.0814242931
El Salvador,SLV,2021,10809.713399518
El Salvador,SLV,2020,9392.68913817943
El Salvador,SLV,2019,9756.7521864595
El Salvador,SLV,2018,9203.76216310773
El Salvador,SLV,2017,8965.2189086345
El Salvador,SLV,2016,8455.61614773975
El Salvador,SLV,2015,7933.73697858999
El Salvador,SLV,2014,7503.71105811981
El Salvador,SLV,2013,7092.58852133297
Equatorial Guinea,GNQ,2025,16133.1056143137
Equatorial Guinea,GNQ,2024,17072.4273818835
Equatorial Guinea,GNQ,2023,16997.002016833
Equatorial Guinea,GNQ,2022,18137.114494644
Equatorial Guinea,GNQ,2021,16821.4486470413
Equatorial Guinea,GNQ,2020,13677.110587517
Equatorial Guinea,GNQ,2019,16451.3641478324
Equatorial Guinea,GNQ,2018,18413.1294204577
Equatorial Guinea,GNQ,2017,18434.7708571004
Equatorial Guinea,GNQ,2016,16649.4757672359
Equatorial Guinea,GNQ,2015,19478.7010123338
Equatorial Guinea,GNQ,2014,27177.271665026
Equatorial Guinea,GNQ,2013,27909.5175876754
Eritrea,ERI,2025,
Eritrea,ERI,2024,
Eritrea,ERI,2023,
Eritrea,ERI,2022,
Eritrea,ERI,2021,
Eritrea,ERI,2020,
Eritrea,ERI,2019,
Eritrea,ERI,2018,
Eritrea,ERI,2017,
Eritrea,ERI,2016,
Eritrea,ERI,2015,
Eritrea,ERI,2014,
Eritrea,ERI,2013,
Estonia,EST,2025,52105.5093433416
Estonia,EST,2024,50395.7686402966
Estonia,EST,2023,48848.1421016254
Estonia,EST,2022,48029.83322897
Estonia,EST,2021,44247.4198971873
Estonia,EST,2020,40672.1340402132
Estonia,EST,2019,40586.3784378888
Estonia,EST,2018,37120.9879761677
Estonia,EST,2017,34506.6486942506
Estonia,EST,2016,31947.7769107437
Estonia,EST,2015,29712.6299473728
Estonia,EST,2014,29403.6584494815
Estonia,EST,2013,27831.1526234213
Eswatini,SWZ,2025,12529.2796629252
Eswatini,SWZ,2024,11822.961305357
Eswatini,SWZ,2023,11309.1967529876
Eswatini,SWZ,2022,10633.7069148254
Eswatini,SWZ,2021,9990.43491951205
Eswatini,SWZ,2020,9329.30453360939
Eswatini,SWZ,2019,9248.32206714455
Eswatini,SWZ,2018,8535.25593160454
Eswatini,SWZ,2017,8584.31100767837
Eswatini,SWZ,2016,8484.12117278345
Eswatini,SWZ,2015,8391.07006084602
Eswatini,SWZ,2014,8365.743287389
Eswatini,SWZ,2013,8231.15139767951
Ethiopia,ETH,2025,3621.67487597821
Ethiopia,ETH,2024,3292.3093336937
Ethiopia,ETH,2023,3063.42789983124
Ethiopia,ETH,2022,2844.47188098448
Ethiopia,ETH,2021,2588.41310213778
Ethiopia,ETH,2020,2406.78938480121
Ethiopia,ETH,2019,2242.44488312932
Ethiopia,ETH,2018,2095.3175782979
Ethiopia,ETH,2017,2004.74755633129
Ethiopia,ETH,2016,1857.54946515224
Ethiopia,ETH,2015,1632.61818006837
Ethiopia,ETH,2014,1484.63145566608
Ethiopia,ETH,2013,1252.86896408004
Faroe Islands,FRO,2025,
Faroe Islands,FRO,2024,82089.2832575392
Faroe Islands,FRO,2023,79784.0760936327
Faroe Islands,FRO,2022,75266.2952690413
Faroe Islands,FRO,2021,68433.2144298182
Faroe Islands,FRO,2020,61655.542982019
Faroe Islands,FRO,2019,62225.8459648561
Faroe Islands,FRO,2018,58931.9758558052
Faroe Islands,FRO,2017,56417.3562497037
Faroe Islands,FRO,2016,54319.4020922519
Faroe Islands,FRO,2015,53685.4650513354
Faroe Islands,FRO,2014,53199.5123811889
Faroe Islands,FRO,2013,49781.873438729
Fiji,FJI,2025,16337.5722970567
Fiji,FJI,2024,15472.737444718
Fiji,FJI,2023,14656.2474506851
Fiji,FJI,2022,12980.234013809
Fiji,FJI,2021,10322.4279638854
Fiji,FJI,2020,10716.2914367663
Fiji,FJI,2019,12978.0990352704
Fiji,FJI,2018,12984.2072545454
Fiji,FJI,2017,12585.2777064526
Fiji,FJI,2016,11765.5379751413
Fiji,FJI,2015,11519.3012049449
Fiji,FJI,2014,10516.2596989681
Fiji,FJI,2013,8842.15172885423
Finland,FIN,2025,65884.4876972259
Finland,FIN,2024,65137.1816928289
Finland,FIN,2023,63466.8356113767
Finland,FIN,2022,62133.1375219912
Finland,FIN,2021,56790.3766177692
Finland,FIN,2020,53296.5792798852
Finland,FIN,2019,52276.1115723992
Finland,FIN,2018,49248.6775395866
Finland,FIN,2017,47234.8528600939
Finland,FIN,2016,44562.4011072067
Finland,FIN,2015,42257.8593791297
Finland,FIN,2014,41547.0984485393
Finland,FIN,2013,41325.8052072321
France,FRA,2025,63975.353585864
France,FRA,2024,62524.5434134804
France,FRA,2023,60927.0361517867
France,FRA,2022,57012.0586826676
France,FRA,2021,52517.3354905855
France,FRA,2020,49481.8044309655
France,FRA,2019,51130.4723140578
France,FRA,2018,46381.0590629457
France,FRA,2017,44469.1458856805
France,FRA,2016,42880.2351355431
France,FRA,2015,40905.1767750994
France,FRA,2014,40218.1258637776
France,FRA,2013,39583.3520435045
French Polynesia,PYF,2025,
French Polynesia,PYF,2024,
French Polynesia,PYF,2023,
French Polynesia,PYF,2022,
French Polynesia,PYF,2021,
French Polynesia,PYF,2020,
French Polynesia,PYF,2019,
French Polynesia,PYF,2018,
French Polynesia,PYF,2017,
French Polynesia,PYF,2016,
French Polynesia,PYF,2015,
French Polynesia,PYF,2014,
French Polynesia,PYF,2013,
Gabon,GAB,2025,22218.341068445
Gabon,GAB,2024,21541.4112646776
Gabon,GAB,2023,20772.7726890351
Gabon,GAB,2022,19989.3886367516
Gabon,GAB,2021,18523.5798032135
Gabon,GAB,2020,14477.1308291818
Gabon,GAB,2019,15949.6373739622
Gabon,GAB,2018,15432.0430535353
Gabon,GAB,2017,14796.6286374171
Gabon,GAB,2016,13997.7352841911
Gabon,GAB,2015,14306.4340768252
Gabon,GAB,2014,14853.6712460355
Gabon,GAB,2013,14497.9921216902
"Gambia, The",GMB,2025,3705.64184038599
"Gambia, The",GMB,2024,3480.66001035486
"Gambia, The",GMB,2023,3291.84381275128
"Gambia, The",GMB,2022,3066.82429529872
"Gambia, The",GMB,2021,2777.79620978324
"Gambia, The",GMB,2020,2530.80414937307
"Gambia, The",GMB,2019,2421.72318070615
"Gambia, The",GMB,2018,2277.44236224191
"Gambia, The",GMB,2017,2038.95429850128
"Gambia, The",GMB,2016,2012.67648180251
"Gambia, The",GMB,2015,1990.31625750973
"Gambia, The",GMB,2014,1933.70329718446
"Gambia, The",GMB,2013,2006.74081646788
Georgia,GEO,2025,29414.3813424216
Georgia,GEO,2024,27486.8762116648
Georgia,GEO,2023,25092.632631604
Georgia,GEO,2022,22457.7729614408
Georgia,GEO,2021,18915.6534005263
Georgia,GEO,2020,16791.2598654465
Georgia,GEO,2019,16770.1333771469
Georgia,GEO,2018,15021.9057577433
Georgia,GEO,2017,13718.9378669764
Georgia,GEO,2016,13065.294157468
Georgia,GEO,2015,12269.6528932768
Georgia,GEO,2014,11770.6989360253
Georgia,GEO,2013,10797.3423273476
Germany,DEU,2025,75406.6888111618
Germany,DEU,2024,73957.0012170966
Germany,DEU,2023,72262.2235142279
Germany,DEU,2022,69669.6495435563
Germany,DEU,2021,62630.7748127737
Germany,DEU,2020,58704.5861986404
Germany,DEU,2019,59310.9693966204
Germany,DEU,2018,56320.6026829454
Germany,DEU,2017,54142.7414864571
Germany,DEU,2016,51555.3799963446
Germany,DEU,2015,48567.1117562648
Germany,DEU,2014,47927.5555323465
Germany,DEU,2013,45876.2138041716
Ghana,GHA,2025,8610.2796922986
Ghana,GHA,2024,8051.19381149848
Ghana,GHA,2023,7562.64422849208
Ghana,GHA,2022,7207.01563645025
Ghana,GHA,2021,6607.50297378321
Ghana,GHA,2020,6047.30111673554
Ghana,GHA,2019,6002.55044678386
Ghana,GHA,2018,5536.49795400218
Ghana,GHA,2017,5170.96094857439
Ghana,GHA,2016,5011.07931572904
Ghana,GHA,2015,5191.37053389659
Ghana,GHA,2014,5517.13178763566
Ghana,GHA,2013,5214.56935848794
Gibraltar,GIB,2025,
Gibraltar,GIB,2024,
Gibraltar,GIB,2023,
Gibraltar,GIB,2022,
Gibraltar,GIB,2021,
Gibraltar,GIB,2020,
Gibraltar,GIB,2019,
Gibraltar,GIB,2018,
Gibraltar,GIB,2017,
Gibraltar,GIB,2016,
Gibraltar,GIB,2015,
Gibraltar,GIB,2014,
Gibraltar,GIB,2013,
Greece,GRC,2025,45263.6498511586
Greece,GRC,2024,44170.9556658376
Greece,GRC,2023,42613.6574438075
Greece,GRC,2022,39447.813910406
Greece,GRC,2021,33528.2271202515
Greece,GRC,2020,29533.087740299
Greece,GRC,2019,31927.3792151369
Greece,GRC,2018,29792.0592519585
Greece,GRC,2017,28681.6815585005
Greece,GRC,2016,27504.5497984948
Greece,GRC,2015,26607.7256796976
Greece,GRC,2014,26450.181326726
Greece,GRC,2013,25730.8809006664
Greenland,GRL,2025,
Greenland,GRL,2024,
Greenland,GRL,2023,78905.5801137274
Greenland,GRL,2022,75708.4296211883
Greenland,GRL,2021,69302.0088788237
Greenland,GRL,2020,64999.4435683064
Greenland,GRL,2019,64264.0564607393
Greenland,GRL,2018,61806.8271308174
Greenland,GRL,2017,60010.0982907298
Greenland,GRL,2016,58908.5907726517
Greenland,GRL,2015,55815.6502896781
Greenland,GRL,2014,56555.0690664102
Greenland,GRL,2013,52893.650357143
Grenada,GRD,2025,21345.9653408221
Grenada,GRD,2024,19903.184889337
Grenada,GRD,2023,18986.3762946619
Grenada,GRD,2022,17541.2011831673
Grenada,GRD,2021,15290.250903138
Grenada,GRD,2020,14361.1267154452
Grenada,GRD,2019,16446.1138871871
Grenada,GRD,2018,15974.8591933124
Grenada,GRD,2017,15041.4525712067
Grenada,GRD,2016,13977.5055879135
Grenada,GRD,2015,13214.4096644941
Grenada,GRD,2014,12228.6481055395
Grenada,GRD,2013,11199.4040197944
Guam,GUM,2025,
Guam,GUM,2024,
Guam,GUM,2023,
Guam,GUM,2022,
Guam,GUM,2021,
Guam,GUM,2020,
Guam,GUM,2019,
Guam,GUM,2018,
Guam,GUM,2017,
Guam,GUM,2016,
Guam,GUM,2015,
Guam,GUM,2014,
Guam,GUM,2013,
Guatemala,GTM,2025,15197.0831415082
Guatemala,GTM,2024,14393.0528302577
Guatemala,GTM,2023,13751.6084364487
Guatemala,GTM,2022,13008.2565459863
Guatemala,GTM,2021,11825.141273764
Guatemala,GTM,2020,10947.3711292197
Guatemala,GTM,2019,10755.8801029589
Guatemala,GTM,2018,9946.80252245268
Guatemala,GTM,2017,9560.1778346272
Guatemala,GTM,2016,9201.42836046357
Guatemala,GTM,2015,8934.00261178392
Guatemala,GTM,2014,8236.65929901848
Guatemala,GTM,2013,7699.94541247252
Guinea,GIN,2025,4934.65125959855
Guinea,GIN,2024,4571.93087130821
Guinea,GIN,2023,4337.3181486001
Guinea,GIN,2022,4061.71755990026
Guinea,GIN,2021,3738.8051255133
Guinea,GIN,2020,3331.85663003801
Guinea,GIN,2019,3105.82789015443
Guinea,GIN,2018,2844.46427670549
Guinea,GIN,2017,2687.09504827171
Guinea,GIN,2016,2255.32617992615
Guinea,GIN,2015,1929.68091332187
Guinea,GIN,2014,1873.21413058957
Guinea,GIN,2013,1842.00227737409
Guinea-Bissau,GNB,2025,3293.09532269486
Guinea-Bissau,GNB,2024,3093.46533465682
Guinea-Bissau,GNB,2023,2955.52345541775
Guinea-Bissau,GNB,2022,2785.7846268362
Guinea-Bissau,GNB,2021,2522.12869240841
Guinea-Bissau,GNB,2020,2339.79956661743
Guinea-Bissau,GNB,2019,2247.29524698075
Guinea-Bissau,GNB,2018,2057.96969129146
Guinea-Bissau,GNB,2017,2081.81287227685
Guinea-Bissau,GNB,2016,1824.3730977071
Guinea-Bissau,GNB,2015,1729.94260310123
Guinea-Bissau,GNB,2014,1455.90813665193
Guinea-Bissau,GNB,2013,1415.82511935379
Guyana,GUY,2025,97899.0116180627
Guyana,GUY,2024,80271.4254322872
Guyana,GUY,2023,54774.145474106
Guyana,GUY,2022,39704.6761521236
Guyana,GUY,2021,22865.9270968882
Guyana,GUY,2020,16819.4228714695
Guyana,GUY,2019,13240.9713761155
Guyana,GUY,2018,12442.5087185876
Guyana,GUY,2017,12243.2225968541
Guyana,GUY,2016,11516.3798289577
Guyana,GUY,2015,11408.473901349
Guyana,GUY,2014,11145.0291198724
Guyana,GUY,2013,11199.8874744089
Haiti,HTI,2025,3133.72347930529
Haiti,HTI,2024,3168.87908307377
Haiti,HTI,2023,3264.65805430675
Haiti,HTI,2022,3245.27176023069
Haiti,HTI,2021,3116.56505397604
Haiti,HTI,2020,3103.18066312462
Haiti,HTI,2019,3236.97492504607
Haiti,HTI,2018,3196.97386370614
Haiti,HTI,2017,3339.38884653446
Haiti,HTI,2016,3253.47178641614
Haiti,HTI,2015,3025.83461728258
Haiti,HTI,2014,3075.73843837062
Haiti,HTI,2013,3042.4970687871
Honduras,HND,2025,7871.09129065536
Honduras,HND,2024,7502.56902428309
Honduras,HND,2023,7184.25562362375
Honduras,HND,2022,6804.41504589356
Honduras,HND,2021,6202.98078812037
Honduras,HND,2020,5384.69831983038
Honduras,HND,2019,5784.93081057111
Honduras,HND,2018,5633.3832384519
Honduras,HND,2017,5620.65455247733
Honduras,HND,2016,5186.15897417161
Honduras,HND,2015,4845.59566521125
Honduras,HND,2014,4460.05742833175
Honduras,HND,2013,4137.3268237781
"Hong Kong SAR, China",HKG,2025,80422.8129947646
"Hong Kong SAR, China",HKG,2024,75341.6985534061
"Hong Kong SAR, China",HKG,2023,71519.1754897022
"Hong Kong SAR, China",HKG,2022,68590.1858741565
"Hong Kong SAR, China",HKG,2021,65884.9376260603
"Hong Kong SAR, China",HKG,2020,58187.4764072535
"Hong Kong SAR, China",HKG,2019,61221.4195400701
"Hong Kong SAR, China",HKG,2018,60900.2752924537
"Hong Kong SAR, China",HKG,2017,59260.9131761938
"Hong Kong SAR, China",HKG,2016,56761.4824132224
"Hong Kong SAR, China",HKG,2015,56043.042695697
"Hong Kong SAR, China",HKG,2014,54514.9268059819
"Hong Kong SAR, China",HKG,2013,53517.419549888
Hungary,HUN,2025,49837.6008411067
Hungary,HUN,2024,48540.1614792293
Hungary,HUN,2023,46376.1979062264
Hungary,HUN,2022,44232.4363539167
Hungary,HUN,2021,38887.1909527154
Hungary,HUN,2020,35583.5855675637
Hungary,HUN,2019,35627.2315520858
Hungary,HUN,2018,32258.2577892511
Hungary,HUN,2017,29728.0121568801
Hungary,HUN,2016,28178.9450366919
Hungary,HUN,2015,26937.7320818864
Hungary,HUN,2014,25796.2100959256
Hungary,HUN,2013,24591.6380503055
Iceland,ISL,2025,83431.2131434311
Iceland,ISL,2024,83561.4294628375
Iceland,ISL,2023,82256.5277425273
Iceland,ISL,2022,76592.3392429534
Iceland,ISL,2021,62720.7916832797
Iceland,ISL,2020,56840.7423583166
Iceland,ISL,2019,61270.1315624391
Iceland,ISL,2018,58105.5882495515
Iceland,ISL,2017,56385.0430004634
Iceland,ISL,2016,54227.6848099073
Iceland,ISL,2015,49715.8375969779
Iceland,ISL,2014,46471.9845659755
Iceland,ISL,2013,44738.1187219778
India,IND,2025,11747.9160436011
India,IND,2024,10718.5934040662
India,IND,2023,9853.04309264591
India,IND,2022,8941.09277447514
India,IND,2021,7818.65701757504
India,IND,2020,6766.06119055994
India,IND,2019,6945.40309824538
India,IND,2018,6521.97490856972
India,IND,2017,5968.11490280172
India,IND,2016,5633.77275665841
India,IND,2015,5269.11774528716
India,IND,2014,5042.38256477318
India,IND,2013,4870.23562464539
Indonesia,IDN,2025,17659.7921291587
Indonesia,IDN,2024,16472.4825935409
Indonesia,IDN,2023,15428.3856954945
Indonesia,IDN,2022,14282.6654124401
Indonesia,IDN,2021,12757.0746440204
Indonesia,IDN,2020,11729.3674458448
Indonesia,IDN,2019,11986.4701508376
Indonesia,IDN,2018,11372.0971987612
Indonesia,IDN,2017,10687.6409218443
Indonesia,IDN,2016,10262.5951651871
Indonesia,IDN,2015,10027.5372996025
Indonesia,IDN,2014,10064.677127417
Indonesia,IDN,2013,9866.01699250847
"Iran, Islamic Rep.",IRN,2025,19699.2193549189
"Iran, Islamic Rep.",IRN,2024,19902.7484779621
"Iran, Islamic Rep.",IRN,2023,18932.6833817658
"Iran, Islamic Rep.",IRN,2022,17542.844026084
"Iran, Islamic Rep.",IRN,2021,15884.4276775963
"Iran, Islamic Rep.",IRN,2020,15119.3058859964
"Iran, Islamic Rep.",IRN,2019,13927.5128074328
"Iran, Islamic Rep.",IRN,2018,15324.0674634637
"Iran, Islamic Rep.",IRN,2017,15719.416701551
"Iran, Islamic Rep.",IRN,2016,15194.7855803519
"Iran, Islamic Rep.",IRN,2015,14273.5499061586
"Iran, Islamic Rep.",IRN,2014,16065.158186028
"Iran, Islamic Rep.",IRN,2013,16215.2119014642
Iraq,IRQ,2025,14266.7965348226
Iraq,IRQ,2024,14485.3248937523
Iraq,IRQ,2023,14664.5981923773
Iraq,IRQ,2022,14388.8485236797
Iraq,IRQ,2021,12731.7535755128
Iraq,IRQ,2020,10573.9304750715
Iraq,IRQ,2019,12248.5917385963
Iraq,IRQ,2018,12034.4011214944
Iraq,IRQ,2017,10191.6616988639
Iraq,IRQ,2016,9079.13531769496
Iraq,IRQ,2015,9334.46604866315
Iraq,IRQ,2014,13168.245587417
Iraq,IRQ,2013,14668.5432764995
Ireland,IRL,2025,155089.413131749
Ireland,IRL,2024,140779.203379453
Ireland,IRL,2023,133440.438499393
Ireland,IRL,2022,138464.829172919
Ireland,IRL,2021,116702.85817485
Ireland,IRL,2020,97677.4943055886
Ireland,IRL,2019,92042.2566065385
Ireland,IRL,2018,86368.9782047908
Ireland,IRL,2017,80409.4548397032
Ireland,IRL,2016,72940.7263991139
Ireland,IRL,2015,71519.6014840656
Ireland,IRL,2014,52582.2223929461
Ireland,IRL,2013,48763.0331535881
Isle of Man,IMN,2025,
Isle of Man,IMN,2024,
Isle of Man,IMN,2023,
Isle of Man,IMN,2022,
Isle of Man,IMN,2021,
Isle of Man,IMN,2020,
Isle of Man,IMN,2019,
Isle of Man,IMN,2018,
Isle of Man,IMN,2017,
Isle of Man,IMN,2016,
Isle of Man,IMN,2015,
Isle of Man,IMN,2014,
Isle of Man,IMN,2013,
Israel,ISR,2025,59716.9735387228
Israel,ISR,2024,57277.8631217651
Israel,ISR,2023,55301.43606891
Israel,ISR,2022,53616.7140829107
Israel,ISR,2021,46151.100820403
Israel,ISR,2020,40969.2987342816
Israel,ISR,2019,41176.910821106
Israel,ISR,2018,40101.487265134
Israel,ISR,2017,39350.730387912
Israel,ISR,2016,38087.5003075978
Israel,ISR,2015,35796.5328359923
Israel,ISR,2014,34745.4721490798
Israel,ISR,2013,34776.8705712769
Italy,ITA,2025,62802.5108384276
Italy,ITA,2024,62292.9012423008
Italy,ITA,2023,60349.664512107
Italy,ITA,2022,57260.8945372493
Italy,ITA,2021,49825.3934111848
Italy,ITA,2020,44435.6434393527
Italy,ITA,2019,46661.9105159611
Italy,ITA,2018,43583.3823241172
Italy,ITA,2017,42142.3435406885
Italy,ITA,2016,40482.562999856
Italy,ITA,2015,37384.3796455406
Italy,ITA,2014,36665.68576775
Italy,ITA,2013,36459.2950248716
Jamaica,JAM,2025,13291.253767787
Jamaica,JAM,2024,12908.9862451809
Jamaica,JAM,2023,12661.3324691366
Jamaica,JAM,2022,11885.8863913319
Jamaica,JAM,2021,10430.6909771759
Jamaica,JAM,2020,9764.3525879784
Jamaica,JAM,2019,10845.0113635875
Jamaica,JAM,2018,10752.7406650924
Jamaica,JAM,2017,10466.4876782146
Jamaica,JAM,2016,9948.0414677444
Jamaica,JAM,2015,9476.14929465037
Jamaica,JAM,2014,9209.58586596513
Jamaica,JAM,2013,9101.41496692481
Japan,JPN,2025,55421.8797530311
Japan,JPN,2024,54156.2687689605
Japan,JPN,2023,52726.2389417641
Japan,JPN,2022,49245.964174373
Japan,JPN,2021,45999.4617966896
Japan,JPN,2020,43560.021428549
Japan,JPN,2019,43743.5313931194
Japan,JPN,2018,43090.0699981402
Japan,JPN,2017,42346.876013211
Japan,JPN,2016,41462.5069772969
Japan,JPN,2015,41722.3895623635
Japan,JPN,2014,40272.4415780289
Japan,JPN,2013,39855.3531119712
Jordan,JOR,2025,12631.6299394746
Jordan,JOR,2024,11916.3623210714
Jordan,JOR,2023,11450.5720698729
Jordan,JOR,2022,10880.9956299022
Jordan,JOR,2021,10056.5611261239
Jordan,JOR,2020,10506.7284780872
Jordan,JOR,2019,10305.6561841508
Jordan,JOR,2018,9889.90818777299
Jordan,JOR,2017,10140.0335144087
Jordan,JOR,2016,9580.27683713466
Jordan,JOR,2015,9851.78048494686
Jordan,JOR,2014,10059.8134952939
Jordan,JOR,2013,10790.7021162492
Kazakhstan,KAZ,2025,44293.4839632441
Kazakhstan,KAZ,2024,40950.3167392792
Kazakhstan,KAZ,2023,38546.9287207389
Kazakhstan,KAZ,2022,35889.3953214448
Kazakhstan,KAZ,2021,32945.8515725823
Kazakhstan,KAZ,2020,29039.8229624509
Kazakhstan,KAZ,2019,28689.2710838374
Kazakhstan,KAZ,2018,25096.1285862615
Kazakhstan,KAZ,2017,23973.0602295651
Kazakhstan,KAZ,2016,23023.0872293899
Kazakhstan,KAZ,2015,22484.3651382607
Kazakhstan,KAZ,2014,23958.1128890603
Kazakhstan,KAZ,2013,23754.1341952117
Kenya,KEN,2025,7015.93578839722
Kenya,KEN,2024,6649.67919174449
Kenya,KEN,2023,6322.24569873446
Kenya,KEN,2022,5882.29066433207
Kenya,KEN,2021,5338.85243382781
Kenya,KEN,2020,4792.57315847182
Kenya,KEN,2019,4687.37782325306
Kenya,KEN,2018,4411.56104120886
Kenya,KEN,2017,4177.24993580267
Kenya,KEN,2016,3916.65315673095
Kenya,KEN,2015,3678.32614146019
Kenya,KEN,2014,3359.48950665093
Kenya,KEN,2013,3106.39394464885
Kiribati,KIR,2025,3936.61263730517
Kiribati,KIR,2024,3728.03970809328
Kiribati,KIR,2023,3526.6871592056
Kiribati,KIR,2022,3349.59804202737
Kiribati,KIR,2021,3024.21029665634
Kiribati,KIR,2020,2715.27546461551
Kiribati,KIR,2019,2761.74331450078
Kiribati,KIR,2018,2669.39256773617
Kiribati,KIR,2017,2561.14862522379
Kiribati,KIR,2016,2462.83249247427
Kiribati,KIR,2015,2310.60291495273
Kiribati,KIR,2014,2084.13105370573
Kiribati,KIR,2013,2049.33390306083
"Korea, Dem. People's Rep.",PRK,2025,
"Korea, Dem. People's Rep.",PRK,2024,
"Korea, Dem. People's Rep.",PRK,2023,
"Korea, Dem. People's Rep.",PRK,2022,
"Korea, Dem. People's Rep.",PRK,2021,
"Korea, Dem. People's Rep.",PRK,2020,
"Korea, Dem. People's Rep.",PRK,2019,
"Korea, Dem. People's Rep.",PRK,2018,
"Korea, Dem. People's Rep.",PRK,2017,
"Korea, Dem. People's Rep.",PRK,2016,
"Korea, Dem. People's Rep.",PRK,2015,
"Korea, Dem. People's Rep.",PRK,2014,
"Korea, Dem. People's Rep.",PRK,2013,
"Korea, Rep.",KOR,2025,63124.9152183625
"Korea, Rep.",KOR,2024,61051.3492502498
"Korea, Rep.",KOR,2023,57429.8031076402
"Korea, Rep.",KOR,2022,55509.3368761174
"Korea, Rep.",KOR,2021,51718.2518656631
"Korea, Rep.",KOR,2020,47881.4921344193
"Korea, Rep.",KOR,2019,46511.2196957018
"Korea, Rep.",KOR,2018,45511.0803506331
"Korea, Rep.",KOR,2017,43155.9100867658
"Korea, Rep.",KOR,2016,41672.6278317077
"Korea, Rep.",KOR,2015,39794.1961180043
"Korea, Rep.",KOR,2014,37032.1724172561
"Korea, Rep.",KOR,2013,35844.2253782408
Kosovo,XKX,2025,19263.3268800963
Kosovo,XKX,2024,17890.3600994298
Kosovo,XKX,2023,15817.4329388361
Kosovo,XKX,2022,13948.6857891476
Kosovo,XKX,2021,12362.4210181213
Kosovo,XKX,2020,10532.5054692849
Kosovo,XKX,2019,10861.0531745974
Kosovo,XKX,2018,10018.7387080811
Kosovo,XKX,2017,9380.94007290057
Kosovo,XKX,2016,9157.04630742908
Kosovo,XKX,2015,8714.91966356132
Kosovo,XKX,2014,8200.47420451574
Kosovo,XKX,2013,8090.75939263902
Kuwait,KWT,2025,56467.7272075432
Kuwait,KWT,2024,53119.3783662664
Kuwait,KWT,2023,53083.3848600632
Kuwait,KWT,2022,55034.2790289403
Kuwait,KWT,2021,50651.9575337091
Kuwait,KWT,2020,41461.7235642777
Kuwait,KWT,2019,50703.0001343301
Kuwait,KWT,2018,51370.7320595252
Kuwait,KWT,2017,46565.5499504554
Kuwait,KWT,2016,41862.1739255505
Kuwait,KWT,2015,45267.3085347452
Kuwait,KWT,2014,68336.5991533112
Kuwait,KWT,2013,76812.5387330449
Kyrgyz Republic,KGZ,2025,9219.51443675205
Kyrgyz Republic,KGZ,2024,8208.03081858011
Kyrgyz Republic,KGZ,2023,7304.10137976789
Kyrgyz Republic,KGZ,2022,6576.46977080639
Kyrgyz Republic,KGZ,2021,5736.47883415154
Kyrgyz Republic,KGZ,2020,5178.5619670404
Kyrgyz Republic,KGZ,2019,5304.22758314405
Kyrgyz Republic,KGZ,2018,4777.94175395575
Kyrgyz Republic,KGZ,2017,4953.71755085199
Kyrgyz Republic,KGZ,2016,4603.75964247878
Kyrgyz Republic,KGZ,2015,4153.3766990372
Kyrgyz Republic,KGZ,2014,4228.1951482992
Kyrgyz Republic,KGZ,2013,4000.96295765107
Lao PDR,LAO,2025,10382.9990718948
Lao PDR,LAO,2024,9790.02538664409
Lao PDR,LAO,2023,9299.44710059913
Lao PDR,LAO,2022,8765.05131747163
Lao PDR,LAO,2021,8080.43553249923
Lao PDR,LAO,2020,7913.38660650276
Lao PDR,LAO,2019,7743.21906534261
Lao PDR,LAO,2018,7486.86452700433
Lao PDR,LAO,2017,7141.90652701767
Lao PDR,LAO,2016,6743.01053953037
Lao PDR,LAO,2015,6086.0673044622
Lao PDR,LAO,2014,5798.50436730091
Lao PDR,LAO,2013,5221.59855783339
Latvia,LVA,2025,46136.689377286
Latvia,LVA,2024,43873.3777849582
Latvia,LVA,2023,42783.8260226567
Latvia,LVA,2022,40546.4638799692
Latvia,LVA,2021,36912.0130602161
Latvia,LVA,2020,32741.4207691987
Latvia,LVA,2019,32199.0960377091
Latvia,LVA,2018,29817.8047263182
Latvia,LVA,2017,25763.9907709703
Latvia,LVA,2016,24063.4511245109
Latvia,LVA,2015,22543.9183164105
Latvia,LVA,2014,21553.6623204436
Latvia,LVA,2013,20473.5243706913
Lebanon,LBN,2025,
Lebanon,LBN,2024,11917.4502960889
Lebanon,LBN,2023,12585.1973845359
Lebanon,LBN,2022,12290.8925567636
Lebanon,LBN,2021,11599.7755083765
Lebanon,LBN,2020,16259.7051312281
Lebanon,LBN,2019,21710.4648750807
Lebanon,LBN,2018,21985.4884702241
Lebanon,LBN,2017,20963.8249472533
Lebanon,LBN,2016,18940.5901000453
Lebanon,LBN,2015,17045.898285301
Lebanon,LBN,2014,16139.8649966955
Lebanon,LBN,2013,16315.6137748763
Lesotho,LSO,2025,3184.11725194709
Lesotho,LSO,2024,3070.79580931865
Lesotho,LSO,2023,2879.59482438145
Lesotho,LSO,2022,2760.87343646139
Lesotho,LSO,2021,2544.78249551214
Lesotho,LSO,2020,2559.09776077846
Lesotho,LSO,2019,2568.34114362719
Lesotho,LSO,2018,2632.28775223004
Lesotho,LSO,2017,2618.81820770145
Lesotho,LSO,2016,2942.18153663921
Lesotho,LSO,2015,3034.64692924848
Lesotho,LSO,2014,2771.24496867163
Lesotho,LSO,2013,2538.26310306049
Liberia,LBR,2025,1981.09483342188
Liberia,LBR,2024,1873.76133636244
Liberia,LBR,2023,1796.01250525501
Liberia,LBR,2022,1691.30467616419
Liberia,LBR,2021,1539.20892304674
Liberia,LBR,2020,1659.52109145991
Liberia,LBR,2019,1899.52200972855
Liberia,LBR,2018,1799.72751397748
Liberia,LBR,2017,1664.94481323565
Liberia,LBR,2016,1490.33581410026
Liberia,LBR,2015,1340.43279741197
Liberia,LBR,2014,1418.77355515891
Liberia,LBR,2013,1360.12910370155
Libya,LBY,2025,16521.3998152838
Libya,LBY,2024,14324.5818697336
Libya,LBY,2023,13858.4923072147
Libya,LBY,2022,12264.4456986569
Libya,LBY,2021,12641.5097714075
Libya,LBY,2020,10954.799045265
Libya,LBY,2019,16194.1082061146
Libya,LBY,2018,18879.3151301984
Libya,LBY,2017,18026.0187834008
Libya,LBY,2016,16961.0177111717
Libya,LBY,2015,17903.2565395803
Libya,LBY,2014,17509.5285087845
Libya,LBY,2013,21151.0051911633
Liechtenstein,LIE,2025,
Liechtenstein,LIE,2024,
Liechtenstein,LIE,2023,
Liechtenstein,LIE,2022,
Liechtenstein,LIE,2021,
Liechtenstein,LIE,2020,
Liechtenstein,LIE,2019,
Liechtenstein,LIE,2018,
Liechtenstein,LIE,2017,
Liechtenstein,LIE,2016,
Liechtenstein,LIE,2015,
Liechtenstein,LIE,2014,
Liechtenstein,LIE,2013,
Lithuania,LTU,2025,56837.8067003598
Lithuania,LTU,2024,55699.3734421294
Lithuania,LTU,2023,52720.0689650863
Lithuania,LTU,2022,50653.3394443751
Lithuania,LTU,2021,45897.3715026327
Lithuania,LTU,2020,41262.7276941725
Lithuania,LTU,2019,40563.8304884555
Lithuania,LTU,2018,36491.9385223689
Lithuania,LTU,2017,31305.0436934372
Lithuania,LTU,2016,28698.9887868061
Lithuania,LTU,2015,26948.5919371645
Lithuania,LTU,2014,26274.7488764946
Lithuania,LTU,2013,24889.8726227818
Luxembourg,LUX,2025,156542.075847247
Luxembourg,LUX,2024,156079.3685607
Luxembourg,LUX,2023,152596.126692093
Luxembourg,LUX,2022,146919.145398495
Luxembourg,LUX,2021,136772.443753292
Luxembourg,LUX,2020,122066.739147202
Luxembourg,LUX,2019,121371.73990307
Luxembourg,LUX,2018,116638.414163882
Luxembourg,LUX,2017,114985.842235989
Luxembourg,LUX,2016,113365.176082265
Luxembourg,LUX,2015,107859.685999308
Luxembourg,LUX,2014,105296.288654407
Luxembourg,LUX,2013,100925.011992241
"Macao SAR, China",MAC,2025,137030.679100085
"Macao SAR, China",MAC,2024,127144.298137913
"Macao SAR, China",MAC,2023,116424.421317954
"Macao SAR, China",MAC,2022,64183.3559914099
"Macao SAR, China",MAC,2021,73374.4486829589
"Macao SAR, China",MAC,2020,57077.5325705099
"Macao SAR, China",MAC,2019,126029.622371097
"Macao SAR, China",MAC,2018,129457.998600118
"Macao SAR, China",MAC,2017,120774.963080752
"Macao SAR, China",MAC,2016,107653.177281832
"Macao SAR, China",MAC,2015,108656.763904919
"Macao SAR, China",MAC,2014,145187.080794416
"Macao SAR, China",MAC,2013,149859.180455113
Madagascar,MDG,2025,1952.48426903369
Madagascar,MDG,2024,1888.66403175151
Madagascar,MDG,2023,1810.09891584306
Madagascar,MDG,2022,1716.40079421689
Madagascar,MDG,2021,1577.43246056529
Madagascar,MDG,2020,1490.32312839072
Madagascar,MDG,2019,1612.29772715626
Madagascar,MDG,2018,1546.59563549795
Madagascar,MDG,2017,1546.88001890817
Madagascar,MDG,2016,1561.51962374608
Madagascar,MDG,2015,1496.61172412841
Madagascar,MDG,2014,1498.83976908219
Madagascar,MDG,2013,1473.40398077255
Malawi,MWI,2025,1899.29166528127
Malawi,MWI,2024,1860.31534523381
Malawi,MWI,2023,1831.97332483901
Malawi,MWI,2022,1778.02399491871
Malawi,MWI,2021,1687.59358179651
Malawi,MWI,2020,1513.45990803344
Malawi,MWI,2019,1450.01008064784
Malawi,MWI,2018,1363.79445595088
Malawi,MWI,2017,1380.23263621737
Malawi,MWI,2016,1409.95802703533
Malawi,MWI,2015,1403.08451209235
Malawi,MWI,2014,1505.55190404024
Malawi,MWI,2013,1558.11224745203
Malaysia,MYS,2025,41497.6746089548
Malaysia,MYS,2024,38835.6013146653
Malaysia,MYS,2023,36496.9483630681
Malaysia,MYS,2022,34414.4136245222
Malaysia,MYS,2021,29822.8491831618
Malaysia,MYS,2020,27474.7361378236
Malaysia,MYS,2019,28933.928297233
Malaysia,MYS,2018,27793.5674222948
Malaysia,MYS,2017,26415.5960203287
Malaysia,MYS,2016,25285.8213541391
Malaysia,MYS,2015,24526.3942716012
Malaysia,MYS,2014,24306.5212338415
Malaysia,MYS,2013,23160.8924510627
Maldives,MDV,2025,28554.8945669737
Maldives,MDV,2024,26220.8078173473
Maldives,MDV,2023,24806.6325837081
Maldives,MDV,2022,22876.8862033838
Maldives,MDV,2021,19052.6224904311
Maldives,MDV,2020,13425.3674459601
Maldives,MDV,2019,23077.2112236652
Maldives,MDV,2018,21899.4292993843
Maldives,MDV,2017,19767.8893613468
Maldives,MDV,2016,18769.5060607629
Maldives,MDV,2015,17875.0989419262
Maldives,MDV,2014,16722.523852619
Maldives,MDV,2013,15264.0907069581
Mali,MLI,2025,3502.76132351788
Mali,MLI,2024,3321.57614442921
Mali,MLI,2023,3178.41515939915
Mali,MLI,2022,3013.94334673825
Mali,MLI,2021,2796.22793795431
Mali,MLI,2020,2723.70094784441
Mali,MLI,2019,2819.86582297259
Mali,MLI,2018,2684.41122026577
Mali,MLI,2017,2606.69607954141
Mali,MLI,2016,2531.80496963482
Mali,MLI,2015,2330.24293947692
Mali,MLI,2014,2184.87660282794
Mali,MLI,2013,2059.28407643019
Malta,MLT,2025,72210.3392223985
Malta,MLT,2024,70062.9017440762
Malta,MLT,2023,67101.1037962636
Malta,MLT,2022,60623.0076694404
Malta,MLT,2021,56823.9958525022
Malta,MLT,2020,49971.8904481582
Malta,MLT,2019,51392.5014263659
Malta,MLT,2018,48178.5049931669
Malta,MLT,2017,45763.6968096243
Malta,MLT,2016,41000.1176833537
Malta,MLT,2015,38368.726998344
Malta,MLT,2014,35205.746954765
Malta,MLT,2013,33138.0865932239
Marshall Islands,MHL,2025,8964.32212870807
Marshall Islands,MHL,2024,8237.95897993999
Marshall Islands,MHL,2023,7525.1504555076
Marshall Islands,MHL,2022,7431.2014968892
Marshall Islands,MHL,2021,6768.82579129624
Marshall Islands,MHL,2020,6137.93436122421
Marshall Islands,MHL,2019,6045.06240783364
Marshall Islands,MHL,2018,5232.20524867928
Marshall Islands,MHL,2017,4719.31304912625
Marshall Islands,MHL,2016,4366.2576420174
Marshall Islands,MHL,2015,4125.16169273671
Marshall Islands,MHL,2014,3931.34410633325
Marshall Islands,MHL,2013,3845.00357490874
Mauritania,MRT,2025,7675.51996658445
Mauritania,MRT,2024,7379.45422386145
Mauritania,MRT,2023,6971.65100210032
Mauritania,MRT,2022,6483.80020315347
Mauritania,MRT,2021,5836.56580821897
Mauritania,MRT,2020,5740.73959690131
Mauritania,MRT,2019,5610.13236713892
Mauritania,MRT,2018,5429.23223059784
Mauritania,MRT,2017,5353.06608810409
Mauritania,MRT,2016,4682.70259690031
Mauritania,MRT,2015,3977.61171275863
Mauritania,MRT,2014,3865.1425867687
Mauritania,MRT,2013,3831.04711074225
Mauritius,MUS,2025,33666.64355884
Mauritius,MUS,2024,31696.7381226145
Mauritius,MUS,2023,29402.9391464973
Mauritius,MUS,2022,26783.5527116445
Mauritius,MUS,2021,23010.2013826906
Mauritius,MUS,2020,21621.5971225157
Mauritius,MUS,2019,24374.7818286567
Mauritius,MUS,2018,23415.5237589118
Mauritius,MUS,2017,22897.9700922103
Mauritius,MUS,2016,21951.8307433111
Mauritius,MUS,2015,20269.5235095611
Mauritius,MUS,2014,19294.4682829556
Mauritius,MUS,2013,18435.2031858653
Mexico,MEX,2025,25868.4787520629
Mexico,MEX,2024,25820.3527960242
Mexico,MEX,2023,25188.3182559609
Mexico,MEX,2022,23135.4931593441
Mexico,MEX,2021,20782.5877440905
Mexico,MEX,2020,19354.1248682138
Mexico,MEX,2019,20964.2774863762
Mexico,MEX,2018,20921.4775294879
Mexico,MEX,2017,20488.715079135
Mexico,MEX,2016,20104.5839787472
Mexico,MEX,2015,19071.4444186548
Mexico,MEX,2014,18820.799110896
Mexico,MEX,2013,18170.2647920555
"Micronesia, Fed. Sts.",FSM,2025,4604.39540764468
"Micronesia, Fed. Sts.",FSM,2024,4452.31995062055
"Micronesia, Fed. Sts.",FSM,2023,4266.72631824787
"Micronesia, Fed. Sts.",FSM,2022,4087.19316400156
"Micronesia, Fed. Sts.",FSM,2021,3955.73141317971
"Micronesia, Fed. Sts.",FSM,2020,3692.79209583749
"Micronesia, Fed. Sts.",FSM,2019,3741.7086219508
"Micronesia, Fed. Sts.",FSM,2018,3563.60005687114
"Micronesia, Fed. Sts.",FSM,2017,3483.25006151113
"Micronesia, Fed. Sts.",FSM,2016,3364.89549915246
"Micronesia, Fed. Sts.",FSM,2015,3302.59669394506
"Micronesia, Fed. Sts.",FSM,2014,3143.99458220276
"Micronesia, Fed. Sts.",FSM,2013,3179.56246692763
Moldova,MDA,2025,19995.7590923995
Moldova,MDA,2024,18661.6606470212
Moldova,MDA,2023,17750.5576656772
Moldova,MDA,2022,16442.1034354056
Moldova,MDA,2021,15682.0703284653
Moldova,MDA,2020,13527.4413130967
Moldova,MDA,2019,13413.2232935126
Moldova,MDA,2018,11868.1955463223
Moldova,MDA,2017,11252.1135465283
Moldova,MDA,2016,10325.8404896126
Moldova,MDA,2015,9197.61838204272
Moldova,MDA,2014,8643.06431435343
Moldova,MDA,2013,8232.5238047368
Monaco,MCO,2025,
Monaco,MCO,2024,
Monaco,MCO,2023,
Monaco,MCO,2022,
Monaco,MCO,2021,
Monaco,MCO,2020,
Monaco,MCO,2019,
Monaco,MCO,2018,
Monaco,MCO,2017,
Monaco,MCO,2016,
Monaco,MCO,2015,
Monaco,MCO,2014,
Monaco,MCO,2013,
Mongolia,MNG,2025,20797.7652692242
Mongolia,MNG,2024,19172.5295870282
Mongolia,MNG,2023,18019.6912274585
Mongolia,MNG,2022,16399.3900820069
Mongolia,MNG,2021,14792.2509086422
Mongolia,MNG,2020,13693.179806943
Mongolia,MNG,2019,13604.978943194
Mongolia,MNG,2018,12317.4824277695
Mongolia,MNG,2017,11096.0375604239
Mongolia,MNG,2016,10511.3831063141
Mongolia,MNG,2015,10458.3027240524
Mongolia,MNG,2014,10900.2305197857
Mongolia,MNG,2013,10442.3850504493
Montenegro,MNE,2025,35422.6449824931
Montenegro,MNE,2024,34062.8241865953
Montenegro,MNE,2023,31862.873635118
Montenegro,MNE,2022,28049.7293227735
Montenegro,MNE,2021,23689.9791090651
Montenegro,MNE,2020,20624.7887553398
Montenegro,MNE,2019,23705.3800229705
Montenegro,MNE,2018,21083.6815338423
Montenegro,MNE,2017,19356.6672508566
Montenegro,MNE,2016,18030.1591692766
Montenegro,MNE,2015,16091.7231229959
Montenegro,MNE,2014,15276.0532461713
Montenegro,MNE,2013,14692.0792745799
Morocco,MAR,2025,11111.7080078125
Morocco,MAR,2024,10430.2490234375
Morocco,MAR,2023,9902.8056640625
Morocco,MAR,2022,9308.556640625
Morocco,MAR,2021,8623.265625
Morocco,MAR,2020,7704.84912109375
Morocco,MAR,2019,8046.22900390625
Morocco,MAR,2018,7801.0986328125
Morocco,MAR,2017,8115.12060546875
Morocco,MAR,2016,7853.17626953125
Morocco,MAR,2015,7799.09228515625
Morocco,MAR,2014,7237.27734375
Morocco,MAR,2013,7542.0986328125
Mozambique,MOZ,2025,1697.94109338132
Mozambique,MOZ,2024,1708.3035966667
Mozambique,MOZ,2023,1680.20873445078
Mozambique,MOZ,2022,1581.76710168717
Mozambique,MOZ,2021,1457.23540930922
Mozambique,MOZ,2020,1411.62040229911
Mozambique,MOZ,2019,1388.79707034446
Mozambique,MOZ,2018,1325.58695568953
Mozambique,MOZ,2017,1282.74965991801
Mozambique,MOZ,2016,1379.10740028691
Mozambique,MOZ,2015,1317.88785956822
Mozambique,MOZ,2014,1165.82826607505
Mozambique,MOZ,2013,1113.7525275929
Myanmar,MMR,2025,6011.53492175516
Myanmar,MMR,2024,6006.17514543646
Myanmar,MMR,2023,5958.26424874022
Myanmar,MMR,2022,5731.02947916374
Myanmar,MMR,2021,5178.44718217164
Myanmar,MMR,2020,5740.99045843992
Myanmar,MMR,2019,6101.37245765709
Myanmar,MMR,2018,5581.2769545815
Myanmar,MMR,2017,4706.43248949598
Myanmar,MMR,2016,4459.53981427471
Myanmar,MMR,2015,4458.69054442659
Myanmar,MMR,2014,4376.38833281274
Myanmar,MMR,2013,4143.63012731959
Namibia,NAM,2025,11985.7200318677
Namibia,NAM,2024,11697.9201596588
Namibia,NAM,2023,11247.8071969605
Namibia,NAM,2022,10661.0118776397
Namibia,NAM,2021,9709.09930646771
Namibia,NAM,2020,9354.13136713077
Namibia,NAM,2019,9609.48555672874
Namibia,NAM,2018,9853.73533646074
Namibia,NAM,2017,9887.9393548255
Namibia,NAM,2016,10200.1392609733
Namibia,NAM,2015,10465.8920558516
Namibia,NAM,2014,10365.3090596781
Namibia,NAM,2013,9699.2083777865
Naoero,NRU,2025,14200.486778198
Naoero,NRU,2024,13612.0368416276
Naoero,NRU,2023,13171.9554999008
Naoero,NRU,2022,12874.2258577781
Naoero,NRU,2021,12113.787764494
Naoero,NRU,2020,10812.6428193461
Naoero,NRU,2019,10554.5218533653
Naoero,NRU,2018,9657.26073559414
Naoero,NRU,2017,9650.31890022601
Naoero,NRU,2016,10281.2673986708
Naoero,NRU,2015,9955.33548658446
Naoero,NRU,2014,9725.95214789212
Naoero,NRU,2013,8428.73256787424
Nepal,NPL,2025,6175.15897150244
Nepal,NPL,2024,5745.64525192255
Nepal,NPL,2023,5399.65505811688
Nepal,NPL,2022,5102.18358728663
Nepal,NPL,2021,4546.22970006289
Nepal,NPL,2020,4235.57462326905
Nepal,NPL,2019,4260.67373190851
Nepal,NPL,2018,3956.12461094443
Nepal,NPL,2017,3604.70825949747
Nepal,NPL,2016,2976.12513681451
Nepal,NPL,2015,2957.30559145504
Nepal,NPL,2014,2901.19752086169
Nepal,NPL,2013,2658.02196886933
Netherlands,NLD,2025,87320.1477254029
Netherlands,NLD,2024,85218.3689343246
Netherlands,NLD,2023,80391.6029350952
Netherlands,NLD,2022,78630.3599072098
Netherlands,NLD,2021,68573.5648786447
Netherlands,NLD,2020,62596.6302027524
Netherlands,NLD,2019,62345.2538465433
Netherlands,NLD,2018,58819.2609142584
Netherlands,NLD,2017,56037.567993606
Netherlands,NLD,2016,53162.2791598028
Netherlands,NLD,2015,50956.6930942185
Netherlands,NLD,2014,49751.3092860822
Netherlands,NLD,2013,49622.0519614799
New Caledonia,NCL,2025,
New Caledonia,NCL,2024,
New Caledonia,NCL,2023,
New Caledonia,NCL,2022,
New Caledonia,NCL,2021,
New Caledonia,NCL,2020,
New Caledonia,NCL,2019,
New Caledonia,NCL,2018,
New Caledonia,NCL,2017,
New Caledonia,NCL,2016,
New Caledonia,NCL,2015,
New Caledonia,NCL,2014,
New Caledonia,NCL,2013,
New Zealand,NZL,2025,57350.3627657521
New Zealand,NZL,2024,55793.9990422226
New Zealand,NZL,2023,54949.699278118
New Zealand,NZL,2022,54080.0485491723
New Zealand,NZL,2021,48202.0913368233
New Zealand,NZL,2020,45574.965884882
New Zealand,NZL,2019,45295.8241222088
New Zealand,NZL,2018,42475.2252680795
New Zealand,NZL,2017,42205.9071706198
New Zealand,NZL,2016,39963.6051110409
New Zealand,NZL,2015,37497.1502090982
New Zealand,NZL,2014,37315.9476428103
New Zealand,NZL,2013,36249.6271005735
Nicaragua,NIC,2025,9283.92301511154
Nicaragua,NIC,2024,8720.86923379042
Nicaragua,NIC,2023,8326.83840449159
Nicaragua,NIC,2022,7795.45560731699
Nicaragua,NIC,2021,7119.16874782601
Nicaragua,NIC,2020,6274.09456741388
Nicaragua,NIC,2019,5981.10876431466
Nicaragua,NIC,2018,5935.16693631386
Nicaragua,NIC,2017,6225.34702574846
Nicaragua,NIC,2016,5882.36645219746
Nicaragua,NIC,2015,5448.89226010317
Nicaragua,NIC,2014,5067.74639018687
Nicaragua,NIC,2013,4710.57243158513
Niger,NER,2025,2177.25014417163
Niger,NER,2024,2044.04904937758
Niger,NER,2023,1902.69710752042
Niger,NER,2022,1847.58034360869
Niger,NER,2021,1587.84784907329
Niger,NER,2020,1486.34386700631
Niger,NER,2019,1367.56106521216
Niger,NER,2018,1272.37841849427
Niger,NER,2017,1226.9587833573
Niger,NER,2016,1181.94656963832
Niger,NER,2015,1172.19178758955
Niger,NER,2014,1161.32515723793
Niger,NER,2013,1137.76904129571
Nigeria,NGA,2025,9531.61073275049
Nigeria,NGA,2024,9099.86943863676
Nigeria,NGA,2023,8711.68686099289
Nigeria,NGA,2022,8303.64193191685
Nigeria,NGA,2021,7588.47885587002
Nigeria,NGA,2020,7414.77495538401
Nigeria,NGA,2019,7551.39380361669
Nigeria,NGA,2018,7158.17107558117
Nigeria,NGA,2017,7036.67414358958
Nigeria,NGA,2016,7072.49693358812
Nigeria,NGA,2015,7307.83788174977
Nigeria,NGA,2014,7396.12835518829
Nigeria,NGA,2013,7004.13119541111
North Macedonia,MKD,2025,28028.5664230631
North Macedonia,MKD,2024,26995.5213483235
North Macedonia,MKD,2023,25354.144126576
North Macedonia,MKD,2022,24212.3733096953
North Macedonia,MKD,2021,22144.1924252732
North Macedonia,MKD,2020,19962.153035286
North Macedonia,MKD,2019,20222.4719203634
North Macedonia,MKD,2018,18460.5440872584
North Macedonia,MKD,2017,17161.0354680695
North Macedonia,MKD,2016,16457.6276361223
North Macedonia,MKD,2015,15034.1775526118
North Macedonia,MKD,2014,14485.1403294538
North Macedonia,MKD,2013,13662.7769630557
Northern Mariana Islands,MNP,2025,
Northern Mariana Islands,MNP,2024,
Northern Mariana Islands,MNP,2023,
Northern Mariana Islands,MNP,2022,
Northern Mariana Islands,MNP,2021,
Northern Mariana Islands,MNP,2020,
Northern Mariana Islands,MNP,2019,
Northern Mariana Islands,MNP,2018,
Northern Mariana Islands,MNP,2017,
Northern Mariana Islands,MNP,2016,
Northern Mariana Islands,MNP,2015,
Northern Mariana Islands,MNP,2014,
Northern Mariana Islands,MNP,2013,
Norway,NOR,2025,104043.666429243
Norway,NOR,2024,105657.0339185
Norway,NOR,2023,107767.977198972
Norway,NOR,2022,129914.042717786
Norway,NOR,2021,92205.7698636049
Norway,NOR,2020,69779.2862630574
Norway,NOR,2019,73630.0721860814
Norway,NOR,2018,72618.1053391628
Norway,NOR,2017,66828.7790099243
Norway,NOR,2016,61250.1783294516
Norway,NOR,2015,62695.3563994725
Norway,NOR,2014,68195.6503224822
Norway,NOR,2013,69186.2932660288
Oman,OMN,2025,42295.1761223734
Oman,OMN,2024,41800.7841364086
Oman,OMN,2023,41979.5975879711
Oman,OMN,2022,42609.5810436221
Oman,OMN,2021,38719.4587682049
Oman,OMN,2020,35163.3281781415
Oman,OMN,2019,37250.6110788359
Oman,OMN,2018,37780.3308327271
Oman,OMN,2017,33619.4988982607
Oman,OMN,2016,33333.8635893722
Oman,OMN,2015,36058.1666084788
Oman,OMN,2014,44235.8336329334
Oman,OMN,2013,47013.4730934385
Pakistan,PAK,2025,6573.41613369925
Pakistan,PAK,2024,6263.186935403
Pakistan,PAK,2023,6018.94650802152
Pakistan,PAK,2022,5919.33605935593
Pakistan,PAK,2021,5367.27364714762
Pakistan,PAK,2020,5048.0213062963
Pakistan,PAK,2019,5037.53401559745
Pakistan,PAK,2018,4979.3734961655
Pakistan,PAK,2017,4789.53646557553
Pakistan,PAK,2016,4630.7315068374
Pakistan,PAK,2015,4480.26313460985
Pakistan,PAK,2014,4312.99070040776
Pakistan,PAK,2013,4173.93858568758
Palau,PLW,2025,23051.6787122681
Palau,PLW,2024,21059.1347141726
Palau,PLW,2023,18313.2535592192
Palau,PLW,2022,17415.0224611906
Palau,PLW,2021,16312.190220013
Palau,PLW,2020,17701.5330429975
Palau,PLW,2019,18576.7451553901
Palau,PLW,2018,18203.969912435
Palau,PLW,2017,17872.9168958861
Palau,PLW,2016,18195.8361471596
Palau,PLW,2015,17756.0262069064
Palau,PLW,2014,16254.3772996206
Palau,PLW,2013,15388.3342258755
Panama,PAN,2025,43902.1632084954
Panama,PAN,2024,41429.5092511481
Panama,PAN,2023,39846.2245506562
Panama,PAN,2022,36327.3867449699
Panama,PAN,2021,30932.7627780514
Panama,PAN,2020,27017.0033688951
Panama,PAN,2019,33239.7332311641
Panama,PAN,2018,32463.540359127
Panama,PAN,2017,33533.3260079329
Panama,PAN,2016,30276.7088405833
Panama,PAN,2015,27245.2788533669
Panama,PAN,2014,24376.0808685086
Panama,PAN,2013,21923.6750939531
Papua New Guinea,PNG,2025,5214.768271628
Papua New Guinea,PNG,2024,4886.53186994995
Papua New Guinea,PNG,2023,4672.27238740885
Papua New Guinea,PNG,2022,4419.49434920144
Papua New Guinea,PNG,2021,3977.44297360749
Papua New Guinea,PNG,2020,3900.18920976888
Papua New Guinea,PNG,2019,4059.82860203125
Papua New Guinea,PNG,2018,3909.91572972608
Papua New Guinea,PNG,2017,3923.17197669347
Papua New Guinea,PNG,2016,3812.71035088181
Papua New Guinea,PNG,2015,3669.7387159095
Papua New Guinea,PNG,2014,3499.54846741228
Papua New Guinea,PNG,2013,3109.8953723707
Paraguay,PRY,2025,20181.4242826808
Paraguay,PRY,2024,18631.6436164051
Paraguay,PRY,2023,17585.0746806625
Paraguay,PRY,2022,16305.6206649067
Paraguay,PRY,2021,15400.9446332428
Paraguay,PRY,2020,14308.8787738328
Paraguay,PRY,2019,14149.5985227505
Paraguay,PRY,2018,14139.0931267561
Paraguay,PRY,2017,13977.3427788651
Paraguay,PRY,2016,13329.1373366322
Paraguay,PRY,2015,12679.0574753215
Paraguay,PRY,2014,12607.0721636639
Paraguay,PRY,2013,12137.0081947595
Peru,PER,2025,18816.1045522938
Peru,PER,2024,17881.8685833242
Peru,PER,2023,17041.5682788302
Peru,PER,2022,16673.6937563476
Peru,PER,2021,15285.7706852395
Peru,PER,2020,12563.3038060893
Peru,PER,2019,13563.5372933551
Peru,PER,2018,13078.2323503405
Peru,PER,2017,12591.8562879234
Peru,PER,2016,12066.5460683317
Peru,PER,2015,11600.3873992867
Peru,PER,2014,11517.7371710247
Peru,PER,2013,11290.5547403874
Philippines,PHL,2025,12576.9867435109
Philippines,PHL,2024,11813.805926453
Philippines,PHL,2023,10994.8840414773
Philippines,PHL,2022,10129.7407504053
Philippines,PHL,2021,8857.78995115514
Philippines,PHL,2020,8238.36802037457
Philippines,PHL,2019,8924.10116402887
Philippines,PHL,2018,8357.74357934219
Philippines,PHL,2017,7773.79853599024
Philippines,PHL,2016,7382.66758431792
Philippines,PHL,2015,6894.26702217935
Philippines,PHL,2014,6688.73961232553
Philippines,PHL,2013,6372.83382112545
Poland,POL,2025,54262.4040405236
Poland,POL,2024,51262.5105756884
Poland,POL,2023,48473.0940286419
Poland,POL,2022,46777.5524519162
Poland,POL,2021,41059.5847829682
Poland,POL,2020,37089.3004256812
Poland,POL,2019,35882.3655065553
Poland,POL,2018,32345.1066076225
Poland,POL,2017,30170.2818974087
Poland,POL,2016,28359.6927346266
Poland,POL,2015,26988.1069013509
Poland,POL,2014,25459.7392273761
Poland,POL,2013,24433.8914344877
Portugal,PRT,2025,53145.7317498942
Portugal,PRT,2024,52512.5651003677
Portugal,PRT,2023,49800.3476220918
Portugal,PRT,2022,45250.0152469537
Portugal,PRT,2021,38657.6677223429
Portugal,PRT,2020,35966.712796561
Portugal,PRT,2019,37865.5603564295
Portugal,PRT,2018,34896.7993382974
Portugal,PRT,2017,32970.8395386562
Portugal,PRT,2016,31589.2695609552
Portugal,PRT,2015,29608.0071513956
Portugal,PRT,2014,28764.5254955042
Portugal,PRT,2013,27966.0874254705
Puerto Rico (US),PRI,2025,52195.5534213472
Puerto Rico (US),PRI,2024,50332.9848222477
Puerto Rico (US),PRI,2023,47582.5504550609
Puerto Rico (US),PRI,2022,45320.1718585525
Puerto Rico (US),PRI,2021,40559.226188957
Puerto Rico (US),PRI,2020,36858.5972898583
Puerto Rico (US),PRI,2019,36217.7204390287
Puerto Rico (US),PRI,2018,33706.5915157959
Puerto Rico (US),PRI,2017,31866.6160571769
Puerto Rico (US),PRI,2016,32245.8484276651
Puerto Rico (US),PRI,2015,32323.5456459985
Puerto Rico (US),PRI,2014,32391.0670311533
Puerto Rico (US),PRI,2013,32279.4000290919
Qatar,QAT,2025,128882.934242572
Qatar,QAT,2024,126712.582876079
Qatar,QAT,2023,129024.806992334
Qatar,QAT,2022,122901.018274888
Qatar,QAT,2021,116832.570294098
Qatar,QAT,2020,82149.3573751713
Qatar,QAT,2019,107502.469793988
Qatar,QAT,2018,110032.713236323
Qatar,QAT,2017,99358.3403307696
Qatar,QAT,2016,89934.692005072
Qatar,QAT,2015,102545.939634633
Qatar,QAT,2014,148389.108964021
Qatar,QAT,2013,169203.261058049
Romania,ROU,2025,50895.081617639
Romania,ROU,2024,49076.7137157187
Romania,ROU,2023,45981.6373404846
Romania,ROU,2022,41979.4260140907
Romania,ROU,2021,37534.0002643549
Romania,ROU,2020,34193.845654499
Romania,ROU,2019,33425.1219389628
Romania,ROU,2018,29382.8866943611
Romania,ROU,2017,26943.28718432
Romania,ROU,2016,23905.2650215388
Romania,ROU,2015,21624.5759002018
Romania,ROU,2014,20633.0192361402
Romania,ROU,2013,19678.1401421845
Russian Federation,RUS,2025,49568.140625
Russian Federation,RUS,2024,47686.06640625
Russian Federation,RUS,2023,44298.67578125
Russian Federation,RUS,2022,40932.71484375
Russian Federation,RUS,2021,38638.4296875
Russian Federation,RUS,2020,31490.8046875
Russian Federation,RUS,2019,30963.853515625
Russian Federation,RUS,2018,28628.5625
Russian Federation,RUS,2017,25777.904296875
Russian Federation,RUS,2016,24012.40234375
Russian Federation,RUS,2015,23994.013671875
Russian Federation,RUS,2014,25688.2265625
Russian Federation,RUS,2013,26019.7265625
Rwanda,RWA,2025,4164.436605809
Rwanda,RWA,2024,3784.9629495071
Rwanda,RWA,2023,3518.91850615405
Rwanda,RWA,2022,3195.28136566525
Rwanda,RWA,2021,2776.39276387923
Rwanda,RWA,2020,2355.13640819609
Rwanda,RWA,2019,2374.40565682007
Rwanda,RWA,2018,2128.1982397276
Rwanda,RWA,2017,1949.12266322999
Rwanda,RWA,2016,1845.25585689833
Rwanda,RWA,2015,1760.5877311941
Rwanda,RWA,2014,1655.37851110949
Rwanda,RWA,2013,1491.80370844135
Samoa,WSM,2025,9318.95775945515
Samoa,WSM,2024,8750.62541028446
Samoa,WSM,2023,8202.61231371824
Samoa,WSM,2022,6908.96157777708
Samoa,WSM,2021,6350.92787033711
Samoa,WSM,2020,6451.76442222677
Samoa,WSM,2019,6638.1845475197
Samoa,WSM,2018,6318.2697728872
Samoa,WSM,2017,6280.2150045934
Samoa,WSM,2016,6141.45089023942
Samoa,WSM,2015,5681.77812766143
Samoa,WSM,2014,5468.10058510176
Samoa,WSM,2013,5386.90063080106
San Marino,SMR,2025,
San Marino,SMR,2024,
San Marino,SMR,2023,78810.3378046111
San Marino,SMR,2022,75929.4591270254
San Marino,SMR,2021,64745.1322795901
San Marino,SMR,2020,55206.5809417073
San Marino,SMR,2019,57444.1206392397
San Marino,SMR,2018,54460.9066545652
San Marino,SMR,2017,52463.4195514851
San Marino,SMR,2016,53033.0552322114
San Marino,SMR,2015,52247.2075298399
San Marino,SMR,2014,52909.2224071252
San Marino,SMR,2013,50770.3673195862
Sao Tome and Principe,STP,2025,6388.47738664299
Sao Tome and Principe,STP,2024,6274.34741942922
Sao Tome and Principe,STP,2023,6155.05042011344
Sao Tome and Principe,STP,2022,6032.7249522726
Sao Tome and Principe,STP,2021,5732.69456061536
Sao Tome and Principe,STP,2020,5144.53560286014
Sao Tome and Principe,STP,2019,4655.48496449805
Sao Tome and Principe,STP,2018,3941.03280858409
Sao Tome and Principe,STP,2017,3436.31010124694
Sao Tome and Principe,STP,2016,3319.54261733278
Sao Tome and Principe,STP,2015,3171.50905832741
Sao Tome and Principe,STP,2014,3233.3568807314
Sao Tome and Principe,STP,2013,2945.73664283744
Saudi Arabia,SAU,2025,73783.5613906833
Saudi Arabia,SAU,2024,71936.2510663399
Saudi Arabia,SAU,2023,71623.785419098
Saudi Arabia,SAU,2022,71956.6694296826
Saudi Arabia,SAU,2021,62690.4966645929
Saudi Arabia,SAU,2020,47518.4877485153
Saudi Arabia,SAU,2019,59560.2537904546
Saudi Arabia,SAU,2018,59377.8025368768
Saudi Arabia,SAU,2017,53120.4572456269
Saudi Arabia,SAU,2016,49937.0668103808
Saudi Arabia,SAU,2015,53930.8273872622
Saudi Arabia,SAU,2014,62578.0708415156
Saudi Arabia,SAU,2013,62202.8859202572
Senegal,SEN,2025,5463.21828561328
Senegal,SEN,2024,5097.24318834766
Senegal,SEN,2023,4781.55234083159
Senegal,SEN,2022,4529.50264399113
Senegal,SEN,2021,4173.67741399617
Senegal,SEN,2020,3752.91947490817
Senegal,SEN,2019,3647.95137357242
Senegal,SEN,2018,3380.21596529445
Senegal,SEN,2017,3229.51026655477
Senegal,SEN,2016,3101.12348494108
Senegal,SEN,2015,2994.28032714875
Senegal,SEN,2014,2853.80456250635
Senegal,SEN,2013,2768.76818711984
Serbia,SRB,2025,33909.7605745332
Serbia,SRB,2024,32832.274492238
Serbia,SRB,2023,29776.9743496564
Serbia,SRB,2022,26142.9143111159
Serbia,SRB,2021,23406.3065657117
Serbia,SRB,2020,21013.0562995823
Serbia,SRB,2019,20587.2567440786
Serbia,SRB,2018,18469.1042989985
Serbia,SRB,2017,17285.4135238265
Serbia,SRB,2016,16455.4885236331
Serbia,SRB,2015,15546.3082680414
Serbia,SRB,2014,15296.1683250053
Serbia,SRB,2013,15246.9548612296
Seychelles,SYC,2025,35854.0281615068
Seychelles,SYC,2024,33339.491987317
Seychelles,SYC,2023,31893.9628108379
Seychelles,SYC,2022,29215.6725189214
Seychelles,SYC,2021,29979.8272686091
Seychelles,SYC,2020,31055.9442055039
Seychelles,SYC,2019,34219.061370118
Seychelles,SYC,2018,32091.2988657346
Seychelles,SYC,2017,30674.6487335442
Seychelles,SYC,2016,28811.3970334958
Seychelles,SYC,2015,25435.2289894362
Seychelles,SYC,2014,24984.526915426
Seychelles,SYC,2013,22487.2497747
Sierra Leone,SLE,2025,3716.89410482498
Sierra Leone,SLE,2024,3527.42124292431
Sierra Leone,SLE,2023,3371.09351712436
Sierra Leone,SLE,2022,3143.46625292281
Sierra Leone,SLE,2021,2849.38865839009
Sierra Leone,SLE,2020,2719.0728691734
Sierra Leone,SLE,2019,2704.05835704649
Sierra Leone,SLE,2018,2640.47566787646
Sierra Leone,SLE,2017,2501.4531554482
Sierra Leone,SLE,2016,2634.9252433025
Sierra Leone,SLE,2015,2560.04985807593
Sierra Leone,SLE,2014,2762.04553745948
Sierra Leone,SLE,2013,2700.73807805259
Singapore,SGP,2025,163353.990260152
Singapore,SGP,2024,153161.175431382
Singapore,SGP,2023,144728.385132013
Singapore,SGP,2022,144417.646950009
Singapore,SGP,2021,133990.186782104
Singapore,SGP,2020,102117.449503559
Singapore,SGP,2019,105521.619340296
Singapore,SGP,2018,104198.419110899
Singapore,SGP,2017,96056.7007948924
Singapore,SGP,2016,90214.7780767093
Singapore,SGP,2015,87156.187383315
Singapore,SGP,2014,84555.2446100826
Singapore,SGP,2013,83088.3185411658
Sint Maarten (Dutch part),SXM,2025,56490.5015205836
Sint Maarten (Dutch part),SXM,2024,53846.7442635227
Sint Maarten (Dutch part),SXM,2023,51729.2528621078
Sint Maarten (Dutch part),SXM,2022,48752.9549877316
Sint Maarten (Dutch part),SXM,2021,40507.0672411717
Sint Maarten (Dutch part),SXM,2020,38901.4867603712
Sint Maarten (Dutch part),SXM,2019,45715.6970519376
Sint Maarten (Dutch part),SXM,2018,41653.2008964784
Sint Maarten (Dutch part),SXM,2017,44479.2967076826
Sint Maarten (Dutch part),SXM,2016,44845.106868735
Sint Maarten (Dutch part),SXM,2015,44587.5911500766
Sint Maarten (Dutch part),SXM,2014,43514.2365385271
Sint Maarten (Dutch part),SXM,2013,36178.1870158544
Slovak Republic,SVK,2025,49308.7048471448
Slovak Republic,SVK,2024,47846.6169154961
Slovak Republic,SVK,2023,45864.6125430469
Slovak Republic,SVK,2022,41529.408474315
Slovak Republic,SVK,2021,38330.302743447
Slovak Republic,SVK,2020,35327.9439165588
Slovak Republic,SVK,2019,33985.6758419661
Slovak Republic,SVK,2018,31509.8187291635
Slovak Republic,SVK,2017,30245.7825869756
Slovak Republic,SVK,2016,29867.9803390081
Slovak Republic,SVK,2015,30147.9903672541
Slovak Republic,SVK,2014,29108.072180194
Slovak Republic,SVK,2013,28075.4326236719
Slovenia,SVN,2025,59244.7106359661
Slovenia,SVN,2024,57570.5904042272
Slovenia,SVN,2023,56150.6852244867
Slovenia,SVN,2022,52322.1405997493
Slovenia,SVN,2021,45922.6632600134
Slovenia,SVN,2020,41767.2579899957
Slovenia,SVN,2019,42373.2506369279
Slovenia,SVN,2018,38620.2045436305
Slovenia,SVN,2017,36180.0384547624
Slovenia,SVN,2016,33575.1775435757
Slovenia,SVN,2015,31336.2043858881
Slovenia,SVN,2014,30571.9753019832
Slovenia,SVN,2013,29634.0657611471
Solomon Islands,SLB,2025,2787.61656406214
Solomon Islands,SLB,2024,2679.1210283533
Solomon Islands,SLB,2023,2599.03676008376
Solomon Islands,SLB,2022,2496.15153066833
Solomon Islands,SLB,2021,2450.18399709553
Solomon Islands,SLB,2020,2405.69259474986
Solomon Islands,SLB,2019,2512.01387970749
Solomon Islands,SLB,2018,2493.97675735682
Solomon Islands,SLB,2017,2454.04671907288
Solomon Islands,SLB,2016,2421.18991110932
Solomon Islands,SLB,2015,2353.78235282563
Solomon Islands,SLB,2014,2377.38397006085
Solomon Islands,SLB,2013,2394.46788082843
"Somalia, Fed. Rep.",SOM,2025,1642.77032278186
"Somalia, Fed. Rep.",SOM,2024,1604.29116285918
"Somalia, Fed. Rep.",SOM,2023,1556.89233845758
"Somalia, Fed. Rep.",SOM,2022,1486.23689665021
"Somalia, Fed. Rep.",SOM,2021,1392.31782053371
"Somalia, Fed. Rep.",SOM,2020,1454.26711848855
"Somalia, Fed. Rep.",SOM,2019,1548.27250940098
"Somalia, Fed. Rep.",SOM,2018,1551.52773977473
"Somalia, Fed. Rep.",SOM,2017,1596.81409178022
"Somalia, Fed. Rep.",SOM,2016,1468.50438474605
"Somalia, Fed. Rep.",SOM,2015,1341.38999678728
"Somalia, Fed. Rep.",SOM,2014,1127.71922200338
"Somalia, Fed. Rep.",SOM,2013,944.404567280324
South Africa,ZAF,2025,15905.6794419658
South Africa,ZAF,2024,15478.6456794969
South Africa,ZAF,2023,15212.2609596178
South Africa,ZAF,2022,14746.7103701698
South Africa,ZAF,2021,13681.9548144813
South Africa,ZAF,2020,12671.0862436851
South Africa,ZAF,2019,13361.4851289112
South Africa,ZAF,2018,13347.3634826038
South Africa,ZAF,2017,13738.4385854596
South Africa,ZAF,2016,13519.3235102376
South Africa,ZAF,2015,13397.5234813346
South Africa,ZAF,2014,13358.9417186608
South Africa,ZAF,2013,13369.4382039605
South Sudan,SSD,2025,
South Sudan,SSD,2024,
South Sudan,SSD,2023,
South Sudan,SSD,2022,
South Sudan,SSD,2021,
South Sudan,SSD,2020,
South Sudan,SSD,2019,
South Sudan,SSD,2018,
South Sudan,SSD,2017,
South Sudan,SSD,2016,
South Sudan,SSD,2015,1154.88686304107
South Sudan,SSD,2014,1372.75618491146
South Sudan,SSD,2013,1916.8535588619
Spain,ESP,2025,59867.6944716701
Spain,ESP,2024,58063.7350840487
Spain,ESP,2023,55661.317481747
Spain,ESP,2022,51482.523634807
Spain,ESP,2021,44251.6658222621
Spain,ESP,2020,39327.8479269599
Spain,ESP,2019,44042.757577336
Spain,ESP,2018,41015.1565755187
Spain,ESP,2017,39825.2498116292
Spain,ESP,2016,37612.7188681342
Spain,ESP,2015,35228.6333036223
Spain,ESP,2014,33760.9555646369
Spain,ESP,2013,32613.6891811474
Sri Lanka,LKA,2025,17065.0298635432
Sri Lanka,LKA,2024,15701.0907191253
Sri Lanka,LKA,2023,14512.1432202455
Sri Lanka,LKA,2022,14191.4051912109
Sri Lanka,LKA,2021,14316.1352225567
Sri Lanka,LKA,2020,12940.9043296014
Sri Lanka,LKA,2019,14112.9525042604
Sri Lanka,LKA,2018,14178.0225361835
Sri Lanka,LKA,2017,13610.4723136277
Sri Lanka,LKA,2016,13078.5605089011
Sri Lanka,LKA,2015,12227.171484965
Sri Lanka,LKA,2014,11720.5978109851
Sri Lanka,LKA,2013,11252.6311492148
St. Kitts and Nevis,KNA,2025,36777.262691657
St. Kitts and Nevis,KNA,2024,34897.2104637487
St. Kitts and Nevis,KNA,2023,34007.6371717125
St. Kitts and Nevis,KNA,2022,31865.8304697944
St. Kitts and Nevis,KNA,2021,26896.6177065978
St. Kitts and Nevis,KNA,2020,27326.036057423
St. Kitts and Nevis,KNA,2019,32482.094417215
St. Kitts and Nevis,KNA,2018,30794.8986482634
St. Kitts and Nevis,KNA,2017,29578.6311625727
St. Kitts and Nevis,KNA,2016,28214.709934443
St. Kitts and Nevis,KNA,2015,26877.4665031101
St. Kitts and Nevis,KNA,2014,26755.5969780771
St. Kitts and Nevis,KNA,2013,24624.4362309063
St. Lucia,LCA,2025,28673.8437920214
St. Lucia,LCA,2024,28116.7677870924
St. Lucia,LCA,2023,26253.9280339233
St. Lucia,LCA,2022,24433.7034481087
St. Lucia,LCA,2021,19141.3272253168
St. Lucia,LCA,2020,15135.6187398708
St. Lucia,LCA,2019,18662.8504698815
St. Lucia,LCA,2018,17433.3010328737
St. Lucia,LCA,2017,16130.9721097011
St. Lucia,LCA,2016,15306.7258058706
St. Lucia,LCA,2015,14353.2224845845
St. Lucia,LCA,2014,14403.0832732506
St. Lucia,LCA,2013,14009.9844560139
St. Martin (French part),MAF,2025,
St. Martin (French part),MAF,2024,
St. Martin (French part),MAF,2023,
St. Martin (French part),MAF,2022,
St. Martin (French part),MAF,2021,
St. Martin (French part),MAF,2020,
St. Martin (French part),MAF,2019,
St. Martin (French part),MAF,2018,
St. Martin (French part),MAF,2017,
St. Martin (French part),MAF,2016,
St. Martin (French part),MAF,2015,
St. Martin (French part),MAF,2014,
St. Martin (French part),MAF,2013,
St. Vincent and the Grenadines,VCT,2025,22799.4005332261
St. Vincent and the Grenadines,VCT,2024,21302.9730252553
St. Vincent and the Grenadines,VCT,2023,19836.205036664
St. Vincent and the Grenadines,VCT,2022,18032.4150562634
St. Vincent and the Grenadines,VCT,2021,16200.8994597845
St. Vincent and the Grenadines,VCT,2020,15336.5987771764
St. Vincent and the Grenadines,VCT,2019,15339.5560281064
St. Vincent and the Grenadines,VCT,2018,14689.8500710886
St. Vincent and the Grenadines,VCT,2017,13575.4319769513
St. Vincent and the Grenadines,VCT,2016,13493.4773120997
St. Vincent and the Grenadines,VCT,2015,12378.842727428
St. Vincent and the Grenadines,VCT,2014,12135.5830510291
St. Vincent and the Grenadines,VCT,2013,11624.8625142076
Sudan,SDN,2025,2192.27221679688
Sudan,SDN,2024,2118.88891601563
Sudan,SDN,2023,2422.6533203125
Sudan,SDN,2022,3354.84643554688
Sudan,SDN,2021,3248.9755859375
Sudan,SDN,2020,3348.57836914063
Sudan,SDN,2019,3914.2255859375
Sudan,SDN,2018,4199.25048828125
Sudan,SDN,2017,4252.42138671875
Sudan,SDN,2016,4470.35498046875
Sudan,SDN,2015,4217.01025390625
Sudan,SDN,2014,4260.57177734375
Sudan,SDN,2013,3724.9599609375
Suriname,SUR,2025,22652.3952637959
Suriname,SUR,2024,21832.187015648
Suriname,SUR,2023,21127.5975244081
Suriname,SUR,2022,20075.6544534114
Suriname,SUR,2021,18458.234999681
Suriname,SUR,2020,16946.8942361914
Suriname,SUR,2019,19771.5473885151
Suriname,SUR,2018,17855.4787141437
Suriname,SUR,2017,17567.6802396432
Suriname,SUR,2016,14475.3069644921
Suriname,SUR,2015,16543.5743051372
Suriname,SUR,2014,16597.5853539637
Suriname,SUR,2013,16172.6961959961
Sweden,SWE,2025,72528.8892631159
Sweden,SWE,2024,71221.9379308266
Sweden,SWE,2023,68457.9015289277
Sweden,SWE,2022,66517.6358713011
Sweden,SWE,2021,62190.8526983825
Sweden,SWE,2020,57396.2588780383
Sweden,SWE,2019,56909.753155728
Sweden,SWE,2018,52962.1832555021
Sweden,SWE,2017,51386.5907915775
Sweden,SWE,2016,50176.3328538836
Sweden,SWE,2015,48762.7456496975
Sweden,SWE,2014,46841.2010746944
Sweden,SWE,2013,46098.0140634307
Switzerland,CHE,2025,102513.347221899
Switzerland,CHE,2024,97467.7447151829
Switzerland,CHE,2023,93939.7784980038
Switzerland,CHE,2022,94629.7224204886
Switzerland,CHE,2021,83524.9832880195
Switzerland,CHE,2020,74384.6631232325
Switzerland,CHE,2019,75267.0079269626
Switzerland,CHE,2018,72169.4717767024
Switzerland,CHE,2017,69317.5993921633
Switzerland,CHE,2016,68399.5779033573
Switzerland,CHE,2015,66418.7989292294
Switzerland,CHE,2014,64694.0744212256
Switzerland,CHE,2013,62748.9298592904
Syrian Arab Republic,SYR,2025,
Syrian Arab Republic,SYR,2024,
Syrian Arab Republic,SYR,2023,
Syrian Arab Republic,SYR,2022,4905.15252202552
Syrian Arab Republic,SYR,2021,4765.52911357702
Syrian Arab Republic,SYR,2020,3878.42802993832
Syrian Arab Republic,SYR,2019,3502.17536117799
Syrian Arab Republic,SYR,2018,3455.89168825346
Syrian Arab Republic,SYR,2017,3265.07016871603
Syrian Arab Republic,SYR,2016,
Syrian Arab Republic,SYR,2015,
Syrian Arab Republic,SYR,2014,
Syrian Arab Republic,SYR,2013,
Tajikistan,TJK,2025,5923.47183321348
Tajikistan,TJK,2024,5413.83109811464
Tajikistan,TJK,2023,4967.6740543988
Tajikistan,TJK,2022,4513.4597158968
Tajikistan,TJK,2021,3985.91247611219
Tajikistan,TJK,2020,3653.95976759112
Tajikistan,TJK,2019,3459.97365083434
Tajikistan,TJK,2018,3069.10385079592
Tajikistan,TJK,2017,3017.00314887354
Tajikistan,TJK,2016,2913.85679547445
Tajikistan,TJK,2015,2975.47097476092
Tajikistan,TJK,2014,3151.72452793203
Tajikistan,TJK,2013,2918.56048007357
Tanzania,TZA,2025,4470.9541015625
Tanzania,TZA,2024,4226.92626953125
Tanzania,TZA,2023,4021.82885742188
Tanzania,TZA,2022,3799.26000976563
Tanzania,TZA,2021,3493.0830078125
Tanzania,TZA,2020,3290.60986328125
Tanzania,TZA,2019,2981.87451171875
Tanzania,TZA,2018,2727.88012695313
Tanzania,TZA,2017,2472.4931640625
Tanzania,TZA,2016,2434.69995117188
Tanzania,TZA,2015,2317.27978515625
Tanzania,TZA,2014,2221.1796875
Tanzania,TZA,2013,2176.21655273438
Thailand,THA,2025,26250.0723587304
Thailand,THA,2024,24909.2266037939
Thailand,THA,2023,23598.3745068685
Thailand,THA,2022,22245.6387597542
Thailand,THA,2021,20236.9760408784
Thailand,THA,2020,19156.5820127644
Thailand,THA,2019,19963.3918407099
Thailand,THA,2018,18876.2208766741
Thailand,THA,2017,17573.339815536
Thailand,THA,2016,16671.2506902144
Thailand,THA,2015,15791.1714762207
Thailand,THA,2014,15365.3175402829
Thailand,THA,2013,15215.9492506383
Timor-Leste,TLS,2025,4809.49016945191
Timor-Leste,TLS,2024,4429.20182282365
Timor-Leste,TLS,2023,4810.78356024783
Timor-Leste,TLS,2022,5728.90346523347
Timor-Leste,TLS,2021,6825.0458085995
Timor-Leste,TLS,2020,6132.08288218058
Timor-Leste,TLS,2019,4556.61428089164
Timor-Leste,TLS,2018,3561.28770455766
Timor-Leste,TLS,2017,3463.11730297031
Timor-Leste,TLS,2016,3390.76221557073
Timor-Leste,TLS,2015,3107.57190164098
Timor-Leste,TLS,2014,2859.86061637696
Timor-Leste,TLS,2013,2566.03070650416
Togo,TGO,2025,4079.36376686718
Togo,TGO,2024,3814.83532681353
Togo,TGO,2023,3572.00417260831
Togo,TGO,2022,3305.92970304109
Togo,TGO,2021,2952.09730066985
Togo,TGO,2020,2653.96061995284
Togo,TGO,2019,2459.85658494292
Togo,TGO,2018,2288.9476039266
Togo,TGO,2017,2184.16434341899
Togo,TGO,2016,2109.39271418563
Togo,TGO,2015,2036.94563630408
Togo,TGO,2014,1942.14838585312
Togo,TGO,2013,1838.12921973277
Tonga,TON,2025,8674.68048447494
Tonga,TON,2024,8174.34840883872
Tonga,TON,2023,7810.10184717265
Tonga,TON,2022,7295.94922827877
Tonga,TON,2021,6930.06482518663
Tonga,TON,2020,6676.65061142853
Tonga,TON,2019,6473.32046564939
Tonga,TON,2018,6392.60068547144
Tonga,TON,2017,6229.07019926381
Tonga,TON,2016,5920.1573872483
Tonga,TON,2015,5471.79686968515
Tonga,TON,2014,5335.91583827385
Tonga,TON,2013,5119.6947531512
Trinidad and Tobago,TTO,2025,37121.2050020847
Trinidad and Tobago,TTO,2024,36381.2720794439
Trinidad and Tobago,TTO,2023,34651.9065448775
Trinidad and Tobago,TTO,2022,32973.632075038
Trinidad and Tobago,TTO,2021,30482.1201798631
Trinidad and Tobago,TTO,2020,26731.3556410029
Trinidad and Tobago,TTO,2019,29315.8054064667
Trinidad and Tobago,TTO,2018,28673.2413951653
Trinidad and Tobago,TTO,2017,28484.2557157494
Trinidad and Tobago,TTO,2016,28231.6820670092
Trinidad and Tobago,TTO,2015,29825.4628753017
Trinidad and Tobago,TTO,2014,32026.5300957073
Trinidad and Tobago,TTO,2013,31746.2052441651
Tunisia,TUN,2025,15233.4885842318
Tunisia,TUN,2024,14542.0966234293
Tunisia,TUN,2023,14052.1687041992
Tunisia,TUN,2022,13616.380720945
Tunisia,TUN,2021,12444.3264026887
Tunisia,TUN,2020,11918.066205483
Tunisia,TUN,2019,12494.7905733455
Tunisia,TUN,2018,11841.4061980603
Tunisia,TUN,2017,11288.7800135085
Tunisia,TUN,2016,10993.6638464522
Tunisia,TUN,2015,10782.5438382441
Tunisia,TUN,2014,10946.8935757638
Tunisia,TUN,2013,10671.569727457
Turkiye,TUR,2025,45288.4750285273
Turkiye,TUR,2024,45122.9317187258
Turkiye,TUR,2023,43196.3381254367
Turkiye,TUR,2022,39919.1608756567
Turkiye,TUR,2021,32105.5474400506
Turkiye,TUR,2020,29209.3308866883
Turkiye,TUR,2019,29016.4555653445
Turkiye,TUR,2018,28640.3401839802
Turkiye,TUR,2017,28353.5406410966
Turkiye,TUR,2016,26730.7599731835
Turkiye,TUR,2015,25896.983315375
Turkiye,TUR,2014,24192.537613837
Turkiye,TUR,2013,22475.2909778388
Turkmenistan,TKM,2025,22601.5518373128
Turkmenistan,TKM,2024,21025.8403822415
Turkmenistan,TKM,2023,19644.7256847416
Turkmenistan,TKM,2022,18148.7189785918
Turkmenistan,TKM,2021,16259.8700051884
Turkmenistan,TKM,2020,14971.3322055898
Turkmenistan,TKM,2019,15389.2461090476
Turkmenistan,TKM,2018,14368.4621432532
Turkmenistan,TKM,2017,13278.4030353381
Turkmenistan,TKM,2016,12919.371222426
Turkmenistan,TKM,2015,12714.8137240363
Turkmenistan,TKM,2014,12476.5344358387
Turkmenistan,TKM,2013,11722.8086272577
Turks and Caicos Islands,TCA,2025,
Turks and Caicos Islands,TCA,2024,38009.5079479808
Turks and Caicos Islands,TCA,2023,35365.8657232406
Turks and Caicos Islands,TCA,2022,30216.0346068372
Turks and Caicos Islands,TCA,2021,25056.4880515569
Turks and Caicos Islands,TCA,2020,19530.0254075613
Turks and Caicos Islands,TCA,2019,31173.3797811743
Turks and Caicos Islands,TCA,2018,31151.4748574464
Turks and Caicos Islands,TCA,2017,30097.3550560987
Turks and Caicos Islands,TCA,2016,29780.5785774422
Turks and Caicos Islands,TCA,2015,27484.6414432499
Turks and Caicos Islands,TCA,2014,25546.2927320872
Turks and Caicos Islands,TCA,2013,23931.6892982133
Tuvalu,TUV,2025,6759.27941373717
Tuvalu,TUV,2024,6365.76616505123
Tuvalu,TUV,2023,5903.8648736232
Tuvalu,TUV,2022,5403.33289042089
Tuvalu,TUV,2021,5551.80841999248
Tuvalu,TUV,2020,5204.86656424048
Tuvalu,TUV,2019,5205.1977197179
Tuvalu,TUV,2018,4442.36859909198
Tuvalu,TUV,2017,4236.97583280304
Tuvalu,TUV,2016,4008.21476384305
Tuvalu,TUV,2015,3778.07098101223
Tuvalu,TUV,2014,3415.80717526846
Tuvalu,TUV,2013,3297.17571646453
Uganda,UGA,2025,3487.69797525182
Uganda,UGA,2024,3278.02086557843
Uganda,UGA,2023,3100.19016956104
Uganda,UGA,2022,2918.71512173871
Uganda,UGA,2021,2684.92035939744
Uganda,UGA,2020,2532.21950102069
Uganda,UGA,2019,2441.37445233821
Uganda,UGA,2018,2312.05752813495
Uganda,UGA,2017,2157.95747503369
Uganda,UGA,2016,2165.29759404413
Uganda,UGA,2015,2189.96485919003
Uganda,UGA,2014,2134.00916281741
Uganda,UGA,2013,2044.88182485845
Ukraine,UKR,2025,18904.98046875
Ukraine,UKR,2024,18636.13671875
Ukraine,UKR,2023,17679.904296875
Ukraine,UKR,2022,14767.73046875
Ukraine,UKR,2021,17846.408203125
Ukraine,UKR,2020,15541.02734375
Ukraine,UKR,2019,14217.486328125
Ukraine,UKR,2018,12554.8486328125
Ukraine,UKR,2017,11536.0810546875
Ukraine,UKR,2016,10864.6572265625
Ukraine,UKR,2015,9921.833984375
Ukraine,UKR,2014,10493.7451171875
Ukraine,UKR,2013,10903.8251953125
United Arab Emirates,ARE,2025,
United Arab Emirates,ARE,2024,79343.7793099888
United Arab Emirates,ARE,2023,78019.5228244288
United Arab Emirates,ARE,2022,75059.7702106115
United Arab Emirates,ARE,2021,68580.1312912676
United Arab Emirates,ARE,2020,66790.6630877602
United Arab Emirates,ARE,2019,79816.3029999451
United Arab Emirates,ARE,2018,77446.2084020359
United Arab Emirates,ARE,2017,70281.8969423807
United Arab Emirates,ARE,2016,69987.0059667469
United Arab Emirates,ARE,2015,73986.0815808827
United Arab Emirates,ARE,2014,87477.7258300501
United Arab Emirates,ARE,2013,87526.3039873404
United Kingdom,GBR,2025,64606.4955066338
United Kingdom,GBR,2024,62839.4679324927
United Kingdom,GBR,2023,60786.7193353069
United Kingdom,GBR,2022,60266.7467325014
United Kingdom,GBR,2021,51840.4424245515
United Kingdom,GBR,2020,48719.8339897935
United Kingdom,GBR,2019,50493.9441896153
United Kingdom,GBR,2018,47636.0128366551
United Kingdom,GBR,2017,46440.8214149807
United Kingdom,GBR,2016,44376.0697257123
United Kingdom,GBR,2015,42772.4983791214
United Kingdom,GBR,2014,41545.5712797638
United Kingdom,GBR,2013,40121.0839005273
United States,USA,2025,90026.5163005744
United States,USA,2024,86169.6641581914
United States,USA,2023,82586.7847707891
United States,USA,2022,78008.6895811877
United States,USA,2021,71441.231980595
United States,USA,2020,64465.2971415748
United States,USA,2019,65227.9565911038
United States,USA,2018,62875.6661382728
United States,USA,2017,60047.7190728307
United States,USA,2016,57976.628204291
United States,USA,2015,56849.4697923159
United States,USA,2014,55153.3940182967
United States,USA,2013,53297.3862901595
Uruguay,URY,2025,38314.8861221656
Uruguay,URY,2024,36596.7847357669
Uruguay,URY,2023,34545.6803727886
Uruguay,URY,2022,33033.5719368346
Uruguay,URY,2021,29431.8738833361
Uruguay,URY,2020,25725.2559304608
Uruguay,URY,2019,25782.6937211734
Uruguay,URY,2018,24386.4948473952
Uruguay,URY,2017,23606.6429970705
Uruguay,URY,2016,22840.5507069805
Uruguay,URY,2015,22168.6114189676
Uruguay,URY,2014,21867.8112276315
Uruguay,URY,2013,20661.3793411187
Uzbekistan,UZB,2025,13601.2917473678
Uzbekistan,UZB,2024,12518.4323028403
Uzbekistan,UZB,2023,11678.6257366395
Uzbekistan,UZB,2022,10809.1380396181
Uzbekistan,UZB,2021,9705.60054565692
Uzbekistan,UZB,2020,8920.32011703083
Uzbekistan,UZB,2019,8909.36758868309
Uzbekistan,UZB,2018,8491.93421125471
Uzbekistan,UZB,2017,8106.62280505191
Uzbekistan,UZB,2016,7861.78630407401
Uzbekistan,UZB,2015,7696.35949962497
Uzbekistan,UZB,2014,7464.82465708014
Uzbekistan,UZB,2013,7244.68983612169
Vanuatu,VUT,2025,4525.23645747645
Vanuatu,VUT,2024,4367.82503750089
Vanuatu,VUT,2023,4201.80837273668
Vanuatu,VUT,2022,3918.73096260725
Vanuatu,VUT,2021,3546.08021896872
Vanuatu,VUT,2020,3511.73441840856
Vanuatu,VUT,2019,3762.09421920705
Vanuatu,VUT,2018,3668.080208179
Vanuatu,VUT,2017,3582.74831340905
Vanuatu,VUT,2016,3456.77546016875
Vanuatu,VUT,2015,3378.95151983524
Vanuatu,VUT,2014,3307.48563368372
Vanuatu,VUT,2013,3224.30439587764
"Venezuela, RB",VEN,2025,
"Venezuela, RB",VEN,2024,
"Venezuela, RB",VEN,2023,
"Venezuela, RB",VEN,2022,
"Venezuela, RB",VEN,2021,
"Venezuela, RB",VEN,2020,
"Venezuela, RB",VEN,2019,
"Venezuela, RB",VEN,2018,
"Venezuela, RB",VEN,2017,
"Venezuela, RB",VEN,2016,
"Venezuela, RB",VEN,2015,
"Venezuela, RB",VEN,2014,
"Venezuela, RB",VEN,2013,
Viet Nam,VNM,2025,18088.491587163
Viet Nam,VNM,2024,16387.9087954113
Viet Nam,VNM,2023,15033.899969483
Viet Nam,VNM,2022,13902.9499867089
Viet Nam,VNM,2021,12048.9019935536
Viet Nam,VNM,2020,11609.3177276423
Viet Nam,VNM,2019,11029.2732083963
Viet Nam,VNM,2018,10009.9714756006
Viet Nam,VNM,2017,9169.73192052855
Viet Nam,VNM,2016,8374.50684516118
Viet Nam,VNM,2015,7671.5819778084
Viet Nam,VNM,2014,7296.8794808738
Viet Nam,VNM,2013,6758.40433634749
Virgin Islands (U.S.),VIR,2025,
Virgin Islands (U.S.),VIR,2024,
Virgin Islands (U.S.),VIR,2023,
Virgin Islands (U.S.),VIR,2022,49785.1412220186
Virgin Islands (U.S.),VIR,2021,46893.5496988741
Virgin Islands (U.S.),VIR,2020,41749.0800364553
Virgin Islands (U.S.),VIR,2019,40021.7775798024
Virgin Islands (U.S.),VIR,2018,36746.4868901838
Virgin Islands (U.S.),VIR,2017,33893.5501815475
Virgin Islands (U.S.),VIR,2016,33470.5904763934
Virgin Islands (U.S.),VIR,2015,32573.7166819858
Virgin Islands (U.S.),VIR,2014,32360.9003829479
Virgin Islands (U.S.),VIR,2013,32333.9108039527
West Bank and Gaza,PSE,2025,4999.71301859773
West Bank and Gaza,PSE,2024,4770.6463157404
West Bank and Gaza,PSE,2023,6178.51270322198
West Bank and Gaza,PSE,2022,6162.27222447827
West Bank and Gaza,PSE,2021,5663.12160743584
West Bank and Gaza,PSE,2020,5956.28620064819
West Bank and Gaza,PSE,2019,6508.44835080318
West Bank and Gaza,PSE,2018,6215.81647317396
West Bank and Gaza,PSE,2017,6106.64574037122
West Bank and Gaza,PSE,2016,6062.23274844577
West Bank and Gaza,PSE,2015,5769.98236633203
West Bank and Gaza,PSE,2014,5381.63690987475
West Bank and Gaza,PSE,2013,5287.84746119629
"Yemen, Rep.",YEM,2025,
"Yemen, Rep.",YEM,2024,
"Yemen, Rep.",YEM,2023,
"Yemen, Rep.",YEM,2022,
"Yemen, Rep.",YEM,2021,
"Yemen, Rep.",YEM,2020,
"Yemen, Rep.",YEM,2019,
"Yemen, Rep.",YEM,2018,
"Yemen, Rep.",YEM,2017,
"Yemen, Rep.",YEM,2016,
"Yemen, Rep.",YEM,2015,
"Yemen, Rep.",YEM,2014,
"Yemen, Rep.",YEM,2013,3164.32154223615
Zambia,ZMB,2025,4379.26131013191
Zambia,ZMB,2024,4221.01397093025
Zambia,ZMB,2023,4080.35544205923
Zambia,ZMB,2022,3840.115825721
Zambia,ZMB,2021,3503.03491418372
Zambia,ZMB,2020,3157.30009311643
Zambia,ZMB,2019,3361.39750299612
Zambia,ZMB,2018,3442.27307196302
Zambia,ZMB,2017,3391.62768492775
Zambia,ZMB,2016,3313.35121570029
Zambia,ZMB,2015,3337.47306887696
Zambia,ZMB,2014,3441.31497643775
Zambia,ZMB,2013,3477.28178777683
Zimbabwe,ZWE,2025,6470.41613223905
Zimbabwe,ZWE,2024,5932.87021993648
Zimbabwe,ZWE,2023,5795.99047011573
Zimbabwe,ZWE,2022,5395.02452868174
Zimbabwe,ZWE,2021,4827.10960165994
Zimbabwe,ZWE,2020,4178.509676231
Zimbabwe,ZWE,2019,4165.92242720214
Zimbabwe,ZWE,2018,3992.890718675
Zimbabwe,ZWE,2017,10756.4454416985
Zimbabwe,ZWE,2016,4275.4493505094
Zimbabwe,ZWE,2015,4045.89864738798
Zimbabwe,ZWE,2014,3903.42797706084
Zimbabwe,ZWE,2013,3783.94633704647
