country_name,iso3,year,gdp_growth_annual_pct
Africa Eastern and Southern,AFE,2025,3.7430158719504
Africa Eastern and Southern,AFE,2024,2.78793146807502
Africa Eastern and Southern,AFE,2023,1.94138157772015
Africa Eastern and Southern,AFE,2022,3.66802914041513
Africa Eastern and Southern,AFE,2021,4.45264295607002
Africa Eastern and Southern,AFE,2020,-2.93076411386527
Africa Eastern and Southern,AFE,2019,1.93559262617022
Africa Eastern and Southern,AFE,2018,2.70620741957582
Africa Eastern and Southern,AFE,2017,2.67886266771569
Africa Eastern and Southern,AFE,2016,2.2925005812875
Africa Eastern and Southern,AFE,2015,2.93390345864022
Africa Eastern and Southern,AFE,2014,3.91636174876319
Africa Eastern and Southern,AFE,2013,4.63400008423696
Africa Western and Central,AFW,2025,4.6000999560392
Africa Western and Central,AFW,2024,4.59618335068083
Africa Western and Central,AFW,2023,3.64459087867006
Africa Western and Central,AFW,2022,4.47710763731639
Africa Western and Central,AFW,2021,2.54547274764256
Africa Western and Central,AFW,2020,-3.71879330346492
Africa Western and Central,AFW,2019,3.28314241472725
Africa Western and Central,AFW,2018,2.89995418634321
Africa Western and Central,AFW,2017,2.30276059142707
Africa Western and Central,AFW,2016,0.176171718599761
Africa Western and Central,AFW,2015,2.93291103762179
Africa Western and Central,AFW,2014,5.69152337171586
Africa Western and Central,AFW,2013,6.04665420359198
Arab World,ARB,2025,3.67757993848036
Arab World,ARB,2024,2.00521809439076
Arab World,ARB,2023,1.6487292798157
Arab World,ARB,2022,6.99667634282584
Arab World,ARB,2021,4.43140396719774
Arab World,ARB,2020,-5.28641417078185
Arab World,ARB,2019,1.74949238304778
Arab World,ARB,2018,2.67038341212846
Arab World,ARB,2017,1.33126991214532
Arab World,ARB,2016,3.57245633977796
Arab World,ARB,2015,3.34998278420424
Arab World,ARB,2014,2.58777358070404
Arab World,ARB,2013,2.58564644333576
Caribbean small states,CSS,2025,7.97505570265018
Caribbean small states,CSS,2024,13.3281652583601
Caribbean small states,CSS,2023,8.80514656985758
Caribbean small states,CSS,2022,14.7413556305504
Caribbean small states,CSS,2021,7.23640467044548
Caribbean small states,CSS,2020,-9.27326845637317
Caribbean small states,CSS,2019,0.865089017714141
Caribbean small states,CSS,2018,1.31016136681117
Caribbean small states,CSS,2017,-0.750655745538538
Caribbean small states,CSS,2016,-3.08739815275796
Caribbean small states,CSS,2015,-0.064034306514273
Caribbean small states,CSS,2014,2.59734828019873
Caribbean small states,CSS,2013,1.56870134511247
Central Europe and the Baltics,CEB,2025,2.36701156809835
Central Europe and the Baltics,CEB,2024,2.09534007010555
Central Europe and the Baltics,CEB,2023,0.720328299990356
Central Europe and the Baltics,CEB,2022,4.03989151407053
Central Europe and the Baltics,CEB,2021,6.57271679525719
Central Europe and the Baltics,CEB,2020,-3.30110758026468
Central Europe and the Baltics,CEB,2019,4.03232614160713
Central Europe and the Baltics,CEB,2018,4.95337220818838
Central Europe and the Baltics,CEB,2017,5.10713071566526
Central Europe and the Baltics,CEB,2016,2.80724942330426
Central Europe and the Baltics,CEB,2015,4.0016836383322
Central Europe and the Baltics,CEB,2014,3.26192805394494
Central Europe and the Baltics,CEB,2013,0.667909229803371
Early-demographic dividend,EAR,2025,4.3721639998719
Early-demographic dividend,EAR,2024,3.86155873347995
Early-demographic dividend,EAR,2023,4.12336017326531
Early-demographic dividend,EAR,2022,6.02429179462496
Early-demographic dividend,EAR,2021,7.50689561708779
Early-demographic dividend,EAR,2020,-4.28342682037605
Early-demographic dividend,EAR,2019,2.27263621294111
Early-demographic dividend,EAR,2018,3.61280978921729
Early-demographic dividend,EAR,2017,4.49000658496557
Early-demographic dividend,EAR,2016,4.14710614319185
Early-demographic dividend,EAR,2015,4.25265763904281
Early-demographic dividend,EAR,2014,3.99422690284999
Early-demographic dividend,EAR,2013,4.03848297590133
East Asia & Pacific,EAS,2025,3.99734138634533
East Asia & Pacific,EAS,2024,3.72534172801831
East Asia & Pacific,EAS,2023,4.07119548974431
East Asia & Pacific,EAS,2022,3.05155877820648
East Asia & Pacific,EAS,2021,6.48037639158159
East Asia & Pacific,EAS,2020,-0.0906651751610497
East Asia & Pacific,EAS,2019,4.04090596808282
East Asia & Pacific,EAS,2018,4.81200310102888
East Asia & Pacific,EAS,2017,5.03667021498299
East Asia & Pacific,EAS,2016,4.63114688285732
East Asia & Pacific,EAS,2015,4.75890325549717
East Asia & Pacific,EAS,2014,4.9189377834641
East Asia & Pacific,EAS,2013,5.26825336357302
East Asia & Pacific (excluding high income),EAP,2025,4.9444935536329
East Asia & Pacific (excluding high income),EAP,2024,4.95407477892253
East Asia & Pacific (excluding high income),EAP,2023,5.26014161362973
East Asia & Pacific (excluding high income),EAP,2022,3.54917734794495
East Asia & Pacific (excluding high income),EAP,2021,7.72023040471529
East Asia & Pacific (excluding high income),EAP,2020,1.34340856610488
East Asia & Pacific (excluding high income),EAP,2019,5.88489228328295
East Asia & Pacific (excluding high income),EAP,2018,6.53800447051142
East Asia & Pacific (excluding high income),EAP,2017,6.66666534648019
East Asia & Pacific (excluding high income),EAP,2016,6.50852874508779
East Asia & Pacific (excluding high income),EAP,2015,6.66372817923681
East Asia & Pacific (excluding high income),EAP,2014,7.0222319266325
East Asia & Pacific (excluding high income),EAP,2013,7.31723526739178
East Asia & Pacific (IDA & IBRD countries),TEA,2025,4.94449693162349
East Asia & Pacific (IDA & IBRD countries),TEA,2024,4.95413752144529
East Asia & Pacific (IDA & IBRD countries),TEA,2023,5.2600647393007
East Asia & Pacific (IDA & IBRD countries),TEA,2022,3.5491103392587
East Asia & Pacific (IDA & IBRD countries),TEA,2021,7.71993890573823
East Asia & Pacific (IDA & IBRD countries),TEA,2020,1.34329202401489
East Asia & Pacific (IDA & IBRD countries),TEA,2019,5.88481120447702
East Asia & Pacific (IDA & IBRD countries),TEA,2018,6.53783889633732
East Asia & Pacific (IDA & IBRD countries),TEA,2017,6.66638400332221
East Asia & Pacific (IDA & IBRD countries),TEA,2016,6.50841250220505
East Asia & Pacific (IDA & IBRD countries),TEA,2015,6.66374638813893
East Asia & Pacific (IDA & IBRD countries),TEA,2014,7.02222532623085
East Asia & Pacific (IDA & IBRD countries),TEA,2013,7.3170154101466
Euro area,EMU,2025,1.41107242318353
Euro area,EMU,2024,0.938707263867073
Euro area,EMU,2023,0.460070365687699
Euro area,EMU,2022,3.66468497532753
Euro area,EMU,2021,6.44349747359811
Euro area,EMU,2020,-6.04374915754508
Euro area,EMU,2019,1.63208944796722
Euro area,EMU,2018,1.78229304985051
Euro area,EMU,2017,2.62315671239708
Euro area,EMU,2016,1.80681433573471
Euro area,EMU,2015,2.14894477032594
Euro area,EMU,2014,1.45371535311074
Euro area,EMU,2013,-0.168322337087545
Europe & Central Asia,ECS,2025,1.703297097267
Europe & Central Asia,ECS,2024,1.61092975636407
Europe & Central Asia,ECS,2023,1.04695405528739
Europe & Central Asia,ECS,2022,3.42810235027954
Europe & Central Asia,ECS,2021,6.82460720354004
Europe & Central Asia,ECS,2020,-5.37584934879737
Europe & Central Asia,ECS,2019,1.83149788108096
Europe & Central Asia,ECS,2018,2.18261664657453
Europe & Central Asia,ECS,2017,2.96168679697557
Europe & Central Asia,ECS,2016,1.90825385031148
Europe & Central Asia,ECS,2015,2.07832382006356
Europe & Central Asia,ECS,2014,1.94365333398217
Europe & Central Asia,ECS,2013,0.876266761669413
Europe & Central Asia (excluding high income),ECA,2025,4.20093767131738
Europe & Central Asia (excluding high income),ECA,2024,4.05695234474402
Europe & Central Asia (excluding high income),ECA,2023,5.05062997543834
Europe & Central Asia (excluding high income),ECA,2022,3.11188050867233
Europe & Central Asia (excluding high income),ECA,2021,9.27987062914227
Europe & Central Asia (excluding high income),ECA,2020,0.29079640989535
Europe & Central Asia (excluding high income),ECA,2019,2.61922676231219
Europe & Central Asia (excluding high income),ECA,2018,3.78753357770429
Europe & Central Asia (excluding high income),ECA,2017,6.00896760124667
Europe & Central Asia (excluding high income),ECA,2016,2.85797309720172
Europe & Central Asia (excluding high income),ECA,2015,3.4855285083172
Europe & Central Asia (excluding high income),ECA,2014,3.25564045264228
Europe & Central Asia (excluding high income),ECA,2013,6.55722402169654
Europe & Central Asia (IDA & IBRD countries),TEC,2025,2.84310557858637
Europe & Central Asia (IDA & IBRD countries),TEC,2024,4.03167528195137
Europe & Central Asia (IDA & IBRD countries),TEC,2023,3.8319198777364
Europe & Central Asia (IDA & IBRD countries),TEC,2022,1.97113681599863
Europe & Central Asia (IDA & IBRD countries),TEC,2021,7.59725679517675
Europe & Central Asia (IDA & IBRD countries),TEC,2020,-1.44509752100556
Europe & Central Asia (IDA & IBRD countries),TEC,2019,2.83114768378128
Europe & Central Asia (IDA & IBRD countries),TEC,2018,3.81479272946348
Europe & Central Asia (IDA & IBRD countries),TEC,2017,4.37963852941809
Europe & Central Asia (IDA & IBRD countries),TEC,2016,1.89511334774663
Europe & Central Asia (IDA & IBRD countries),TEC,2015,1.46022367131448
Europe & Central Asia (IDA & IBRD countries),TEC,2014,2.30298411904455
Europe & Central Asia (IDA & IBRD countries),TEC,2013,3.37336805240554
European Union,EUU,2025,1.53795434836212
European Union,EUU,2024,1.08657885620458
European Union,EUU,2023,0.4380089249495
European Union,EUU,2022,3.56455510630462
European Union,EUU,2021,6.37773717070797
European Union,EUU,2020,-5.57888122067428
European Union,EUU,2019,1.87525498889181
European Union,EUU,2018,2.04641967934145
European Union,EUU,2017,2.81810835521954
European Union,EUU,2016,1.91997902907598
European Union,EUU,2015,2.37195113797821
European Union,EUU,2014,1.63271198328248
European Union,EUU,2013,-0.0330372559639187
Heavily indebted poor countries (HIPC),HPC,2025,5.82575819723698
Heavily indebted poor countries (HIPC),HPC,2024,5.12099358552982
Heavily indebted poor countries (HIPC),HPC,2023,3.48241783540763
Heavily indebted poor countries (HIPC),HPC,2022,4.89961676353468
Heavily indebted poor countries (HIPC),HPC,2021,4.35683661926664
Heavily indebted poor countries (HIPC),HPC,2020,0.00307772049912103
Heavily indebted poor countries (HIPC),HPC,2019,4.20365615145262
Heavily indebted poor countries (HIPC),HPC,2018,4.18286148680316
Heavily indebted poor countries (HIPC),HPC,2017,5.06377966448277
Heavily indebted poor countries (HIPC),HPC,2016,4.30006123912206
Heavily indebted poor countries (HIPC),HPC,2015,4.90646824015406
Heavily indebted poor countries (HIPC),HPC,2014,5.45421217506326
Heavily indebted poor countries (HIPC),HPC,2013,6.16437839840991
IBRD only,IBD,2025,4.30532305518705
IBRD only,IBD,2024,4.4256614810418
IBRD only,IBD,2023,4.63911789010562
IBRD only,IBD,2022,3.76945565506477
IBRD only,IBD,2021,7.62447663420478
IBRD only,IBD,2020,-1.28694758331594
IBRD only,IBD,2019,3.98803326580348
IBRD only,IBD,2018,4.86157952405858
IBRD only,IBD,2017,5.16179362572515
IBRD only,IBD,2016,4.44703872345713
IBRD only,IBD,2015,4.31854010648796
IBRD only,IBD,2014,4.78001444086
IBRD only,IBD,2013,5.21442724745644
IDA & IBRD total,IBT,2025,4.33570580325535
IDA & IBRD total,IBT,2024,4.42022565074735
IDA & IBRD total,IBT,2023,4.52590057203417
IDA & IBRD total,IBT,2022,3.8271063174832
IDA & IBRD total,IBT,2021,7.35158119263311
IDA & IBRD total,IBT,2020,-1.32331489746059
IDA & IBRD total,IBT,2019,3.98475924215585
IDA & IBRD total,IBT,2018,4.82460273989518
IDA & IBRD total,IBT,2017,5.07330968455011
IDA & IBRD total,IBT,2016,4.35480936392952
IDA & IBRD total,IBT,2015,4.25326636645823
IDA & IBRD total,IBT,2014,4.82932919233134
IDA & IBRD total,IBT,2013,5.23089944476254
IDA blend,IDB,2025,4.57673954149303
IDA blend,IDB,2024,4.11563151662068
IDA blend,IDB,2023,2.87508782353444
IDA blend,IDB,2022,4.82256296455954
IDA blend,IDB,2021,4.36009454869888
IDA blend,IDB,2020,-3.22553173097771
IDA blend,IDB,2019,3.06868522671206
IDA blend,IDB,2018,3.8983413977238
IDA blend,IDB,2017,2.82463712924834
IDA blend,IDB,2016,2.37410124286114
IDA blend,IDB,2015,3.9277692964975
IDA blend,IDB,2014,5.8248246616925
IDA blend,IDB,2013,5.73609715250456
IDA only,IDX,2025,4.86860827326892
IDA only,IDX,2024,4.57659622486648
IDA only,IDX,2023,3.3073554888398
IDA only,IDX,2022,4.31005230149408
IDA only,IDX,2021,3.64269213685422
IDA only,IDX,2020,-0.335170512912143
IDA only,IDX,2019,4.82130049368115
IDA only,IDX,2018,4.85450921076745
IDA only,IDX,2017,5.22907858100467
IDA only,IDX,2016,4.18372892932952
IDA only,IDX,2015,3.01701813615682
IDA only,IDX,2014,4.9923958045545
IDA only,IDX,2013,5.10918682572196
IDA total,IDA,2025,4.72576659326165
IDA total,IDA,2024,4.35048943307154
IDA total,IDA,2023,3.09487183510299
IDA total,IDA,2022,4.56135207487173
IDA total,IDA,2021,3.99322003260568
IDA total,IDA,2020,-1.76868159241481
IDA total,IDA,2019,3.94468113264645
IDA total,IDA,2018,4.37406543309571
IDA total,IDA,2017,4.00703084076721
IDA total,IDA,2016,3.25606924193475
IDA total,IDA,2015,3.48188857013798
IDA total,IDA,2014,5.41564567632231
IDA total,IDA,2013,5.42734561353254
Late-demographic dividend,LTE,2025,4.45332355682564
Late-demographic dividend,LTE,2024,4.52553873018407
Late-demographic dividend,LTE,2023,4.43253867675644
Late-demographic dividend,LTE,2022,3.28975241103197
Late-demographic dividend,LTE,2021,7.59396655185003
Late-demographic dividend,LTE,2020,0.235409361022192
Late-demographic dividend,LTE,2019,4.74723356857159
Late-demographic dividend,LTE,2018,5.44116105376224
Late-demographic dividend,LTE,2017,5.26224829988129
Late-demographic dividend,LTE,2016,4.44982415289267
Late-demographic dividend,LTE,2015,4.70954361182743
Late-demographic dividend,LTE,2014,5.27993047692303
Late-demographic dividend,LTE,2013,5.62973223892911
Latin America & Caribbean,LCN,2025,2.32153204967842
Latin America & Caribbean,LCN,2024,2.25497168830525
Latin America & Caribbean,LCN,2023,2.20678468368602
Latin America & Caribbean,LCN,2022,4.09058657203177
Latin America & Caribbean,LCN,2021,7.07608139571873
Latin America & Caribbean,LCN,2020,-6.85943781930433
Latin America & Caribbean,LCN,2019,0.317364964426716
Latin America & Caribbean,LCN,2018,1.22291785556858
Latin America & Caribbean,LCN,2017,1.55352771899284
Latin America & Caribbean,LCN,2016,-0.730974962811146
Latin America & Caribbean,LCN,2015,0.239853960080666
Latin America & Caribbean,LCN,2014,1.19675253046894
Latin America & Caribbean,LCN,2013,2.71733038737128
Latin America & Caribbean (excluding high income),LAC,2025,2.21490070818977
Latin America & Caribbean (excluding high income),LAC,2024,1.99001515816749
Latin America & Caribbean (excluding high income),LAC,2023,2.12680994822227
Latin America & Caribbean (excluding high income),LAC,2022,3.97595959337909
Latin America & Caribbean (excluding high income),LAC,2021,6.85451332312384
Latin America & Caribbean (excluding high income),LAC,2020,-6.79640022295334
Latin America & Caribbean (excluding high income),LAC,2019,0.182794027991264
Latin America & Caribbean (excluding high income),LAC,2018,1.15229755041935
Latin America & Caribbean (excluding high income),LAC,2017,1.58746258230468
Latin America & Caribbean (excluding high income),LAC,2016,-0.977477793493975
Latin America & Caribbean (excluding high income),LAC,2015,0.0699385356183484
Latin America & Caribbean (excluding high income),LAC,2014,1.11641330983845
Latin America & Caribbean (excluding high income),LAC,2013,2.72471630094604
Latin America & the Caribbean (IDA & IBRD countries),TLA,2025,2.356382434447
Latin America & the Caribbean (IDA & IBRD countries),TLA,2024,2.27782988064618
Latin America & the Caribbean (IDA & IBRD countries),TLA,2023,2.28058560829545
Latin America & the Caribbean (IDA & IBRD countries),TLA,2022,4.12386672781881
Latin America & the Caribbean (IDA & IBRD countries),TLA,2021,7.27596087772766
Latin America & the Caribbean (IDA & IBRD countries),TLA,2020,-6.78167389936947
Latin America & the Caribbean (IDA & IBRD countries),TLA,2019,0.295159946142377
Latin America & the Caribbean (IDA & IBRD countries),TLA,2018,1.30772581346528
Latin America & the Caribbean (IDA & IBRD countries),TLA,2017,1.62136105748272
Latin America & the Caribbean (IDA & IBRD countries),TLA,2016,-0.748991632597836
Latin America & the Caribbean (IDA & IBRD countries),TLA,2015,0.189496368114675
Latin America & the Caribbean (IDA & IBRD countries),TLA,2014,1.24870826294293
Latin America & the Caribbean (IDA & IBRD countries),TLA,2013,2.8059330343136
Least developed countries: UN classification,LDC,2025,4.30000841303122
Least developed countries: UN classification,LDC,2024,3.87232968748361
Least developed countries: UN classification,LDC,2023,3.05090811063616
Least developed countries: UN classification,LDC,2022,4.71510989192116
Least developed countries: UN classification,LDC,2021,2.75579291386683
Least developed countries: UN classification,LDC,2020,-0.181011978205504
Least developed countries: UN classification,LDC,2019,4.82459913567837
Least developed countries: UN classification,LDC,2018,4.65270171918264
Least developed countries: UN classification,LDC,2017,4.50257523548829
Least developed countries: UN classification,LDC,2016,3.79797989969202
Least developed countries: UN classification,LDC,2015,2.75018770897304
Least developed countries: UN classification,LDC,2014,5.34524804033678
Least developed countries: UN classification,LDC,2013,6.06991554579403
Low & middle income,LMY,2025,4.53280075988324
Low & middle income,LMY,2024,4.42439890311286
Low & middle income,LMY,2023,4.65212132351984
Low & middle income,LMY,2022,4.00803776152725
Low & middle income,LMY,2021,7.37033958733097
Low & middle income,LMY,2020,-1.15067064256841
Low & middle income,LMY,2019,4.09130986730312
Low & middle income,LMY,2018,4.92164615265142
Low & middle income,LMY,2017,5.26386453553506
Low & middle income,LMY,2016,4.64827928186369
Low & middle income,LMY,2015,4.65256634204385
Low & middle income,LMY,2014,5.13797592071302
Low & middle income,LMY,2013,5.61734235164751
"Middle East, North Africa, Afghanistan & Pakistan",MEA,2025,2.74495660378074
"Middle East, North Africa, Afghanistan & Pakistan",MEA,2024,2.3285702387722
"Middle East, North Africa, Afghanistan & Pakistan",MEA,2023,2.29073324961962
"Middle East, North Africa, Afghanistan & Pakistan",MEA,2022,6.44954466678931
"Middle East, North Africa, Afghanistan & Pakistan",MEA,2021,5.030413314914
"Middle East, North Africa, Afghanistan & Pakistan",MEA,2020,-3.55690005451382
"Middle East, North Africa, Afghanistan & Pakistan",MEA,2019,1.58096878672049
"Middle East, North Africa, Afghanistan & Pakistan",MEA,2018,2.4028056194
"Middle East, North Africa, Afghanistan & Pakistan",MEA,2017,2.07681939089466
"Middle East, North Africa, Afghanistan & Pakistan",MEA,2016,4.50367765418986
"Middle East, North Africa, Afghanistan & Pakistan",MEA,2015,2.77014189000649
"Middle East, North Africa, Afghanistan & Pakistan",MEA,2014,3.06417065422428
"Middle East, North Africa, Afghanistan & Pakistan",MEA,2013,2.37318436266814
"Middle East, North Africa, Afghanistan & Pakistan (excluding high income)",MNA,2025,1.99549507789871
"Middle East, North Africa, Afghanistan & Pakistan (excluding high income)",MNA,2024,2.26137020265979
"Middle East, North Africa, Afghanistan & Pakistan (excluding high income)",MNA,2023,2.89591827095839
"Middle East, North Africa, Afghanistan & Pakistan (excluding high income)",MNA,2022,4.3206385298363
"Middle East, North Africa, Afghanistan & Pakistan (excluding high income)",MNA,2021,4.33211957315503
"Middle East, North Africa, Afghanistan & Pakistan (excluding high income)",MNA,2020,-2.61983985761596
"Middle East, North Africa, Afghanistan & Pakistan (excluding high income)",MNA,2019,1.39546116127963
"Middle East, North Africa, Afghanistan & Pakistan (excluding high income)",MNA,2018,2.09831066371866
"Middle East, North Africa, Afghanistan & Pakistan (excluding high income)",MNA,2017,3.40247234432427
"Middle East, North Africa, Afghanistan & Pakistan (excluding high income)",MNA,2016,5.56210361617076
"Middle East, North Africa, Afghanistan & Pakistan (excluding high income)",MNA,2015,1.11561157880718
"Middle East, North Africa, Afghanistan & Pakistan (excluding high income)",MNA,2014,2.39697080828884
"Middle East, North Africa, Afghanistan & Pakistan (excluding high income)",MNA,2013,1.12317022582226
"Middle East, North Africa, Afghanistan & Pakistan (IDA & IBRD)",TMN,2025,1.9829526200861
"Middle East, North Africa, Afghanistan & Pakistan (IDA & IBRD)",TMN,2024,2.43947657943453
"Middle East, North Africa, Afghanistan & Pakistan (IDA & IBRD)",TMN,2023,2.92442456913298
"Middle East, North Africa, Afghanistan & Pakistan (IDA & IBRD)",TMN,2022,4.3223956322189
"Middle East, North Africa, Afghanistan & Pakistan (IDA & IBRD)",TMN,2021,4.31282389000222
"Middle East, North Africa, Afghanistan & Pakistan (IDA & IBRD)",TMN,2020,-2.55101546183431
"Middle East, North Africa, Afghanistan & Pakistan (IDA & IBRD)",TMN,2019,1.39572055452479
"Middle East, North Africa, Afghanistan & Pakistan (IDA & IBRD)",TMN,2018,2.1052660162653
"Middle East, North Africa, Afghanistan & Pakistan (IDA & IBRD)",TMN,2017,3.41861623376329
"Middle East, North Africa, Afghanistan & Pakistan (IDA & IBRD)",TMN,2016,5.53604079765444
"Middle East, North Africa, Afghanistan & Pakistan (IDA & IBRD)",TMN,2015,1.09556855918702
"Middle East, North Africa, Afghanistan & Pakistan (IDA & IBRD)",TMN,2014,2.41712951869309
"Middle East, North Africa, Afghanistan & Pakistan (IDA & IBRD)",TMN,2013,1.09589599784469
Middle income,MIC,2025,4.52178755917781
Middle income,MIC,2024,4.43845841319835
Middle income,MIC,2023,4.70121337251241
Middle income,MIC,2022,4.01198144032888
Middle income,MIC,2021,7.4508617815507
Middle income,MIC,2020,-1.17178883495949
Middle income,MIC,2019,4.09328498445664
Middle income,MIC,2018,4.94307020212865
Middle income,MIC,2017,5.29620389044459
Middle income,MIC,2016,4.69349170335944
Middle income,MIC,2015,4.73712887124695
Middle income,MIC,2014,5.16076456655694
Middle income,MIC,2013,5.64337115018114
North America,NAC,2025,2.12972384862783
North America,NAC,2024,2.73606791647842
North America,NAC,2023,2.85945132916503
North America,NAC,2022,2.68881207167273
North America,NAC,2021,6.13640923701173
North America,NAC,2020,-2.31236247885967
North America,NAC,2019,2.53036581365198
North America,NAC,2018,2.94789312072024
North America,NAC,2017,2.50284500298896
North America,NAC,2016,1.7574135378599
North America,NAC,2015,2.76110438770922
North America,NAC,2014,2.54944716424754
North America,NAC,2013,2.13349689819631
OECD members,OED,2025,1.77005853071937
OECD members,OED,2024,1.78218444615328
OECD members,OED,2023,1.78937161232169
OECD members,OED,2022,3.15854809219758
OECD members,OED,2021,6.09471533648059
OECD members,OED,2020,-3.86432916323412
OECD members,OED,2019,1.85301586905177
OECD members,OED,2018,2.38931017293615
OECD members,OED,2017,2.61204188490709
OECD members,OED,2016,1.85463774155879
OECD members,OED,2015,2.53080900311944
OECD members,OED,2014,2.23873423415506
OECD members,OED,2013,1.62369645988187
Other small states,OSS,2025,2.88340086402312
Other small states,OSS,2024,2.76881258067121
Other small states,OSS,2023,3.20030722043091
Other small states,OSS,2022,4.39868942923867
Other small states,OSS,2021,7.99114438236406
Other small states,OSS,2020,-5.76450168062843
Other small states,OSS,2019,4.24191171511896
Other small states,OSS,2018,4.36915856791936
Other small states,OSS,2017,5.06269393757441
Other small states,OSS,2016,4.11324521484462
Other small states,OSS,2015,3.35379601684932
Other small states,OSS,2014,2.10170241796435
Other small states,OSS,2013,0.795058059250948
Pacific island small states,PSS,2025,3.31927523064815
Pacific island small states,PSS,2024,3.66740238652645
Pacific island small states,PSS,2023,7.23510889764707
Pacific island small states,PSS,2022,8.33511772575022
Pacific island small states,PSS,2021,-2.62004384629151
Pacific island small states,PSS,2020,-10.2465615365926
Pacific island small states,PSS,2019,1.1632387186459
Pacific island small states,PSS,2018,2.72310809047187
Pacific island small states,PSS,2017,3.88507048124241
Pacific island small states,PSS,2016,3.74906305678715
Pacific island small states,PSS,2015,3.97583679136102
Pacific island small states,PSS,2014,3.57900775268514
Pacific island small states,PSS,2013,3.24964380089334
Post-demographic dividend,PST,2025,1.6533096131564
Post-demographic dividend,PST,2024,1.77944527022298
Post-demographic dividend,PST,2023,1.79595440239152
Post-demographic dividend,PST,2022,2.86042677787768
Post-demographic dividend,PST,2021,5.82057405938134
Post-demographic dividend,PST,2020,-4.03866257492757
Post-demographic dividend,PST,2019,1.82164159324701
Post-demographic dividend,PST,2018,2.28758807836371
Post-demographic dividend,PST,2017,2.47944817538426
Post-demographic dividend,PST,2016,1.80639608099386
Post-demographic dividend,PST,2015,2.25737860257307
Post-demographic dividend,PST,2014,2.08004088630904
Post-demographic dividend,PST,2013,1.52350189398453
Pre-demographic dividend,PRE,2025,3.57431469085844
Pre-demographic dividend,PRE,2024,3.328621675752
Pre-demographic dividend,PRE,2023,2.44455093685518
Pre-demographic dividend,PRE,2022,4.63522422118558
Pre-demographic dividend,PRE,2021,2.29076410791771
Pre-demographic dividend,PRE,2020,-4.15455315541389
Pre-demographic dividend,PRE,2019,3.16086400453494
Pre-demographic dividend,PRE,2018,2.65801624793845
Pre-demographic dividend,PRE,2017,1.65401035196942
Pre-demographic dividend,PRE,2016,2.48790883634129
Pre-demographic dividend,PRE,2015,3.04225473776046
Pre-demographic dividend,PRE,2014,5.17291765109749
Pre-demographic dividend,PRE,2013,6.11185150793546
Small states,SST,2025,4.39108110908893
Small states,SST,2024,6.06796967493719
Small states,SST,2023,5.02859646200615
Small states,SST,2022,7.42838535135735
Small states,SST,2021,7.29421049896773
Small states,SST,2020,-6.9752973416568
Small states,SST,2019,3.11127439080343
Small states,SST,2018,3.38174135854818
Small states,SST,2017,3.2130480541305
Small states,SST,2016,1.764520691762
Small states,SST,2015,2.25069098311559
Small states,SST,2014,2.33382759269183
Small states,SST,2013,1.16517400770937
South Asia,SAS,2025,7.12381420637792
South Asia,SAS,2024,6.75761201913679
South Asia,SAS,2023,6.7848640413625
South Asia,SAS,2022,7.10115392414392
South Asia,SAS,2021,9.24659959756499
South Asia,SAS,2020,-4.98750173652559
South Asia,SAS,2019,4.09454306534288
South Asia,SAS,2018,6.39366632555758
South Asia,SAS,2017,6.78411966009934
South Asia,SAS,2016,7.96912333644603
South Asia,SAS,2015,7.68973935190233
South Asia,SAS,2014,7.24547986703887
South Asia,SAS,2013,6.23326513053635
South Asia (IDA & IBRD),TSA,2025,7.12381420637792
South Asia (IDA & IBRD),TSA,2024,6.75761201913679
South Asia (IDA & IBRD),TSA,2023,6.7848640413625
South Asia (IDA & IBRD),TSA,2022,7.10115392414392
South Asia (IDA & IBRD),TSA,2021,9.24659959756499
South Asia (IDA & IBRD),TSA,2020,-4.98750173652559
South Asia (IDA & IBRD),TSA,2019,4.09454306534288
South Asia (IDA & IBRD),TSA,2018,6.39366632555758
South Asia (IDA & IBRD),TSA,2017,6.78411966009934
South Asia (IDA & IBRD),TSA,2016,7.96912333644603
South Asia (IDA & IBRD),TSA,2015,7.68973935190233
South Asia (IDA & IBRD),TSA,2014,7.24547986703887
South Asia (IDA & IBRD),TSA,2013,6.23326513053635
Sub-Saharan Africa,SSF,2025,4.13928145259649
Sub-Saharan Africa,SSF,2024,3.6161279249573
Sub-Saharan Africa,SSF,2023,2.71446691675897
Sub-Saharan Africa,SSF,2022,4.03371066956886
Sub-Saharan Africa,SSF,2021,3.58194129290288
Sub-Saharan Africa,SSF,2020,-3.29212615874913
Sub-Saharan Africa,SSF,2019,2.54913933046186
Sub-Saharan Africa,SSF,2018,2.79433082130898
Sub-Saharan Africa,SSF,2017,2.5074548530006
Sub-Saharan Africa,SSF,2016,1.31700355850863
Sub-Saharan Africa,SSF,2015,2.93344601140815
Sub-Saharan Africa,SSF,2014,4.72713989905584
Sub-Saharan Africa,SSF,2013,5.27451055861322
Sub-Saharan Africa (excluding high income),SSA,2025,4.13764837892776
Sub-Saharan Africa (excluding high income),SSA,2024,3.61639391196729
Sub-Saharan Africa (excluding high income),SSA,2023,2.71209038880693
Sub-Saharan Africa (excluding high income),SSA,2022,4.02837470360804
Sub-Saharan Africa (excluding high income),SSA,2021,3.58478965187514
Sub-Saharan Africa (excluding high income),SSA,2020,-3.28342298905326
Sub-Saharan Africa (excluding high income),SSA,2019,2.54617045203717
Sub-Saharan Africa (excluding high income),SSA,2018,2.7922269325805
Sub-Saharan Africa (excluding high income),SSA,2017,2.50327515080239
Sub-Saharan Africa (excluding high income),SSA,2016,1.30783035327565
Sub-Saharan Africa (excluding high income),SSA,2015,2.92864568387523
Sub-Saharan Africa (excluding high income),SSA,2014,4.72767581662336
Sub-Saharan Africa (excluding high income),SSA,2013,5.27788752698235
Sub-Saharan Africa (IDA & IBRD countries),TSS,2025,4.13928145259648
Sub-Saharan Africa (IDA & IBRD countries),TSS,2024,3.61612792495724
Sub-Saharan Africa (IDA & IBRD countries),TSS,2023,2.71446691675898
Sub-Saharan Africa (IDA & IBRD countries),TSS,2022,4.03371066956888
Sub-Saharan Africa (IDA & IBRD countries),TSS,2021,3.58194129290288
Sub-Saharan Africa (IDA & IBRD countries),TSS,2020,-3.29212615874916
Sub-Saharan Africa (IDA & IBRD countries),TSS,2019,2.5491393304619
Sub-Saharan Africa (IDA & IBRD countries),TSS,2018,2.7943308213089
Sub-Saharan Africa (IDA & IBRD countries),TSS,2017,2.50745485300064
Sub-Saharan Africa (IDA & IBRD countries),TSS,2016,1.31700355850862
Sub-Saharan Africa (IDA & IBRD countries),TSS,2015,2.93344601140815
Sub-Saharan Africa (IDA & IBRD countries),TSS,2014,4.72713989905583
Sub-Saharan Africa (IDA & IBRD countries),TSS,2013,5.27451055861317
World,WLD,2025,2.92127318539153
World,WLD,2024,2.90001340156714
World,WLD,2023,2.85938493335973
World,WLD,2022,3.44001097265647
World,WLD,2021,6.48508887596752
World,WLD,2020,-2.88621185457086
World,WLD,2019,2.680308747553
World,WLD,2018,3.28663086462807
World,WLD,2017,3.44658623167955
World,WLD,2016,2.78974074234593
World,WLD,2015,3.12721325699906
World,WLD,2014,3.16849193058366
World,WLD,2013,2.88974765617324
Afghanistan,AFG,2025,
Afghanistan,AFG,2024,1.87319280045979
Afghanistan,AFG,2023,2.26694373649188
Afghanistan,AFG,2022,-6.24017199240269
Afghanistan,AFG,2021,-20.7388393676343
Afghanistan,AFG,2020,-2.35110067203466
Afghanistan,AFG,2019,3.91160341625552
Afghanistan,AFG,2018,1.18922812944517
Afghanistan,AFG,2017,2.6470032027451
Afghanistan,AFG,2016,2.26031420279821
Afghanistan,AFG,2015,1.45131466066431
Afghanistan,AFG,2014,2.72454336219565
Afghanistan,AFG,2013,5.60074465863221
Albania,ALB,2025,3.78893836241024
Albania,ALB,2024,4.04592845095348
Albania,ALB,2023,4.01541716935742
Albania,ALB,2022,4.8268006234359
Albania,ALB,2021,8.96957619074095
Albania,ALB,2020,-3.31375636888916
Albania,ALB,2019,2.06257790176122
Albania,ALB,2018,3.67141928098908
Albania,ALB,2017,3.28317593330073
Albania,ALB,2016,3.90893551362245
Albania,ALB,2015,2.2277040745779
Albania,ALB,2014,2.24022695382642
Albania,ALB,2013,1.7072283175406
Algeria,DZA,2025,3.815543719231
Algeria,DZA,2024,3.69999999907979
Algeria,DZA,2023,4.10000000005964
Algeria,DZA,2022,3.60000000094915
Algeria,DZA,2021,3.79999999900707
Algeria,DZA,2020,-4.99999999908597
Algeria,DZA,2019,0.899999999219148
Algeria,DZA,2018,1.40000000088281
Algeria,DZA,2017,1.49999999895587
Algeria,DZA,2016,3.90000000017621
Algeria,DZA,2015,3.20000000089023
Algeria,DZA,2014,4.09999999866501
Algeria,DZA,2013,2.60000000061164
American Samoa,ASM,2025,
American Samoa,ASM,2024,
American Samoa,ASM,2023,
American Samoa,ASM,2022,1.73501577287065
American Samoa,ASM,2021,-0.782472613458523
American Samoa,ASM,2020,4.41176470588236
American Samoa,ASM,2019,-0.487804878048777
American Samoa,ASM,2018,2.6711185308848
American Samoa,ASM,2017,-6.98757763975155
American Samoa,ASM,2016,-1.67938931297709
American Samoa,ASM,2015,3.14960629921259
American Samoa,ASM,2014,1.76282051282051
American Samoa,ASM,2013,-2.5
Andorra,AND,2025,3.86803450687808
Andorra,AND,2024,3.8491605039052
Andorra,AND,2023,2.58355480961319
Andorra,AND,2022,9.56461225648184
Andorra,AND,2021,8.28677879049404
Andorra,AND,2020,-11.1839399355384
Andorra,AND,2019,2.01554763848308
Andorra,AND,2018,1.58876549046354
Andorra,AND,2017,0.346071889630295
Andorra,AND,2016,3.70967806978986
Andorra,AND,2015,1.43414039522716
Andorra,AND,2014,2.50446552114518
Andorra,AND,2013,-3.54759651549344
Angola,AGO,2025,3.13353542450008
Angola,AGO,2024,4.95267860425956
Angola,AGO,2023,1.32016587081031
Angola,AGO,2022,3.55749206675667
Angola,AGO,2021,1.09058369944815
Angola,AGO,2020,-5.27349128300007
Angola,AGO,2019,-1.05523414494337
Angola,AGO,2018,-0.506697543616156
Angola,AGO,2017,-0.164688656961076
Angola,AGO,2016,-0.233076954805284
Angola,AGO,2015,0.763177710914789
Angola,AGO,2014,4.65572356315585
Angola,AGO,2013,4.88306129688392
Antigua and Barbuda,ATG,2025,4.99803998431987
Antigua and Barbuda,ATG,2024,2.54044193946544
Antigua and Barbuda,ATG,2023,3.86550160079324
Antigua and Barbuda,ATG,2022,8.49776342254205
Antigua and Barbuda,ATG,2021,8.17286311186622
Antigua and Barbuda,ATG,2020,-18.8687765208148
Antigua and Barbuda,ATG,2019,3.1722219373937
Antigua and Barbuda,ATG,2018,6.71200487159726
Antigua and Barbuda,ATG,2017,2.71272657973627
Antigua and Barbuda,ATG,2016,4.1203675438061
Antigua and Barbuda,ATG,2015,1.42161997595372
Antigua and Barbuda,ATG,2014,2.19829188738797
Antigua and Barbuda,ATG,2013,-0.600982329599361
Argentina,ARG,2025,4.36733330217022
Argentina,ARG,2024,-1.34293072157739
Argentina,ARG,2023,-1.85578803046339
Argentina,ARG,2022,6.02074537534855
Argentina,ARG,2021,10.4418119882506
Argentina,ARG,2020,-9.9004848136464
Argentina,ARG,2019,-2.00086100285785
Argentina,ARG,2018,-2.61739646282038
Argentina,ARG,2017,2.81850297775918
Argentina,ARG,2016,-2.08032784377811
Argentina,ARG,2015,2.73115982828944
Argentina,ARG,2014,-2.51261532081394
Argentina,ARG,2013,2.40532378079436
Armenia,ARM,2025,7.2
Armenia,ARM,2024,5.90000000046228
Armenia,ARM,2023,8.29999999959539
Armenia,ARM,2022,12.5999999997766
Armenia,ARM,2021,5.80000000065645
Armenia,ARM,2020,-7.19999999920631
Armenia,ARM,2019,7.59999999853918
Armenia,ARM,2018,5.19999999965324
Armenia,ARM,2017,7.50000000164144
Armenia,ARM,2016,0.199999999825991
Armenia,ARM,2015,3.19999999896625
Armenia,ARM,2014,3.60000000058993
Armenia,ARM,2013,3.3
Aruba,ABW,2025,
Aruba,ABW,2024,6.81077669324554
Aruba,ABW,2023,9.51636022347185
Aruba,ABW,2022,10.6079607621246
Aruba,ABW,2021,14.833691976226
Aruba,ABW,2020,-23.9400592677491
Aruba,ABW,2019,1.22914408896015
Aruba,ABW,2018,3.21247111920076
Aruba,ABW,2017,3.49342985290626
Aruba,ABW,2016,1.23433537363427
Aruba,ABW,2015,3.61147906591042
Aruba,ABW,2014,1.42609951155575
Aruba,ABW,2013,6.43146080719245
Australia,AUS,2025,1.35039785076631
Australia,AUS,2024,1.37340773365975
Australia,AUS,2023,3.58382100798981
Australia,AUS,2022,4.25304559238732
Australia,AUS,2021,2.00694844335034
Australia,AUS,2020,-0.133531904304775
Australia,AUS,2019,2.19401703622717
Australia,AUS,2018,2.87417039499501
Australia,AUS,2017,2.29331030192918
Australia,AUS,2016,2.75564065529868
Australia,AUS,2015,2.16434780647852
Australia,AUS,2014,2.60118978187332
Australia,AUS,2013,2.65445302592404
Austria,AUT,2025,0.615747280959056
Austria,AUT,2024,-0.659089573171372
Austria,AUT,2023,-0.786244288594673
Austria,AUT,2022,5.33096379400371
Austria,AUT,2021,4.92309171717903
Austria,AUT,2020,-6.31825509209936
Austria,AUT,2019,1.75497619649288
Austria,AUT,2018,2.48422114080024
Austria,AUT,2017,2.27224992038207
Austria,AUT,2016,2.11721964494312
Austria,AUT,2015,1.30352331826198
Austria,AUT,2014,0.755798850316665
Austria,AUT,2013,-0.250726423318454
Azerbaijan,AZE,2025,1.44985591122698
Azerbaijan,AZE,2024,4.15806800428062
Azerbaijan,AZE,2023,1.35447749115767
Azerbaijan,AZE,2022,4.71468033247649
Azerbaijan,AZE,2021,5.61644027150554
Azerbaijan,AZE,2020,-4.19896065333343
Azerbaijan,AZE,2019,2.47980879185565
Azerbaijan,AZE,2018,1.50040167167313
Azerbaijan,AZE,2017,0.153614661745507
Azerbaijan,AZE,2016,-3.06359842251706
Azerbaijan,AZE,2015,1.04954641215085
Azerbaijan,AZE,2014,2.79758521448559
Azerbaijan,AZE,2013,5.84341590483928
"Bahamas, The",BHS,2025,
"Bahamas, The",BHS,2024,3.37866553336166
"Bahamas, The",BHS,2023,3.04824180553773
"Bahamas, The",BHS,2022,10.8779009410268
"Bahamas, The",BHS,2021,17.5861390037409
"Bahamas, The",BHS,2020,-20.0893664891399
"Bahamas, The",BHS,2019,-0.838585871193203
"Bahamas, The",BHS,2018,2.39795510823548
"Bahamas, The",BHS,2017,3.3713988456489
"Bahamas, The",BHS,2016,-1.15650811269629
"Bahamas, The",BHS,2015,0.997411675486745
"Bahamas, The",BHS,2014,1.8469701294558
"Bahamas, The",BHS,2013,-2.86320081549439
Bahrain,BHR,2025,3.48137573668635
Bahrain,BHR,2024,2.89710543153512
Bahrain,BHR,2023,3.87811614845566
Bahrain,BHR,2022,6.18016125475185
Bahrain,BHR,2021,4.35004091668986
Bahrain,BHR,2020,-5.9113629524152
Bahrain,BHR,2019,2.05287774418655
Bahrain,BHR,2018,2.05258864979861
Bahrain,BHR,2017,4.95383534123657
Bahrain,BHR,2016,3.81499327422425
Bahrain,BHR,2015,2.50787205267615
Bahrain,BHR,2014,4.30885692657077
Bahrain,BHR,2013,5.29262224906203
Bangladesh,BGD,2025,3.48990671836833
Bangladesh,BGD,2024,4.22325911250161
Bangladesh,BGD,2023,5.77511237007889
Bangladesh,BGD,2022,7.09982877575158
Bangladesh,BGD,2021,6.93867912442445
Bangladesh,BGD,2020,3.44801755122445
Bangladesh,BGD,2019,7.88191515117722
Bangladesh,BGD,2018,7.31941263014136
Bangladesh,BGD,2017,6.59024999794057
Bangladesh,BGD,2016,7.11347821270093
Bangladesh,BGD,2015,6.55263987816197
Bangladesh,BGD,2014,6.0610593588495
Bangladesh,BGD,2013,6.01360565834344
Barbados,BRB,2025,2.70000021764021
Barbados,BRB,2024,3.3669492581395
Barbados,BRB,2023,1.81419817804516
Barbados,BRB,2022,15.9453206225473
Barbados,BRB,2021,8.0198770096479
Barbados,BRB,2020,-17.4059314651747
Barbados,BRB,2019,0.241099789148677
Barbados,BRB,2018,-0.252085325827849
Barbados,BRB,2017,0.654655602860373
Barbados,BRB,2016,1.41632446821541
Barbados,BRB,2015,-0.772620078410995
Barbados,BRB,2014,0.807325350394564
Barbados,BRB,2013,0.195322007310409
Belarus,BLR,2025,1.29999999999998
Belarus,BLR,2024,4.34999638140579
Belarus,BLR,2023,4.12654007153881
Belarus,BLR,2022,-4.65839591328999
Belarus,BLR,2021,2.43886210234947
Belarus,BLR,2020,-0.672742918585868
Belarus,BLR,2019,1.44645548204305
Belarus,BLR,2018,3.14919758275296
Belarus,BLR,2017,2.53218349471909
Belarus,BLR,2016,-2.5264464460425
Belarus,BLR,2015,-3.82957056812593
Belarus,BLR,2014,1.65112470228097
Belarus,BLR,2013,0.998719299661161
Belgium,BEL,2025,0.983117967125935
Belgium,BEL,2024,1.09775383828703
Belgium,BEL,2023,1.56125539542029
Belgium,BEL,2022,4.02460852835887
Belgium,BEL,2021,6.25445686466593
Belgium,BEL,2020,-4.7929839083518
Belgium,BEL,2019,2.4428900448156
Belgium,BEL,2018,1.87796847383565
Belgium,BEL,2017,1.47446761556785
Belgium,BEL,2016,1.19350273007754
Belgium,BEL,2015,1.47416433731927
Belgium,BEL,2014,1.76554038149924
Belgium,BEL,2013,0.305494549070232
Belize,BLZ,2025,2.74831731763744
Belize,BLZ,2024,3.50466435023895
Belize,BLZ,2023,0.500127941638667
Belize,BLZ,2022,9.25051329530994
Belize,BLZ,2021,17.9899244143607
Belize,BLZ,2020,-13.5228997055506
Belize,BLZ,2019,4.25658710030072
Belize,BLZ,2018,0.822068592512508
Belize,BLZ,2017,-1.83323729057784
Belize,BLZ,2016,-0.0187414958130319
Belize,BLZ,2015,2.7602602736023
Belize,BLZ,2014,3.89226067249989
Belize,BLZ,2013,4.06646561608865
Benin,BEN,2025,8.07408453688336
Benin,BEN,2024,7.45311566226201
Benin,BEN,2023,6.3527773854442
Benin,BEN,2022,6.25294705373625
Benin,BEN,2021,7.1554516457574
Benin,BEN,2020,3.84879240030133
Benin,BEN,2019,6.86568662848335
Benin,BEN,2018,6.69725362180888
Benin,BEN,2017,5.67156195150444
Benin,BEN,2016,3.33967342629693
Benin,BEN,2015,1.77815106030278
Benin,BEN,2014,6.35767909791932
Benin,BEN,2013,7.19143372144946
Bermuda,BMU,2025,
Bermuda,BMU,2024,1.88822861970388
Bermuda,BMU,2023,4.33447280353832
Bermuda,BMU,2022,6.25695521240877
Bermuda,BMU,2021,4.76497899668355
Bermuda,BMU,2020,-6.97162571479863
Bermuda,BMU,2019,0.307106461240664
Bermuda,BMU,2018,-0.432801300339307
Bermuda,BMU,2017,3.61141983706115
Bermuda,BMU,2016,-0.657206304259205
Bermuda,BMU,2015,0.775529699568978
Bermuda,BMU,2014,-3.70106759364258
Bermuda,BMU,2013,-0.279708545423034
Bhutan,BTN,2025,8.00502716233098
Bhutan,BTN,2024,7.49856206754038
Bhutan,BTN,2023,4.63215702969933
Bhutan,BTN,2022,5.21386783786224
Bhutan,BTN,2021,4.42136738945015
Bhutan,BTN,2020,-10.2183974208569
Bhutan,BTN,2019,5.75514851246506
Bhutan,BTN,2018,3.50187185732737
Bhutan,BTN,2017,2.08684522733067
Bhutan,BTN,2016,8.47594339232963
Bhutan,BTN,2015,6.66080128866197
Bhutan,BTN,2014,5.88108550658288
Bhutan,BTN,2013,1.73634039505693
Bolivia,BOL,2025,-1.58237567348246
Bolivia,BOL,2024,-1.12335595517212
Bolivia,BOL,2023,2.51636590154891
Bolivia,BOL,2022,3.74741781241461
Bolivia,BOL,2021,10.0290488827886
Bolivia,BOL,2020,-12.7194690092717
Bolivia,BOL,2019,1.50672102666863
Bolivia,BOL,2018,2.86808404814794
Bolivia,BOL,2017,4.19520633364647
Bolivia,BOL,2016,4.26392086992173
Bolivia,BOL,2015,4.85718718508603
Bolivia,BOL,2014,5.46056949136766
Bolivia,BOL,2013,6.79601141268498
Bosnia and Herzegovina,BIH,2025,2.12861913138053
Bosnia and Herzegovina,BIH,2024,3.22679979810856
Bosnia and Herzegovina,BIH,2023,1.99439414850893
Bosnia and Herzegovina,BIH,2022,4.22681333390325
Bosnia and Herzegovina,BIH,2021,7.39164256472846
Bosnia and Herzegovina,BIH,2020,-3.01509335460439
Bosnia and Herzegovina,BIH,2019,2.88585242083978
Bosnia and Herzegovina,BIH,2018,3.82900399349064
Bosnia and Herzegovina,BIH,2017,3.24409895306594
Bosnia and Herzegovina,BIH,2016,3.24225822231566
Bosnia and Herzegovina,BIH,2015,4.28413016137854
Bosnia and Herzegovina,BIH,2014,1.15384793371298
Bosnia and Herzegovina,BIH,2013,2.34985873172397
Botswana,BWA,2025,-0.733898323852287
Botswana,BWA,2024,-2.77988981666252
Botswana,BWA,2023,3.20806812224438
Botswana,BWA,2022,5.48601706446772
Botswana,BWA,2021,11.9162724376008
Botswana,BWA,2020,-8.72888243996397
Botswana,BWA,2019,3.0317733945467
Botswana,BWA,2018,4.18869237159223
Botswana,BWA,2017,4.11437856445083
Botswana,BWA,2016,7.20442475914267
Botswana,BWA,2015,-4.85132507409779
Botswana,BWA,2014,5.69714422072884
Botswana,BWA,2013,11.1029068737822
Brazil,BRA,2025,2.2857464902475
Brazil,BRA,2024,3.41931516501906
Brazil,BRA,2023,3.24165532906981
Brazil,BRA,2022,3.01669435393015
Brazil,BRA,2021,4.76260437908608
Brazil,BRA,2020,-3.2767587964736
Brazil,BRA,2019,1.22077782360842
Brazil,BRA,2018,1.783666761634
Brazil,BRA,2017,1.32286905404399
Brazil,BRA,2016,-3.27591690782192
Brazil,BRA,2015,-3.54576339269425
Brazil,BRA,2014,0.503955740242247
Brazil,BRA,2013,3.00482266944432
British Virgin Islands,VGB,2025,
British Virgin Islands,VGB,2024,
British Virgin Islands,VGB,2023,
British Virgin Islands,VGB,2022,
British Virgin Islands,VGB,2021,
British Virgin Islands,VGB,2020,
British Virgin Islands,VGB,2019,
British Virgin Islands,VGB,2018,
British Virgin Islands,VGB,2017,
British Virgin Islands,VGB,2016,
British Virgin Islands,VGB,2015,
British Virgin Islands,VGB,2014,
British Virgin Islands,VGB,2013,
Brunei Darussalam,BRN,2025,0.66956214816436
Brunei Darussalam,BRN,2024,4.05251709306727
Brunei Darussalam,BRN,2023,1.12764418162719
Brunei Darussalam,BRN,2022,-1.62833154515108
Brunei Darussalam,BRN,2021,-1.59076260099606
Brunei Darussalam,BRN,2020,1.1335733495246
Brunei Darussalam,BRN,2019,3.86884436177075
Brunei Darussalam,BRN,2018,0.0523710418528935
Brunei Darussalam,BRN,2017,1.32872661057823
Brunei Darussalam,BRN,2016,-2.47791771833224
Brunei Darussalam,BRN,2015,-0.392383749502031
Brunei Darussalam,BRN,2014,-2.50788727590711
Brunei Darussalam,BRN,2013,-2.12478292664558
Bulgaria,BGR,2025,3.0963663917961
Bulgaria,BGR,2024,3.38708962009333
Bulgaria,BGR,2023,1.68151075832925
Bulgaria,BGR,2022,4.08386398118941
Bulgaria,BGR,2021,7.82817310703665
Bulgaria,BGR,2020,-3.13323543125917
Bulgaria,BGR,2019,3.79331964589196
Bulgaria,BGR,2018,2.33015054210419
Bulgaria,BGR,2017,2.74592737750996
Bulgaria,BGR,2016,3.02662820096305
Bulgaria,BGR,2015,3.39755351999294
Bulgaria,BGR,2014,0.949449772002041
Bulgaria,BGR,2013,-0.542753400392826
Burkina Faso,BFA,2025,5.29461839319283
Burkina Faso,BFA,2024,4.83395810163883
Burkina Faso,BFA,2023,3.00027415814125
Burkina Faso,BFA,2022,1.62673258211919
Burkina Faso,BFA,2021,6.94252492572348
Burkina Faso,BFA,2020,2.01077262406221
Burkina Faso,BFA,2019,5.88920497068135
Burkina Faso,BFA,2018,6.60456906812341
Burkina Faso,BFA,2017,6.20348941121868
Burkina Faso,BFA,2016,5.95797670754024
Burkina Faso,BFA,2015,3.9212287937935
Burkina Faso,BFA,2014,4.32684561452976
Burkina Faso,BFA,2013,5.79258484509867
Burundi,BDI,2025,4.24010529884178
Burundi,BDI,2024,4.11227376394912
Burundi,BDI,2023,3.25476897326196
Burundi,BDI,2022,2.31770122350822
Burundi,BDI,2021,3.23707479372925
Burundi,BDI,2020,0.306443811651718
Burundi,BDI,2019,4.45934202358784
Burundi,BDI,2018,5.34224473186408
Burundi,BDI,2017,3.83185757061784
Burundi,BDI,2016,3.20017470408993
Burundi,BDI,2015,-0.404525595204191
Burundi,BDI,2014,4.24490803087248
Burundi,BDI,2013,4.92392485117456
Cabo Verde,CPV,2025,6.29698518253096
Cabo Verde,CPV,2024,6.98888280991075
Cabo Verde,CPV,2023,4.7947613911073
Cabo Verde,CPV,2022,15.843675684642
Cabo Verde,CPV,2021,7.03353010694514
Cabo Verde,CPV,2020,-20.8052758990735
Cabo Verde,CPV,2019,6.94782634051859
Cabo Verde,CPV,2018,3.70696458310842
Cabo Verde,CPV,2017,4.5513148102974
Cabo Verde,CPV,2016,4.28071482662371
Cabo Verde,CPV,2015,0.936026507808833
Cabo Verde,CPV,2014,0.696666840118581
Cabo Verde,CPV,2013,0.632136727385131
Cambodia,KHM,2025,5.34932084572877
Cambodia,KHM,2024,6.0158145735202
Cambodia,KHM,2023,5.00733043811898
Cambodia,KHM,2022,5.12990110773977
Cambodia,KHM,2021,3.08984284148661
Cambodia,KHM,2020,-3.55572193406549
Cambodia,KHM,2019,7.93695013588524
Cambodia,KHM,2018,8.77622376224463
Cambodia,KHM,2017,8.07503915535979
Cambodia,KHM,2016,7.90550116130704
Cambodia,KHM,2015,7.20703472529512
Cambodia,KHM,2014,8.00032074618566
Cambodia,KHM,2013,7.8574997554252
Cameroon,CMR,2025,3.20000015616144
Cameroon,CMR,2024,3.52472308052245
Cameroon,CMR,2023,3.34756290750219
Cameroon,CMR,2022,3.7367840056412
Cameroon,CMR,2021,3.33885747179505
Cameroon,CMR,2020,0.259932915907115
Cameroon,CMR,2019,3.47505998194981
Cameroon,CMR,2018,3.95551423892049
Cameroon,CMR,2017,3.54117654926007
Cameroon,CMR,2016,4.53579423678801
Cameroon,CMR,2015,5.66695298703932
Cameroon,CMR,2014,5.71981814509198
Cameroon,CMR,2013,4.99552916130783
Canada,CAN,2025,1.74268536175708
Canada,CAN,2024,2.04626605401701
Canada,CAN,2023,1.95308552199025
Canada,CAN,2022,4.69541985045903
Canada,CAN,2021,5.95052804984759
Canada,CAN,2020,-5.03823342794087
Canada,CAN,2019,1.90843193887251
Canada,CAN,2018,2.74296341402246
Canada,CAN,2017,3.03383491841392
Canada,CAN,2016,1.03855091989323
Canada,CAN,2015,0.64997101491096
Canada,CAN,2014,2.87346675579731
Canada,CAN,2013,2.32581356612762
Cayman Islands,CYM,2025,
Cayman Islands,CYM,2024,3.75641197192778
Cayman Islands,CYM,2023,5.80436961198644
Cayman Islands,CYM,2022,5.66079366938135
Cayman Islands,CYM,2021,4.86941655353661
Cayman Islands,CYM,2020,-4.95480696516726
Cayman Islands,CYM,2019,3.91563534249416
Cayman Islands,CYM,2018,4.26726745249641
Cayman Islands,CYM,2017,3.18404592334522
Cayman Islands,CYM,2016,3.23997433895669
Cayman Islands,CYM,2015,2.8331222262961
Cayman Islands,CYM,2014,2.65452798451271
Cayman Islands,CYM,2013,1.27933101999021
Central African Republic,CAF,2025,4.49950000393781
Central African Republic,CAF,2024,1.49999999847535
Central African Republic,CAF,2023,0.69996840076054
Central African Republic,CAF,2022,0.453901876447787
Central African Republic,CAF,2021,0.982919996264229
Central African Republic,CAF,2020,0.899999996857062
Central African Republic,CAF,2019,3.09999999999999
Central African Republic,CAF,2018,3.78944359275462
Central African Republic,CAF,2017,4.52727821346231
Central African Republic,CAF,2016,4.75031684122342
Central African Republic,CAF,2015,4.33712103020231
Central African Republic,CAF,2014,0.0810705153264877
Central African Republic,CAF,2013,-36.3919770983887
Chad,TCD,2025,5.58988021765651
Chad,TCD,2024,4.95210484607125
Chad,TCD,2023,3.99861309461539
Chad,TCD,2022,4.12969897668356
Chad,TCD,2021,0.293442648033434
Chad,TCD,2020,-0.393646582380399
Chad,TCD,2019,5.38282202874814
Chad,TCD,2018,5.74111580758154
Chad,TCD,2017,-1.61746922820204
Chad,TCD,2016,-4.12250332637034
Chad,TCD,2015,3.30415979779805
Chad,TCD,2014,2.06283074361411
Chad,TCD,2013,2.83821524730293
Channel Islands,CHI,2025,
Channel Islands,CHI,2024,
Channel Islands,CHI,2023,3.71500590367266
Channel Islands,CHI,2022,5.34196140375869
Channel Islands,CHI,2021,9.93680136985076
Channel Islands,CHI,2020,-8.89677926591959
Channel Islands,CHI,2019,1.57335596156342
Channel Islands,CHI,2018,1.1222435658518
Channel Islands,CHI,2017,1.80648131383585
Channel Islands,CHI,2016,1.21302407657195
Channel Islands,CHI,2015,0.374367083829384
Channel Islands,CHI,2014,2.42710178482311
Channel Islands,CHI,2013,0.493931120528785
Chile,CHL,2025,2.45925474781374
Chile,CHL,2024,2.80512637106611
Chile,CHL,2023,0.677024831595858
Chile,CHL,2022,2.06391864254198
Chile,CHL,2021,11.3374032409913
Chile,CHL,2020,-6.1396969411886
Chile,CHL,2019,0.644223402631923
Chile,CHL,2018,3.99002947789977
Chile,CHL,2017,1.35769537343957
Chile,CHL,2016,1.753038749071
Chile,CHL,2015,2.15194249981184
Chile,CHL,2014,1.79264947139259
Chile,CHL,2013,3.30850824710085
China,CHN,2025,4.95994886240992
China,CHN,2024,4.95830378788091
China,CHN,2023,5.41600334492955
China,CHN,2022,3.13385438394069
China,CHN,2021,8.57038414981781
China,CHN,2020,2.33950385203023
China,CHN,2019,6.06737806333672
China,CHN,2018,6.757806142324
China,CHN,2017,6.89123916636191
China,CHN,2016,6.7736886867727
China,CHN,2015,6.98162255562367
China,CHN,2014,7.46100735778161
China,CHN,2013,7.77842954757257
Colombia,COL,2025,2.64201548985928
Colombia,COL,2024,1.49330728771066
Colombia,COL,2023,0.841819555752039
Colombia,COL,2022,7.32827729427979
Colombia,COL,2021,10.8011981904878
Colombia,COL,2020,-7.18591413760859
Colombia,COL,2019,3.18685539245533
Colombia,COL,2018,2.56432428277704
Colombia,COL,2017,1.35936086788746
Colombia,COL,2016,2.08738250162794
Colombia,COL,2015,2.95590137527523
Colombia,COL,2014,4.49903000110972
Colombia,COL,2013,5.13399351995672
Comoros,COM,2025,3.7544428489181
Comoros,COM,2024,3.30071498500033
Comoros,COM,2023,3.1866131800554
Comoros,COM,2022,2.45381174550259
Comoros,COM,2021,2.04245238320844
Comoros,COM,2020,-0.195556841918759
Comoros,COM,2019,1.76078023564568
Comoros,COM,2018,3.64245114733689
Comoros,COM,2017,3.81576287489548
Comoros,COM,2016,3.3204465548877
Comoros,COM,2015,1.14735632260047
Comoros,COM,2014,2.10665760321017
Comoros,COM,2013,4.46624729869704
"Congo, Dem. Rep.",COD,2025,5.75924471639999
"Congo, Dem. Rep.",COD,2024,6.1025294442863
"Congo, Dem. Rep.",COD,2023,8.5334898318451
"Congo, Dem. Rep.",COD,2022,9.31116944064918
"Congo, Dem. Rep.",COD,2021,6.42961005647355
"Congo, Dem. Rep.",COD,2020,0.775427992354622
"Congo, Dem. Rep.",COD,2019,0.555384294580819
"Congo, Dem. Rep.",COD,2018,6.07168870646615
"Congo, Dem. Rep.",COD,2017,4.24121047272719
"Congo, Dem. Rep.",COD,2016,0.393832798154563
"Congo, Dem. Rep.",COD,2015,6.35973756164829
"Congo, Dem. Rep.",COD,2014,7.30227750870263
"Congo, Dem. Rep.",COD,2013,17.5159124688348
"Congo, Rep.",COG,2025,3.08292728120063
"Congo, Rep.",COG,2024,2.09998918002519
"Congo, Rep.",COG,2023,1.90686426346754
"Congo, Rep.",COG,2022,1.47535613247133
"Congo, Rep.",COG,2021,1.01507036990908
"Congo, Rep.",COG,2020,-6.26777227963225
"Congo, Rep.",COG,2019,1.12447391976529
"Congo, Rep.",COG,2018,-2.30431780125842
"Congo, Rep.",COG,2017,-5.59477371915547
"Congo, Rep.",COG,2016,-8.68524343913786
"Congo, Rep.",COG,2015,0.415193061293763
"Congo, Rep.",COG,2014,6.64606540928447
"Congo, Rep.",COG,2013,-0.712434451876447
Costa Rica,CRI,2025,4.56033547844829
Costa Rica,CRI,2024,4.08292444182048
Costa Rica,CRI,2023,4.79187732359398
Costa Rica,CRI,2022,5.46119455235068
Costa Rica,CRI,2021,8.21817953969082
Costa Rica,CRI,2020,-4.14159340574358
Costa Rica,CRI,2019,2.70813912948329
Costa Rica,CRI,2018,2.85285959760458
Costa Rica,CRI,2017,4.15769914676933
Costa Rica,CRI,2016,4.20432320775184
Costa Rica,CRI,2015,3.65208093006359
Costa Rica,CRI,2014,3.54210997703849
Costa Rica,CRI,2013,2.49476596233289
Cote d'Ivoire,CIV,2025,6.4999999999999
Cote d'Ivoire,CIV,2024,6.0195346193922
Cote d'Ivoire,CIV,2023,6.60000045209176
Cote d'Ivoire,CIV,2022,6.39988362730921
Cote d'Ivoire,CIV,2021,7.06253713446816
Cote d'Ivoire,CIV,2020,0.699728593494228
Cote d'Ivoire,CIV,2019,6.72137167584978
Cote d'Ivoire,CIV,2018,4.84314605889178
Cote d'Ivoire,CIV,2017,7.41076242592504
Cote d'Ivoire,CIV,2016,7.17275963956332
Cote d'Ivoire,CIV,2015,7.19494942728191
Cote d'Ivoire,CIV,2014,9.37199994240375
Cote d'Ivoire,CIV,2013,10.7602131311256
Croatia,HRV,2025,3.40307537181749
Croatia,HRV,2024,3.82578440126859
Croatia,HRV,2023,3.76204092717136
Croatia,HRV,2022,7.29479114889533
Croatia,HRV,2021,12.6312741312741
Croatia,HRV,2020,-8.31046995309319
Croatia,HRV,2019,3.10247285336254
Croatia,HRV,2018,2.91107146210912
Croatia,HRV,2017,3.2840626939789
Croatia,HRV,2016,3.46613146011039
Croatia,HRV,2015,2.32056679330526
Croatia,HRV,2014,-0.559537666687092
Croatia,HRV,2013,-0.132561080066893
Cuba,CUB,2025,
Cuba,CUB,2024,-1.06173273220524
Cuba,CUB,2023,-1.92937123169681
Cuba,CUB,2022,1.77465227724316
Cuba,CUB,2021,1.25448735650322
Cuba,CUB,2020,-10.9494359030206
Cuba,CUB,2019,-0.163087223606624
Cuba,CUB,2018,2.24794852913217
Cuba,CUB,2017,1.80979178380274
Cuba,CUB,2016,0.512843095700745
Cuba,CUB,2015,4.4383335888395
Cuba,CUB,2014,1.04757663187654
Cuba,CUB,2013,2.74760256257211
Curacao,CUW,2025,
Curacao,CUW,2024,5.02690015475606
Curacao,CUW,2023,4.20199929761131
Curacao,CUW,2022,6.90600055461097
Curacao,CUW,2021,4.18371018614259
Curacao,CUW,2020,-18.4384696124769
Curacao,CUW,2019,-3.20613230348162
Curacao,CUW,2018,-2.10411133101029
Curacao,CUW,2017,-1.2762081008495
Curacao,CUW,2016,-1.06770848655277
Curacao,CUW,2015,0.458151544160046
Curacao,CUW,2014,-0.637397373327133
Curacao,CUW,2013,-0.635696907591139
Cyprus,CYP,2025,3.77325347982725
Cyprus,CYP,2024,3.94076934447787
Cyprus,CYP,2023,3.62045368236082
Cyprus,CYP,2022,8.73854684881674
Cyprus,CYP,2021,11.3975590801512
Cyprus,CYP,2020,-3.22063018637567
Cyprus,CYP,2019,5.87559583386607
Cyprus,CYP,2018,6.27166360056404
Cyprus,CYP,2017,5.75083236554525
Cyprus,CYP,2016,6.57359080924678
Cyprus,CYP,2015,3.41892038889013
Cyprus,CYP,2014,-1.77605867728616
Cyprus,CYP,2013,-6.58747751118347
Czechia,CZE,2025,2.58046673293437
Czechia,CZE,2024,1.25131096245923
Czechia,CZE,2023,0.0475803308973752
Czechia,CZE,2022,2.8471706583814
Czechia,CZE,2021,4.02901832055149
Czechia,CZE,2020,-5.30487955463876
Czechia,CZE,2019,3.56577658128261
Czechia,CZE,2018,2.83030588267866
Czechia,CZE,2017,5.17356529967881
Czechia,CZE,2016,2.58087013921376
Czechia,CZE,2015,4.95875848915604
Czechia,CZE,2014,2.24521219862635
Czechia,CZE,2013,-0.0418124160447491
Denmark,DNK,2025,2.92843280014236
Denmark,DNK,2024,3.47783593140312
Denmark,DNK,2023,0.604587766175584
Denmark,DNK,2022,0.443832614908331
Denmark,DNK,2021,6.50025445756295
Denmark,DNK,2020,-1.78010601831291
Denmark,DNK,2019,1.71140093932736
Denmark,DNK,2018,1.8600074900921
Denmark,DNK,2017,3.05647723922718
Denmark,DNK,2016,3.07304549209093
Denmark,DNK,2015,2.10441456445301
Denmark,DNK,2014,1.27799983192831
Denmark,DNK,2013,1.39267343161971
Djibouti,DJI,2025,6.4954610524268
Djibouti,DJI,2024,6.98048467276334
Djibouti,DJI,2023,6.80733529403308
Djibouti,DJI,2022,5.16653702854374
Djibouti,DJI,2021,4.40715667561153
Djibouti,DJI,2020,1.2021151728969
Djibouti,DJI,2019,5.54508081154978
Djibouti,DJI,2018,4.77433934943193
Djibouti,DJI,2017,5.458091517212
Djibouti,DJI,2016,7.1234323372872
Djibouti,DJI,2015,7.30898563450799
Djibouti,DJI,2014,7.19298728463697
Djibouti,DJI,2013,
Dominica,DMA,2025,3.05243763087539
Dominica,DMA,2024,2.052738472526
Dominica,DMA,2023,3.65221012208734
Dominica,DMA,2022,10.3968076616121
Dominica,DMA,2021,5.37983838954712
Dominica,DMA,2020,-15.7064024545862
Dominica,DMA,2019,3.94809757938053
Dominica,DMA,2018,2.964010610466
Dominica,DMA,2017,-7.5443637547282
Dominica,DMA,2016,1.44724556489263
Dominica,DMA,2015,-3.37338262476895
Dominica,DMA,2014,2.33521742067693
Dominica,DMA,2013,0.0045039972976042
Dominican Republic,DOM,2025,2.11739113534632
Dominican Republic,DOM,2024,4.95352204492849
Dominican Republic,DOM,2023,2.19229848237939
Dominican Republic,DOM,2022,5.23795652902595
Dominican Republic,DOM,2021,14.0124289062207
Dominican Republic,DOM,2020,-7.92905234231061
Dominican Republic,DOM,2019,4.8940301149584
Dominican Republic,DOM,2018,7.09751640210159
Dominican Republic,DOM,2017,3.93386176401576
Dominican Republic,DOM,2016,6.71974078681295
Dominican Republic,DOM,2015,6.98771131236387
Dominican Republic,DOM,2014,7.11122629673892
Dominican Republic,DOM,2013,4.93473300709881
Ecuador,ECU,2025,3.72594857272087
Ecuador,ECU,2024,-1.94409022506859
Ecuador,ECU,2023,1.8328406107788
Ecuador,ECU,2022,5.86842354862311
Ecuador,ECU,2021,9.42189269033631
Ecuador,ECU,2020,-9.24509619165865
Ecuador,ECU,2019,0.1654044646003
Ecuador,ECU,2018,1.04429460679607
Ecuador,ECU,2017,5.97039880954841
Ecuador,ECU,2016,-0.687954245877947
Ecuador,ECU,2015,0.119692109287612
Ecuador,ECU,2014,4.22606520388456
Ecuador,ECU,2013,7.21123653679159
"Egypt, Arab Rep.",EGY,2025,4.39201068570188
"Egypt, Arab Rep.",EGY,2024,2.3991692678251
"Egypt, Arab Rep.",EGY,2023,3.76028052279247
"Egypt, Arab Rep.",EGY,2022,6.58784560870467
"Egypt, Arab Rep.",EGY,2021,3.29064601193245
"Egypt, Arab Rep.",EGY,2020,3.55016483883115
"Egypt, Arab Rep.",EGY,2019,5.55209307084222
"Egypt, Arab Rep.",EGY,2018,5.33110861887155
"Egypt, Arab Rep.",EGY,2017,4.18122099961562
"Egypt, Arab Rep.",EGY,2016,4.34664345601914
"Egypt, Arab Rep.",EGY,2015,4.37201907781687
"Egypt, Arab Rep.",EGY,2014,2.91591188052836
"Egypt, Arab Rep.",EGY,2013,2.18546605363386
El Salvador,SLV,2025,3.90594189242583
El Salvador,SLV,2024,2.5904637107794
El Salvador,SLV,2023,3.35508721646165
El Salvador,SLV,2022,2.9546041089332
El Salvador,SLV,2021,11.9047617015957
El Salvador,SLV,2020,-7.893101359867
El Salvador,SLV,2019,2.43747159065784
El Salvador,SLV,2018,2.4124442237792
El Salvador,SLV,2017,2.24761908134138
El Salvador,SLV,2016,2.53906241135864
El Salvador,SLV,2015,2.40000008852115
El Salvador,SLV,2014,1.70870628357073
El Salvador,SLV,2013,2.23562439198375
Equatorial Guinea,GNQ,2025,-5.84678505700693
Equatorial Guinea,GNQ,2024,0.39622552095193
Equatorial Guinea,GNQ,2023,-7.4250553172124
Equatorial Guinea,GNQ,2022,3.22350831658598
Equatorial Guinea,GNQ,2021,0.860269956382069
Equatorial Guinea,GNQ,2020,-4.79108083383294
Equatorial Guinea,GNQ,2019,-5.48182537893445
Equatorial Guinea,GNQ,2018,-6.23654406734575
Equatorial Guinea,GNQ,2017,-5.66750850486686
Equatorial Guinea,GNQ,2016,-8.81641723219757
Equatorial Guinea,GNQ,2015,-9.11004114881537
Equatorial Guinea,GNQ,2014,0.415066301596866
Equatorial Guinea,GNQ,2013,-4.13319850131583
Eritrea,ERI,2025,
Eritrea,ERI,2024,
Eritrea,ERI,2023,
Eritrea,ERI,2022,
Eritrea,ERI,2021,
Eritrea,ERI,2020,
Eritrea,ERI,2019,
Eritrea,ERI,2018,
Eritrea,ERI,2017,
Eritrea,ERI,2016,
Eritrea,ERI,2015,
Eritrea,ERI,2014,
Eritrea,ERI,2013,
Estonia,EST,2025,0.584308464789387
Estonia,EST,2024,-0.0900428648493801
Estonia,EST,2023,-2.74421914571231
Estonia,EST,2022,-1.22616966587796
Estonia,EST,2021,8.25488044580031
Estonia,EST,2020,-2.88380751483778
Estonia,EST,2019,3.72664943466884
Estonia,EST,2018,3.69969756161726
Estonia,EST,2017,5.63467248963991
Estonia,EST,2016,3.09301920751959
Estonia,EST,2015,1.83815262882932
Estonia,EST,2014,3.32278988182702
Estonia,EST,2013,1.75649379621869
Eswatini,SWZ,2025,4.1939175580556
Eswatini,SWZ,2024,3.03162462475916
Eswatini,SWZ,2023,3.53257662836211
Eswatini,SWZ,2022,0.386070835562705
Eswatini,SWZ,2021,4.23621913615419
Eswatini,SWZ,2020,-2.95183453409287
Eswatini,SWZ,2019,6.43186888691574
Eswatini,SWZ,2018,0.0653956557843571
Eswatini,SWZ,2017,3.52095345987983
Eswatini,SWZ,2016,2.94916821059911
Eswatini,SWZ,2015,1.70425806017289
Eswatini,SWZ,2014,2.05738179246586
Eswatini,SWZ,2013,4.09458522119226
Ethiopia,ETH,2025,9.7715182202934
Ethiopia,ETH,2024,7.61277447616879
Ethiopia,ETH,2023,6.59424599054353
Ethiopia,ETH,2022,5.32175988485454
Ethiopia,ETH,2021,5.64153069324176
Ethiopia,ETH,2020,6.05953089248577
Ethiopia,ETH,2019,8.36408573111346
Ethiopia,ETH,2018,6.81614778557282
Ethiopia,ETH,2017,9.56418965754014
Ethiopia,ETH,2016,9.43348265981905
Ethiopia,ETH,2015,10.3924630141307
Ethiopia,ETH,2014,10.2574929627477
Ethiopia,ETH,2013,10.5822700502552
Faroe Islands,FRO,2025,
Faroe Islands,FRO,2024,0.843716851362103
Faroe Islands,FRO,2023,3.15873872329266
Faroe Islands,FRO,2022,3.86099981669155
Faroe Islands,FRO,2021,5.06636291600633
Faroe Islands,FRO,2020,-1.63732118017028
Faroe Islands,FRO,2019,4.53851028676189
Faroe Islands,FRO,2018,2.76370952267429
Faroe Islands,FRO,2017,3.51201367488443
Faroe Islands,FRO,2016,1.38644795938293
Faroe Islands,FRO,2015,0.958001934486234
Faroe Islands,FRO,2014,5.43214206841004
Faroe Islands,FRO,2013,5.85614389735763
Fiji,FJI,2025,3.19546862124029
Fiji,FJI,2024,3.53085896076352
Fiji,FJI,2023,9.44245856738313
Fiji,FJI,2022,17.7451269773594
Fiji,FJI,2021,-4.3459619989752
Fiji,FJI,2020,-17.1835352599354
Fiji,FJI,2019,-0.581946590349759
Fiji,FJI,2018,3.812350939512
Fiji,FJI,2017,5.35336434979577
Fiji,FJI,2016,2.44565202449249
Fiji,FJI,2015,4.50120064471365
Fiji,FJI,2014,5.60351397766961
Fiji,FJI,2013,4.7342203729816
Finland,FIN,2025,0.173444509584499
Finland,FIN,2024,0.374566568538427
Finland,FIN,2023,-1.28973484453397
Finland,FIN,2022,0.763041912763526
Finland,FIN,2021,2.67634641498897
Finland,FIN,2020,-2.49103605535707
Finland,FIN,2019,1.34973845741737
Finland,FIN,2018,1.19297759742292
Finland,FIN,2017,3.30337003591039
Finland,FIN,2016,2.57193414898754
Finland,FIN,2015,0.466503766322674
Finland,FIN,2014,-0.4780684247837
Finland,FIN,2013,-0.979741024949618
France,FRA,2025,0.840949955479587
France,FRA,2024,1.19046798275883
France,FRA,2023,1.43921494437743
France,FRA,2022,2.71676264185913
France,FRA,2021,6.88233783360239
France,FRA,2020,-7.44064589948231
France,FRA,2019,2.02744646419237
France,FRA,2018,1.64590872395887
France,FRA,2017,2.08361485997399
France,FRA,2016,0.860031075424033
France,FRA,2015,1.06675474783462
France,FRA,2014,0.997832947295251
France,FRA,2013,0.781756446231
French Polynesia,PYF,2025,
French Polynesia,PYF,2024,1.12638897730247
French Polynesia,PYF,2023,2.77284077155413
French Polynesia,PYF,2022,2.9373470716322
French Polynesia,PYF,2021,3.36590242421546
French Polynesia,PYF,2020,-10.5738138632489
French Polynesia,PYF,2019,2.68946658143334
French Polynesia,PYF,2018,1.80687498305207
French Polynesia,PYF,2017,4.29263363103487
French Polynesia,PYF,2016,2.30219823670438
French Polynesia,PYF,2015,1.80334081452726
French Polynesia,PYF,2014,0.593554452942286
French Polynesia,PYF,2013,0.398801414346934
Gabon,GAB,2025,2.47287961498321
Gabon,GAB,2024,3.39403899521831
Gabon,GAB,2023,2.43893665041031
Gabon,GAB,2022,3.03761449525692
Gabon,GAB,2021,1.46795731508091
Gabon,GAB,2020,-1.8377610635094
Gabon,GAB,2019,3.92080879452831
Gabon,GAB,2018,0.83791658082157
Gabon,GAB,2017,0.472642030911146
Gabon,GAB,2016,2.09144220829562
Gabon,GAB,2015,3.8788993950789
Gabon,GAB,2014,4.31496444107469
Gabon,GAB,2013,5.63869900338696
"Gambia, The",GMB,2025,5.89309208233146
"Gambia, The",GMB,2024,5.55126065805138
"Gambia, The",GMB,2023,5.91679576551141
"Gambia, The",GMB,2022,5.49299823010114
"Gambia, The",GMB,2021,5.25596878816744
"Gambia, The",GMB,2020,0.591487287873974
"Gambia, The",GMB,2019,6.22205315994859
"Gambia, The",GMB,2018,7.23489033258579
"Gambia, The",GMB,2017,4.8226112492757
"Gambia, The",GMB,2016,1.94335965478776
"Gambia, The",GMB,2015,4.0580738039996
"Gambia, The",GMB,2014,-1.40738249510954
"Gambia, The",GMB,2013,2.872768790327
Georgia,GEO,2025,7.46161504152039
Georgia,GEO,2024,9.67979379712661
Georgia,GEO,2023,7.83220126555726
Georgia,GEO,2022,10.9585321385624
Georgia,GEO,2021,10.6442336580969
Georgia,GEO,2020,-6.2904717853839
Georgia,GEO,2019,5.38071926589951
Georgia,GEO,2018,6.062036412677
Georgia,GEO,2017,5.15990261658827
Georgia,GEO,2016,3.45021517996871
Georgia,GEO,2015,3.35102350265353
Georgia,GEO,2014,4.09049059581743
Georgia,GEO,2013,5.13288531209382
Germany,DEU,2025,0.239578342117881
Germany,DEU,2024,-0.495851897260366
Germany,DEU,2023,-0.869647578573321
Germany,DEU,2022,1.8092581243061
Germany,DEU,2021,3.90999994204108
Germany,DEU,2020,-4.13191443239947
Germany,DEU,2019,0.977734697038784
Germany,DEU,2018,1.13569604599849
Germany,DEU,2017,2.797906720551
Germany,DEU,2016,2.22222216259371
Germany,DEU,2015,1.66300602334775
Germany,DEU,2014,2.18018602168017
Germany,DEU,2013,0.396995583779145
Ghana,GHA,2025,5.95441714756899
Ghana,GHA,2024,5.84746854280382
Ghana,GHA,2023,3.14009100080186
Ghana,GHA,2022,3.80484978178042
Ghana,GHA,2021,5.07646643533542
Ghana,GHA,2020,0.513941670628171
Ghana,GHA,2019,6.5077747939152
Ghana,GHA,2018,6.20007768127284
Ghana,GHA,2017,8.12889488100956
Ghana,GHA,2016,3.37346574966936
Ghana,GHA,2015,2.12075933817334
Ghana,GHA,2014,2.85624016330883
Ghana,GHA,2013,7.31252501678145
Gibraltar,GIB,2025,
Gibraltar,GIB,2024,
Gibraltar,GIB,2023,
Gibraltar,GIB,2022,
Gibraltar,GIB,2021,
Gibraltar,GIB,2020,
Gibraltar,GIB,2019,
Gibraltar,GIB,2018,
Gibraltar,GIB,2017,
Gibraltar,GIB,2016,
Gibraltar,GIB,2015,
Gibraltar,GIB,2014,
Gibraltar,GIB,2013,
Greece,GRC,2025,2.07306882481713
Greece,GRC,2024,2.0865743380603
Greece,GRC,2023,2.13591131996631
Greece,GRC,2022,5.52198580589408
Greece,GRC,2021,8.65449786002131
Greece,GRC,2020,-9.19623149726978
Greece,GRC,2019,2.27718065334808
Greece,GRC,2018,2.06467207892409
Greece,GRC,2017,1.47312472702352
Greece,GRC,2016,-0.0317947678412054
Greece,GRC,2015,-0.228301892172851
Greece,GRC,2014,0.792225060962835
Greece,GRC,2013,-2.27211699888024
Greenland,GRL,2025,
Greenland,GRL,2024,
Greenland,GRL,2023,0.865961986998158
Greenland,GRL,2022,2.00455580865604
Greenland,GRL,2021,1.63409410992996
Greenland,GRL,2020,0.250789762104304
Greenland,GRL,2019,2.83217756798683
Greenland,GRL,2018,0.62306542854094
Greenland,GRL,2017,0.0527281828800312
Greenland,GRL,2016,4.68195410972302
Greenland,GRL,2015,-2.52931802394475
Greenland,GRL,2014,4.7421356730152
Greenland,GRL,2013,-1.29828069335511
Grenada,GRD,2025,4.41201
Grenada,GRD,2024,2.3996478454327
Grenada,GRD,2023,4.52657497450693
Grenada,GRD,2022,7.31023806981959
Grenada,GRD,2021,4.6977240232674
Grenada,GRD,2020,-13.7566222572107
Grenada,GRD,2019,0.676511738873756
Grenada,GRD,2018,4.36144039364797
Grenada,GRD,2017,4.43867566948151
Grenada,GRD,2016,3.7396039558691
Grenada,GRD,2015,6.44522314693144
Grenada,GRD,2014,7.34212396037948
Grenada,GRD,2013,2.35109801677905
Guam,GUM,2025,
Guam,GUM,2024,
Guam,GUM,2023,
Guam,GUM,2022,5.09986426216793
Guam,GUM,2021,2.0581832574708
Guam,GUM,2020,-10.5188595714539
Guam,GUM,2019,2.52360203340596
Guam,GUM,2018,-0.828231904933389
Guam,GUM,2017,0.890099909173486
Guam,GUM,2016,0.18198362147406
Guam,GUM,2015,0.825688073394488
Guam,GUM,2014,1.79305192379529
Guam,GUM,2013,1.69040835707501
Guatemala,GTM,2025,4.28003207921405
Guatemala,GTM,2024,3.71558453779777
Guatemala,GTM,2023,3.52430434049013
Guatemala,GTM,2022,4.15492196609047
Guatemala,GTM,2021,8.04170398855833
Guatemala,GTM,2020,-1.78555117570465
Guatemala,GTM,2019,4.01789830861587
Guatemala,GTM,2018,3.40687328176345
Guatemala,GTM,2017,3.0798512212244
Guatemala,GTM,2016,2.6778031930216
Guatemala,GTM,2015,4.09217170075418
Guatemala,GTM,2014,4.44397825774911
Guatemala,GTM,2013,3.69476814623695
Guinea,GIN,2025,7.44709668357611
Guinea,GIN,2024,5.35004659049265
Guinea,GIN,2023,5.54172668627702
Guinea,GIN,2022,3.97240784200721
Guinea,GIN,2021,5.5823328114905
Guinea,GIN,2020,4.70459096113575
Guinea,GIN,2019,5.61691446889876
Guinea,GIN,2018,6.35849192736715
Guinea,GIN,2017,10.3000053427355
Guinea,GIN,2016,10.82062719659
Guinea,GIN,2015,3.82591056949435
Guinea,GIN,2014,3.69655311664086
Guinea,GIN,2013,3.94568708624053
Guinea-Bissau,GNB,2025,5.81813762310792
Guinea-Bissau,GNB,2024,4.40920107183611
Guinea-Bissau,GNB,2023,4.63052364601562
Guinea-Bissau,GNB,2022,5.45776090019501
Guinea-Bissau,GNB,2021,5.0173096003907
Guinea-Bissau,GNB,2020,2.89149979806913
Guinea-Bissau,GNB,2019,5.32749571119344
Guinea-Bissau,GNB,2018,3.76145359637003
Guinea-Bissau,GNB,2017,4.66367943913264
Guinea-Bissau,GNB,2016,5.4326782650304
Guinea-Bissau,GNB,2015,6.1340893623123
Guinea-Bissau,GNB,2014,0.964525745841428
Guinea-Bissau,GNB,2013,3.25607190852087
Guyana,GUY,2025,19.3360097091818
Guyana,GUY,2024,43.8192726391966
Guyana,GUY,2023,33.795011115873
Guyana,GUY,2022,63.3346343654855
Guyana,GUY,2021,20.0599975568418
Guyana,GUY,2020,43.479651716849
Guyana,GUY,2019,5.35284003535665
Guyana,GUY,2018,4.44091288475967
Guyana,GUY,2017,3.73449154571284
Guyana,GUY,2016,3.80745626378814
Guyana,GUY,2015,0.687404590619494
Guyana,GUY,2014,1.68649445019584
Guyana,GUY,2013,3.65338433338232
Haiti,HTI,2025,-2.71291075761471
Haiti,HTI,2024,-4.18495104762965
Haiti,HTI,2023,-1.86388420254838
Haiti,HTI,2022,-1.68198396897978
Haiti,HTI,2021,-1.79823988931486
Haiti,HTI,2020,-3.30550546965893
Haiti,HTI,2019,-1.72309699839232
Haiti,HTI,2018,1.66781095484656
Haiti,HTI,2017,2.51027134544685
Haiti,HTI,2016,1.81246807847532
Haiti,HTI,2015,1.40000000859727
Haiti,HTI,2014,2.88877250863379
Haiti,HTI,2013,4.32478411472874
Honduras,HND,2025,3.75143102801252
Honduras,HND,2024,3.63240745450875
Honduras,HND,2023,3.57584760454412
Honduras,HND,2022,4.14356194013767
Honduras,HND,2021,12.5652843771279
Honduras,HND,2020,-8.96508223267296
Honduras,HND,2019,2.55963434592314
Honduras,HND,2018,3.84499476966735
Honduras,HND,2017,4.84291391050387
Honduras,HND,2016,3.89297219726413
Honduras,HND,2015,3.84007997093951
Honduras,HND,2014,3.0580805621437
Honduras,HND,2013,2.79155975746801
"Hong Kong SAR, China",HKG,2025,3.48764886355949
"Hong Kong SAR, China",HKG,2024,2.62936861207362
"Hong Kong SAR, China",HKG,2023,3.15034461759902
"Hong Kong SAR, China",HKG,2022,-3.68528359281325
"Hong Kong SAR, China",HKG,2021,6.45443038333934
"Hong Kong SAR, China",HKG,2020,-6.54479640529367
"Hong Kong SAR, China",HKG,2019,-1.67242865968056
"Hong Kong SAR, China",HKG,2018,2.84690922660509
"Hong Kong SAR, China",HKG,2017,3.79610937243891
"Hong Kong SAR, China",HKG,2016,2.17544820327555
"Hong Kong SAR, China",HKG,2015,2.38780116013344
"Hong Kong SAR, China",HKG,2014,2.76241378329884
"Hong Kong SAR, China",HKG,2013,3.10155262780289
Hungary,HUN,2025,0.509542309726868
Hungary,HUN,2024,0.709070599066038
Hungary,HUN,2023,-0.817107370513455
Hungary,HUN,2022,4.15238057779229
Hungary,HUN,2021,7.22291580811137
Hungary,HUN,2020,-4.33872540024058
Hungary,HUN,2019,5.07718495088933
Hungary,HUN,2018,5.60613813768876
Hungary,HUN,2017,4.12418389451805
Hungary,HUN,2016,2.43864141309342
Hungary,HUN,2015,3.65981615406955
Hungary,HUN,2014,4.33435364113967
Hungary,HUN,2013,2.03216990678146
Iceland,ISL,2025,1.27946207863934
Iceland,ISL,2024,-1.2828764442695
Iceland,ISL,2023,5.0322597376242
Iceland,ISL,2022,8.85729897856851
Iceland,ISL,2021,5.18057190719905
Iceland,ISL,2020,-6.64587810456635
Iceland,ISL,2019,1.13821227336888
Iceland,ISL,2018,4.66077036232377
Iceland,ISL,2017,3.48506704155555
Iceland,ISL,2016,6.21808764670307
Iceland,ISL,2015,3.76859020213645
Iceland,ISL,2014,1.91381613095174
Iceland,ISL,2013,3.59695697128252
India,IND,2025,7.56666179284244
India,IND,2024,7.09927893176518
India,IND,2023,7.210224629335
India,IND,2022,7.6093649776932
India,IND,2021,9.68959249191741
India,IND,2020,-5.77772470687303
India,IND,2019,3.87143694070524
India,IND,2018,6.45385134495295
India,IND,2017,6.79538341902422
India,IND,2016,8.25630550176662
India,IND,2015,7.99625378567987
India,IND,2014,7.41022760516977
India,IND,2013,6.38610640091713
Indonesia,IDN,2025,5.10808904438025
Indonesia,IDN,2024,5.03257477088519
Indonesia,IDN,2023,5.04883117855516
Indonesia,IDN,2022,5.30719722664799
Indonesia,IDN,2021,3.70288562827751
Indonesia,IDN,2020,-2.06551182934165
Indonesia,IDN,2019,5.01928768046282
Indonesia,IDN,2018,5.17429153955024
Indonesia,IDN,2017,5.06978590134916
Indonesia,IDN,2016,5.03306918280177
Indonesia,IDN,2015,4.87632230022123
Indonesia,IDN,2014,5.006668425755
Indonesia,IDN,2013,5.5572636889101
"Iran, Islamic Rep.",IRN,2025,-2.82597163290347
"Iran, Islamic Rep.",IRN,2024,3.66312057949303
"Iran, Islamic Rep.",IRN,2023,5.33235116079808
"Iran, Islamic Rep.",IRN,2022,4.35281087521344
"Iran, Islamic Rep.",IRN,2021,4.13089685034471
"Iran, Islamic Rep.",IRN,2020,4.44180865358672
"Iran, Islamic Rep.",IRN,2019,-2.36143538770575
"Iran, Islamic Rep.",IRN,2018,-3.74796015711334
"Iran, Islamic Rep.",IRN,2017,3.02685468694025
"Iran, Islamic Rep.",IRN,2016,8.8150866425182
"Iran, Islamic Rep.",IRN,2015,-1.42488493937503
"Iran, Islamic Rep.",IRN,2014,4.98477506709476
"Iran, Islamic Rep.",IRN,2013,-1.52197920494184
Iraq,IRQ,2025,-2.15574219066178
Iraq,IRQ,2024,-1.54525198319173
Iraq,IRQ,2023,0.517705525140073
Iraq,IRQ,2022,7.95904804990212
Iraq,IRQ,2021,1.5021807095434
Iraq,IRQ,2020,-12.0367930960454
Iraq,IRQ,2019,5.5137905789381
Iraq,IRQ,2018,2.63385099105624
Iraq,IRQ,2017,-1.81975035118309
Iraq,IRQ,2016,13.7873730187089
Iraq,IRQ,2015,2.60676642939541
Iraq,IRQ,2014,2.26368817563613
Iraq,IRQ,2013,7.62828592298754
Ireland,IRL,2025,12.3375990291434
Ireland,IRL,2024,2.59946721553708
Ireland,IRL,2023,-2.53637409313261
Ireland,IRL,2022,7.51113888415304
Ireland,IRL,2021,16.2581881158197
Ireland,IRL,2020,7.15369505735335
Ireland,IRL,2019,4.97288003766816
Ireland,IRL,2018,7.68865937437435
Ireland,IRL,2017,10.1088576065965
Ireland,IRL,2016,1.22271661130947
Ireland,IRL,2015,24.6239856364006
Ireland,IRL,2014,9.38579335130922
Ireland,IRL,2013,2.1929375750029
Isle of Man,IMN,2025,
Isle of Man,IMN,2024,
Isle of Man,IMN,2023,-2.03524496955581
Isle of Man,IMN,2022,-4.16847722466753
Isle of Man,IMN,2021,3.83783632334639
Isle of Man,IMN,2020,-8.83681697473475
Isle of Man,IMN,2019,0.254877847398262
Isle of Man,IMN,2018,2.2133975392251
Isle of Man,IMN,2017,2.83775807093689
Isle of Man,IMN,2016,6.95230284899407
Isle of Man,IMN,2015,-0.385866882198087
Isle of Man,IMN,2014,5.15509983748599
Isle of Man,IMN,2013,4.14186158753493
Israel,ISR,2025,2.93114966387968
Israel,ISR,2024,0.953618469238535
Israel,ISR,2023,2.06272504731618
Israel,ISR,2022,6.36407234798706
Israel,ISR,2021,9.33534690236249
Israel,ISR,2020,-1.80206927953466
Israel,ISR,2019,3.57898762923605
Israel,ISR,2018,4.05349952888294
Israel,ISR,2017,4.34394518932547
Israel,ISR,2016,4.53601939236572
Israel,ISR,2015,2.23599889603805
Israel,ISR,2014,3.718144149431
Israel,ISR,2013,4.09013743330735
Italy,ITA,2025,0.539583636778445
Italy,ITA,2024,0.783039135276795
Italy,ITA,2023,0.922796543670316
Italy,ITA,2022,4.82117669913565
Italy,ITA,2021,8.93106210800055
Italy,ITA,2020,-8.86822122185345
Italy,ITA,2019,0.429162533780342
Italy,ITA,2018,0.826646712344115
Italy,ITA,2017,1.60369995294101
Italy,ITA,2016,1.23622108511661
Italy,ITA,2015,0.885667635240807
Italy,ITA,2014,-0.00138761730454462
Italy,ITA,2013,-1.81802510749792
Jamaica,JAM,2025,0.0816454877745656
Jamaica,JAM,2024,-0.535039063867487
Jamaica,JAM,2023,2.74634433906714
Jamaica,JAM,2022,6.43930323656186
Jamaica,JAM,2021,5.70467978309095
Jamaica,JAM,2020,-8.30441923583135
Jamaica,JAM,2019,1.80943147301357
Jamaica,JAM,2018,2.51584458612513
Jamaica,JAM,2017,2.29303371291363
Jamaica,JAM,2016,2.76043761369557
Jamaica,JAM,2015,0.92148712399856
Jamaica,JAM,2014,0.689822359762587
Jamaica,JAM,2013,0.517686011311724
Japan,JPN,2025,1.19311288444599
Japan,JPN,2024,-0.240084236041696
Japan,JPN,2023,0.720785304749811
Japan,JPN,2022,1.33164750653741
Japan,JPN,2021,3.56419531474475
Japan,JPN,2020,-4.28327942675573
Japan,JPN,2019,-0.308496921143259
Japan,JPN,2018,0.834143845965585
Japan,JPN,2017,1.62345062245441
Japan,JPN,2016,0.704986495111257
Japan,JPN,2015,1.79997735783475
Japan,JPN,2014,0.905915486065865
Japan,JPN,2013,1.99727653399265
Jordan,JOR,2025,2.82660839845745
Jordan,JOR,2024,2.55605891810194
Jordan,JOR,2023,3.12900102017251
Jordan,JOR,2022,2.7468615450031
Jordan,JOR,2021,3.75201276755828
Jordan,JOR,2020,-1.15257534158022
Jordan,JOR,2019,1.85633006592765
Jordan,JOR,2018,1.85383415616927
Jordan,JOR,2017,2.50770398070352
Jordan,JOR,2016,2.11166806967252
Jordan,JOR,2015,2.52261671092148
Jordan,JOR,2014,3.32287328047509
Jordan,JOR,2013,2.72311205964112
Kazakhstan,KAZ,2025,6.5
Kazakhstan,KAZ,2024,4.99999999996936
Kazakhstan,KAZ,2023,5.09999999973641
Kazakhstan,KAZ,2022,3.19999999970734
Kazakhstan,KAZ,2021,4.29999999729456
Kazakhstan,KAZ,2020,-2.49999999628
Kazakhstan,KAZ,2019,4.50000000091883
Kazakhstan,KAZ,2018,4.09999999309841
Kazakhstan,KAZ,2017,4.10000000257358
Kazakhstan,KAZ,2016,1.09999999910173
Kazakhstan,KAZ,2015,1.20000000053288
Kazakhstan,KAZ,2014,4.20000000566705
Kazakhstan,KAZ,2013,5.99999999671084
Kenya,KEN,2025,4.63261093844984
Kenya,KEN,2024,4.66019594571891
Kenya,KEN,2023,5.71999241214208
Kenya,KEN,2022,4.85998104287999
Kenya,KEN,2021,7.59048947333467
Kenya,KEN,2020,-0.272766327438816
Kenya,KEN,2019,5.11415885767801
Kenya,KEN,2018,5.64794640709219
Kenya,KEN,2017,3.83795817364721
Kenya,KEN,2016,4.21351706814744
Kenya,KEN,2015,4.96772112759767
Kenya,KEN,2014,5.02011100232484
Kenya,KEN,2013,3.7978483925754
Kiribati,KIR,2025,4.22163588390501
Kiribati,KIR,2024,4.69613259668509
Kiribati,KIR,2023,3.13390313390313
Kiribati,KIR,2022,5.08982035928143
Kiribati,KIR,2021,8.44155844155846
Kiribati,KIR,2020,-1.28205128205127
Kiribati,KIR,2019,3.31125827814569
Kiribati,KIR,2018,3.42465753424656
Kiribati,KIR,2017,3.71200171622053
Kiribati,KIR,2016,7.08803465778669
Kiribati,KIR,2015,11.2653209431294
Kiribati,KIR,2014,1.26366268044595
Kiribati,KIR,2013,7.73092188699647
"Korea, Dem. People's Rep.",PRK,2025,
"Korea, Dem. People's Rep.",PRK,2024,
"Korea, Dem. People's Rep.",PRK,2023,
"Korea, Dem. People's Rep.",PRK,2022,
"Korea, Dem. People's Rep.",PRK,2021,
"Korea, Dem. People's Rep.",PRK,2020,
"Korea, Dem. People's Rep.",PRK,2019,
"Korea, Dem. People's Rep.",PRK,2018,
"Korea, Dem. People's Rep.",PRK,2017,
"Korea, Dem. People's Rep.",PRK,2016,
"Korea, Dem. People's Rep.",PRK,2015,
"Korea, Dem. People's Rep.",PRK,2014,
"Korea, Dem. People's Rep.",PRK,2013,
"Korea, Rep.",KOR,2025,1.00701840291242
"Korea, Rep.",KOR,2024,2.00361101838986
"Korea, Rep.",KOR,2023,1.58301467403629
"Korea, Rep.",KOR,2022,2.72756456708991
"Korea, Rep.",KOR,2021,4.61296795454287
"Korea, Rep.",KOR,2020,-0.700242317542106
"Korea, Rep.",KOR,2019,2.31380210595475
"Korea, Rep.",KOR,2018,3.17611568177327
"Korea, Rep.",KOR,2017,3.433191763972
"Korea, Rep.",KOR,2016,3.17152748983935
"Korea, Rep.",KOR,2015,2.92029267301234
"Korea, Rep.",KOR,2014,3.21468019683108
"Korea, Rep.",KOR,2013,3.2913959543442
Kosovo,XKX,2025,3.59217142544483
Kosovo,XKX,2024,4.5730971681166
Kosovo,XKX,2023,4.06762701436438
Kosovo,XKX,2022,4.27849895827543
Kosovo,XKX,2021,10.7456560819583
Kosovo,XKX,2020,-5.34027547826166
Kosovo,XKX,2019,4.75680057007834
Kosovo,XKX,2018,3.40663227056285
Kosovo,XKX,2017,4.82565565298054
Kosovo,XKX,2016,5.57177504731632
Kosovo,XKX,2015,5.91623128345211
Kosovo,XKX,2014,3.34880478431623
Kosovo,XKX,2013,5.34079911900278
Kuwait,KWT,2025,2.731825804492
Kuwait,KWT,2024,-1.47401818168846
Kuwait,KWT,2023,-1.64087799968877
Kuwait,KWT,2022,6.75866711966617
Kuwait,KWT,2021,1.67213054307859
Kuwait,KWT,2020,-4.81731593381585
Kuwait,KWT,2019,2.26381706595791
Kuwait,KWT,2018,2.74333045031415
Kuwait,KWT,2017,-4.71222270495362
Kuwait,KWT,2016,2.92607584256388
Kuwait,KWT,2015,0.592770817217982
Kuwait,KWT,2014,0.500914669444924
Kuwait,KWT,2013,1.14946552780648
Kyrgyz Republic,KGZ,2025,11.0960203357132
Kyrgyz Republic,KGZ,2024,11.5397119406559
Kyrgyz Republic,KGZ,2023,9.0132928339342
Kyrgyz Republic,KGZ,2022,8.96750520041391
Kyrgyz Republic,KGZ,2021,5.50700762671923
Kyrgyz Republic,KGZ,2020,-7.14897757727955
Kyrgyz Republic,KGZ,2019,4.60062565707598
Kyrgyz Republic,KGZ,2018,3.75791013557165
Kyrgyz Republic,KGZ,2017,4.73993722377884
Kyrgyz Republic,KGZ,2016,4.33585592190116
Kyrgyz Republic,KGZ,2015,3.87582544512439
Kyrgyz Republic,KGZ,2014,4.02403863083252
Kyrgyz Republic,KGZ,2013,10.9154694528045
Lao PDR,LAO,2025,4.53760564766725
Lao PDR,LAO,2024,4.13019264438475
Lao PDR,LAO,2023,3.74568140158232
Lao PDR,LAO,2022,2.70742652643155
Lao PDR,LAO,2021,2.52835100486102
Lao PDR,LAO,2020,0.503031829018681
Lao PDR,LAO,2019,5.4577350924848
Lao PDR,LAO,2018,6.24796000755872
Lao PDR,LAO,2017,6.8925308726989
Lao PDR,LAO,2016,7.02283625501138
Lao PDR,LAO,2015,7.27006584373785
Lao PDR,LAO,2014,7.61196343979319
Lao PDR,LAO,2013,8.02630022699017
Latvia,LVA,2025,2.13786855731288
Latvia,LVA,2024,-0.0370556648288982
Latvia,LVA,2023,-0.941606068823631
Latvia,LVA,2022,1.90853419029801
Latvia,LVA,2021,6.94254173062592
Latvia,LVA,2020,-3.46922750780554
Latvia,LVA,2019,0.675372771884227
Latvia,LVA,2018,4.30971286294503
Latvia,LVA,2017,3.39894872623931
Latvia,LVA,2016,2.55168601974034
Latvia,LVA,2015,3.78336712084972
Latvia,LVA,2014,2.0949597710559
Latvia,LVA,2013,2.09609028156248
Lebanon,LBN,2025,
Lebanon,LBN,2024,-7.07989192861814
Lebanon,LBN,2023,-0.760584470257314
Lebanon,LBN,2022,-0.621678970663112
Lebanon,LBN,2021,-7.00123862514116
Lebanon,LBN,2020,-21.3998996914321
Lebanon,LBN,2019,-6.91492472851026
Lebanon,LBN,2018,-1.88470575631651
Lebanon,LBN,2017,0.903028464073813
Lebanon,LBN,2016,1.55454940856943
Lebanon,LBN,2015,0.462320792597581
Lebanon,LBN,2014,2.48406010500743
Lebanon,LBN,2013,3.8278734986016
Lesotho,LSO,2025,1.98256080770996
Lesotho,LSO,2024,5.22503380336101
Lesotho,LSO,2023,1.69433177608774
Lesotho,LSO,2022,2.38778020186284
Lesotho,LSO,2021,2.26670961833291
Lesotho,LSO,2020,-8.15595785459911
Lesotho,LSO,2019,-1.41799383085205
Lesotho,LSO,2018,-1.48063315848241
Lesotho,LSO,2017,-3.13817493733471
Lesotho,LSO,2016,3.60890731687714
Lesotho,LSO,2015,3.12406678044546
Lesotho,LSO,2014,1.71054990545476
Lesotho,LSO,2013,1.79252555575545
Liberia,LBR,2025,5.01656107992214
Liberia,LBR,2024,4.02185464964835
Liberia,LBR,2023,4.68375688761311
Liberia,LBR,2022,4.80810517290655
Liberia,LBR,2021,4.98671283481617
Liberia,LBR,2020,-2.98249127649473
Liberia,LBR,2019,-2.46729763532686
Liberia,LBR,2018,1.15757512207355
Liberia,LBR,2017,2.45515592012239
Liberia,LBR,2016,-1.5549586174878
Liberia,LBR,2015,-0.0185649695590939
Liberia,LBR,2014,0.701393100287518
Liberia,LBR,2013,8.68728781639683
Libya,LBY,2025,13.3717080516958
Libya,LBY,2024,1.89995052025442
Libya,LBY,2023,10.2000497852517
Libya,LBY,2022,-8.29981811198795
Libya,LBY,2021,28.2996823429147
Libya,LBY,2020,-29.4552967282824
Libya,LBY,2019,-11.1960828853386
Libya,LBY,2018,7.9413678529104
Libya,LBY,2017,32.4918021862688
Libya,LBY,2016,-1.4909411172622
Libya,LBY,2015,-0.842656252118843
Libya,LBY,2014,-23.0428058282215
Libya,LBY,2013,-17.9979615745681
Liechtenstein,LIE,2025,
Liechtenstein,LIE,2024,
Liechtenstein,LIE,2023,
Liechtenstein,LIE,2022,
Liechtenstein,LIE,2021,
Liechtenstein,LIE,2020,
Liechtenstein,LIE,2019,
Liechtenstein,LIE,2018,
Liechtenstein,LIE,2017,
Liechtenstein,LIE,2016,
Liechtenstein,LIE,2015,
Liechtenstein,LIE,2014,
Liechtenstein,LIE,2013,
Lithuania,LTU,2025,2.92007656461696
Lithuania,LTU,2024,3.03019543767596
Lithuania,LTU,2023,0.739537398185803
Lithuania,LTU,2022,2.46532013155011
Lithuania,LTU,2021,6.39481772930206
Lithuania,LTU,2020,0.0428158336981426
Lithuania,LTU,2019,4.67735183530451
Lithuania,LTU,2018,4.91836780106811
Lithuania,LTU,2017,4.61224310312809
Lithuania,LTU,2016,2.67192215053329
Lithuania,LTU,2015,2.83280643343234
Lithuania,LTU,2014,3.7725437958099
Lithuania,LTU,2013,4.04691318575325
Luxembourg,LUX,2025,0.63787818818335
Luxembourg,LUX,2024,0.358614003982225
Luxembourg,LUX,2023,0.0994370594039111
Luxembourg,LUX,2022,-1.09741256293819
Luxembourg,LUX,2021,6.92973270801744
Luxembourg,LUX,2020,-0.510051634039826
Luxembourg,LUX,2019,2.74932091920692
Luxembourg,LUX,2018,1.61129891211624
Luxembourg,LUX,2017,1.31711942298405
Luxembourg,LUX,2016,4.97819047122638
Luxembourg,LUX,2015,2.26836572735107
Luxembourg,LUX,2014,2.62308838097542
Luxembourg,LUX,2013,3.17168513780955
"Macao SAR, China",MAC,2025,4.67106705680436
"Macao SAR, China",MAC,2024,7.84960207010525
"Macao SAR, China",MAC,2023,75.3084184293413
"Macao SAR, China",MAC,2022,-18.956941494497
"Macao SAR, China",MAC,2021,22.4622020023362
"Macao SAR, China",MAC,2020,-54.4020925789353
"Macao SAR, China",MAC,2019,-2.4609094006739
"Macao SAR, China",MAC,2018,6.35917030567686
"Macao SAR, China",MAC,2017,9.91855844513513
"Macao SAR, China",MAC,2016,-0.701510212552961
"Macao SAR, China",MAC,2015,-21.7540078753246
"Macao SAR, China",MAC,2014,-2.03874227961819
"Macao SAR, China",MAC,2013,10.7816711590297
Madagascar,MDG,2025,3.002568866856
Madagascar,MDG,2024,4.32283728087992
Madagascar,MDG,2023,4.23086580696344
Madagascar,MDG,2022,4.13753534956307
Madagascar,MDG,2021,4.65068343174309
Madagascar,MDG,2020,-7.13767162064489
Madagascar,MDG,2019,4.41123212909589
Madagascar,MDG,2018,3.19435651744398
Madagascar,MDG,2017,3.93330759462793
Madagascar,MDG,2016,3.99314606199499
Madagascar,MDG,2015,3.13229807490305
Madagascar,MDG,2014,3.33920311195367
Madagascar,MDG,2013,2.30037622800727
Malawi,MWI,2025,1.88518707821663
Malawi,MWI,2024,1.6734340852915
Malawi,MWI,2023,1.94575281675984
Malawi,MWI,2022,0.921115069005936
Malawi,MWI,2021,4.55829212016083
Malawi,MWI,2020,0.793596429787286
Malawi,MWI,2019,5.71682519194337
Malawi,MWI,2018,4.35356471619211
Malawi,MWI,2017,4.00000000089172
Malawi,MWI,2016,2.49999999914311
Malawi,MWI,2015,2.80000000003355
Malawi,MWI,2014,5.62527000105139
Malawi,MWI,2013,5.41034999817167
Malaysia,MYS,2025,5.17127082911057
Malaysia,MYS,2024,5.10545921024041
Malaysia,MYS,2023,3.5370638041057
Malaysia,MYS,2022,9.03173723044451
Malaysia,MYS,2021,3.31534954399166
Malaysia,MYS,2020,-5.45684658426701
Malaysia,MYS,2019,4.41318742129586
Malaysia,MYS,2018,4.84308697634881
Malaysia,MYS,2017,5.81272240983328
Malaysia,MYS,2016,4.44978139761541
Malaysia,MYS,2015,5.09153242155011
Malaysia,MYS,2014,6.00672194558203
Malaysia,MYS,2013,4.69372252557893
Maldives,MDV,2025,6.31092335003081
Maldives,MDV,2024,3.49440422654285
Maldives,MDV,2023,4.94286301229583
Maldives,MDV,2022,13.8260895184139
Maldives,MDV,2021,37.507870124321
Maldives,MDV,2020,-32.9088287752921
Maldives,MDV,2019,6.92305989050099
Maldives,MDV,2018,8.5689555834747
Maldives,MDV,2017,7.07442863215275
Maldives,MDV,2016,6.37528306716864
Maldives,MDV,2015,3.86813536494475
Maldives,MDV,2014,7.86068643108074
Maldives,MDV,2013,6.97496226412528
Mali,MLI,2025,5.59946842896643
Mali,MLI,2024,5.01653579205785
Mali,MLI,2023,4.76394100040932
Mali,MLI,2022,3.70319027585386
Mali,MLI,2021,3.10094124463507
Mali,MLI,2020,-1.16910834857605
Mali,MLI,2019,4.99999911699705
Mali,MLI,2018,4.86784999935264
Mali,MLI,2017,5.37554769647939
Mali,MLI,2016,6.00506308559498
Mali,MLI,2015,6.23887890181064
Mali,MLI,2014,6.50263878386326
Mali,MLI,2013,3.29068742053545
Malta,MLT,2025,3.96156139018959
Malta,MLT,2024,6.21275996991034
Malta,MLT,2023,10.6340558017004
Malta,MLT,2022,2.59276776884379
Malta,MLT,2021,13.3509818925498
Malta,MLT,2020,-3.45728232537419
Malta,MLT,2019,4.0850557312243
Malta,MLT,2018,7.18921425536917
Malta,MLT,2017,12.9713425287845
Malta,MLT,2016,4.07800422216982
Malta,MLT,2015,9.62070302842181
Malta,MLT,2014,7.6313628225042
Malta,MLT,2013,6.29233378116625
Marshall Islands,MHL,2025,2.28310502283105
Marshall Islands,MHL,2024,3.30188679245282
Marshall Islands,MHL,2023,-5.39477377525279
Marshall Islands,MHL,2022,-0.700580183196621
Marshall Islands,MHL,2021,2.15939339067452
Marshall Islands,MHL,2020,-2.77288732394366
Marshall Islands,MHL,2019,10.4521147301896
Marshall Islands,MHL,2018,5.48717948717949
Marshall Islands,MHL,2017,3.55815188528943
Marshall Islands,MHL,2016,2.5040827436037
Marshall Islands,MHL,2015,1.88574597892401
Marshall Islands,MHL,2014,-1.25958378970427
Marshall Islands,MHL,2013,3.80898237635019
Mauritania,MRT,2025,4.02891976567948
Mauritania,MRT,2024,6.3076021190402
Mauritania,MRT,2023,6.80949002457973
Mauritania,MRT,2022,6.7960049994761
Mauritania,MRT,2021,0.7427154981402
Mauritania,MRT,2020,-0.36065738652286
Mauritania,MRT,2019,3.14100489264639
Mauritania,MRT,2018,4.77217363890155
Mauritania,MRT,2017,6.27054569386574
Mauritania,MRT,2016,1.26090922448303
Mauritania,MRT,2015,5.37633923694936
Mauritania,MRT,2014,4.27482327130284
Mauritania,MRT,2013,4.15081318627171
Mauritius,MUS,2025,3.15157395305867
Mauritius,MUS,2024,4.94844235250574
Mauritius,MUS,2023,4.69918189687444
Mauritius,MUS,2022,8.3424438025047
Mauritius,MUS,2021,3.33809084057279
Mauritius,MUS,2020,-14.1974358137792
Mauritius,MUS,2019,2.86394938684734
Mauritius,MUS,2018,4.11669369456492
Mauritius,MUS,2017,3.95441730960265
Mauritius,MUS,2016,3.88576121076034
Mauritius,MUS,2015,3.71766362108832
Mauritius,MUS,2014,3.85773905280689
Mauritius,MUS,2013,3.39755085220649
Mexico,MEX,2025,0.561683456144578
Mexico,MEX,2024,1.35057631384696
Mexico,MEX,2023,3.1067964131456
Mexico,MEX,2022,3.70975708309098
Mexico,MEX,2021,6.04848347173572
Mexico,MEX,2020,-8.35403459379062
Mexico,MEX,2019,-0.392690513290532
Mexico,MEX,2018,1.97208211101069
Mexico,MEX,2017,1.87172854648381
Mexico,MEX,2016,1.7724932254128
Mexico,MEX,2015,2.70232343024026
Mexico,MEX,2014,2.50376350783593
Mexico,MEX,2013,0.852101550164704
"Micronesia, Fed. Sts.",FSM,2025,1.0626071425539
"Micronesia, Fed. Sts.",FSM,2024,2.30132923576443
"Micronesia, Fed. Sts.",FSM,2023,1.13097800090873
"Micronesia, Fed. Sts.",FSM,2022,-3.11412501063803
"Micronesia, Fed. Sts.",FSM,2021,3.09969928290539
"Micronesia, Fed. Sts.",FSM,2020,-2.05703124999999
"Micronesia, Fed. Sts.",FSM,2019,3.64372469635627
"Micronesia, Fed. Sts.",FSM,2018,0.406504065040664
"Micronesia, Fed. Sts.",FSM,2017,2.07468879668049
"Micronesia, Fed. Sts.",FSM,2016,1.26050420168067
"Micronesia, Fed. Sts.",FSM,2015,4.3859649122807
"Micronesia, Fed. Sts.",FSM,2014,-2.56410256410257
"Micronesia, Fed. Sts.",FSM,2013,-3.70370370370371
Moldova,MDA,2025,2.41649734575068
Moldova,MDA,2024,0.270670455512573
Moldova,MDA,2023,1.18802067937429
Moldova,MDA,2022,-4.64785101037361
Moldova,MDA,2021,13.9299997889786
Moldova,MDA,2020,-8.27597831976949
Moldova,MDA,2019,3.5523140853476
Moldova,MDA,2018,4.07559546585034
Moldova,MDA,2017,4.17561205106279
Moldova,MDA,2016,4.64601436259409
Moldova,MDA,2015,-0.338235622387202
Moldova,MDA,2014,4.99962585407656
Moldova,MDA,2013,9.0438656074181
Monaco,MCO,2025,
Monaco,MCO,2024,8.51053758860212
Monaco,MCO,2023,5.44395088840088
Monaco,MCO,2022,11.2662955198601
Monaco,MCO,2021,22.2322155851208
Monaco,MCO,2020,-13.2391048292108
Monaco,MCO,2019,7.12088951975396
Monaco,MCO,2018,5.69790121192926
Monaco,MCO,2017,-3.20618323813213
Monaco,MCO,2016,3.00844358752744
Monaco,MCO,2015,4.91037176536236
Monaco,MCO,2014,7.18702777537968
Monaco,MCO,2013,9.57709832354816
Mongolia,MNG,2025,6.84391415938607
Mongolia,MNG,2024,5.12204539122661
Mongolia,MNG,2023,7.4221127615025
Mongolia,MNG,2022,5.0327096366527
Mongolia,MNG,2021,1.63676957736662
Mongolia,MNG,2020,-4.55775197583431
Mongolia,MNG,2019,5.60224422064255
Mongolia,MNG,2018,7.74488062024881
Mongolia,MNG,2017,5.63687638694772
Mongolia,MNG,2016,1.48978448679577
Mongolia,MNG,2015,2.37983580731722
Mongolia,MNG,2014,7.88522548204762
Mongolia,MNG,2013,11.6489161878925
Montenegro,MNE,2025,2.74455354258522
Montenegro,MNE,2024,3.16409886329913
Montenegro,MNE,2023,6.47836283518564
Montenegro,MNE,2022,7.73954689516201
Montenegro,MNE,2021,13.0462607426359
Montenegro,MNE,2020,-14.9926187023533
Montenegro,MNE,2019,4.39391565821528
Montenegro,MNE,2018,4.73292113433965
Montenegro,MNE,2017,3.21668504736274
Montenegro,MNE,2016,3.4393056210999
Montenegro,MNE,2015,2.52306333975571
Montenegro,MNE,2014,2.37030892464516
Montenegro,MNE,2013,3.38612548540247
Morocco,MAR,2025,4.59524349182247
Morocco,MAR,2024,3.79336515978963
Morocco,MAR,2023,3.65564411017931
Morocco,MAR,2022,1.81269242194809
Morocco,MAR,2021,8.15473889823681
Morocco,MAR,2020,-7.17820744246774
Morocco,MAR,2019,2.89097476137077
Morocco,MAR,2018,3.06564133025955
Morocco,MAR,2017,5.05789816173446
Morocco,MAR,2016,0.52118550608968
Morocco,MAR,2015,4.34458297635238
Morocco,MAR,2014,2.7192440802029
Morocco,MAR,2013,4.12221286860944
Mozambique,MOZ,2025,-0.523485382072337
Mozambique,MOZ,2024,2.14892499135355
Mozambique,MOZ,2023,5.50384456650241
Mozambique,MOZ,2022,4.3693080193804
Mozambique,MOZ,2021,2.37743572761507
Mozambique,MOZ,2020,-1.21952250011192
Mozambique,MOZ,2019,2.31781394821475
Mozambique,MOZ,2018,3.48493202422782
Mozambique,MOZ,2017,2.63820737310658
Mozambique,MOZ,2016,4.69699024225795
Mozambique,MOZ,2015,7.3930936986377
Mozambique,MOZ,2014,7.70256844839309
Mozambique,MOZ,2013,6.57141389665537
Myanmar,MMR,2025,-2.01184475795665
Myanmar,MMR,2024,-0.97204641363362
Myanmar,MMR,2023,0.958446625126115
Myanmar,MMR,2022,4.0374934360085
Myanmar,MMR,2021,-12.0163724829177
Myanmar,MMR,2020,-9.04834717984643
Myanmar,MMR,2019,6.57911006765414
Myanmar,MMR,2018,6.26886221471075
Myanmar,MMR,2017,6.13610824360305
Myanmar,MMR,2016,5.86247291518572
Myanmar,MMR,2015,6.99284029026121
Myanmar,MMR,2014,8.16990745558277
Myanmar,MMR,2013,8.42600102501767
Namibia,NAM,2025,1.73018153842335
Namibia,NAM,2024,3.77851723267591
Namibia,NAM,2023,4.32498048866805
Namibia,NAM,2022,5.3987247803654
Namibia,NAM,2021,3.60382919248703
Namibia,NAM,2020,-8.10140201443319
Namibia,NAM,2019,-0.839152163419357
Namibia,NAM,2018,1.05993949860752
Namibia,NAM,2017,-1.02724808856709
Namibia,NAM,2016,0.0337944502063294
Namibia,NAM,2015,4.26417453763675
Namibia,NAM,2014,6.09251915977956
Namibia,NAM,2013,5.61471962254485
Naoero,NRU,2025,2.14285714285656
Naoero,NRU,2024,1.44927536231899
Naoero,NRU,2023,-0.719424460431725
Naoero,NRU,2022,0.0
Naoero,NRU,2021,7.75193798449692
Naoero,NRU,2020,1.57480314960559
Naoero,NRU,2019,8.5470085470084
Naoero,NRU,2018,-0.847457627118729
Naoero,NRU,2017,-6.34920634920609
Naoero,NRU,2016,4.13223140495909
Naoero,NRU,2015,3.41880341880281
Naoero,NRU,2014,15.8415841584163
Naoero,NRU,2013,4.12371134020613
Nepal,NPL,2025,4.43073194983359
Nepal,NPL,2024,3.67787459697703
Nepal,NPL,2023,1.98254843461849
Nepal,NPL,2022,5.6313145568451
Nepal,NPL,2021,4.838149614115
Nepal,NPL,2020,-2.3696206292072
Nepal,NPL,2019,6.65705543110468
Nepal,NPL,2018,7.62237610397933
Nepal,NPL,2017,8.97727935643466
Nepal,NPL,2016,0.433113719381524
Nepal,NPL,2015,3.97605327162971
Nepal,NPL,2014,6.01148284250441
Nepal,NPL,2013,3.52515317129149
Netherlands,NLD,2025,1.78463214703797
Netherlands,NLD,2024,1.07383137319854
Netherlands,NLD,2023,-0.598061017580278
Netherlands,NLD,2022,5.00723453395074
Netherlands,NLD,2021,6.27683593745216
Netherlands,NLD,2020,-3.86799714191608
Netherlands,NLD,2019,2.3001616053659
Netherlands,NLD,2018,2.25873158164956
Netherlands,NLD,2017,2.78150834679987
Netherlands,NLD,2016,2.42428065449427
Netherlands,NLD,2015,2.12064007193544
Netherlands,NLD,2014,1.61255885112396
Netherlands,NLD,2013,-0.0302410184270769
New Caledonia,NCL,2025,
New Caledonia,NCL,2024,-13.4999999989747
New Caledonia,NCL,2023,2.79999999603682
New Caledonia,NCL,2022,3.50000000289097
New Caledonia,NCL,2021,-2.0999999972552
New Caledonia,NCL,2020,-2.40000000692145
New Caledonia,NCL,2019,-1.39999999506659
New Caledonia,NCL,2018,0.400000000000006
New Caledonia,NCL,2017,
New Caledonia,NCL,2016,
New Caledonia,NCL,2015,
New Caledonia,NCL,2014,
New Caledonia,NCL,2013,
New Zealand,NZL,2025,0.462871830681081
New Zealand,NZL,2024,-0.868722371893952
New Zealand,NZL,2023,1.81389453412019
New Zealand,NZL,2022,3.34521847792682
New Zealand,NZL,2021,4.29916005216614
New Zealand,NZL,2020,-0.240916114758988
New Zealand,NZL,2019,2.32371708441623
New Zealand,NZL,2018,3.32219666491432
New Zealand,NZL,2017,3.31568621648204
New Zealand,NZL,2016,3.7435247472109
New Zealand,NZL,2015,3.72968312125018
New Zealand,NZL,2014,3.81933619307242
New Zealand,NZL,2013,2.5648360739867
Nicaragua,NIC,2025,4.92352556770889
Nicaragua,NIC,2024,3.58094495324541
Nicaragua,NIC,2023,4.42779393186883
Nicaragua,NIC,2022,3.55027477135765
Nicaragua,NIC,2021,10.4543887816515
Nicaragua,NIC,2020,-2.23654176262323
Nicaragua,NIC,2019,-2.89686986728901
Nicaragua,NIC,2018,-3.3633566598573
Nicaragua,NIC,2017,4.63120757580209
Nicaragua,NIC,2016,4.56314739524967
Nicaragua,NIC,2015,4.79226768332697
Nicaragua,NIC,2014,4.78546013589983
Nicaragua,NIC,2013,4.92709413447304
Niger,NER,2025,7.00782960149
Niger,NER,2024,8.32327058280728
Niger,NER,2023,2.63516980401258
Niger,NER,2022,12.2215497467041
Niger,NER,2021,1.11520063869706
Niger,NER,2020,4.45481803846413
Niger,NER,2019,6.07881528959186
Niger,NER,2018,6.89458420864513
Niger,NER,2017,5.53198531271451
Niger,NER,2016,4.28137558478143
Niger,NER,2015,4.39264883207291
Niger,NER,2014,6.64213665495603
Niger,NER,2013,5.31513063394726
Nigeria,NGA,2025,4.01336180700973
Nigeria,NGA,2024,4.07106650147703
Nigeria,NGA,2023,3.31590368111438
Nigeria,NGA,2022,4.31882949157136
Nigeria,NGA,2021,1.109252540249
Nigeria,NGA,2020,-6.36889840468527
Nigeria,NGA,2019,2.20842927835211
Nigeria,NGA,2018,1.92275734199798
Nigeria,NGA,2017,0.805886619091581
Nigeria,NGA,2016,-1.61686894903467
Nigeria,NGA,2015,2.65269329541779
Nigeria,NGA,2014,6.30971865521856
Nigeria,NGA,2013,6.67133539308232
North Macedonia,MKD,2025,3.48706619829503
North Macedonia,MKD,2024,2.99373536567732
North Macedonia,MKD,2023,2.554965253403
North Macedonia,MKD,2022,2.75888415332967
North Macedonia,MKD,2021,4.51067949038222
North Macedonia,MKD,2020,-4.68845000956652
North Macedonia,MKD,2019,3.91041953840173
North Macedonia,MKD,2018,2.88059670964267
North Macedonia,MKD,2017,1.08177273813243
North Macedonia,MKD,2016,2.84820519363306
North Macedonia,MKD,2015,3.85586514041738
North Macedonia,MKD,2014,3.62912351276373
North Macedonia,MKD,2013,2.92525766450484
Northern Mariana Islands,MNP,2025,
Northern Mariana Islands,MNP,2024,
Northern Mariana Islands,MNP,2023,
Northern Mariana Islands,MNP,2022,16.6427546628408
Northern Mariana Islands,MNP,2021,4.96987951807229
Northern Mariana Islands,MNP,2020,-29.0598290598291
Northern Mariana Islands,MNP,2019,-11.4474929044465
Northern Mariana Islands,MNP,2018,-19.4973343488195
Northern Mariana Islands,MNP,2017,23.1707317073171
Northern Mariana Islands,MNP,2016,29.2121212121212
Northern Mariana Islands,MNP,2015,3.38345864661653
Northern Mariana Islands,MNP,2014,4.177545691906
Northern Mariana Islands,MNP,2013,2.68096514745308
Norway,NOR,2025,1.08528185031417
Norway,NOR,2024,1.42372134524737
Norway,NOR,2023,0.352695581319765
Norway,NOR,2022,4.08039770659241
Norway,NOR,2021,4.14314688769197
Norway,NOR,2020,-1.36055723261586
Norway,NOR,2019,1.46970781954143
Norway,NOR,2018,1.1103912365576
Norway,NOR,2017,2.66964474273466
Norway,NOR,2016,1.29158732771135
Norway,NOR,2015,2.04428845501438
Norway,NOR,2014,2.09521388080101
Norway,NOR,2013,1.27290177696287
Oman,OMN,2025,2.39787382295398
Oman,OMN,2024,1.63163231397978
Oman,OMN,2023,1.41401383200161
Oman,OMN,2022,7.98570728354278
Oman,OMN,2021,2.5821749892893
Oman,OMN,2020,-3.37972052697999
Oman,OMN,2019,-1.12863801728058
Oman,OMN,2018,1.28710391543288
Oman,OMN,2017,0.304057565922449
Oman,OMN,2016,5.04642394571691
Oman,OMN,2015,5.01705799719045
Oman,OMN,2014,1.29225229411081
Oman,OMN,2013,5.22770408145942
Pakistan,PAK,2025,3.69842668749033
Pakistan,PAK,2024,3.08176295579301
Pakistan,PAK,2023,-0.414935997088406
Pakistan,PAK,2022,4.7781068690358
Pakistan,PAK,2021,6.51388575852702
Pakistan,PAK,2020,-1.27408744338709
Pakistan,PAK,2019,2.49763692943365
Pakistan,PAK,2018,6.15170261099519
Pakistan,PAK,2017,4.43262590683975
Pakistan,PAK,2016,6.57383828511043
Pakistan,PAK,2015,4.21794209572506
Pakistan,PAK,2014,4.11642817161422
Pakistan,PAK,2013,4.36686504978387
Palau,PLW,2025,6.28637654202731
Palau,PLW,2024,12.0059720184866
Palau,PLW,2023,1.22284844405733
Palau,PLW,2022,-0.462879543823192
Palau,PLW,2021,-11.9146400192064
Palau,PLW,2020,-6.00740723664144
Palau,PLW,2019,0.300684343692609
Palau,PLW,2018,-0.417625859260369
Palau,PLW,2017,-3.42143170174889
Palau,PLW,2016,1.66650688235592
Palau,PLW,2015,8.57000568228419
Palau,PLW,2014,4.21392368136632
Palau,PLW,2013,-1.39368330622723
Panama,PAN,2025,4.35030460627731
Panama,PAN,2024,2.74784148771307
Panama,PAN,2023,7.16634016390665
Panama,PAN,2022,11.0386022908773
Panama,PAN,2021,16.4669992022652
Panama,PAN,2020,-17.8211174074602
Panama,PAN,2019,3.10295395631086
Panama,PAN,2018,3.91824253321265
Panama,PAN,2017,5.7440594635578
Panama,PAN,2016,4.57196707937275
Panama,PAN,2015,5.26691719595516
Panama,PAN,2014,4.62581375565551
Panama,PAN,2013,6.32435388662846
Papua New Guinea,PNG,2025,5.63792052319458
Papua New Guinea,PNG,2024,3.88795324667848
Papua New Guinea,PNG,2023,3.81046308333708
Papua New Guinea,PNG,2022,5.70701964996525
Papua New Guinea,PNG,2021,-0.510612607034361
Papua New Guinea,PNG,2020,-3.16743204434815
Papua New Guinea,PNG,2019,4.48051456942582
Papua New Guinea,PNG,2018,-0.279252284959952
Papua New Guinea,PNG,2017,3.53461081750459
Papua New Guinea,PNG,2016,5.48957315278187
Papua New Guinea,PNG,2015,6.57835632304275
Papua New Guinea,PNG,2014,13.5437706216546
Papua New Guinea,PNG,2013,3.82494632800675
Paraguay,PRY,2025,6.64262511156879
Paraguay,PRY,2024,4.66914577981763
Paraguay,PRY,2023,5.28584584975323
Paraguay,PRY,2022,-0.0280771723899278
Paraguay,PRY,2021,3.99461510731535
Paraguay,PRY,2020,-0.819785390971916
Paraguay,PRY,2019,-0.40185510068001
Paraguay,PRY,2018,3.20425034076639
Paraguay,PRY,2017,4.81007885554041
Paraguay,PRY,2016,4.26802583314583
Paraguay,PRY,2015,2.95715168367079
Paraguay,PRY,2014,5.30123864473624
Paraguay,PRY,2013,8.29307648940471
Peru,PER,2025,3.43056395124466
Peru,PER,2024,3.5152749274832
Peru,PER,2023,-0.350699814345759
Peru,PER,2022,2.81819976419922
Peru,PER,2021,13.4166456126513
Peru,PER,2020,-10.9333065010382
Peru,PER,2019,2.24063176875049
Peru,PER,2018,3.969351341365
Peru,PER,2017,2.51883544233135
Peru,PER,2016,3.95331871520767
Peru,PER,2015,3.25224477218451
Peru,PER,2014,2.38215737180541
Peru,PER,2013,5.85251821084928
Philippines,PHL,2025,4.40240158710621
Philippines,PHL,2024,5.71474526128652
Philippines,PHL,2023,5.51894967856043
Philippines,PHL,2022,7.58098212785563
Philippines,PHL,2021,5.71473313185116
Philippines,PHL,2020,-9.51829474045297
Philippines,PHL,2019,6.11852566221303
Philippines,PHL,2018,6.34148557153473
Philippines,PHL,2017,6.9309883258402
Philippines,PHL,2016,7.14945675000752
Philippines,PHL,2015,6.34830971672761
Philippines,PHL,2014,6.34798748260867
Philippines,PHL,2013,6.75053130142255
Poland,POL,2025,3.5727250346774
Poland,POL,2024,3.02841630700273
Poland,POL,2023,0.249610834017872
Poland,POL,2022,5.25545697386036
Poland,POL,2021,6.92718266052501
Poland,POL,2020,-2.03556882399977
Poland,POL,2019,4.58045817256199
Poland,POL,2018,6.2458584723942
Poland,POL,2017,5.15245773325907
Poland,POL,2016,3.03117767594847
Poland,POL,2015,4.43176700264478
Poland,POL,2014,3.92050862390032
Poland,POL,2013,0.684240607051805
Portugal,PRT,2025,1.86448007464475
Portugal,PRT,2024,2.21459232301109
Portugal,PRT,2023,3.09998745904281
Portugal,PRT,2022,6.98584137580278
Portugal,PRT,2021,5.55875672070374
Portugal,PRT,2020,-8.20463159324387
Portugal,PRT,2019,2.74568432648596
Portugal,PRT,2018,2.94628343449202
Portugal,PRT,2017,3.31472008175986
Portugal,PRT,2016,2.00414129666575
Portugal,PRT,2015,1.58979803702681
Portugal,PRT,2014,0.741391420706506
Portugal,PRT,2013,-0.984106574148328
Puerto Rico (US),PRI,2025,0.317670046196895
Puerto Rico (US),PRI,2024,3.17707554784896
Puerto Rico (US),PRI,2023,0.731492105366186
Puerto Rico (US),PRI,2022,2.95709565499587
Puerto Rico (US),PRI,2021,0.385222719529239
Puerto Rico (US),PRI,2020,-4.1808743093346
Puerto Rico (US),PRI,2019,1.67546379498209
Puerto Rico (US),PRI,2018,-4.36142703162535
Puerto Rico (US),PRI,2017,-2.88521838398481
Puerto Rico (US),PRI,2016,-1.26369434781117
Puerto Rico (US),PRI,2015,-1.04929003238674
Puerto Rico (US),PRI,2014,-1.19036347346942
Puerto Rico (US),PRI,2013,-0.306826666941774
Qatar,QAT,2025,2.90166036660493
Qatar,QAT,2024,3.10963283242745
Qatar,QAT,2023,1.18715991623776
Qatar,QAT,2022,4.18500970982862
Qatar,QAT,2021,1.62684671918775
Qatar,QAT,2020,-3.5576039896784
Qatar,QAT,2019,0.688240954592672
Qatar,QAT,2018,1.23487220191065
Qatar,QAT,2017,-1.49760470227838
Qatar,QAT,2016,3.06419188430156
Qatar,QAT,2015,4.75334572438737
Qatar,QAT,2014,4.11911527912761
Qatar,QAT,2013,4.43070196521455
Romania,ROU,2025,0.677829835052762
Romania,ROU,2024,0.916003764382594
Romania,ROU,2023,2.25773416555121
Romania,ROU,2022,4.18771305104109
Romania,ROU,2021,5.58735072538869
Romania,ROU,2020,-3.59802546034757
Romania,ROU,2019,3.96028958497598
Romania,ROU,2018,5.39452228185675
Romania,ROU,2017,8.19547826641261
Romania,ROU,2016,2.85993252302089
Romania,ROU,2015,3.1570360543854
Romania,ROU,2014,4.11600109267832
Romania,ROU,2013,0.278771877470234
Russian Federation,RUS,2025,1.00117656925738
Russian Federation,RUS,2024,4.92167966203073
Russian Federation,RUS,2023,4.06661395813023
Russian Federation,RUS,2022,-1.43537063467896
Russian Federation,RUS,2021,5.866491772979
Russian Federation,RUS,2020,-2.65365449695453
Russian Federation,RUS,2019,2.19807571381982
Russian Federation,RUS,2018,2.80634082046656
Russian Federation,RUS,2017,1.82670527549192
Russian Federation,RUS,2016,0.193671130698817
Russian Federation,RUS,2015,-1.9727192264298
Russian Federation,RUS,2014,0.736267221403651
Russian Federation,RUS,2013,1.75542214916291
Rwanda,RWA,2025,9.37579834182446
Rwanda,RWA,2024,7.22717103344534
Rwanda,RWA,2023,8.55964292914153
Rwanda,RWA,2022,9.82497394651698
Rwanda,RWA,2021,8.41140448646523
Rwanda,RWA,2020,-2.77710485515125
Rwanda,RWA,2019,9.28613387454543
Rwanda,RWA,2018,8.07084254621641
Rwanda,RWA,2017,4.70393439751061
Rwanda,RWA,2016,5.65874584202778
Rwanda,RWA,2015,8.87036752872743
Rwanda,RWA,2014,5.66845354233575
Rwanda,RWA,2013,4.71984856950924
Samoa,WSM,2025,4.20440659006225
Samoa,WSM,2024,4.7483863916535
Samoa,WSM,2023,15.233606465518
Samoa,WSM,2022,2.26705310780669
Samoa,WSM,2021,-5.04350589708287
Samoa,WSM,2020,-3.10864485863991
Samoa,WSM,2019,4.45185891688691
Samoa,WSM,2018,-0.609647103380141
Samoa,WSM,2017,1.40628239971301
Samoa,WSM,2016,7.9838628784713
Samoa,WSM,2015,3.8503618166494
Samoa,WSM,2014,0.659923768782861
Samoa,WSM,2013,0.107293276488932
San Marino,SMR,2025,
San Marino,SMR,2024,
San Marino,SMR,2023,0.401932371532837
San Marino,SMR,2022,7.89844678230362
San Marino,SMR,2021,13.8977857594089
San Marino,SMR,2020,-6.64791226034481
San Marino,SMR,2019,2.06569082920953
San Marino,SMR,2018,1.49390399796074
San Marino,SMR,2017,0.258259899709444
San Marino,SMR,2016,2.34441211810459
San Marino,SMR,2015,2.29150309460655
San Marino,SMR,2014,-0.702370500438988
San Marino,SMR,2013,-0.78397212543554
Sao Tome and Principe,STP,2025,1.02847453097097
Sao Tome and Principe,STP,2024,1.47888850952698
Sao Tome and Principe,STP,2023,0.372252775001456
Sao Tome and Principe,STP,2022,0.168698492216564
Sao Tome and Principe,STP,2021,1.89929891337832
Sao Tome and Principe,STP,2020,2.62485949543812
Sao Tome and Principe,STP,2019,2.01431672129407
Sao Tome and Principe,STP,2018,4.37812808264972
Sao Tome and Principe,STP,2017,4.11297966281954
Sao Tome and Principe,STP,2016,5.17682468684113
Sao Tome and Principe,STP,2015,1.5397042826735
Sao Tome and Principe,STP,2014,4.90621048664867
Sao Tome and Principe,STP,2013,5.11967735428513
Saudi Arabia,SAU,2025,4.50246560191663
Saudi Arabia,SAU,2024,2.64893068308965
Saudi Arabia,SAU,2023,0.542592439393161
Saudi Arabia,SAU,2022,12.0005874752929
Saudi Arabia,SAU,2021,6.51959698325419
Saudi Arabia,SAU,2020,-3.80478901996312
Saudi Arabia,SAU,2019,1.65158925617395
Saudi Arabia,SAU,2018,3.2269508901591
Saudi Arabia,SAU,2017,1.18210705878283
Saudi Arabia,SAU,2016,1.70404739202878
Saudi Arabia,SAU,2015,4.65512316652699
Saudi Arabia,SAU,2014,4.02467158380668
Saudi Arabia,SAU,2013,2.94563789152025
Senegal,SEN,2025,6.68227744849194
Senegal,SEN,2024,6.46220577412338
Senegal,SEN,2023,4.25743083300657
Senegal,SEN,2022,3.85043193752725
Senegal,SEN,2021,6.5440010991951
Senegal,SEN,2020,1.34207377285524
Senegal,SEN,2019,4.6136280976221
Senegal,SEN,2018,6.20924103388887
Senegal,SEN,2017,7.40748618589598
Senegal,SEN,2016,6.35606857208136
Senegal,SEN,2015,6.36704365066983
Senegal,SEN,2014,6.22407443790986
Senegal,SEN,2013,2.41238527605579
Serbia,SRB,2025,2.03039196235113
Serbia,SRB,2024,3.94992622592932
Serbia,SRB,2023,3.74793303561771
Serbia,SRB,2022,2.70347705543654
Serbia,SRB,2021,7.94905650472278
Serbia,SRB,2020,-0.950023991851594
Serbia,SRB,2019,4.75020793899014
Serbia,SRB,2018,4.64935035491007
Serbia,SRB,2017,2.3634031250553
Serbia,SRB,2016,2.97519807160826
Serbia,SRB,2015,1.2957386351958
Serbia,SRB,2014,-1.80427041681132
Serbia,SRB,2013,0.451578805330726
Seychelles,SYC,2025,5.79795669973812
Seychelles,SYC,2024,3.34667429007052
Seychelles,SYC,2023,5.17980996672414
Seychelles,SYC,2022,9.88048366355446
Seychelles,SYC,2021,0.552281631207279
Seychelles,SYC,2020,-11.7398608281732
Seychelles,SYC,2019,5.5142920737342
Seychelles,SYC,2018,4.93947272254312
Seychelles,SYC,2017,6.95416218794271
Seychelles,SYC,2016,12.1175272453913
Seychelles,SYC,2015,8.9140088750469
Seychelles,SYC,2014,4.0636918123521
Seychelles,SYC,2013,1.25373496242949
Sierra Leone,SLE,2025,4.60865077581276
Sierra Leone,SLE,2024,4.29322334404611
Sierra Leone,SLE,2023,5.7100218981806
Sierra Leone,SLE,2022,5.3135546141915
Sierra Leone,SLE,2021,5.8968527047094
Sierra Leone,SLE,2020,-1.2533490322766
Sierra Leone,SLE,2019,5.50270937378153
Sierra Leone,SLE,2018,2.8938564123677
Sierra Leone,SLE,2017,3.20786087715987
Sierra Leone,SLE,2016,6.43743652764257
Sierra Leone,SLE,2015,-4.36333262093788
Sierra Leone,SLE,2014,-7.81501512457241
Sierra Leone,SLE,2013,14.6633238075229
Singapore,SGP,2025,5.02588199508003
Singapore,SGP,2024,5.3435120192366
Singapore,SGP,2023,1.45026775889565
Singapore,SGP,2022,4.01027884472296
Singapore,SGP,2021,10.1410845197192
Singapore,SGP,2020,-3.61084281729929
Singapore,SGP,2019,1.15877947300108
Singapore,SGP,2018,3.18660848474074
Singapore,SGP,2017,4.32679370770501
Singapore,SGP,2016,3.91095306322606
Singapore,SGP,2015,2.97679931634806
Singapore,SGP,2014,3.93554027709007
Singapore,SGP,2013,4.81763099120676
Sint Maarten (Dutch part),SXM,2025,3.40000000000001
Sint Maarten (Dutch part),SXM,2024,3.00000089532888
Sint Maarten (Dutch part),SXM,2023,3.79999769985537
Sint Maarten (Dutch part),SXM,2022,13.9000012614164
Sint Maarten (Dutch part),SXM,2021,4.57759677933345
Sint Maarten (Dutch part),SXM,2020,-13.3167887221567
Sint Maarten (Dutch part),SXM,2019,10.9650009352392
Sint Maarten (Dutch part),SXM,2018,-6.85698299227944
Sint Maarten (Dutch part),SXM,2017,-7.53521399882428
Sint Maarten (Dutch part),SXM,2016,0.96775836306881
Sint Maarten (Dutch part),SXM,2015,0.105813149997005
Sint Maarten (Dutch part),SXM,2014,1.58038221539113
Sint Maarten (Dutch part),SXM,2013,1.30673103459678
Slovak Republic,SVK,2025,0.807418690144758
Slovak Republic,SVK,2024,1.93867445549446
Slovak Republic,SVK,2023,2.11263633214959
Slovak Republic,SVK,2022,0.544591632137454
Slovak Republic,SVK,2021,5.6558588065555
Slovak Republic,SVK,2020,-2.58551241733207
Slovak Republic,SVK,2019,2.27589910019393
Slovak Republic,SVK,2018,4.06211981896483
Slovak Republic,SVK,2017,2.87473327453695
Slovak Republic,SVK,2016,1.94781841524558
Slovak Republic,SVK,2015,5.17687909722133
Slovak Republic,SVK,2014,2.70795151449488
Slovak Republic,SVK,2013,0.703323545247201
Slovenia,SVN,2025,1.05992996255246
Slovenia,SVN,2024,1.73139722479493
Slovenia,SVN,2023,2.3758326648385
Slovenia,SVN,2022,2.66850555542486
Slovenia,SVN,2021,8.41686457725321
Slovenia,SVN,2020,-4.08500094942896
Slovenia,SVN,2019,3.50525332381912
Slovenia,SVN,2018,4.37908347331195
Slovenia,SVN,2017,5.17440215579958
Slovenia,SVN,2016,3.03441486663654
Slovenia,SVN,2015,2.39330621338168
Slovenia,SVN,2014,2.76283327639742
Slovenia,SVN,2013,-0.823776417691676
Solomon Islands,SLB,2025,3.61715088072386
Solomon Islands,SLB,2024,2.99755987604104
Solomon Islands,SLB,2023,2.84111851154807
Solomon Islands,SLB,2022,-2.58448361755723
Solomon Islands,SLB,2021,-0.227975292792024
Solomon Islands,SLB,2020,-3.38125925839405
Solomon Islands,SLB,2019,1.74925244485951
Solomon Islands,SLB,2018,2.74585244829055
Solomon Islands,SLB,2017,3.07546176144591
Solomon Islands,SLB,2016,5.55494348257992
Solomon Islands,SLB,2015,1.67578612030815
Solomon Islands,SLB,2014,1.18945509547778
Solomon Islands,SLB,2013,5.23744704670068
"Somalia, Fed. Rep.",SOM,2025,2.99114404482197
"Somalia, Fed. Rep.",SOM,2024,4.11139335779471
"Somalia, Fed. Rep.",SOM,2023,4.17524257571303
"Somalia, Fed. Rep.",SOM,2022,2.71821202053759
"Somalia, Fed. Rep.",SOM,2021,3.44719850031242
"Somalia, Fed. Rep.",SOM,2020,-2.76455696202532
"Somalia, Fed. Rep.",SOM,2019,2.80033312513012
"Somalia, Fed. Rep.",SOM,2018,2.05431507261069
"Somalia, Fed. Rep.",SOM,2017,14.7357956045195
"Somalia, Fed. Rep.",SOM,2016,7.03487260042162
"Somalia, Fed. Rep.",SOM,2015,10.4621881235147
"Somalia, Fed. Rep.",SOM,2014,8.97800590574617
"Somalia, Fed. Rep.",SOM,2013,10.9592986164311
South Africa,ZAF,2025,1.11462608103956
South Africa,ZAF,2024,0.534843531905139
South Africa,ZAF,2023,0.80610455095804
South Africa,ZAF,2022,2.05813661692193
South Africa,ZAF,2021,4.85864865060148
South Africa,ZAF,2020,-6.1689177146757
South Africa,ZAF,2019,0.25993557687633
South Africa,ZAF,2018,1.55678384721676
South Africa,ZAF,2017,1.15794695181735
South Africa,ZAF,2016,0.664552307858116
South Africa,ZAF,2015,1.32186223678229
South Africa,ZAF,2014,1.41382645223793
South Africa,ZAF,2013,2.48546800826588
South Sudan,SSD,2025,
South Sudan,SSD,2024,
South Sudan,SSD,2023,
South Sudan,SSD,2022,
South Sudan,SSD,2021,
South Sudan,SSD,2020,
South Sudan,SSD,2019,
South Sudan,SSD,2018,
South Sudan,SSD,2017,
South Sudan,SSD,2016,
South Sudan,SSD,2015,-10.7933646271143
South Sudan,SSD,2014,3.37364847715736
South Sudan,SSD,2013,13.1297311406943
Spain,ESP,2025,2.82495400578509
Spain,ESP,2024,3.45525405630191
Spain,ESP,2023,2.46085796805582
Spain,ESP,2022,6.37031712129601
Spain,ESP,2021,6.68314420473001
Spain,ESP,2020,-10.9400706350371
Spain,ESP,2019,1.96117850841711
Spain,ESP,2018,2.39541124478878
Spain,ESP,2017,2.89604207865007
Spain,ESP,2016,2.91515598595787
Spain,ESP,2015,4.06086672473866
Spain,ESP,2014,1.52048593647231
Spain,ESP,2013,-1.42732224757626
Sri Lanka,LKA,2025,4.9534339114043
Sri Lanka,LKA,2024,4.99241614398109
Sri Lanka,LKA,2023,-2.0289296690344
Sri Lanka,LKA,2022,-7.34919311146656
Sri Lanka,LKA,2021,4.2074764950026
Sri Lanka,LKA,2020,-4.62451503712715
Sri Lanka,LKA,2019,-0.220483886824823
Sri Lanka,LKA,2018,2.31008425504933
Sri Lanka,LKA,2017,6.46068127080994
Sri Lanka,LKA,2016,5.05362488993089
Sri Lanka,LKA,2015,4.20595547501601
Sri Lanka,LKA,2014,6.37797889684965
Sri Lanka,LKA,2013,4.0517463303875
St. Kitts and Nevis,KNA,2025,2.68858456990016
St. Kitts and Nevis,KNA,2024,0.312226855858171
St. Kitts and Nevis,KNA,2023,3.02127526129283
St. Kitts and Nevis,KNA,2022,10.4804941546807
St. Kitts and Nevis,KNA,2021,0.367606879216311
St. Kitts and Nevis,KNA,2020,-15.3018891740649
St. Kitts and Nevis,KNA,2019,2.93824658056356
St. Kitts and Nevis,KNA,2018,2.00352549800972
St. Kitts and Nevis,KNA,2017,0.220941147299996
St. Kitts and Nevis,KNA,2016,3.93270319273282
St. Kitts and Nevis,KNA,2015,0.694135527876625
St. Kitts and Nevis,KNA,2014,7.57696602328922
St. Kitts and Nevis,KNA,2013,5.72728087234704
St. Lucia,LCA,2025,-0.57407528214496
St. Lucia,LCA,2024,4.76890217855616
St. Lucia,LCA,2023,3.90774802925928
St. Lucia,LCA,2022,19.3456795355342
St. Lucia,LCA,2021,11.1466993240856
St. Lucia,LCA,2020,-22.9005138634176
St. Lucia,LCA,2019,-1.0293678947917
St. Lucia,LCA,2018,2.88677902171601
St. Lucia,LCA,2017,3.37982617272246
St. Lucia,LCA,2016,3.42787214525211
St. Lucia,LCA,2015,0.101917836412952
St. Lucia,LCA,2014,1.32809022110105
St. Lucia,LCA,2013,-1.81877603735991
St. Martin (French part),MAF,2025,
St. Martin (French part),MAF,2024,
St. Martin (French part),MAF,2023,
St. Martin (French part),MAF,2022,
St. Martin (French part),MAF,2021,4.89999967133534
St. Martin (French part),MAF,2020,-12.500002246731
St. Martin (French part),MAF,2019,6.50000363700821
St. Martin (French part),MAF,2018,-7.99999506898229
St. Martin (French part),MAF,2017,-8.00000324038295
St. Martin (French part),MAF,2016,5.0
St. Martin (French part),MAF,2015,1.0
St. Martin (French part),MAF,2014,
St. Martin (French part),MAF,2013,
St. Vincent and the Grenadines,VCT,2025,3.3921670546227
St. Vincent and the Grenadines,VCT,2024,4.06183490050209
St. Vincent and the Grenadines,VCT,2023,5.32636472098717
St. Vincent and the Grenadines,VCT,2022,3.1108330034352
St. Vincent and the Grenadines,VCT,2021,2.09340124465459
St. Vincent and the Grenadines,VCT,2020,-4.26892434422649
St. Vincent and the Grenadines,VCT,2019,0.668428481084234
St. Vincent and the Grenadines,VCT,2018,3.1756114423991
St. Vincent and the Grenadines,VCT,2017,1.54810173239956
St. Vincent and the Grenadines,VCT,2016,4.1496810046981
St. Vincent and the Grenadines,VCT,2015,2.78509791763551
St. Vincent and the Grenadines,VCT,2014,1.1457271877622
St. Vincent and the Grenadines,VCT,2013,2.4624841721544
Sudan,SDN,2025,3.06427942935869
Sudan,SDN,2024,-13.9643378424022
Sudan,SDN,2023,-29.4332716274387
Sudan,SDN,2022,-0.957816591119183
Sudan,SDN,2021,-1.8685204827207
Sudan,SDN,2020,-3.62980082410752
Sudan,SDN,2019,-2.17825104530091
Sudan,SDN,2018,-2.6809305497999
Sudan,SDN,2017,0.70925628476644
Sudan,SDN,2016,3.46764218409288
Sudan,SDN,2015,1.91017689052751
Sudan,SDN,2014,4.66137954229873
Sudan,SDN,2013,1.95514463302422
Suriname,SUR,2025,1.79169153226913
Suriname,SUR,2024,1.72095749127065
Suriname,SUR,2023,2.41659215006946
Suriname,SUR,2022,2.40622235601218
Suriname,SUR,2021,-2.43538583612838
Suriname,SUR,2020,-15.9751917148622
Suriname,SUR,2019,1.16758977233877
Suriname,SUR,2018,4.94827108468886
Suriname,SUR,2017,1.56603782534897
Suriname,SUR,2016,-4.91166050905851
Suriname,SUR,2015,-3.41304268067621
Suriname,SUR,2014,0.255503031645475
Suriname,SUR,2013,2.9334416518612
Sweden,SWE,2025,1.54316373266217
Sweden,SWE,2024,1.01779633304398
Sweden,SWE,2023,-0.204061304891439
Sweden,SWE,2022,1.25543620445816
Sweden,SWE,2021,5.2258643028773
Sweden,SWE,2020,-1.93379704032216
Sweden,SWE,2019,2.60823012869524
Sweden,SWE,2018,1.7702553546772
Sweden,SWE,2017,1.88282184966646
Sweden,SWE,2016,2.13117914731151
Sweden,SWE,2015,4.38824673608589
Sweden,SWE,2014,2.29577238758284
Sweden,SWE,2013,1.13766671801426
Switzerland,CHE,2025,1.30007790958307
Switzerland,CHE,2024,1.39033363875791
Switzerland,CHE,2023,0.825560934124624
Switzerland,CHE,2022,3.53430286842426
Switzerland,CHE,2021,6.17622836050151
Switzerland,CHE,2020,-2.2552579425106
Switzerland,CHE,2019,1.11532187197474
Switzerland,CHE,2018,3.32743256101493
Switzerland,CHE,2017,1.42034612231261
Switzerland,CHE,2016,1.91159094214852
Switzerland,CHE,2015,1.45450336491099
Switzerland,CHE,2014,2.54342347675991
Switzerland,CHE,2013,1.83612392927999
Syrian Arab Republic,SYR,2025,
Syrian Arab Republic,SYR,2024,
Syrian Arab Republic,SYR,2023,
Syrian Arab Republic,SYR,2022,-0.20247264200475
Syrian Arab Republic,SYR,2021,1.7896919997567
Syrian Arab Republic,SYR,2020,0.954914586675713
Syrian Arab Republic,SYR,2019,1.22072818348491
Syrian Arab Republic,SYR,2018,1.39323324059961
Syrian Arab Republic,SYR,2017,-0.723346297115341
Syrian Arab Republic,SYR,2016,-6.40568496867387
Syrian Arab Republic,SYR,2015,-4.17969204561759
Syrian Arab Republic,SYR,2014,-10.3103412087823
Syrian Arab Republic,SYR,2013,-26.3002577493205
Tajikistan,TJK,2025,8.40000053390075
Tajikistan,TJK,2024,8.39999980983981
Tajikistan,TJK,2023,8.29999921651935
Tajikistan,TJK,2022,8.00000033846364
Tajikistan,TJK,2021,9.39999955037523
Tajikistan,TJK,2020,4.40000111553493
Tajikistan,TJK,2019,7.40000016310556
Tajikistan,TJK,2018,7.5999988895536
Tajikistan,TJK,2017,7.10000041864309
Tajikistan,TJK,2016,6.89999999999999
Tajikistan,TJK,2015,6.01930331771186
Tajikistan,TJK,2014,6.70000069016253
Tajikistan,TJK,2013,7.39999974700379
Tanzania,TZA,2025,5.85286828692739
Tanzania,TZA,2024,5.5263138305945
Tanzania,TZA,2023,5.06952353203394
Tanzania,TZA,2022,4.56600576430955
Tanzania,TZA,2021,4.32138429480482
Tanzania,TZA,2020,1.99196460647855
Tanzania,TZA,2019,5.79999999996723
Tanzania,TZA,2018,5.50267599384966
Tanzania,TZA,2017,6.72726996832438
Tanzania,TZA,2016,6.86711619644551
Tanzania,TZA,2015,6.16062877406682
Tanzania,TZA,2014,6.73246186832483
Tanzania,TZA,2013,6.78158560065316
Thailand,THA,2025,2.44247444990198
Thailand,THA,2024,2.94859986593323
Thailand,THA,2023,2.24883437970568
Thailand,THA,2022,2.63784213566305
Thailand,THA,2021,1.55858232076893
Thailand,THA,2020,-6.09306312966953
Thailand,THA,2019,2.11455779628278
Thailand,THA,2018,4.22287028746071
Thailand,THA,2017,4.1776810321001
Thailand,THA,2016,3.43515771692182
Thailand,THA,2015,3.13404724911635
Thailand,THA,2014,0.984468863619426
Thailand,THA,2013,2.68749556320556
Timor-Leste,TLS,2025,6.97538939119629
Timor-Leste,TLS,2024,-9.10069289810397
Timor-Leste,TLS,2023,-18.1359049134472
Timor-Leste,TLS,2022,-20.5224802314812
Timor-Leste,TLS,2021,5.36980119392668
Timor-Leste,TLS,2020,31.7257416721413
Timor-Leste,TLS,2019,24.2128840085001
Timor-Leste,TLS,2018,-0.466502170658785
Timor-Leste,TLS,2017,-3.18241522489195
Timor-Leste,TLS,2016,3.00993062553351
Timor-Leste,TLS,2015,2.48004040218397
Timor-Leste,TLS,2014,4.47249846569638
Timor-Leste,TLS,2013,3.10436683211147
Togo,TGO,2025,6.31032671625633
Togo,TGO,2024,6.52651376797853
Togo,TGO,2023,6.19762969378132
Togo,TGO,2022,6.29443692019429
Togo,TGO,2021,5.13562929064506
Togo,TGO,2020,2.15900131150536
Togo,TGO,2019,4.91949260488683
Togo,TGO,2018,4.79518333086139
Togo,TGO,2017,4.00791259566937
Togo,TGO,2016,4.21490387414525
Togo,TGO,2015,5.4680413807304
Togo,TGO,2014,5.63323739145223
Togo,TGO,2013,5.82425069283059
Tonga,TON,2025,2.79999999999998
Tonga,TON,2024,1.71653807667747
Tonga,TON,2023,2.79014715494606
Tonga,TON,2022,-2.12854876486114
Tonga,TON,2021,-0.934919892094683
Tonga,TON,2020,1.80618715298932
Tonga,TON,2019,-0.285210784299821
Tonga,TON,2018,0.527828083180253
Tonga,TON,2017,3.20231976224244
Tonga,TON,2016,6.59869879417958
Tonga,TON,2015,1.11374402398066
Tonga,TON,2014,1.99053769890816
Tonga,TON,2013,0.393922530137331
Trinidad and Tobago,TTO,2025,-0.787768572727643
Trinidad and Tobago,TTO,2024,2.50920813979569
Trinidad and Tobago,TTO,2023,1.46645947294053
Trinidad and Tobago,TTO,2022,0.86126082651883
Trinidad and Tobago,TTO,2021,-0.716740625909793
Trinidad and Tobago,TTO,2020,-8.78879817831519
Trinidad and Tobago,TTO,2019,0.467734528855885
Trinidad and Tobago,TTO,2018,-0.945449700943314
Trinidad and Tobago,TTO,2017,-4.87274946918724
Trinidad and Tobago,TTO,2016,-7.53636305379372
Trinidad and Tobago,TTO,2015,-0.406283288730492
Trinidad and Tobago,TTO,2014,3.67086851032413
Trinidad and Tobago,TTO,2013,3.36819291689019
Tunisia,TUN,2025,2.49311010666248
Tunisia,TUN,2024,1.61444564976986
Tunisia,TUN,2023,0.184015548469745
Tunisia,TUN,2022,2.75228761004381
Tunisia,TUN,2021,4.73603648206102
Tunisia,TUN,2020,-8.97512622934723
Tunisia,TUN,2019,1.55009304966742
Tunisia,TUN,2018,2.60696965356362
Tunisia,TUN,2017,2.25261437620587
Tunisia,TUN,2016,1.117231963992
Tunisia,TUN,2015,0.967834205635981
Tunisia,TUN,2014,3.09032803070775
Tunisia,TUN,2013,2.42993096446429
Turkiye,TUR,2025,3.60462514082589
Turkiye,TUR,2024,3.3276230893799
Turkiye,TUR,2023,5.04512369812289
Turkiye,TUR,2022,5.44122511322401
Turkiye,TUR,2021,11.811094450607
Turkiye,TUR,2020,1.80306247087255
Turkiye,TUR,2019,1.30162365464503
Turkiye,TUR,2018,3.46815306092219
Turkiye,TUR,2017,7.82585730002594
Turkiye,TUR,2016,3.32366508200445
Turkiye,TUR,2015,5.80557386628684
Turkiye,TUR,2014,4.60079447270559
Turkiye,TUR,2013,8.48825689298511
Turkmenistan,TKM,2025,6.30000003697894
Turkmenistan,TKM,2024,6.28235647996578
Turkmenistan,TKM,2023,6.31879850268643
Turkmenistan,TKM,2022,6.23491365071671
Turkmenistan,TKM,2021,6.15115785574542
Turkmenistan,TKM,2020,5.87065623130427
Turkmenistan,TKM,2019,6.33169567608873
Turkmenistan,TKM,2018,6.20602363832646
Turkmenistan,TKM,2017,6.45138358820188
Turkmenistan,TKM,2016,6.22909997062793
Turkmenistan,TKM,2015,6.45254918531575
Turkmenistan,TKM,2014,10.3497353947965
Turkmenistan,TKM,2013,10.1628450365084
Turks and Caicos Islands,TCA,2025,
Turks and Caicos Islands,TCA,2024,5.63682517443362
Turks and Caicos Islands,TCA,2023,13.7311481139228
Turks and Caicos Islands,TCA,2022,14.0871234168153
Turks and Caicos Islands,TCA,2021,29.6293781722414
Turks and Caicos Islands,TCA,2020,-33.8170973434652
Turks and Caicos Islands,TCA,2019,4.98170549382992
Turks and Caicos Islands,TCA,2018,6.75264845178367
Turks and Caicos Islands,TCA,2017,74.5879880544188
Turks and Caicos Islands,TCA,2016,7.25118627570265
Turks and Caicos Islands,TCA,2015,11.3148293929929
Turks and Caicos Islands,TCA,2014,8.71129580824217
Turks and Caicos Islands,TCA,2013,1.07088049554032
Tuvalu,TUV,2025,1.63934426229508
Tuvalu,TUV,2024,3.38983050847457
Tuvalu,TUV,2023,3.50877192982458
Tuvalu,TUV,2022,-10.9375
Tuvalu,TUV,2021,0.0
Tuvalu,TUV,2020,-3.03030303030303
Tuvalu,TUV,2019,13.4465048163198
Tuvalu,TUV,2018,1.38668386152332
Tuvalu,TUV,2017,3.26802914033142
Tuvalu,TUV,2016,4.77650497336539
Tuvalu,TUV,2015,9.37896384662504
Tuvalu,TUV,2014,1.66722583350807
Tuvalu,TUV,2013,3.80502330116951
Uganda,UGA,2025,6.33181157677313
Uganda,UGA,2024,6.05558075875589
Uganda,UGA,2023,5.33697295511469
Uganda,UGA,2022,4.58802192181773
Uganda,UGA,2021,3.53658034070898
Uganda,UGA,2020,2.95130642218098
Uganda,UGA,2019,6.43874503276439
Uganda,UGA,2018,6.30392378262997
Uganda,UGA,2017,3.13140551723596
Uganda,UGA,2016,4.78100029254482
Uganda,UGA,2015,5.18785986002466
Uganda,UGA,2014,5.10630732539796
Uganda,UGA,2013,3.58690582623025
Ukraine,UKR,2025,1.82152376756284
Ukraine,UKR,2024,3.24811808426423
Ukraine,UKR,2023,5.53473354963334
Ukraine,UKR,2022,-28.7585842155085
Ukraine,UKR,2021,3.44562065945944
Ukraine,UKR,2020,-3.75281793983162
Ukraine,UKR,2019,3.19950386354134
Ukraine,UKR,2018,3.48836234022659
Ukraine,UKR,2017,2.35997228099491
Ukraine,UKR,2016,2.44098194492067
Ukraine,UKR,2015,-9.7729872128676
Ukraine,UKR,2014,-10.0788949840953
Ukraine,UKR,2013,0.045439094492707
United Arab Emirates,ARE,2025,
United Arab Emirates,ARE,2024,3.99181200361831
United Arab Emirates,ARE,2023,4.30113648499413
United Arab Emirates,ARE,2022,7.51452414254605
United Arab Emirates,ARE,2021,4.55280140106356
United Arab Emirates,ARE,2020,-8.69343363776639
United Arab Emirates,ARE,2019,1.27129120536284
United Arab Emirates,ARE,2018,1.53720634021511
United Arab Emirates,ARE,2017,-1.06137114472548
United Arab Emirates,ARE,2016,5.65790147196586
United Arab Emirates,ARE,2015,7.08766622657654
United Arab Emirates,ARE,2014,4.63291785879667
United Arab Emirates,ARE,2013,4.9184505919085
United Kingdom,GBR,2025,1.38844207858726
United Kingdom,GBR,2024,1.08027716858781
United Kingdom,GBR,2023,0.271650048355255
United Kingdom,GBR,2022,5.14970388522993
United Kingdom,GBR,2021,8.5431118453255
United Kingdom,GBR,2020,-10.047896637362
United Kingdom,GBR,2019,1.25629899760824
United Kingdom,GBR,2018,1.55133095078786
United Kingdom,GBR,2017,3.02322219840339
United Kingdom,GBR,2016,2.20652020635357
United Kingdom,GBR,2015,2.14040560033371
United Kingdom,GBR,2014,3.16017351468152
United Kingdom,GBR,2013,1.71846961308464
United States,USA,2025,2.16138195623856
United States,USA,2024,2.79318715363841
United States,USA,2023,2.93436322440155
United States,USA,2022,2.52421385073222
United States,USA,2021,6.15202247867526
United States,USA,2020,-2.081375977796
United States,USA,2019,2.58382533052225
United States,USA,2018,2.96650506701943
United States,USA,2017,2.45762230126449
United States,USA,2016,1.81945147909089
United States,USA,2015,2.94555045227337
United States,USA,2014,2.52381981757846
United States,USA,2013,2.11783009443471
Uruguay,URY,2025,1.78471117082752
Uruguay,URY,2024,3.32575905957381
Uruguay,URY,2023,0.761749241321681
Uruguay,URY,2022,4.60623000920732
Uruguay,URY,2021,5.84427325018082
Uruguay,URY,2020,-7.35732706897301
Uruguay,URY,2019,0.928351027546341
Uruguay,URY,2018,0.164777608846705
Uruguay,URY,2017,1.74037649141989
Uruguay,URY,2016,1.68979822971775
Uruguay,URY,2015,0.370741257681345
Uruguay,URY,2014,3.23879122952364
Uruguay,URY,2013,4.63753862902416
Uzbekistan,UZB,2025,7.69962477932913
Uzbekistan,UZB,2024,6.67618796188361
Uzbekistan,UZB,2023,6.31603004201926
Uzbekistan,UZB,2022,6.08592335737373
Uzbekistan,UZB,2021,8.20448512353877
Uzbekistan,UZB,2020,1.62162281640448
Uzbekistan,UZB,2019,6.79331098484522
Uzbekistan,UZB,2018,5.72368380757618
Uzbekistan,UZB,2017,4.70027401956061
Uzbekistan,UZB,2016,6.71108022628
Uzbekistan,UZB,2015,7.94477659311639
Uzbekistan,UZB,2014,7.71373911707978
Uzbekistan,UZB,2013,7.9217749261021
Vanuatu,VUT,2025,3.05357824026483
Vanuatu,VUT,2024,3.76564827114278
Vanuatu,VUT,2023,5.82973013269719
Vanuatu,VUT,2022,5.59195729750803
Vanuatu,VUT,2021,-1.16332488626091
Vanuatu,VUT,2020,-5.72530282073851
Vanuatu,VUT,2019,3.27677257380314
Vanuatu,VUT,2018,2.51532789491979
Vanuatu,VUT,2017,4.22332192519966
Vanuatu,VUT,2016,3.61980830670927
Vanuatu,VUT,2015,3.50101268962098
Vanuatu,VUT,2014,3.10512947273315
Vanuatu,VUT,2013,0.463390415135436
"Venezuela, RB",VEN,2025,1.57068062827224
"Venezuela, RB",VEN,2024,5.52486187845305
"Venezuela, RB",VEN,2023,4.02298850574712
"Venezuela, RB",VEN,2022,8.07453416149069
"Venezuela, RB",VEN,2021,0.625000000000014
"Venezuela, RB",VEN,2020,-29.8245614035088
"Venezuela, RB",VEN,2019,-27.6190476190476
"Venezuela, RB",VEN,2018,-19.6428571428571
"Venezuela, RB",VEN,2017,-15.6989247311828
"Venezuela, RB",VEN,2016,-17.1122994652406
"Venezuela, RB",VEN,2015,-6.18729096989966
"Venezuela, RB",VEN,2014,-3.85852090032154
"Venezuela, RB",VEN,2013,1.30293159609121
Viet Nam,VNM,2025,8.01882998978245
Viet Nam,VNM,2024,7.03955197123018
Viet Nam,VNM,2023,4.97865959483225
Viet Nam,VNM,2022,8.53750041218142
Viet Nam,VNM,2021,2.55372852648131
Viet Nam,VNM,2020,2.86541320912272
Viet Nam,VNM,2019,7.35926270105006
Viet Nam,VNM,2018,7.46500685572751
Viet Nam,VNM,2017,6.94019037359206
Viet Nam,VNM,2016,6.69000892660424
Viet Nam,VNM,2015,6.98715430598611
Viet Nam,VNM,2014,6.42224312118567
Viet Nam,VNM,2013,5.55351081026072
Virgin Islands (U.S.),VIR,2025,
Virgin Islands (U.S.),VIR,2024,
Virgin Islands (U.S.),VIR,2023,
Virgin Islands (U.S.),VIR,2022,-1.31123206333498
Virgin Islands (U.S.),VIR,2021,3.66760707873814
Virgin Islands (U.S.),VIR,2020,-1.61493817814787
Virgin Islands (U.S.),VIR,2019,2.90833549727343
Virgin Islands (U.S.),VIR,2018,1.87830687830687
Virgin Islands (U.S.),VIR,2017,-0.735294117647058
Virgin Islands (U.S.),VIR,2016,1.6008537886873
Virgin Islands (U.S.),VIR,2015,-0.425079702444208
Virgin Islands (U.S.),VIR,2014,-1.77453027139875
Virgin Islands (U.S.),VIR,2013,-6.28515529469308
West Bank and Gaza,PSE,2025,4.34444072337577
West Bank and Gaza,PSE,2024,-22.8573273913324
West Bank and Gaza,PSE,2023,-0.97217780620403
West Bank and Gaza,PSE,2022,4.08276027347105
West Bank and Gaza,PSE,2021,7.01198227592003
West Bank and Gaza,PSE,2020,-11.3184661065134
West Bank and Gaza,PSE,2019,1.36268746558062
West Bank and Gaza,PSE,2018,1.22707737782703
West Bank and Gaza,PSE,2017,1.41936756294787
West Bank and Gaza,PSE,2016,8.86461881995935
West Bank and Gaza,PSE,2015,3.72129967114788
West Bank and Gaza,PSE,2014,-0.157866650855297
West Bank and Gaza,PSE,2013,4.69856986552234
"Yemen, Rep.",YEM,2025,
"Yemen, Rep.",YEM,2024,
"Yemen, Rep.",YEM,2023,
"Yemen, Rep.",YEM,2022,
"Yemen, Rep.",YEM,2021,
"Yemen, Rep.",YEM,2020,
"Yemen, Rep.",YEM,2019,
"Yemen, Rep.",YEM,2018,0.752447592962554
"Yemen, Rep.",YEM,2017,-5.07179568062152
"Yemen, Rep.",YEM,2016,-9.37512379736752
"Yemen, Rep.",YEM,2015,-27.9945462502541
"Yemen, Rep.",YEM,2014,-0.188690241954504
"Yemen, Rep.",YEM,2013,4.82351908493912
Zambia,ZMB,2025,3.75772836763902
Zambia,ZMB,2024,3.82004825518591
Zambia,ZMB,2023,5.36794285493059
Zambia,ZMB,2022,5.21122360356247
Zambia,ZMB,2021,6.23492204726448
Zambia,ZMB,2020,-2.78505506545167
Zambia,ZMB,2019,1.44130602603785
Zambia,ZMB,2018,4.03449389667165
Zambia,ZMB,2017,3.52586277149926
Zambia,ZMB,2016,3.75510031678988
Zambia,ZMB,2015,2.92037511217961
Zambia,ZMB,2014,4.69328316376705
Zambia,ZMB,2013,5.05753695047252
Zimbabwe,ZWE,2025,8.10671343048909
Zimbabwe,ZWE,2024,1.67649454921512
Zimbabwe,ZWE,2023,5.3508687909833
Zimbabwe,ZWE,2022,6.13926327570213
Zimbabwe,ZWE,2021,8.46801676808001
Zimbabwe,ZWE,2020,-7.81695060188729
Zimbabwe,ZWE,2019,-6.33244976028571
Zimbabwe,ZWE,2018,5.00992154297603
Zimbabwe,ZWE,2017,4.73441117758482
Zimbabwe,ZWE,2016,0.75579405855224
Zimbabwe,ZWE,2015,1.77985356392176
Zimbabwe,ZWE,2014,2.37698561663417
Zimbabwe,ZWE,2013,1.98948554025198
