country_name,iso3,year,gdp_current_usd
Africa Eastern and Southern,AFE,2025,1358694050872.54
Africa Eastern and Southern,AFE,2024,1252564134751.16
Africa Eastern and Southern,AFE,2023,1179121535535.41
Africa Eastern and Southern,AFE,2022,1226461319482.05
Africa Eastern and Southern,AFE,2021,1113059797223.9
Africa Eastern and Southern,AFE,2020,938546103425.609
Africa Eastern and Southern,AFE,2019,1019354194063.69
Africa Eastern and Southern,AFE,2018,1021971569379.4
Africa Eastern and Southern,AFE,2017,979240640383.155
Africa Eastern and Southern,AFE,2016,832661416653.091
Africa Eastern and Southern,AFE,2015,909905339457.167
Africa Eastern and Southern,AFE,2014,998727180531.477
Africa Eastern and Southern,AFE,2013,981203198866.08
Africa Western and Central,AFW,2025,852526995230.254
Africa Western and Central,AFW,2024,737366967283.718
Africa Western and Central,AFW,2023,938480674635.085
Africa Western and Central,AFW,2022,1063748247138.21
Africa Western and Central,AFW,2021,1026670180885.97
Africa Western and Central,AFW,2020,963688197941.774
Africa Western and Central,AFW,2019,1026527768676.04
Africa Western and Central,AFW,2018,777805844264.864
Africa Western and Central,AFW,2017,694206358825.098
Africa Western and Central,AFW,2016,699979485002.844
Africa Western and Central,AFW,2015,778037497377.313
Africa Western and Central,AFW,2014,904094866776.536
Africa Western and Central,AFW,2013,844187976557.843
Arab World,ARB,2025,3797527236194.65
Arab World,ARB,2024,3745043769553.0
Arab World,ARB,2023,3617895070373.04
Arab World,ARB,2022,3752344988903.0
Arab World,ARB,2021,3090113052044.16
Arab World,ARB,2020,2608795934173.51
Arab World,ARB,2019,2969429771610.46
Arab World,ARB,2018,2924906594129.03
Arab World,ARB,2017,2615263227679.8
Arab World,ARB,2016,2540369856563.15
Arab World,ARB,2015,2584151265962.58
Arab World,ARB,2014,2940745822078.8
Arab World,ARB,2013,2887116130913.48
Caribbean small states,CSS,2025,95141207521.3621
Caribbean small states,CSS,2024,90434300483.4678
Caribbean small states,CSS,2023,79594075306.6477
Caribbean small states,CSS,2022,78475897832.9531
Caribbean small states,CSS,2021,62692425791.373
Caribbean small states,CSS,2020,53339533047.3726
Caribbean small states,CSS,2019,62185048912.3359
Caribbean small states,CSS,2018,61251232769.8672
Caribbean small states,CSS,2017,59854333034.3488
Caribbean small states,CSS,2016,58077597799.5106
Caribbean small states,CSS,2015,62546622822.0285
Caribbean small states,CSS,2014,64139344973.1037
Caribbean small states,CSS,2013,62057809452.4886
Central Europe and the Baltics,CEB,2025,2762562481345.2
Central Europe and the Baltics,CEB,2024,2463134865871.42
Central Europe and the Baltics,CEB,2023,2273564082260.43
Central Europe and the Baltics,CEB,2022,1954028005289.23
Central Europe and the Baltics,CEB,2021,1926387937049.61
Central Europe and the Baltics,CEB,2020,1678297364952.0
Central Europe and the Baltics,CEB,2019,1684322326510.05
Central Europe and the Baltics,CEB,2018,1656387103225.12
Central Europe and the Baltics,CEB,2017,1467504296996.79
Central Europe and the Baltics,CEB,2016,1321564300745.06
Central Europe and the Baltics,CEB,2015,1297144243677.59
Central Europe and the Baltics,CEB,2014,1467454376587.2
Central Europe and the Baltics,CEB,2013,1420225996416.23
Early-demographic dividend,EAR,2025,16406032169247.4
Early-demographic dividend,EAR,2024,15648921855175.6
Early-demographic dividend,EAR,2023,14791485754640.0
Early-demographic dividend,EAR,2022,13943279396110.6
Early-demographic dividend,EAR,2021,12689608907980.0
Early-demographic dividend,EAR,2020,10818113835119.8
Early-demographic dividend,EAR,2019,11681340567084.1
Early-demographic dividend,EAR,2018,11470147555427.1
Early-demographic dividend,EAR,2017,11321429912094.9
Early-demographic dividend,EAR,2016,10435095271533.5
Early-demographic dividend,EAR,2015,10141599371579.2
Early-demographic dividend,EAR,2014,10547017467024.3
Early-demographic dividend,EAR,2013,10342396461018.3
East Asia & Pacific,EAS,2025,33656980597208.2
East Asia & Pacific,EAS,2024,32200466782431.1
East Asia & Pacific,EAS,2023,31597454903562.8
East Asia & Pacific,EAS,2022,31457553986143.5
East Asia & Pacific,EAS,2021,31866900585287.8
East Asia & Pacific,EAS,2020,27716337916114.1
East Asia & Pacific,EAS,2019,27555988315218.6
East Asia & Pacific,EAS,2018,26967805751611.4
East Asia & Pacific,EAS,2017,24764692848732.2
East Asia & Pacific,EAS,2016,23197528991928.0
East Asia & Pacific,EAS,2015,22388696608294.0
East Asia & Pacific,EAS,2014,22461065423931.7
East Asia & Pacific,EAS,2013,21719346361874.9
East Asia & Pacific (excluding high income),EAP,2025,23247334500847.4
East Asia & Pacific (excluding high income),EAP,2024,22248728139844.3
East Asia & Pacific (excluding high income),EAP,2023,21645526054900.4
East Asia & Pacific (excluding high income),EAP,2022,21564016559632.4
East Asia & Pacific (excluding high income),EAP,2021,21231427856677.9
East Asia & Pacific (excluding high income),EAP,2020,17805087162972.8
East Asia & Pacific (excluding high income),EAP,2019,17503400404142.2
East Asia & Pacific (excluding high income),EAP,2018,16902232225491.5
East Asia & Pacific (excluding high income),EAP,2017,15115746338831.4
East Asia & Pacific (excluding high income),EAP,2016,13844229287201.0
East Asia & Pacific (excluding high income),EAP,2015,13549001701885.3
East Asia & Pacific (excluding high income),EAP,2014,13004796624150.5
East Asia & Pacific (excluding high income),EAP,2013,12047618706549.4
East Asia & Pacific (IDA & IBRD countries),TEA,2025,23218679986475.4
East Asia & Pacific (IDA & IBRD countries),TEA,2024,22221295178065.7
East Asia & Pacific (IDA & IBRD countries),TEA,2023,21618798469116.3
East Asia & Pacific (IDA & IBRD countries),TEA,2022,21537381722236.2
East Asia & Pacific (IDA & IBRD countries),TEA,2021,21205167482133.0
East Asia & Pacific (IDA & IBRD countries),TEA,2020,17783125335539.1
East Asia & Pacific (IDA & IBRD countries),TEA,2019,17481840638100.6
East Asia & Pacific (IDA & IBRD countries),TEA,2018,16881439039177.6
East Asia & Pacific (IDA & IBRD countries),TEA,2017,15097175319188.0
East Asia & Pacific (IDA & IBRD countries),TEA,2016,13827255558413.7
East Asia & Pacific (IDA & IBRD countries),TEA,2015,13532365705740.1
East Asia & Pacific (IDA & IBRD countries),TEA,2014,12988820106481.0
East Asia & Pacific (IDA & IBRD countries),TEA,2013,12032819510378.6
Euro area,EMU,2025,18010000307247.0
Euro area,EMU,2024,16601464538082.4
Euro area,EMU,2023,15957338405375.8
Euro area,EMU,2022,14578675912327.5
Euro area,EMU,2021,15008955622791.4
Euro area,EMU,2020,13338044901392.1
Euro area,EMU,2019,13658286442179.9
Euro area,EMU,2018,13937879176171.9
Euro area,EMU,2017,12901130483442.4
Euro area,EMU,2016,12177215800581.1
Euro area,EMU,2015,11880603228444.5
Euro area,EMU,2014,13739142693292.4
Euro area,EMU,2013,13413105856914.7
Europe & Central Asia,ECS,2025,32268612230366.9
Europe & Central Asia,ECS,2024,29371366035247.0
Europe & Central Asia,ECS,2023,27758730809930.4
Europe & Central Asia,ECS,2022,25850174701132.2
Europe & Central Asia,ECS,2021,25606138714522.2
Europe & Central Asia,ECS,2020,22340802078287.1
Europe & Central Asia,ECS,2019,23089828216899.5
Europe & Central Asia,ECS,2018,23360537744962.4
Europe & Central Asia,ECS,2017,21814876277943.7
Europe & Central Asia,ECS,2016,20560352355734.8
Europe & Central Asia,ECS,2015,20639397476661.5
Europe & Central Asia,ECS,2014,23959718523184.4
Europe & Central Asia,ECS,2013,23610195160751.0
Europe & Central Asia (excluding high income),ECA,2025,2815874458069.5
Europe & Central Asia (excluding high income),ECA,2024,2454291731125.3
Europe & Central Asia (excluding high income),ECA,2023,2141252006536.72
Europe & Central Asia (excluding high income),ECA,2022,1819829713206.56
Europe & Central Asia (excluding high income),ECA,2021,1670530886782.34
Europe & Central Asia (excluding high income),ECA,2020,1435629650684.1
Europe & Central Asia (excluding high income),ECA,2019,1500446538705.77
Europe & Central Asia (excluding high income),ECA,2018,1465381526737.36
Europe & Central Asia (excluding high income),ECA,2017,1497595120805.31
Europe & Central Asia (excluding high income),ECA,2016,1459048873589.79
Europe & Central Asia (excluding high income),ECA,2015,1521842301869.27
Europe & Central Asia (excluding high income),ECA,2014,1745687745481.27
Europe & Central Asia (excluding high income),ECA,2013,1818186938934.41
Europe & Central Asia (IDA & IBRD countries),TEC,2025,7077191807196.39
Europe & Central Asia (IDA & IBRD countries),TEC,2024,6147416367408.77
Europe & Central Asia (IDA & IBRD countries),TEC,2023,5535571828711.02
Europe & Central Asia (IDA & IBRD countries),TEC,2022,5264957389633.5
Europe & Central Asia (IDA & IBRD countries),TEC,2021,4627341470532.29
Europe & Central Asia (IDA & IBRD countries),TEC,2020,3913694661148.13
Europe & Central Asia (IDA & IBRD countries),TEC,2019,4176304236875.06
Europe & Central Asia (IDA & IBRD countries),TEC,2018,4086887247276.34
Europe & Central Asia (IDA & IBRD countries),TEC,2017,3925651486138.39
Europe & Central Asia (IDA & IBRD countries),TEC,2016,3500968563901.72
Europe & Central Asia (IDA & IBRD countries),TEC,2015,3645031517122.17
Europe & Central Asia (IDA & IBRD countries),TEC,2014,4663476749067.68
Europe & Central Asia (IDA & IBRD countries),TEC,2013,4934304443297.29
European Union,EUU,2025,21243212570163.3
European Union,EUU,2024,19501078750999.4
European Union,EUU,2023,18659279022583.3
European Union,EUU,2022,17023620598906.4
European Union,EUU,2021,17495257191725.6
European Union,EUU,2020,15504058553907.7
European Union,EUU,2019,15809077129406.2
European Union,EUU,2018,16092407006604.4
European Union,EUU,2017,14871316217995.7
European Union,EUU,2016,13988150566298.6
European Union,EUU,2015,13656255577702.6
European Union,EUU,2014,15763599531004.8
European Union,EUU,2013,15398511081475.3
Heavily indebted poor countries (HIPC),HPC,2025,1285481386975.21
Heavily indebted poor countries (HIPC),HPC,2024,1147966586426.9
Heavily indebted poor countries (HIPC),HPC,2023,1060851525652.8
Heavily indebted poor countries (HIPC),HPC,2022,1002950189402.75
Heavily indebted poor countries (HIPC),HPC,2021,924437668151.095
Heavily indebted poor countries (HIPC),HPC,2020,816212465074.075
Heavily indebted poor countries (HIPC),HPC,2019,811080887285.088
Heavily indebted poor countries (HIPC),HPC,2018,790361943446.387
Heavily indebted poor countries (HIPC),HPC,2017,735134788678.557
Heavily indebted poor countries (HIPC),HPC,2016,677053478623.394
Heavily indebted poor countries (HIPC),HPC,2015,674525283733.803
Heavily indebted poor countries (HIPC),HPC,2014,705379811037.148
Heavily indebted poor countries (HIPC),HPC,2013,667216081741.819
IBRD only,IBD,2025,43056359078690.0
IBRD only,IBD,2024,40766443406773.0
IBRD only,IBD,2023,39083500948084.9
IBRD only,IBD,2022,37847494888632.6
IBRD only,IBD,2021,35868904968937.8
IBRD only,IBD,2020,30194051534423.9
IBRD only,IBD,2019,31370912490347.0
IBRD only,IBD,2018,30727224343894.0
IBRD only,IBD,2017,28849480049390.9
IBRD only,IBD,2016,26134891989406.5
IBRD only,IBD,2015,25941217987927.1
IBRD only,IBD,2014,27552867783541.2
IBRD only,IBD,2013,26787319485055.1
IDA & IBRD total,IBT,2025,46251403468584.1
IDA & IBRD total,IBT,2024,43660232631553.3
IDA & IBRD total,IBT,2023,42011330091982.8
IDA & IBRD total,IBT,2022,40927482641799.6
IDA & IBRD total,IBT,2021,38735463663158.6
IDA & IBRD total,IBT,2020,32817339931222.2
IDA & IBRD total,IBT,2019,34074782748271.7
IDA & IBRD total,IBT,2018,33140778408492.4
IDA & IBRD total,IBT,2017,31121226985041.1
IDA & IBRD total,IBT,2016,28299821225498.5
IDA & IBRD total,IBT,2015,28118750119954.2
IDA & IBRD total,IBT,2014,29793136753560.6
IDA & IBRD total,IBT,2013,28868139569390.0
IDA blend,IDB,2025,1270032242274.1
IDA blend,IDB,2024,1123047633991.39
IDA blend,IDB,2023,1277421993702.09
IDA blend,IDB,2022,1461048245644.69
IDA blend,IDB,2021,1373195862361.12
IDA blend,IDB,2020,1262159381015.61
IDA blend,IDB,2019,1357319294877.02
IDA blend,IDB,2018,1127900531096.51
IDA blend,IDB,2017,1067274924059.64
IDA blend,IDB,2016,1047494187995.75
IDA blend,IDB,2015,1116256560392.48
IDA blend,IDB,2014,1175043316339.54
IDA blend,IDB,2013,1081001766014.43
IDA only,IDX,2025,1925012147619.92
IDA only,IDX,2024,1770741590788.96
IDA only,IDX,2023,1650407150195.89
IDA only,IDX,2022,1618939507522.38
IDA only,IDX,2021,1493362831859.7
IDA only,IDX,2020,1361129015782.66
IDA only,IDX,2019,1346550963047.7
IDA only,IDX,2018,1285653533501.84
IDA only,IDX,2017,1204472011590.63
IDA only,IDX,2016,1117435048096.23
IDA only,IDX,2015,1061275571634.61
IDA only,IDX,2014,1065225653679.88
IDA only,IDX,2013,999818318320.414
IDA total,IDA,2025,3195044389894.02
IDA total,IDA,2024,2893789224780.35
IDA total,IDA,2023,2927829143897.98
IDA total,IDA,2022,3079987753167.07
IDA total,IDA,2021,2866558694220.81
IDA total,IDA,2020,2623288396798.27
IDA total,IDA,2019,2703870257924.72
IDA total,IDA,2018,2413554064598.36
IDA total,IDA,2017,2271746935650.27
IDA total,IDA,2016,2164929236091.98
IDA total,IDA,2015,2177532132027.09
IDA total,IDA,2014,2240268970019.42
IDA total,IDA,2013,2080820084334.84
Late-demographic dividend,LTE,2025,31873985161936.8
Late-demographic dividend,LTE,2024,29983452735875.0
Late-demographic dividend,LTE,2023,28909440099233.0
Late-demographic dividend,LTE,2022,28553586772075.8
Late-demographic dividend,LTE,2021,27284909409699.1
Late-demographic dividend,LTE,2020,22869846935930.6
Late-demographic dividend,LTE,2019,23366922633045.5
Late-demographic dividend,LTE,2018,22907807978183.2
Late-demographic dividend,LTE,2017,20889290528064.1
Late-demographic dividend,LTE,2016,18841938118214.3
Late-demographic dividend,LTE,2015,18797219516598.6
Late-demographic dividend,LTE,2014,19998109363135.1
Late-demographic dividend,LTE,2013,19233517996185.8
Latin America & Caribbean,LCN,2025,7395989651242.09
Latin America & Caribbean,LCN,2024,7088767706234.51
Latin America & Caribbean,LCN,2023,6909980461601.21
Latin America & Caribbean,LCN,2022,6147092422711.93
Latin America & Caribbean,LCN,2021,5383564425117.23
Latin America & Caribbean,LCN,2020,4627829769474.15
Latin America & Caribbean,LCN,2019,5473792638347.11
Latin America & Caribbean,LCN,2018,5581213957025.26
Latin America & Caribbean,LCN,2017,5715231248363.46
Latin America & Caribbean,LCN,2016,5148783766945.08
Latin America & Caribbean,LCN,2015,5289417937086.3
Latin America & Caribbean,LCN,2014,6218059801942.29
Latin America & Caribbean,LCN,2013,6252125316234.8
Latin America & Caribbean (excluding high income),LAC,2025,6523496128943.99
Latin America & Caribbean (excluding high income),LAC,2024,6266421572816.08
Latin America & Caribbean (excluding high income),LAC,2023,6114807611697.98
Latin America & Caribbean (excluding high income),LAC,2022,5425723261080.83
Latin America & Caribbean (excluding high income),LAC,2021,4694652116377.4
Latin America & Caribbean (excluding high income),LAC,2020,4034164122634.89
Latin America & Caribbean (excluding high income),LAC,2019,4821625109314.74
Latin America & Caribbean (excluding high income),LAC,2018,4918723143160.92
Latin America & Caribbean (excluding high income),LAC,2017,5076766505994.78
Latin America & Caribbean (excluding high income),LAC,2016,4551782151517.8
Latin America & Caribbean (excluding high income),LAC,2015,4703989762871.3
Latin America & Caribbean (excluding high income),LAC,2014,5620010717338.88
Latin America & Caribbean (excluding high income),LAC,2013,5644127674357.65
Latin America & the Caribbean (IDA & IBRD countries),TLA,2025,7050566084338.85
Latin America & the Caribbean (IDA & IBRD countries),TLA,2024,6755669283863.94
Latin America & the Caribbean (IDA & IBRD countries),TLA,2023,6590712953369.3
Latin America & the Caribbean (IDA & IBRD countries),TLA,2022,5853946060777.18
Latin America & the Caribbean (IDA & IBRD countries),TLA,2021,5119629917733.74
Latin America & the Caribbean (IDA & IBRD countries),TLA,2020,4388400203662.59
Latin America & the Caribbean (IDA & IBRD countries),TLA,2019,5230913289241.76
Latin America & the Caribbean (IDA & IBRD countries),TLA,2018,5347169359023.49
Latin America & the Caribbean (IDA & IBRD countries),TLA,2017,5482938029714.53
Latin America & the Caribbean (IDA & IBRD countries),TLA,2016,4922127744500.54
Latin America & the Caribbean (IDA & IBRD countries),TLA,2015,5068412682233.61
Latin America & the Caribbean (IDA & IBRD countries),TLA,2014,6005472855928.78
Latin America & the Caribbean (IDA & IBRD countries),TLA,2013,6044199922527.12
Least developed countries: UN classification,LDC,2025,1653686211542.1
Least developed countries: UN classification,LDC,2024,1542009429614.64
Least developed countries: UN classification,LDC,2023,1459140154701.04
Least developed countries: UN classification,LDC,2022,1471699265269.38
Least developed countries: UN classification,LDC,2021,1302642870995.53
Least developed countries: UN classification,LDC,2020,1179620504897.32
Least developed countries: UN classification,LDC,2019,1169533458405.7
Least developed countries: UN classification,LDC,2018,1117321176649.3
Least developed countries: UN classification,LDC,2017,1045823616290.85
Least developed countries: UN classification,LDC,2016,953366743642.222
Least developed countries: UN classification,LDC,2015,945963113669.267
Least developed countries: UN classification,LDC,2014,993293176451.796
Least developed countries: UN classification,LDC,2013,924587754781.973
Low & middle income,LMY,2025,41478597585191.8
Low & middle income,LMY,2024,39490940514619.9
Low & middle income,LMY,2023,38155314219988.0
Low & middle income,LMY,2022,37082867531465.4
Low & middle income,LMY,2021,35394243111591.4
Low & middle income,LMY,2020,30018039872473.6
Low & middle income,LMY,2019,31024374981412.2
Low & middle income,LMY,2018,30124203119691.2
Low & middle income,LMY,2017,28319199325293.0
Low & middle income,LMY,2016,25917599955464.9
Low & middle income,LMY,2015,25659752659960.1
Low & middle income,LMY,2014,26519136607008.2
Low & middle income,LMY,2013,25380075062402.9
"Middle East, North Africa, Afghanistan & Pakistan",MEA,2025,5135569539885.64
"Middle East, North Africa, Afghanistan & Pakistan",MEA,2024,5103019931842.71
"Middle East, North Africa, Afghanistan & Pakistan",MEA,2023,4902253052059.01
"Middle East, North Africa, Afghanistan & Pakistan",MEA,2022,5035779695254.83
"Middle East, North Africa, Afghanistan & Pakistan",MEA,2021,4315472921456.39
"Middle East, North Africa, Afghanistan & Pakistan",MEA,2020,3592277157538.87
"Middle East, North Africa, Afghanistan & Pakistan",MEA,2019,4022588786208.41
"Middle East, North Africa, Afghanistan & Pakistan",MEA,2018,4053744446046.43
"Middle East, North Africa, Afghanistan & Pakistan",MEA,2017,3798189271504.22
"Middle East, North Africa, Afghanistan & Pakistan",MEA,2016,3627179370571.64
"Middle East, North Africa, Afghanistan & Pakistan",MEA,2015,3561595503548.09
"Middle East, North Africa, Afghanistan & Pakistan",MEA,2014,3958172789906.38
"Middle East, North Africa, Afghanistan & Pakistan",MEA,2013,3918727955940.41
"Middle East, North Africa, Afghanistan & Pakistan (excluding high income)",MNA,2025,2132889870483.32
"Middle East, North Africa, Afghanistan & Pakistan (excluding high income)",MNA,2024,2197681462518.61
"Middle East, North Africa, Afghanistan & Pakistan (excluding high income)",MNA,2023,2094194824252.19
"Middle East, North Africa, Afghanistan & Pakistan (excluding high income)",MNA,2022,2165681910516.43
"Middle East, North Africa, Afghanistan & Pakistan (excluding high income)",MNA,2021,1944658742702.15
"Middle East, North Africa, Afghanistan & Pakistan (excluding high income)",MNA,2020,1672646665964.66
"Middle East, North Africa, Afghanistan & Pakistan (excluding high income)",MNA,2019,1838491544905.83
"Middle East, North Africa, Afghanistan & Pakistan (excluding high income)",MNA,2018,1881940334175.63
"Middle East, North Africa, Afghanistan & Pakistan (excluding high income)",MNA,2017,1882187717766.39
"Middle East, North Africa, Afghanistan & Pakistan (excluding high income)",MNA,2016,1852920687942.14
"Middle East, North Africa, Afghanistan & Pakistan (excluding high income)",MNA,2015,1784466385695.77
"Middle East, North Africa, Afghanistan & Pakistan (excluding high income)",MNA,2014,1923472432973.06
"Middle East, North Africa, Afghanistan & Pakistan (excluding high income)",MNA,2013,1933842437518.53
"Middle East, North Africa, Afghanistan & Pakistan (IDA & IBRD)",TMN,2025,2115722770483.32
"Middle East, North Africa, Afghanistan & Pakistan (IDA & IBRD)",TMN,2024,2181664562518.61
"Middle East, North Africa, Afghanistan & Pakistan (IDA & IBRD)",TMN,2023,2075559724252.19
"Middle East, North Africa, Afghanistan & Pakistan (IDA & IBRD)",TMN,2022,2146516410516.43
"Middle East, North Africa, Afghanistan & Pakistan (IDA & IBRD)",TMN,2021,1926549742702.15
"Middle East, North Africa, Afghanistan & Pakistan (IDA & IBRD)",TMN,2020,1657114965964.66
"Middle East, North Africa, Afghanistan & Pakistan (IDA & IBRD)",TMN,2019,1821358044905.83
"Middle East, North Africa, Afghanistan & Pakistan (IDA & IBRD)",TMN,2018,1865663734175.63
"Middle East, North Africa, Afghanistan & Pakistan (IDA & IBRD)",TMN,2017,1866059717766.39
"Middle East, North Africa, Afghanistan & Pakistan (IDA & IBRD)",TMN,2016,1837515287942.14
"Middle East, North Africa, Afghanistan & Pakistan (IDA & IBRD)",TMN,2015,1770493985695.77
"Middle East, North Africa, Afghanistan & Pakistan (IDA & IBRD)",TMN,2014,1909482732973.06
"Middle East, North Africa, Afghanistan & Pakistan (IDA & IBRD)",TMN,2013,1920326937518.54
Middle income,MIC,2025,40836798203180.8
Middle income,MIC,2024,38887384674053.3
Middle income,MIC,2023,37598001937865.0
Middle income,MIC,2022,36531426959364.9
Middle income,MIC,2021,34913762453380.2
Middle income,MIC,2020,29584575558650.2
Middle income,MIC,2019,30585555169458.0
Middle income,MIC,2018,29703780736503.7
Middle income,MIC,2017,27920575307382.3
Middle income,MIC,2016,25537051889993.7
Middle income,MIC,2015,25243424508586.8
Middle income,MIC,2014,26093245096359.9
Middle income,MIC,2013,24981032983624.9
North America,NAC,2025,33099237425506.2
North America,NAC,2024,31577283688683.4
North America,NAC,2023,30016713196347.4
North America,NAC,2022,28262944669046.3
North America,NAC,2021,25755312987896.8
North America,NAC,2020,23037855330882.0
North America,NAC,2019,23291134417156.9
North America,NAC,2018,22389072713237.7
North America,NAC,2017,21268513812514.6
North America,NAC,2016,20339809161640.9
North America,NAC,2015,19858183921200.2
North America,NAC,2014,19420303676809.0
North America,NAC,2013,18733732587414.4
OECD members,OED,2025,72543267888365.3
OECD members,OED,2024,68279421598473.9
OECD members,OED,2023,65416979138062.7
OECD members,OED,2022,61286449816069.9
OECD members,OED,2021,59666281326989.0
OECD members,OED,2020,53331159716240.7
OECD members,OED,2019,54485019277771.0
OECD members,OED,2018,53918014151383.0
OECD members,OED,2017,50962966454996.4
OECD members,OED,2016,48791020854023.8
OECD members,OED,2015,47849615079402.5
OECD members,OED,2014,50718548398932.9
OECD members,OED,2013,49637322451829.6
Other small states,OSS,2025,228636677706.691
Other small states,OSS,2024,208356256433.884
Other small states,OSS,2023,196776788550.521
Other small states,OSS,2022,181929859029.679
Other small states,OSS,2021,172054189148.087
Other small states,OSS,2020,146178019948.381
Other small states,OSS,2019,158537272264.689
Other small states,OSS,2018,158084162753.728
Other small states,OSS,2017,143284638053.643
Other small states,OSS,2016,128159306240.899
Other small states,OSS,2015,121433689793.067
Other small states,OSS,2014,135415534454.347
Other small states,OSS,2013,130969031866.96
Pacific island small states,PSS,2025,13005809518.6945
Pacific island small states,PSS,2024,12328647285.5226
Pacific island small states,PSS,2023,11293798175.2794
Pacific island small states,PSS,2022,10469882963.8981
Pacific island small states,PSS,2021,9575143114.30798
Pacific island small states,PSS,2020,9428309122.8276
Pacific island small states,PSS,2019,10750020320.3809
Pacific island small states,PSS,2018,10918390849.5149
Pacific island small states,PSS,2017,10408975105.1516
Pacific island small states,PSS,2016,9660620527.27464
Pacific island small states,PSS,2015,9199527864.78686
Pacific island small states,PSS,2014,9395064505.28979
Pacific island small states,PSS,2013,8650287218.9751
Post-demographic dividend,PST,2025,67379697065259.9
Post-demographic dividend,PST,2024,63619224251453.8
Post-demographic dividend,PST,2023,61116976921687.7
Post-demographic dividend,PST,2022,57655583144884.1
Post-demographic dividend,PST,2021,56312999693620.9
Post-demographic dividend,PST,2020,50460094948336.7
Post-demographic dividend,PST,2019,51425400491830.9
Post-demographic dividend,PST,2018,50874931441807.4
Post-demographic dividend,PST,2017,48003116664049.3
Post-demographic dividend,PST,2016,46016102013930.7
Post-demographic dividend,PST,2015,44970537111944.2
Post-demographic dividend,PST,2014,47527207893966.3
Post-demographic dividend,PST,2013,46537786135637.6
Pre-demographic dividend,PRE,2025,1665770125125.75
Pre-demographic dividend,PRE,2024,1516630881743.9
Pre-demographic dividend,PRE,2023,1679661211478.96
Pre-demographic dividend,PRE,2022,1857970259244.7
Pre-demographic dividend,PRE,2021,1632692476237.58
Pre-demographic dividend,PRE,2020,1493808964934.18
Pre-demographic dividend,PRE,2019,1634623930442.19
Pre-demographic dividend,PRE,2018,1372992333739.42
Pre-demographic dividend,PRE,2017,1234012453109.89
Pre-demographic dividend,PRE,2016,1179646343672.88
Pre-demographic dividend,PRE,2015,1327649722440.53
Pre-demographic dividend,PRE,2014,1564268518633.72
Pre-demographic dividend,PRE,2013,1476570945874.25
Small states,SST,2025,337311651764.509
Small states,SST,2024,311165525991.05
Small states,SST,2023,287664662032.448
Small states,SST,2022,270875639826.53
Small states,SST,2021,244321758053.768
Small states,SST,2020,208945862118.581
Small states,SST,2019,231472341497.406
Small states,SST,2018,230253786373.11
Small states,SST,2017,213547946193.144
Small states,SST,2016,195897524567.684
Small states,SST,2015,193179840479.883
Small states,SST,2014,208949943932.74
Small states,SST,2013,201677128538.424
South Asia,SAS,2025,4578021773987.28
South Asia,SAS,2024,4364256137661.4
South Asia,SAS,2023,4073084906363.46
South Asia,SAS,2022,3834471492016.05
South Asia,SAS,2021,3717045071947.61
South Asia,SAS,2020,3172770463540.28
South Asia,SAS,2019,3318484576408.75
South Asia,SAS,2018,3159841615195.03
South Asia,SAS,2017,3075955433025.62
South Asia,SAS,2016,2679313169084.49
South Asia,SAS,2015,2414503392327.99
South Asia,SAS,2014,2323062261802.12
South Asia,SAS,2013,2111097580244.47
South Asia (IDA & IBRD),TSA,2025,4578021773987.28
South Asia (IDA & IBRD),TSA,2024,4364256137661.4
South Asia (IDA & IBRD),TSA,2023,4073084906363.46
South Asia (IDA & IBRD),TSA,2022,3834471492016.05
South Asia (IDA & IBRD),TSA,2021,3717045071947.61
South Asia (IDA & IBRD),TSA,2020,3172770463540.28
South Asia (IDA & IBRD),TSA,2019,3318484576408.75
South Asia (IDA & IBRD),TSA,2018,3159841615195.03
South Asia (IDA & IBRD),TSA,2017,3075955433025.62
South Asia (IDA & IBRD),TSA,2016,2679313169084.49
South Asia (IDA & IBRD),TSA,2015,2414503392327.99
South Asia (IDA & IBRD),TSA,2014,2323062261802.12
South Asia (IDA & IBRD),TSA,2013,2111097580244.47
Sub-Saharan Africa,SSF,2025,2211221046102.8
Sub-Saharan Africa,SSF,2024,1989931102034.87
Sub-Saharan Africa,SSF,2023,2117602210170.5
Sub-Saharan Africa,SSF,2022,2290209566620.26
Sub-Saharan Africa,SSF,2021,2139729978109.87
Sub-Saharan Africa,SSF,2020,1902234301367.38
Sub-Saharan Africa,SSF,2019,2045881962739.73
Sub-Saharan Africa,SSF,2018,1799777413644.27
Sub-Saharan Africa,SSF,2017,1673446999208.25
Sub-Saharan Africa,SSF,2016,1532640901655.94
Sub-Saharan Africa,SSF,2015,1687942836834.48
Sub-Saharan Africa,SSF,2014,1902822047308.01
Sub-Saharan Africa,SSF,2013,1825391175423.92
Sub-Saharan Africa (excluding high income),SSA,2025,2208834023249.31
Sub-Saharan Africa (excluding high income),SSA,2024,1987702493350.57
Sub-Saharan Africa (excluding high income),SSA,2023,2115430662235.11
Sub-Saharan Africa (excluding high income),SSA,2022,2288209678021.0
Sub-Saharan Africa (excluding high income),SSA,2021,2138242804315.06
Sub-Saharan Africa (excluding high income),SSA,2020,1900851749615.81
Sub-Saharan Africa (excluding high income),SSA,2019,2044013272643.0
Sub-Saharan Africa (excluding high income),SSA,2018,1797993099717.5
Sub-Saharan Africa (excluding high income),SSA,2017,1671771628567.24
Sub-Saharan Africa (excluding high income),SSA,2016,1531072388307.79
Sub-Saharan Africa (excluding high income),SSA,2015,1686510433482.35
Sub-Saharan Africa (excluding high income),SSA,2014,1901434469437.93
Sub-Saharan Africa (excluding high income),SSA,2013,1824058015016.54
Sub-Saharan Africa (IDA & IBRD countries),TSS,2025,2211221046102.8
Sub-Saharan Africa (IDA & IBRD countries),TSS,2024,1989931102034.87
Sub-Saharan Africa (IDA & IBRD countries),TSS,2023,2117602210170.5
Sub-Saharan Africa (IDA & IBRD countries),TSS,2022,2290209566620.26
Sub-Saharan Africa (IDA & IBRD countries),TSS,2021,2139729978109.87
Sub-Saharan Africa (IDA & IBRD countries),TSS,2020,1902234301367.38
Sub-Saharan Africa (IDA & IBRD countries),TSS,2019,2045881962739.73
Sub-Saharan Africa (IDA & IBRD countries),TSS,2018,1799777413644.27
Sub-Saharan Africa (IDA & IBRD countries),TSS,2017,1673446999208.25
Sub-Saharan Africa (IDA & IBRD countries),TSS,2016,1532640901655.94
Sub-Saharan Africa (IDA & IBRD countries),TSS,2015,1687942836834.48
Sub-Saharan Africa (IDA & IBRD countries),TSS,2014,1902822047308.01
Sub-Saharan Africa (IDA & IBRD countries),TSS,2013,1825391175423.92
World,WLD,2025,118350166039396.0
World,WLD,2024,111669432109121.0
World,WLD,2023,107348614073350.0
World,WLD,2022,102862471365575.0
World,WLD,2021,98780038374127.0
World,WLD,2020,86388502867289.2
World,WLD,2019,88796498078977.7
World,WLD,2018,87310840056717.8
World,WLD,2017,82110104984460.0
World,WLD,2016,77084966373474.0
World,WLD,2015,75839351828606.2
World,WLD,2014,80243543597078.9
World,WLD,2013,78171001460419.0
Afghanistan,AFG,2025,
Afghanistan,AFG,2024,17778508875.7396
Afghanistan,AFG,2023,17152234636.8715
Afghanistan,AFG,2022,14497243872.1337
Afghanistan,AFG,2021,14259995441.0759
Afghanistan,AFG,2020,19955929052.1496
Afghanistan,AFG,2019,18799444490.1128
Afghanistan,AFG,2018,18053222687.4126
Afghanistan,AFG,2017,18753456497.8159
Afghanistan,AFG,2016,18116572395.0772
Afghanistan,AFG,2015,19134221644.7325
Afghanistan,AFG,2014,20497128555.6972
Afghanistan,AFG,2013,20146416757.5987
Albania,ALB,2025,30540188271.3421
Albania,ALB,2024,27037474263.2977
Albania,ALB,2023,23491242727.4082
Albania,ALB,2022,19017247013.8821
Albania,ALB,2021,18031989573.0294
Albania,ALB,2020,15241458744.5927
Albania,ALB,2019,15585111614.0376
Albania,ALB,2018,15379508329.7568
Albania,ALB,2017,13258268435.6048
Albania,ALB,2016,11988668784.6628
Albania,ALB,2015,11470171826.9575
Albania,ALB,2014,13296322588.1684
Albania,ALB,2013,12796985886.1478
Algeria,DZA,2025,287031225987.736
Algeria,DZA,2024,269322281664.773
Algeria,DZA,2023,247923887214.655
Algeria,DZA,2022,225581644702.568
Algeria,DZA,2021,186231205262.082
Algeria,DZA,2020,164873415325.201
Algeria,DZA,2019,193459662090.677
Algeria,DZA,2018,194554483655.528
Algeria,DZA,2017,189880896903.073
Algeria,DZA,2016,180763839522.151
Algeria,DZA,2015,187493855609.345
Algeria,DZA,2014,238942664192.59
Algeria,DZA,2013,229701430292.157
American Samoa,ASM,2025,
American Samoa,ASM,2024,
American Samoa,ASM,2023,
American Samoa,ASM,2022,871000000.0
American Samoa,ASM,2021,750000000.0
American Samoa,ASM,2020,721000000.0
American Samoa,ASM,2019,647000000.0
American Samoa,ASM,2018,639000000.0
American Samoa,ASM,2017,612000000.0
American Samoa,ASM,2016,671000000.0
American Samoa,ASM,2015,673000000.0
American Samoa,ASM,2014,643000000.0
American Samoa,ASM,2013,638000000.0
Andorra,AND,2025,4500982731.80784
Andorra,AND,2024,4044249678.65625
Andorra,AND,2023,3785067331.88242
Andorra,AND,2022,3380612573.4825
Andorra,AND,2021,3324647529.41855
Andorra,AND,2020,2891001149.40079
Andorra,AND,2019,3155149347.92156
Andorra,AND,2018,3218419896.93333
Andorra,AND,2017,3000162081.22353
Andorra,AND,2016,2896610479.86771
Andorra,AND,2015,2789881258.60547
Andorra,AND,2014,3271685596.52156
Andorra,AND,2013,3193512950.0157
Angola,AGO,2025,122174889423.635
Angola,AGO,2024,103080538044.058
Angola,AGO,2023,106042349567.303
Angola,AGO,2022,128233959333.275
Angola,AGO,2021,78283923543.8237
Angola,AGO,2020,58512033805.8981
Angola,AGO,2019,81193813808.0382
Angola,AGO,2018,90506061877.2765
Angola,AGO,2017,85629598654.1906
Angola,AGO,2016,60770049747.3832
Angola,AGO,2015,102543067840.819
Angola,AGO,2014,153449860495.966
Angola,AGO,2013,148845200696.335
Antigua and Barbuda,ATG,2025,2338196296.2963
Antigua and Barbuda,ATG,2024,2162366666.66667
Antigua and Barbuda,ATG,2023,2054096296.2963
Antigua and Barbuda,ATG,2022,1857114814.81481
Antigua and Barbuda,ATG,2021,1602125925.92593
Antigua and Barbuda,ATG,2020,1411637037.03704
Antigua and Barbuda,ATG,2019,1726448148.14815
Antigua and Barbuda,ATG,2018,1661529629.62963
Antigua and Barbuda,ATG,2017,1534855555.55556
Antigua and Barbuda,ATG,2016,1489603703.7037
Antigua and Barbuda,ATG,2015,1437485185.18519
Antigua and Barbuda,ATG,2014,1378707407.40741
Antigua and Barbuda,ATG,2013,1325496296.2963
Argentina,ARG,2025,683097891618.597
Argentina,ARG,2024,638365455340.04
Argentina,ARG,2023,649461687959.174
Argentina,ARG,2022,633993756301.08
Argentina,ARG,2021,486564085480.036
Argentina,ARG,2020,385740508436.965
Argentina,ARG,2019,447754683615.225
Argentina,ARG,2018,524819892360.176
Argentina,ARG,2017,643628393281.364
Argentina,ARG,2016,557532320662.955
Argentina,ARG,2015,594749285413.212
Argentina,ARG,2014,526319673731.638
Argentina,ARG,2013,552025140252.246
Armenia,ARM,2025,29243452882.3545
Armenia,ARM,2024,25955275380.0321
Armenia,ARM,2023,24185982215.6543
Armenia,ARM,2022,19513506553.1251
Armenia,ARM,2021,13878908628.9378
Armenia,ARM,2020,12641698583.2152
Armenia,ARM,2019,13619290539.2116
Armenia,ARM,2018,12457940694.7395
Armenia,ARM,2017,11527458709.0158
Armenia,ARM,2016,10546136235.5219
Armenia,ARM,2015,10553337518.414
Armenia,ARM,2014,11609513246.7958
Armenia,ARM,2013,11121464437.0415
Aruba,ABW,2025,
Aruba,ABW,2024,4167588070.29217
Aruba,ABW,2023,3746573413.07565
Aruba,ABW,2022,3326671314.7742
Aruba,ABW,2021,2889305033.55975
Aruba,ABW,2020,2461056053.22795
Aruba,ABW,2019,3347561738.94591
Aruba,ABW,2018,3276187709.49721
Aruba,ABW,2017,3092427932.96089
Aruba,ABW,2016,2983637430.1676
Aruba,ABW,2015,2962906703.91061
Aruba,ABW,2014,2790849720.67039
Aruba,ABW,2013,2727849162.01117
Australia,AUS,2025,1798518933689.21
Australia,AUS,2024,1757022451652.83
Australia,AUS,2023,1734451264655.6
Australia,AUS,2022,1695627535475.8
Australia,AUS,2021,1560617493202.69
Australia,AUS,2020,1333336461648.09
Australia,AUS,2019,1398349602956.35
Australia,AUS,2018,1433144978761.67
Australia,AUS,2017,1330890554614.09
Australia,AUS,2016,1211588128417.61
Australia,AUS,2015,1356805839935.9
Australia,AUS,2014,1474677007565.64
Australia,AUS,2013,1583737461925.39
Austria,AUT,2025,579470021095.418
Austria,AUT,2024,534790720466.822
Austria,AUT,2023,516670509628.876
Austria,AUT,2022,473221298968.216
Austria,AUT,2021,480466363176.806
Austria,AUT,2020,434397601557.696
Austria,AUT,2019,442983642371.842
Austria,AUT,2018,452582294972.775
Austria,AUT,2017,414926138132.691
Austria,AUT,2016,393687359770.273
Austria,AUT,2015,379546097300.633
Austria,AUT,2014,438556021078.034
Austria,AUT,2013,426580502769.417
Azerbaijan,AZE,2025,75937647058.8235
Azerbaijan,AZE,2024,74426000000.0
Azerbaijan,AZE,2023,72428470588.2353
Azerbaijan,AZE,2022,78807470588.2353
Azerbaijan,AZE,2021,54825411764.7059
Azerbaijan,AZE,2020,42693000000.0
Azerbaijan,AZE,2019,48174235294.1176
Azerbaijan,AZE,2018,47112470051.7701
Azerbaijan,AZE,2017,40866627351.9817
Azerbaijan,AZE,2016,37866996882.9157
Azerbaijan,AZE,2015,53076235354.746
Azerbaijan,AZE,2014,75239785452.1022
Azerbaijan,AZE,2013,74160560123.6902
"Bahamas, The",BHS,2025,
"Bahamas, The",BHS,2024,15832800000.0
"Bahamas, The",BHS,2023,15271300000.0
"Bahamas, The",BHS,2022,13896800000.0
"Bahamas, The",BHS,2021,12037000000.0
"Bahamas, The",BHS,2020,10363200000.0
"Bahamas, The",BHS,2019,13277000000.0
"Bahamas, The",BHS,2018,12819200000.0
"Bahamas, The",BHS,2017,12446900000.0
"Bahamas, The",BHS,2016,11880900000.0
"Bahamas, The",BHS,2015,11837600000.0
"Bahamas, The",BHS,2014,11139100000.0
"Bahamas, The",BHS,2013,10475300000.0
Bahrain,BHR,2025,48965725531.9149
Bahrain,BHR,2024,47210732712.766
Bahrain,BHR,2023,46192260638.2979
Bahrain,BHR,2022,46458191489.3617
Bahrain,BHR,2021,40840212765.9574
Bahrain,BHR,2020,35837632978.7234
Bahrain,BHR,2019,40446808510.6383
Bahrain,BHR,2018,39567978723.4043
Bahrain,BHR,2017,37204813829.7872
Bahrain,BHR,2016,33884680851.0638
Bahrain,BHR,2015,32523297872.3404
Bahrain,BHR,2014,34772526595.7447
Bahrain,BHR,2013,33823324468.0851
Bangladesh,BGD,2025,456319229255.578
Bangladesh,BGD,2024,450119432068.852
Bangladesh,BGD,2023,437415333018.291
Bangladesh,BGD,2022,460131689083.083
Bangladesh,BGD,2021,416271647911.014
Bangladesh,BGD,2020,373979442362.193
Bangladesh,BGD,2019,351231654603.692
Bangladesh,BGD,2018,321362752441.78
Bangladesh,BGD,2017,293732446624.596
Bangladesh,BGD,2016,265224515675.034
Bangladesh,BGD,2015,195146608978.131
Bangladesh,BGD,2014,172886611653.786
Bangladesh,BGD,2013,149998957434.186
Barbados,BRB,2025,8016550000.0
Barbados,BRB,2024,7597571450.0
Barbados,BRB,2023,7223248150.0
Barbados,BRB,2022,6886644900.0
Barbados,BRB,2021,5948900600.0
Barbados,BRB,2020,5403246950.0
Barbados,BRB,2019,6166710800.0
Barbados,BRB,2018,6001101550.0
Barbados,BRB,2017,5847381600.0
Barbados,BRB,2016,5679029450.0
Barbados,BRB,2015,5699619150.0
Barbados,BRB,2014,5684901000.0
Barbados,BRB,2013,5660059700.0
Belarus,BLR,2025,93397215864.198
Belarus,BLR,2024,78591839299.7087
Belarus,BLR,2023,72478760370.4258
Belarus,BLR,2022,73775179924.603
Belarus,BLR,2021,69673747131.87
Belarus,BLR,2020,61371673344.7424
Belarus,BLR,2019,64410170653.4569
Belarus,BLR,2018,60031026576.26
Belarus,BLR,2017,54725405751.1559
Belarus,BLR,2016,47723545321.259
Belarus,BLR,2015,56454769844.7632
Belarus,BLR,2014,78813069120.9984
Belarus,BLR,2013,75527558966.4473
Belgium,BEL,2025,725466462859.646
Belgium,BEL,2024,670983130618.828
Belgium,BEL,2023,650779364363.737
Belgium,BEL,2022,591474463578.602
Belgium,BEL,2021,598522422241.851
Belgium,BEL,2020,529694473501.791
Belgium,BEL,2019,536726344405.489
Belgium,BEL,2018,542638913427.921
Belgium,BEL,2017,500908767351.53
Belgium,BEL,2016,474271566739.729
Belgium,BEL,2015,461044767544.531
Belgium,BEL,2014,537987419164.351
Belgium,BEL,2013,524097026598.55
Belize,BLZ,2025,3326500000.0
Belize,BLZ,2024,3203631800.0
Belize,BLZ,2023,3052362650.0
Belize,BLZ,2022,2846604350.0
Belize,BLZ,2021,2428606250.0
Belize,BLZ,2020,2047284600.0
Belize,BLZ,2019,2381187850.0
Belize,BLZ,2018,2285915050.0
Belize,BLZ,2017,2266028250.0
Belize,BLZ,2016,2239604950.0
Belize,BLZ,2015,2193095150.0
Belize,BLZ,2014,2138242200.0
Belize,BLZ,2013,2035191450.0
Benin,BEN,2025,24566420903.5337
Benin,BEN,2024,21482643706.4249
Benin,BEN,2023,19673291004.1444
Benin,BEN,2022,17425405090.862
Benin,BEN,2021,17687623530.3355
Benin,BEN,2020,15686741883.934
Benin,BEN,2019,14391686313.4641
Benin,BEN,2018,14262408089.9261
Benin,BEN,2017,12701655836.9467
Benin,BEN,2016,11821065853.3838
Benin,BEN,2015,11388160996.7738
Benin,BEN,2014,13284527846.9081
Benin,BEN,2013,12517845123.9315
Bermuda,BMU,2025,
Bermuda,BMU,2024,9194499000.0
Bermuda,BMU,2023,8602360000.0
Bermuda,BMU,2022,7767884000.0
Bermuda,BMU,2021,7290037000.0
Bermuda,BMU,2020,6887364000.0
Bermuda,BMU,2019,7423465000.0
Bermuda,BMU,2018,7225977000.0
Bermuda,BMU,2017,7142316000.0
Bermuda,BMU,2016,6899911000.0
Bermuda,BMU,2015,6654541000.0
Bermuda,BMU,2014,6413988000.0
Bermuda,BMU,2013,6465756000.0
Bhutan,BTN,2025,3579320145.13077
Bhutan,BTN,2024,3346603858.7495
Bhutan,BTN,2023,3012896789.79753
Bhutan,BTN,2022,2898227743.75576
Bhutan,BTN,2021,2768802960.11204
Bhutan,BTN,2020,2457604333.90927
Bhutan,BTN,2019,2735683570.46155
Bhutan,BTN,2018,2583335721.85904
Bhutan,BTN,2017,2591358009.20276
Bhutan,BTN,2016,2357504760.78592
Bhutan,BTN,2015,2187815803.36833
Bhutan,BTN,2014,2089079570.58285
Bhutan,BTN,2013,1943696951.65411
Bolivia,BOL,2025,64768947525.3256
Bolivia,BOL,2024,54881327452.9667
Bolivia,BOL,2023,52340206946.4544
Bolivia,BOL,2022,50959081953.6903
Bolivia,BOL,2021,47877892402.3155
Bolivia,BOL,2020,42313784081.042
Bolivia,BOL,2019,49056643589.0014
Bolivia,BOL,2018,48414038842.2576
Bolivia,BOL,2017,45927439594.7902
Bolivia,BOL,2016,33941126193.9219
Bolivia,BOL,2015,33000198248.9146
Bolivia,BOL,2014,32996188017.3661
Bolivia,BOL,2013,30659338885.6729
Bosnia and Herzegovina,BIH,2025,32599982936.3931
Bosnia and Herzegovina,BIH,2024,29737363103.0492
Bosnia and Herzegovina,BIH,2023,27592361498.4057
Bosnia and Herzegovina,BIH,2022,24534663636.1778
Bosnia and Herzegovina,BIH,2021,23672712121.2671
Bosnia and Herzegovina,BIH,2020,20226038369.9191
Bosnia and Herzegovina,BIH,2019,20482608984.3316
Bosnia and Herzegovina,BIH,2018,20484058033.1144
Bosnia and Herzegovina,BIH,2017,18326373135.6099
Bosnia and Herzegovina,BIH,2016,17116926553.8513
Bosnia and Herzegovina,BIH,2015,16404348361.0926
Bosnia and Herzegovina,BIH,2014,18558734107.1478
Bosnia and Herzegovina,BIH,2013,18179109209.3892
Botswana,BWA,2025,19928479839.4476
Botswana,BWA,2024,19286251067.5078
Botswana,BWA,2023,19413614554.6944
Botswana,BWA,2022,20321150599.1523
Botswana,BWA,2021,18750182236.2211
Botswana,BWA,2020,14960251607.8135
Botswana,BWA,2019,16725908148.5481
Botswana,BWA,2018,17031943186.1353
Botswana,BWA,2017,16105155856.7708
Botswana,BWA,2016,15082637184.0496
Botswana,BWA,2015,13530748844.505
Botswana,BWA,2014,15470088500.7414
Botswana,BWA,2013,14271738933.2042
Brazil,BRA,2025,2279920092492.13
Brazil,BRA,2024,2185821610689.31
Brazil,BRA,2023,2191131765684.63
Brazil,BRA,2022,1951923942083.32
Brazil,BRA,2021,1670647398904.9
Brazil,BRA,2020,1476107231310.49
Brazil,BRA,2019,1873288205059.69
Brazil,BRA,2018,1916933898010.99
Brazil,BRA,2017,2063514977365.65
Brazil,BRA,2016,1795693482853.01
Brazil,BRA,2015,1802212206814.5
Brazil,BRA,2014,2456043727198.85
Brazil,BRA,2013,2472819535557.21
British Virgin Islands,VGB,2025,
British Virgin Islands,VGB,2024,
British Virgin Islands,VGB,2023,
British Virgin Islands,VGB,2022,
British Virgin Islands,VGB,2021,
British Virgin Islands,VGB,2020,
British Virgin Islands,VGB,2019,
British Virgin Islands,VGB,2018,
British Virgin Islands,VGB,2017,
British Virgin Islands,VGB,2016,
British Virgin Islands,VGB,2015,
British Virgin Islands,VGB,2014,
British Virgin Islands,VGB,2013,
Brunei Darussalam,BRN,2025,15031980994.1121
Brunei Darussalam,BRN,2024,15340808592.48
Brunei Darussalam,BRN,2023,15095084656.1634
Brunei Darussalam,BRN,2022,16681536466.7183
Brunei Darussalam,BRN,2021,14006496617.4458
Brunei Darussalam,BRN,2020,12005799653.9835
Brunei Darussalam,BRN,2019,13469235364.7032
Brunei Darussalam,BRN,2018,13566908391.0895
Brunei Darussalam,BRN,2017,12128168045.1245
Brunei Darussalam,BRN,2016,11400266044.6651
Brunei Darussalam,BRN,2015,12930296870.1247
Brunei Darussalam,BRN,2014,17097797386.0336
Brunei Darussalam,BRN,2013,18094148098.6536
Bulgaria,BGR,2025,130777235529.606
Bulgaria,BGR,2024,113349149166.793
Bulgaria,BGR,2023,102204457334.822
Bulgaria,BGR,2022,90510784777.6397
Bulgaria,BGR,2021,84378926047.3002
Bulgaria,BGR,2020,70490478088.1395
Bulgaria,BGR,2019,68511235459.4907
Bulgaria,BGR,2018,66100606676.6544
Bulgaria,BGR,2017,59170671046.4798
Bulgaria,BGR,2016,53932152153.5457
Bulgaria,BGR,2015,50768512172.9373
Bulgaria,BGR,2014,57083817239.8145
Bulgaria,BGR,2013,55822115861.1854
Burkina Faso,BFA,2025,27627297461.3181
Burkina Faso,BFA,2024,23136514855.7646
Burkina Faso,BFA,2023,20106062971.6533
Burkina Faso,BFA,2022,18622421394.6133
Burkina Faso,BFA,2021,19697516284.3787
Burkina Faso,BFA,2020,17725010532.5268
Burkina Faso,BFA,2019,16032813503.3707
Burkina Faso,BFA,2018,15890066221.2882
Burkina Faso,BFA,2017,14106955615.3442
Burkina Faso,BFA,2016,12833363045.3367
Burkina Faso,BFA,2015,11832159315.6298
Burkina Faso,BFA,2014,13943016076.7436
Burkina Faso,BFA,2013,13444300485.8412
Burundi,BDI,2025,3364713864.08488
Burundi,BDI,2024,3037579858.38142
Burundi,BDI,2023,3419558408.35408
Burundi,BDI,2022,4020736756.64256
Burundi,BDI,2021,3425127990.70519
Burundi,BDI,2020,3188355943.63513
Burundi,BDI,2019,2871555326.31029
Burundi,BDI,2018,2913411408.44783
Burundi,BDI,2017,2831362208.34039
Burundi,BDI,2016,2618093125.14687
Burundi,BDI,2015,2810532912.49975
Burundi,BDI,2014,2705826648.21019
Burundi,BDI,2013,2451624637.67157
Cabo Verde,CPV,2025,3056630435.32463
Cabo Verde,CPV,2024,2713721857.39153
Cabo Verde,CPV,2023,2504525537.51069
Cabo Verde,CPV,2022,2247003344.34242
Cabo Verde,CPV,2021,2051842618.70539
Cabo Verde,CPV,2020,1821565613.68613
Cabo Verde,CPV,2019,2252177124.32402
Cabo Verde,CPV,2018,2205099506.99994
Cabo Verde,CPV,2017,1996741539.95088
Cabo Verde,CPV,2016,1849789985.99572
Cabo Verde,CPV,2015,1749857620.35329
Cabo Verde,CPV,2014,2041930125.42979
Cabo Verde,CPV,2013,2028910915.16446
Cambodia,KHM,2025,51267065842.9641
Cambodia,KHM,2024,46352647037.2406
Cambodia,KHM,2023,42335646895.7984
Cambodia,KHM,2022,39994532959.6074
Cambodia,KHM,2021,36790163687.4421
Cambodia,KHM,2020,34818073901.4851
Cambodia,KHM,2019,36685356407.7206
Cambodia,KHM,2018,33145892168.8958
Cambodia,KHM,2017,29355665909.7905
Cambodia,KHM,2016,26556545153.3573
Cambodia,KHM,2015,24174170369.0738
Cambodia,KHM,2014,22041463967.9009
Cambodia,KHM,2013,19807135252.8649
Cameroon,CMR,2025,58933453923.761
Cameroon,CMR,2024,53296694320.2057
Cameroon,CMR,2023,48814501547.4313
Cameroon,CMR,2022,44347206072.5513
Cameroon,CMR,2021,45011937346.8384
Cameroon,CMR,2020,40773241177.0505
Cameroon,CMR,2019,39667757527.6578
Cameroon,CMR,2018,39955552189.795
Cameroon,CMR,2017,36098547033.1655
Cameroon,CMR,2016,33814337044.3765
Cameroon,CMR,2015,32210233020.4569
Cameroon,CMR,2014,36386544706.0806
Cameroon,CMR,2013,33728621180.3231
Canada,CAN,2025,2319899772425.92
Canada,CAN,2024,2270076189683.46
Canada,CAN,2023,2196593836347.42
Canada,CAN,2022,2200562785046.32
Canada,CAN,2021,2022377950896.78
Canada,CAN,2020,1655686966881.99
Canada,CAN,2019,1743728952156.85
Canada,CAN,2018,1725330736237.69
Canada,CAN,2017,1649269496514.62
Canada,CAN,2016,1527996250640.92
Canada,CAN,2015,1556510380200.23
Canada,CAN,2014,1805751688808.98
Canada,CAN,2013,1846583831414.43
Cayman Islands,CYM,2025,
Cayman Islands,CYM,2024,7765336505.34319
Cayman Islands,CYM,2023,7308564549.28678
Cayman Islands,CYM,2022,6653516041.43929
Cayman Islands,CYM,2021,6060813808.15072
Cayman Islands,CYM,2020,5655357984.24218
Cayman Islands,CYM,2019,5941896607.58643
Cayman Islands,CYM,2018,5530178440.71376
Cayman Islands,CYM,2017,5166281305.12522
Cayman Islands,CYM,2016,4909322237.28895
Cayman Islands,CYM,2015,4708167232.66893
Cayman Islands,CYM,2014,4562853611.41445
Cayman Islands,CYM,2013,4405796023.18409
Central African Republic,CAF,2025,3066109226.40165
Central African Republic,CAF,2024,2751494281.06887
Central African Republic,CAF,2023,2555492085.94725
Central African Republic,CAF,2022,2382618615.01694
Central African Republic,CAF,2021,2516498412.46384
Central African Republic,CAF,2020,2326720900.38047
Central African Republic,CAF,2019,2221301351.43918
Central African Republic,CAF,2018,2220979146.11241
Central African Republic,CAF,2017,2072349972.6818
Central African Republic,CAF,2016,1825018144.65595
Central African Republic,CAF,2015,1695825714.19282
Central African Republic,CAF,2014,1894813389.40325
Central African Republic,CAF,2013,1691544110.18543
Chad,TCD,2025,21472835225.4338
Chad,TCD,2024,19906706689.7582
Chad,TCD,2023,18352937976.2179
Chad,TCD,2022,17828508289.6049
Chad,TCD,2021,16871937697.5854
Chad,TCD,2020,14932897821.2387
Chad,TCD,2019,14905517742.8454
Chad,TCD,2018,15327000248.8701
Chad,TCD,2017,13349041408.7152
Chad,TCD,2016,13026289835.7789
Chad,TCD,2015,14559599499.5011
Chad,TCD,2014,18144336903.7175
Chad,TCD,2013,17865316886.3315
Channel Islands,CHI,2025,
Channel Islands,CHI,2024,
Channel Islands,CHI,2023,12507320838.3932
Channel Islands,CHI,2022,11308272505.183
Channel Islands,CHI,2021,11157540109.8939
Channel Islands,CHI,2020,9439810769.23077
Channel Islands,CHI,2019,10031864649.0819
Channel Islands,CHI,2018,10026394043.6136
Channel Islands,CHI,2017,9170044517.20264
Channel Islands,CHI,2016,9168857222.32574
Channel Islands,CHI,2015,10109273770.329
Channel Islands,CHI,2014,10527973277.6068
Channel Islands,CHI,2013,9594745810.67159
Chile,CHL,2025,357371159574.862
Chile,CHL,2024,329260633698.726
Chile,CHL,2023,335802745366.38
Chile,CHL,2022,301099244104.003
Chile,CHL,2021,315507493783.262
Chile,CHL,2020,254103710483.324
Chile,CHL,2019,278308438545.118
Chile,CHL,2018,295857562991.709
Chile,CHL,2017,276154259981.097
Chile,CHL,2016,249344863928.438
Chile,CHL,2015,242450355830.884
Chile,CHL,2014,259560978224.359
Chile,CHL,2013,277395018842.417
China,CHN,2025,19498039388042.6
China,CHN,2024,18729668435848.0
China,CHN,2023,18270356654533.2
China,CHN,2022,18316765021690.2
China,CHN,2021,18201698719564.0
China,CHN,2020,14996414166715.1
China,CHN,2019,14560167101283.4
China,CHN,2018,14147765772963.8
China,CHN,2017,12537559062282.9
China,CHN,2016,11456024084962.0
China,CHN,2015,11280814787468.9
China,CHN,2014,10674533168257.4
China,CHN,2013,9743124247267.24
Colombia,COL,2025,457410034202.523
Colombia,COL,2024,420504033143.211
Colombia,COL,2023,366901643683.302
Colombia,COL,2022,345632492851.448
Colombia,COL,2021,318524633225.395
Colombia,COL,2020,270348342541.465
Colombia,COL,2019,323031701192.84
Colombia,COL,2018,334198218098.276
Colombia,COL,2017,311866875156.879
Colombia,COL,2016,282720100286.228
Colombia,COL,2015,293492370193.166
Colombia,COL,2014,381240864422.407
Colombia,COL,2013,382093697077.685
Comoros,COM,2025,1814920856.27026
Comoros,COM,2024,1610082688.26617
Comoros,COM,2023,1465977684.31307
Comoros,COM,2022,1279542248.96288
Comoros,COM,2021,1299039312.22277
Comoros,COM,2020,1225039196.61091
Comoros,COM,2019,1195019531.9011
Comoros,COM,2018,1188797449.38584
Comoros,COM,2017,1077439756.59451
Comoros,COM,2016,1012835493.19325
Comoros,COM,2015,966029600.862227
Comoros,COM,2014,1149587562.06748
Comoros,COM,2013,1116223107.03168
"Congo, Dem. Rep.",COD,2025,91030531316.9936
"Congo, Dem. Rep.",COD,2024,75716176105.0704
"Congo, Dem. Rep.",COD,2023,69843655425.2929
"Congo, Dem. Rep.",COD,2022,70422346142.2023
"Congo, Dem. Rep.",COD,2021,59067289573.5102
"Congo, Dem. Rep.",COD,2020,46691989748.9186
"Congo, Dem. Rep.",COD,2019,46845900350.0332
"Congo, Dem. Rep.",COD,2018,46659954092.4862
"Congo, Dem. Rep.",COD,2017,37537521565.5308
"Congo, Dem. Rep.",COD,2016,38600224214.4728
"Congo, Dem. Rep.",COD,2015,40179574490.3032
"Congo, Dem. Rep.",COD,2014,38352980552.8665
"Congo, Dem. Rep.",COD,2013,34891189160.3002
"Congo, Rep.",COG,2025,16306633778.765
"Congo, Rep.",COG,2024,15719986076.6464
"Congo, Rep.",COG,2023,15321055822.5167
"Congo, Rep.",COG,2022,15817030154.6941
"Congo, Rep.",COG,2021,14825690210.9157
"Congo, Rep.",COG,2020,11468687464.0046
"Congo, Rep.",COG,2019,13976637779.9763
"Congo, Rep.",COG,2018,14773900288.5135
"Congo, Rep.",COG,2017,11834473039.3645
"Congo, Rep.",COG,2016,10931328150.8478
"Congo, Rep.",COG,2015,12434793867.3568
"Congo, Rep.",COG,2014,17919321078.0284
"Congo, Rep.",COG,2013,17958720699.0868
Costa Rica,CRI,2025,102904921157.478
Costa Rica,CRI,2024,96715644330.6612
Costa Rica,CRI,2023,87512637055.7736
Costa Rica,CRI,2022,71001226360.8008
Costa Rica,CRI,2021,65588938787.0243
Costa Rica,CRI,2020,62806591554.7345
Costa Rica,CRI,2019,64753504730.018
Costa Rica,CRI,2018,62567765946.2665
Costa Rica,CRI,2017,60516044660.7496
Costa Rica,CRI,2016,58847019587.626
Costa Rica,CRI,2015,56441920888.425
Costa Rica,CRI,2014,52016408816.1842
Costa Rica,CRI,2013,50949668762.8328
Cote d'Ivoire,CIV,2025,99773555666.1988
Cote d'Ivoire,CIV,2024,87113179149.284
Cote d'Ivoire,CIV,2023,80780312569.1646
Cote d'Ivoire,CIV,2022,70922824813.9102
Cote d'Ivoire,CIV,2021,72794636653.7793
Cote d'Ivoire,CIV,2020,63027852805.4204
Cote d'Ivoire,CIV,2019,60382894697.3557
Cote d'Ivoire,CIV,2018,58522477786.6889
Cote d'Ivoire,CIV,2017,52512343996.69
Cote d'Ivoire,CIV,2016,48407761036.8238
Cote d'Ivoire,CIV,2015,45815005169.2651
Cote d'Ivoire,CIV,2014,48843005613.7091
Cote d'Ivoire,CIV,2013,42760235484.6093
Croatia,HRV,2025,105060182186.274
Croatia,HRV,2024,92981894167.9687
Croatia,HRV,2023,85621337533.3348
Croatia,HRV,2022,71196460236.6301
Croatia,HRV,2021,69002262504.9821
Croatia,HRV,2020,57959824238.1808
Croatia,HRV,2019,61467261345.012
Croatia,HRV,2018,61668280700.0968
Croatia,HRV,2017,56182225079.1072
Croatia,HRV,2016,52650804052.1394
Croatia,HRV,2015,50999271058.5849
Croatia,HRV,2014,59607109597.2123
Croatia,HRV,2013,59846869998.8711
Cuba,CUB,2025,
Cuba,CUB,2024,
Cuba,CUB,2023,
Cuba,CUB,2022,
Cuba,CUB,2021,
Cuba,CUB,2020,107352000000.0
Cuba,CUB,2019,103427600000.0
Cuba,CUB,2018,100050036100.0
Cuba,CUB,2017,96850649700.0
Cuba,CUB,2016,91370407900.0
Cuba,CUB,2015,87132800000.0
Cuba,CUB,2014,80656100000.0
Cuba,CUB,2013,77148000000.0
Curacao,CUW,2025,
Curacao,CUW,2024,3561178212.2905
Curacao,CUW,2023,3281419329.60894
Curacao,CUW,2022,3075180837.98883
Curacao,CUW,2021,2739594357.5419
Curacao,CUW,2020,2534327597.76536
Curacao,CUW,2019,3026124134.07821
Curacao,CUW,2018,3046364804.46927
Curacao,CUW,2017,3033433240.22346
Curacao,CUW,2016,3024690167.59777
Curacao,CUW,2015,3058779217.87709
Curacao,CUW,2014,3059406983.24022
Curacao,CUW,2013,3033568603.35196
Cyprus,CYP,2025,41225787247.3309
Cyprus,CYP,2024,37634551820.7367
Cyprus,CYP,2023,35075440602.5202
Cyprus,CYP,2022,31218047043.8386
Cyprus,CYP,2021,30372637513.1352
Cyprus,CYP,2020,25555082266.6429
Cyprus,CYP,2019,26196660680.1176
Cyprus,CYP,2018,25754011492.2204
Cyprus,CYP,2017,22946583375.5506
Cyprus,CYP,2016,21046452117.3759
Cyprus,CYP,2015,19909269064.8473
Cyprus,CYP,2014,23225912183.4991
Cyprus,CYP,2013,23959708956.2926
Czechia,CZE,2025,391026962800.475
Czechia,CZE,2024,347082562221.377
Czechia,CZE,2023,345059295659.911
Czechia,CZE,2022,301831228325.556
Czechia,CZE,2021,290972714482.313
Czechia,CZE,2020,251109660602.536
Czechia,CZE,2019,256794209028.77
Czechia,CZE,2018,251992360762.236
Czechia,CZE,2017,221563575696.217
Czechia,CZE,2016,198160659303.939
Czechia,CZE,2015,189107698561.919
Czechia,CZE,2014,210911285077.683
Czechia,CZE,2013,213024360541.119
Denmark,DNK,2025,462526660468.393
Denmark,DNK,2024,424524722037.047
Denmark,DNK,2023,404651706117.557
Denmark,DNK,2022,400114306337.077
Denmark,DNK,2021,406110162088.054
Denmark,DNK,2020,355631021931.621
Denmark,DNK,2019,345401473012.615
Denmark,DNK,2018,355293374912.393
Denmark,DNK,2017,331610593961.988
Denmark,DNK,2016,312181849372.233
Denmark,DNK,2015,301758922337.637
Denmark,DNK,2014,352832602064.452
Denmark,DNK,2013,344631016965.12
Djibouti,DJI,2025,4624533092.31886
Djibouti,DJI,2024,4152145939.98458
Djibouti,DJI,2023,3898447007.38798
Djibouti,DJI,2022,3562814908.76149
Djibouti,DJI,2021,3392796953.08939
Djibouti,DJI,2020,3144136196.6228
Djibouti,DJI,2019,3088851450.30694
Djibouti,DJI,2018,2913464658.08768
Djibouti,DJI,2017,2762581334.22612
Djibouti,DJI,2016,2604955228.70117
Djibouti,DJI,2015,2424391785.43897
Djibouti,DJI,2014,2220637966.25047
Djibouti,DJI,2013,2044440443.16654
Dominica,DMA,2025,723859259.259259
Dominica,DMA,2024,688881481.481481
Dominica,DMA,2023,659311111.111111
Dominica,DMA,2022,623062962.962963
Dominica,DMA,2021,562911111.111111
Dominica,DMA,2020,528944444.444444
Dominica,DMA,2019,644259259.259259
Dominica,DMA,2018,628244444.444444
Dominica,DMA,2017,563355555.555555
Dominica,DMA,2016,612711111.111111
Dominica,DMA,2015,583177777.777778
Dominica,DMA,2014,572255555.555555
Dominica,DMA,2013,545325925.925926
Dominican Republic,DOM,2025,127407463759.043
Dominican Republic,DOM,2024,124282245638.568
Dominican Republic,DOM,2023,120456239153.739
Dominican Republic,DOM,2022,113478103598.499
Dominican Republic,DOM,2021,94850719516.7127
Dominican Republic,DOM,2020,78546672406.8291
Dominican Republic,DOM,2019,89146130744.723
Dominican Republic,DOM,2018,84994732049.3461
Dominican Republic,DOM,2017,79070274743.1658
Dominican Republic,DOM,2016,75552902635.7075
Dominican Republic,DOM,2015,70966782572.4386
Dominican Republic,DOM,2014,67014329099.5549
Dominican Republic,DOM,2013,62555417414.582
Ecuador,ECU,2025,130320560400.0
Ecuador,ECU,2024,123802374000.0
Ecuador,ECU,2023,120792801000.0
Ecuador,ECU,2022,116133121000.0
Ecuador,ECU,2021,107179074000.0
Ecuador,ECU,2020,95865473000.0
Ecuador,ECU,2019,107595830000.0
Ecuador,ECU,2018,107478961000.0
Ecuador,ECU,2017,104467486000.0
Ecuador,ECU,2016,97671433000.0
Ecuador,ECU,2015,97209558000.0
Ecuador,ECU,2014,102717794000.0
Ecuador,ECU,2013,96570334000.0
"Egypt, Arab Rep.",EGY,2025,365254630179.737
"Egypt, Arab Rep.",EGY,2024,389059910593.1
"Egypt, Arab Rep.",EGY,2023,395926071447.591
"Egypt, Arab Rep.",EGY,2022,476747720364.742
"Egypt, Arab Rep.",EGY,2021,424671765455.704
"Egypt, Arab Rep.",EGY,2020,383817841547.099
"Egypt, Arab Rep.",EGY,2019,318678815489.749
"Egypt, Arab Rep.",EGY,2018,262588632526.73
"Egypt, Arab Rep.",EGY,2017,248362771739.13
"Egypt, Arab Rep.",EGY,2016,332441717791.411
"Egypt, Arab Rep.",EGY,2015,329366576819.407
"Egypt, Arab Rep.",EGY,2014,305595408895.265
"Egypt, Arab Rep.",EGY,2013,288434108527.132
El Salvador,SLV,2025,36708110000.0
El Salvador,SLV,2024,34879730000.0
El Salvador,SLV,2023,33565430000.0
El Salvador,SLV,2022,31870110000.0
El Salvador,SLV,2021,29043140000.0
El Salvador,SLV,2020,24921190000.0
El Salvador,SLV,2019,26881140000.0
El Salvador,SLV,2018,26020850000.0
El Salvador,SLV,2017,24979190000.0
El Salvador,SLV,2016,24191430000.0
El Salvador,SLV,2015,23438240000.0
El Salvador,SLV,2014,22593470000.0
El Salvador,SLV,2013,21990960000.0
Equatorial Guinea,GNQ,2025,12823210425.9217
Equatorial Guinea,GNQ,2024,13254388261.1258
Equatorial Guinea,GNQ,2023,12541814272.8021
Equatorial Guinea,GNQ,2022,13687643435.6249
Equatorial Guinea,GNQ,2021,12215878032.7166
Equatorial Guinea,GNQ,2020,9893816007.7398
Equatorial Guinea,GNQ,2019,11364133549.7478
Equatorial Guinea,GNQ,2018,13097012133.6159
Equatorial Guinea,GNQ,2017,12200913878.9827
Equatorial Guinea,GNQ,2016,11240808847.8878
Equatorial Guinea,GNQ,2015,13185496881.0174
Equatorial Guinea,GNQ,2014,21765453081.9826
Equatorial Guinea,GNQ,2013,21948834283.7856
Eritrea,ERI,2025,
Eritrea,ERI,2024,
Eritrea,ERI,2023,
Eritrea,ERI,2022,
Eritrea,ERI,2021,
Eritrea,ERI,2020,
Eritrea,ERI,2019,
Eritrea,ERI,2018,
Eritrea,ERI,2017,
Eritrea,ERI,2016,
Eritrea,ERI,2015,
Eritrea,ERI,2014,
Eritrea,ERI,2013,
Estonia,EST,2025,47030833798.5866
Estonia,EST,2024,43130419829.35
Estonia,EST,2023,41470344395.1086
Estonia,EST,2022,38226641740.29
Estonia,EST,2021,37201101170.5847
Estonia,EST,2020,31820771493.8974
Estonia,EST,2019,31873748770.0313
Estonia,EST,2018,31222632740.7247
Estonia,EST,2017,27469461919.1189
Estonia,EST,2016,24561027787.7896
Estonia,EST,2015,23311847750.9394
Estonia,EST,2014,27055689003.0038
Estonia,EST,2013,25451032780.7573
Eswatini,SWZ,2025,5160679612.81734
Eswatini,SWZ,2024,4858885840.77236
Eswatini,SWZ,2023,4621191261.84214
Eswatini,SWZ,2022,4746660273.50829
Eswatini,SWZ,2021,4807069277.20114
Eswatini,SWZ,2020,4134677809.50096
Eswatini,SWZ,2019,4617018958.69086
Eswatini,SWZ,2018,4643751059.28203
Eswatini,SWZ,2017,4462640651.49219
Eswatini,SWZ,2016,3722306116.72872
Eswatini,SWZ,2015,3908217914.21824
Eswatini,SWZ,2014,4285065665.03168
Eswatini,SWZ,2013,4463396204.01995
Ethiopia,ETH,2025,126358758448.356
Ethiopia,ETH,2024,149740297952.375
Ethiopia,ETH,2023,135874093203.18
Ethiopia,ETH,2022,123140304665.399
Ethiopia,ETH,2021,109070960370.972
Ethiopia,ETH,2020,98676811061.9985
Ethiopia,ETH,2019,91834517113.6386
Ethiopia,ETH,2018,83337901071.9697
Ethiopia,ETH,2017,76366081766.6667
Ethiopia,ETH,2016,68475871209.607
Ethiopia,ETH,2015,62103418181.8182
Ethiopia,ETH,2014,55612228233.5179
Ethiopia,ETH,2013,47648276605.0123
Faroe Islands,FRO,2025,
Faroe Islands,FRO,2024,4052937169.76536
Faroe Islands,FRO,2023,3943131022.2291
Faroe Islands,FRO,2022,3615241800.50058
Faroe Islands,FRO,2021,3699551717.10561
Faroe Islands,FRO,2020,3271813311.5831
Faroe Islands,FRO,2019,3266432734.22819
Faroe Islands,FRO,2018,3188600927.46688
Faroe Islands,FRO,2017,2980057377.87967
Faroe Islands,FRO,2016,2813278868.78208
Faroe Islands,FRO,2015,2573905971.05459
Faroe Islands,FRO,2014,2914012679.27277
Faroe Islands,FRO,2013,2690110520.92548
Fiji,FJI,2025,6198013062.06553
Fiji,FJI,2024,5968125909.27126
Fiji,FJI,2023,5476673518.13788
Fiji,FJI,2022,4977861885.60316
Fiji,FJI,2021,4158873156.17978
Fiji,FJI,2020,4227719873.3865
Fiji,FJI,2019,5344907153.46698
Fiji,FJI,2018,5581425327.44397
Fiji,FJI,2017,5353469174.47838
Fiji,FJI,2016,4930213644.36653
Fiji,FJI,2015,4682479893.97558
Fiji,FJI,2014,4857104768.86844
Fiji,FJI,2013,4189967998.51424
Finland,FIN,2025,317039368819.607
Finland,FIN,2024,298729432711.719
Finland,FIN,2023,295191741637.26
Finland,FIN,2022,280253099309.34
Finland,FIN,2021,294223210496.119
Finland,FIN,2020,270000311606.226
Finland,FIN,2019,267014821129.411
Finland,FIN,2018,273869255596.078
Finland,FIN,2017,253846138440.0
Finland,FIN,2016,238777818792.608
Finland,FIN,2015,233210733506.25
Finland,FIN,2014,273478528954.901
Finland,FIN,2013,270268036626.275
France,FRA,2025,3366315927447.33
France,FRA,2024,3160442622465.08
France,FRA,2023,3056250648138.29
France,FRA,2022,2794788137066.94
France,FRA,2021,2966433692008.09
France,FRA,2020,2647926055110.05
France,FRA,2019,2722793515171.76
France,FRA,2018,2781576320884.39
France,FRA,2017,2588868323334.71
France,FRA,2016,2470407619777.13
France,FRA,2015,2442483452642.5
France,FRA,2014,2861236112552.42
France,FRA,2013,2816077607875.26
French Polynesia,PYF,2025,
French Polynesia,PYF,2024,6323716355.05009
French Polynesia,PYF,2023,6137447782.87066
French Polynesia,PYF,2022,5622688338.06317
French Polynesia,PYF,2021,5994931236.42282
French Polynesia,PYF,2020,5574821989.38239
French Polynesia,PYF,2019,6022276196.13871
French Polynesia,PYF,2018,6135116253.33452
French Polynesia,PYF,2017,5833352692.7995
French Polynesia,PYF,2016,5497036476.8031
French Polynesia,PYF,2015,5325846361.81186
French Polynesia,PYF,2014,6151996560.84289
French Polynesia,PYF,2013,6031827122.60663
Gabon,GAB,2025,21427119323.2764
Gabon,GAB,2024,20895684425.6752
Gabon,GAB,2023,19388372070.9778
Gabon,GAB,2022,20440655695.229
Gabon,GAB,2021,19444935097.2333
Gabon,GAB,2020,15342236163.9943
Gabon,GAB,2019,16874405465.391
Gabon,GAB,2018,16867326401.9626
Gabon,GAB,2017,14929487485.1623
Gabon,GAB,2016,14023890265.3665
Gabon,GAB,2015,14383107762.6952
Gabon,GAB,2014,18203966895.8433
Gabon,GAB,2013,17595744798.3398
"Gambia, The",GMB,2025,2593673987.53306
"Gambia, The",GMB,2024,2404888737.54853
"Gambia, The",GMB,2023,2382262185.38179
"Gambia, The",GMB,2022,2204734527.88096
"Gambia, The",GMB,2021,2014158842.14596
"Gambia, The",GMB,2020,1812170891.19069
"Gambia, The",GMB,2019,1813609692.49994
"Gambia, The",GMB,2018,1670671327.81651
"Gambia, The",GMB,2017,1504909462.69521
"Gambia, The",GMB,2016,1484578885.97132
"Gambia, The",GMB,2015,1378176608.93204
"Gambia, The",GMB,2014,1229461721.40861
"Gambia, The",GMB,2013,1375609453.43746
Georgia,GEO,2025,38143612855.1367
Georgia,GEO,2024,34189423333.141
Georgia,GEO,2023,30777833600.6515
Georgia,GEO,2022,24984568959.605
Georgia,GEO,2021,18853115588.8106
Georgia,GEO,2020,16010869215.68
Georgia,GEO,2019,17638337116.9126
Georgia,GEO,2018,17902544880.6471
Georgia,GEO,2017,16473125375.0684
Georgia,GEO,2016,15444548901.9637
Georgia,GEO,2015,15223796148.8396
Georgia,GEO,2014,17966015109.3043
Georgia,GEO,2013,17517660143.6859
Germany,DEU,2025,5050922925047.05
Germany,DEU,2024,4685592577804.69
Germany,DEU,2023,4562207532490.28
Germany,DEU,2022,4201021706478.62
Germany,DEU,2021,4355251953410.78
Germany,DEU,2020,3941398957073.94
Germany,DEU,2019,3959894794039.21
Germany,DEU,2018,4055433215301.96
Germany,DEU,2017,3765351626105.89
Germany,DEU,2016,3536787895179.0
Germany,DEU,2015,3425099578746.09
Germany,DEU,2014,3964870735760.77
Germany,DEU,2013,3807023797050.99
Ghana,GHA,2025,114209905278.717
Ghana,GHA,2024,83288585604.0268
Ghana,GHA,2023,80547146875.9526
Ghana,GHA,2022,73919003212.1998
Ghana,GHA,2021,79514204730.3979
Ghana,GHA,2020,70008243859.8666
Ghana,GHA,2019,68352629246.1555
Ghana,GHA,2018,67259353965.6087
Ghana,GHA,2017,60385409434.8567
Ghana,GHA,2016,56144179397.8516
Ghana,GHA,2015,49436806230.4839
Ghana,GHA,2014,54678533805.9064
Ghana,GHA,2013,62845721959.827
Gibraltar,GIB,2025,
Gibraltar,GIB,2024,
Gibraltar,GIB,2023,
Gibraltar,GIB,2022,
Gibraltar,GIB,2021,
Gibraltar,GIB,2020,
Gibraltar,GIB,2019,
Gibraltar,GIB,2018,
Gibraltar,GIB,2017,
Gibraltar,GIB,2016,
Gibraltar,GIB,2015,
Gibraltar,GIB,2014,
Gibraltar,GIB,2013,
Greece,GRC,2025,280635521324.441
Greece,GRC,2024,256238371778.118
Greece,GRC,2023,242946187738.269
Greece,GRC,2022,217990189600.69
Greece,GRC,2021,218303801895.326
Greece,GRC,2020,191362985554.861
Greece,GRC,2019,207305649887.019
Greece,GRC,2018,213298873494.394
Greece,GRC,2017,200381103984.298
Greece,GRC,2016,193097239005.87
Greece,GRC,2015,194567373678.099
Greece,GRC,2014,233911581521.062
Greece,GRC,2013,236556279640.705
Greenland,GRL,2025,
Greenland,GRL,2024,
Greenland,GRL,2023,3326543974.39193
Greenland,GRL,2022,3152334771.77992
Greenland,GRL,2021,3293578467.57327
Greenland,GRL,2020,3089625554.40473
Greenland,GRL,2019,2997309971.87623
Greenland,GRL,2018,3055782146.15957
Greenland,GRL,2017,2851613679.03433
Greenland,GRL,2016,2707139544.46695
Greenland,GRL,2015,2499113022.81675
Greenland,GRL,2014,2842065708.35962
Greenland,GRL,2013,2684946990.12448
Grenada,GRD,2025,1420173228.56948
Grenada,GRD,2024,1351270370.37037
Grenada,GRD,2023,1336418518.51852
Grenada,GRD,2022,1224007407.40741
Grenada,GRD,2021,1122222222.22222
Grenada,GRD,2020,1043411111.11111
Grenada,GRD,2019,1213485185.18519
Grenada,GRD,2018,1166514814.81481
Grenada,GRD,2017,1125685185.18519
Grenada,GRD,2016,1061640740.74074
Grenada,GRD,2015,997007407.407407
Grenada,GRD,2014,911496296.296296
Grenada,GRD,2013,842618518.518518
Guam,GUM,2025,
Guam,GUM,2024,
Guam,GUM,2023,
Guam,GUM,2022,6910000000.0
Guam,GUM,2021,6234000000.0
Guam,GUM,2020,5916000000.0
Guam,GUM,2019,6355000000.0
Guam,GUM,2018,6051000000.0
Guam,GUM,2017,6013000000.0
Guam,GUM,2016,5901000000.0
Guam,GUM,2015,5799000000.0
Guam,GUM,2014,5610000000.0
Guam,GUM,2013,5399000000.0
Guatemala,GTM,2025,123306008821.471
Guatemala,GTM,2024,113215575150.885
Guatemala,GTM,2023,104298081428.769
Guatemala,GTM,2022,95609727055.5754
Guatemala,GTM,2021,86455522272.7383
Guatemala,GTM,2020,77719468248.3666
Guatemala,GTM,2019,77172331693.4093
Guatemala,GTM,2018,73328356007.6152
Guatemala,GTM,2017,71653780740.4226
Guatemala,GTM,2016,66053408205.8838
Guatemala,GTM,2015,62186066547.6566
Guatemala,GTM,2014,57852159007.6243
Guatemala,GTM,2013,52996420177.4409
Guinea,GIN,2025,28346024753.2924
Guinea,GIN,2024,25008678293.4073
Guinea,GIN,2023,22407615556.0571
Guinea,GIN,2022,19910452541.9219
Guinea,GIN,2021,17069115737.8259
Guinea,GIN,2020,14088693742.9464
Guinea,GIN,2019,13442861496.4454
Guinea,GIN,2018,11857030366.7891
Guinea,GIN,2017,10324668271.1362
Guinea,GIN,2016,8595955222.49719
Guinea,GIN,2015,8794201742.84609
Guinea,GIN,2014,8778473372.82124
Guinea,GIN,2013,8376613539.28278
Guinea-Bissau,GNB,2025,2527930272.92988
Guinea-Bissau,GNB,2024,2197777209.94218
Guinea-Bissau,GNB,2023,2076748678.11987
Guinea-Bissau,GNB,2022,1856239954.81555
Guinea-Bissau,GNB,2021,1907611288.23036
Guinea-Bissau,GNB,2020,1705062169.81422
Guinea-Bissau,GNB,2019,1596214680.12925
Guinea-Bissau,GNB,2018,1554133593.91699
Guinea-Bissau,GNB,2017,1469978606.12143
Guinea-Bissau,GNB,2016,1245074264.10396
Guinea-Bissau,GNB,2015,1152384166.79638
Guinea-Bissau,GNB,2014,1135250721.0374
Guinea-Bissau,GNB,2013,1109682824.13594
Guyana,GUY,2025,27097477218.2254
Guyana,GUY,2024,24662714628.2974
Guyana,GUY,2023,16918503597.1223
Guyana,GUY,2022,14718388489.2086
Guyana,GUY,2021,8041362110.31175
Guyana,GUY,2020,5471256594.72422
Guyana,GUY,2019,5173760191.84652
Guyana,GUY,2018,4787636997.85343
Guyana,GUY,2017,4748174334.14044
Guyana,GUY,2016,4482697336.56174
Guyana,GUY,2015,4279840193.7046
Guyana,GUY,2014,4127660151.8087
Guyana,GUY,2013,4167800928.83553
Haiti,HTI,2025,32077278409.2339
Haiti,HTI,2024,24255657481.2502
Haiti,HTI,2023,19572288894.1581
Haiti,HTI,2022,20113007125.93
Haiti,HTI,2021,20754978152.2134
Haiti,HTI,2020,14508222518.3018
Haiti,HTI,2019,15016090929.5125
Haiti,HTI,2018,16403864617.8458
Haiti,HTI,2017,15093357161.1498
Haiti,HTI,2016,14069277526.2278
Haiti,HTI,2015,14849629308.6025
Haiti,HTI,2014,15146883497.6331
Haiti,HTI,2013,14902488604.2421
Honduras,HND,2025,39601409103.3005
Honduras,HND,2024,36980171442.0603
Honduras,HND,2023,34355805527.9795
Honduras,HND,2022,31426041806.7985
Honduras,HND,2021,28144331506.6149
Honduras,HND,2020,23352232483.755
Honduras,HND,2019,24882225741.8119
Honduras,HND,2018,24067750760.499
Honduras,HND,2017,23136247990.5977
Honduras,HND,2016,21717604952.1835
Honduras,HND,2015,20979791685.416
Honduras,HND,2014,19756533971.8698
Honduras,HND,2013,18499729214.904
"Hong Kong SAR, China",HKG,2025,427310315921.993
"Hong Kong SAR, China",HKG,2024,408368682415.423
"Hong Kong SAR, China",HKG,2023,380762296025.216
"Hong Kong SAR, China",HKG,2022,358673532516.529
"Hong Kong SAR, China",HKG,2021,368954169748.818
"Hong Kong SAR, China",HKG,2020,344943149590.058
"Hong Kong SAR, China",HKG,2019,363074545072.389
"Hong Kong SAR, China",HKG,2018,361731070995.726
"Hong Kong SAR, China",HKG,2017,341273289534.466
"Hong Kong SAR, China",HKG,2016,320860317562.562
"Hong Kong SAR, China",HKG,2015,309385622601.348
"Hong Kong SAR, China",HKG,2014,291459995978.893
"Hong Kong SAR, China",HKG,2013,275696879834.966
Hungary,HUN,2025,246490213513.054
Hungary,HUN,2024,222848211034.367
Hungary,HUN,2023,213029511028.874
Hungary,HUN,2022,177002580544.155
Hungary,HUN,2021,183282685440.486
Hungary,HUN,2020,158468487754.196
Hungary,HUN,2019,164936682033.992
Hungary,HUN,2018,161184691013.835
Hungary,HUN,2017,143335098991.862
Hungary,HUN,2016,128983560865.293
Hungary,HUN,2015,125244126623.289
Hungary,HUN,2014,141128696412.321
Hungary,HUN,2013,135646053778.582
Iceland,ISL,2025,38582528789.0033
Iceland,ISL,2024,33186621855.0053
Iceland,ISL,2023,31701996433.7807
Iceland,ISL,2022,29176227825.4736
Iceland,ISL,2021,26234872402.457
Iceland,ISL,2020,22034665040.7901
Iceland,ISL,2019,24985687022.0452
Iceland,ISL,2018,26677652544.3499
Iceland,ISL,2017,25060086487.8901
Iceland,ISL,2016,21083713310.457
Iceland,ISL,2015,17700486957.1907
Iceland,ISL,2014,18052183514.8695
Iceland,ISL,2013,16244319958.6808
India,IND,2025,3956067115771.63
India,IND,2024,3760813470500.86
India,IND,2023,3500906030644.76
India,IND,2022,3249938492013.47
India,IND,2021,3167270623260.47
India,IND,2020,2674851578587.27
India,IND,2019,2835606256558.19
India,IND,2018,2702929641648.74
India,IND,2017,2651474262755.45
India,IND,2016,2294796885663.16
India,IND,2015,2103588360044.94
India,IND,2014,2039126479154.52
India,IND,2013,1856721507621.58
Indonesia,IDN,2025,1445642584163.81
Indonesia,IDN,2024,1396301788461.69
Indonesia,IDN,2023,1371166925749.88
Indonesia,IDN,2022,1319101183380.15
Indonesia,IDN,2021,1186509691086.73
Indonesia,IDN,2020,1059054842698.48
Indonesia,IDN,2019,1119099871350.2
Indonesia,IDN,2018,1042271532988.63
Indonesia,IDN,2017,1015618744159.73
Indonesia,IDN,2016,931877364037.698
Indonesia,IDN,2015,860854232686.214
Indonesia,IDN,2014,890814755533.537
Indonesia,IDN,2013,912524136718.018
"Iran, Islamic Rep.",IRN,2025,362682115433.364
"Iran, Islamic Rep.",IRN,2024,475252089215.416
"Iran, Islamic Rep.",IRN,2023,457510482317.483
"Iran, Islamic Rep.",IRN,2022,422662261525.665
"Iran, Islamic Rep.",IRN,2021,407350685583.335
"Iran, Islamic Rep.",IRN,2020,280934329279.723
"Iran, Islamic Rep.",IRN,2019,347988400957.999
"Iran, Islamic Rep.",IRN,2018,411903303606.044
"Iran, Islamic Rep.",IRN,2017,510239893417.645
"Iran, Islamic Rep.",IRN,2016,478618064870.999
"Iran, Islamic Rep.",IRN,2015,409191686496.677
"Iran, Islamic Rep.",IRN,2014,462284793280.825
"Iran, Islamic Rep.",IRN,2013,500399839839.877
Iraq,IRQ,2025,254367293538.462
Iraq,IRQ,2024,279641257615.385
Iraq,IRQ,2023,268881051643.549
Iraq,IRQ,2022,287372232137.931
Iraq,IRQ,2021,209691945713.103
Iraq,IRQ,2020,180898797516.874
Iraq,IRQ,2019,233636097800.338
Iraq,IRQ,2018,227367469034.031
Iraq,IRQ,2017,187217660050.676
Iraq,IRQ,2016,166743557747.671
Iraq,IRQ,2015,166774104959.102
Iraq,IRQ,2014,228415656174.957
Iraq,IRQ,2013,234637675128.645
Ireland,IRL,2025,721701359046.313
Ireland,IRL,2024,609157459747.205
Ireland,IRL,2023,567372737459.116
Ireland,IRL,2022,548341794599.09
Ireland,IRL,2021,530394123829.763
Ireland,IRL,2020,436009027818.948
Ireland,IRL,2019,407211793800.713
Ireland,IRL,2018,395780319816.603
Ireland,IRL,2017,348355212568.515
Ireland,IRL,2016,305431252708.748
Ireland,IRL,2015,302101388556.271
Ireland,IRL,2014,266490442124.309
Ireland,IRL,2013,242924245718.756
Isle of Man,IMN,2025,
Isle of Man,IMN,2024,
Isle of Man,IMN,2023,7576129932.79381
Isle of Man,IMN,2022,7431257410.92713
Isle of Man,IMN,2021,7931193222.06405
Isle of Man,IMN,2020,6684225641.02564
Isle of Man,IMN,2019,7314967866.28289
Isle of Man,IMN,2018,7491649455.92717
Isle of Man,IMN,2017,6979788333.50279
Isle of Man,IMN,2016,6846377563.00683
Isle of Man,IMN,2015,7084800892.22284
Isle of Man,IMN,2014,7708454412.32126
Isle of Man,IMN,2013,7001175622.71266
Israel,ISR,2025,610777842873.595
Israel,ISR,2024,542284494490.778
Israel,ISR,2023,513393395491.904
Israel,ISR,2022,525157951212.871
Israel,ISR,2021,489735019666.026
Israel,ISR,2020,410908899711.272
Israel,ISR,2019,399207771081.611
Israel,ISR,2018,375470422244.408
Israel,ISR,2017,357360816856.642
Israel,ISR,2016,321083954798.337
Israel,ISR,2015,302841190257.708
Israel,ISR,2014,314376760832.047
Israel,ISR,2013,298045324735.571
Italy,ITA,2025,2551556954100.35
Italy,ITA,2024,2383435562458.12
Italy,ITA,2023,2316882296366.32
Italy,ITA,2022,2104067630319.46
Italy,ITA,2021,2179207773596.09
Italy,ITA,2020,1907481094079.23
Italy,ITA,2019,2019606796583.53
Italy,ITA,2018,2099435266458.67
Italy,ITA,2017,1970720904584.71
Italy,ITA,2016,1887111188176.93
Italy,ITA,2015,1845428048839.1
Italy,ITA,2014,2173255507985.84
Italy,ITA,2013,2153225581941.46
Jamaica,JAM,2025,22704903217.5631
Jamaica,JAM,2024,22014429050.9995
Jamaica,JAM,2023,21418797832.8216
Jamaica,JAM,2022,18813516805.214
Jamaica,JAM,2021,15963885376.3537
Jamaica,JAM,2020,15000214216.2439
Jamaica,JAM,2019,17026269262.5307
Jamaica,JAM,2018,16855447986.2221
Jamaica,JAM,2017,15783583236.675
Jamaica,JAM,2016,14898999754.1229
Jamaica,JAM,2015,14963589915.5912
Jamaica,JAM,2014,13899217679.9219
Jamaica,JAM,2013,14264205152.6126
Japan,JPN,2025,4435162999976.94
Japan,JPN,2024,4190008188358.57
Japan,JPN,2023,4384854269961.93
Japan,JPN,2022,4447976207314.78
Japan,JPN,2021,5225933520753.1
Japan,JPN,2020,5189197543645.38
Japan,JPN,2019,5245755000479.03
Japan,JPN,2018,5154293721629.56
Japan,JPN,2017,5038231631660.71
Japan,JPN,2016,5110357383254.44
Japan,JPN,2015,4534438580494.94
Japan,JPN,2014,4985763289560.81
Japan,JPN,2013,5272297037396.96
Jordan,JOR,2025,61610052535.2113
Jordan,JOR,2024,58618380563.3803
Jordan,JOR,2023,56123472112.6761
Jordan,JOR,2022,53516930140.8451
Jordan,JOR,2021,50702940985.9155
Jordan,JOR,2020,47931770985.9155
Jordan,JOR,2019,48640273802.8169
Jordan,JOR,2018,47435850422.5352
Jordan,JOR,2017,45535614366.1972
Jordan,JOR,2016,43688498732.3944
Jordan,JOR,2015,42394049295.7747
Jordan,JOR,2014,40535098591.5493
Jordan,JOR,2013,37873362957.7465
Kazakhstan,KAZ,2025,306239209650.024
Kazakhstan,KAZ,2024,291480274648.826
Kazakhstan,KAZ,2023,261840101059.923
Kazakhstan,KAZ,2022,225496328925.494
Kazakhstan,KAZ,2021,197112255360.612
Kazakhstan,KAZ,2020,171082365861.423
Kazakhstan,KAZ,2019,181667184854.501
Kazakhstan,KAZ,2018,179339977690.485
Kazakhstan,KAZ,2017,166805788827.233
Kazakhstan,KAZ,2016,137278320084.171
Kazakhstan,KAZ,2015,184388404706.042
Kazakhstan,KAZ,2014,221415613595.469
Kazakhstan,KAZ,2013,236634603409.089
Kenya,KEN,2025,135941278878.815
Kenya,KEN,2024,120397537849.826
Kenya,KEN,2023,107500884685.013
Kenya,KEN,2022,114448978152.637
Kenya,KEN,2021,109703658904.994
Kenya,KEN,2020,100657505750.545
Kenya,KEN,2019,100378436207.371
Kenya,KEN,2018,92202979985.2863
Kenya,KEN,2017,82036510877.2599
Kenya,KEN,2016,74815144163.8931
Kenya,KEN,2015,70120446896.8359
Kenya,KEN,2014,68285796514.2896
Kenya,KEN,2013,61671440407.8387
Kiribati,KIR,2025,349227254.158833
Kiribati,KIR,2024,343153235.077124
Kiribati,KIR,2023,291657337.839517
Kiribati,KIR,2022,271214374.500577
Kiribati,KIR,2021,285451584.406531
Kiribati,KIR,2020,220909306.750809
Kiribati,KIR,2019,216891541.021351
Kiribati,KIR,2018,233859230.192198
Kiribati,KIR,2017,223029864.54193
Kiribati,KIR,2016,206467818.503227
Kiribati,KIR,2015,191559398.688293
Kiribati,KIR,2014,200287281.98074
Kiribati,KIR,2013,201730860.757856
"Korea, Dem. People's Rep.",PRK,2025,
"Korea, Dem. People's Rep.",PRK,2024,
"Korea, Dem. People's Rep.",PRK,2023,
"Korea, Dem. People's Rep.",PRK,2022,
"Korea, Dem. People's Rep.",PRK,2021,
"Korea, Dem. People's Rep.",PRK,2020,
"Korea, Dem. People's Rep.",PRK,2019,
"Korea, Dem. People's Rep.",PRK,2018,
"Korea, Dem. People's Rep.",PRK,2017,
"Korea, Dem. People's Rep.",PRK,2016,
"Korea, Dem. People's Rep.",PRK,2015,
"Korea, Dem. People's Rep.",PRK,2014,
"Korea, Dem. People's Rep.",PRK,2013,
"Korea, Rep.",KOR,2025,1872374961553.15
"Korea, Rep.",KOR,2024,1875388209406.8
"Korea, Rep.",KOR,2023,1844800934391.54
"Korea, Rep.",KOR,2022,1799363116866.52
"Korea, Rep.",KOR,2021,1942313560965.9
"Korea, Rep.",KOR,2020,1744070276373.34
"Korea, Rep.",KOR,2019,1751045752054.63
"Korea, Rep.",KOR,2018,1824251454306.83
"Korea, Rep.",KOR,2017,1710196756713.17
"Korea, Rep.",KOR,2016,1579150518945.44
"Korea, Rep.",KOR,2015,1539212301135.55
"Korea, Rep.",KOR,2014,1556252422020.44
"Korea, Rep.",KOR,2013,1434669686501.84
Kosovo,XKX,2025,12456403306.8191
Kosovo,XKX,2024,11203038332.3359
Kosovo,XKX,2023,10466753839.9923
Kosovo,XKX,2022,9367633202.54673
Kosovo,XKX,2021,9412099545.05799
Kosovo,XKX,2020,7734497455.75411
Kosovo,XKX,2019,7899204690.79214
Kosovo,XKX,2018,7878762812.20156
Kosovo,XKX,2017,7180768692.26354
Kosovo,XKX,2016,6682674062.9615
Kosovo,XKX,2015,6295845465.35898
Kosovo,XKX,2014,7074392884.04507
Kosovo,XKX,2013,6735327512.05178
Kuwait,KWT,2025,157209026926.418
Kuwait,KWT,2024,160903106639.233
Kuwait,KWT,2023,165462656226.772
Kuwait,KWT,2022,183502046693.878
Kuwait,KWT,2021,148350671489.144
Kuwait,KWT,2020,111045470605.715
Kuwait,KWT,2019,140856394860.529
Kuwait,KWT,2018,138646316350.727
Kuwait,KWT,2017,120687539805.505
Kuwait,KWT,2016,109406674124.652
Kuwait,KWT,2015,114585555688.511
Kuwait,KWT,2014,162650450684.725
Kuwait,KWT,2013,174168116534.844
Kyrgyz Republic,KGZ,2025,22623752095.4613
Kyrgyz Republic,KGZ,2024,18161630698.9052
Kyrgyz Republic,KGZ,2023,15180842369.4894
Kyrgyz Republic,KGZ,2022,12134931017.9465
Kyrgyz Republic,KGZ,2021,9249133946.26531
Kyrgyz Republic,KGZ,2020,8270468614.24051
Kyrgyz Republic,KGZ,2019,9371275264.36735
Kyrgyz Republic,KGZ,2018,8271106235.41552
Kyrgyz Republic,KGZ,2017,7702938379.42036
Kyrgyz Republic,KGZ,2016,6813095379.1187
Kyrgyz Republic,KGZ,2015,6678177511.66313
Kyrgyz Republic,KGZ,2014,7468102412.68237
Kyrgyz Republic,KGZ,2013,7335033800.59056
Lao PDR,LAO,2025,18302970218.5902
Lao PDR,LAO,2024,16502933121.3379
Lao PDR,LAO,2023,15843155731.2552
Lao PDR,LAO,2022,15468785203.7532
Lao PDR,LAO,2021,18827148530.9347
Lao PDR,LAO,2020,18981805250.2424
Lao PDR,LAO,2019,18740561512.5555
Lao PDR,LAO,2018,18141641089.7963
Lao PDR,LAO,2017,17071155481.4994
Lao PDR,LAO,2016,15912501722.6143
Lao PDR,LAO,2015,14426380125.6488
Lao PDR,LAO,2014,13279245886.3854
Lao PDR,LAO,2013,11983252626.5452
Latvia,LVA,2025,48618869160.3254
Latvia,LVA,2024,44001275012.6141
Latvia,LVA,2023,42779550936.838
Latvia,LVA,2022,38003198508.9107
Latvia,LVA,2021,38183326784.9335
Latvia,LVA,2020,33379927434.6149
Latvia,LVA,2019,33099503950.847
Latvia,LVA,2018,33247935477.3576
Latvia,LVA,2017,29391059767.4259
Latvia,LVA,2016,27117105059.5075
Latvia,LVA,2015,26344565876.8902
Latvia,LVA,2014,30277203767.4058
Latvia,LVA,2013,29152128167.8438
Lebanon,LBN,2025,
Lebanon,LBN,2024,25971643441.3408
Lebanon,LBN,2023,20078620356.9931
Lebanon,LBN,2022,20992421948.8081
Lebanon,LBN,2021,23131941556.7843
Lebanon,LBN,2020,31712128253.7961
Lebanon,LBN,2019,51605959131.2741
Lebanon,LBN,2018,54901519155.5556
Lebanon,LBN,2017,53027680685.9038
Lebanon,LBN,2016,51147308774.1294
Lebanon,LBN,2015,49929337836.8159
Lebanon,LBN,2014,48095213746.6003
Lebanon,LBN,2013,46880103080.597
Lesotho,LSO,2025,2573572920.05159
Lesotho,LSO,2024,2391282547.80028
Lesotho,LSO,2023,2129871529.52517
Lesotho,LSO,2022,2354980960.02697
Lesotho,LSO,2021,2412130056.55851
Lesotho,LSO,2020,2053699863.99625
Lesotho,LSO,2019,2390702295.82777
Lesotho,LSO,2018,2556247291.99785
Lesotho,LSO,2017,2306741672.29006
Lesotho,LSO,2016,2114426452.2019
Lesotho,LSO,2015,2359686724.53829
Lesotho,LSO,2014,2441063054.05792
Lesotho,LSO,2013,2367112931.642
Liberia,LBR,2025,5245938900.0
Liberia,LBR,2024,4779300900.0
Liberia,LBR,2023,4390000000.0
Liberia,LBR,2022,4001047000.0
Liberia,LBR,2021,3513049500.0
Liberia,LBR,2020,3176126300.0
Liberia,LBR,2019,3319596500.0
Liberia,LBR,2018,3422754800.0
Liberia,LBR,2017,3390703400.0
Liberia,LBR,2016,3398419600.0
Liberia,LBR,2015,3227075700.0
Liberia,LBR,2014,3225652000.0
Liberia,LBR,2013,3177198100.0
Libya,LBY,2025,48098909613.6316
Libya,LBY,2024,48487151215.345
Libya,LBY,2023,44027664915.187
Libya,LBY,2022,43246297921.8499
Libya,LBY,2021,35217995647.2862
Libya,LBY,2020,46854285440.642
Libya,LBY,2019,69254496471.6938
Libya,LBY,2018,76686029772.1483
Libya,LBY,2017,67157452181.7738
Libya,LBY,2016,49912073701.298
Libya,LBY,2015,48717501321.3052
Libya,LBY,2014,57372355592.022
Libya,LBY,2013,75351107029.0605
Liechtenstein,LIE,2025,
Liechtenstein,LIE,2024,8905764270.4054
Liechtenstein,LIE,2023,8239379403.22096
Liechtenstein,LIE,2022,7426856242.7736
Liechtenstein,LIE,2021,7912602342.18895
Liechtenstein,LIE,2020,6405870210.32293
Liechtenstein,LIE,2019,6436467007.11932
Liechtenstein,LIE,2018,6692620691.84146
Liechtenstein,LIE,2017,6474308717.85289
Liechtenstein,LIE,2016,6237302033.50132
Liechtenstein,LIE,2015,6268515276.17441
Liechtenstein,LIE,2014,6657526979.72277
Liechtenstein,LIE,2013,6391708310.67727
Lithuania,LTU,2025,95210150818.3512
Lithuania,LTU,2024,85503938573.5664
Lithuania,LTU,2023,80356613554.5602
Lithuania,LTU,2022,70639687325.6326
Lithuania,LTU,2021,67072165721.2431
Lithuania,LTU,2020,57412038533.2718
Lithuania,LTU,2019,55122066225.796
Lithuania,LTU,2018,54261795148.5372
Lithuania,LTU,2017,47756764508.446
Lithuania,LTU,2016,42970749245.0336
Lithuania,LTU,2015,41540954817.2039
Lithuania,LTU,2014,48306546656.9281
Lithuania,LTU,2013,46303660422.0434
Luxembourg,LUX,2025,101157829491.107
Luxembourg,LUX,2024,93279851863.4062
Luxembourg,LUX,2023,88788881539.3937
Luxembourg,LUX,2022,80801680397.0139
Luxembourg,LUX,2021,86386759695.1653
Luxembourg,LUX,2020,73670782100.3909
Luxembourg,LUX,2019,69872035113.6469
Luxembourg,LUX,2018,71085623495.1145
Luxembourg,LUX,2017,65712180342.9836
Luxembourg,LUX,2016,62216885435.9488
Luxembourg,LUX,2015,60071584216.1375
Luxembourg,LUX,2014,68804814554.646
Luxembourg,LUX,2013,65203276466.9763
"Macao SAR, China",MAC,2025,52061007670.169
"Macao SAR, China",MAC,2024,49467258923.3244
"Macao SAR, China",MAC,2023,45626467279.891
"Macao SAR, China",MAC,2022,24929307447.3237
"Macao SAR, China",MAC,2021,30633941629.3633
"Macao SAR, China",MAC,2020,25280064167.7333
"Macao SAR, China",MAC,2019,55025172016.004
"Macao SAR, China",MAC,2018,55076322634.344
"Macao SAR, China",MAC,2017,50297028370.6668
"Macao SAR, China",MAC,2016,44964868323.7558
"Macao SAR, China",MAC,2015,44940613353.1038
"Macao SAR, China",MAC,2014,54930501310.2956
"Macao SAR, China",MAC,2013,51559125350.236
Madagascar,MDG,2025,19620352035.7899
Madagascar,MDG,2024,17592832696.1336
Madagascar,MDG,2023,16036707975.7567
Madagascar,MDG,2022,15342178598.2475
Madagascar,MDG,2021,14354731964.3258
Madagascar,MDG,2020,13051441204.053
Madagascar,MDG,2019,14104664678.5063
Madagascar,MDG,2018,13760033282.2925
Madagascar,MDG,2017,13176313593.5509
Madagascar,MDG,2016,11848613858.442
Madagascar,MDG,2015,11323020701.3017
Madagascar,MDG,2014,12522957399.2281
Madagascar,MDG,2013,12423555455.3853
Malawi,MWI,2025,14918276698.303
Malawi,MWI,2024,11311971400.3864
Malawi,MWI,2023,13363669672.9405
Malawi,MWI,2022,12429059928.102
Malawi,MWI,2021,12378119199.0839
Malawi,MWI,2020,11769313597.8545
Malawi,MWI,2019,11051852712.6142
Malawi,MWI,2018,9879220354.29186
Malawi,MWI,2017,8943543793.5839
Malawi,MWI,2016,7909868618.46366
Malawi,MWI,2015,9219474379.31534
Malawi,MWI,2014,8801326169.14547
Malawi,MWI,2013,8031571927.62055
Malaysia,MYS,2025,472193128644.597
Malaysia,MYS,2024,422227005428.688
Malaysia,MYS,2023,399949418752.657
Malaysia,MYS,2022,407830525989.553
Malaysia,MYS,2021,373784553029.978
Malaysia,MYS,2020,337456163961.211
Malaysia,MYS,2019,365177721021.516
Malaysia,MYS,2018,358788845712.53
Malaysia,MYS,2017,319109094160.343
Malaysia,MYS,2016,301256033870.334
Malaysia,MYS,2015,301355266964.947
Malaysia,MYS,2014,338066095097.254
Malaysia,MYS,2013,323276235524.415
Maldives,MDV,2025,7741066860.6337
Maldives,MDV,2024,7061608267.25451
Maldives,MDV,2023,6621008703.95743
Maldives,MDV,2022,6177123352.26211
Maldives,MDV,2021,5252457369.55218
Maldives,MDV,2020,3712604583.36665
Maldives,MDV,2019,5726094799.37709
Maldives,MDV,2018,5404344162.69888
Maldives,MDV,2017,4816426256.52914
Maldives,MDV,2016,4409942623.85538
Maldives,MDV,2015,4129505319.12921
Maldives,MDV,2014,3697353039.20043
Maldives,MDV,2013,3295009237.50107
Mali,MLI,2025,30069148580.7688
Mali,MLI,2024,26761281076.7658
Mali,MLI,2023,24777941860.767
Mali,MLI,2022,22539987718.7642
Mali,MLI,2021,22999245262.6719
Mali,MLI,2020,20698560938.7775
Mali,MLI,2019,20477421884.5414
Mali,MLI,2018,20368015381.2413
Mali,MLI,2017,18308362040.0521
Mali,MLI,2016,16743796799.8329
Mali,MLI,2015,15583181170.4105
Mali,MLI,2014,17081681993.2577
Mali,MLI,2013,15747192680.9971
Malta,MLT,2025,27771821560.9411
Malta,MLT,2024,25042712191.3281
Malta,MLT,2023,22625329775.6867
Malta,MLT,2022,18938869147.0818
Malta,MLT,2021,19730119030.6198
Malta,MLT,2020,16404655807.6687
Malta,MLT,2019,16337788880.578
Malta,MLT,2018,16153785816.8181
Malta,MLT,2017,14161374599.3379
Malta,MLT,2016,12025777078.0922
Malta,MLT,2015,11340789705.8045
Malta,MLT,2014,11888029751.5962
Malta,MLT,2013,10796780874.0524
Marshall Islands,MHL,2025,308000000.0
Marshall Islands,MHL,2024,285000000.0
Marshall Islands,MHL,2023,264000000.0
Marshall Islands,MHL,2022,258723500.0
Marshall Islands,MHL,2021,261245500.0
Marshall Islands,MHL,2020,241800000.0
Marshall Islands,MHL,2019,232900000.0
Marshall Islands,MHL,2018,220000000.0
Marshall Islands,MHL,2017,213700000.0
Marshall Islands,MHL,2016,201800000.0
Marshall Islands,MHL,2015,183700000.0
Marshall Islands,MHL,2014,186000000.0
Marshall Islands,MHL,2013,186400000.0
Mauritania,MRT,2025,11679910946.4371
Mauritania,MRT,2024,10879212033.4823
Mauritania,MRT,2023,10687541640.1299
Mauritania,MRT,2022,9562497460.55394
Mauritania,MRT,2021,9221044666.76483
Mauritania,MRT,2020,8260567356.81635
Mauritania,MRT,2019,7894764885.82312
Mauritania,MRT,2018,7475471309.52265
Mauritania,MRT,2017,6812472965.33868
Mauritania,MRT,2016,6407900701.25829
Mauritania,MRT,2015,6182303676.55144
Mauritania,MRT,2014,6615483550.17817
Mauritania,MRT,2013,7230646063.35983
Mauritius,MUS,2025,16157804491.7614
Mauritius,MUS,2024,14938055690.3609
Mauritius,MUS,2023,14072212290.4596
Mauritius,MUS,2022,12936444123.3037
Mauritius,MUS,2021,11622048696.8129
Mauritius,MUS,2020,11566111137.5568
Mauritius,MUS,2019,14645235204.6176
Mauritius,MUS,2018,14957535715.9696
Mauritius,MUS,2017,13896938315.2799
Mauritius,MUS,2016,12757680846.5663
Mauritius,MUS,2015,12162211503.0793
Mauritius,MUS,2014,13230490081.5656
Mauritius,MUS,2013,12434596541.2996
Mexico,MEX,2025,1832641364775.52
Mexico,MEX,2024,1830489311088.89
Mexico,MEX,2023,1794410347718.25
Mexico,MEX,2022,1466934724243.38
Mexico,MEX,2021,1316569466833.94
Mexico,MEX,2020,1121064767168.8
Mexico,MEX,2019,1304106204006.27
Mexico,MEX,2018,1256300182983.65
Mexico,MEX,2017,1190721475853.16
Mexico,MEX,2016,1112233497452.7
Mexico,MEX,2015,1213294467653.78
Mexico,MEX,2014,1364507717689.36
Mexico,MEX,2013,1327436290439.27
"Micronesia, Fed. Sts.",FSM,2025,501797600.0
"Micronesia, Fed. Sts.",FSM,2024,481121300.0
"Micronesia, Fed. Sts.",FSM,2023,442975600.0
"Micronesia, Fed. Sts.",FSM,2022,415232900.0
"Micronesia, Fed. Sts.",FSM,2021,391601900.0
"Micronesia, Fed. Sts.",FSM,2020,372902700.0
"Micronesia, Fed. Sts.",FSM,2019,395000000.0
"Micronesia, Fed. Sts.",FSM,2018,394000000.0
"Micronesia, Fed. Sts.",FSM,2017,361000000.0
"Micronesia, Fed. Sts.",FSM,2016,327000000.0
"Micronesia, Fed. Sts.",FSM,2015,312000000.0
"Micronesia, Fed. Sts.",FSM,2014,316000000.0
"Micronesia, Fed. Sts.",FSM,2013,314000000.0
Moldova,MDA,2025,20351796275.2943
Moldova,MDA,2024,18206842140.7615
Moldova,MDA,2023,16711906746.2133
Moldova,MDA,2022,14525337523.7271
Moldova,MDA,2021,13691869264.0794
Moldova,MDA,2020,11530746234.4492
Moldova,MDA,2019,11736797054.6965
Moldova,MDA,2018,11252353420.8798
Moldova,MDA,2017,9514404016.20949
Moldova,MDA,2016,7980917075.7748
Moldova,MDA,2015,7797667196.73087
Moldova,MDA,2014,9402090137.7423
Moldova,MDA,2013,9496717875.51932
Monaco,MCO,2025,
Monaco,MCO,2024,11125788838.2812
Monaco,MCO,2023,10003897341.1766
Monaco,MCO,2022,8800432773.73544
Monaco,MCO,2021,8623241326.74405
Monaco,MCO,2020,6730733230.81714
Monaco,MCO,2019,7383494129.41175
Monaco,MCO,2018,7184336760.39215
Monaco,MCO,2017,6430258224.58825
Monaco,MCO,2016,6471287668.59924
Monaco,MCO,2015,6264753585.625
Monaco,MCO,2014,7070015473.96076
Monaco,MCO,2013,6555590641.56865
Mongolia,MNG,2025,25369107325.4549
Mongolia,MNG,2024,23794540024.5132
Mongolia,MNG,2023,20325121393.9074
Mongolia,MNG,2022,17146471713.748
Mongolia,MNG,2021,15286441737.6686
Mongolia,MNG,2020,13312981429.0891
Mongolia,MNG,2019,14206359017.5143
Mongolia,MNG,2018,13178094720.4986
Mongolia,MNG,2017,11480847740.736
Mongolia,MNG,2016,11181350649.3573
Mongolia,MNG,2015,11619892590.6941
Mongolia,MNG,2014,12226514668.0622
Mongolia,MNG,2013,12582122604.2577
Montenegro,MNE,2025,9232801464.79257
Montenegro,MNE,2024,8274290505.96367
Montenegro,MNE,2023,7643318276.40347
Montenegro,MNE,2022,6259721790.0652
Montenegro,MNE,2021,5822908963.58053
Montenegro,MNE,2020,4734192593.29169
Montenegro,MNE,2019,5483622632.13097
Montenegro,MNE,2018,5433469310.85184
Montenegro,MNE,2017,4803964684.21648
Montenegro,MNE,2016,4357467226.269
Montenegro,MNE,2015,4010884106.80136
Montenegro,MNE,2014,4579635403.65249
Montenegro,MNE,2013,4422097042.14762
Morocco,MAR,2025,182374250612.28
Morocco,MAR,2024,160610994054.734
Morocco,MAR,2023,146036093666.762
Morocco,MAR,2022,131245312804.483
Morocco,MAR,2021,142022058447.231
Morocco,MAR,2020,121353645057.144
Morocco,MAR,2019,128920266409.458
Morocco,MAR,2018,127341147581.818
Morocco,MAR,2017,118540573367.844
Morocco,MAR,2016,111572947004.917
Morocco,MAR,2015,110413823841.592
Morocco,MAR,2014,119130841411.664
Morocco,MAR,2013,115739287305.08
Mozambique,MOZ,2025,22337997046.1913
Mozambique,MOZ,2024,22752244245.473
Mozambique,MOZ,2023,20927498317.3094
Mozambique,MOZ,2022,18884232598.8698
Mozambique,MOZ,2021,16168055475.4449
Mozambique,MOZ,2020,14235420174.1884
Mozambique,MOZ,2019,15512759046.672
Mozambique,MOZ,2018,15017358952.8452
Mozambique,MOZ,2017,13264640645.7768
Mozambique,MOZ,2016,12069051237.1711
Mozambique,MOZ,2015,16208985769.615
Mozambique,MOZ,2014,17978246586.0662
Mozambique,MOZ,2013,17198073057.1981
Myanmar,MMR,2025,81665773809.5238
Myanmar,MMR,2024,74068349523.8095
Myanmar,MMR,2023,66757619000.0
Myanmar,MMR,2022,62253049891.6449
Myanmar,MMR,2021,66345291160.1683
Myanmar,MMR,2020,79006113643.1906
Myanmar,MMR,2019,75065106227.6892
Myanmar,MMR,2018,67860515989.517
Myanmar,MMR,2017,66053040483.0016
Myanmar,MMR,2016,63298361996.2153
Myanmar,MMR,2015,59607290407.6191
Myanmar,MMR,2014,65531374199.6663
Myanmar,MMR,2013,60269732854.827
Namibia,NAM,2025,15080340653.5276
Namibia,NAM,2024,13641190683.4641
Namibia,NAM,2023,12522012873.7957
Namibia,NAM,2022,12569449123.3661
Namibia,NAM,2021,12402486183.6396
Namibia,NAM,2020,10583748541.5258
Namibia,NAM,2019,12541928303.48
Namibia,NAM,2018,13682019076.4022
Namibia,NAM,2017,12895153370.9132
Namibia,NAM,2016,10722018732.0936
Namibia,NAM,2015,11335161083.5061
Namibia,NAM,2014,12435430969.6301
Namibia,NAM,2013,12043307277.1235
Naoero,NRU,2025,176040043.932346
Naoero,NRU,2024,167833414.846177
Naoero,NRU,2023,161531316.884061
Naoero,NRU,2022,180671357.349805
Naoero,NRU,2021,149268323.992868
Naoero,NRU,2020,124685688.161094
Naoero,NRU,2019,125160115.547819
Naoero,NRU,2018,130995566.30391
Naoero,NRU,2017,109355638.866955
Naoero,NRU,2016,97541943.0355053
Naoero,NRU,2015,84863440.5801997
Naoero,NRU,2014,99149244.4001333
Naoero,NRU,2013,94385014.9425842
Nepal,NPL,2025,45489810283.1132
Nepal,NPL,2024,43298911699.9284
Nepal,NPL,2023,41049329851.0546
Nepal,NPL,2022,41182939519.8161
Nepal,NPL,2021,36924841394.2605
Nepal,NPL,2020,33433659301.2466
Nepal,NPL,2019,34186180699.0255
Nepal,NPL,2018,33111525237.149
Nepal,NPL,2017,28971588940.364
Nepal,NPL,2016,24524109483.5293
Nepal,NPL,2015,24360801286.7638
Nepal,NPL,2014,22731612922.1906
Nepal,NPL,2013,22162204924.5726
Netherlands,NLD,2025,1332767651100.39
Netherlands,NLD,2024,1213936238063.28
Netherlands,NLD,2023,1135475867551.0
Netherlands,NLD,2022,1046540797548.64
Netherlands,NLD,2021,1054472123449.6
Netherlands,NLD,2020,932560861701.17
Netherlands,NLD,2019,928903005576.469
Netherlands,NLD,2018,929733599796.862
Netherlands,NLD,2017,848233537845.884
Netherlands,NLD,2016,797163949289.885
Netherlands,NLD,2015,775743675302.734
Netherlands,NLD,2014,901556501756.467
Netherlands,NLD,2013,883951539006.669
New Caledonia,NCL,2025,
New Caledonia,NCL,2024,8548919387.12607
New Caledonia,NCL,2023,9769167530.35744
New Caledonia,NCL,2022,9623318718.31459
New Caledonia,NCL,2021,10071349663.8484
New Caledonia,NCL,2020,9454629467.91408
New Caledonia,NCL,2019,9475655324.59495
New Caledonia,NCL,2018,9896402283.68587
New Caledonia,NCL,2017,9174048681.98577
New Caledonia,NCL,2016,8724568954.89799
New Caledonia,NCL,2015,8738203074.3957
New Caledonia,NCL,2014,10635035594.7528
New Caledonia,NCL,2013,10151382933.1594
New Zealand,NZL,2025,264057413739.965
New Zealand,NZL,2024,261497198363.906
New Zealand,NZL,2023,256372177757.764
New Zealand,NZL,2022,249723029451.237
New Zealand,NZL,2021,253732493987.834
New Zealand,NZL,2020,213318129988.602
New Zealand,NZL,2019,213088034258.42
New Zealand,NZL,2018,211726161989.495
New Zealand,NZL,2017,206561943051.354
New Zealand,NZL,2016,188980351890.848
New Zealand,NZL,2015,178147457242.978
New Zealand,NZL,2014,201435445068.164
New Zealand,NZL,2013,190943478289.796
Nicaragua,NIC,2025,22237167113.0916
Nicaragua,NIC,2024,19696311850.3289
Nicaragua,NIC,2023,17805842220.7571
Nicaragua,NIC,2022,15634573555.9049
Nicaragua,NIC,2021,14209019392.3025
Nicaragua,NIC,2020,12726422432.4868
Nicaragua,NIC,2019,12699023614.245
Nicaragua,NIC,2018,13025221974.232
Nicaragua,NIC,2017,13785893007.4769
Nicaragua,NIC,2016,13286093388.4752
Nicaragua,NIC,2015,12756696261.0676
Nicaragua,NIC,2014,11880438824.4494
Nicaragua,NIC,2013,10982988249.2103
Niger,NER,2025,21646191388.2507
Niger,NER,2024,19729786046.7618
Niger,NER,2023,16949765463.9058
Niger,NER,2022,15531799640.9005
Niger,NER,2021,14936154253.3242
Niger,NER,2020,13648332189.7307
Niger,NER,2019,12420836506.7888
Niger,NER,2018,12800907985.9863
Niger,NER,2017,11359273443.3897
Niger,NER,2016,10341025540.2322
Niger,NER,2015,9683867926.44282
Niger,NER,2014,10862943543.5419
Niger,NER,2013,10224897437.8648
Nigeria,NGA,2025,290794361542.112
Nigeria,NGA,2024,252261880140.271
Nigeria,NGA,2023,487387801877.803
Nigeria,NGA,2022,646950257575.455
Nigeria,NGA,2021,609147716965.348
Nigeria,NGA,2020,598586817817.392
Nigeria,NGA,2019,668219992686.575
Nigeria,NGA,2018,421739251509.08
Nigeria,NGA,2017,375745731053.427
Nigeria,NGA,2016,404649125252.16
Nigeria,NGA,2015,493026682800.63
Nigeria,NGA,2014,574183763411.508
Nigeria,NGA,2013,520117180313.906
North Macedonia,MKD,2025,19101199817.0174
North Macedonia,MKD,2024,16951682221.3962
North Macedonia,MKD,2023,15855131188.9092
North Macedonia,MKD,2022,13932436550.0883
North Macedonia,MKD,2021,14000283827.0154
North Macedonia,MKD,2020,12361036913.8409
North Macedonia,MKD,2019,12606338448.547
North Macedonia,MKD,2018,12683068114.2388
North Macedonia,MKD,2017,11307067069.6658
North Macedonia,MKD,2016,10672467073.2873
North Macedonia,MKD,2015,10064519962.5655
North Macedonia,MKD,2014,11362265252.778
North Macedonia,MKD,2013,10817702346.0674
Northern Mariana Islands,MNP,2025,
Northern Mariana Islands,MNP,2024,
Northern Mariana Islands,MNP,2023,
Northern Mariana Islands,MNP,2022,1096000000.0
Northern Mariana Islands,MNP,2021,914000000.0
Northern Mariana Islands,MNP,2020,866000000.0
Northern Mariana Islands,MNP,2019,1179000000.0
Northern Mariana Islands,MNP,2018,1301000000.0
Northern Mariana Islands,MNP,2017,1560000000.0
Northern Mariana Islands,MNP,2016,1230000000.0
Northern Mariana Islands,MNP,2015,910000000.0
Northern Mariana Islands,MNP,2014,832000000.0
Northern Mariana Islands,MNP,2013,772000000.0
Norway,NOR,2025,530755719438.879
Norway,NOR,2024,500886328034.123
Norway,NOR,2023,502197633322.816
Norway,NOR,2022,617321834098.986
Norway,NOR,2021,521592200232.829
Norway,NOR,2020,382252517921.94
Norway,NOR,2019,424244886363.636
Norway,NOR,2018,454588871810.636
Norway,NOR,2017,415673181543.421
Norway,NOR,2016,383284047619.048
Norway,NOR,2015,400669174330.888
Norway,NOR,2014,515829568897.117
Norway,NOR,2013,540132255319.149
Oman,OMN,2025,109604780696.23
Oman,OMN,2024,107137198699.61
Oman,OMN,2023,106174707932.38
Oman,OMN,2022,109852795838.752
Oman,OMN,2021,87323797139.1417
Oman,OMN,2020,75909492847.8544
Oman,OMN,2019,88060858257.4772
Oman,OMN,2018,91505851755.5267
Oman,OMN,2017,80856697009.1027
Oman,OMN,2016,75128738621.5865
Oman,OMN,2015,78710793237.9714
Oman,OMN,2014,92699089726.9181
Oman,OMN,2013,89936020806.2419
Pakistan,PAK,2025,407307214476.222
Pakistan,PAK,2024,371747087751.306
Pakistan,PAK,2023,336686348609.266
Pakistan,PAK,2022,374890295666.694
Pakistan,PAK,2021,348516647445.148
Pakistan,PAK,2020,300425609817.981
Pakistan,PAK,2019,320909472770.669
Pakistan,PAK,2018,356128166704.921
Pakistan,PAK,2017,339205534861.1
Pakistan,PAK,2016,313630000130.435
Pakistan,PAK,2015,299963590534.773
Pakistan,PAK,2014,271390474857.632
Pakistan,PAK,2013,258657231672.412
Palau,PLW,2025,345000000.0
Palau,PLW,2024,321501812.5
Palau,PLW,2023,276157406.25
Palau,PLW,2022,247470812.5
Palau,PLW,2021,235935734.375
Palau,PLW,2020,258985859.375
Palau,PLW,2019,281954000.0
Palau,PLW,2018,288228343.75
Palau,PLW,2017,289983656.25
Palau,PLW,2016,303326125.0
Palau,PLW,2015,283224750.0
Palau,PLW,2014,245436546.875
Palau,PLW,2013,226257828.125
Panama,PAN,2025,90462600000.0
Panama,PAN,2024,86523959100.0
Panama,PAN,2023,83812155200.0
Panama,PAN,2022,76479304500.0
Panama,PAN,2021,67396392500.0
Panama,PAN,2020,57059846500.0
Panama,PAN,2019,69778991200.0
Panama,PAN,2018,67316471200.0
Panama,PAN,2017,64327688800.0
Panama,PAN,2016,59760858700.0
Panama,PAN,2015,55767806100.0
Panama,PAN,2014,51427104900.0
Panama,PAN,2013,46949496500.0
Papua New Guinea,PNG,2025,32498658653.8415
Papua New Guinea,PNG,2024,30803971189.4102
Papua New Guinea,PNG,2023,30816328065.6492
Papua New Guinea,PNG,2022,31653230962.4549
Papua New Guinea,PNG,2021,26113409477.7318
Papua New Guinea,PNG,2020,23848447849.6081
Papua New Guinea,PNG,2019,24750626029.8777
Papua New Guinea,PNG,2018,24109780708.0268
Papua New Guinea,PNG,2017,22742699138.356
Papua New Guinea,PNG,2016,20758876952.6232
Papua New Guinea,PNG,2015,21723437010.0982
Papua New Guinea,PNG,2014,23210823987.308
Papua New Guinea,PNG,2013,21261338064.8783
Paraguay,PRY,2025,49278227554.3339
Paraguay,PRY,2024,44738819362.3269
Paraguay,PRY,2023,43140465595.6662
Paraguay,PRY,2022,41841201626.7253
Paraguay,PRY,2021,39937357255.8716
Paraguay,PRY,2020,35432178068.1814
Paraguay,PRY,2019,37925338329.1494
Paraguay,PRY,2018,40225448340.6322
Paraguay,PRY,2017,38997129473.5558
Paraguay,PRY,2016,36089700222.9461
Paraguay,PRY,2015,36211447840.0971
Paraguay,PRY,2014,40377929295.6419
Paraguay,PRY,2013,38501122141.4241
Peru,PER,2025,334854659181.893
Peru,PER,2024,291751523018.903
Peru,PER,2023,268025009709.319
Peru,PER,2022,246169867862.821
Peru,PER,2021,226406075008.878
Peru,PER,2020,201409694755.934
Peru,PER,2019,228346006003.648
Peru,PER,2018,222597009739.235
Peru,PER,2017,211007984080.911
Peru,PER,2016,191898104390.379
Peru,PER,2015,189802976285.619
Peru,PER,2014,200786250582.943
Peru,PER,2013,201175543571.392
Philippines,PHL,2025,487086123720.417
Philippines,PHL,2024,461671157904.74
Philippines,PHL,2023,437055627245.138
Philippines,PHL,2022,404353369604.631
Philippines,PHL,2021,394087359848.11
Philippines,PHL,2020,361751145451.597
Philippines,PHL,2019,376823402239.136
Philippines,PHL,2018,346841896587.313
Philippines,PHL,2017,328480736802.76
Philippines,PHL,2016,318627003016.731
Philippines,PHL,2015,306445871242.322
Philippines,PHL,2014,297483555338.044
Philippines,PHL,2013,283902828588.718
Poland,POL,2025,1035491784197.44
Poland,POL,2024,917767106146.761
Poland,POL,2023,812451193396.143
Poland,POL,2022,695607470875.276
Poland,POL,2021,689170230665.35
Poland,POL,2020,605914237903.742
Poland,POL,2019,602683770144.88
Poland,POL,2018,594616632477.019
Poland,POL,2017,528356723263.073
Poland,POL,2016,473259623976.262
Poland,POL,2015,480054118583.367
Poland,POL,2014,542134167178.627
Poland,POL,2013,518179836405.36
Portugal,PRT,2025,346639825141.821
Portugal,PRT,2024,313656884870.859
Portugal,PRT,2023,292323800948.839
Portugal,PRT,2022,256898677175.024
Portugal,PRT,2021,256055879091.139
Portugal,PRT,2020,229618773422.577
Portugal,PRT,2019,240115970063.019
Portugal,PRT,2018,242092894542.888
Portugal,PRT,2017,220862990767.229
Portugal,PRT,2016,206305431241.638
Portugal,PRT,2015,199038523119.639
Portugal,PRT,2014,230078616299.675
Portugal,PRT,2013,226677408291.745
Puerto Rico (US),PRI,2025,129368484000.0
Puerto Rico (US),PRI,2024,126029527033.705
Puerto Rico (US),PRI,2023,118478754280.882
Puerto Rico (US),PRI,2022,113843700000.0
Puerto Rico (US),PRI,2021,106426600000.0
Puerto Rico (US),PRI,2020,103130900000.0
Puerto Rico (US),PRI,2019,105126400000.0
Puerto Rico (US),PRI,2018,100958100000.0
Puerto Rico (US),PRI,2017,103445500000.0
Puerto Rico (US),PRI,2016,104336700000.0
Puerto Rico (US),PRI,2015,103375500000.0
Puerto Rico (US),PRI,2014,102445800000.0
Puerto Rico (US),PRI,2013,102450000000.0
Qatar,QAT,2025,215559615384.615
Qatar,QAT,2024,216294505494.505
Qatar,QAT,2023,213002809340.659
Qatar,QAT,2022,235709325714.286
Qatar,QAT,2021,179732009560.44
Qatar,QAT,2020,144411363351.648
Qatar,QAT,2019,176371267692.308
Qatar,QAT,2018,183334953818.681
Qatar,QAT,2017,161099122225.275
Qatar,QAT,2016,151732181868.132
Qatar,QAT,2015,161739955576.923
Qatar,QAT,2014,206224598571.429
Qatar,QAT,2013,198727642967.033
Romania,ROU,2025,428677977854.826
Romania,ROU,2024,382564217988.866
Romania,ROU,2023,347757995758.914
Romania,ROU,2022,295317862855.924
Romania,ROU,2021,285072444957.216
Romania,ROU,2020,250624575871.819
Romania,ROU,2019,250080428511.595
Romania,ROU,2018,241791427223.903
Romania,ROU,2017,210147385855.419
Romania,ROU,2016,185290759248.844
Romania,ROU,2015,177885131240.315
Romania,ROU,2014,199722319675.741
Romania,ROU,2013,189798603751.235
Russian Federation,RUS,2025,2561310169358.74
Russian Federation,RUS,2024,2186462268813.08
Russian Federation,RUS,2023,2046284838151.09
Russian Federation,RUS,2022,2292495097681.47
Russian Federation,RUS,2021,1829186719575.1
Russian Federation,RUS,2020,1493075894362.14
Russian Federation,RUS,2019,1693115002708.32
Russian Federation,RUS,2018,1657328773461.31
Russian Federation,RUS,2017,1574199360089.0
Russian Federation,RUS,2016,1276786350881.14
Russian Federation,RUS,2015,1363482182197.71
Russian Federation,RUS,2014,2059241589895.01
Russian Federation,RUS,2013,2292470078346.22
Rwanda,RWA,2025,16372132990.2271
Rwanda,RWA,2024,15111064181.9687
Rwanda,RWA,2023,14806501437.282
Rwanda,RWA,2022,13747404814.2677
Rwanda,RWA,2021,11252894909.5043
Rwanda,RWA,2020,10487146253.4025
Rwanda,RWA,2019,10519272170.3346
Rwanda,RWA,2018,9650161136.17648
Rwanda,RWA,2017,9164345443.2575
Rwanda,RWA,2016,8596812240.52305
Rwanda,RWA,2015,8447064078.84373
Rwanda,RWA,2014,8129984483.78727
Rwanda,RWA,2013,7714276919.73722
Samoa,WSM,2025,1287936621.64619
Samoa,WSM,2024,1175749785.65113
Samoa,WSM,2023,1044909500.02527
Samoa,WSM,2022,889554711.842341
Samoa,WSM,2021,859724936.05765
Samoa,WSM,2020,868884902.953089
Samoa,WSM,2019,912950466.064906
Samoa,WSM,2018,878448433.404342
Samoa,WSM,2017,884844384.463214
Samoa,WSM,2016,843924796.697421
Samoa,WSM,2015,824150498.653536
Samoa,WSM,2014,796683519.593842
Samoa,WSM,2013,797736334.281305
San Marino,SMR,2025,
San Marino,SMR,2024,
San Marino,SMR,2023,2027243193.5116
San Marino,SMR,2022,1831701022.87082
San Marino,SMR,2021,1855395712.2147
San Marino,SMR,2020,1544713784.67674
San Marino,SMR,2019,1616231696.04862
San Marino,SMR,2018,1655354328.79184
San Marino,SMR,2017,1528621192.886
San Marino,SMR,2016,1468342400.08249
San Marino,SMR,2015,1419400395.73301
San Marino,SMR,2014,1673910988.23529
San Marino,SMR,2013,1678741201.56863
Sao Tome and Principe,STP,2025,981293586.906408
Sao Tome and Principe,STP,2024,824992558.045383
Sao Tome and Principe,STP,2023,690456806.696406
Sao Tome and Principe,STP,2022,540809499.189348
Sao Tome and Principe,STP,2021,524402455.54816
Sao Tome and Principe,STP,2020,471229484.607144
Sao Tome and Principe,STP,2019,412976082.620705
Sao Tome and Principe,STP,2018,383717327.830508
Sao Tome and Principe,STP,2017,322002845.229335
Sao Tome and Principe,STP,2016,292267272.196925
Sao Tome and Principe,STP,2015,259999643.047388
Sao Tome and Principe,STP,2014,293119143.246825
Sao Tome and Principe,STP,2013,267041747.584354
Saudi Arabia,SAU,2025,1276942933333.33
Saudi Arabia,SAU,2024,1254140800000.0
Saudi Arabia,SAU,2023,1218584800000.0
Saudi Arabia,SAU,2022,1239075200000.0
Saudi Arabia,SAU,2021,982661066666.667
Saudi Arabia,SAU,2020,767951200000.0
Saudi Arabia,SAU,2019,888890133333.333
Saudi Arabia,SAU,2018,886564800000.0
Saudi Arabia,SAU,2017,741266133333.333
Saudi Arabia,SAU,2016,689279466666.667
Saudi Arabia,SAU,2015,693414400000.0
Saudi Arabia,SAU,2014,787153066666.667
Saudi Arabia,SAU,2013,769755733333.333
Senegal,SEN,2025,37006536238.3731
Senegal,SEN,2024,32169996051.8502
Senegal,SEN,2023,30696331295.7826
Senegal,SEN,2022,27783332222.6759
Senegal,SEN,2021,27520784129.7508
Senegal,SEN,2020,24530513037.7518
Senegal,SEN,2019,23403995992.1354
Senegal,SEN,2018,23116701556.1381
Senegal,SEN,2017,20965069572.7168
Senegal,SEN,2016,19040312333.1864
Senegal,SEN,2015,17774766696.1759
Senegal,SEN,2014,19797253440.2679
Senegal,SEN,2013,18918667724.8817
Serbia,SRB,2025,99953324472.9042
Serbia,SRB,2024,90088366320.4062
Serbia,SRB,2023,81343999280.0179
Serbia,SRB,2022,66809895701.2152
Serbia,SRB,2021,66159884072.5308
Serbia,SRB,2020,55874017668.998
Serbia,SRB,2019,53864693664.5568
Serbia,SRB,2018,52787520248.9242
Serbia,SRB,2017,45972834713.8077
Serbia,SRB,2016,42225495909.5633
Serbia,SRB,2015,41297410634.9586
Serbia,SRB,2014,49114321280.3466
Serbia,SRB,2013,50455529604.0696
Seychelles,SYC,2025,2387022853.48583
Seychelles,SYC,2024,2228608684.29911
Seychelles,SYC,2023,2171547935.38159
Seychelles,SYC,2022,1999888599.25474
Seychelles,SYC,2021,1487173794.80528
Seychelles,SYC,2020,1382551751.56908
Seychelles,SYC,2019,1868690096.73454
Seychelles,SYC,2018,1784313926.76807
Seychelles,SYC,2017,1675370641.01416
Seychelles,SYC,2016,1568513348.14463
Seychelles,SYC,2015,1432403352.12944
Seychelles,SYC,2014,1387577870.08161
Seychelles,SYC,2013,1333160407.38516
Sierra Leone,SLE,2025,7464157904.43509
Sierra Leone,SLE,2024,6971127234.07241
Sierra Leone,SLE,2023,6415852766.09227
Sierra Leone,SLE,2022,7121125277.18159
Sierra Leone,SLE,2021,7166931483.2953
Sierra Leone,SLE,2020,6688307705.64217
Sierra Leone,SLE,2019,6523577590.38319
Sierra Leone,SLE,2018,6390514688.52816
Sierra Leone,SLE,2017,5749846528.48046
Sierra Leone,SLE,2016,6084297211.10217
Sierra Leone,SLE,2015,6788352974.78329
Sierra Leone,SLE,2014,7686138790.90872
Sierra Leone,SLE,2013,7502762862.72657
Singapore,SGP,2025,603869516998.738
Singapore,SGP,2024,572877260178.427
Singapore,SGP,2023,511181761243.76
Singapore,SGP,2022,514252535238.749
Singapore,SGP,2021,441110903524.645
Singapore,SGP,2020,351226533656.292
Singapore,SGP,2019,376827390962.044
Singapore,SGP,2018,377976367877.038
Singapore,SGP,2017,344795119213.571
Singapore,SGP,2016,320759207438.623
Singapore,SGP,2015,307998545269.398
Singapore,SGP,2014,314863580758.455
Singapore,SGP,2013,307576360584.992
Sint Maarten (Dutch part),SXM,2025,1887728480.44693
Sint Maarten (Dutch part),SXM,2024,1797836648.04469
Sint Maarten (Dutch part),SXM,2023,1686525977.65363
Sint Maarten (Dutch part),SXM,2022,1592564636.87151
Sint Maarten (Dutch part),SXM,2021,1353071061.45251
Sint Maarten (Dutch part),SXM,2020,1236428100.55866
Sint Maarten (Dutch part),SXM,2019,1407880446.92737
Sint Maarten (Dutch part),SXM,2018,1259200446.92737
Sint Maarten (Dutch part),SXM,2017,1353212122.90503
Sint Maarten (Dutch part),SXM,2016,1427017206.70391
Sint Maarten (Dutch part),SXM,2015,1417888715.0838
Sint Maarten (Dutch part),SXM,2014,1361811508.37989
Sint Maarten (Dutch part),SXM,2013,1022905027.93296
Slovak Republic,SVK,2025,154530066506.895
Slovak Republic,SVK,2024,140934076532.375
Slovak Republic,SVK,2023,133578518423.544
Slovak Republic,SVK,2022,115792972358.209
Slovak Republic,SVK,2021,120511265913.343
Slovak Republic,SVK,2020,107732602896.441
Slovak Republic,SVK,2019,105843498304.094
Slovak Republic,SVK,2018,106611673364.837
Slovak Republic,SVK,2017,95978130734.9766
Slovak Republic,SVK,2016,90347173228.6356
Slovak Republic,SVK,2015,89178548717.3324
Slovak Republic,SVK,2014,101713075598.862
Slovak Republic,SVK,2013,99134277850.3418
Slovenia,SVN,2025,79648204979.3618
Slovenia,SVN,2024,72972015197.3859
Slovenia,SVN,2023,69255264238.3855
Slovenia,SVN,2022,59899117741.0022
Slovenia,SVN,2021,61540813361.8556
Slovenia,SVN,2020,53384760135.1581
Slovenia,SVN,2019,53909922735.545
Slovenia,SVN,2018,53689067639.9176
Slovenia,SVN,2017,48153200134.6613
Slovenia,SVN,2016,44290685824.0682
Slovenia,SVN,2015,42709468274.8137
Slovenia,SVN,2014,49514466379.6057
Slovenia,SVN,2013,47867056858.8892
Solomon Islands,SLB,2025,1749572442.95016
Solomon Islands,SLB,2024,1583964703.75061
Solomon Islands,SLB,2023,1506124566.40404
Solomon Islands,SLB,2022,1466670929.62333
Solomon Islands,SLB,2021,1558312103.84225
Solomon Islands,SLB,2020,1536143427.82958
Solomon Islands,SLB,2019,1619150563.92084
Solomon Islands,SLB,2018,1615473250.25259
Solomon Islands,SLB,2017,1469790526.3972
Solomon Islands,SLB,2016,1379486290.71433
Solomon Islands,SLB,2015,1307908813.59962
Solomon Islands,SLB,2014,1335576762.84974
Solomon Islands,SLB,2013,1285905957.64116
"Somalia, Fed. Rep.",SOM,2025,12995200000.2658
"Somalia, Fed. Rep.",SOM,2024,11967000000.0
"Somalia, Fed. Rep.",SOM,2023,10958000000.0
"Somalia, Fed. Rep.",SOM,2022,10203000000.0
"Somalia, Fed. Rep.",SOM,2021,9483000000.0
"Somalia, Fed. Rep.",SOM,2020,8628000000.0
"Somalia, Fed. Rep.",SOM,2019,8656000000.0
"Somalia, Fed. Rep.",SOM,2018,7873000000.0
"Somalia, Fed. Rep.",SOM,2017,7621501710.0012
"Somalia, Fed. Rep.",SOM,2016,6613743069.99912
"Somalia, Fed. Rep.",SOM,2015,6152149099.99942
"Somalia, Fed. Rep.",SOM,2014,5728399719.99958
"Somalia, Fed. Rep.",SOM,2013,5062881600.00104
South Africa,ZAF,2025,427184325997.307
South Africa,ZAF,2024,401144998373.585
South Africa,ZAF,2023,381440724491.232
South Africa,ZAF,2022,407596043067.885
South Africa,ZAF,2021,419986284375.368
South Africa,ZAF,2020,337974655408.055
South Africa,ZAF,2019,389330032224.269
South Africa,ZAF,2018,405260723892.517
South Africa,ZAF,2017,381448814653.456
South Africa,ZAF,2016,323585509674.481
South Africa,ZAF,2015,346709790458.563
South Africa,ZAF,2014,381198869776.106
South Africa,ZAF,2013,400886013595.573
South Sudan,SSD,2025,
South Sudan,SSD,2024,
South Sudan,SSD,2023,
South Sudan,SSD,2022,
South Sudan,SSD,2021,
South Sudan,SSD,2020,
South Sudan,SSD,2019,
South Sudan,SSD,2018,
South Sudan,SSD,2017,
South Sudan,SSD,2016,
South Sudan,SSD,2015,11997800760.2242
South Sudan,SSD,2014,13962212847.4576
South Sudan,SSD,2013,18426469016.9492
Spain,ESP,2025,1906453309985.88
Spain,ESP,2024,1725671652742.19
Spain,ESP,2023,1619481980719.64
Spain,ESP,2022,1448850658406.62
Spain,ESP,2021,1461244901852.69
Spain,ESP,2020,1289783836971.21
Spain,ESP,2019,1403496387686.27
Spain,ESP,2018,1431642809327.06
Spain,ESP,2017,1321754088818.83
Spain,ESP,2016,1243015667917.12
Spain,ESP,2015,1206164777553.12
Spain,ESP,2014,1380244561361.96
Spain,ESP,2013,1362186923157.65
Sri Lanka,LKA,2025,108825231671.196
Sri Lanka,LKA,2024,99616111265.7633
Sri Lanka,LKA,2023,84080307355.5983
Sri Lanka,LKA,2022,74143020303.663
Sri Lanka,LKA,2021,88556699052.2008
Sri Lanka,LKA,2020,84335574372.2997
Sri Lanka,LKA,2019,88998706177.9986
Sri Lanka,LKA,2018,94450015982.806
Sri Lanka,LKA,2017,94369350439.4732
Sri Lanka,LKA,2016,88000210878.1236
Sri Lanka,LKA,2015,85090300895.6546
Sri Lanka,LKA,2014,82531125461.843
Sri Lanka,LKA,2013,76976204074.978
St. Kitts and Nevis,KNA,2025,1183514814.81481
St. Kitts and Nevis,KNA,2024,1122388888.88889
St. Kitts and Nevis,KNA,2023,1055651851.85185
St. Kitts and Nevis,KNA,2022,981429629.62963
St. Kitts and Nevis,KNA,2021,858622222.222222
St. Kitts and Nevis,KNA,2020,883922222.222222
St. Kitts and Nevis,KNA,2019,1107855555.55556
St. Kitts and Nevis,KNA,2018,1076548148.14815
St. Kitts and Nevis,KNA,2017,1056977777.77778
St. Kitts and Nevis,KNA,2016,1006818518.51852
St. Kitts and Nevis,KNA,2015,957222222.222222
St. Kitts and Nevis,KNA,2014,952111111.111111
St. Kitts and Nevis,KNA,2013,874548148.148148
St. Lucia,LCA,2025,2656444444.44444
St. Lucia,LCA,2024,2605148148.14815
St. Lucia,LCA,2023,2441259259.25926
St. Lucia,LCA,2022,2319888888.88889
St. Lucia,LCA,2021,1871111111.11111
St. Lucia,LCA,2020,1521740740.74074
St. Lucia,LCA,2019,2090074074.07407
St. Lucia,LCA,2018,2060955555.55556
St. Lucia,LCA,2017,1998503703.7037
St. Lucia,LCA,2016,1868544444.44444
St. Lucia,LCA,2015,1807640740.74074
St. Lucia,LCA,2014,1749185185.18518
St. Lucia,LCA,2013,1660392592.59259
St. Martin (French part),MAF,2025,
St. Martin (French part),MAF,2024,
St. Martin (French part),MAF,2023,
St. Martin (French part),MAF,2022,
St. Martin (French part),MAF,2021,649206262.847519
St. Martin (French part),MAF,2020,
St. Martin (French part),MAF,2019,652206037.103874
St. Martin (French part),MAF,2018,
St. Martin (French part),MAF,2017,
St. Martin (French part),MAF,2016,
St. Martin (French part),MAF,2015,
St. Martin (French part),MAF,2014,772921958.529509
St. Martin (French part),MAF,2013,
St. Vincent and the Grenadines,VCT,2025,1255222222.22222
St. Vincent and the Grenadines,VCT,2024,1157207407.40741
St. Vincent and the Grenadines,VCT,2023,1072237037.03704
St. Vincent and the Grenadines,VCT,2022,989188888.888889
St. Vincent and the Grenadines,VCT,2021,888677777.777778
St. Vincent and the Grenadines,VCT,2020,864566666.666667
St. Vincent and the Grenadines,VCT,2019,910481481.481481
St. Vincent and the Grenadines,VCT,2018,884329629.62963
St. Vincent and the Grenadines,VCT,2017,844040740.740741
St. Vincent and the Grenadines,VCT,2016,814303703.703704
St. Vincent and the Grenadines,VCT,2015,786555555.555555
St. Vincent and the Grenadines,VCT,2014,770900000.0
St. Vincent and the Grenadines,VCT,2013,764781259.259259
Sudan,SDN,2025,60162634574.4689
Sudan,SDN,2024,49672435513.1126
Sudan,SDN,2023,39898289820.7951
Sudan,SDN,2022,51666875363.0963
Sudan,SDN,2021,34229513774.9936
Sudan,SDN,2020,27034593750.0
Sudan,SDN,2019,32338079165.2893
Sudan,SDN,2018,32333780383.2924
Sudan,SDN,2017,41283617976.1905
Sudan,SDN,2016,42630376000.0
Sudan,SDN,2015,51726758676.7677
Sudan,SDN,2014,49516748617.9775
Sudan,SDN,2013,43024018082.1918
Suriname,SUR,2025,4523657796.86421
Suriname,SUR,2024,4416775112.72266
Suriname,SUR,2023,3472693412.08497
Suriname,SUR,2022,3791603200.0259
Suriname,SUR,2021,3107923197.96954
Suriname,SUR,2020,2911807496.20227
Suriname,SUR,2019,4016040575.08796
Suriname,SUR,2018,3996198866.57453
Suriname,SUR,2017,3591679430.99988
Suriname,SUR,2016,3317421648.09918
Suriname,SUR,2015,5126237646.22072
Suriname,SUR,2014,5240606060.60606
Suriname,SUR,2013,5145757575.75758
Sweden,SWE,2025,668998664082.081
Sweden,SWE,2024,604827393488.582
Sweden,SWE,2023,578990915246.07
Sweden,SWE,2022,575071237640.921
Sweden,SWE,2021,631693331300.776
Sweden,SWE,2020,544265668451.678
Sweden,SWE,2019,530894124494.418
Sweden,SWE,2018,549649344043.182
Sweden,SWE,2017,535172356784.769
Sweden,SWE,2016,513058312950.939
Sweden,SWE,2015,501602351911.6
Sweden,SWE,2014,577727767303.596
Sweden,SWE,2013,584125353119.18
Switzerland,CHE,2025,1043529899250.92
Switzerland,CHE,2024,969919786394.884
Switzerland,CHE,2023,928435275851.707
Switzerland,CHE,2022,858479038993.75
Switzerland,CHE,2021,840710023481.35
Switzerland,CHE,2020,756096180222.082
Switzerland,CHE,2019,736384764156.877
Switzerland,CHE,2018,740766531453.991
Switzerland,CHE,2017,706660443624.485
Switzerland,CHE,2016,698607778794.566
Switzerland,CHE,2015,706199008878.656
Switzerland,CHE,2014,741168119616.628
Switzerland,CHE,2013,718748402259.576
Syrian Arab Republic,SYR,2025,
Syrian Arab Republic,SYR,2024,
Syrian Arab Republic,SYR,2023,
Syrian Arab Republic,SYR,2022,23737634644.3994
Syrian Arab Republic,SYR,2021,14892885528.1402
Syrian Arab Republic,SYR,2020,12501503673.2425
Syrian Arab Republic,SYR,2019,22583046644.6891
Syrian Arab Republic,SYR,2018,21497779247.9835
Syrian Arab Republic,SYR,2017,16369842725.4718
Syrian Arab Republic,SYR,2016,12597854088.3602
Syrian Arab Republic,SYR,2015,16466861435.0236
Syrian Arab Republic,SYR,2014,21502061466.067
Syrian Arab Republic,SYR,2013,21361254634.9336
Tajikistan,TJK,2025,17660626562.4832
Tajikistan,TJK,2024,14425113699.7925
Tajikistan,TJK,2023,12244169292.7998
Tajikistan,TJK,2022,10713525200.3998
Tajikistan,TJK,2021,8937805347.13963
Tajikistan,TJK,2020,8133963550.65742
Tajikistan,TJK,2019,8300813599.3084
Tajikistan,TJK,2018,7764999999.45362
Tajikistan,TJK,2017,7536402852.85802
Tajikistan,TJK,2016,6992416096.89018
Tajikistan,TJK,2015,8271431485.07484
Tajikistan,TJK,2014,9112605459.32845
Tajikistan,TJK,2013,8448411318.25417
Tanzania,TZA,2025,90143496090.4411
Tanzania,TZA,2024,79235713444.9777
Tanzania,TZA,2023,79030935638.1317
Tanzania,TZA,2022,75749121846.9703
Tanzania,TZA,2021,70655628147.8986
Tanzania,TZA,2020,66068737786.0639
Tanzania,TZA,2019,61026731925.9213
Tanzania,TZA,2018,57003712892.0858
Tanzania,TZA,2017,53274884532.7886
Tanzania,TZA,2016,49774409374.4538
Tanzania,TZA,2015,47413919817.124
Tanzania,TZA,2014,49986726460.6805
Tanzania,TZA,2013,45648857242.315
Thailand,THA,2025,577009981112.015
Thailand,THA,2024,529385520941.539
Thailand,THA,2023,517013369475.121
Thailand,THA,2022,495691837308.033
Thailand,THA,2021,506049783824.94
Thailand,THA,2020,500274927778.532
Thailand,THA,2019,543976691793.886
Thailand,THA,2018,506754208404.485
Thailand,THA,2017,456356813536.764
Thailand,THA,2016,413366349747.508
Thailand,THA,2015,401296238228.084
Thailand,THA,2014,407339040197.651
Thailand,THA,2013,420333654592.547
Timor-Leste,TLS,2025,1902180257.82737
Timor-Leste,TLS,2024,1865608515.41321
Timor-Leste,TLS,2023,2079767200.0
Timor-Leste,TLS,2022,3208599900.0
Timor-Leste,TLS,2021,3625024300.0
Timor-Leste,TLS,2020,2162619200.0
Timor-Leste,TLS,2019,2032550400.0
Timor-Leste,TLS,2018,1555988600.0
Timor-Leste,TLS,2017,1584878400.0
Timor-Leste,TLS,2016,1640464600.0
Timor-Leste,TLS,2015,1590282400.0
Timor-Leste,TLS,2014,1447535200.0
Timor-Leste,TLS,2013,1395727400.0
Togo,TGO,2025,11889949067.4697
Togo,TGO,2024,10643440332.2445
Togo,TGO,2023,9723300576.72675
Togo,TGO,2022,8646453099.4124
Togo,TGO,2021,8541668141.26198
Togo,TGO,2020,7486031561.86885
Togo,TGO,2019,6992942458.99419
Togo,TGO,2018,7029215766.46367
Togo,TGO,2017,6387424239.8801
Togo,TGO,2016,6071167584.1951
Togo,TGO,2015,5755457836.01866
Togo,TGO,2014,6393314707.85456
Togo,TGO,2013,6021729629.82454
Tonga,TON,2025,679218218.578017
Tonga,TON,2024,647488243.847291
Tonga,TON,2023,591139733.623755
Tonga,TON,2022,556514556.392844
Tonga,TON,2021,519306339.3498
Tonga,TON,2020,506571486.576395
Tonga,TON,2019,506031247.606648
Tonga,TON,2018,493530766.930564
Tonga,TON,2017,459976847.108128
Tonga,TON,2016,420828254.541601
Tonga,TON,2015,437525538.903019
Tonga,TON,2014,440997734.928723
Tonga,TON,2013,451788498.263614
Trinidad and Tobago,TTO,2025,25942749718.4685
Trinidad and Tobago,TTO,2024,25633544529.4849
Trinidad and Tobago,TTO,2023,25036993423.3664
Trinidad and Tobago,TTO,2022,28341164301.126
Trinidad and Tobago,TTO,2021,24222963262.7213
Trinidad and Tobago,TTO,2020,20888515184.2239
Trinidad and Tobago,TTO,2019,23477745791.6977
Trinidad and Tobago,TTO,2018,23883058083.2171
Trinidad and Tobago,TTO,2017,23830750900.6899
Trinidad and Tobago,TTO,2016,23624322192.6274
Trinidad and Tobago,TTO,2015,26841141793.2143
Trinidad and Tobago,TTO,2014,29474180005.1333
Trinidad and Tobago,TTO,2013,28560537057.1548
Tunisia,TUN,2025,57502836548.0878
Tunisia,TUN,2024,51412122479.8468
Tunisia,TUN,2023,48205328303.3398
Tunisia,TUN,2022,44929920092.7955
Tunisia,TUN,2021,47073234359.1819
Tunisia,TUN,2020,42491780918.361
Tunisia,TUN,2019,41905642418.825
Tunisia,TUN,2018,42686504459.801
Tunisia,TUN,2017,42163530590.9462
Tunisia,TUN,2016,44360072680.4476
Tunisia,TUN,2015,45779494041.9295
Tunisia,TUN,2014,50271812920.612
Tunisia,TUN,2013,48685446413.953
Turkiye,TUR,2025,1597293229287.0
Turkiye,TUR,2024,1359123768774.12
Turkiye,TUR,2023,1141242864657.45
Turkiye,TUR,2022,926097476913.818
Turkiye,TUR,2021,839938668172.134
Turkiye,TUR,2020,733628247119.077
Turkiye,TUR,2019,775853144222.613
Turkiye,TUR,2018,788356985773.667
Turkiye,TUR,2017,863874522365.276
Turkiye,TUR,2016,870818016909.84
Turkiye,TUR,2015,865460050683.656
Turkiye,TUR,2014,942343431928.654
Turkiye,TUR,2013,962167643588.925
Turkmenistan,TKM,2025,49828621355.6516
Turkmenistan,TKM,2024,44249447717.2312
Turkmenistan,TKM,2023,39020211239.6728
Turkmenistan,TKM,2022,37583913148.2791
Turkmenistan,TKM,2021,26334182093.7903
Turkmenistan,TKM,2020,27350527267.6636
Turkmenistan,TKM,2019,29700000000.0
Turkmenistan,TKM,2018,26036313868.6131
Turkmenistan,TKM,2017,33352261306.5327
Turkmenistan,TKM,2016,33313947368.4211
Turkmenistan,TKM,2015,35799714285.7143
Turkmenistan,TKM,2014,43524210526.3158
Turkmenistan,TKM,2013,39197543859.6491
Turks and Caicos Islands,TCA,2025,
Turks and Caicos Islands,TCA,2024,1745378000.0
Turks and Caicos Islands,TCA,2023,1638653000.0
Turks and Caicos Islands,TCA,2022,1434119000.0
Turks and Caicos Islands,TCA,2021,1236459000.0
Turks and Caicos Islands,TCA,2020,918387000.0
Turks and Caicos Islands,TCA,2019,1371838000.0
Turks and Caicos Islands,TCA,2018,1314329000.0
Turks and Caicos Islands,TCA,2017,1197958000.0
Turks and Caicos Islands,TCA,2016,1202078000.0
Turks and Caicos Islands,TCA,2015,1078274000.0
Turks and Caicos Islands,TCA,2014,956605000.0
Turks and Caicos Islands,TCA,2013,863328000.0
Tuvalu,TUV,2025,57345434.7234984
Tuvalu,TUV,2024,56752265.8012166
Tuvalu,TUV,2023,50491930.924381
Tuvalu,TUV,2022,54104146.3198082
Tuvalu,TUV,2021,61597447.1614093
Tuvalu,TUV,2020,52302514.9939611
Tuvalu,TUV,2019,53527720.0597564
Tuvalu,TUV,2018,48026990.1943497
Tuvalu,TUV,2017,45288858.1637361
Tuvalu,TUV,2016,41306141.62505
Tuvalu,TUV,2015,36755290.7767318
Tuvalu,TUV,2014,38643167.2951054
Tuvalu,TUV,2013,38767554.542532
Uganda,UGA,2025,61985829288.1496
Uganda,UGA,2024,53911907079.0485
Uganda,UGA,2023,48768955863.3175
Uganda,UGA,2022,45565333210.9108
Uganda,UGA,2021,40529788748.6737
Uganda,UGA,2020,37600368241.6657
Uganda,UGA,2019,35353061003.4359
Uganda,UGA,2018,32927025619.6795
Uganda,UGA,2017,30744473841.424
Uganda,UGA,2016,29203988696.2626
Uganda,UGA,2015,32387183730.1002
Uganda,UGA,2014,32612397257.4458
Uganda,UGA,2013,28915786516.6123
Ukraine,UKR,2025,214233312784.397
Ukraine,UKR,2024,190833835445.1
Ukraine,UKR,2023,181221517868.744
Ukraine,UKR,2022,161989520721.19
Ukraine,UKR,2021,199765859570.935
Ukraine,UKR,2020,156617722013.342
Ukraine,UKR,2019,153883047509.577
Ukraine,UKR,2018,130891088293.55
Ukraine,UKR,2017,112090505081.739
Ukraine,UKR,2016,93355869403.9223
Ukraine,UKR,2015,91030967789.0717
Ukraine,UKR,2014,133503871861.723
Ukraine,UKR,2013,190498811460.028
United Arab Emirates,ARE,2025,
United Arab Emirates,ARE,2024,552324919095.872
United Arab Emirates,ARE,2023,522622268401.125
United Arab Emirates,ARE,2022,511403404642.173
United Arab Emirates,ARE,2021,422441282436.237
United Arab Emirates,ARE,2020,357161776271.328
United Arab Emirates,ARE,2019,433926218686.108
United Arab Emirates,ARE,2018,440560003161.236
United Arab Emirates,ARE,2017,403365056078.846
United Arab Emirates,ARE,2016,381717208620.964
United Arab Emirates,ARE,2015,381973135513.065
United Arab Emirates,ARE,2014,424935834104.193
United Arab Emirates,ARE,2013,409632574702.715
United Kingdom,GBR,2025,4002587541846.01
United Kingdom,GBR,2024,3695539513534.15
United Kingdom,GBR,2023,3420796653789.08
United Kingdom,GBR,2022,3181244350465.41
United Kingdom,GBR,2021,3194559188925.93
United Kingdom,GBR,2020,2724001478304.59
United Kingdom,GBR,2019,2875710080015.3
United Kingdom,GBR,2018,2897028009916.05
United Kingdom,GBR,2017,2699118387873.1
United Kingdom,GBR,2016,2706807606538.73
United Kingdom,GBR,2015,2945579890258.46
United Kingdom,GBR,2014,3085362169410.29
United Kingdom,GBR,2013,2796908333283.39
United States,USA,2025,30769700000000.0
United States,USA,2024,29298013000000.0
United States,USA,2023,27811517000000.0
United States,USA,2022,26054614000000.0
United States,USA,2021,23725645000000.0
United States,USA,2020,21375281000000.0
United States,USA,2019,21539982000000.0
United States,USA,2018,20656516000000.0
United States,USA,2017,19612102000000.0
United States,USA,2016,18804913000000.0
United States,USA,2015,18295019000000.0
United States,USA,2014,17608138000000.0
United States,USA,2013,16880683000000.0
Uruguay,URY,2025,85347696277.6859
Uruguay,URY,2024,82322859144.2816
Uruguay,URY,2023,79208725899.5531
Uruguay,URY,2022,71240669088.0587
Uruguay,URY,2021,60739061281.1628
Uruguay,URY,2020,53559354501.4278
Uruguay,URY,2019,62222324964.633
Uruguay,URY,2018,65344577415.7535
Uruguay,URY,2017,65006039809.739
Uruguay,URY,2016,57480787465.2716
Uruguay,URY,2015,57680327998.6689
Uruguay,URY,2014,61496186973.902
Uruguay,URY,2013,61337621933.7857
Uzbekistan,UZB,2025,147038081129.405
Uzbekistan,UZB,2024,121356065241.228
Uzbekistan,UZB,2023,107526539716.318
Uzbekistan,UZB,2022,94286355836.1594
Uzbekistan,UZB,2021,81170051810.5825
Uzbekistan,UZB,2020,70127127133.2164
Uzbekistan,UZB,2019,70170662562.6111
Uzbekistan,UZB,2018,61318332402.7908
Uzbekistan,UZB,2017,72276404057.649
Uzbekistan,UZB,2016,97871364319.3985
Uzbekistan,UZB,2015,97564568986.8161
Uzbekistan,UZB,2014,91303765114.0144
Uzbekistan,UZB,2013,82674178351.6216
Vanuatu,VUT,2025,1353658840.63993
Vanuatu,VUT,2024,1297956614.77783
Vanuatu,VUT,2023,1188137265.19047
Vanuatu,VUT,2022,1151863789.76624
Vanuatu,VUT,2021,1093826088.94269
Vanuatu,VUT,2020,1017403362.80118
Vanuatu,VUT,2019,1061547512.69257
Vanuatu,VUT,2018,1034402941.04298
Vanuatu,VUT,2017,998536154.882053
Vanuatu,VUT,2016,908725512.790966
Vanuatu,VUT,2015,855360239.609869
Vanuatu,VUT,2014,879185478.498067
Vanuatu,VUT,2013,863347171.906814
"Venezuela, RB",VEN,2025,99661244155.6306
"Venezuela, RB",VEN,2024,120566112397.063
"Venezuela, RB",VEN,2023,102377501185.925
"Venezuela, RB",VEN,2022,89013251020.9831
"Venezuela, RB",VEN,2021,56615026262.6535
"Venezuela, RB",VEN,2020,42837965906.8675
"Venezuela, RB",VEN,2019,73014157107.594
"Venezuela, RB",VEN,2018,101987075928.918
"Venezuela, RB",VEN,2017,115892475742.789
"Venezuela, RB",VEN,2016,112948035494.959
"Venezuela, RB",VEN,2015,125249941853.534
"Venezuela, RB",VEN,2014,214838755021.964
"Venezuela, RB",VEN,2013,258512396297.714
Viet Nam,VNM,2025,514697215165.065
Viet Nam,VNM,2024,476324572783.807
Viet Nam,VNM,2023,433805036898.465
Viet Nam,VNM,2022,413445230668.578
Viet Nam,VNM,2021,366474752771.009
Viet Nam,VNM,2020,346615738537.796
Viet Nam,VNM,2019,334365270496.667
Viet Nam,VNM,2018,310106478394.659
Viet Nam,VNM,2017,281353605986.903
Viet Nam,VNM,2016,257096001177.982
Viet Nam,VNM,2015,239258328381.741
Viet Nam,VNM,2014,233451469642.519
Viet Nam,VNM,2013,213708811665.34
Virgin Islands (U.S.),VIR,2025,
Virgin Islands (U.S.),VIR,2024,
Virgin Islands (U.S.),VIR,2023,
Virgin Islands (U.S.),VIR,2022,4672000000.0
Virgin Islands (U.S.),VIR,2021,4507000000.0
Virgin Islands (U.S.),VIR,2020,4229000000.0
Virgin Islands (U.S.),VIR,2019,4121000000.0
Virgin Islands (U.S.),VIR,2018,3923000000.0
Virgin Islands (U.S.),VIR,2017,3794000000.0
Virgin Islands (U.S.),VIR,2016,3798000000.0
Virgin Islands (U.S.),VIR,2015,3663000000.0
Virgin Islands (U.S.),VIR,2014,3565000000.0
Virgin Islands (U.S.),VIR,2013,3738000000.0
West Bank and Gaza,PSE,2025,17167100000.0
West Bank and Gaza,PSE,2024,16016900000.0
West Bank and Gaza,PSE,2023,18635100000.0
West Bank and Gaza,PSE,2022,19165500000.0
West Bank and Gaza,PSE,2021,18109000000.0
West Bank and Gaza,PSE,2020,15531700000.0
West Bank and Gaza,PSE,2019,17133500000.0
West Bank and Gaza,PSE,2018,16276600000.0
West Bank and Gaza,PSE,2017,16128000000.0
West Bank and Gaza,PSE,2016,15405400000.0
West Bank and Gaza,PSE,2015,13972400000.0
West Bank and Gaza,PSE,2014,13989700000.0
West Bank and Gaza,PSE,2013,13515500000.0
"Yemen, Rep.",YEM,2025,
"Yemen, Rep.",YEM,2024,
"Yemen, Rep.",YEM,2023,
"Yemen, Rep.",YEM,2022,
"Yemen, Rep.",YEM,2021,
"Yemen, Rep.",YEM,2020,
"Yemen, Rep.",YEM,2019,
"Yemen, Rep.",YEM,2018,21606160663.0318
"Yemen, Rep.",YEM,2017,26842229044.5848
"Yemen, Rep.",YEM,2016,31317825274.1507
"Yemen, Rep.",YEM,2015,42444490073.8555
"Yemen, Rep.",YEM,2014,43228585321.3272
"Yemen, Rep.",YEM,2013,40415233436.1767
Zambia,ZMB,2025,28879806220.1264
Zambia,ZMB,2024,25303185342.2511
Zambia,ZMB,2023,27577956471.244
Zambia,ZMB,2022,29163782140.4858
Zambia,ZMB,2021,22096416932.0089
Zambia,ZMB,2020,18137764930.651
Zambia,ZMB,2019,23308667781.2258
Zambia,ZMB,2018,26311507273.6735
Zambia,ZMB,2017,25873601260.8353
Zambia,ZMB,2016,20958412538.3093
Zambia,ZMB,2015,21251216798.7762
Zambia,ZMB,2014,27141023558.0829
Zambia,ZMB,2013,28037239462.7142
Zimbabwe,ZWE,2025,51215643905.5886
Zimbabwe,ZWE,2024,41521975830.2351
Zimbabwe,ZWE,2023,35871781303.429
Zimbabwe,ZWE,2022,40757585308.5016
Zimbabwe,ZWE,2021,41287852523.5016
Zimbabwe,ZWE,2020,31979753644.6558
Zimbabwe,ZWE,2019,33360632553.3556
Zimbabwe,ZWE,2018,34141666666.6667
Zimbabwe,ZWE,2017,51035657370.5179
Zimbabwe,ZWE,2016,20559250000.0
Zimbabwe,ZWE,2015,19973250000.0
Zimbabwe,ZWE,2014,19505500000.0
Zimbabwe,ZWE,2013,19100750000.0
