country_name,iso3,year,high_tech_exports_pct_of_manuf_exports
Africa Eastern and Southern,AFE,2025,
Africa Eastern and Southern,AFE,2024,5.80004415840251
Africa Eastern and Southern,AFE,2023,5.70485089555019
Africa Eastern and Southern,AFE,2022,6.31626908307209
Africa Eastern and Southern,AFE,2021,5.17659971140957
Africa Eastern and Southern,AFE,2020,6.06672333608635
Africa Eastern and Southern,AFE,2019,6.89072067037365
Africa Eastern and Southern,AFE,2018,6.65484646076465
Africa Eastern and Southern,AFE,2017,5.87046676239
Africa Eastern and Southern,AFE,2016,6.19016973876958
Africa Eastern and Southern,AFE,2015,6.34435208562863
Africa Eastern and Southern,AFE,2014,5.08994254039155
Africa Eastern and Southern,AFE,2013,5.1662861499004
Africa Western and Central,AFW,2025,
Africa Western and Central,AFW,2024,
Africa Western and Central,AFW,2023,2.94363862736927
Africa Western and Central,AFW,2022,3.65745855168626
Africa Western and Central,AFW,2021,3.61135675259108
Africa Western and Central,AFW,2020,
Africa Western and Central,AFW,2019,5.41563991342256
Africa Western and Central,AFW,2018,5.60513367335303
Africa Western and Central,AFW,2017,4.74520205459785
Africa Western and Central,AFW,2016,3.81493188981793
Africa Western and Central,AFW,2015,5.08608635837725
Africa Western and Central,AFW,2014,6.91145261312007
Africa Western and Central,AFW,2013,
Arab World,ARB,2025,
Arab World,ARB,2024,
Arab World,ARB,2023,4.99038793369506
Arab World,ARB,2022,4.51226573559797
Arab World,ARB,2021,4.55397572743265
Arab World,ARB,2020,4.28763295576777
Arab World,ARB,2019,2.01000921478305
Arab World,ARB,2018,2.08864617985239
Arab World,ARB,2017,1.74695367888917
Arab World,ARB,2016,1.84332772288158
Arab World,ARB,2015,2.82924081496499
Arab World,ARB,2014,3.89479723477961
Arab World,ARB,2013,1.88711715017269
Caribbean small states,CSS,2025,
Caribbean small states,CSS,2024,4.36134895566411e-05
Caribbean small states,CSS,2023,0.0107137915815651
Caribbean small states,CSS,2022,3.55434662517716e-05
Caribbean small states,CSS,2021,0.208705084041073
Caribbean small states,CSS,2020,2.13757674717723
Caribbean small states,CSS,2019,0.791078006128451
Caribbean small states,CSS,2018,1.4246814588278
Caribbean small states,CSS,2017,5.14053461686951
Caribbean small states,CSS,2016,1.37220240323149
Caribbean small states,CSS,2015,0.0
Caribbean small states,CSS,2014,0.0
Caribbean small states,CSS,2013,0.0
Central Europe and the Baltics,CEB,2025,
Central Europe and the Baltics,CEB,2024,15.8901065059609
Central Europe and the Baltics,CEB,2023,14.2723787172478
Central Europe and the Baltics,CEB,2022,14.028032202435
Central Europe and the Baltics,CEB,2021,12.7268181785903
Central Europe and the Baltics,CEB,2020,13.7343203962619
Central Europe and the Baltics,CEB,2019,13.1530999268657
Central Europe and the Baltics,CEB,2018,13.0513421828624
Central Europe and the Baltics,CEB,2017,12.9462929286337
Central Europe and the Baltics,CEB,2016,13.1132118974382
Central Europe and the Baltics,CEB,2015,13.14070776062
Central Europe and the Baltics,CEB,2014,12.6224853142914
Central Europe and the Baltics,CEB,2013,12.46661517079
Early-demographic dividend,EAR,2025,
Early-demographic dividend,EAR,2024,14.1394689787771
Early-demographic dividend,EAR,2023,12.6410955409151
Early-demographic dividend,EAR,2022,11.5219673106217
Early-demographic dividend,EAR,2021,11.0271853002407
Early-demographic dividend,EAR,2020,12.7691347994557
Early-demographic dividend,EAR,2019,11.0582945974906
Early-demographic dividend,EAR,2018,10.4704494413741
Early-demographic dividend,EAR,2017,10.3687391772078
Early-demographic dividend,EAR,2016,8.63584309374085
Early-demographic dividend,EAR,2015,8.6171315164409
Early-demographic dividend,EAR,2014,8.14720494691045
Early-demographic dividend,EAR,2013,7.76377171655685
East Asia & Pacific,EAS,2025,
East Asia & Pacific,EAS,2024,34.6550067290869
East Asia & Pacific,EAS,2023,33.7195733488147
East Asia & Pacific,EAS,2022,35.0490318752358
East Asia & Pacific,EAS,2021,35.2749910969289
East Asia & Pacific,EAS,2020,35.8856232980323
East Asia & Pacific,EAS,2019,33.9652390029445
East Asia & Pacific,EAS,2018,34.5031889587469
East Asia & Pacific,EAS,2017,33.8543063722907
East Asia & Pacific,EAS,2016,28.0872013354694
East Asia & Pacific,EAS,2015,28.037785224942
East Asia & Pacific,EAS,2014,27.2380364214853
East Asia & Pacific,EAS,2013,28.0198767609066
East Asia & Pacific (excluding high income),EAP,2025,
East Asia & Pacific (excluding high income),EAP,2024,27.9673410189957
East Asia & Pacific (excluding high income),EAP,2023,29.386725870435
East Asia & Pacific (excluding high income),EAP,2022,30.1036197644287
East Asia & Pacific (excluding high income),EAP,2021,31.1714827909387
East Asia & Pacific (excluding high income),EAP,2020,32.5917223143377
East Asia & Pacific (excluding high income),EAP,2019,31.6997845111062
East Asia & Pacific (excluding high income),EAP,2018,32.1469883431412
East Asia & Pacific (excluding high income),EAP,2017,31.6874546559451
East Asia & Pacific (excluding high income),EAP,2016,29.9442773980428
East Asia & Pacific (excluding high income),EAP,2015,29.9760092787883
East Asia & Pacific (excluding high income),EAP,2014,29.2485484479005
East Asia & Pacific (excluding high income),EAP,2013,30.4749168220328
East Asia & Pacific (IDA & IBRD countries),TEA,2025,
East Asia & Pacific (IDA & IBRD countries),TEA,2024,27.9673410189957
East Asia & Pacific (IDA & IBRD countries),TEA,2023,29.3867258704351
East Asia & Pacific (IDA & IBRD countries),TEA,2022,30.1036197644287
East Asia & Pacific (IDA & IBRD countries),TEA,2021,31.1714827909387
East Asia & Pacific (IDA & IBRD countries),TEA,2020,32.5917223143377
East Asia & Pacific (IDA & IBRD countries),TEA,2019,31.6997845111062
East Asia & Pacific (IDA & IBRD countries),TEA,2018,32.1476146925281
East Asia & Pacific (IDA & IBRD countries),TEA,2017,31.6872715086133
East Asia & Pacific (IDA & IBRD countries),TEA,2016,29.9457277883319
East Asia & Pacific (IDA & IBRD countries),TEA,2015,29.9765387538543
East Asia & Pacific (IDA & IBRD countries),TEA,2014,29.2482182403149
East Asia & Pacific (IDA & IBRD countries),TEA,2013,30.4749168220328
Euro area,EMU,2025,
Euro area,EMU,2024,21.2927417839223
Euro area,EMU,2023,19.8727288982796
Euro area,EMU,2022,19.7793499145552
Euro area,EMU,2021,16.8960290879227
Euro area,EMU,2020,16.3735922304896
Euro area,EMU,2019,16.8091240614721
Euro area,EMU,2018,16.1150778357508
Euro area,EMU,2017,16.5716125155628
Euro area,EMU,2016,18.1690749385581
Euro area,EMU,2015,17.7270742398643
Euro area,EMU,2014,16.9443379301978
Euro area,EMU,2013,16.7747162048155
Europe & Central Asia,ECS,2025,
Europe & Central Asia,ECS,2024,21.4401395883421
Europe & Central Asia,ECS,2023,20.1997080018931
Europe & Central Asia,ECS,2022,19.9529011514084
Europe & Central Asia,ECS,2021,16.1185067998469
Europe & Central Asia,ECS,2020,15.8823236398999
Europe & Central Asia,ECS,2019,16.2425518612592
Europe & Central Asia,ECS,2018,15.5908841088694
Europe & Central Asia,ECS,2017,16.058775425341
Europe & Central Asia,ECS,2016,18.2490539711162
Europe & Central Asia,ECS,2015,17.995846095164
Europe & Central Asia,ECS,2014,17.1254799470948
Europe & Central Asia,ECS,2013,17.0500442278072
Europe & Central Asia (excluding high income),ECA,2025,
Europe & Central Asia (excluding high income),ECA,2024,10.6742938681977
Europe & Central Asia (excluding high income),ECA,2023,9.23649820514439
Europe & Central Asia (excluding high income),ECA,2022,8.30282546039937
Europe & Central Asia (excluding high income),ECA,2021,6.38586667375973
Europe & Central Asia (excluding high income),ECA,2020,7.64839896827252
Europe & Central Asia (excluding high income),ECA,2019,6.96427680642572
Europe & Central Asia (excluding high income),ECA,2018,6.07680188530108
Europe & Central Asia (excluding high income),ECA,2017,6.39260139021208
Europe & Central Asia (excluding high income),ECA,2016,7.20975529695264
Europe & Central Asia (excluding high income),ECA,2015,9.45923507054735
Europe & Central Asia (excluding high income),ECA,2014,10.3780743299298
Europe & Central Asia (excluding high income),ECA,2013,10.6769523550631
Europe & Central Asia (IDA & IBRD countries),TEC,2025,
Europe & Central Asia (IDA & IBRD countries),TEC,2024,12.0784010459184
Europe & Central Asia (IDA & IBRD countries),TEC,2023,10.7692093508033
Europe & Central Asia (IDA & IBRD countries),TEC,2022,
Europe & Central Asia (IDA & IBRD countries),TEC,2021,8.68771350415942
Europe & Central Asia (IDA & IBRD countries),TEC,2020,9.11886155218753
Europe & Central Asia (IDA & IBRD countries),TEC,2019,9.91984086433087
Europe & Central Asia (IDA & IBRD countries),TEC,2018,9.21889657863637
Europe & Central Asia (IDA & IBRD countries),TEC,2017,9.58193827445625
Europe & Central Asia (IDA & IBRD countries),TEC,2016,11.0532111356172
Europe & Central Asia (IDA & IBRD countries),TEC,2015,11.9386770362261
Europe & Central Asia (IDA & IBRD countries),TEC,2014,10.8123506648659
Europe & Central Asia (IDA & IBRD countries),TEC,2013,10.1540404857422
European Union,EUU,2025,
European Union,EUU,2024,20.6188532892774
European Union,EUU,2023,19.2319864118603
European Union,EUU,2022,19.1226868783818
European Union,EUU,2021,16.3762623617225
European Union,EUU,2020,16.0640989857127
European Union,EUU,2019,16.3474975402082
European Union,EUU,2018,15.7431113654678
European Union,EUU,2017,16.1441697742565
European Union,EUU,2016,17.6610241071234
European Union,EUU,2015,17.3691608920022
European Union,EUU,2014,16.6066251718165
European Union,EUU,2013,16.4670922058535
Heavily indebted poor countries (HIPC),HPC,2025,
Heavily indebted poor countries (HIPC),HPC,2024,
Heavily indebted poor countries (HIPC),HPC,2023,2.87255864272873
Heavily indebted poor countries (HIPC),HPC,2022,2.82225730476539
Heavily indebted poor countries (HIPC),HPC,2021,2.99175070808375
Heavily indebted poor countries (HIPC),HPC,2020,3.27604574374644
Heavily indebted poor countries (HIPC),HPC,2019,4.27542239771657
Heavily indebted poor countries (HIPC),HPC,2018,4.69685283353274
Heavily indebted poor countries (HIPC),HPC,2017,4.10680264495261
Heavily indebted poor countries (HIPC),HPC,2016,4.44337043823805
Heavily indebted poor countries (HIPC),HPC,2015,4.58604140067402
Heavily indebted poor countries (HIPC),HPC,2014,5.86970900812559
Heavily indebted poor countries (HIPC),HPC,2013,5.53492357037715
IBRD only,IBD,2025,
IBRD only,IBD,2024,21.5421713332233
IBRD only,IBD,2023,21.6034121814296
IBRD only,IBD,2022,21.7721507242456
IBRD only,IBD,2021,21.4466556161632
IBRD only,IBD,2020,22.969138597962
IBRD only,IBD,2019,21.6745307705103
IBRD only,IBD,2018,21.6085929957486
IBRD only,IBD,2017,21.3985911075716
IBRD only,IBD,2016,20.8142186253741
IBRD only,IBD,2015,21.0296894303992
IBRD only,IBD,2014,19.8881623618979
IBRD only,IBD,2013,19.9645263940384
IDA & IBRD total,IBT,2025,
IDA & IBRD total,IBT,2024,21.0003839044919
IDA & IBRD total,IBT,2023,20.9155723865362
IDA & IBRD total,IBT,2022,21.0830211149594
IDA & IBRD total,IBT,2021,20.8097089699083
IDA & IBRD total,IBT,2020,22.3271036646516
IDA & IBRD total,IBT,2019,21.0153528043444
IDA & IBRD total,IBT,2018,20.9094571278866
IDA & IBRD total,IBT,2017,20.6335679516198
IDA & IBRD total,IBT,2016,20.1127166508206
IDA & IBRD total,IBT,2015,20.3493292673544
IDA & IBRD total,IBT,2014,19.451828184139
IDA & IBRD total,IBT,2013,19.4595933775191
IDA blend,IDB,2025,
IDA blend,IDB,2024,2.93827749171859
IDA blend,IDB,2023,2.63129210988352
IDA blend,IDB,2022,2.23871050864284
IDA blend,IDB,2021,2.21001284410545
IDA blend,IDB,2020,3.02234859381788
IDA blend,IDB,2019,4.20498894131318
IDA blend,IDB,2018,3.01927131070922
IDA blend,IDB,2017,3.18455179066617
IDA blend,IDB,2016,4.34253449619083
IDA blend,IDB,2015,3.25636241507465
IDA blend,IDB,2014,3.8845856939865
IDA blend,IDB,2013,2.80515427125446
IDA only,IDX,2025,
IDA only,IDX,2024,
IDA only,IDX,2023,4.02524226381698
IDA only,IDX,2022,3.04090279701422
IDA only,IDX,2021,2.71256236715177
IDA only,IDX,2020,
IDA only,IDX,2019,2.88370151665823
IDA only,IDX,2018,3.29676260888043
IDA only,IDX,2017,2.71490182618325
IDA only,IDX,2016,3.86689075827045
IDA only,IDX,2015,3.84802565806341
IDA only,IDX,2014,
IDA only,IDX,2013,3.89357238624503
IDA total,IDA,2025,
IDA total,IDA,2024,
IDA total,IDA,2023,3.52475945609378
IDA total,IDA,2022,2.74019254983447
IDA total,IDA,2021,2.53824522008949
IDA total,IDA,2020,2.82012254961391
IDA total,IDA,2019,3.36726334593079
IDA total,IDA,2018,3.20071380694015
IDA total,IDA,2017,2.8678972065751
IDA total,IDA,2016,3.99513500892068
IDA total,IDA,2015,3.67361457656457
IDA total,IDA,2014,
IDA total,IDA,2013,3.52577131762144
Late-demographic dividend,LTE,2025,
Late-demographic dividend,LTE,2024,27.7744216444057
Late-demographic dividend,LTE,2023,25.6185576373681
Late-demographic dividend,LTE,2022,25.6238921041828
Late-demographic dividend,LTE,2021,23.9686724822302
Late-demographic dividend,LTE,2020,24.7027245102459
Late-demographic dividend,LTE,2019,23.3635588075168
Late-demographic dividend,LTE,2018,23.3930476668414
Late-demographic dividend,LTE,2017,23.6322408968581
Late-demographic dividend,LTE,2016,23.7901040990554
Late-demographic dividend,LTE,2015,23.6565064943007
Late-demographic dividend,LTE,2014,22.1778390750086
Late-demographic dividend,LTE,2013,21.9667192780963
Latin America & Caribbean,LCN,2025,
Latin America & Caribbean,LCN,2024,13.110093738095
Latin America & Caribbean,LCN,2023,12.447676963365
Latin America & Caribbean,LCN,2022,12.744693638487
Latin America & Caribbean,LCN,2021,12.5768626683984
Latin America & Caribbean,LCN,2020,14.7587204462791
Latin America & Caribbean,LCN,2019,13.8367611790492
Latin America & Caribbean,LCN,2018,14.0136906535697
Latin America & Caribbean,LCN,2017,14.4947533555152
Latin America & Caribbean,LCN,2016,14.9759591954987
Latin America & Caribbean,LCN,2015,13.8022414008836
Latin America & Caribbean,LCN,2014,13.2401771781707
Latin America & Caribbean,LCN,2013,13.2129312429455
Latin America & Caribbean (excluding high income),LAC,2025,
Latin America & Caribbean (excluding high income),LAC,2024,13.6326447447379
Latin America & Caribbean (excluding high income),LAC,2023,12.6986947308167
Latin America & Caribbean (excluding high income),LAC,2022,13.4561363277774
Latin America & Caribbean (excluding high income),LAC,2021,12.9180605463775
Latin America & Caribbean (excluding high income),LAC,2020,14.8740480194043
Latin America & Caribbean (excluding high income),LAC,2019,14.7392095786186
Latin America & Caribbean (excluding high income),LAC,2018,15.0265879355699
Latin America & Caribbean (excluding high income),LAC,2017,15.5370365413055
Latin America & Caribbean (excluding high income),LAC,2016,15.9721223410079
Latin America & Caribbean (excluding high income),LAC,2015,14.7986724197631
Latin America & Caribbean (excluding high income),LAC,2014,13.9062743223018
Latin America & Caribbean (excluding high income),LAC,2013,13.8509969521536
Latin America & the Caribbean (IDA & IBRD countries),TLA,2025,
Latin America & the Caribbean (IDA & IBRD countries),TLA,2024,13.156797351287
Latin America & the Caribbean (IDA & IBRD countries),TLA,2023,12.5029553892424
Latin America & the Caribbean (IDA & IBRD countries),TLA,2022,12.7958329396666
Latin America & the Caribbean (IDA & IBRD countries),TLA,2021,12.6187736404352
Latin America & the Caribbean (IDA & IBRD countries),TLA,2020,14.6610997612607
Latin America & the Caribbean (IDA & IBRD countries),TLA,2019,13.8642948174923
Latin America & the Caribbean (IDA & IBRD countries),TLA,2018,14.0986283959978
Latin America & the Caribbean (IDA & IBRD countries),TLA,2017,14.4503438820671
Latin America & the Caribbean (IDA & IBRD countries),TLA,2016,14.7770121573875
Latin America & the Caribbean (IDA & IBRD countries),TLA,2015,13.8775325984287
Latin America & the Caribbean (IDA & IBRD countries),TLA,2014,13.2992820671409
Latin America & the Caribbean (IDA & IBRD countries),TLA,2013,13.2751292360577
Least developed countries: UN classification,LDC,2025,
Least developed countries: UN classification,LDC,2024,
Least developed countries: UN classification,LDC,2023,7.93361780633589
Least developed countries: UN classification,LDC,2022,7.53810870753638
Least developed countries: UN classification,LDC,2021,5.49005518050659
Least developed countries: UN classification,LDC,2020,5.82377281093014
Least developed countries: UN classification,LDC,2019,8.82703615761591
Least developed countries: UN classification,LDC,2018,6.31694371682838
Least developed countries: UN classification,LDC,2017,4.77190703863489
Least developed countries: UN classification,LDC,2016,5.1027205873741
Least developed countries: UN classification,LDC,2015,5.42125833054885
Least developed countries: UN classification,LDC,2014,
Least developed countries: UN classification,LDC,2013,
Low & middle income,LMY,2025,
Low & middle income,LMY,2024,21.9454661756562
Low & middle income,LMY,2023,21.8813392202389
Low & middle income,LMY,2022,22.0861335951613
Low & middle income,LMY,2021,22.6110411430865
Low & middle income,LMY,2020,24.2548153747534
Low & middle income,LMY,2019,22.7142518749825
Low & middle income,LMY,2018,22.7163266431854
Low & middle income,LMY,2017,22.219655328026
Low & middle income,LMY,2016,21.3423111579883
Low & middle income,LMY,2015,21.600461074974
Low & middle income,LMY,2014,21.0577518320264
Low & middle income,LMY,2013,21.2869090283051
"Middle East, North Africa, Afghanistan & Pakistan",MEA,2025,
"Middle East, North Africa, Afghanistan & Pakistan",MEA,2024,
"Middle East, North Africa, Afghanistan & Pakistan",MEA,2023,8.64979869903245
"Middle East, North Africa, Afghanistan & Pakistan",MEA,2022,6.86014133738195
"Middle East, North Africa, Afghanistan & Pakistan",MEA,2021,7.20363228614641
"Middle East, North Africa, Afghanistan & Pakistan",MEA,2020,7.27090363460122
"Middle East, North Africa, Afghanistan & Pakistan",MEA,2019,4.21707787261526
"Middle East, North Africa, Afghanistan & Pakistan",MEA,2018,4.07059509414233
"Middle East, North Africa, Afghanistan & Pakistan",MEA,2017,3.72344908885812
"Middle East, North Africa, Afghanistan & Pakistan",MEA,2016,3.7840364635464
"Middle East, North Africa, Afghanistan & Pakistan",MEA,2015,4.69319806536124
"Middle East, North Africa, Afghanistan & Pakistan",MEA,2014,4.9506868476965
"Middle East, North Africa, Afghanistan & Pakistan",MEA,2013,3.17798518064928
"Middle East, North Africa, Afghanistan & Pakistan (excluding high income)",MNA,2025,
"Middle East, North Africa, Afghanistan & Pakistan (excluding high income)",MNA,2024,
"Middle East, North Africa, Afghanistan & Pakistan (excluding high income)",MNA,2023,
"Middle East, North Africa, Afghanistan & Pakistan (excluding high income)",MNA,2022,
"Middle East, North Africa, Afghanistan & Pakistan (excluding high income)",MNA,2021,
"Middle East, North Africa, Afghanistan & Pakistan (excluding high income)",MNA,2020,2.82044227426752
"Middle East, North Africa, Afghanistan & Pakistan (excluding high income)",MNA,2019,
"Middle East, North Africa, Afghanistan & Pakistan (excluding high income)",MNA,2018,
"Middle East, North Africa, Afghanistan & Pakistan (excluding high income)",MNA,2017,2.06538199642529
"Middle East, North Africa, Afghanistan & Pakistan (excluding high income)",MNA,2016,2.0159793104579
"Middle East, North Africa, Afghanistan & Pakistan (excluding high income)",MNA,2015,1.97359334856545
"Middle East, North Africa, Afghanistan & Pakistan (excluding high income)",MNA,2014,
"Middle East, North Africa, Afghanistan & Pakistan (excluding high income)",MNA,2013,
"Middle East, North Africa, Afghanistan & Pakistan (IDA & IBRD)",TMN,2025,
"Middle East, North Africa, Afghanistan & Pakistan (IDA & IBRD)",TMN,2024,
"Middle East, North Africa, Afghanistan & Pakistan (IDA & IBRD)",TMN,2023,
"Middle East, North Africa, Afghanistan & Pakistan (IDA & IBRD)",TMN,2022,
"Middle East, North Africa, Afghanistan & Pakistan (IDA & IBRD)",TMN,2021,
"Middle East, North Africa, Afghanistan & Pakistan (IDA & IBRD)",TMN,2020,2.83482966815987
"Middle East, North Africa, Afghanistan & Pakistan (IDA & IBRD)",TMN,2019,
"Middle East, North Africa, Afghanistan & Pakistan (IDA & IBRD)",TMN,2018,
"Middle East, North Africa, Afghanistan & Pakistan (IDA & IBRD)",TMN,2017,2.0783745743808
"Middle East, North Africa, Afghanistan & Pakistan (IDA & IBRD)",TMN,2016,2.02722729872054
"Middle East, North Africa, Afghanistan & Pakistan (IDA & IBRD)",TMN,2015,1.98251361667323
"Middle East, North Africa, Afghanistan & Pakistan (IDA & IBRD)",TMN,2014,
"Middle East, North Africa, Afghanistan & Pakistan (IDA & IBRD)",TMN,2013,
Middle income,MIC,2025,
Middle income,MIC,2024,22.0223927226762
Middle income,MIC,2023,22.0540742259649
Middle income,MIC,2022,22.2553119509347
Middle income,MIC,2021,22.763258060863
Middle income,MIC,2020,24.4247166022239
Middle income,MIC,2019,22.8432130593995
Middle income,MIC,2018,22.8757572945635
Middle income,MIC,2017,22.3654584957335
Middle income,MIC,2016,21.4831383207434
Middle income,MIC,2015,21.7306881351067
Middle income,MIC,2014,21.1602791793148
Middle income,MIC,2013,21.3761109630098
North America,NAC,2025,
North America,NAC,2024,22.9048957552251
North America,NAC,2023,20.7855540471378
North America,NAC,2022,19.505284183953
North America,NAC,2021,19.1869887593758
North America,NAC,2020,18.9741145048983
North America,NAC,2019,18.3886618779205
North America,NAC,2018,17.9315914511507
North America,NAC,2017,18.3925391291283
North America,NAC,2016,20.9801250128256
North America,NAC,2015,20.222886473906
North America,NAC,2014,19.3650672787881
North America,NAC,2013,19.257588660692
OECD members,OED,2025,
OECD members,OED,2024,22.3582936779876
OECD members,OED,2023,20.8188661176172
OECD members,OED,2022,20.789299373054
OECD members,OED,2021,18.4130655022104
OECD members,OED,2020,18.1983325697112
OECD members,OED,2019,17.8986733013728
OECD members,OED,2018,17.6301342994664
OECD members,OED,2017,17.8418829752645
OECD members,OED,2016,19.6175005259239
OECD members,OED,2015,19.2879655820763
OECD members,OED,2014,18.6027764153227
OECD members,OED,2013,18.5901889952796
Other small states,OSS,2025,
Other small states,OSS,2024,23.6543945438106
Other small states,OSS,2023,20.2143698041542
Other small states,OSS,2022,18.4233480816265
Other small states,OSS,2021,17.1573200741743
Other small states,OSS,2020,18.4938360075631
Other small states,OSS,2019,19.3461594016192
Other small states,OSS,2018,18.2809019286748
Other small states,OSS,2017,18.5586580772873
Other small states,OSS,2016,15.6101082704592
Other small states,OSS,2015,18.0286603093489
Other small states,OSS,2014,17.0032298056365
Other small states,OSS,2013,17.5084211276994
Pacific island small states,PSS,2025,
Pacific island small states,PSS,2024,10.3600095462616
Pacific island small states,PSS,2023,2.63199120143856
Pacific island small states,PSS,2022,2.13804180824002
Pacific island small states,PSS,2021,1.85208936506718
Pacific island small states,PSS,2020,
Pacific island small states,PSS,2019,5.17036291294267
Pacific island small states,PSS,2018,4.89861459645863
Pacific island small states,PSS,2017,3.87997810367245
Pacific island small states,PSS,2016,5.09687592718522
Pacific island small states,PSS,2015,4.18143918610907
Pacific island small states,PSS,2014,3.43271185495949
Pacific island small states,PSS,2013,
Post-demographic dividend,PST,2025,
Post-demographic dividend,PST,2024,25.6959639034948
Post-demographic dividend,PST,2023,24.0195580249936
Post-demographic dividend,PST,2022,24.2417334879861
Post-demographic dividend,PST,2021,22.53715011326
Post-demographic dividend,PST,2020,22.2135840181582
Post-demographic dividend,PST,2019,21.4960243399052
Post-demographic dividend,PST,2018,21.2836528465565
Post-demographic dividend,PST,2017,21.2969221191825
Post-demographic dividend,PST,2016,20.6970805666526
Post-demographic dividend,PST,2015,20.4688473016377
Post-demographic dividend,PST,2014,19.8188585701074
Post-demographic dividend,PST,2013,19.9568682009575
Pre-demographic dividend,PRE,2025,
Pre-demographic dividend,PRE,2024,
Pre-demographic dividend,PRE,2023,
Pre-demographic dividend,PRE,2022,
Pre-demographic dividend,PRE,2021,
Pre-demographic dividend,PRE,2020,
Pre-demographic dividend,PRE,2019,
Pre-demographic dividend,PRE,2018,
Pre-demographic dividend,PRE,2017,
Pre-demographic dividend,PRE,2016,
Pre-demographic dividend,PRE,2015,
Pre-demographic dividend,PRE,2014,
Pre-demographic dividend,PRE,2013,
Small states,SST,2025,
Small states,SST,2024,22.1775597559594
Small states,SST,2023,18.8923531897034
Small states,SST,2022,17.262037225276
Small states,SST,2021,16.3039052166026
Small states,SST,2020,17.7368117259021
Small states,SST,2019,17.7382378596599
Small states,SST,2018,16.7559628023524
Small states,SST,2017,17.2103719384656
Small states,SST,2016,14.2554853212453
Small states,SST,2015,16.0863146957782
Small states,SST,2014,15.4099269005545
Small states,SST,2013,15.9929317259662
South Asia,SAS,2025,
South Asia,SAS,2024,18.0603332993274
South Asia,SAS,2023,14.5382086501992
South Asia,SAS,2022,12.3449225173683
South Asia,SAS,2021,9.94475395872662
South Asia,SAS,2020,10.7017864742681
South Asia,SAS,2019,9.84298512358337
South Asia,SAS,2018,8.39822041157965
South Asia,SAS,2017,6.60446743502232
South Asia,SAS,2016,6.79710349179522
South Asia,SAS,2015,7.1733229367
South Asia,SAS,2014,9.17965208180513
South Asia,SAS,2013,8.33948846850876
South Asia (IDA & IBRD),TSA,2025,
South Asia (IDA & IBRD),TSA,2024,18.0603332993274
South Asia (IDA & IBRD),TSA,2023,14.5382086501992
South Asia (IDA & IBRD),TSA,2022,12.3449225173683
South Asia (IDA & IBRD),TSA,2021,9.94475395872662
South Asia (IDA & IBRD),TSA,2020,10.7017864742681
South Asia (IDA & IBRD),TSA,2019,9.84298512358337
South Asia (IDA & IBRD),TSA,2018,8.39822041157965
South Asia (IDA & IBRD),TSA,2017,6.60446743502232
South Asia (IDA & IBRD),TSA,2016,6.79710349179522
South Asia (IDA & IBRD),TSA,2015,7.1733229367
South Asia (IDA & IBRD),TSA,2014,9.17965208180513
South Asia (IDA & IBRD),TSA,2013,8.33948846850876
Sub-Saharan Africa,SSF,2025,
Sub-Saharan Africa,SSF,2024,5.99721188493197
Sub-Saharan Africa,SSF,2023,4.98071111879055
Sub-Saharan Africa,SSF,2022,5.65495103794118
Sub-Saharan Africa,SSF,2021,4.77013649949947
Sub-Saharan Africa,SSF,2020,5.44674251211467
Sub-Saharan Africa,SSF,2019,6.47952703878281
Sub-Saharan Africa,SSF,2018,6.39112856173008
Sub-Saharan Africa,SSF,2017,5.59661200271894
Sub-Saharan Africa,SSF,2016,5.55682447683809
Sub-Saharan Africa,SSF,2015,6.05056632051188
Sub-Saharan Africa,SSF,2014,5.61850665457081
Sub-Saharan Africa,SSF,2013,5.19465314804802
Sub-Saharan Africa (excluding high income),SSA,2025,
Sub-Saharan Africa (excluding high income),SSA,2024,6.0324365194789
Sub-Saharan Africa (excluding high income),SSA,2023,5.00364696188968
Sub-Saharan Africa (excluding high income),SSA,2022,5.57258308905764
Sub-Saharan Africa (excluding high income),SSA,2021,4.77467234685162
Sub-Saharan Africa (excluding high income),SSA,2020,5.45444298041925
Sub-Saharan Africa (excluding high income),SSA,2019,6.4997586058957
Sub-Saharan Africa (excluding high income),SSA,2018,6.3965159934941
Sub-Saharan Africa (excluding high income),SSA,2017,5.46466076912813
Sub-Saharan Africa (excluding high income),SSA,2016,5.56600785298753
Sub-Saharan Africa (excluding high income),SSA,2015,6.04118307986154
Sub-Saharan Africa (excluding high income),SSA,2014,5.61613672473217
Sub-Saharan Africa (excluding high income),SSA,2013,5.17344154494633
Sub-Saharan Africa (IDA & IBRD countries),TSS,2025,
Sub-Saharan Africa (IDA & IBRD countries),TSS,2024,5.99721188493197
Sub-Saharan Africa (IDA & IBRD countries),TSS,2023,4.98071111879055
Sub-Saharan Africa (IDA & IBRD countries),TSS,2022,5.65495103794118
Sub-Saharan Africa (IDA & IBRD countries),TSS,2021,4.77013649949947
Sub-Saharan Africa (IDA & IBRD countries),TSS,2020,5.44674251211467
Sub-Saharan Africa (IDA & IBRD countries),TSS,2019,6.4795270387828
Sub-Saharan Africa (IDA & IBRD countries),TSS,2018,6.39112856173008
Sub-Saharan Africa (IDA & IBRD countries),TSS,2017,5.59661200271894
Sub-Saharan Africa (IDA & IBRD countries),TSS,2016,5.55682447683809
Sub-Saharan Africa (IDA & IBRD countries),TSS,2015,6.05056632051188
Sub-Saharan Africa (IDA & IBRD countries),TSS,2014,5.61850665457081
Sub-Saharan Africa (IDA & IBRD countries),TSS,2013,5.19465314804802
World,WLD,2025,
World,WLD,2024,24.7171414918448
World,WLD,2023,22.9709762694695
World,WLD,2022,22.9132724356618
World,WLD,2021,21.5461137848745
World,WLD,2020,21.8427264551879
World,WLD,2019,20.7366379066473
World,WLD,2018,20.5150391469208
World,WLD,2017,20.5593657967249
World,WLD,2016,20.0970161366908
World,WLD,2015,19.952545606551
World,WLD,2014,19.0676364063462
World,WLD,2013,18.9880529036619
Afghanistan,AFG,2025,
Afghanistan,AFG,2024,
Afghanistan,AFG,2023,
Afghanistan,AFG,2022,
Afghanistan,AFG,2021,
Afghanistan,AFG,2020,
Afghanistan,AFG,2019,0.0
Afghanistan,AFG,2018,0.0
Afghanistan,AFG,2017,
Afghanistan,AFG,2016,
Afghanistan,AFG,2015,
Afghanistan,AFG,2014,
Afghanistan,AFG,2013,
Albania,ALB,2025,
Albania,ALB,2024,1.52935344981595
Albania,ALB,2023,0.682326849473647
Albania,ALB,2022,0.0596409977568037
Albania,ALB,2021,0.419509988977299
Albania,ALB,2020,0.285854495639881
Albania,ALB,2019,0.128427412960995
Albania,ALB,2018,0.0447019828200661
Albania,ALB,2017,0.0884579218158484
Albania,ALB,2016,0.784313365143227
Albania,ALB,2015,1.63419036731371
Albania,ALB,2014,0.257234804303144
Albania,ALB,2013,0.890238022251303
Algeria,DZA,2025,
Algeria,DZA,2024,
Algeria,DZA,2023,
Algeria,DZA,2022,
Algeria,DZA,2021,
Algeria,DZA,2020,
Algeria,DZA,2019,
Algeria,DZA,2018,
Algeria,DZA,2017,0.960396672710236
Algeria,DZA,2016,0.489614088330072
Algeria,DZA,2015,0.233281066486999
Algeria,DZA,2014,0.328391631416688
Algeria,DZA,2013,0.569890657847322
American Samoa,ASM,2025,
American Samoa,ASM,2024,
American Samoa,ASM,2023,
American Samoa,ASM,2022,
American Samoa,ASM,2021,
American Samoa,ASM,2020,
American Samoa,ASM,2019,
American Samoa,ASM,2018,
American Samoa,ASM,2017,
American Samoa,ASM,2016,
American Samoa,ASM,2015,
American Samoa,ASM,2014,
American Samoa,ASM,2013,
Andorra,AND,2025,
Andorra,AND,2024,
Andorra,AND,2023,21.4346319155008
Andorra,AND,2022,13.3076613572665
Andorra,AND,2021,24.3806762508654
Andorra,AND,2020,23.0406088299837
Andorra,AND,2019,32.5215915853416
Andorra,AND,2018,28.4603950348388
Andorra,AND,2017,23.2513189546623
Andorra,AND,2016,24.4309106376305
Andorra,AND,2015,22.6455691893207
Andorra,AND,2014,20.6864866224754
Andorra,AND,2013,23.5947866942069
Angola,AGO,2025,
Angola,AGO,2024,16.6897206933082
Angola,AGO,2023,23.4714139423334
Angola,AGO,2022,22.0635039995781
Angola,AGO,2021,16.1269540436105
Angola,AGO,2020,23.3946213847164
Angola,AGO,2019,27.4965016903098
Angola,AGO,2018,23.3127754550372
Angola,AGO,2017,19.3839506955365
Angola,AGO,2016,12.9883050935056
Angola,AGO,2015,12.6044858942473
Angola,AGO,2014,
Angola,AGO,2013,
Antigua and Barbuda,ATG,2025,
Antigua and Barbuda,ATG,2024,0.0
Antigua and Barbuda,ATG,2023,0.0
Antigua and Barbuda,ATG,2022,0.0
Antigua and Barbuda,ATG,2021,0.0
Antigua and Barbuda,ATG,2020,0.0
Antigua and Barbuda,ATG,2019,0.0
Antigua and Barbuda,ATG,2018,0.613426844678628
Antigua and Barbuda,ATG,2017,0.375050371986813
Antigua and Barbuda,ATG,2016,0.0260556980755776
Antigua and Barbuda,ATG,2015,0.0
Antigua and Barbuda,ATG,2014,0.0
Antigua and Barbuda,ATG,2013,0.0
Argentina,ARG,2025,
Argentina,ARG,2024,3.85019697474113
Argentina,ARG,2023,5.44959440578319
Argentina,ARG,2022,4.75157524338594
Argentina,ARG,2021,4.42289139264312
Argentina,ARG,2020,6.90388925607922
Argentina,ARG,2019,5.21279058881723
Argentina,ARG,2018,5.40298410146417
Argentina,ARG,2017,9.20544177021613
Argentina,ARG,2016,8.9823994804111
Argentina,ARG,2015,9.22572828013488
Argentina,ARG,2014,7.06113490427245
Argentina,ARG,2013,7.45820744914312
Armenia,ARM,2025,
Armenia,ARM,2024,23.6403270515259
Armenia,ARM,2023,20.9051560207484
Armenia,ARM,2022,21.8475283435373
Armenia,ARM,2021,5.95671993684786
Armenia,ARM,2020,7.14063667161287
Armenia,ARM,2019,9.79110110537429
Armenia,ARM,2018,7.10147421496599
Armenia,ARM,2017,7.56330477959628
Armenia,ARM,2016,6.13769143045383
Armenia,ARM,2015,5.65181437686726
Armenia,ARM,2014,3.02163379158599
Armenia,ARM,2013,3.02784829241324
Aruba,ABW,2025,
Aruba,ABW,2024,
Aruba,ABW,2023,6.86800836378335
Aruba,ABW,2022,7.12514654462656
Aruba,ABW,2021,4.81705330254684
Aruba,ABW,2020,6.7561753872818
Aruba,ABW,2019,4.95360767044503
Aruba,ABW,2018,8.51650729790994
Aruba,ABW,2017,6.6179822555614
Aruba,ABW,2016,4.04238531863215
Aruba,ABW,2015,4.96898579074605
Aruba,ABW,2014,7.32285526890136
Aruba,ABW,2013,5.14004404663994
Australia,AUS,2025,
Australia,AUS,2024,25.1586416457084
Australia,AUS,2023,25.2582777120781
Australia,AUS,2022,25.8318704116272
Australia,AUS,2021,22.3940766008599
Australia,AUS,2020,21.4757898705835
Australia,AUS,2019,21.2199332352628
Australia,AUS,2018,18.1371018191307
Australia,AUS,2017,18.0967924595604
Australia,AUS,2016,20.6275044745549
Australia,AUS,2015,19.6921472541598
Australia,AUS,2014,18.9961304703814
Australia,AUS,2013,18.0075143774834
Austria,AUT,2025,
Austria,AUT,2024,18.4525766859019
Austria,AUT,2023,15.9232697881169
Austria,AUT,2022,14.9141702472602
Austria,AUT,2021,11.017122140568
Austria,AUT,2020,12.2718957660446
Austria,AUT,2019,11.4825348767666
Austria,AUT,2018,11.6500759838374
Austria,AUT,2017,12.8851997037889
Austria,AUT,2016,14.4532591877111
Austria,AUT,2015,15.0327319949068
Austria,AUT,2014,15.4904490132481
Austria,AUT,2013,15.3690648693427
Azerbaijan,AZE,2025,
Azerbaijan,AZE,2024,2.91095088102775
Azerbaijan,AZE,2023,4.17224487630151
Azerbaijan,AZE,2022,3.9129441620027
Azerbaijan,AZE,2021,2.09710423147129
Azerbaijan,AZE,2020,7.06727951722298
Azerbaijan,AZE,2019,4.95159340426308
Azerbaijan,AZE,2018,4.34552506108911
Azerbaijan,AZE,2017,3.30108229906783
Azerbaijan,AZE,2016,2.8122107826307
Azerbaijan,AZE,2015,3.89922506760974
Azerbaijan,AZE,2014,7.72948174405788
Azerbaijan,AZE,2013,13.7739672073665
"Bahamas, The",BHS,2025,
"Bahamas, The",BHS,2024,0.0
"Bahamas, The",BHS,2023,0.0138247645369376
"Bahamas, The",BHS,2022,0.0
"Bahamas, The",BHS,2021,0.261199965818234
"Bahamas, The",BHS,2020,3.044762602524
"Bahamas, The",BHS,2019,1.20544876600952
"Bahamas, The",BHS,2018,1.96644185119308
"Bahamas, The",BHS,2017,7.8029534837207
"Bahamas, The",BHS,2016,2.10443665797755
"Bahamas, The",BHS,2015,0.0
"Bahamas, The",BHS,2014,0.0
"Bahamas, The",BHS,2013,0.0
Bahrain,BHR,2025,
Bahrain,BHR,2024,
Bahrain,BHR,2023,0.387343644517371
Bahrain,BHR,2022,0.569959196315979
Bahrain,BHR,2021,0.59059004344565
Bahrain,BHR,2020,8.97366105587992
Bahrain,BHR,2019,4.44849833564378
Bahrain,BHR,2018,0.449030020826873
Bahrain,BHR,2017,0.624948582667465
Bahrain,BHR,2016,1.05834005006869
Bahrain,BHR,2015,0.935614309270697
Bahrain,BHR,2014,1.49913895991035
Bahrain,BHR,2013,0.592038996188625
Bangladesh,BGD,2025,
Bangladesh,BGD,2024,
Bangladesh,BGD,2023,
Bangladesh,BGD,2022,
Bangladesh,BGD,2021,
Bangladesh,BGD,2020,
Bangladesh,BGD,2019,
Bangladesh,BGD,2018,0.539452073551698
Bangladesh,BGD,2017,0.426450633403232
Bangladesh,BGD,2016,0.242933626284075
Bangladesh,BGD,2015,0.307867105131918
Bangladesh,BGD,2014,
Bangladesh,BGD,2013,0.299089378482049
Barbados,BRB,2025,
Barbados,BRB,2024,19.9263557583818
Barbados,BRB,2023,18.4336134860133
Barbados,BRB,2022,17.0117393061682
Barbados,BRB,2021,17.1559663528192
Barbados,BRB,2020,20.3038221331687
Barbados,BRB,2019,13.6921297160453
Barbados,BRB,2018,
Barbados,BRB,2017,
Barbados,BRB,2016,
Barbados,BRB,2015,
Barbados,BRB,2014,
Barbados,BRB,2013,
Belarus,BLR,2025,
Belarus,BLR,2024,
Belarus,BLR,2023,
Belarus,BLR,2022,
Belarus,BLR,2021,6.01576846359853
Belarus,BLR,2020,5.09812592249613
Belarus,BLR,2019,4.49711309551307
Belarus,BLR,2018,4.28389065938672
Belarus,BLR,2017,4.60498280955259
Belarus,BLR,2016,4.87527975282095
Belarus,BLR,2015,4.47973558121156
Belarus,BLR,2014,4.16956289134921
Belarus,BLR,2013,4.60453619126972
Belgium,BEL,2025,
Belgium,BEL,2024,20.3921453422236
Belgium,BEL,2023,18.6668227645892
Belgium,BEL,2022,22.8179135173265
Belgium,BEL,2021,21.3799638763737
Belgium,BEL,2020,15.2618615789713
Belgium,BEL,2019,14.1440138847213
Belgium,BEL,2018,11.7058640594516
Belgium,BEL,2017,11.4917903557909
Belgium,BEL,2016,13.3312451633933
Belgium,BEL,2015,12.3351739681226
Belgium,BEL,2014,11.9393517315379
Belgium,BEL,2013,10.6406117548271
Belize,BLZ,2025,
Belize,BLZ,2024,0.000191087699111545
Belize,BLZ,2023,0.0
Belize,BLZ,2022,0.000182431620336189
Belize,BLZ,2021,0.191639909392131
Belize,BLZ,2020,0.938240933761362
Belize,BLZ,2019,0.0
Belize,BLZ,2018,0.0665460206063414
Belize,BLZ,2017,8.17033581469156e-05
Belize,BLZ,2016,0.0
Belize,BLZ,2015,0.0
Belize,BLZ,2014,0.0
Belize,BLZ,2013,0.0
Benin,BEN,2025,
Benin,BEN,2024,30.5389584270212
Benin,BEN,2023,4.41801513975982
Benin,BEN,2022,4.28715620621521
Benin,BEN,2021,2.69844689930495
Benin,BEN,2020,1.84364942977986
Benin,BEN,2019,1.48291431982405
Benin,BEN,2018,2.84228678612343
Benin,BEN,2017,4.67071840547035
Benin,BEN,2016,1.24487830227425
Benin,BEN,2015,1.62543807696831
Benin,BEN,2014,4.13534388145926
Benin,BEN,2013,1.27585565497432
Bermuda,BMU,2025,
Bermuda,BMU,2024,14.3007432825453
Bermuda,BMU,2023,14.9372818212848
Bermuda,BMU,2022,12.5402908347027
Bermuda,BMU,2021,8.07436049658355
Bermuda,BMU,2020,5.48239418215182
Bermuda,BMU,2019,6.94052678775144
Bermuda,BMU,2018,17.0559413120716
Bermuda,BMU,2017,21.7890121439319
Bermuda,BMU,2016,48.7853656585815
Bermuda,BMU,2015,27.1615560732563
Bermuda,BMU,2014,28.6041247114545
Bermuda,BMU,2013,12.6000042320837
Bhutan,BTN,2025,
Bhutan,BTN,2024,
Bhutan,BTN,2023,0.0107261524845822
Bhutan,BTN,2022,0.0122179939865199
Bhutan,BTN,2021,
Bhutan,BTN,2020,0.0818080898528299
Bhutan,BTN,2019,0.0586540724500387
Bhutan,BTN,2018,0.0945189011247493
Bhutan,BTN,2017,0.48623381410229
Bhutan,BTN,2016,1.60332899746079
Bhutan,BTN,2015,
Bhutan,BTN,2014,
Bhutan,BTN,2013,
Bolivia,BOL,2025,
Bolivia,BOL,2024,8.79395083358911
Bolivia,BOL,2023,8.16517022638076
Bolivia,BOL,2022,5.51769748718287
Bolivia,BOL,2021,4.54888314317125
Bolivia,BOL,2020,4.32521785105525
Bolivia,BOL,2019,3.45205028026195
Bolivia,BOL,2018,5.04855572806383
Bolivia,BOL,2017,5.87150676063352
Bolivia,BOL,2016,4.45996657268455
Bolivia,BOL,2015,6.40259447870096
Bolivia,BOL,2014,8.0579025832244
Bolivia,BOL,2013,9.36490977549173
Bosnia and Herzegovina,BIH,2025,
Bosnia and Herzegovina,BIH,2024,6.16317357059664
Bosnia and Herzegovina,BIH,2023,4.96705366555243
Bosnia and Herzegovina,BIH,2022,5.22474917760104
Bosnia and Herzegovina,BIH,2021,5.31622200242201
Bosnia and Herzegovina,BIH,2020,4.61445247367362
Bosnia and Herzegovina,BIH,2019,5.26613568987605
Bosnia and Herzegovina,BIH,2018,5.25474301922066
Bosnia and Herzegovina,BIH,2017,5.44354933849204
Bosnia and Herzegovina,BIH,2016,2.73442380884611
Bosnia and Herzegovina,BIH,2015,2.96381994739358
Bosnia and Herzegovina,BIH,2014,2.49515315112739
Bosnia and Herzegovina,BIH,2013,2.40453152014227
Botswana,BWA,2025,
Botswana,BWA,2024,
Botswana,BWA,2023,0.539469030954736
Botswana,BWA,2022,0.502381294093243
Botswana,BWA,2021,0.330785941453264
Botswana,BWA,2020,0.405712803492277
Botswana,BWA,2019,0.36524715857455
Botswana,BWA,2018,0.61107528423043
Botswana,BWA,2017,0.957704009113018
Botswana,BWA,2016,0.424915581396886
Botswana,BWA,2015,0.697217599549073
Botswana,BWA,2014,0.257049739471429
Botswana,BWA,2013,0.399203014010107
Brazil,BRA,2025,
Brazil,BRA,2024,11.1103644206652
Brazil,BRA,2023,9.849149349554
Brazil,BRA,2022,9.11134627987528
Brazil,BRA,2021,9.00155420026002
Brazil,BRA,2020,11.3500942678804
Brazil,BRA,2019,14.0668052120423
Brazil,BRA,2018,14.7442418256611
Brazil,BRA,2017,14.3118892236086
Brazil,BRA,2016,16.0001642772964
Brazil,BRA,2015,14.4858996246715
Brazil,BRA,2014,12.3711688680768
Brazil,BRA,2013,11.9698618012495
British Virgin Islands,VGB,2025,
British Virgin Islands,VGB,2024,
British Virgin Islands,VGB,2023,
British Virgin Islands,VGB,2022,
British Virgin Islands,VGB,2021,
British Virgin Islands,VGB,2020,
British Virgin Islands,VGB,2019,
British Virgin Islands,VGB,2018,
British Virgin Islands,VGB,2017,
British Virgin Islands,VGB,2016,
British Virgin Islands,VGB,2015,
British Virgin Islands,VGB,2014,
British Virgin Islands,VGB,2013,
Brunei Darussalam,BRN,2025,
Brunei Darussalam,BRN,2024,1.06433459453488
Brunei Darussalam,BRN,2023,1.01925056768477
Brunei Darussalam,BRN,2022,1.04425960383175
Brunei Darussalam,BRN,2021,1.36091758514108
Brunei Darussalam,BRN,2020,1.33895704916391
Brunei Darussalam,BRN,2019,8.09397013891129
Brunei Darussalam,BRN,2018,0.04242971199202
Brunei Darussalam,BRN,2017,29.8494711484063
Brunei Darussalam,BRN,2016,13.5766744202278
Brunei Darussalam,BRN,2015,19.0919306854245
Brunei Darussalam,BRN,2014,8.5604591412129
Brunei Darussalam,BRN,2013,16.2873491919089
Bulgaria,BGR,2025,
Bulgaria,BGR,2024,13.4299683659831
Bulgaria,BGR,2023,12.0578944173221
Bulgaria,BGR,2022,10.3826775418569
Bulgaria,BGR,2021,10.9244735738213
Bulgaria,BGR,2020,11.3032725784223
Bulgaria,BGR,2019,10.8523101760506
Bulgaria,BGR,2018,10.3728902592084
Bulgaria,BGR,2017,9.63608854549453
Bulgaria,BGR,2016,8.98610305298707
Bulgaria,BGR,2015,8.45026671335107
Bulgaria,BGR,2014,7.57800086773203
Bulgaria,BGR,2013,8.29440219336705
Burkina Faso,BFA,2025,
Burkina Faso,BFA,2024,1.64548901950889
Burkina Faso,BFA,2023,3.79784659837351
Burkina Faso,BFA,2022,1.5289989764953
Burkina Faso,BFA,2021,2.25653916783306
Burkina Faso,BFA,2020,3.40123479951733
Burkina Faso,BFA,2019,25.7871512116805
Burkina Faso,BFA,2018,5.88092859304184
Burkina Faso,BFA,2017,5.75853107563762
Burkina Faso,BFA,2016,5.94496725526008
Burkina Faso,BFA,2015,4.96027740230027
Burkina Faso,BFA,2014,11.0587712923066
Burkina Faso,BFA,2013,14.0169615252893
Burundi,BDI,2025,
Burundi,BDI,2024,
Burundi,BDI,2023,1.30508367041098
Burundi,BDI,2022,1.11792409166671
Burundi,BDI,2021,0.250001784207837
Burundi,BDI,2020,0.120495501588776
Burundi,BDI,2019,0.470990947883211
Burundi,BDI,2018,25.9363254766862
Burundi,BDI,2017,1.66362151202897
Burundi,BDI,2016,3.1959825567903
Burundi,BDI,2015,3.49266770916697
Burundi,BDI,2014,1.45729832506366
Burundi,BDI,2013,0.308296619366683
Cabo Verde,CPV,2025,
Cabo Verde,CPV,2024,
Cabo Verde,CPV,2023,1.15215005835922
Cabo Verde,CPV,2022,3.47654000154602
Cabo Verde,CPV,2021,2.03802142478556
Cabo Verde,CPV,2020,0.760204522523159
Cabo Verde,CPV,2019,1.3232793350624
Cabo Verde,CPV,2018,9.64098963151736e-05
Cabo Verde,CPV,2017,
Cabo Verde,CPV,2016,
Cabo Verde,CPV,2015,
Cabo Verde,CPV,2014,0.00295369278971465
Cabo Verde,CPV,2013,
Cambodia,KHM,2025,
Cambodia,KHM,2024,5.26214140574212
Cambodia,KHM,2023,12.9853431148883
Cambodia,KHM,2022,6.56222598236463
Cambodia,KHM,2021,2.98063279368018
Cambodia,KHM,2020,2.28307484240574
Cambodia,KHM,2019,1.19402155927369
Cambodia,KHM,2018,1.40927888070578
Cambodia,KHM,2017,1.74238685693004
Cambodia,KHM,2016,1.8586809100055
Cambodia,KHM,2015,1.53516035451456
Cambodia,KHM,2014,0.50562837571876
Cambodia,KHM,2013,1.21285515161475
Cameroon,CMR,2025,
Cameroon,CMR,2024,
Cameroon,CMR,2023,2.10363029161033
Cameroon,CMR,2022,3.28864706003967
Cameroon,CMR,2021,2.15123166966613
Cameroon,CMR,2020,3.08382242415572
Cameroon,CMR,2019,5.11907584621214
Cameroon,CMR,2018,7.02536411453841
Cameroon,CMR,2017,6.01740401782352
Cameroon,CMR,2016,5.61841773540935
Cameroon,CMR,2015,4.85732535277837
Cameroon,CMR,2014,6.84155124571043
Cameroon,CMR,2013,3.20435302185327
Canada,CAN,2025,
Canada,CAN,2024,16.7779029827711
Canada,CAN,2023,16.3717954388263
Canada,CAN,2022,15.1489765380468
Canada,CAN,2021,16.33762888714
Canada,CAN,2020,16.7587089775244
Canada,CAN,2019,17.1309209127166
Canada,CAN,2018,15.4222842964733
Canada,CAN,2017,14.3488055729531
Canada,CAN,2016,14.0996116936098
Canada,CAN,2015,14.8286795335378
Canada,CAN,2014,14.6664530922053
Canada,CAN,2013,15.4941329115402
Cayman Islands,CYM,2025,
Cayman Islands,CYM,2024,85.5232283869582
Cayman Islands,CYM,2023,47.701413334623
Cayman Islands,CYM,2022,56.6467051908622
Cayman Islands,CYM,2021,67.7653374620884
Cayman Islands,CYM,2020,69.5994743298033
Cayman Islands,CYM,2019,
Cayman Islands,CYM,2018,
Cayman Islands,CYM,2017,
Cayman Islands,CYM,2016,
Cayman Islands,CYM,2015,
Cayman Islands,CYM,2014,
Cayman Islands,CYM,2013,
Central African Republic,CAF,2025,
Central African Republic,CAF,2024,8.29978042191414
Central African Republic,CAF,2023,1.87856696826495
Central African Republic,CAF,2022,37.2974046773952
Central African Republic,CAF,2021,7.66912447024762
Central African Republic,CAF,2020,0.67083835551212
Central African Republic,CAF,2019,95.6179350728442
Central African Republic,CAF,2018,29.0193180633593
Central African Republic,CAF,2017,22.0763616198396
Central African Republic,CAF,2016,11.77186175421
Central African Republic,CAF,2015,5.26842789146861
Central African Republic,CAF,2014,
Central African Republic,CAF,2013,0.289135277016258
Chad,TCD,2025,
Chad,TCD,2024,
Chad,TCD,2023,
Chad,TCD,2022,
Chad,TCD,2021,
Chad,TCD,2020,
Chad,TCD,2019,
Chad,TCD,2018,
Chad,TCD,2017,
Chad,TCD,2016,
Chad,TCD,2015,
Chad,TCD,2014,
Chad,TCD,2013,
Channel Islands,CHI,2025,
Channel Islands,CHI,2024,
Channel Islands,CHI,2023,
Channel Islands,CHI,2022,
Channel Islands,CHI,2021,
Channel Islands,CHI,2020,
Channel Islands,CHI,2019,
Channel Islands,CHI,2018,
Channel Islands,CHI,2017,
Channel Islands,CHI,2016,
Channel Islands,CHI,2015,
Channel Islands,CHI,2014,
Channel Islands,CHI,2013,
Chile,CHL,2025,
Chile,CHL,2024,8.31650307450688
Chile,CHL,2023,10.7195633423709
Chile,CHL,2022,6.93672684116693
Chile,CHL,2021,12.4417748590856
Chile,CHL,2020,15.9750583433893
Chile,CHL,2019,7.63288202076965
Chile,CHL,2018,6.91141099413123
Chile,CHL,2017,7.1060964752424
Chile,CHL,2016,8.42437955941115
Chile,CHL,2015,6.72253052606446
Chile,CHL,2014,7.09179365119211
Chile,CHL,2013,6.69462231509352
China,CHN,2025,
China,CHN,2024,26.2777380479223
China,CHN,2023,26.5682136542881
China,CHN,2022,27.7650612563156
China,CHN,2021,30.2190732796596
China,CHN,2020,31.2766154241293
China,CHN,2019,30.8186302968419
China,CHN,2018,31.5481478595353
China,CHN,2017,30.9118639785891
China,CHN,2016,30.2545232296357
China,CHN,2015,30.4312672747562
China,CHN,2014,29.7037271802947
China,CHN,2013,31.5855813292794
Colombia,COL,2025,
Colombia,COL,2024,9.02469704912672
Colombia,COL,2023,8.59989159781141
Colombia,COL,2022,8.40182637186439
Colombia,COL,2021,8.20914960906244
Colombia,COL,2020,9.91355157220335
Colombia,COL,2019,9.04845616228861
Colombia,COL,2018,7.22139251354653
Colombia,COL,2017,8.96236276389192
Colombia,COL,2016,10.1857957756345
Colombia,COL,2015,9.8493456203733
Colombia,COL,2014,8.11983496308117
Colombia,COL,2013,7.76843663280142
Comoros,COM,2025,
Comoros,COM,2024,
Comoros,COM,2023,3.13907204820087
Comoros,COM,2022,0.307330846524193
Comoros,COM,2021,0.206883909574449
Comoros,COM,2020,0.574929085819981
Comoros,COM,2019,3.03044600733887
Comoros,COM,2018,0.172607880378736
Comoros,COM,2017,27.3981291524228
Comoros,COM,2016,0.230530375770608
Comoros,COM,2015,3.22701996783337
Comoros,COM,2014,2.12626127048387
Comoros,COM,2013,
"Congo, Dem. Rep.",COD,2025,
"Congo, Dem. Rep.",COD,2024,
"Congo, Dem. Rep.",COD,2023,0.199611665225369
"Congo, Dem. Rep.",COD,2022,0.723158681595087
"Congo, Dem. Rep.",COD,2021,0.0782346689876282
"Congo, Dem. Rep.",COD,2020,0.506820617005321
"Congo, Dem. Rep.",COD,2019,0.782215715734939
"Congo, Dem. Rep.",COD,2018,0.246252589446654
"Congo, Dem. Rep.",COD,2017,0.18434368848256
"Congo, Dem. Rep.",COD,2016,0.310225164953757
"Congo, Dem. Rep.",COD,2015,2.60447930484844
"Congo, Dem. Rep.",COD,2014,
"Congo, Dem. Rep.",COD,2013,
"Congo, Rep.",COG,2025,
"Congo, Rep.",COG,2024,
"Congo, Rep.",COG,2023,3.15972234574724
"Congo, Rep.",COG,2022,4.32722654163177
"Congo, Rep.",COG,2021,6.53711247460385
"Congo, Rep.",COG,2020,4.54987327780387
"Congo, Rep.",COG,2019,6.34219069474197
"Congo, Rep.",COG,2018,2.52474361763104
"Congo, Rep.",COG,2017,2.00657411112222
"Congo, Rep.",COG,2016,1.15950410511852
"Congo, Rep.",COG,2015,0.926253889837264
"Congo, Rep.",COG,2014,1.09085986257553
"Congo, Rep.",COG,2013,
Costa Rica,CRI,2025,
Costa Rica,CRI,2024,22.8587994049653
Costa Rica,CRI,2023,24.177789153066
Costa Rica,CRI,2022,21.9748960011818
Costa Rica,CRI,2021,16.9670005542705
Costa Rica,CRI,2020,15.681961032421
Costa Rica,CRI,2019,17.5649349958823
Costa Rica,CRI,2018,18.4668840173132
Costa Rica,CRI,2017,18.4952181840988
Costa Rica,CRI,2016,18.4424705219172
Costa Rica,CRI,2015,16.9840779616817
Costa Rica,CRI,2014,36.5061833752317
Costa Rica,CRI,2013,43.4415513820508
Cote d'Ivoire,CIV,2025,
Cote d'Ivoire,CIV,2024,5.25759412069948
Cote d'Ivoire,CIV,2023,4.41310726011773
Cote d'Ivoire,CIV,2022,3.55657032872416
Cote d'Ivoire,CIV,2021,3.86336645370502
Cote d'Ivoire,CIV,2020,5.11294024947147
Cote d'Ivoire,CIV,2019,11.2315188507649
Cote d'Ivoire,CIV,2018,6.55999280073843
Cote d'Ivoire,CIV,2017,7.01554066796367
Cote d'Ivoire,CIV,2016,8.59367223098391
Cote d'Ivoire,CIV,2015,7.2097220855326
Cote d'Ivoire,CIV,2014,11.3886788789026
Cote d'Ivoire,CIV,2013,4.35929659540354
Croatia,HRV,2025,
Croatia,HRV,2024,11.6739199311189
Croatia,HRV,2023,11.0335908814715
Croatia,HRV,2022,12.0638540428638
Croatia,HRV,2021,9.60673351412275
Croatia,HRV,2020,9.68004103299381
Croatia,HRV,2019,8.28927083536396
Croatia,HRV,2018,8.83753101502131
Croatia,HRV,2017,8.73810136016396
Croatia,HRV,2016,14.4016994474882
Croatia,HRV,2015,10.7066240086763
Croatia,HRV,2014,10.4390521916801
Croatia,HRV,2013,12.493497088882
Cuba,CUB,2025,
Cuba,CUB,2024,
Cuba,CUB,2023,
Cuba,CUB,2022,7.87558913182664
Cuba,CUB,2021,70.086566034141
Cuba,CUB,2020,9.82889880376058
Cuba,CUB,2019,17.416999745281
Cuba,CUB,2018,11.4989160660893
Cuba,CUB,2017,21.1108836158782
Cuba,CUB,2016,35.0033320156303
Cuba,CUB,2015,
Cuba,CUB,2014,
Cuba,CUB,2013,
Curacao,CUW,2025,
Curacao,CUW,2024,
Curacao,CUW,2023,
Curacao,CUW,2022,
Curacao,CUW,2021,
Curacao,CUW,2020,
Curacao,CUW,2019,
Curacao,CUW,2018,
Curacao,CUW,2017,
Curacao,CUW,2016,
Curacao,CUW,2015,
Curacao,CUW,2014,
Curacao,CUW,2013,
Cyprus,CYP,2025,
Cyprus,CYP,2024,18.0329234506901
Cyprus,CYP,2023,18.7419533928829
Cyprus,CYP,2022,17.6595981229011
Cyprus,CYP,2021,15.9690026786633
Cyprus,CYP,2020,12.2448277312995
Cyprus,CYP,2019,19.874215891301
Cyprus,CYP,2018,19.8567940881369
Cyprus,CYP,2017,13.3499611387371
Cyprus,CYP,2016,13.3285149968646
Cyprus,CYP,2015,12.7108239034115
Cyprus,CYP,2014,14.5282633236727
Cyprus,CYP,2013,13.0833984575068
Czechia,CZE,2025,
Czechia,CZE,2024,22.4045215279558
Czechia,CZE,2023,20.302723987427
Czechia,CZE,2022,21.8353618959526
Czechia,CZE,2021,20.3560909262553
Czechia,CZE,2020,22.58251525965
Czechia,CZE,2019,20.7104130233292
Czechia,CZE,2018,19.5549977904499
Czechia,CZE,2017,17.8292568189487
Czechia,CZE,2016,16.8728021438796
Czechia,CZE,2015,17.7344072038512
Czechia,CZE,2014,17.3712318028821
Czechia,CZE,2013,17.334368506368
Denmark,DNK,2025,
Denmark,DNK,2024,17.6194498489345
Denmark,DNK,2023,17.1321575837404
Denmark,DNK,2022,15.988289228272
Denmark,DNK,2021,13.9247982031326
Denmark,DNK,2020,13.2343925466707
Denmark,DNK,2019,12.039996737934
Denmark,DNK,2018,12.3547301877073
Denmark,DNK,2017,12.4279222825429
Denmark,DNK,2016,14.8833242354843
Denmark,DNK,2015,17.1655001970314
Denmark,DNK,2014,15.7179605296799
Denmark,DNK,2013,15.822591156063
Djibouti,DJI,2025,
Djibouti,DJI,2024,
Djibouti,DJI,2023,3.27550022198031
Djibouti,DJI,2022,3.02417742085029
Djibouti,DJI,2021,2.62827621175548
Djibouti,DJI,2020,
Djibouti,DJI,2019,
Djibouti,DJI,2018,
Djibouti,DJI,2017,
Djibouti,DJI,2016,
Djibouti,DJI,2015,
Djibouti,DJI,2014,
Djibouti,DJI,2013,
Dominica,DMA,2025,
Dominica,DMA,2024,
Dominica,DMA,2023,2.88328233207454
Dominica,DMA,2022,27.5946626639549
Dominica,DMA,2021,3.30533077770519
Dominica,DMA,2020,1.69441012466024
Dominica,DMA,2019,16.9050650080085
Dominica,DMA,2018,5.33180863920164
Dominica,DMA,2017,8.33001817629596
Dominica,DMA,2016,9.62334924307427
Dominica,DMA,2015,
Dominica,DMA,2014,
Dominica,DMA,2013,5.9405399263642
Dominican Republic,DOM,2025,
Dominican Republic,DOM,2024,7.68868351413961
Dominican Republic,DOM,2023,6.03092939982151
Dominican Republic,DOM,2022,6.01879055876862
Dominican Republic,DOM,2021,8.48005001549177
Dominican Republic,DOM,2020,8.72741174344453
Dominican Republic,DOM,2019,6.34761176426535
Dominican Republic,DOM,2018,6.39815706280082
Dominican Republic,DOM,2017,8.35627149926946
Dominican Republic,DOM,2016,4.42181482516597
Dominican Republic,DOM,2015,3.96684697463683
Dominican Republic,DOM,2014,4.30505041159946
Dominican Republic,DOM,2013,4.45453776202669
Ecuador,ECU,2025,
Ecuador,ECU,2024,9.99836390672699
Ecuador,ECU,2023,7.27423385399254
Ecuador,ECU,2022,6.71157923405729
Ecuador,ECU,2021,4.84096317381331
Ecuador,ECU,2020,4.28192759486423
Ecuador,ECU,2019,5.52377825962259
Ecuador,ECU,2018,5.29990873788448
Ecuador,ECU,2017,7.95691634892711
Ecuador,ECU,2016,9.19247360777488
Ecuador,ECU,2015,7.68854403605136
Ecuador,ECU,2014,5.63721536881617
Ecuador,ECU,2013,5.2356622825582
"Egypt, Arab Rep.",EGY,2025,
"Egypt, Arab Rep.",EGY,2024,3.81290087814207
"Egypt, Arab Rep.",EGY,2023,3.16286878393567
"Egypt, Arab Rep.",EGY,2022,3.40204987508041
"Egypt, Arab Rep.",EGY,2021,3.17081927055814
"Egypt, Arab Rep.",EGY,2020,2.55490106145901
"Egypt, Arab Rep.",EGY,2019,2.34526584104617
"Egypt, Arab Rep.",EGY,2018,0.862813543464706
"Egypt, Arab Rep.",EGY,2017,0.565232575837901
"Egypt, Arab Rep.",EGY,2016,0.504375385317036
"Egypt, Arab Rep.",EGY,2015,0.795057681508592
"Egypt, Arab Rep.",EGY,2014,1.25266602348327
"Egypt, Arab Rep.",EGY,2013,0.534837648013577
El Salvador,SLV,2025,
El Salvador,SLV,2024,5.47333119441725
El Salvador,SLV,2023,6.40401071272118
El Salvador,SLV,2022,7.8500188873406
El Salvador,SLV,2021,7.17516150721425
El Salvador,SLV,2020,6.37122274852995
El Salvador,SLV,2019,5.14076264668843
El Salvador,SLV,2018,6.12699337415169
El Salvador,SLV,2017,5.73736147193314
El Salvador,SLV,2016,5.37320139679434
El Salvador,SLV,2015,4.97701394933062
El Salvador,SLV,2014,5.65258610761317
El Salvador,SLV,2013,5.65538655234915
Equatorial Guinea,GNQ,2025,
Equatorial Guinea,GNQ,2024,
Equatorial Guinea,GNQ,2023,
Equatorial Guinea,GNQ,2022,
Equatorial Guinea,GNQ,2021,
Equatorial Guinea,GNQ,2020,
Equatorial Guinea,GNQ,2019,
Equatorial Guinea,GNQ,2018,
Equatorial Guinea,GNQ,2017,
Equatorial Guinea,GNQ,2016,
Equatorial Guinea,GNQ,2015,
Equatorial Guinea,GNQ,2014,
Equatorial Guinea,GNQ,2013,
Eritrea,ERI,2025,
Eritrea,ERI,2024,
Eritrea,ERI,2023,
Eritrea,ERI,2022,
Eritrea,ERI,2021,
Eritrea,ERI,2020,
Eritrea,ERI,2019,
Eritrea,ERI,2018,
Eritrea,ERI,2017,
Eritrea,ERI,2016,
Eritrea,ERI,2015,
Eritrea,ERI,2014,
Eritrea,ERI,2013,
Estonia,EST,2025,
Estonia,EST,2024,18.382980141257
Estonia,EST,2023,16.581160524959
Estonia,EST,2022,18.0186438315616
Estonia,EST,2021,20.6301155577085
Estonia,EST,2020,20.6216264338951
Estonia,EST,2019,16.9644248677655
Estonia,EST,2018,18.2045260067525
Estonia,EST,2017,17.9646942764807
Estonia,EST,2016,21.9072583684186
Estonia,EST,2015,22.7144676294333
Estonia,EST,2014,23.652438820507
Estonia,EST,2013,20.6761148166196
Eswatini,SWZ,2025,
Eswatini,SWZ,2024,
Eswatini,SWZ,2023,0.285307158606886
Eswatini,SWZ,2022,0.31591177017993
Eswatini,SWZ,2021,0.325445621132478
Eswatini,SWZ,2020,0.342192841190398
Eswatini,SWZ,2019,0.274607103354208
Eswatini,SWZ,2018,0.925351559868595
Eswatini,SWZ,2017,0.293249799871917
Eswatini,SWZ,2016,0.200467504294285
Eswatini,SWZ,2015,0.233042561514838
Eswatini,SWZ,2014,0.0817708731291131
Eswatini,SWZ,2013,0.0978614085814442
Ethiopia,ETH,2025,
Ethiopia,ETH,2024,
Ethiopia,ETH,2023,3.75062055802087
Ethiopia,ETH,2022,3.21026574936058
Ethiopia,ETH,2021,8.54658883162268
Ethiopia,ETH,2020,13.1014525306681
Ethiopia,ETH,2019,9.42339221070521
Ethiopia,ETH,2018,13.6451525613537
Ethiopia,ETH,2017,5.83937193918337
Ethiopia,ETH,2016,6.82740269371127
Ethiopia,ETH,2015,6.19452786285451
Ethiopia,ETH,2014,9.13096030297245
Ethiopia,ETH,2013,1.85035715422211
Faroe Islands,FRO,2025,
Faroe Islands,FRO,2024,
Faroe Islands,FRO,2023,
Faroe Islands,FRO,2022,
Faroe Islands,FRO,2021,
Faroe Islands,FRO,2020,
Faroe Islands,FRO,2019,
Faroe Islands,FRO,2018,
Faroe Islands,FRO,2017,
Faroe Islands,FRO,2016,
Faroe Islands,FRO,2015,
Faroe Islands,FRO,2014,
Faroe Islands,FRO,2013,
Fiji,FJI,2025,
Fiji,FJI,2024,2.99874841417736
Fiji,FJI,2023,1.64679784443044
Fiji,FJI,2022,2.24124587754453
Fiji,FJI,2021,1.90912873666526
Fiji,FJI,2020,10.850874908157
Fiji,FJI,2019,5.67997543305016
Fiji,FJI,2018,3.80322248838358
Fiji,FJI,2017,3.53488889969416
Fiji,FJI,2016,2.84203358700427
Fiji,FJI,2015,2.40088359260218
Fiji,FJI,2014,2.64858094690686
Fiji,FJI,2013,2.37789871805637
Finland,FIN,2025,
Finland,FIN,2024,9.28522659633957
Finland,FIN,2023,9.71402259549133
Finland,FIN,2022,9.62392843667484
Finland,FIN,2021,10.2937538536253
Finland,FIN,2020,9.98230025285834
Finland,FIN,2019,9.21470120593618
Finland,FIN,2018,9.01765355032152
Finland,FIN,2017,9.6573147330322
Finland,FIN,2016,10.052829776298
Finland,FIN,2015,10.1842827866076
Finland,FIN,2014,10.0525206084322
Finland,FIN,2013,9.02643257926868
France,FRA,2025,
France,FRA,2024,23.1371073769038
France,FRA,2023,22.3835449721792
France,FRA,2022,21.9264611257156
France,FRA,2021,22.305003085565
France,FRA,2020,21.1920405248012
France,FRA,2019,26.9265976407414
France,FRA,2018,25.9347849255776
France,FRA,2017,26.0180218998669
France,FRA,2016,27.9331801598168
France,FRA,2015,28.2116908505326
France,FRA,2014,27.4702736686884
France,FRA,2013,27.1817177565412
French Polynesia,PYF,2025,
French Polynesia,PYF,2024,1.92522086808869
French Polynesia,PYF,2023,0.90861411457913
French Polynesia,PYF,2022,9.98209639170277
French Polynesia,PYF,2021,23.2822467980556
French Polynesia,PYF,2020,10.292610755327
French Polynesia,PYF,2019,30.8189587432752
French Polynesia,PYF,2018,10.7052602292096
French Polynesia,PYF,2017,13.2913476438458
French Polynesia,PYF,2016,22.2084033244462
French Polynesia,PYF,2015,11.8209633425529
French Polynesia,PYF,2014,15.5573341746788
French Polynesia,PYF,2013,7.91305566319335
Gabon,GAB,2025,
Gabon,GAB,2024,
Gabon,GAB,2023,1.77313570365975
Gabon,GAB,2022,3.90758494231998
Gabon,GAB,2021,1.48332589633571
Gabon,GAB,2020,2.38973424083547
Gabon,GAB,2019,2.34638668892119
Gabon,GAB,2018,2.99535648763002
Gabon,GAB,2017,3.2278177583876
Gabon,GAB,2016,1.5764201645108
Gabon,GAB,2015,1.08108554856956
Gabon,GAB,2014,1.62733225676286
Gabon,GAB,2013,0.959610778989352
"Gambia, The",GMB,2025,
"Gambia, The",GMB,2024,3.34757896376015
"Gambia, The",GMB,2023,2.3423098344067
"Gambia, The",GMB,2022,3.21248823002167
"Gambia, The",GMB,2021,0.000735977873561209
"Gambia, The",GMB,2020,0.886698821678881
"Gambia, The",GMB,2019,0.0409548386308044
"Gambia, The",GMB,2018,1.74152996206824
"Gambia, The",GMB,2017,0.360381487082307
"Gambia, The",GMB,2016,0.0
"Gambia, The",GMB,2015,1.06493506493507
"Gambia, The",GMB,2014,0.0
"Gambia, The",GMB,2013,3.42115369844074
Georgia,GEO,2025,
Georgia,GEO,2024,3.78381539474497
Georgia,GEO,2023,2.29303754401881
Georgia,GEO,2022,2.94920090255456
Georgia,GEO,2021,1.60289302245774
Georgia,GEO,2020,2.1252867712654
Georgia,GEO,2019,2.0768413554362
Georgia,GEO,2018,2.88677086815774
Georgia,GEO,2017,2.96686397314837
Georgia,GEO,2016,3.44853487096684
Georgia,GEO,2015,5.78910466719946
Georgia,GEO,2014,3.07726524855447
Georgia,GEO,2013,2.53840261675226
Germany,DEU,2025,
Germany,DEU,2024,17.9772990379432
Germany,DEU,2023,17.7818374796623
Germany,DEU,2022,17.4981505573659
Germany,DEU,2021,15.3851048227765
Germany,DEU,2020,15.5031959869375
Germany,DEU,2019,16.3869405629417
Germany,DEU,2018,15.7474335584013
Germany,DEU,2017,15.850578794452
Germany,DEU,2016,18.0827014214761
Germany,DEU,2015,17.8243752766447
Germany,DEU,2014,17.2097149731509
Germany,DEU,2013,17.2979906043683
Ghana,GHA,2025,
Ghana,GHA,2024,
Ghana,GHA,2023,2.11003762211445
Ghana,GHA,2022,1.95740716852014
Ghana,GHA,2021,0.726084593720307
Ghana,GHA,2020,
Ghana,GHA,2019,1.14325401056793
Ghana,GHA,2018,8.30535420920506
Ghana,GHA,2017,4.42717231922926
Ghana,GHA,2016,2.29813974435795
Ghana,GHA,2015,7.58597579597383
Ghana,GHA,2014,6.74454036554641
Ghana,GHA,2013,5.10093163620251
Gibraltar,GIB,2025,
Gibraltar,GIB,2024,
Gibraltar,GIB,2023,
Gibraltar,GIB,2022,
Gibraltar,GIB,2021,
Gibraltar,GIB,2020,
Gibraltar,GIB,2019,
Gibraltar,GIB,2018,
Gibraltar,GIB,2017,
Gibraltar,GIB,2016,
Gibraltar,GIB,2015,
Gibraltar,GIB,2014,
Gibraltar,GIB,2013,
Greece,GRC,2025,
Greece,GRC,2024,15.011494857431
Greece,GRC,2023,15.1515337740903
Greece,GRC,2022,14.4708651762207
Greece,GRC,2021,12.2848681524393
Greece,GRC,2020,13.2518669714424
Greece,GRC,2019,12.5222555558252
Greece,GRC,2018,12.9551889486437
Greece,GRC,2017,12.1148895809545
Greece,GRC,2016,13.7270081175833
Greece,GRC,2015,12.9218253082768
Greece,GRC,2014,11.5060312558605
Greece,GRC,2013,8.47893188139786
Greenland,GRL,2025,
Greenland,GRL,2024,
Greenland,GRL,2023,
Greenland,GRL,2022,
Greenland,GRL,2021,
Greenland,GRL,2020,
Greenland,GRL,2019,
Greenland,GRL,2018,1.70924920520931
Greenland,GRL,2017,4.33718729181377
Greenland,GRL,2016,4.80662545173762
Greenland,GRL,2015,78.4765279497612
Greenland,GRL,2014,1.04266464882677
Greenland,GRL,2013,1.46112174313304
Grenada,GRD,2025,
Grenada,GRD,2024,6.4434446202485
Grenada,GRD,2023,3.00776134164197
Grenada,GRD,2022,2.17718748959197
Grenada,GRD,2021,1.24145758164245
Grenada,GRD,2020,2.97590746119115
Grenada,GRD,2019,11.444444476357
Grenada,GRD,2018,12.7236433160283
Grenada,GRD,2017,7.16502960454243
Grenada,GRD,2016,32.2183671192355
Grenada,GRD,2015,5.97495701318799
Grenada,GRD,2014,15.6507325282731
Grenada,GRD,2013,2.7759068603868
Guam,GUM,2025,
Guam,GUM,2024,
Guam,GUM,2023,
Guam,GUM,2022,
Guam,GUM,2021,
Guam,GUM,2020,
Guam,GUM,2019,
Guam,GUM,2018,
Guam,GUM,2017,
Guam,GUM,2016,
Guam,GUM,2015,
Guam,GUM,2014,
Guam,GUM,2013,
Guatemala,GTM,2025,
Guatemala,GTM,2024,5.39604303984542
Guatemala,GTM,2023,5.77662450839393
Guatemala,GTM,2022,4.97162403170951
Guatemala,GTM,2021,5.16708104325419
Guatemala,GTM,2020,6.05086394466785
Guatemala,GTM,2019,4.91934688390265
Guatemala,GTM,2018,5.31041212978891
Guatemala,GTM,2017,5.34358147059366
Guatemala,GTM,2016,5.81591535262668
Guatemala,GTM,2015,5.4761635770507
Guatemala,GTM,2014,5.38681285513024
Guatemala,GTM,2013,5.14501106587835
Guinea,GIN,2025,
Guinea,GIN,2024,
Guinea,GIN,2023,
Guinea,GIN,2022,
Guinea,GIN,2021,
Guinea,GIN,2020,
Guinea,GIN,2019,
Guinea,GIN,2018,
Guinea,GIN,2017,
Guinea,GIN,2016,0.899971742078623
Guinea,GIN,2015,0.959602493970672
Guinea,GIN,2014,5.08202455279598
Guinea,GIN,2013,2.49689033719174
Guinea-Bissau,GNB,2025,
Guinea-Bissau,GNB,2024,
Guinea-Bissau,GNB,2023,
Guinea-Bissau,GNB,2022,
Guinea-Bissau,GNB,2021,
Guinea-Bissau,GNB,2020,
Guinea-Bissau,GNB,2019,
Guinea-Bissau,GNB,2018,
Guinea-Bissau,GNB,2017,
Guinea-Bissau,GNB,2016,
Guinea-Bissau,GNB,2015,5.80645161290323
Guinea-Bissau,GNB,2014,
Guinea-Bissau,GNB,2013,
Guyana,GUY,2025,
Guyana,GUY,2024,13.3341087055182
Guyana,GUY,2023,15.7138926801315
Guyana,GUY,2022,0.123954109320186
Guyana,GUY,2021,0.221685101474626
Guyana,GUY,2020,2.61088124497344
Guyana,GUY,2019,0.300824820520728
Guyana,GUY,2018,0.215510365907189
Guyana,GUY,2017,0.090739337395843
Guyana,GUY,2016,0.197005796128114
Guyana,GUY,2015,0.177560753383893
Guyana,GUY,2014,0.217317494688255
Guyana,GUY,2013,0.296978506662254
Haiti,HTI,2025,
Haiti,HTI,2024,
Haiti,HTI,2023,
Haiti,HTI,2022,
Haiti,HTI,2021,
Haiti,HTI,2020,
Haiti,HTI,2019,
Haiti,HTI,2018,
Haiti,HTI,2017,
Haiti,HTI,2016,
Haiti,HTI,2015,
Haiti,HTI,2014,
Haiti,HTI,2013,
Honduras,HND,2025,
Honduras,HND,2024,3.87334759570957
Honduras,HND,2023,3.30891556062124
Honduras,HND,2022,
Honduras,HND,2021,1.4495499920383
Honduras,HND,2020,4.06990705871472
Honduras,HND,2019,1.96086912582269
Honduras,HND,2018,1.96264426487614
Honduras,HND,2017,3.12358554921908
Honduras,HND,2016,2.83717179282699
Honduras,HND,2015,1.30847133128199
Honduras,HND,2014,2.57978490075374
Honduras,HND,2013,
"Hong Kong SAR, China",HKG,2025,
"Hong Kong SAR, China",HKG,2024,75.5706908349979
"Hong Kong SAR, China",HKG,2023,72.3154885126867
"Hong Kong SAR, China",HKG,2022,72.6367726437239
"Hong Kong SAR, China",HKG,2021,70.5506557214905
"Hong Kong SAR, China",HKG,2020,69.6513217074644
"Hong Kong SAR, China",HKG,2019,65.5667246519625
"Hong Kong SAR, China",HKG,2018,64.6544468445663
"Hong Kong SAR, China",HKG,2017,61.5548639261037
"Hong Kong SAR, China",HKG,2016,13.4708648681174
"Hong Kong SAR, China",HKG,2015,12.3029118452087
"Hong Kong SAR, China",HKG,2014,11.3905603813352
"Hong Kong SAR, China",HKG,2013,13.9010183381569
Hungary,HUN,2025,
Hungary,HUN,2024,22.5745118826045
Hungary,HUN,2023,18.8624569621863
Hungary,HUN,2022,18.4048917258431
Hungary,HUN,2021,16.3975126429279
Hungary,HUN,2020,17.4648807221778
Hungary,HUN,2019,17.3787600622128
Hungary,HUN,2018,16.8209858629646
Hungary,HUN,2017,17.2630732776764
Hungary,HUN,2016,17.5764530213374
Hungary,HUN,2015,17.08325844517
Hungary,HUN,2014,16.6901975118435
Hungary,HUN,2013,19.3691523112004
Iceland,ISL,2025,
Iceland,ISL,2024,53.9722930663779
Iceland,ISL,2023,43.4245422764011
Iceland,ISL,2022,33.3116292542581
Iceland,ISL,2021,33.4874148657273
Iceland,ISL,2020,27.9589360661677
Iceland,ISL,2019,38.0792033549769
Iceland,ISL,2018,23.4740318421698
Iceland,ISL,2017,26.3759840115862
Iceland,ISL,2016,23.3894322573227
Iceland,ISL,2015,20.1396578475779
Iceland,ISL,2014,17.1233939798944
Iceland,ISL,2013,15.7355558714745
India,IND,2025,
India,IND,2024,18.5723946411049
India,IND,2023,14.9343472986716
India,IND,2022,12.6822794807287
India,IND,2021,10.2125596625118
India,IND,2020,11.0325638466576
India,IND,2019,10.2237396907979
India,IND,2018,9.04145168835151
India,IND,2017,7.36208114076572
India,IND,2016,7.66325704378624
India,IND,2015,8.02476917234515
India,IND,2014,9.22122174793918
India,IND,2013,8.87350364988968
Indonesia,IDN,2025,
Indonesia,IDN,2024,8.7110437578916
Indonesia,IDN,2023,9.08308687782522
Indonesia,IDN,2022,8.30819306709832
Indonesia,IDN,2021,7.20127970144306
Indonesia,IDN,2020,8.4247469855579
Indonesia,IDN,2019,8.09206094724751
Indonesia,IDN,2018,8.21299200751234
Indonesia,IDN,2017,8.44632702628773
Indonesia,IDN,2016,7.99860974921307
Indonesia,IDN,2015,8.88987824359938
Indonesia,IDN,2014,9.32850761968047
Indonesia,IDN,2013,9.67606262852233
"Iran, Islamic Rep.",IRN,2025,
"Iran, Islamic Rep.",IRN,2024,
"Iran, Islamic Rep.",IRN,2023,
"Iran, Islamic Rep.",IRN,2022,0.814007923197325
"Iran, Islamic Rep.",IRN,2021,0.380525397860673
"Iran, Islamic Rep.",IRN,2020,0.746714844738681
"Iran, Islamic Rep.",IRN,2019,0.926086511463464
"Iran, Islamic Rep.",IRN,2018,0.72469081853253
"Iran, Islamic Rep.",IRN,2017,1.36325563923218
"Iran, Islamic Rep.",IRN,2016,1.39878294404259
"Iran, Islamic Rep.",IRN,2015,1.43263391911846
"Iran, Islamic Rep.",IRN,2014,1.54536499147799
"Iran, Islamic Rep.",IRN,2013,1.54772069724821
Iraq,IRQ,2025,
Iraq,IRQ,2024,
Iraq,IRQ,2023,
Iraq,IRQ,2022,
Iraq,IRQ,2021,
Iraq,IRQ,2020,
Iraq,IRQ,2019,
Iraq,IRQ,2018,
Iraq,IRQ,2017,
Iraq,IRQ,2016,
Iraq,IRQ,2015,
Iraq,IRQ,2014,
Iraq,IRQ,2013,
Ireland,IRL,2025,
Ireland,IRL,2024,53.5184328432158
Ireland,IRL,2023,47.7737732849219
Ireland,IRL,2022,46.7867801497714
Ireland,IRL,2021,28.4781475271992
Ireland,IRL,2020,25.8991544690003
Ireland,IRL,2019,25.9769791902199
Ireland,IRL,2018,25.0152782298751
Ireland,IRL,2017,29.3340262522775
Ireland,IRL,2016,32.8418171476767
Ireland,IRL,2015,28.3389494347801
Ireland,IRL,2014,24.9189231516136
Ireland,IRL,2013,24.9839328156584
Isle of Man,IMN,2025,
Isle of Man,IMN,2024,
Isle of Man,IMN,2023,
Isle of Man,IMN,2022,
Isle of Man,IMN,2021,
Isle of Man,IMN,2020,
Isle of Man,IMN,2019,
Isle of Man,IMN,2018,
Isle of Man,IMN,2017,
Isle of Man,IMN,2016,
Isle of Man,IMN,2015,
Isle of Man,IMN,2014,
Isle of Man,IMN,2013,
Israel,ISR,2025,
Israel,ISR,2024,37.2335173751738
Israel,ISR,2023,34.9377735824443
Israel,ISR,2022,29.1090540410523
Israel,ISR,2021,29.5956758722761
Israel,ISR,2020,28.197643074759
Israel,ISR,2019,23.0916656017552
Israel,ISR,2018,22.5362840096475
Israel,ISR,2017,21.0679788533896
Israel,ISR,2016,21.8196172712291
Israel,ISR,2015,23.6539775366063
Israel,ISR,2014,19.4130528417277
Israel,ISR,2013,19.0362582405147
Italy,ITA,2025,
Italy,ITA,2024,12.2827088504022
Italy,ITA,2023,9.9836968942283
Italy,ITA,2022,9.15916231271025
Italy,ITA,2021,7.77024565516253
Italy,ITA,2020,8.587243012964
Italy,ITA,2019,7.75802459594121
Italy,ITA,2018,7.47655885813922
Italy,ITA,2017,7.8052686500986
Italy,ITA,2016,8.29074616964551
Italy,ITA,2015,8.15204658018138
Italy,ITA,2014,7.73691381710463
Italy,ITA,2013,7.77207145281516
Jamaica,JAM,2025,
Jamaica,JAM,2024,
Jamaica,JAM,2023,2.64698979146794
Jamaica,JAM,2022,1.47098475516758
Jamaica,JAM,2021,2.47195001164729
Jamaica,JAM,2020,2.35064138351541
Jamaica,JAM,2019,4.17241427918592
Jamaica,JAM,2018,7.9785246172073
Jamaica,JAM,2017,5.73932610490372
Jamaica,JAM,2016,4.12770569220042
Jamaica,JAM,2015,1.03608493889257
Jamaica,JAM,2014,4.5720563430337
Jamaica,JAM,2013,3.56695237646044
Japan,JPN,2025,
Japan,JPN,2024,17.5547415163067
Japan,JPN,2023,17.1028060703212
Japan,JPN,2022,18.2592615351902
Japan,JPN,2021,18.0039913482614
Japan,JPN,2020,18.6333487896777
Japan,JPN,2019,17.0303844450023
Japan,JPN,2018,17.2970528139362
Japan,JPN,2017,17.5942774665502
Japan,JPN,2016,17.620423854837
Japan,JPN,2015,18.0454889300336
Japan,JPN,2014,17.7805347199635
Japan,JPN,2013,17.7587589107099
Jordan,JOR,2025,
Jordan,JOR,2024,
Jordan,JOR,2023,2.08415985427159
Jordan,JOR,2022,1.44968826668558
Jordan,JOR,2021,1.71367970298807
Jordan,JOR,2020,1.54387858863055
Jordan,JOR,2019,1.36854381035936
Jordan,JOR,2018,1.50858480712756
Jordan,JOR,2017,1.81281942554955
Jordan,JOR,2016,3.37782667964516
Jordan,JOR,2015,2.57704311274313
Jordan,JOR,2014,1.8067119697774
Jordan,JOR,2013,1.68597466970924
Kazakhstan,KAZ,2025,
Kazakhstan,KAZ,2024,42.19530029659
Kazakhstan,KAZ,2023,34.4293373196596
Kazakhstan,KAZ,2022,32.2666497110269
Kazakhstan,KAZ,2021,27.3435440636149
Kazakhstan,KAZ,2020,34.0989696117001
Kazakhstan,KAZ,2019,29.2897210078218
Kazakhstan,KAZ,2018,23.5707068133801
Kazakhstan,KAZ,2017,24.2104171386819
Kazakhstan,KAZ,2016,32.0985345639872
Kazakhstan,KAZ,2015,43.4296221763068
Kazakhstan,KAZ,2014,39.2634412451113
Kazakhstan,KAZ,2013,38.5352075588581
Kenya,KEN,2025,
Kenya,KEN,2024,3.15003013612034
Kenya,KEN,2023,3.04169416728318
Kenya,KEN,2022,2.26073811025712
Kenya,KEN,2021,3.12736061396888
Kenya,KEN,2020,5.11178261072947
Kenya,KEN,2019,4.59327769222193
Kenya,KEN,2018,3.61296275113367
Kenya,KEN,2017,3.34859041785183
Kenya,KEN,2016,7.58623435569943
Kenya,KEN,2015,4.3660951885799
Kenya,KEN,2014,
Kenya,KEN,2013,4.0691011885942
Kiribati,KIR,2025,
Kiribati,KIR,2024,
Kiribati,KIR,2023,
Kiribati,KIR,2022,
Kiribati,KIR,2021,2.29693114054698
Kiribati,KIR,2020,7.67213258875179
Kiribati,KIR,2019,
Kiribati,KIR,2018,21.550364249007
Kiribati,KIR,2017,3.42147403472058
Kiribati,KIR,2016,2.75950742368185
Kiribati,KIR,2015,1.38260121963875
Kiribati,KIR,2014,2.75934220187602
Kiribati,KIR,2013,
"Korea, Dem. People's Rep.",PRK,2025,
"Korea, Dem. People's Rep.",PRK,2024,
"Korea, Dem. People's Rep.",PRK,2023,
"Korea, Dem. People's Rep.",PRK,2022,
"Korea, Dem. People's Rep.",PRK,2021,
"Korea, Dem. People's Rep.",PRK,2020,
"Korea, Dem. People's Rep.",PRK,2019,
"Korea, Dem. People's Rep.",PRK,2018,
"Korea, Dem. People's Rep.",PRK,2017,
"Korea, Dem. People's Rep.",PRK,2016,
"Korea, Dem. People's Rep.",PRK,2015,
"Korea, Dem. People's Rep.",PRK,2014,
"Korea, Dem. People's Rep.",PRK,2013,
"Korea, Rep.",KOR,2025,
"Korea, Rep.",KOR,2024,36.2582559366674
"Korea, Rep.",KOR,2023,30.2762799912651
"Korea, Rep.",KOR,2022,36.118278931217
"Korea, Rep.",KOR,2021,36.014503674486
"Korea, Rep.",KOR,2020,35.6022265413283
"Korea, Rep.",KOR,2019,32.4050621736765
"Korea, Rep.",KOR,2018,36.3912233579129
"Korea, Rep.",KOR,2017,32.546316460744
"Korea, Rep.",KOR,2016,30.5250266717443
"Korea, Rep.",KOR,2015,31.2119270912605
"Korea, Rep.",KOR,2014,30.0608682657817
"Korea, Rep.",KOR,2013,29.8181999078998
Kosovo,XKX,2025,
Kosovo,XKX,2024,
Kosovo,XKX,2023,
Kosovo,XKX,2022,
Kosovo,XKX,2021,
Kosovo,XKX,2020,
Kosovo,XKX,2019,
Kosovo,XKX,2018,
Kosovo,XKX,2017,
Kosovo,XKX,2016,
Kosovo,XKX,2015,
Kosovo,XKX,2014,
Kosovo,XKX,2013,
Kuwait,KWT,2025,
Kuwait,KWT,2024,5.82777648932315
Kuwait,KWT,2023,1.78499656846825
Kuwait,KWT,2022,0.716354808280746
Kuwait,KWT,2021,1.1917798374399
Kuwait,KWT,2020,1.34985090816492
Kuwait,KWT,2019,0.902769586911871
Kuwait,KWT,2018,4.11848740218315
Kuwait,KWT,2017,0.203527625358479
Kuwait,KWT,2016,0.147979853189137
Kuwait,KWT,2015,0.127480427408837
Kuwait,KWT,2014,0.133875563433098
Kuwait,KWT,2013,1.66006682599946
Kyrgyz Republic,KGZ,2025,
Kyrgyz Republic,KGZ,2024,10.6711117431705
Kyrgyz Republic,KGZ,2023,16.3335372866981
Kyrgyz Republic,KGZ,2022,10.5540520111457
Kyrgyz Republic,KGZ,2021,16.298726070934
Kyrgyz Republic,KGZ,2020,8.74655092791846
Kyrgyz Republic,KGZ,2019,6.7384784764513
Kyrgyz Republic,KGZ,2018,8.05189045843038
Kyrgyz Republic,KGZ,2017,17.6123403863741
Kyrgyz Republic,KGZ,2016,19.631318350849
Kyrgyz Republic,KGZ,2015,12.2460206170046
Kyrgyz Republic,KGZ,2014,2.04825761793663
Kyrgyz Republic,KGZ,2013,5.43346578761496
Lao PDR,LAO,2025,
Lao PDR,LAO,2024,
Lao PDR,LAO,2023,7.41963729583454
Lao PDR,LAO,2022,9.51767783297326
Lao PDR,LAO,2021,7.28644637663924
Lao PDR,LAO,2020,23.1554473691925
Lao PDR,LAO,2019,20.6094637307639
Lao PDR,LAO,2018,38.0167390499275
Lao PDR,LAO,2017,37.9504484411561
Lao PDR,LAO,2016,33.5741001661276
Lao PDR,LAO,2015,35.1801655460758
Lao PDR,LAO,2014,24.994342418799
Lao PDR,LAO,2013,9.813602077611
Latvia,LVA,2025,
Latvia,LVA,2024,17.4901914812882
Latvia,LVA,2023,18.554389354563
Latvia,LVA,2022,17.5505893709401
Latvia,LVA,2021,16.9803713630842
Latvia,LVA,2020,20.0336000956914
Latvia,LVA,2019,17.1495055610295
Latvia,LVA,2018,16.5920580401869
Latvia,LVA,2017,16.0817754609296
Latvia,LVA,2016,17.2405295215294
Latvia,LVA,2015,18.9245452005011
Latvia,LVA,2014,17.7278751994184
Latvia,LVA,2013,15.4178071105596
Lebanon,LBN,2025,
Lebanon,LBN,2024,2.89591276881506
Lebanon,LBN,2023,4.30236078360336
Lebanon,LBN,2022,15.13321994397
Lebanon,LBN,2021,2.15425314478037
Lebanon,LBN,2020,5.13651259232765
Lebanon,LBN,2019,3.89127352822828
Lebanon,LBN,2018,2.35831810809947
Lebanon,LBN,2017,3.29137382070708
Lebanon,LBN,2016,2.82254509400518
Lebanon,LBN,2015,2.18872453488477
Lebanon,LBN,2014,2.52131896754884
Lebanon,LBN,2013,2.67625075891044
Lesotho,LSO,2025,
Lesotho,LSO,2024,0.0895832496967832
Lesotho,LSO,2023,0.0742607412455623
Lesotho,LSO,2022,0.0925726266687245
Lesotho,LSO,2021,0.0697267831899667
Lesotho,LSO,2020,0.0339450853606886
Lesotho,LSO,2019,0.173766076409184
Lesotho,LSO,2018,0.0577924172043064
Lesotho,LSO,2017,0.176184816420373
Lesotho,LSO,2016,0.582000547378695
Lesotho,LSO,2015,0.2634590134564
Lesotho,LSO,2014,
Lesotho,LSO,2013,
Liberia,LBR,2025,
Liberia,LBR,2024,
Liberia,LBR,2023,0.643718596498284
Liberia,LBR,2022,10.2679978403201
Liberia,LBR,2021,7.93496540512927
Liberia,LBR,2020,0.0150390753332307
Liberia,LBR,2019,5.50358385939843
Liberia,LBR,2018,16.8436031156564
Liberia,LBR,2017,56.8580874479744
Liberia,LBR,2016,
Liberia,LBR,2015,
Liberia,LBR,2014,
Liberia,LBR,2013,
Libya,LBY,2025,
Libya,LBY,2024,
Libya,LBY,2023,
Libya,LBY,2022,
Libya,LBY,2021,
Libya,LBY,2020,
Libya,LBY,2019,0.604680774692483
Libya,LBY,2018,
Libya,LBY,2017,
Libya,LBY,2016,
Libya,LBY,2015,
Libya,LBY,2014,
Libya,LBY,2013,
Liechtenstein,LIE,2025,
Liechtenstein,LIE,2024,
Liechtenstein,LIE,2023,
Liechtenstein,LIE,2022,
Liechtenstein,LIE,2021,
Liechtenstein,LIE,2020,
Liechtenstein,LIE,2019,
Liechtenstein,LIE,2018,
Liechtenstein,LIE,2017,
Liechtenstein,LIE,2016,
Liechtenstein,LIE,2015,
Liechtenstein,LIE,2014,
Liechtenstein,LIE,2013,
Lithuania,LTU,2025,
Lithuania,LTU,2024,17.3245506640985
Lithuania,LTU,2023,14.4028959953361
Lithuania,LTU,2022,12.9963941333635
Lithuania,LTU,2021,11.508956927432
Lithuania,LTU,2020,12.0095660933711
Lithuania,LTU,2019,12.0304039362778
Lithuania,LTU,2018,12.102708320773
Lithuania,LTU,2017,12.5193567980791
Lithuania,LTU,2016,12.6400013901436
Lithuania,LTU,2015,12.7802328819912
Lithuania,LTU,2014,11.1391744920283
Lithuania,LTU,2013,11.0243128207069
Luxembourg,LUX,2025,
Luxembourg,LUX,2024,5.0736120319212
Luxembourg,LUX,2023,5.979250210644
Luxembourg,LUX,2022,5.9904603893658
Luxembourg,LUX,2021,6.0752020682151
Luxembourg,LUX,2020,5.61923854995663
Luxembourg,LUX,2019,6.57356994288018
Luxembourg,LUX,2018,6.97324123677991
Luxembourg,LUX,2017,6.9688410293022
Luxembourg,LUX,2016,7.96708640448661
Luxembourg,LUX,2015,7.1063570044196
Luxembourg,LUX,2014,5.97251741023821
Luxembourg,LUX,2013,6.8438523675119
"Macao SAR, China",MAC,2025,
"Macao SAR, China",MAC,2024,0.0
"Macao SAR, China",MAC,2023,0.0
"Macao SAR, China",MAC,2022,0.0
"Macao SAR, China",MAC,2021,0.0
"Macao SAR, China",MAC,2020,0.0
"Macao SAR, China",MAC,2019,0.0
"Macao SAR, China",MAC,2018,0.0
"Macao SAR, China",MAC,2017,16.1914475747604
"Macao SAR, China",MAC,2016,
"Macao SAR, China",MAC,2015,0.0
"Macao SAR, China",MAC,2014,0.0966580261549642
"Macao SAR, China",MAC,2013,0.0
Madagascar,MDG,2025,
Madagascar,MDG,2024,0.958835172179217
Madagascar,MDG,2023,0.478060054077076
Madagascar,MDG,2022,0.34862498459426
Madagascar,MDG,2021,0.405991436478599
Madagascar,MDG,2020,0.539322061058942
Madagascar,MDG,2019,0.963097896905451
Madagascar,MDG,2018,1.04433298404265
Madagascar,MDG,2017,1.28948585834724
Madagascar,MDG,2016,1.54980929380356
Madagascar,MDG,2015,2.00561036576503
Madagascar,MDG,2014,1.54006644159584
Madagascar,MDG,2013,7.5799664741867
Malawi,MWI,2025,
Malawi,MWI,2024,1.64552794448662
Malawi,MWI,2023,5.31056594105904
Malawi,MWI,2022,2.30769539307614
Malawi,MWI,2021,6.07356230862874
Malawi,MWI,2020,2.79814154290263
Malawi,MWI,2019,6.84439153559323
Malawi,MWI,2018,2.14917014000118
Malawi,MWI,2017,2.01243154383311
Malawi,MWI,2016,2.37156083791477
Malawi,MWI,2015,1.2871623503437
Malawi,MWI,2014,4.13166608127182
Malawi,MWI,2013,11.4580180393559
Malaysia,MYS,2025,
Malaysia,MYS,2024,58.6276748543331
Malaysia,MYS,2023,59.4155074421789
Malaysia,MYS,2022,58.2818244031486
Malaysia,MYS,2021,51.6786836379514
Malaysia,MYS,2020,53.8128736631656
Malaysia,MYS,2019,51.5927774360365
Malaysia,MYS,2018,53.1812872322082
Malaysia,MYS,2017,51.124071112731
Malaysia,MYS,2016,49.058669616671
Malaysia,MYS,2015,48.4853806485296
Malaysia,MYS,2014,49.2192547300414
Malaysia,MYS,2013,48.4707442408569
Maldives,MDV,2025,
Maldives,MDV,2024,0.00227056785155377
Maldives,MDV,2023,0.18950505737955
Maldives,MDV,2022,4.09641473130223
Maldives,MDV,2021,2.01125189381146
Maldives,MDV,2020,1.73293127838582
Maldives,MDV,2019,
Maldives,MDV,2018,
Maldives,MDV,2017,0.143975890139075
Maldives,MDV,2016,0.025307379209988
Maldives,MDV,2015,
Maldives,MDV,2014,
Maldives,MDV,2013,
Mali,MLI,2025,
Mali,MLI,2024,
Mali,MLI,2023,5.3606547607953
Mali,MLI,2022,10.2578668284987
Mali,MLI,2021,13.8853977586833
Mali,MLI,2020,2.20544616042826
Mali,MLI,2019,5.479696587969
Mali,MLI,2018,5.5345284838785
Mali,MLI,2017,1.24270276298759
Mali,MLI,2016,6.49934688425637
Mali,MLI,2015,
Mali,MLI,2014,
Mali,MLI,2013,
Malta,MLT,2025,
Malta,MLT,2024,45.179167089137
Malta,MLT,2023,43.2692793209479
Malta,MLT,2022,38.9615851886187
Malta,MLT,2021,30.7355590982316
Malta,MLT,2020,35.3377751285137
Malta,MLT,2019,29.6218204565045
Malta,MLT,2018,33.0708086421311
Malta,MLT,2017,30.3770554777466
Malta,MLT,2016,21.9332549680228
Malta,MLT,2015,30.7947211780704
Malta,MLT,2014,34.7084179812082
Malta,MLT,2013,38.7105994227373
Marshall Islands,MHL,2025,
Marshall Islands,MHL,2024,
Marshall Islands,MHL,2023,
Marshall Islands,MHL,2022,
Marshall Islands,MHL,2021,
Marshall Islands,MHL,2020,
Marshall Islands,MHL,2019,
Marshall Islands,MHL,2018,
Marshall Islands,MHL,2017,
Marshall Islands,MHL,2016,
Marshall Islands,MHL,2015,
Marshall Islands,MHL,2014,
Marshall Islands,MHL,2013,
Mauritania,MRT,2025,
Mauritania,MRT,2024,9.44834081238425
Mauritania,MRT,2023,2.3506462344976
Mauritania,MRT,2022,3.97949338201203
Mauritania,MRT,2021,5.07698180804383
Mauritania,MRT,2020,2.04844860504343
Mauritania,MRT,2019,0.0131448005159537
Mauritania,MRT,2018,
Mauritania,MRT,2017,
Mauritania,MRT,2016,0.00204652495411598
Mauritania,MRT,2015,
Mauritania,MRT,2014,
Mauritania,MRT,2013,
Mauritius,MUS,2025,
Mauritius,MUS,2024,1.21703538647261
Mauritius,MUS,2023,1.01453890078417
Mauritius,MUS,2022,2.0670796252868
Mauritius,MUS,2021,0.386204360949942
Mauritius,MUS,2020,2.30535803719693
Mauritius,MUS,2019,2.14379472409531
Mauritius,MUS,2018,2.59795907076769
Mauritius,MUS,2017,2.3854111877829
Mauritius,MUS,2016,0.108502818582773
Mauritius,MUS,2015,0.114086427858643
Mauritius,MUS,2014,0.0298752067777236
Mauritius,MUS,2013,0.575721802495423
Mexico,MEX,2025,
Mexico,MEX,2024,19.3037596613987
Mexico,MEX,2023,17.9938785812602
Mexico,MEX,2022,20.5343692257849
Mexico,MEX,2021,19.8113406398377
Mexico,MEX,2020,21.5074249745377
Mexico,MEX,2019,20.4068584131191
Mexico,MEX,2018,20.8917456407643
Mexico,MEX,2017,21.1680967750153
Mexico,MEX,2016,20.6541116351274
Mexico,MEX,2015,19.5727021142392
Mexico,MEX,2014,20.2220997751974
Mexico,MEX,2013,20.5109447612712
"Micronesia, Fed. Sts.",FSM,2025,
"Micronesia, Fed. Sts.",FSM,2024,
"Micronesia, Fed. Sts.",FSM,2023,
"Micronesia, Fed. Sts.",FSM,2022,
"Micronesia, Fed. Sts.",FSM,2021,
"Micronesia, Fed. Sts.",FSM,2020,
"Micronesia, Fed. Sts.",FSM,2019,
"Micronesia, Fed. Sts.",FSM,2018,
"Micronesia, Fed. Sts.",FSM,2017,
"Micronesia, Fed. Sts.",FSM,2016,
"Micronesia, Fed. Sts.",FSM,2015,
"Micronesia, Fed. Sts.",FSM,2014,
"Micronesia, Fed. Sts.",FSM,2013,
Moldova,MDA,2025,
Moldova,MDA,2024,2.92514721596985
Moldova,MDA,2023,2.61708440538272
Moldova,MDA,2022,2.1401803935369
Moldova,MDA,2021,2.23694740673712
Moldova,MDA,2020,2.23908642857928
Moldova,MDA,2019,2.96130489390172
Moldova,MDA,2018,2.51881364001274
Moldova,MDA,2017,5.3934747176002
Moldova,MDA,2016,3.48388749123713
Moldova,MDA,2015,4.60975269861678
Moldova,MDA,2014,5.33908399973561
Moldova,MDA,2013,2.76672880955816
Monaco,MCO,2025,
Monaco,MCO,2024,
Monaco,MCO,2023,
Monaco,MCO,2022,
Monaco,MCO,2021,
Monaco,MCO,2020,
Monaco,MCO,2019,
Monaco,MCO,2018,
Monaco,MCO,2017,
Monaco,MCO,2016,
Monaco,MCO,2015,
Monaco,MCO,2014,
Monaco,MCO,2013,
Mongolia,MNG,2025,
Mongolia,MNG,2024,
Mongolia,MNG,2023,22.5365545669935
Mongolia,MNG,2022,30.8141690897359
Mongolia,MNG,2021,22.0206999866538
Mongolia,MNG,2020,2.96619929848136
Mongolia,MNG,2019,18.9440212140792
Mongolia,MNG,2018,4.99382130403029
Mongolia,MNG,2017,3.46794374833655
Mongolia,MNG,2016,16.4846204108777
Mongolia,MNG,2015,4.16465439611581
Mongolia,MNG,2014,19.6159698597296
Mongolia,MNG,2013,16.2910691967733
Montenegro,MNE,2025,
Montenegro,MNE,2024,14.4622662813729
Montenegro,MNE,2023,7.99520160312392
Montenegro,MNE,2022,8.2101950697073
Montenegro,MNE,2021,9.44448387506183
Montenegro,MNE,2020,7.60795093697407
Montenegro,MNE,2019,6.88996477506703
Montenegro,MNE,2018,3.15384813400145
Montenegro,MNE,2017,4.23802961613367
Montenegro,MNE,2016,5.56462581692143
Montenegro,MNE,2015,12.7654405105783
Montenegro,MNE,2014,14.6195848959385
Montenegro,MNE,2013,7.90450290652619
Morocco,MAR,2025,
Morocco,MAR,2024,
Morocco,MAR,2023,5.43070567261144
Morocco,MAR,2022,4.49838208408388
Morocco,MAR,2021,4.30127636011555
Morocco,MAR,2020,4.38907114524744
Morocco,MAR,2019,4.85375388189337
Morocco,MAR,2018,4.01860219205577
Morocco,MAR,2017,3.86313761323613
Morocco,MAR,2016,3.74498746856588
Morocco,MAR,2015,3.70391708770955
Morocco,MAR,2014,
Morocco,MAR,2013,
Mozambique,MOZ,2025,
Mozambique,MOZ,2024,3.6302648420799
Mozambique,MOZ,2023,2.74244557815277
Mozambique,MOZ,2022,3.17962418116621
Mozambique,MOZ,2021,1.59903962784626
Mozambique,MOZ,2020,0.844313381295891
Mozambique,MOZ,2019,1.08270235723456
Mozambique,MOZ,2018,4.2932104646686
Mozambique,MOZ,2017,10.7105159389031
Mozambique,MOZ,2016,1.62085804316688
Mozambique,MOZ,2015,11.6693867155464
Mozambique,MOZ,2014,5.71655076302865
Mozambique,MOZ,2013,13.6254699105884
Myanmar,MMR,2025,
Myanmar,MMR,2024,5.19991999790977
Myanmar,MMR,2023,2.94631414241606
Myanmar,MMR,2022,2.61457839564408
Myanmar,MMR,2021,5.06936843360325
Myanmar,MMR,2020,3.17252493795944
Myanmar,MMR,2019,2.75051999089837
Myanmar,MMR,2018,4.51638176248917
Myanmar,MMR,2017,6.02870411336858
Myanmar,MMR,2016,7.53383676615383
Myanmar,MMR,2015,0.469787769200266
Myanmar,MMR,2014,0.62703149028518
Myanmar,MMR,2013,0.268343903272684
Namibia,NAM,2025,
Namibia,NAM,2024,0.117288080576373
Namibia,NAM,2023,0.0809713952530879
Namibia,NAM,2022,0.0563656557154242
Namibia,NAM,2021,0.0666275179134238
Namibia,NAM,2020,0.0232766057778038
Namibia,NAM,2019,0.015870922203356
Namibia,NAM,2018,0.219642433912158
Namibia,NAM,2017,0.181864832454908
Namibia,NAM,2016,2.22542142743533
Namibia,NAM,2015,0.439319534089059
Namibia,NAM,2014,3.65180641520841
Namibia,NAM,2013,2.79575720376207
Naoero,NRU,2025,
Naoero,NRU,2024,
Naoero,NRU,2023,
Naoero,NRU,2022,
Naoero,NRU,2021,
Naoero,NRU,2020,
Naoero,NRU,2019,
Naoero,NRU,2018,
Naoero,NRU,2017,
Naoero,NRU,2016,
Naoero,NRU,2015,
Naoero,NRU,2014,
Naoero,NRU,2013,
Nepal,NPL,2025,
Nepal,NPL,2024,
Nepal,NPL,2023,
Nepal,NPL,2022,0.617520704475872
Nepal,NPL,2021,1.24783157075866
Nepal,NPL,2020,2.44880014385554
Nepal,NPL,2019,1.07452984569387
Nepal,NPL,2018,0.63057636781078
Nepal,NPL,2017,1.1842599479754
Nepal,NPL,2016,0.822614406932481
Nepal,NPL,2015,0.635275666598571
Nepal,NPL,2014,0.719873715823001
Nepal,NPL,2013,0.322301825518341
Netherlands,NLD,2025,
Netherlands,NLD,2024,23.4680052763745
Netherlands,NLD,2023,24.5106465274936
Netherlands,NLD,2022,21.9578380124342
Netherlands,NLD,2021,22.0023211908273
Netherlands,NLD,2020,23.1639760853804
Netherlands,NLD,2019,23.0482346929973
Netherlands,NLD,2018,22.5132061163246
Netherlands,NLD,2017,22.9219025245367
Netherlands,NLD,2016,24.0087404866077
Netherlands,NLD,2015,24.074012919385
Netherlands,NLD,2014,24.5559687632591
Netherlands,NLD,2013,24.6659051147577
New Caledonia,NCL,2025,
New Caledonia,NCL,2024,
New Caledonia,NCL,2023,
New Caledonia,NCL,2022,
New Caledonia,NCL,2021,
New Caledonia,NCL,2020,
New Caledonia,NCL,2019,
New Caledonia,NCL,2018,
New Caledonia,NCL,2017,
New Caledonia,NCL,2016,
New Caledonia,NCL,2015,5.267295899888
New Caledonia,NCL,2014,13.1538770916728
New Caledonia,NCL,2013,14.0302329444437
New Zealand,NZL,2025,
New Zealand,NZL,2024,12.9670750449435
New Zealand,NZL,2023,12.6494857356401
New Zealand,NZL,2022,12.0543415422888
New Zealand,NZL,2021,9.76110781430146
New Zealand,NZL,2020,9.60874974217951
New Zealand,NZL,2019,9.86594609152879
New Zealand,NZL,2018,9.81175442917481
New Zealand,NZL,2017,9.2522910740142
New Zealand,NZL,2016,10.8777020288641
New Zealand,NZL,2015,10.1125452318052
New Zealand,NZL,2014,9.91429177740434
New Zealand,NZL,2013,10.7264399315762
Nicaragua,NIC,2025,
Nicaragua,NIC,2024,0.596452227371355
Nicaragua,NIC,2023,0.804653157141111
Nicaragua,NIC,2022,1.25539321315719
Nicaragua,NIC,2021,1.21798820225134
Nicaragua,NIC,2020,0.537956804975234
Nicaragua,NIC,2019,1.06257046280076
Nicaragua,NIC,2018,0.676886131607261
Nicaragua,NIC,2017,0.599501195254011
Nicaragua,NIC,2016,0.798662569451357
Nicaragua,NIC,2015,0.583114233618528
Nicaragua,NIC,2014,0.468464498033893
Nicaragua,NIC,2013,0.367682069502376
Niger,NER,2025,
Niger,NER,2024,8.61766309210248
Niger,NER,2023,8.96675024256666
Niger,NER,2022,13.8708147800163
Niger,NER,2021,32.369958747641
Niger,NER,2020,12.240926752223
Niger,NER,2019,5.6497007048141
Niger,NER,2018,8.5620541870854
Niger,NER,2017,18.3242722479887
Niger,NER,2016,6.84597615137191
Niger,NER,2015,15.8616238445724
Niger,NER,2014,60.2998175217565
Niger,NER,2013,57.6881581187528
Nigeria,NGA,2025,
Nigeria,NGA,2024,2.71167186435579
Nigeria,NGA,2023,3.53042370294988
Nigeria,NGA,2022,2.38488302901383
Nigeria,NGA,2021,6.4879650491258
Nigeria,NGA,2020,6.94412309573588
Nigeria,NGA,2019,1.48240117353044
Nigeria,NGA,2018,1.9287782652252
Nigeria,NGA,2017,2.3303518190456
Nigeria,NGA,2016,2.35102616010413
Nigeria,NGA,2015,11.9058756250214
Nigeria,NGA,2014,2.10796896763846
Nigeria,NGA,2013,2.99169141904529
North Macedonia,MKD,2025,
North Macedonia,MKD,2024,6.3599119716616
North Macedonia,MKD,2023,5.22971063617991
North Macedonia,MKD,2022,4.01498490595955
North Macedonia,MKD,2021,4.0331959439009
North Macedonia,MKD,2020,4.18105543036134
North Macedonia,MKD,2019,4.21745567474478
North Macedonia,MKD,2018,4.04907678541801
North Macedonia,MKD,2017,3.98163473676236
North Macedonia,MKD,2016,2.83705522973465
North Macedonia,MKD,2015,3.36913299265342
North Macedonia,MKD,2014,3.29601139484136
North Macedonia,MKD,2013,3.78245909545858
Northern Mariana Islands,MNP,2025,
Northern Mariana Islands,MNP,2024,
Northern Mariana Islands,MNP,2023,
Northern Mariana Islands,MNP,2022,
Northern Mariana Islands,MNP,2021,
Northern Mariana Islands,MNP,2020,
Northern Mariana Islands,MNP,2019,
Northern Mariana Islands,MNP,2018,
Northern Mariana Islands,MNP,2017,
Northern Mariana Islands,MNP,2016,
Northern Mariana Islands,MNP,2015,
Northern Mariana Islands,MNP,2014,
Northern Mariana Islands,MNP,2013,
Norway,NOR,2025,
Norway,NOR,2024,25.4139359384172
Norway,NOR,2023,25.6746143774999
Norway,NOR,2022,23.8849460450338
Norway,NOR,2021,20.5863715899543
Norway,NOR,2020,22.0688842926826
Norway,NOR,2019,22.4920145628444
Norway,NOR,2018,21.1178200437435
Norway,NOR,2017,21.5970984465797
Norway,NOR,2016,20.9563395259628
Norway,NOR,2015,22.2637499039318
Norway,NOR,2014,22.3154505616718
Norway,NOR,2013,21.0205001240338
Oman,OMN,2025,
Oman,OMN,2024,
Oman,OMN,2023,5.00539346096146
Oman,OMN,2022,7.61986953322478
Oman,OMN,2021,6.61068684650433
Oman,OMN,2020,8.4956048791117
Oman,OMN,2019,1.50268168879634
Oman,OMN,2018,1.25804048128518
Oman,OMN,2017,1.1167386982334
Oman,OMN,2016,1.52100556342923
Oman,OMN,2015,3.24323565764943
Oman,OMN,2014,4.36109423322214
Oman,OMN,2013,3.4439119744056
Pakistan,PAK,2025,
Pakistan,PAK,2024,2.43815248015808
Pakistan,PAK,2023,1.90280938998427
Pakistan,PAK,2022,1.4322563541998
Pakistan,PAK,2021,1.48848823606751
Pakistan,PAK,2020,1.88781249603383
Pakistan,PAK,2019,2.30269691786268
Pakistan,PAK,2018,2.16975284245381
Pakistan,PAK,2017,2.1763687688896
Pakistan,PAK,2016,1.95739155772638
Pakistan,PAK,2015,1.60383333392069
Pakistan,PAK,2014,1.44811284723987
Pakistan,PAK,2013,1.92488889432761
Palau,PLW,2025,
Palau,PLW,2024,
Palau,PLW,2023,
Palau,PLW,2022,
Palau,PLW,2021,
Palau,PLW,2020,
Palau,PLW,2019,
Palau,PLW,2018,51.6836869301107
Palau,PLW,2017,26.8276804498919
Palau,PLW,2016,60.4568609589853
Palau,PLW,2015,41.219943089102
Palau,PLW,2014,20.9984977644409
Palau,PLW,2013,
Panama,PAN,2025,
Panama,PAN,2024,1.7673082163249
Panama,PAN,2023,1.00049164015675
Panama,PAN,2022,0.233624548388428
Panama,PAN,2021,0.260062226704829
Panama,PAN,2020,0.743662485653838
Panama,PAN,2019,0.295190561101589
Panama,PAN,2018,0.1253387935194
Panama,PAN,2017,0.294864160259367
Panama,PAN,2016,1.15654400726274
Panama,PAN,2015,0.000467295873914452
Panama,PAN,2014,0.195655792189705
Panama,PAN,2013,0.0461195017892019
Papua New Guinea,PNG,2025,
Papua New Guinea,PNG,2024,
Papua New Guinea,PNG,2023,10.2480784684723
Papua New Guinea,PNG,2022,11.9718029373386
Papua New Guinea,PNG,2021,40.0540621623383
Papua New Guinea,PNG,2020,44.7984045910059
Papua New Guinea,PNG,2019,29.8156573322952
Papua New Guinea,PNG,2018,
Papua New Guinea,PNG,2017,
Papua New Guinea,PNG,2016,
Papua New Guinea,PNG,2015,
Papua New Guinea,PNG,2014,
Papua New Guinea,PNG,2013,
Paraguay,PRY,2025,
Paraguay,PRY,2024,10.5004049492786
Paraguay,PRY,2023,9.96565594921736
Paraguay,PRY,2022,10.5619939338891
Paraguay,PRY,2021,7.42054598468191
Paraguay,PRY,2020,5.14832153749358
Paraguay,PRY,2019,7.18301132925583
Paraguay,PRY,2018,9.73585990716157
Paraguay,PRY,2017,6.43135601964578
Paraguay,PRY,2016,7.63626798600085
Paraguay,PRY,2015,6.03842102427882
Paraguay,PRY,2014,6.80318285922243
Paraguay,PRY,2013,8.6267090841696
Peru,PER,2025,
Peru,PER,2024,5.21372377596414
Peru,PER,2023,5.01572012821525
Peru,PER,2022,4.58946616439539
Peru,PER,2021,4.46164505002167
Peru,PER,2020,4.79483390340119
Peru,PER,2019,4.07500438789898
Peru,PER,2018,4.68019992138913
Peru,PER,2017,5.12232328639173
Peru,PER,2016,4.79971259913924
Peru,PER,2015,5.24340385328889
Peru,PER,2014,4.25218632647416
Peru,PER,2013,5.00038314811373
Philippines,PHL,2025,
Philippines,PHL,2024,60.975307025875
Philippines,PHL,2023,63.977928897569
Philippines,PHL,2022,66.6110921963778
Philippines,PHL,2021,64.2254083346106
Philippines,PHL,2020,67.0450915850689
Philippines,PHL,2019,62.2466747019023
Philippines,PHL,2018,61.3459931361948
Philippines,PHL,2017,60.3176340363727
Philippines,PHL,2016,
Philippines,PHL,2015,
Philippines,PHL,2014,
Philippines,PHL,2013,
Poland,POL,2025,
Poland,POL,2024,13.5099699026858
Poland,POL,2023,12.1223189735947
Poland,POL,2022,11.6325877772755
Poland,POL,2021,9.44556514280936
Poland,POL,2020,9.86616548997166
Poland,POL,2019,9.8529348361967
Poland,POL,2018,10.3950333891095
Poland,POL,2017,10.6673187252222
Poland,POL,2016,10.7154228014203
Poland,POL,2015,10.7755213322015
Poland,POL,2014,10.0686277870269
Poland,POL,2013,8.74501767247922
Portugal,PRT,2025,
Portugal,PRT,2024,6.77343918950435
Portugal,PRT,2023,6.71084167998399
Portugal,PRT,2022,6.99049160072585
Portugal,PRT,2021,6.250331404512
Portugal,PRT,2020,7.1147115711238
Portugal,PRT,2019,6.94181475443009
Portugal,PRT,2018,5.28353269409281
Portugal,PRT,2017,5.98812595371655
Portugal,PRT,2016,5.80540001054449
Portugal,PRT,2015,5.07995277461314
Portugal,PRT,2014,4.88070967963708
Portugal,PRT,2013,4.70027794789762
Puerto Rico (US),PRI,2025,
Puerto Rico (US),PRI,2024,
Puerto Rico (US),PRI,2023,
Puerto Rico (US),PRI,2022,
Puerto Rico (US),PRI,2021,
Puerto Rico (US),PRI,2020,
Puerto Rico (US),PRI,2019,
Puerto Rico (US),PRI,2018,
Puerto Rico (US),PRI,2017,
Puerto Rico (US),PRI,2016,
Puerto Rico (US),PRI,2015,
Puerto Rico (US),PRI,2014,
Puerto Rico (US),PRI,2013,
Qatar,QAT,2025,
Qatar,QAT,2024,2.80655334313522
Qatar,QAT,2023,2.78003630297901
Qatar,QAT,2022,2.85969941273396
Qatar,QAT,2021,1.71940426411282
Qatar,QAT,2020,7.11180465191852
Qatar,QAT,2019,0.00250385574432895
Qatar,QAT,2018,1.80193719050782
Qatar,QAT,2017,0.00550620221792489
Qatar,QAT,2016,0.00113290778731859
Qatar,QAT,2015,1.10477339089951
Qatar,QAT,2014,0.0491247091487031
Qatar,QAT,2013,0.545850322010568
Romania,ROU,2025,
Romania,ROU,2024,13.4497511493721
Romania,ROU,2023,12.6747408327123
Romania,ROU,2022,11.85733755602
Romania,ROU,2021,11.4879408346099
Romania,ROU,2020,11.9370424850698
Romania,ROU,2019,11.0725693077429
Romania,ROU,2018,10.0771915943775
Romania,ROU,2017,9.77959738479042
Romania,ROU,2016,10.3924513925489
Romania,ROU,2015,9.41414780224134
Romania,ROU,2014,8.41047672645864
Romania,ROU,2013,7.3981832313214
Russian Federation,RUS,2025,
Russian Federation,RUS,2024,
Russian Federation,RUS,2023,
Russian Federation,RUS,2022,
Russian Federation,RUS,2021,9.72984772707015
Russian Federation,RUS,2020,9.19363897787208
Russian Federation,RUS,2019,12.9053155381414
Russian Federation,RUS,2018,11.3552822642706
Russian Federation,RUS,2017,12.3246991949294
Russian Federation,RUS,2016,15.7901190501232
Russian Federation,RUS,2015,15.992066533226
Russian Federation,RUS,2014,12.1254086015011
Russian Federation,RUS,2013,10.6336135964435
Rwanda,RWA,2025,
Rwanda,RWA,2024,
Rwanda,RWA,2023,
Rwanda,RWA,2022,4.78472979585672
Rwanda,RWA,2021,5.10240802707913
Rwanda,RWA,2020,7.55938643936416
Rwanda,RWA,2019,10.7603832689793
Rwanda,RWA,2018,2.58732381679454
Rwanda,RWA,2017,2.66118423802865
Rwanda,RWA,2016,13.5312841197923
Rwanda,RWA,2015,15.3250917465076
Rwanda,RWA,2014,11.85599169714
Rwanda,RWA,2013,4.99734663070137
Samoa,WSM,2025,
Samoa,WSM,2024,76.6700641079328
Samoa,WSM,2023,5.7420173193689
Samoa,WSM,2022,0.554369269246782
Samoa,WSM,2021,1.0752843011372
Samoa,WSM,2020,
Samoa,WSM,2019,2.2790136566569
Samoa,WSM,2018,3.09527242378611
Samoa,WSM,2017,1.39458610918098
Samoa,WSM,2016,1.01847881441006
Samoa,WSM,2015,0.824592523393006
Samoa,WSM,2014,1.97678138434208
Samoa,WSM,2013,0.695966050719933
San Marino,SMR,2025,
San Marino,SMR,2024,
San Marino,SMR,2023,
San Marino,SMR,2022,
San Marino,SMR,2021,
San Marino,SMR,2020,
San Marino,SMR,2019,
San Marino,SMR,2018,
San Marino,SMR,2017,
San Marino,SMR,2016,
San Marino,SMR,2015,
San Marino,SMR,2014,
San Marino,SMR,2013,
Sao Tome and Principe,STP,2025,
Sao Tome and Principe,STP,2024,
Sao Tome and Principe,STP,2023,29.2734328924522
Sao Tome and Principe,STP,2022,5.29429381815619
Sao Tome and Principe,STP,2021,8.17926748262372
Sao Tome and Principe,STP,2020,10.1711732976649
Sao Tome and Principe,STP,2019,17.0302488293151
Sao Tome and Principe,STP,2018,45.9673386504362
Sao Tome and Principe,STP,2017,34.6641558499787
Sao Tome and Principe,STP,2016,68.1428492464163
Sao Tome and Principe,STP,2015,46.9571385744385
Sao Tome and Principe,STP,2014,1.3876421304608
Sao Tome and Principe,STP,2013,14.5178857105501
Saudi Arabia,SAU,2025,
Saudi Arabia,SAU,2024,0.544002126713625
Saudi Arabia,SAU,2023,0.590629141767828
Saudi Arabia,SAU,2022,0.29527343068195
Saudi Arabia,SAU,2021,0.305715240109385
Saudi Arabia,SAU,2020,0.605067588286761
Saudi Arabia,SAU,2019,0.644531120548462
Saudi Arabia,SAU,2018,0.544773695868422
Saudi Arabia,SAU,2017,0.734713774616693
Saudi Arabia,SAU,2016,1.30537351092227
Saudi Arabia,SAU,2015,0.787374421693095
Saudi Arabia,SAU,2014,0.590932385012284
Saudi Arabia,SAU,2013,0.712767946904906
Senegal,SEN,2025,
Senegal,SEN,2024,3.0439766592332
Senegal,SEN,2023,1.60473886534447
Senegal,SEN,2022,2.30068688755071
Senegal,SEN,2021,1.87918674699481
Senegal,SEN,2020,0.744159035096107
Senegal,SEN,2019,0.93592502420732
Senegal,SEN,2018,2.80905964473892
Senegal,SEN,2017,2.16301090357622
Senegal,SEN,2016,2.71866597279454
Senegal,SEN,2015,3.74965295934514
Senegal,SEN,2014,1.83106566694929
Senegal,SEN,2013,1.48006700980188
Serbia,SRB,2025,
Serbia,SRB,2024,
Serbia,SRB,2023,
Serbia,SRB,2022,
Serbia,SRB,2021,
Serbia,SRB,2020,
Serbia,SRB,2019,
Serbia,SRB,2018,
Serbia,SRB,2017,
Serbia,SRB,2016,
Serbia,SRB,2015,
Serbia,SRB,2014,
Serbia,SRB,2013,
Seychelles,SYC,2025,
Seychelles,SYC,2024,0.0899054165105232
Seychelles,SYC,2023,0.0384062538993691
Seychelles,SYC,2022,25.0389916630188
Seychelles,SYC,2021,3.34307615789092
Seychelles,SYC,2020,3.28499927602696
Seychelles,SYC,2019,2.19832034015177
Seychelles,SYC,2018,5.22056224291312
Seychelles,SYC,2017,30.7738888295257
Seychelles,SYC,2016,3.77391153812862
Seychelles,SYC,2015,8.03345957287178
Seychelles,SYC,2014,6.06816173457112
Seychelles,SYC,2013,9.56421110625926
Sierra Leone,SLE,2025,
Sierra Leone,SLE,2024,
Sierra Leone,SLE,2023,
Sierra Leone,SLE,2022,
Sierra Leone,SLE,2021,
Sierra Leone,SLE,2020,
Sierra Leone,SLE,2019,
Sierra Leone,SLE,2018,0.736114020377876
Sierra Leone,SLE,2017,0.0648798184326979
Sierra Leone,SLE,2016,0.00126037673647035
Sierra Leone,SLE,2015,0.00653704560292661
Sierra Leone,SLE,2014,0.00848089372569843
Sierra Leone,SLE,2013,
Singapore,SGP,2025,
Singapore,SGP,2024,59.429782938503
Singapore,SGP,2023,56.1383758562278
Singapore,SGP,2022,56.8269189876243
Singapore,SGP,2021,54.9722752514087
Singapore,SGP,2020,55.2615580095711
Singapore,SGP,2019,51.8165690079601
Singapore,SGP,2018,51.57228009959
Singapore,SGP,2017,53.0720442885638
Singapore,SGP,2016,52.2327295013631
Singapore,SGP,2015,52.2174549984101
Singapore,SGP,2014,50.6403255755208
Singapore,SGP,2013,50.3271857168025
Sint Maarten (Dutch part),SXM,2025,
Sint Maarten (Dutch part),SXM,2024,
Sint Maarten (Dutch part),SXM,2023,
Sint Maarten (Dutch part),SXM,2022,
Sint Maarten (Dutch part),SXM,2021,
Sint Maarten (Dutch part),SXM,2020,
Sint Maarten (Dutch part),SXM,2019,
Sint Maarten (Dutch part),SXM,2018,
Sint Maarten (Dutch part),SXM,2017,
Sint Maarten (Dutch part),SXM,2016,
Sint Maarten (Dutch part),SXM,2015,
Sint Maarten (Dutch part),SXM,2014,
Sint Maarten (Dutch part),SXM,2013,
Slovak Republic,SVK,2025,
Slovak Republic,SVK,2024,10.5935553645599
Slovak Republic,SVK,2023,9.7184584659913
Slovak Republic,SVK,2022,8.49041601420597
Slovak Republic,SVK,2021,9.00138940151075
Slovak Republic,SVK,2020,9.99741446798114
Slovak Republic,SVK,2019,9.91238882702626
Slovak Republic,SVK,2018,10.6364834767426
Slovak Republic,SVK,2017,11.7654202302728
Slovak Republic,SVK,2016,10.7371880441488
Slovak Republic,SVK,2015,11.1586996928016
Slovak Republic,SVK,2014,11.14773596298
Slovak Republic,SVK,2013,11.0149736185922
Slovenia,SVN,2025,
Slovenia,SVN,2024,8.34338034336379
Slovenia,SVN,2023,8.20345582131026
Slovenia,SVN,2022,8.56978643924213
Slovenia,SVN,2021,6.20930603257085
Slovenia,SVN,2020,7.79985278570807
Slovenia,SVN,2019,7.35392450360767
Slovenia,SVN,2018,6.83053982321457
Slovenia,SVN,2017,6.50844824804584
Slovenia,SVN,2016,7.14418674805758
Slovenia,SVN,2015,7.00769445649105
Slovenia,SVN,2014,6.41719007974407
Slovenia,SVN,2013,6.73818283854427
Solomon Islands,SLB,2025,
Solomon Islands,SLB,2024,
Solomon Islands,SLB,2023,
Solomon Islands,SLB,2022,
Solomon Islands,SLB,2021,
Solomon Islands,SLB,2020,
Solomon Islands,SLB,2019,
Solomon Islands,SLB,2018,1.35922325473902
Solomon Islands,SLB,2017,1.02247016917326
Solomon Islands,SLB,2016,1.74290501170671
Solomon Islands,SLB,2015,2.79939518069534
Solomon Islands,SLB,2014,
Solomon Islands,SLB,2013,
"Somalia, Fed. Rep.",SOM,2025,
"Somalia, Fed. Rep.",SOM,2024,
"Somalia, Fed. Rep.",SOM,2023,
"Somalia, Fed. Rep.",SOM,2022,
"Somalia, Fed. Rep.",SOM,2021,
"Somalia, Fed. Rep.",SOM,2020,
"Somalia, Fed. Rep.",SOM,2019,
"Somalia, Fed. Rep.",SOM,2018,
"Somalia, Fed. Rep.",SOM,2017,
"Somalia, Fed. Rep.",SOM,2016,
"Somalia, Fed. Rep.",SOM,2015,
"Somalia, Fed. Rep.",SOM,2014,
"Somalia, Fed. Rep.",SOM,2013,
South Africa,ZAF,2025,
South Africa,ZAF,2024,5.70923344153222
South Africa,ZAF,2023,4.95551571209936
South Africa,ZAF,2022,5.52196923336353
South Africa,ZAF,2021,5.54756049045268
South Africa,ZAF,2020,5.62171975958479
South Africa,ZAF,2019,4.89552263425361
South Africa,ZAF,2018,5.27331266850248
South Africa,ZAF,2017,5.67982442723305
South Africa,ZAF,2016,6.65712319984824
South Africa,ZAF,2015,7.40645815320547
South Africa,ZAF,2014,6.66015445560224
South Africa,ZAF,2013,6.52269958623918
South Sudan,SSD,2025,
South Sudan,SSD,2024,
South Sudan,SSD,2023,
South Sudan,SSD,2022,
South Sudan,SSD,2021,
South Sudan,SSD,2020,
South Sudan,SSD,2019,
South Sudan,SSD,2018,
South Sudan,SSD,2017,
South Sudan,SSD,2016,
South Sudan,SSD,2015,
South Sudan,SSD,2014,
South Sudan,SSD,2013,
Spain,ESP,2025,
Spain,ESP,2024,9.28447661569937
Spain,ESP,2023,9.56253561613111
Spain,ESP,2022,12.5837187911388
Spain,ESP,2021,9.39320382214351
Spain,ESP,2020,7.76842135531122
Spain,ESP,2019,6.84640091103014
Spain,ESP,2018,6.76693548745416
Spain,ESP,2017,6.99949013494316
Spain,ESP,2016,7.80248141094868
Spain,ESP,2015,6.88833506484239
Spain,ESP,2014,6.91215361464722
Spain,ESP,2013,6.97005295956388
Sri Lanka,LKA,2025,
Sri Lanka,LKA,2024,1.53793971540437
Sri Lanka,LKA,2023,1.41723845257758
Sri Lanka,LKA,2022,1.0863745770214
Sri Lanka,LKA,2021,1.04519129609506
Sri Lanka,LKA,2020,1.25639280641254
Sri Lanka,LKA,2019,1.10210418160865
Sri Lanka,LKA,2018,
Sri Lanka,LKA,2017,1.0199370522552
Sri Lanka,LKA,2016,0.94390431969077
Sri Lanka,LKA,2015,0.891656259432803
Sri Lanka,LKA,2014,0.954466727549862
Sri Lanka,LKA,2013,1.03921263563127
St. Kitts and Nevis,KNA,2025,
St. Kitts and Nevis,KNA,2024,
St. Kitts and Nevis,KNA,2023,
St. Kitts and Nevis,KNA,2022,
St. Kitts and Nevis,KNA,2021,
St. Kitts and Nevis,KNA,2020,
St. Kitts and Nevis,KNA,2019,
St. Kitts and Nevis,KNA,2018,
St. Kitts and Nevis,KNA,2017,34.6026368990477
St. Kitts and Nevis,KNA,2016,25.7634764740236
St. Kitts and Nevis,KNA,2015,23.2803409936861
St. Kitts and Nevis,KNA,2014,27.6354391081585
St. Kitts and Nevis,KNA,2013,35.1205954564663
St. Lucia,LCA,2025,
St. Lucia,LCA,2024,
St. Lucia,LCA,2023,
St. Lucia,LCA,2022,
St. Lucia,LCA,2021,
St. Lucia,LCA,2020,9.33224017462958
St. Lucia,LCA,2019,10.5277013660072
St. Lucia,LCA,2018,14.3495987473129
St. Lucia,LCA,2017,4.56902283276527
St. Lucia,LCA,2016,6.42816003025321
St. Lucia,LCA,2015,4.5586955104063
St. Lucia,LCA,2014,6.26898306984051
St. Lucia,LCA,2013,8.51844542138468
St. Martin (French part),MAF,2025,
St. Martin (French part),MAF,2024,
St. Martin (French part),MAF,2023,
St. Martin (French part),MAF,2022,
St. Martin (French part),MAF,2021,
St. Martin (French part),MAF,2020,
St. Martin (French part),MAF,2019,
St. Martin (French part),MAF,2018,
St. Martin (French part),MAF,2017,
St. Martin (French part),MAF,2016,
St. Martin (French part),MAF,2015,
St. Martin (French part),MAF,2014,
St. Martin (French part),MAF,2013,
St. Vincent and the Grenadines,VCT,2025,
St. Vincent and the Grenadines,VCT,2024,
St. Vincent and the Grenadines,VCT,2023,4.93442861881868
St. Vincent and the Grenadines,VCT,2022,4.0070872997932
St. Vincent and the Grenadines,VCT,2021,0.00345024871330536
St. Vincent and the Grenadines,VCT,2020,0.0
St. Vincent and the Grenadines,VCT,2019,9.92617584682862
St. Vincent and the Grenadines,VCT,2018,0.00108928827278134
St. Vincent and the Grenadines,VCT,2017,0.000819764125541957
St. Vincent and the Grenadines,VCT,2016,0.00401031383724292
St. Vincent and the Grenadines,VCT,2015,0.0
St. Vincent and the Grenadines,VCT,2014,0.0460391383268238
St. Vincent and the Grenadines,VCT,2013,0.21402428790732
Sudan,SDN,2025,
Sudan,SDN,2024,
Sudan,SDN,2023,
Sudan,SDN,2022,
Sudan,SDN,2021,
Sudan,SDN,2020,
Sudan,SDN,2019,
Sudan,SDN,2018,2.20240348221045
Sudan,SDN,2017,0.600626152786153
Sudan,SDN,2016,1.15970094833133
Sudan,SDN,2015,0.691804670187664
Sudan,SDN,2014,1.09861262459948
Sudan,SDN,2013,0.847953710103873
Suriname,SUR,2025,
Suriname,SUR,2024,10.3729916697731
Suriname,SUR,2023,3.21274943551639
Suriname,SUR,2022,11.3501449837729
Suriname,SUR,2021,4.63398792876065
Suriname,SUR,2020,2.51195891099727
Suriname,SUR,2019,12.5218071779899
Suriname,SUR,2018,5.82189672750917
Suriname,SUR,2017,8.27750945429983
Suriname,SUR,2016,20.0322377368517
Suriname,SUR,2015,10.8128313067046
Suriname,SUR,2014,14.9350653333148
Suriname,SUR,2013,10.884412016941
Sweden,SWE,2025,
Sweden,SWE,2024,17.6524551082203
Sweden,SWE,2023,17.6238520277113
Sweden,SWE,2022,17.2566541363702
Sweden,SWE,2021,13.9348317468926
Sweden,SWE,2020,15.1359508380239
Sweden,SWE,2019,14.5057835745267
Sweden,SWE,2018,14.1643140590828
Sweden,SWE,2017,15.1103424459526
Sweden,SWE,2016,17.8376016375053
Sweden,SWE,2015,18.1290954128906
Sweden,SWE,2014,17.8774672401497
Sweden,SWE,2013,18.0253832958642
Switzerland,CHE,2025,
Switzerland,CHE,2024,29.6239015157944
Switzerland,CHE,2023,29.3340286978728
Switzerland,CHE,2022,29.9881397976664
Switzerland,CHE,2021,14.2350632729725
Switzerland,CHE,2020,12.8450867094278
Switzerland,CHE,2019,12.9094936723953
Switzerland,CHE,2018,13.3182169315591
Switzerland,CHE,2017,14.0238568621919
Switzerland,CHE,2016,27.335457169438
Switzerland,CHE,2015,27.0515100038866
Switzerland,CHE,2014,26.6587283403628
Switzerland,CHE,2013,26.7510678341774
Syrian Arab Republic,SYR,2025,
Syrian Arab Republic,SYR,2024,
Syrian Arab Republic,SYR,2023,
Syrian Arab Republic,SYR,2022,
Syrian Arab Republic,SYR,2021,
Syrian Arab Republic,SYR,2020,
Syrian Arab Republic,SYR,2019,
Syrian Arab Republic,SYR,2018,
Syrian Arab Republic,SYR,2017,
Syrian Arab Republic,SYR,2016,
Syrian Arab Republic,SYR,2015,
Syrian Arab Republic,SYR,2014,
Syrian Arab Republic,SYR,2013,
Tajikistan,TJK,2025,
Tajikistan,TJK,2024,
Tajikistan,TJK,2023,15.2077910112936
Tajikistan,TJK,2022,1.62712759033372
Tajikistan,TJK,2021,0.408284648961987
Tajikistan,TJK,2020,2.60766316096919
Tajikistan,TJK,2019,4.52885647845312
Tajikistan,TJK,2018,4.28796650943169
Tajikistan,TJK,2017,14.7094943066209
Tajikistan,TJK,2016,33.786721545945
Tajikistan,TJK,2015,
Tajikistan,TJK,2014,
Tajikistan,TJK,2013,
Tanzania,TZA,2025,
Tanzania,TZA,2024,3.00569275084221
Tanzania,TZA,2023,5.06811053608461
Tanzania,TZA,2022,1.70363565960126
Tanzania,TZA,2021,1.68293471092468
Tanzania,TZA,2020,2.68761929554671
Tanzania,TZA,2019,1.28442528941505
Tanzania,TZA,2018,6.89164359708857
Tanzania,TZA,2017,2.55837018191353
Tanzania,TZA,2016,2.31952756480127
Tanzania,TZA,2015,0.816770095267228
Tanzania,TZA,2014,3.38430206253493
Tanzania,TZA,2013,6.14343389108833
Thailand,THA,2025,
Thailand,THA,2024,28.3057768762254
Thailand,THA,2023,26.0506229435129
Thailand,THA,2022,25.8377488104933
Thailand,THA,2021,24.6642800019366
Thailand,THA,2020,27.6476472642596
Thailand,THA,2019,24.1456146250576
Thailand,THA,2018,23.7010461775138
Thailand,THA,2017,25.0947352815091
Thailand,THA,2016,24.1533912741093
Thailand,THA,2015,23.9081912453329
Thailand,THA,2014,22.6439946046819
Thailand,THA,2013,22.1460745135469
Timor-Leste,TLS,2025,
Timor-Leste,TLS,2024,
Timor-Leste,TLS,2023,1.52605032155587
Timor-Leste,TLS,2022,6.82976698503659
Timor-Leste,TLS,2021,0.0271228875443355
Timor-Leste,TLS,2020,0.00729554242357919
Timor-Leste,TLS,2019,
Timor-Leste,TLS,2018,
Timor-Leste,TLS,2017,
Timor-Leste,TLS,2016,
Timor-Leste,TLS,2015,
Timor-Leste,TLS,2014,
Timor-Leste,TLS,2013,
Togo,TGO,2025,
Togo,TGO,2024,0.681948279595617
Togo,TGO,2023,0.573585599316818
Togo,TGO,2022,0.301071945203147
Togo,TGO,2021,0.32609213809593
Togo,TGO,2020,0.237930203742775
Togo,TGO,2019,0.0535470312830166
Togo,TGO,2018,0.0906626481003325
Togo,TGO,2017,0.740557470665412
Togo,TGO,2016,0.0998030691143818
Togo,TGO,2015,0.804645068568947
Togo,TGO,2014,0.154374793406122
Togo,TGO,2013,0.220281403444823
Tonga,TON,2025,
Tonga,TON,2024,
Tonga,TON,2023,28.4602948799521
Tonga,TON,2022,0.552737028070169
Tonga,TON,2021,1.68995954105615
Tonga,TON,2020,3.73336175701603
Tonga,TON,2019,1.12785950007084
Tonga,TON,2018,2.16969167425594
Tonga,TON,2017,4.90217758413357
Tonga,TON,2016,
Tonga,TON,2015,
Tonga,TON,2014,2.69650608767328
Tonga,TON,2013,5.97350309341372
Trinidad and Tobago,TTO,2025,
Trinidad and Tobago,TTO,2024,0.223696636088891
Trinidad and Tobago,TTO,2023,0.223229642343117
Trinidad and Tobago,TTO,2022,0.0822278998582187
Trinidad and Tobago,TTO,2021,0.102834401912664
Trinidad and Tobago,TTO,2020,0.17586322664858
Trinidad and Tobago,TTO,2019,0.332515325398055
Trinidad and Tobago,TTO,2018,0.147211459065661
Trinidad and Tobago,TTO,2017,0.19754661450502
Trinidad and Tobago,TTO,2016,0.157263834515161
Trinidad and Tobago,TTO,2015,0.137939995933791
Trinidad and Tobago,TTO,2014,0.124931158230268
Trinidad and Tobago,TTO,2013,0.181445808006639
Tunisia,TUN,2025,
Tunisia,TUN,2024,
Tunisia,TUN,2023,7.70110744284105
Tunisia,TUN,2022,7.1898860861443
Tunisia,TUN,2021,7.16831118373217
Tunisia,TUN,2020,7.64832224466298
Tunisia,TUN,2019,6.88585735055521
Tunisia,TUN,2018,6.76449990449832
Tunisia,TUN,2017,7.38975259439514
Tunisia,TUN,2016,7.85596751497277
Tunisia,TUN,2015,7.78542972606668
Tunisia,TUN,2014,6.76541303361882
Tunisia,TUN,2013,6.42173605170587
Turkiye,TUR,2025,
Turkiye,TUR,2024,5.13775956987065
Turkiye,TUR,2023,4.51829098986852
Turkiye,TUR,2022,3.66403554879462
Turkiye,TUR,2021,3.28362739970141
Turkiye,TUR,2020,3.15277011329118
Turkiye,TUR,2019,3.02817669225913
Turkiye,TUR,2018,2.67353129854845
Turkiye,TUR,2017,3.23291293505096
Turkiye,TUR,2016,3.03814599740941
Turkiye,TUR,2015,3.43610443571744
Turkiye,TUR,2014,3.37973172045524
Turkiye,TUR,2013,3.13055257636753
Turkmenistan,TKM,2025,
Turkmenistan,TKM,2024,
Turkmenistan,TKM,2023,
Turkmenistan,TKM,2022,
Turkmenistan,TKM,2021,
Turkmenistan,TKM,2020,
Turkmenistan,TKM,2019,
Turkmenistan,TKM,2018,
Turkmenistan,TKM,2017,
Turkmenistan,TKM,2016,
Turkmenistan,TKM,2015,
Turkmenistan,TKM,2014,
Turkmenistan,TKM,2013,
Turks and Caicos Islands,TCA,2025,
Turks and Caicos Islands,TCA,2024,
Turks and Caicos Islands,TCA,2023,
Turks and Caicos Islands,TCA,2022,
Turks and Caicos Islands,TCA,2021,
Turks and Caicos Islands,TCA,2020,
Turks and Caicos Islands,TCA,2019,
Turks and Caicos Islands,TCA,2018,
Turks and Caicos Islands,TCA,2017,
Turks and Caicos Islands,TCA,2016,
Turks and Caicos Islands,TCA,2015,
Turks and Caicos Islands,TCA,2014,
Turks and Caicos Islands,TCA,2013,
Tuvalu,TUV,2025,
Tuvalu,TUV,2024,
Tuvalu,TUV,2023,
Tuvalu,TUV,2022,
Tuvalu,TUV,2021,
Tuvalu,TUV,2020,
Tuvalu,TUV,2019,
Tuvalu,TUV,2018,
Tuvalu,TUV,2017,
Tuvalu,TUV,2016,
Tuvalu,TUV,2015,
Tuvalu,TUV,2014,
Tuvalu,TUV,2013,
Uganda,UGA,2025,
Uganda,UGA,2024,1.91593833437355
Uganda,UGA,2023,1.40810780488794
Uganda,UGA,2022,2.39571486308791
Uganda,UGA,2021,2.34793469732292
Uganda,UGA,2020,2.10287202929438
Uganda,UGA,2019,3.1241230157024
Uganda,UGA,2018,3.47828668335427
Uganda,UGA,2017,2.05387568901074
Uganda,UGA,2016,2.05103990718418
Uganda,UGA,2015,2.30542251177894
Uganda,UGA,2014,2.67852875134755
Uganda,UGA,2013,2.10858762499599
Ukraine,UKR,2025,
Ukraine,UKR,2024,6.37028789775054
Ukraine,UKR,2023,6.68812192869261
Ukraine,UKR,2022,5.73613565623019
Ukraine,UKR,2021,4.51050792257841
Ukraine,UKR,2020,5.85239384495226
Ukraine,UKR,2019,5.48014872729842
Ukraine,UKR,2018,5.42495174066934
Ukraine,UKR,2017,6.16592909585636
Ukraine,UKR,2016,6.67894123051556
Ukraine,UKR,2015,8.03896421995305
Ukraine,UKR,2014,6.88754342926587
Ukraine,UKR,2013,6.14613032578564
United Arab Emirates,ARE,2025,
United Arab Emirates,ARE,2024,
United Arab Emirates,ARE,2023,8.96029397394575
United Arab Emirates,ARE,2022,9.2877602243891
United Arab Emirates,ARE,2021,8.95796265725262
United Arab Emirates,ARE,2020,5.37704492826553
United Arab Emirates,ARE,2019,2.99865577867219
United Arab Emirates,ARE,2018,2.90326432456259
United Arab Emirates,ARE,2017,2.84060044002548
United Arab Emirates,ARE,2016,2.61902840521391
United Arab Emirates,ARE,2015,5.3019976880201
United Arab Emirates,ARE,2014,10.1695189703589
United Arab Emirates,ARE,2013,3.60738438587124
United Kingdom,GBR,2025,
United Kingdom,GBR,2024,29.233260009076
United Kingdom,GBR,2023,28.8917146113567
United Kingdom,GBR,2022,27.1597708192348
United Kingdom,GBR,2021,23.8654057182193
United Kingdom,GBR,2020,23.0073604990707
United Kingdom,GBR,2019,23.0942001089205
United Kingdom,GBR,2018,22.3331118559009
United Kingdom,GBR,2017,22.6194649609659
United Kingdom,GBR,2016,23.5591126028431
United Kingdom,GBR,2015,22.3335907744673
United Kingdom,GBR,2014,22.2044750130662
United Kingdom,GBR,2013,23.5876424891453
United States,USA,2025,
United States,USA,2024,24.322982844202
United States,USA,2023,21.8459878355521
United States,USA,2022,20.5789833007379
United States,USA,2021,19.9014614131792
United States,USA,2020,19.4939761609452
United States,USA,2019,18.6853939276571
United States,USA,2018,18.4842699258676
United States,USA,2017,19.2659699620243
United States,USA,2016,22.4192942002286
United States,USA,2015,21.3904480368657
United States,USA,2014,20.4843982208576
United States,USA,2013,20.188635370966
Uruguay,URY,2025,
Uruguay,URY,2024,9.84178975855216
Uruguay,URY,2023,10.7072308737214
Uruguay,URY,2022,9.55160023287408
Uruguay,URY,2021,8.60373400525292
Uruguay,URY,2020,9.8025032036597
Uruguay,URY,2019,8.29802507186468
Uruguay,URY,2018,7.63670382159395
Uruguay,URY,2017,8.49114263279873
Uruguay,URY,2016,10.5960535494658
Uruguay,URY,2015,14.742597869668
Uruguay,URY,2014,8.55345463207328
Uruguay,URY,2013,9.20466594994821
Uzbekistan,UZB,2025,
Uzbekistan,UZB,2024,1.73386305963966
Uzbekistan,UZB,2023,2.82239070122292
Uzbekistan,UZB,2022,1.41210240735451
Uzbekistan,UZB,2021,0.308087494427371
Uzbekistan,UZB,2020,1.30490782664246
Uzbekistan,UZB,2019,0.72493510820114
Uzbekistan,UZB,2018,0.453823633941083
Uzbekistan,UZB,2017,1.5432836613328
Uzbekistan,UZB,2016,
Uzbekistan,UZB,2015,
Uzbekistan,UZB,2014,
Uzbekistan,UZB,2013,
Vanuatu,VUT,2025,
Vanuatu,VUT,2024,
Vanuatu,VUT,2023,
Vanuatu,VUT,2022,
Vanuatu,VUT,2021,
Vanuatu,VUT,2020,
Vanuatu,VUT,2019,
Vanuatu,VUT,2018,
Vanuatu,VUT,2017,
Vanuatu,VUT,2016,
Vanuatu,VUT,2015,
Vanuatu,VUT,2014,
Vanuatu,VUT,2013,
"Venezuela, RB",VEN,2025,
"Venezuela, RB",VEN,2024,
"Venezuela, RB",VEN,2023,
"Venezuela, RB",VEN,2022,
"Venezuela, RB",VEN,2021,
"Venezuela, RB",VEN,2020,
"Venezuela, RB",VEN,2019,
"Venezuela, RB",VEN,2018,
"Venezuela, RB",VEN,2017,
"Venezuela, RB",VEN,2016,
"Venezuela, RB",VEN,2015,
"Venezuela, RB",VEN,2014,
"Venezuela, RB",VEN,2013,
Viet Nam,VNM,2025,
Viet Nam,VNM,2024,
Viet Nam,VNM,2023,44.256885251682
Viet Nam,VNM,2022,42.689178907016
Viet Nam,VNM,2021,41.5396346544198
Viet Nam,VNM,2020,41.7401040421189
Viet Nam,VNM,2019,40.4334300320093
Viet Nam,VNM,2018,40.7501595675465
Viet Nam,VNM,2017,41.7381332957129
Viet Nam,VNM,2016,38.0569617054575
Viet Nam,VNM,2015,36.3691117529912
Viet Nam,VNM,2014,32.0548869012837
Viet Nam,VNM,2013,33.5956426471693
Virgin Islands (U.S.),VIR,2025,
Virgin Islands (U.S.),VIR,2024,
Virgin Islands (U.S.),VIR,2023,
Virgin Islands (U.S.),VIR,2022,
Virgin Islands (U.S.),VIR,2021,
Virgin Islands (U.S.),VIR,2020,
Virgin Islands (U.S.),VIR,2019,
Virgin Islands (U.S.),VIR,2018,
Virgin Islands (U.S.),VIR,2017,
Virgin Islands (U.S.),VIR,2016,
Virgin Islands (U.S.),VIR,2015,
Virgin Islands (U.S.),VIR,2014,
Virgin Islands (U.S.),VIR,2013,
West Bank and Gaza,PSE,2025,
West Bank and Gaza,PSE,2024,
West Bank and Gaza,PSE,2023,1.84344953927492
West Bank and Gaza,PSE,2022,1.25502447705891
West Bank and Gaza,PSE,2021,1.60088574523558
West Bank and Gaza,PSE,2020,1.69747322599568
West Bank and Gaza,PSE,2019,0.903315434063868
West Bank and Gaza,PSE,2018,0.850022002024037
West Bank and Gaza,PSE,2017,0.615204104781565
West Bank and Gaza,PSE,2016,0.717403672954043
West Bank and Gaza,PSE,2015,0.961927850642306
West Bank and Gaza,PSE,2014,0.234222701172162
West Bank and Gaza,PSE,2013,0.0947994440558846
"Yemen, Rep.",YEM,2025,
"Yemen, Rep.",YEM,2024,
"Yemen, Rep.",YEM,2023,
"Yemen, Rep.",YEM,2022,
"Yemen, Rep.",YEM,2021,
"Yemen, Rep.",YEM,2020,
"Yemen, Rep.",YEM,2019,
"Yemen, Rep.",YEM,2018,
"Yemen, Rep.",YEM,2017,
"Yemen, Rep.",YEM,2016,
"Yemen, Rep.",YEM,2015,4.82928415383478
"Yemen, Rep.",YEM,2014,1.45096412341169
"Yemen, Rep.",YEM,2013,3.30195509334737
Zambia,ZMB,2025,
Zambia,ZMB,2024,1.4719428559393
Zambia,ZMB,2023,1.16356588883727
Zambia,ZMB,2022,0.716710301849432
Zambia,ZMB,2021,0.953120510576897
Zambia,ZMB,2020,1.3612623275557
Zambia,ZMB,2019,2.1996059285433
Zambia,ZMB,2018,2.14275391250791
Zambia,ZMB,2017,4.48475826872894
Zambia,ZMB,2016,22.5255637247844
Zambia,ZMB,2015,4.2533845527155
Zambia,ZMB,2014,1.63736199657177
Zambia,ZMB,2013,1.26239347130831
Zimbabwe,ZWE,2025,
Zimbabwe,ZWE,2024,2.79801736625087
Zimbabwe,ZWE,2023,1.94218828246376
Zimbabwe,ZWE,2022,1.47693113776014
Zimbabwe,ZWE,2021,1.05374010425564
Zimbabwe,ZWE,2020,2.38386758382921
Zimbabwe,ZWE,2019,4.94971446176859
Zimbabwe,ZWE,2018,2.06369292021293
Zimbabwe,ZWE,2017,2.58586852030626
Zimbabwe,ZWE,2016,5.16438263725404
Zimbabwe,ZWE,2015,3.27682760139305
Zimbabwe,ZWE,2014,1.46177058636279
Zimbabwe,ZWE,2013,2.93957400665262
