country_name,iso3,year,inflation_cpi_annual_pct
Africa Eastern and Southern,AFE,2025,4.27011140706666
Africa Eastern and Southern,AFE,2024,4.77085731915833
Africa Eastern and Southern,AFE,2023,7.39918558080627
Africa Eastern and Southern,AFE,2022,10.8834775726018
Africa Eastern and Southern,AFE,2021,6.82472709282067
Africa Eastern and Southern,AFE,2020,5.19162942092851
Africa Eastern and Southern,AFE,2019,4.10285075461156
Africa Eastern and Southern,AFE,2018,4.6898064677633
Africa Eastern and Southern,AFE,2017,6.22137528933118
Africa Eastern and Southern,AFE,2016,6.44687722255584
Africa Eastern and Southern,AFE,2015,5.09856164363687
Africa Eastern and Southern,AFE,2014,5.52581923392517
Africa Eastern and Southern,AFE,2013,5.74883133553454
Africa Western and Central,AFW,2025,1.65781767585277
Africa Western and Central,AFW,2024,3.60804426950566
Africa Western and Central,AFW,2023,5.22116801324002
Africa Western and Central,AFW,2022,7.94925143524016
Africa Western and Central,AFW,2021,3.74556782333009
Africa Western and Central,AFW,2020,2.49037783931949
Africa Western and Central,AFW,2019,1.98309228487232
Africa Western and Central,AFW,2018,1.78404994832044
Africa Western and Central,AFW,2017,1.72548602374731
Africa Western and Central,AFW,2016,1.48741550755546
Africa Western and Central,AFW,2015,2.13081738058791
Africa Western and Central,AFW,2014,1.76843582146224
Africa Western and Central,AFW,2013,2.43920076104126
Arab World,ARB,2025,1.76646490894206
Arab World,ARB,2024,2.30890057183497
Arab World,ARB,2023,4.00025877060152
Arab World,ARB,2022,5.17222088647606
Arab World,ARB,2021,2.86833027751015
Arab World,ARB,2020,1.44703656998741
Arab World,ARB,2019,1.33601568147656
Arab World,ARB,2018,2.30874696703938
Arab World,ARB,2017,2.06932928164424
Arab World,ARB,2016,2.22799991129428
Arab World,ARB,2015,1.83135233156369
Arab World,ARB,2014,2.89947905006057
Arab World,ARB,2013,3.25423910998847
Caribbean small states,CSS,2025,1.21577537737425
Caribbean small states,CSS,2024,2.73620751873313
Caribbean small states,CSS,2023,4.10449281822017
Caribbean small states,CSS,2022,5.82838638517959
Caribbean small states,CSS,2021,2.22891330700344
Caribbean small states,CSS,2020,0.121434644614894
Caribbean small states,CSS,2019,1.00054293027237
Caribbean small states,CSS,2018,1.20715793367008
Caribbean small states,CSS,2017,1.6992957045984
Caribbean small states,CSS,2016,0.402621696824957
Caribbean small states,CSS,2015,-0.852705497033039
Caribbean small states,CSS,2014,1.14542060958206
Caribbean small states,CSS,2013,1.08324168178149
Central Europe and the Baltics,CEB,2025,3.81419531520146
Central Europe and the Baltics,CEB,2024,2.75760909424279
Central Europe and the Baltics,CEB,2023,9.44284140088564
Central Europe and the Baltics,CEB,2022,14.6081439492433
Central Europe and the Baltics,CEB,2021,3.83984491500146
Central Europe and the Baltics,CEB,2020,1.67244096855756
Central Europe and the Baltics,CEB,2019,2.6645613342544
Central Europe and the Baltics,CEB,2018,2.53445424186598
Central Europe and the Baltics,CEB,2017,2.07593553673859
Central Europe and the Baltics,CEB,2016,-0.0549995416705683
Central Europe and the Baltics,CEB,2015,-0.464499004645003
Central Europe and the Baltics,CEB,2014,0.0538213132399802
Central Europe and the Baltics,CEB,2013,1.4382978723404
Early-demographic dividend,EAR,2025,3.20550474112603
Early-demographic dividend,EAR,2024,3.28955985952768
Early-demographic dividend,EAR,2023,5.88585897042164
Early-demographic dividend,EAR,2022,7.19861615609867
Early-demographic dividend,EAR,2021,4.12676744440695
Early-demographic dividend,EAR,2020,2.96354992076065
Early-demographic dividend,EAR,2019,2.76252019386111
Early-demographic dividend,EAR,2018,3.97561015740694
Early-demographic dividend,EAR,2017,3.32817337461305
Early-demographic dividend,EAR,2016,3.52317317628473
Early-demographic dividend,EAR,2015,3.12900274473925
Early-demographic dividend,EAR,2014,4.07392957476225
Early-demographic dividend,EAR,2013,4.82778705505169
East Asia & Pacific,EAS,2025,1.9133344329508
East Asia & Pacific,EAS,2024,2.27673550782623
East Asia & Pacific,EAS,2023,4.25155508842779
East Asia & Pacific,EAS,2022,5.51812928576938
East Asia & Pacific,EAS,2021,2.47710241465447
East Asia & Pacific,EAS,2020,0.846900734607273
East Asia & Pacific,EAS,2019,1.71437095763401
East Asia & Pacific,EAS,2018,2.368549058067
East Asia & Pacific,EAS,2017,1.80034222468621
East Asia & Pacific,EAS,2016,1.27699365720306
East Asia & Pacific,EAS,2015,0.795279630579839
East Asia & Pacific,EAS,2014,2.51087633253696
East Asia & Pacific,EAS,2013,2.58268766141795
East Asia & Pacific (excluding high income),EAP,2025,2.06264825470915
East Asia & Pacific (excluding high income),EAP,2024,2.18151273615189
East Asia & Pacific (excluding high income),EAP,2023,5.88585897042164
East Asia & Pacific (excluding high income),EAP,2022,5.66964369895446
East Asia & Pacific (excluding high income),EAP,2021,2.69891859529198
East Asia & Pacific (excluding high income),EAP,2020,2.40629214387011
East Asia & Pacific (excluding high income),EAP,2019,1.94257500833107
East Asia & Pacific (excluding high income),EAP,2018,3.19834755924996
East Asia & Pacific (excluding high income),EAP,2017,2.91263557371478
East Asia & Pacific (excluding high income),EAP,2016,1.91731090233378
East Asia & Pacific (excluding high income),EAP,2015,1.22393195511119
East Asia & Pacific (excluding high income),EAP,2014,3.14299050879095
East Asia & Pacific (excluding high income),EAP,2013,2.91354193603992
East Asia & Pacific (IDA & IBRD countries),TEA,2025,1.9133344329508
East Asia & Pacific (IDA & IBRD countries),TEA,2024,2.20662023268446
East Asia & Pacific (IDA & IBRD countries),TEA,2023,5.93194206291787
East Asia & Pacific (IDA & IBRD countries),TEA,2022,5.82115811213955
East Asia & Pacific (IDA & IBRD countries),TEA,2021,2.6124818577648
East Asia & Pacific (IDA & IBRD countries),TEA,2020,2.3931623931624
East Asia & Pacific (IDA & IBRD countries),TEA,2019,1.93321335810515
East Asia & Pacific (IDA & IBRD countries),TEA,2018,2.91740978470444
East Asia & Pacific (IDA & IBRD countries),TEA,2017,2.88291164981213
East Asia & Pacific (IDA & IBRD countries),TEA,2016,1.75711158908291
East Asia & Pacific (IDA & IBRD countries),TEA,2015,1.08648629940414
East Asia & Pacific (IDA & IBRD countries),TEA,2014,3.37040697371653
East Asia & Pacific (IDA & IBRD countries),TEA,2013,2.92758351575671
Euro area,EMU,2025,2.46705543774613
Euro area,EMU,2024,2.2564981433876
Euro area,EMU,2023,5.94643667725823
Euro area,EMU,2022,8.54686993188458
Euro area,EMU,2021,2.52692009066166
Euro area,EMU,2020,0.219064904841985
Euro area,EMU,2019,1.44565976888253
Euro area,EMU,2018,1.70349794744479
Euro area,EMU,2017,1.38145871407216
Euro area,EMU,2016,0.148684907627373
Euro area,EMU,2015,-0.104633261008479
Euro area,EMU,2014,0.199343826570844
Euro area,EMU,2013,1.21999342274306
Europe & Central Asia,ECS,2025,3.74577316751945
Europe & Central Asia,ECS,2024,2.75760909424279
Europe & Central Asia,ECS,2023,7.12042212089904
Europe & Central Asia,ECS,2022,11.1136121878761
Europe & Central Asia,ECS,2021,3.19017771027094
Europe & Central Asia,ECS,2020,1.19998396936019
Europe & Central Asia,ECS,2019,1.76373586528841
Europe & Central Asia,ECS,2018,2.01321972250342
Europe & Central Asia,ECS,2017,1.91558846458249
Europe & Central Asia,ECS,2016,0.388838296895799
Europe & Central Asia,ECS,2015,0.36804684232536
Europe & Central Asia,ECS,2014,0.620490636732421
Europe & Central Asia,ECS,2013,1.73403963519162
Europe & Central Asia (excluding high income),ECA,2025,5.62208788068338
Europe & Central Asia (excluding high income),ECA,2024,4.6705297488997
Europe & Central Asia (excluding high income),ECA,2023,9.07365149809048
Europe & Central Asia (excluding high income),ECA,2022,13.8875841659221
Europe & Central Asia (excluding high income),ECA,2021,6.91756771076075
Europe & Central Asia (excluding high income),ECA,2020,2.74615078213777
Europe & Central Asia (excluding high income),ECA,2019,2.64328192719554
Europe & Central Asia (excluding high income),ECA,2018,2.56572880132719
Europe & Central Asia (excluding high income),ECA,2017,4.60357355778867
Europe & Central Asia (excluding high income),ECA,2016,2.13492713939121
Europe & Central Asia (excluding high income),ECA,2015,4.02768573742726
Europe & Central Asia (excluding high income),ECA,2014,3.06881210379543
Europe & Central Asia (excluding high income),ECA,2013,4.59787897363136
Europe & Central Asia (IDA & IBRD countries),TEC,2025,5.10146571652018
Europe & Central Asia (IDA & IBRD countries),TEC,2024,4.23056936260083
Europe & Central Asia (IDA & IBRD countries),TEC,2023,9.36187249769015
Europe & Central Asia (IDA & IBRD countries),TEC,2022,13.8522590144267
Europe & Central Asia (IDA & IBRD countries),TEC,2021,5.10641129002836
Europe & Central Asia (IDA & IBRD countries),TEC,2020,2.73249209419427
Europe & Central Asia (IDA & IBRD countries),TEC,2019,2.67599202639893
Europe & Central Asia (IDA & IBRD countries),TEC,2018,2.611223782638
Europe & Central Asia (IDA & IBRD countries),TEC,2017,3.13106248590115
Europe & Central Asia (IDA & IBRD countries),TEC,2016,1.19887282892596
Europe & Central Asia (IDA & IBRD countries),TEC,2015,3.86763469978395
Europe & Central Asia (IDA & IBRD countries),TEC,2014,2.53187831406913
Europe & Central Asia (IDA & IBRD countries),TEC,2013,3.38485646137119
European Union,EUU,2025,2.46705543774613
European Union,EUU,2024,2.43531202435314
European Union,EUU,2023,6.29942487419125
European Union,EUU,2022,8.83369886749452
European Union,EUU,2021,2.55450699642041
European Union,EUU,2020,0.476498852725065
European Union,EUU,2019,1.63052260754335
European Union,EUU,2018,1.7386086198818
European Union,EUU,2017,1.42910743319306
European Union,EUU,2016,0.183334861123765
European Union,EUU,2015,-0.0616446800641672
European Union,EUU,2014,0.199343826570844
European Union,EUU,2013,1.21999342274306
Heavily indebted poor countries (HIPC),HPC,2025,3.40373458279055
Heavily indebted poor countries (HIPC),HPC,2024,4.60621098127101
Heavily indebted poor countries (HIPC),HPC,2023,7.12697482131851
Heavily indebted poor countries (HIPC),HPC,2022,9.65914753785069
Heavily indebted poor countries (HIPC),HPC,2021,4.37012190478157
Heavily indebted poor countries (HIPC),HPC,2020,3.47617372722187
Heavily indebted poor countries (HIPC),HPC,2019,2.83514555687506
Heavily indebted poor countries (HIPC),HPC,2018,3.01748181031406
Heavily indebted poor countries (HIPC),HPC,2017,4.5783374121255
Heavily indebted poor countries (HIPC),HPC,2016,4.38389195513915
Heavily indebted poor countries (HIPC),HPC,2015,3.55075967356746
Heavily indebted poor countries (HIPC),HPC,2014,4.40535234185293
Heavily indebted poor countries (HIPC),HPC,2013,5.16189898581494
IBRD only,IBD,2025,3.68256369784336
IBRD only,IBD,2024,3.54713144937457
IBRD only,IBD,2023,5.87451911590197
IBRD only,IBD,2022,9.10437983075437
IBRD only,IBD,2021,4.27166381536798
IBRD only,IBD,2020,2.41513094083414
IBRD only,IBD,2019,2.51105615927257
IBRD only,IBD,2018,3.20720069534783
IBRD only,IBD,2017,3.32389447576097
IBRD only,IBD,2016,2.12081713361588
IBRD only,IBD,2015,3.09551722027242
IBRD only,IBD,2014,3.50379093139812
IBRD only,IBD,2013,3.89555152647667
IDA & IBRD total,IBT,2025,3.51074539609587
IDA & IBRD total,IBT,2024,3.62770736940927
IDA & IBRD total,IBT,2023,6.09114152504141
IDA & IBRD total,IBT,2022,9.08963911525032
IDA & IBRD total,IBT,2021,4.25936417542868
IDA & IBRD total,IBT,2020,2.8981937602627
IDA & IBRD total,IBT,2019,2.6806827895334
IDA & IBRD total,IBT,2018,3.08668284239473
IDA & IBRD total,IBT,2017,3.33787586109568
IDA & IBRD total,IBT,2016,2.81495791361944
IDA & IBRD total,IBT,2015,3.12900274473925
IDA & IBRD total,IBT,2014,3.52566203758282
IDA & IBRD total,IBT,2013,4.3411548980431
IDA blend,IDB,2025,2.40069559361747
IDA blend,IDB,2024,3.45053028131019
IDA blend,IDB,2023,4.56457719814894
IDA blend,IDB,2022,6.64110132423665
IDA blend,IDB,2021,3.46677876951929
IDA blend,IDB,2020,2.1039488213608
IDA blend,IDB,2019,1.9999797664804
IDA blend,IDB,2018,2.48030843191907
IDA blend,IDB,2017,1.14765339305816
IDA blend,IDB,2016,1.65038994431573
IDA blend,IDB,2015,1.37488542621447
IDA blend,IDB,2014,1.20139964481058
IDA blend,IDB,2013,2.58117037252936
IDA only,IDX,2025,3.55071913108936
IDA only,IDX,2024,4.25632834866278
IDA only,IDX,2023,7.12142371831339
IDA only,IDX,2022,9.57337118555953
IDA only,IDX,2021,4.37012190478157
IDA only,IDX,2020,3.94180326908065
IDA only,IDX,2019,3.09261003373251
IDA only,IDX,2018,3.01748181031406
IDA only,IDX,2017,4.31421134623784
IDA only,IDX,2016,3.74103082110771
IDA only,IDX,2015,3.40274327737188
IDA only,IDX,2014,4.40535234185293
IDA only,IDX,2013,5.16189898581494
IDA total,IDA,2025,3.36462189317825
IDA total,IDA,2024,3.89084237884105
IDA total,IDA,2023,7.10220928557059
IDA total,IDA,2022,8.6807215073403
IDA total,IDA,2021,4.17270582217659
IDA total,IDA,2020,3.47617372722187
IDA total,IDA,2019,2.74447528387472
IDA total,IDA,2018,2.84578376094084
IDA total,IDA,2017,3.85067166284727
IDA total,IDA,2016,3.21988689395718
IDA total,IDA,2015,3.15783117980915
IDA total,IDA,2014,3.52566203758282
IDA total,IDA,2013,4.88516387595471
Late-demographic dividend,LTE,2025,3.74577316751945
Late-demographic dividend,LTE,2024,2.90379501424778
Late-demographic dividend,LTE,2023,5.86910359896119
Late-demographic dividend,LTE,2022,9.10437983075437
Late-demographic dividend,LTE,2021,3.49505757399448
Late-demographic dividend,LTE,2020,1.93694126694223
Late-demographic dividend,LTE,2019,2.16993433856378
Late-demographic dividend,LTE,2018,2.4744634711843
Late-demographic dividend,LTE,2017,2.17727572689262
Late-demographic dividend,LTE,2016,1.10920805807027
Late-demographic dividend,LTE,2015,1.5579071134626
Late-demographic dividend,LTE,2014,2.04461481539342
Late-demographic dividend,LTE,2013,2.68229684085039
Latin America & Caribbean,LCN,2025,2.30758626602756
Latin America & Caribbean,LCN,2024,3.46497037946077
Latin America & Caribbean,LCN,2023,4.63202285403356
Latin America & Caribbean,LCN,2022,8.08552554700602
Latin America & Caribbean,LCN,2021,3.87805442411131
Latin America & Caribbean,LCN,2020,1.49389017299587
Latin America & Caribbean,LCN,2019,2.18225589066245
Latin America & Caribbean,LCN,2018,2.37951733360489
Latin America & Caribbean,LCN,2017,2.19201010962985
Latin America & Caribbean,LCN,2016,1.65038994431573
Latin America & Caribbean,LCN,2015,1.86148302863371
Latin America & Caribbean,LCN,2014,3.38341272749477
Latin America & Caribbean,LCN,2013,2.5286478853837
Latin America & Caribbean (excluding high income),LAC,2025,3.1702688841681
Latin America & Caribbean (excluding high income),LAC,2024,3.83540271728533
Latin America & Caribbean (excluding high income),LAC,2023,5.08677483158112
Latin America & Caribbean (excluding high income),LAC,2022,8.81109209279587
Latin America & Caribbean (excluding high income),LAC,2021,4.27166381536798
Latin America & Caribbean (excluding high income),LAC,2020,2.52663500084706
Latin America & Caribbean (excluding high income),LAC,2019,2.50460959460401
Latin America & Caribbean (excluding high income),LAC,2018,3.40250179472038
Latin America & Caribbean (excluding high income),LAC,2017,3.36296514855608
Latin America & Caribbean (excluding high income),LAC,2016,2.8217078474766
Latin America & Caribbean (excluding high income),LAC,2015,3.15783117980915
Latin America & Caribbean (excluding high income),LAC,2014,3.43816659958601
Latin America & Caribbean (excluding high income),LAC,2013,2.76789666082002
Latin America & the Caribbean (IDA & IBRD countries),TLA,2025,2.30758626602756
Latin America & the Caribbean (IDA & IBRD countries),TLA,2024,3.62770736940927
Latin America & the Caribbean (IDA & IBRD countries),TLA,2023,4.70881783212245
Latin America & the Caribbean (IDA & IBRD countries),TLA,2022,8.27477490232654
Latin America & the Caribbean (IDA & IBRD countries),TLA,2021,4.26105127422813
Latin America & the Caribbean (IDA & IBRD countries),TLA,2020,1.76751592356698
Latin America & the Caribbean (IDA & IBRD countries),TLA,2019,2.09604635327807
Latin America & the Caribbean (IDA & IBRD countries),TLA,2018,2.32414485367921
Latin America & the Caribbean (IDA & IBRD countries),TLA,2017,2.8227580554717
Latin America & the Caribbean (IDA & IBRD countries),TLA,2016,2.53781710390567
Latin America & the Caribbean (IDA & IBRD countries),TLA,2015,2.92482169718974
Latin America & the Caribbean (IDA & IBRD countries),TLA,2014,3.4282641481078
Latin America & the Caribbean (IDA & IBRD countries),TLA,2013,2.74483621896186
Least developed countries: UN classification,LDC,2025,3.36462189317825
Least developed countries: UN classification,LDC,2024,4.6850965426577
Least developed countries: UN classification,LDC,2023,7.12697482131851
Least developed countries: UN classification,LDC,2022,9.45801281304023
Least developed countries: UN classification,LDC,2021,4.15649125482107
Least developed countries: UN classification,LDC,2020,4.33296874711709
Least developed countries: UN classification,LDC,2019,3.32255881256925
Least developed countries: UN classification,LDC,2018,3.46147484973729
Least developed countries: UN classification,LDC,2017,4.5725365531752
Least developed countries: UN classification,LDC,2016,5.34414600997244
Least developed countries: UN classification,LDC,2015,3.40274327737188
Least developed countries: UN classification,LDC,2014,4.40535234185293
Least developed countries: UN classification,LDC,2013,5.52412877994266
Low & middle income,LMY,2025,3.54555214890893
Low & middle income,LMY,2024,3.83540271728533
Low & middle income,LMY,2023,6.15623852560203
Low & middle income,LMY,2022,8.81109209279587
Low & middle income,LMY,2021,4.25936417542868
Low & middle income,LMY,2020,3.02272119663759
Low & middle income,LMY,2019,2.76252019386111
Low & middle income,LMY,2018,3.24056932930569
Low & middle income,LMY,2017,3.66699702675925
Low & middle income,LMY,2016,3.10485077431451
Low & middle income,LMY,2015,3.1937715520338
Low & middle income,LMY,2014,3.58922016616663
Low & middle income,LMY,2013,4.76502404779142
"Middle East, North Africa, Afghanistan & Pakistan",MEA,2025,2.08420853585036
"Middle East, North Africa, Afghanistan & Pakistan",MEA,2024,2.12615766885021
"Middle East, North Africa, Afghanistan & Pakistan",MEA,2023,4.22522603168918
"Middle East, North Africa, Afghanistan & Pakistan",MEA,2022,5.17222088647606
"Middle East, North Africa, Afghanistan & Pakistan",MEA,2021,2.86833027751015
"Middle East, North Africa, Afghanistan & Pakistan",MEA,2020,1.44703656998741
"Middle East, North Africa, Afghanistan & Pakistan",MEA,2019,1.33601568147656
"Middle East, North Africa, Afghanistan & Pakistan",MEA,2018,1.94579304594437
"Middle East, North Africa, Afghanistan & Pakistan",MEA,2017,2.06932928164424
"Middle East, North Africa, Afghanistan & Pakistan",MEA,2016,2.5395603776654
"Middle East, North Africa, Afghanistan & Pakistan",MEA,2015,1.6859921764201
"Middle East, North Africa, Afghanistan & Pakistan",MEA,2014,2.64755321246189
"Middle East, North Africa, Afghanistan & Pakistan",MEA,2013,3.25423910998847
"Middle East, North Africa, Afghanistan & Pakistan (excluding high income)",MNA,2025,2.69360940778798
"Middle East, North Africa, Afghanistan & Pakistan (excluding high income)",MNA,2024,4.04611455313434
"Middle East, North Africa, Afghanistan & Pakistan (excluding high income)",MNA,2023,6.09114152504141
"Middle East, North Africa, Afghanistan & Pakistan (excluding high income)",MNA,2022,8.30646124447623
"Middle East, North Africa, Afghanistan & Pakistan (excluding high income)",MNA,2021,5.21404940513043
"Middle East, North Africa, Afghanistan & Pakistan (excluding high income)",MNA,2020,2.41513094083414
"Middle East, North Africa, Afghanistan & Pakistan (excluding high income)",MNA,2019,2.65388100453608
"Middle East, North Africa, Afghanistan & Pakistan (excluding high income)",MNA,2018,4.36615064471282
"Middle East, North Africa, Afghanistan & Pakistan (excluding high income)",MNA,2017,4.64865184428512
"Middle East, North Africa, Afghanistan & Pakistan (excluding high income)",MNA,2016,3.69725926870481
"Middle East, North Africa, Afghanistan & Pakistan (excluding high income)",MNA,2015,2.04361764300244
"Middle East, North Africa, Afghanistan & Pakistan (excluding high income)",MNA,2014,2.91692692067458
"Middle East, North Africa, Afghanistan & Pakistan (excluding high income)",MNA,2013,4.82462314269537
"Middle East, North Africa, Afghanistan & Pakistan (IDA & IBRD)",TMN,2025,1.84166666666702
"Middle East, North Africa, Afghanistan & Pakistan (IDA & IBRD)",TMN,2024,3.32890533415537
"Middle East, North Africa, Afghanistan & Pakistan (IDA & IBRD)",TMN,2023,7.70665764216232
"Middle East, North Africa, Afghanistan & Pakistan (IDA & IBRD)",TMN,2022,8.78598837999588
"Middle East, North Africa, Afghanistan & Pakistan (IDA & IBRD)",TMN,2021,5.46019980671871
"Middle East, North Africa, Afghanistan & Pakistan (IDA & IBRD)",TMN,2020,3.73003191530476
"Middle East, North Africa, Afghanistan & Pakistan (IDA & IBRD)",TMN,2019,3.00538949390383
"Middle East, North Africa, Afghanistan & Pakistan (IDA & IBRD)",TMN,2018,4.46231108475481
"Middle East, North Africa, Afghanistan & Pakistan (IDA & IBRD)",TMN,2017,4.97595150553833
"Middle East, North Africa, Afghanistan & Pakistan (IDA & IBRD)",TMN,2016,3.7651191635658
"Middle East, North Africa, Afghanistan & Pakistan (IDA & IBRD)",TMN,2015,2.52932817254229
"Middle East, North Africa, Afghanistan & Pakistan (IDA & IBRD)",TMN,2014,3.77123895800744
"Middle East, North Africa, Afghanistan & Pakistan (IDA & IBRD)",TMN,2013,5.07042922798113
Middle income,MIC,2025,3.45723998944321
Middle income,MIC,2024,3.6045220384796
Middle income,MIC,2023,6.083192685419
Middle income,MIC,2022,8.32008377271927
Middle income,MIC,2021,4.14298201176246
Middle income,MIC,2020,2.65664643301128
Middle income,MIC,2019,2.72643037388832
Middle income,MIC,2018,3.24056932930569
Middle income,MIC,2017,3.32817337461305
Middle income,MIC,2016,2.66824816969082
Middle income,MIC,2015,3.12900274473925
Middle income,MIC,2014,3.53436856147324
Middle income,MIC,2013,4.34337131279521
North America,NAC,2025,
North America,NAC,2024,2.6655545188319
North America,NAC,2023,3.99766999081457
North America,NAC,2022,7.40280048696867
North America,NAC,2021,4.04652602445635
North America,NAC,2020,0.97529201430706
North America,NAC,2019,1.88073954968807
North America,NAC,2018,2.3554044847046
North America,NAC,2017,1.86349706609469
North America,NAC,2016,1.34517137635811
North America,NAC,2015,0.621934248247613
North America,NAC,2014,1.76442944229339
North America,NAC,2013,1.20156227672124
OECD members,OED,2025,2.8397963180572
OECD members,OED,2024,2.75237849043039
OECD members,OED,2023,5.67767862615429
OECD members,OED,2022,8.23803240697186
OECD members,OED,2021,2.81528975687994
OECD members,OED,2020,0.73285164517586
OECD members,OED,2019,1.74071267870181
OECD members,OED,2018,1.93246766472803
OECD members,OED,2017,1.82264336059067
OECD members,OED,2016,0.443258157565783
OECD members,OED,2015,0.338705695410168
OECD members,OED,2014,0.624517311086569
OECD members,OED,2013,1.45156526398378
Other small states,OSS,2025,2.8063054227931
Other small states,OSS,2024,2.08742660145219
Other small states,OSS,2023,5.51293808804143
Other small states,OSS,2022,7.46811935414937
Other small states,OSS,2021,2.4284453278932
Other small states,OSS,2020,0.712593443137932
Other small states,OSS,2019,1.6420600176894
Other small states,OSS,2018,2.611223782638
Other small states,OSS,2017,1.76041559180605
Other small states,OSS,2016,0.642702771527304
Other small states,OSS,2015,0.953206658777607
Other small states,OSS,2014,1.34186494340162
Other small states,OSS,2013,2.78056658954988
Pacific island small states,PSS,2025,1.43420860934971
Pacific island small states,PSS,2024,2.45545072159028
Pacific island small states,PSS,2023,7.92164684826777
Pacific island small states,PSS,2022,6.37906506708423
Pacific island small states,PSS,2021,2.47788271992717
Pacific island small states,PSS,2020,0.386388224517504
Pacific island small states,PSS,2019,1.40719939417024
Pacific island small states,PSS,2018,2.89621932270298
Pacific island small states,PSS,2017,1.58394248575812
Pacific island small states,PSS,2016,1.07339388853343
Pacific island small states,PSS,2015,0.648242939254492
Pacific island small states,PSS,2014,1.45142452367373
Pacific island small states,PSS,2013,1.60563054554341
Post-demographic dividend,PST,2025,2.37284807226549
Post-demographic dividend,PST,2024,2.44091572720697
Post-demographic dividend,PST,2023,5.06713865364213
Post-demographic dividend,PST,2022,7.87737003690613
Post-demographic dividend,PST,2021,2.50835221473776
Post-demographic dividend,PST,2020,0.632267331911716
Post-demographic dividend,PST,2019,1.61963190184048
Post-demographic dividend,PST,2018,1.7386086198818
Post-demographic dividend,PST,2017,1.73079959118896
Post-demographic dividend,PST,2016,0.607397074641719
Post-demographic dividend,PST,2015,0.36804684232536
Post-demographic dividend,PST,2014,0.906794000434246
Post-demographic dividend,PST,2013,1.40858109183009
Pre-demographic dividend,PRE,2025,3.27823540357584
Pre-demographic dividend,PRE,2024,4.19081721344523
Pre-demographic dividend,PRE,2023,7.10220928557059
Pre-demographic dividend,PRE,2022,8.77567482988523
Pre-demographic dividend,PRE,2021,4.22278962033194
Pre-demographic dividend,PRE,2020,3.39862928518853
Pre-demographic dividend,PRE,2019,2.56908784664759
Pre-demographic dividend,PRE,2018,2.80203783510174
Pre-demographic dividend,PRE,2017,4.5783374121255
Pre-demographic dividend,PRE,2016,4.38389195513915
Pre-demographic dividend,PRE,2015,3.25472688117631
Pre-demographic dividend,PRE,2014,3.53436856147324
Pre-demographic dividend,PRE,2013,4.63161619729461
Small states,SST,2025,2.25357866335894
Small states,SST,2024,2.34358922540366
Small states,SST,2023,5.06713865364213
Small states,SST,2022,6.27689319447544
Small states,SST,2021,2.41070312174393
Small states,SST,2020,0.598986330824643
Small states,SST,2019,1.30544966502392
Small states,SST,2018,2.13062774274025
Small states,SST,2017,1.74989677484705
Small states,SST,2016,0.644075340346552
Small states,SST,2015,0.552796026277853
Small states,SST,2014,1.20139964481058
Small states,SST,2013,1.75232737350762
South Asia,SAS,2025,3.10423966443212
South Asia,SAS,2024,3.72320611944934
South Asia,SAS,2023,6.38250790219375
South Asia,SAS,2022,7.18461996730069
South Asia,SAS,2021,5.33853088974918
South Asia,SAS,2020,5.6602199868936
South Asia,SAS,2019,3.62894965885467
South Asia,SAS,2018,3.33139516437678
South Asia,SAS,2017,4.14162852223217
South Asia,SAS,2016,4.45355240327602
South Asia,SAS,2015,4.72755869604727
South Asia,SAS,2014,6.82864780544374
South Asia,SAS,2013,8.15339493090692
South Asia (IDA & IBRD),TSA,2025,3.10423966443212
South Asia (IDA & IBRD),TSA,2024,3.72320611944934
South Asia (IDA & IBRD),TSA,2023,6.38250790219375
South Asia (IDA & IBRD),TSA,2022,7.18461996730069
South Asia (IDA & IBRD),TSA,2021,5.33853088974918
South Asia (IDA & IBRD),TSA,2020,5.6602199868936
South Asia (IDA & IBRD),TSA,2019,3.62894965885467
South Asia (IDA & IBRD),TSA,2018,3.33139516437678
South Asia (IDA & IBRD),TSA,2017,4.14162852223217
South Asia (IDA & IBRD),TSA,2016,4.45355240327602
South Asia (IDA & IBRD),TSA,2015,4.72755869604727
South Asia (IDA & IBRD),TSA,2014,6.82864780544374
South Asia (IDA & IBRD),TSA,2013,8.15339493090692
Sub-Saharan Africa,SSF,2025,3.40373458279055
Sub-Saharan Africa,SSF,2024,4.30009584697999
Sub-Saharan Africa,SSF,2023,6.69759990789845
Sub-Saharan Africa,SSF,2022,9.45801281304023
Sub-Saharan Africa,SSF,2021,4.43905481215002
Sub-Saharan Africa,SSF,2020,3.39862928518853
Sub-Saharan Africa,SSF,2019,2.867588034469
Sub-Saharan Africa,SSF,2018,3.91133439990729
Sub-Saharan Africa,SSF,2017,5.18618655524149
Sub-Saharan Africa,SSF,2016,5.30264297710325
Sub-Saharan Africa,SSF,2015,3.47238752883652
Sub-Saharan Africa,SSF,2014,4.4038027171436
Sub-Saharan Africa,SSF,2013,4.88516387595471
Sub-Saharan Africa (excluding high income),SSA,2025,3.45723998944321
Sub-Saharan Africa (excluding high income),SSA,2024,4.36115246518962
Sub-Saharan Africa (excluding high income),SSA,2023,7.05298238454736
Sub-Saharan Africa (excluding high income),SSA,2022,9.52526628622843
Sub-Saharan Africa (excluding high income),SSA,2021,4.25936417542868
Sub-Saharan Africa (excluding high income),SSA,2020,3.48393567493204
Sub-Saharan Africa (excluding high income),SSA,2019,3.10773229242274
Sub-Saharan Africa (excluding high income),SSA,2018,4.09297819300637
Sub-Saharan Africa (excluding high income),SSA,2017,5.19795180719179
Sub-Saharan Africa (excluding high income),SSA,2016,5.43051966119156
Sub-Saharan Africa (excluding high income),SSA,2015,3.39401538410559
Sub-Saharan Africa (excluding high income),SSA,2014,4.40535234185293
Sub-Saharan Africa (excluding high income),SSA,2013,4.90520875694557
Sub-Saharan Africa (IDA & IBRD countries),TSS,2025,3.40373458279055
Sub-Saharan Africa (IDA & IBRD countries),TSS,2024,4.30009584697999
Sub-Saharan Africa (IDA & IBRD countries),TSS,2023,6.69759990789845
Sub-Saharan Africa (IDA & IBRD countries),TSS,2022,9.45801281304023
Sub-Saharan Africa (IDA & IBRD countries),TSS,2021,4.43905481215002
Sub-Saharan Africa (IDA & IBRD countries),TSS,2020,3.39862928518853
Sub-Saharan Africa (IDA & IBRD countries),TSS,2019,2.867588034469
Sub-Saharan Africa (IDA & IBRD countries),TSS,2018,3.91133439990729
Sub-Saharan Africa (IDA & IBRD countries),TSS,2017,5.18618655524149
Sub-Saharan Africa (IDA & IBRD countries),TSS,2016,5.30264297710325
Sub-Saharan Africa (IDA & IBRD countries),TSS,2015,3.47238752883652
Sub-Saharan Africa (IDA & IBRD countries),TSS,2014,4.4038027171436
Sub-Saharan Africa (IDA & IBRD countries),TSS,2013,4.88516387595471
World,WLD,2025,3.0414132155654
World,WLD,2024,3.01447576977999
World,WLD,2023,5.79944107391962
World,WLD,2022,8.08169507021982
World,WLD,2021,3.47540320289875
World,WLD,2020,1.90509722047501
World,WLD,2019,2.20607305781525
World,WLD,2018,2.44258329692817
World,WLD,2017,2.22314331448899
World,WLD,2016,1.59691227583204
World,WLD,2015,1.43702380935655
World,WLD,2014,2.39371597209796
World,WLD,2013,2.65167342916577
Afghanistan,AFG,2025,
Afghanistan,AFG,2024,-6.60118564073726
Afghanistan,AFG,2023,-4.64470870797775
Afghanistan,AFG,2022,13.7121023720065
Afghanistan,AFG,2021,5.13320340824963
Afghanistan,AFG,2020,5.60188791482224
Afghanistan,AFG,2019,2.30237251516834
Afghanistan,AFG,2018,0.626149149168847
Afghanistan,AFG,2017,4.97595150553833
Afghanistan,AFG,2016,4.38389195513915
Afghanistan,AFG,2015,-0.661709164713742
Afghanistan,AFG,2014,4.67399603536345
Afghanistan,AFG,2013,7.38577178397855
Albania,ALB,2025,2.14618551167388
Albania,ALB,2024,2.21587375089992
Albania,ALB,2023,4.75834555150038
Albania,ALB,2022,6.72520271530059
Albania,ALB,2021,2.04147163139545
Albania,ALB,2020,1.62088661717021
Albania,ALB,2019,1.41109078954242
Albania,ALB,2018,2.02805963071135
Albania,ALB,2017,1.98666133171194
Albania,ALB,2016,1.27543168367423
Albania,ALB,2015,1.89617402592356
Albania,ALB,2014,1.62586504402614
Albania,ALB,2013,1.93762080205223
Algeria,DZA,2025,1.41835151429016
Algeria,DZA,2024,4.04611455313434
Algeria,DZA,2023,9.32217375928322
Algeria,DZA,2022,9.26551551551553
Algeria,DZA,2021,7.22606307415477
Algeria,DZA,2020,2.41513094083414
Algeria,DZA,2019,1.95176821052892
Algeria,DZA,2018,4.26999020467084
Algeria,DZA,2017,5.59111590961664
Algeria,DZA,2016,6.39769480268757
Algeria,DZA,2015,4.78444700693889
Algeria,DZA,2014,2.91692692067458
Algeria,DZA,2013,3.25423910998847
American Samoa,ASM,2025,
American Samoa,ASM,2024,
American Samoa,ASM,2023,
American Samoa,ASM,2022,
American Samoa,ASM,2021,
American Samoa,ASM,2020,
American Samoa,ASM,2019,
American Samoa,ASM,2018,
American Samoa,ASM,2017,
American Samoa,ASM,2016,
American Samoa,ASM,2015,
American Samoa,ASM,2014,
American Samoa,ASM,2013,
Andorra,AND,2025,
Andorra,AND,2024,
Andorra,AND,2023,
Andorra,AND,2022,
Andorra,AND,2021,
Andorra,AND,2020,
Andorra,AND,2019,
Andorra,AND,2018,
Andorra,AND,2017,
Andorra,AND,2016,
Andorra,AND,2015,
Andorra,AND,2014,
Andorra,AND,2013,
Angola,AGO,2025,20.1620197572331
Angola,AGO,2024,28.2404948915772
Angola,AGO,2023,13.6441017767715
Angola,AGO,2022,21.3552901320822
Angola,AGO,2021,25.7542948841891
Angola,AGO,2020,22.271539247051
Angola,AGO,2019,17.080954143438
Angola,AGO,2018,19.6289379701521
Angola,AGO,2017,29.8444799015679
Angola,AGO,2016,30.6944150806719
Angola,AGO,2015,9.35597215533784
Angola,AGO,2014,7.28038730361121
Angola,AGO,2013,8.77781429332624
Antigua and Barbuda,ATG,2025,1.36873527521954
Antigua and Barbuda,ATG,2024,6.19886698842116
Antigua and Barbuda,ATG,2023,5.06713865364213
Antigua and Barbuda,ATG,2022,7.53107834634288
Antigua and Barbuda,ATG,2021,2.06299638545334
Antigua and Barbuda,ATG,2020,0.625989707046719
Antigua and Barbuda,ATG,2019,1.43135598182984
Antigua and Barbuda,ATG,2018,1.20715793367008
Antigua and Barbuda,ATG,2017,2.43248789041363
Antigua and Barbuda,ATG,2016,-0.489437796230499
Antigua and Barbuda,ATG,2015,0.968993458825638
Antigua and Barbuda,ATG,2014,1.08944157435355
Antigua and Barbuda,ATG,2013,1.05949782356169
Argentina,ARG,2025,
Argentina,ARG,2024,219.883929014578
Argentina,ARG,2023,133.488935594175
Argentina,ARG,2022,72.430757531824
Argentina,ARG,2021,48.4093786255199
Argentina,ARG,2020,42.0150947376509
Argentina,ARG,2019,53.5483043492339
Argentina,ARG,2018,34.2772237131003
Argentina,ARG,2017,
Argentina,ARG,2016,
Argentina,ARG,2015,
Argentina,ARG,2014,
Argentina,ARG,2013,
Armenia,ARM,2025,3.30693341072904
Armenia,ARM,2024,0.269511978259125
Armenia,ARM,2023,1.98041877615554
Armenia,ARM,2022,8.64091108973855
Armenia,ARM,2021,7.18483629443371
Armenia,ARM,2020,1.21143577838465
Armenia,ARM,2019,1.44344660770698
Armenia,ARM,2018,2.52023382001638
Armenia,ARM,2017,0.969553268816138
Armenia,ARM,2016,-1.403607559009
Armenia,ARM,2015,3.73169119261693
Armenia,ARM,2014,2.98130868933672
Armenia,ARM,2013,5.78966778544651
Aruba,ABW,2025,
Aruba,ABW,2024,
Aruba,ABW,2023,
Aruba,ABW,2022,
Aruba,ABW,2021,
Aruba,ABW,2020,
Aruba,ABW,2019,4.25746204335427
Aruba,ABW,2018,3.6260414135296
Aruba,ABW,2017,-1.02828178762012
Aruba,ABW,2016,-0.93119598707956
Aruba,ABW,2015,0.474763597342641
Aruba,ABW,2014,0.421440918881214
Aruba,ABW,2013,-2.37206524252261
Australia,AUS,2025,2.87403791660173
Australia,AUS,2024,3.16656665428797
Australia,AUS,2023,5.59701792296707
Australia,AUS,2022,6.59409658717841
Australia,AUS,2021,2.86391284709318
Australia,AUS,2020,0.846900734607273
Australia,AUS,2019,1.610770929127
Australia,AUS,2018,1.91140002818579
Australia,AUS,2017,1.94864309065653
Australia,AUS,2016,1.27699365720306
Australia,AUS,2015,1.50836803138463
Australia,AUS,2014,2.48792932080492
Australia,AUS,2013,2.44988248109259
Austria,AUT,2025,3.52719439956928
Austria,AUT,2024,2.93791574279376
Austria,AUT,2023,7.81413417002831
Austria,AUT,2022,8.54686993188458
Austria,AUT,2021,2.7666666666667
Austria,AUT,2020,1.38191063351854
Austria,AUT,2019,1.53089564152644
Austria,AUT,2018,1.99837981429549
Austria,AUT,2017,2.08126911385587
Austria,AUT,2016,0.891591752655362
Austria,AUT,2015,0.89656333526032
Austria,AUT,2014,1.60581182954474
Austria,AUT,2013,2.00015616900597
Azerbaijan,AZE,2025,5.62208788068338
Azerbaijan,AZE,2024,2.21217188919901
Azerbaijan,AZE,2023,8.78543049849081
Azerbaijan,AZE,2022,13.8522590144267
Azerbaijan,AZE,2021,6.65029912708779
Azerbaijan,AZE,2020,2.75980947008127
Azerbaijan,AZE,2019,2.61057182799215
Azerbaijan,AZE,2018,2.26854690373999
Azerbaijan,AZE,2017,12.9359184187335
Azerbaijan,AZE,2016,12.4433748584372
Azerbaijan,AZE,2015,4.02768573742726
Azerbaijan,AZE,2014,1.37344181533176
Azerbaijan,AZE,2013,2.41571745279419
"Bahamas, The",BHS,2025,
"Bahamas, The",BHS,2024,0.409162489083286
"Bahamas, The",BHS,2023,3.05291578969743
"Bahamas, The",BHS,2022,5.60540633583044
"Bahamas, The",BHS,2021,2.90491262928478
"Bahamas, The",BHS,2020,0.0385210980054558
"Bahamas, The",BHS,2019,2.49123527368046
"Bahamas, The",BHS,2018,2.26586346678736
"Bahamas, The",BHS,2017,1.51820700736147
"Bahamas, The",BHS,2016,-0.346376929989397
"Bahamas, The",BHS,2015,1.86148302863371
"Bahamas, The",BHS,2014,1.51375643050831
"Bahamas, The",BHS,2013,0.722414784530551
Bahrain,BHR,2025,-0.137708855447902
Bahrain,BHR,2024,0.919635459817651
Bahrain,BHR,2023,0.0746206782192256
Bahrain,BHR,2022,3.62574104304482
Bahrain,BHR,2021,-0.60631938514085
Bahrain,BHR,2020,-2.31770629331379
Bahrain,BHR,2019,1.00582004702137
Bahrain,BHR,2018,2.08766938046978
Bahrain,BHR,2017,1.38671830576406
Bahrain,BHR,2016,2.78679347602044
Bahrain,BHR,2015,1.84862742374977
Bahrain,BHR,2014,2.64755321246189
Bahrain,BHR,2013,3.30001156888442
Bangladesh,BGD,2025,8.7687628116114
Bangladesh,BGD,2024,10.4657482763412
Bangladesh,BGD,2023,9.8835030377921
Bangladesh,BGD,2022,7.69695437176898
Bangladesh,BGD,2021,5.54565430773473
Bangladesh,BGD,2020,5.69107474746211
Bangladesh,BGD,2019,5.59199639930629
Bangladesh,BGD,2018,5.54362139486476
Bangladesh,BGD,2017,5.70207015717239
Bangladesh,BGD,2016,5.51352572692995
Bangladesh,BGD,2015,6.19428022984984
Bangladesh,BGD,2014,6.99163889220849
Bangladesh,BGD,2013,7.53040640913172
Barbados,BRB,2025,0.846576563196289
Barbados,BRB,2024,1.4464366430616
Barbados,BRB,2023,3.18718905472632
Barbados,BRB,2022,
Barbados,BRB,2021,
Barbados,BRB,2020,
Barbados,BRB,2019,1.67662473276988
Barbados,BRB,2018,3.1060057242059
Barbados,BRB,2017,4.66018463955995
Barbados,BRB,2016,1.28192813061895
Barbados,BRB,2015,-1.11278992510958
Barbados,BRB,2014,1.76950322089729
Barbados,BRB,2013,1.81410436049096
Belarus,BLR,2025,6.59877945951182
Belarus,BLR,2024,5.78531910428005
Belarus,BLR,2023,5.0005990309131
Belarus,BLR,2022,15.209675274081
Belarus,BLR,2021,9.46028389623099
Belarus,BLR,2020,5.54814357456519
Belarus,BLR,2019,5.59815595039848
Belarus,BLR,2018,4.87230220550686
Belarus,BLR,2017,6.03183725177795
Belarus,BLR,2016,11.8365807653497
Belarus,BLR,2015,13.5344897649734
Belarus,BLR,2014,18.1195543526734
Belarus,BLR,2013,18.3122610377873
Belgium,BEL,2025,2.46705543774613
Belgium,BEL,2024,3.14349136500041
Belgium,BEL,2023,4.04901077613941
Belgium,BEL,2022,9.597511728725
Belgium,BEL,2021,2.44024851144084
Belgium,BEL,2020,0.740791812220344
Belgium,BEL,2019,1.43681956996438
Belgium,BEL,2018,2.05316499865178
Belgium,BEL,2017,2.12597086002616
Belgium,BEL,2016,1.97385264653163
Belgium,BEL,2015,0.561429152790158
Belgium,BEL,2014,0.340002833356922
Belgium,BEL,2013,1.1130959402754
Belize,BLZ,2025,1.06281547952896
Belize,BLZ,2024,3.28955985952768
Belize,BLZ,2023,4.38984017487675
Belize,BLZ,2022,6.27689319447544
Belize,BLZ,2021,3.23563659237071
Belize,BLZ,2020,0.121434644614894
Belize,BLZ,2019,0.187069385181424
Belize,BLZ,2018,0.269982622646335
Belize,BLZ,2017,1.14765339305816
Belize,BLZ,2016,0.663427167917601
Belize,BLZ,2015,-0.861584009427748
Belize,BLZ,2014,1.20139964481058
Belize,BLZ,2013,0.50974776898322
Benin,BEN,2025,1.10155247902978
Benin,BEN,2024,1.16093089640415
Benin,BEN,2023,2.73870078406075
Benin,BEN,2022,1.35077863583527
Benin,BEN,2021,1.73353962694036
Benin,BEN,2020,3.02272119663759
Benin,BEN,2019,0.732849371241066
Benin,BEN,2018,0.919170717886054
Benin,BEN,2017,0.0432648555103608
Benin,BEN,2016,-0.793310145785624
Benin,BEN,2015,0.218785923536245
Benin,BEN,2014,-0.548757550948181
Benin,BEN,2013,0.428888888888884
Bermuda,BMU,2025,
Bermuda,BMU,2024,
Bermuda,BMU,2023,
Bermuda,BMU,2022,
Bermuda,BMU,2021,
Bermuda,BMU,2020,
Bermuda,BMU,2019,
Bermuda,BMU,2018,
Bermuda,BMU,2017,
Bermuda,BMU,2016,
Bermuda,BMU,2015,
Bermuda,BMU,2014,
Bermuda,BMU,2013,
Bhutan,BTN,2025,3.55513663074987
Bhutan,BTN,2024,2.76131569624098
Bhutan,BTN,2023,4.22934419929251
Bhutan,BTN,2022,5.6391667139637
Bhutan,BTN,2021,7.3468144053353
Bhutan,BTN,2020,5.62936522632508
Bhutan,BTN,2019,2.72643037388832
Bhutan,BTN,2018,2.72396386183713
Bhutan,BTN,2017,4.95508366985129
Bhutan,BTN,2016,3.21988689395718
Bhutan,BTN,2015,4.54814395082205
Bhutan,BTN,2014,8.27106093949328
Bhutan,BTN,2013,8.77638345268213
Bolivia,BOL,2025,19.517120804733
Bolivia,BOL,2024,5.09976568317427
Bolivia,BOL,2023,2.57688800489192
Bolivia,BOL,2022,1.74632872945969
Bolivia,BOL,2021,0.737383721452275
Bolivia,BOL,2020,0.940742153381849
Bolivia,BOL,2019,1.83954504969026
Bolivia,BOL,2018,2.27205987230155
Bolivia,BOL,2017,2.8227580554717
Bolivia,BOL,2016,3.62321431764138
Bolivia,BOL,2015,4.05961041135645
Bolivia,BOL,2014,5.76660074579144
Bolivia,BOL,2013,5.73640023719607
Bosnia and Herzegovina,BIH,2025,
Bosnia and Herzegovina,BIH,2024,
Bosnia and Herzegovina,BIH,2023,6.1059011284828
Bosnia and Herzegovina,BIH,2022,14.0208440826771
Bosnia and Herzegovina,BIH,2021,1.98163900587622
Bosnia and Herzegovina,BIH,2020,-1.0512960076349
Bosnia and Herzegovina,BIH,2019,0.56278215406123
Bosnia and Herzegovina,BIH,2018,1.41710814018034
Bosnia and Herzegovina,BIH,2017,0.810039425333895
Bosnia and Herzegovina,BIH,2016,-1.58400833333336
Bosnia and Herzegovina,BIH,2015,-1.03602303425474
Bosnia and Herzegovina,BIH,2014,-0.897194054194333
Bosnia and Herzegovina,BIH,2013,-0.0930456838317588
Botswana,BWA,2025,2.6597506179431
Botswana,BWA,2024,2.81835131676251
Botswana,BWA,2023,5.0676154934383
Botswana,BWA,2022,11.665567478802
Botswana,BWA,2021,7.24097765588442
Botswana,BWA,2020,1.8903591682421
Botswana,BWA,2019,2.77286442863321
Botswana,BWA,2018,3.23801558947715
Botswana,BWA,2017,3.30828076768219
Botswana,BWA,2016,2.81495791361944
Botswana,BWA,2015,3.06203169580558
Botswana,BWA,2014,4.40225309243427
Botswana,BWA,2013,5.88460707056817
Brazil,BRA,2025,5.01675279604836
Brazil,BRA,2024,4.36746407652337
Brazil,BRA,2023,4.59356282283204
Brazil,BRA,2022,9.28010608956873
Brazil,BRA,2021,8.30165975585673
Brazil,BRA,2020,3.21176803803376
Brazil,BRA,2019,3.73297621216894
Brazil,BRA,2018,3.66485028376729
Brazil,BRA,2017,3.44637335032669
Brazil,BRA,2016,8.73914352329393
Brazil,BRA,2015,9.02990102416136
Brazil,BRA,2014,6.32904015516139
Brazil,BRA,2013,6.20431066640101
British Virgin Islands,VGB,2025,
British Virgin Islands,VGB,2024,
British Virgin Islands,VGB,2023,
British Virgin Islands,VGB,2022,
British Virgin Islands,VGB,2021,
British Virgin Islands,VGB,2020,
British Virgin Islands,VGB,2019,
British Virgin Islands,VGB,2018,
British Virgin Islands,VGB,2017,
British Virgin Islands,VGB,2016,
British Virgin Islands,VGB,2015,
British Virgin Islands,VGB,2014,
British Virgin Islands,VGB,2013,
Brunei Darussalam,BRN,2025,-0.302994414446762
Brunei Darussalam,BRN,2024,-0.388674165036461
Brunei Darussalam,BRN,2023,0.35706431153689
Brunei Darussalam,BRN,2022,3.68225030604216
Brunei Darussalam,BRN,2021,1.73341388450593
Brunei Darussalam,BRN,2020,1.94031996607184
Brunei Darussalam,BRN,2019,-0.390522069165529
Brunei Darussalam,BRN,2018,1.02505179290212
Brunei Darussalam,BRN,2017,-1.2605056462896
Brunei Darussalam,BRN,2016,-0.278693265753083
Brunei Darussalam,BRN,2015,-0.488347420743522
Brunei Darussalam,BRN,2014,-0.207108731719822
Brunei Darussalam,BRN,2013,0.389205053123632
Bulgaria,BGR,2025,4.58084355235697
Bulgaria,BGR,2024,2.44651943006079
Bulgaria,BGR,2023,9.44284140088564
Bulgaria,BGR,2022,15.3252589264367
Bulgaria,BGR,2021,3.29774435299506
Bulgaria,BGR,2020,1.67244096855756
Bulgaria,BGR,2019,3.10372944796771
Bulgaria,BGR,2018,2.81454473824838
Bulgaria,BGR,2017,2.06159619443141
Bulgaria,BGR,2016,-0.798649886453617
Bulgaria,BGR,2015,-0.104633261008479
Bulgaria,BGR,2014,-1.4181838026484
Bulgaria,BGR,2013,0.890093540913096
Burkina Faso,BFA,2025,-0.586235316330579
Burkina Faso,BFA,2024,4.19081721344523
Burkina Faso,BFA,2023,0.742910428668918
Burkina Faso,BFA,2022,14.2902354303358
Burkina Faso,BFA,2021,3.65326761825509
Burkina Faso,BFA,2020,1.88470066518847
Burkina Faso,BFA,2019,-3.23338933983322
Burkina Faso,BFA,2018,1.95594302672532
Burkina Faso,BFA,2017,1.48299897161326
Burkina Faso,BFA,2016,0.441041448058809
Burkina Faso,BFA,2015,0.724838981070517
Burkina Faso,BFA,2014,-0.258089517535291
Burkina Faso,BFA,2013,0.533738507090536
Burundi,BDI,2025,34.1339985744832
Burundi,BDI,2024,20.2124925027847
Burundi,BDI,2023,26.9414835762453
Burundi,BDI,2022,18.8008786664945
Burundi,BDI,2021,8.40453845076341
Burundi,BDI,2020,7.32110643415521
Burundi,BDI,2019,-0.686772170797359
Burundi,BDI,2018,-2.81469807668465
Burundi,BDI,2017,16.0525353030392
Burundi,BDI,2016,5.55768961400965
Burundi,BDI,2015,5.54468891259779
Burundi,BDI,2014,4.40535234185293
Burundi,BDI,2013,7.93795807492418
Cabo Verde,CPV,2025,2.34333897365163
Cabo Verde,CPV,2024,1.04817001091965
Cabo Verde,CPV,2023,3.72437517668748
Cabo Verde,CPV,2022,7.93092925430087
Cabo Verde,CPV,2021,1.86215297494647
Cabo Verde,CPV,2020,0.605795808395385
Cabo Verde,CPV,2019,1.10666674296063
Cabo Verde,CPV,2018,1.25699566690509
Cabo Verde,CPV,2017,0.784415251101334
Cabo Verde,CPV,2016,-1.40781637091706
Cabo Verde,CPV,2015,0.131187999024545
Cabo Verde,CPV,2014,-0.238778144990624
Cabo Verde,CPV,2013,1.50654285701407
Cambodia,KHM,2025,2.35127105896507
Cambodia,KHM,2024,0.808042016536654
Cambodia,KHM,2023,2.12746796594194
Cambodia,KHM,2022,5.34370264895437
Cambodia,KHM,2021,2.92073477592949
Cambodia,KHM,2020,2.9402951426397
Cambodia,KHM,2019,1.94257500833107
Cambodia,KHM,2018,2.45908515380146
Cambodia,KHM,2017,2.91263557371478
Cambodia,KHM,2016,3.01913975139128
Cambodia,KHM,2015,1.22393195511119
Cambodia,KHM,2014,3.85568861424207
Cambodia,KHM,2013,2.94162509547349
Cameroon,CMR,2025,3.40373458279055
Cameroon,CMR,2024,4.53331349711606
Cameroon,CMR,2023,7.38281384280984
Cameroon,CMR,2022,6.24767713343861
Cameroon,CMR,2021,2.27185762503637
Cameroon,CMR,2020,2.43760882182236
Cameroon,CMR,2019,2.45280214062732
Cameroon,CMR,2018,1.0688581131292
Cameroon,CMR,2017,0.64040914988195
Cameroon,CMR,2016,0.874190383288856
Cameroon,CMR,2015,2.676235314199
Cameroon,CMR,2014,1.85489850366777
Cameroon,CMR,2013,2.05034718001741
Canada,CAN,2025,2.07232411149103
Canada,CAN,2024,2.38158383281173
Canada,CAN,2023,3.87900159788426
Canada,CAN,2022,6.80280115341613
Canada,CAN,2021,3.39519318527528
Canada,CAN,2020,0.716999632307827
Canada,CAN,2019,1.94926902411593
Canada,CAN,2018,2.26822567248103
Canada,CAN,2017,1.59688412852977
Canada,CAN,2016,1.42875954701085
Canada,CAN,2015,1.12524136094277
Canada,CAN,2014,1.90663590717861
Canada,CAN,2013,0.938291897815317
Cayman Islands,CYM,2025,
Cayman Islands,CYM,2024,
Cayman Islands,CYM,2023,
Cayman Islands,CYM,2022,
Cayman Islands,CYM,2021,
Cayman Islands,CYM,2020,
Cayman Islands,CYM,2019,
Cayman Islands,CYM,2018,
Cayman Islands,CYM,2017,
Cayman Islands,CYM,2016,-0.62525835861814
Cayman Islands,CYM,2015,-2.34752770165615
Cayman Islands,CYM,2014,1.27397911533388
Cayman Islands,CYM,2013,2.16061146813391
Central African Republic,CAF,2025,1.00198012768088
Central African Republic,CAF,2024,1.47733600718744
Central African Republic,CAF,2023,2.97913852618937
Central African Republic,CAF,2022,5.58316735183247
Central African Republic,CAF,2021,4.25936417542868
Central African Republic,CAF,2020,1.71015659523153
Central African Republic,CAF,2019,2.68537355266787
Central African Republic,CAF,2018,1.61215686991555
Central African Republic,CAF,2017,4.18072331871267
Central African Republic,CAF,2016,4.94543276106518
Central African Republic,CAF,2015,1.40297017136816
Central African Republic,CAF,2014,14.898684179755
Central African Republic,CAF,2013,6.98879341970198
Chad,TCD,2025,-3.9119812440659
Chad,TCD,2024,8.89950732263754
Chad,TCD,2023,10.8363568399843
Chad,TCD,2022,5.78802687843616
Chad,TCD,2021,-0.77284437035914
Chad,TCD,2020,4.46414437232861
Chad,TCD,2019,-0.971939175419401
Chad,TCD,2018,4.27462198610545
Chad,TCD,2017,-1.5370996298084
Chad,TCD,2016,-0.792440525236102
Chad,TCD,2015,4.37712665065654
Chad,TCD,2014,1.6819731392567
Chad,TCD,2013,0.222671564624551
Channel Islands,CHI,2025,
Channel Islands,CHI,2024,
Channel Islands,CHI,2023,
Channel Islands,CHI,2022,
Channel Islands,CHI,2021,
Channel Islands,CHI,2020,
Channel Islands,CHI,2019,
Channel Islands,CHI,2018,
Channel Islands,CHI,2017,
Channel Islands,CHI,2016,
Channel Islands,CHI,2015,
Channel Islands,CHI,2014,
Channel Islands,CHI,2013,
Chile,CHL,2025,4.21293601694293
Chile,CHL,2024,4.29763891572524
Chile,CHL,2023,7.58168251407962
Chile,CHL,2022,11.643866711056
Chile,CHL,2021,4.52456838259144
Chile,CHL,2020,3.04549084804326
Chile,CHL,2019,2.55754475703327
Chile,CHL,2018,2.43488981353057
Chile,CHL,2017,2.18271846868519
Chile,CHL,2016,3.78619355893118
Chile,CHL,2015,4.34877353217044
Chile,CHL,2014,4.71867527854672
Chile,CHL,2013,1.7895555398459
China,CHN,2025,0.0595646916565403
China,CHN,2024,0.218128938439177
China,CHN,2023,0.234836828893051
China,CHN,2022,1.97357555739051
China,CHN,2021,0.981015135544882
China,CHN,2020,2.41942189457782
China,CHN,2019,2.89923416358227
China,CHN,2018,2.07479039965576
China,CHN,2017,1.59313600071436
China,CHN,2016,2.00000182191943
China,CHN,2015,1.43702380935655
China,CHN,2014,1.92164162788521
China,CHN,2013,2.62105001748115
Colombia,COL,2025,5.14222911946201
Colombia,COL,2024,6.60908593728228
Colombia,COL,2023,11.7359044948689
Colombia,COL,2022,10.1772313546166
Colombia,COL,2021,3.49505757399448
Colombia,COL,2020,2.52663500084706
Colombia,COL,2019,3.52301932741447
Colombia,COL,2018,3.24056932930569
Colombia,COL,2017,4.31431325695011
Colombia,COL,2016,7.51346024627675
Colombia,COL,2015,4.9898311584953
Colombia,COL,2014,2.89883787761738
Colombia,COL,2013,2.01699224310383
Comoros,COM,2025,3.24909332306433
Comoros,COM,2024,5.05192609588218
Comoros,COM,2023,8.37373955490996
Comoros,COM,2022,12.5320314570999
Comoros,COM,2021,-0.00441793682346988
Comoros,COM,2020,0.786641929499151
Comoros,COM,2019,3.58213544469211
Comoros,COM,2018,2.15155084413033
Comoros,COM,2017,-0.237362224154613
Comoros,COM,2016,0.797517430888487
Comoros,COM,2015,-0.11717388419007
Comoros,COM,2014,7.54755379096711
Comoros,COM,2013,-4.29487331536756
"Congo, Dem. Rep.",COD,2025,
"Congo, Dem. Rep.",COD,2024,
"Congo, Dem. Rep.",COD,2023,
"Congo, Dem. Rep.",COD,2022,
"Congo, Dem. Rep.",COD,2021,
"Congo, Dem. Rep.",COD,2020,
"Congo, Dem. Rep.",COD,2019,
"Congo, Dem. Rep.",COD,2018,
"Congo, Dem. Rep.",COD,2017,
"Congo, Dem. Rep.",COD,2016,2.88585107289988
"Congo, Dem. Rep.",COD,2015,0.74419899478147
"Congo, Dem. Rep.",COD,2014,1.24303889760803
"Congo, Dem. Rep.",COD,2013,0.808223101487111
"Congo, Rep.",COG,2025,2.40069559361747
"Congo, Rep.",COG,2024,3.09143630919166
"Congo, Rep.",COG,2023,4.30174563591016
"Congo, Rep.",COG,2022,3.04344334698478
"Congo, Rep.",COG,2021,1.7156427545126
"Congo, Rep.",COG,2020,1.79537147083108
"Congo, Rep.",COG,2019,2.20607305781525
"Congo, Rep.",COG,2018,1.15277896375523
"Congo, Rep.",COG,2017,0.450063823285546
"Congo, Rep.",COG,2016,3.19056179723773
"Congo, Rep.",COG,2015,3.16909796750829
"Congo, Rep.",COG,2014,0.912139545450097
"Congo, Rep.",COG,2013,4.63161619729461
Costa Rica,CRI,2025,-0.073671440596217
Costa Rica,CRI,2024,-0.412853001047069
Costa Rica,CRI,2023,0.525193508693455
Costa Rica,CRI,2022,8.27477490232654
Costa Rica,CRI,2021,1.72647755109241
Costa Rica,CRI,2020,0.724911478131376
Costa Rica,CRI,2019,2.09604635327807
Costa Rica,CRI,2018,2.22111461526581
Costa Rica,CRI,2017,1.62590692991732
Costa Rica,CRI,2016,-0.0174788505908217
Costa Rica,CRI,2015,0.801982005099623
Costa Rica,CRI,2014,4.51920098516954
Costa Rica,CRI,2013,5.23133614174428
Cote d'Ivoire,CIV,2025,0.125038772593104
Cote d'Ivoire,CIV,2024,3.45053028131019
Cote d'Ivoire,CIV,2023,4.36972254867474
Cote d'Ivoire,CIV,2022,5.23352856100843
Cote d'Ivoire,CIV,2021,4.15919657911798
Cote d'Ivoire,CIV,2020,2.41252617189053
Cote d'Ivoire,CIV,2019,0.790855512053661
Cote d'Ivoire,CIV,2018,0.401297817263547
Cote d'Ivoire,CIV,2017,0.685881065304603
Cote d'Ivoire,CIV,2016,0.723178457513308
Cote d'Ivoire,CIV,2015,1.25149954781468
Cote d'Ivoire,CIV,2014,0.448682076766141
Cote d'Ivoire,CIV,2013,2.58117037252936
Croatia,HRV,2025,3.69153459605729
Croatia,HRV,2024,2.97200477643626
Croatia,HRV,2023,7.94128177586822
Croatia,HRV,2022,10.7805806758686
Croatia,HRV,2021,2.55450699642041
Croatia,HRV,2020,0.154811374562106
Croatia,HRV,2019,0.771820346498112
Croatia,HRV,2018,1.50012501041747
Croatia,HRV,2017,1.12937210282347
Croatia,HRV,2016,-1.12500000000002
Croatia,HRV,2015,-0.464499004645003
Croatia,HRV,2014,-0.215196159576176
Croatia,HRV,2013,2.21658206429779
Cuba,CUB,2025,
Cuba,CUB,2024,
Cuba,CUB,2023,
Cuba,CUB,2022,
Cuba,CUB,2021,
Cuba,CUB,2020,
Cuba,CUB,2019,
Cuba,CUB,2018,
Cuba,CUB,2017,
Cuba,CUB,2016,
Cuba,CUB,2015,
Cuba,CUB,2014,
Cuba,CUB,2013,
Curacao,CUW,2025,
Curacao,CUW,2024,
Curacao,CUW,2023,
Curacao,CUW,2022,
Curacao,CUW,2021,
Curacao,CUW,2020,
Curacao,CUW,2019,2.62220783425059
Curacao,CUW,2018,2.58368756641814
Curacao,CUW,2017,1.58558801700345
Curacao,CUW,2016,-0.0472079848940293
Curacao,CUW,2015,-0.476542049801405
Curacao,CUW,2014,1.4987396961643
Curacao,CUW,2013,1.33232086152117
Cyprus,CYP,2025,0.126528851920189
Cyprus,CYP,2024,1.80023018624824
Cyprus,CYP,2023,3.54134188751646
Cyprus,CYP,2022,8.39548297993334
Cyprus,CYP,2021,2.44608867175474
Cyprus,CYP,2020,-0.638422797978861
Cyprus,CYP,2019,0.250370996758493
Cyprus,CYP,2018,1.43549119531759
Cyprus,CYP,2017,0.531766496174467
Cyprus,CYP,2016,-1.42916666666665
Cyprus,CYP,2015,-2.0969976905312
Cyprus,CYP,2014,-1.35498885446315
Cyprus,CYP,2013,-0.399357676464425
Czechia,CZE,2025,2.45996367838865
Czechia,CZE,2024,2.43531202435314
Czechia,CZE,2023,10.6612601372427
Czechia,CZE,2022,15.1001651468371
Czechia,CZE,2021,3.83984491500146
Czechia,CZE,2020,3.1612952849781
Czechia,CZE,2019,2.84787595918041
Czechia,CZE,2018,2.14949494949493
Czechia,CZE,2017,2.4505339846014
Czechia,CZE,2016,0.683504209385703
Czechia,CZE,2015,0.309364548494975
Czechia,CZE,2014,0.343988589646794
Czechia,CZE,2013,1.4382978723404
Denmark,DNK,2025,1.89367372703044
Denmark,DNK,2024,1.37220049768926
Denmark,DNK,2023,3.30517811237606
Denmark,DNK,2022,7.6965669988926
Denmark,DNK,2021,1.85304543989689
Denmark,DNK,2020,0.420711974110025
Denmark,DNK,2019,0.75813157251162
Denmark,DNK,2018,0.813609467455631
Denmark,DNK,2017,1.14713216957602
Denmark,DNK,2016,0.250000000000031
Denmark,DNK,2015,0.452034153691575
Denmark,DNK,2014,0.56402054044954
Denmark,DNK,2013,0.789071780078062
Djibouti,DJI,2025,-0.313731799533481
Djibouti,DJI,2024,2.1120116728497
Djibouti,DJI,2023,1.44905087029086
Djibouti,DJI,2022,5.17222088647606
Djibouti,DJI,2021,1.18086783934059
Djibouti,DJI,2020,1.77900535643955
Djibouti,DJI,2019,3.31763203299603
Djibouti,DJI,2018,0.138836400011405
Djibouti,DJI,2017,0.577285724560661
Djibouti,DJI,2016,2.4025290543489
Djibouti,DJI,2015,-0.522166521445793
Djibouti,DJI,2014,1.34186494340162
Djibouti,DJI,2013,2.70603242872186
Dominica,DMA,2025,2.53385126107135
Dominica,DMA,2024,2.73620751873313
Dominica,DMA,2023,5.08677483158112
Dominica,DMA,2022,2.88490226829353
Dominica,DMA,2021,2.22891330700344
Dominica,DMA,2020,1.22026442242476
Dominica,DMA,2019,1.50462353858141
Dominica,DMA,2018,0.98919111918989
Dominica,DMA,2017,0.296252889279487
Dominica,DMA,2016,0.141816225732312
Dominica,DMA,2015,-0.84382698463833
Dominica,DMA,2014,0.799250372687492
Dominica,DMA,2013,-0.0464116468805992
Dominican Republic,DOM,2025,3.8731176804813
Dominican Republic,DOM,2024,3.30223338951227
Dominican Republic,DOM,2023,4.78561281021135
Dominican Republic,DOM,2022,8.81109209279587
Dominican Republic,DOM,2021,8.24300347981809
Dominican Republic,DOM,2020,3.78103179915517
Dominican Republic,DOM,2019,1.81060377042959
Dominican Republic,DOM,2018,3.56443426013508
Dominican Republic,DOM,2017,3.27955694678546
Dominican Republic,DOM,2016,1.61416607245223
Dominican Republic,DOM,2015,0.836746346724557
Dominican Republic,DOM,2014,2.99864226125219
Dominican Republic,DOM,2013,4.830950967408
Ecuador,ECU,2025,0.710469324989076
Ecuador,ECU,2024,1.54732515615369
Ecuador,ECU,2023,2.21568764237058
Ecuador,ECU,2022,3.46616972213077
Ecuador,ECU,2021,0.133251386096389
Ecuador,ECU,2020,-0.338872392562139
Ecuador,ECU,2019,0.266012515466155
Ecuador,ECU,2018,-0.224103246005552
Ecuador,ECU,2017,0.417335588666825
Ecuador,ECU,2016,1.72826463324533
Ecuador,ECU,2015,3.96664623255358
Ecuador,ECU,2014,3.58922016616663
Ecuador,ECU,2013,2.72177577710371
"Egypt, Arab Rep.",EGY,2025,14.0735136645934
"Egypt, Arab Rep.",EGY,2024,28.2705899322083
"Egypt, Arab Rep.",EGY,2023,33.8847763115546
"Egypt, Arab Rep.",EGY,2022,13.8956609775178
"Egypt, Arab Rep.",EGY,2021,5.21404940513043
"Egypt, Arab Rep.",EGY,2020,5.04493288977539
"Egypt, Arab Rep.",EGY,2019,9.15279959324804
"Egypt, Arab Rep.",EGY,2018,14.4014657807422
"Egypt, Arab Rep.",EGY,2017,29.5066083940039
"Egypt, Arab Rep.",EGY,2016,13.813606214829
"Egypt, Arab Rep.",EGY,2015,10.370490343517
"Egypt, Arab Rep.",EGY,2014,10.0702154687481
"Egypt, Arab Rep.",EGY,2013,9.46971981064921
El Salvador,SLV,2025,0.257570528307203
El Salvador,SLV,2024,0.853782292567288
El Salvador,SLV,2023,4.04554694222477
El Salvador,SLV,2022,7.19861615609867
El Salvador,SLV,2021,3.46692585313082
El Salvador,SLV,2020,-0.371590212324095
El Salvador,SLV,2019,0.0753241350024612
El Salvador,SLV,2018,1.09033000581892
El Salvador,SLV,2017,1.0123540331558
El Salvador,SLV,2016,0.60404908699661
El Salvador,SLV,2015,-0.731384487387957
El Salvador,SLV,2014,1.14134467538233
El Salvador,SLV,2013,0.757669184522973
Equatorial Guinea,GNQ,2025,
Equatorial Guinea,GNQ,2024,2.92140227309103
Equatorial Guinea,GNQ,2023,2.85949506037322
Equatorial Guinea,GNQ,2022,4.78671704710803
Equatorial Guinea,GNQ,2021,-0.0971007664640198
Equatorial Guinea,GNQ,2020,4.76669523944228
Equatorial Guinea,GNQ,2019,1.53027528964189
Equatorial Guinea,GNQ,2018,1.06007410662171
Equatorial Guinea,GNQ,2017,0.74435474661241
Equatorial Guinea,GNQ,2016,1.41193915479015
Equatorial Guinea,GNQ,2015,1.67663085315988
Equatorial Guinea,GNQ,2014,4.30999866149107
Equatorial Guinea,GNQ,2013,2.94887694639662
Eritrea,ERI,2025,
Eritrea,ERI,2024,
Eritrea,ERI,2023,
Eritrea,ERI,2022,
Eritrea,ERI,2021,
Eritrea,ERI,2020,
Eritrea,ERI,2019,
Eritrea,ERI,2018,
Eritrea,ERI,2017,
Eritrea,ERI,2016,
Eritrea,ERI,2015,
Eritrea,ERI,2014,
Eritrea,ERI,2013,
Estonia,EST,2025,4.82920753628342
Estonia,EST,2024,3.5194118998392
Estonia,EST,2023,9.15922507983982
Estonia,EST,2022,19.3982634080616
Estonia,EST,2021,4.65316673847473
Estonia,EST,2020,-0.44453109767983
Estonia,EST,2019,2.27725931243522
Estonia,EST,2018,3.43632688420446
Estonia,EST,2017,3.41723549488054
Estonia,EST,2016,0.148684907627373
Estonia,EST,2015,-0.49232600654737
Estonia,EST,2014,-0.10617514652171
Estonia,EST,2013,2.78056658954988
Eswatini,SWZ,2025,
Eswatini,SWZ,2024,
Eswatini,SWZ,2023,
Eswatini,SWZ,2022,
Eswatini,SWZ,2021,
Eswatini,SWZ,2020,
Eswatini,SWZ,2019,2.59801620311077
Eswatini,SWZ,2018,4.81506167461513
Eswatini,SWZ,2017,6.22137528933118
Eswatini,SWZ,2016,7.8472745908568
Eswatini,SWZ,2015,4.95124493704919
Eswatini,SWZ,2014,5.68134885776447
Eswatini,SWZ,2013,5.62130623468948
Ethiopia,ETH,2025,13.2296432836809
Ethiopia,ETH,2024,21.0377460577711
Ethiopia,ETH,2023,30.2188278135278
Ethiopia,ETH,2022,33.8898797100898
Ethiopia,ETH,2021,26.8395221557722
Ethiopia,ETH,2020,20.3563468559061
Ethiopia,ETH,2019,15.8096321719344
Ethiopia,ETH,2018,13.8330356586661
Ethiopia,ETH,2017,10.6871150284238
Ethiopia,ETH,2016,6.62813337230924
Ethiopia,ETH,2015,9.56889955968623
Ethiopia,ETH,2014,6.89001951597192
Ethiopia,ETH,2013,7.46402192944517
Faroe Islands,FRO,2025,
Faroe Islands,FRO,2024,
Faroe Islands,FRO,2023,
Faroe Islands,FRO,2022,
Faroe Islands,FRO,2021,
Faroe Islands,FRO,2020,
Faroe Islands,FRO,2019,
Faroe Islands,FRO,2018,
Faroe Islands,FRO,2017,
Faroe Islands,FRO,2016,
Faroe Islands,FRO,2015,
Faroe Islands,FRO,2014,
Faroe Islands,FRO,2013,
Fiji,FJI,2025,-1.38326833934224
Fiji,FJI,2024,3.89084237884105
Fiji,FJI,2023,2.97544080604539
Fiji,FJI,2022,6.07882431529725
Fiji,FJI,2021,1.53454853751592
Fiji,FJI,2020,-1.70014167847318
Fiji,FJI,2019,1.79388647514555
Fiji,FJI,2018,4.08147637644543
Fiji,FJI,2017,3.34757834757831
Fiji,FJI,2016,3.86322538221278
Fiji,FJI,2015,1.37488542621447
Fiji,FJI,2014,0.519306474579107
Fiji,FJI,2013,2.91354193603992
Finland,FIN,2025,0.337874659400574
Finland,FIN,2024,1.56568906231616
Finland,FIN,2023,6.25064322154763
Finland,FIN,2022,7.12350773301412
Finland,FIN,2021,2.19457432339998
Finland,FIN,2020,0.290554555653239
Finland,FIN,2019,1.02409392963431
Finland,FIN,2018,1.08382098409296
Finland,FIN,2017,0.754015047084438
Finland,FIN,2016,0.356684500891695
Finland,FIN,2015,-0.207928839905177
Finland,FIN,2014,1.0411962117843
Finland,FIN,2013,1.4782861568881
France,FRA,2025,0.943770212469976
France,FRA,2024,1.99904942291463
France,FRA,2023,4.8783572650844
France,FRA,2022,5.22236748369725
France,FRA,2021,1.64233141038394
France,FRA,2020,0.476498852725065
France,FRA,2019,1.10825492288294
France,FRA,2018,1.85081508315493
France,FRA,2017,1.03228275064681
France,FRA,2016,0.183334861123765
France,FRA,2015,0.0375143805125182
France,FRA,2014,0.50775882293799
France,FRA,2013,0.863715497861804
French Polynesia,PYF,2025,
French Polynesia,PYF,2024,
French Polynesia,PYF,2023,
French Polynesia,PYF,2022,
French Polynesia,PYF,2021,
French Polynesia,PYF,2020,
French Polynesia,PYF,2019,
French Polynesia,PYF,2018,
French Polynesia,PYF,2017,
French Polynesia,PYF,2016,
French Polynesia,PYF,2015,
French Polynesia,PYF,2014,
French Polynesia,PYF,2013,
Gabon,GAB,2025,1.76766609003481
Gabon,GAB,2024,1.17311998381218
Gabon,GAB,2023,3.62901534185376
Gabon,GAB,2022,4.23124798274579
Gabon,GAB,2021,1.0869074651941
Gabon,GAB,2020,1.35276110675333
Gabon,GAB,2019,2.46456756151187
Gabon,GAB,2018,4.74906652083221
Gabon,GAB,2017,2.65192583143902
Gabon,GAB,2016,2.10670712784054
Gabon,GAB,2015,-0.338795188753406
Gabon,GAB,2014,4.69045751826284
Gabon,GAB,2013,0.505441058915615
"Gambia, The",GMB,2025,
"Gambia, The",GMB,2024,11.5610532897511
"Gambia, The",GMB,2023,16.9742129632327
"Gambia, The",GMB,2022,11.5131198380505
"Gambia, The",GMB,2021,7.37034758876618
"Gambia, The",GMB,2020,5.93127636562441
"Gambia, The",GMB,2019,7.11567625631192
"Gambia, The",GMB,2018,6.52096823946573
"Gambia, The",GMB,2017,8.03418974545911
"Gambia, The",GMB,2016,7.22879272057922
"Gambia, The",GMB,2015,6.8084549457961
"Gambia, The",GMB,2014,5.94799935696626
"Gambia, The",GMB,2013,5.69912989637382
Georgia,GEO,2025,3.8692132193969
Georgia,GEO,2024,1.10971758022096
Georgia,GEO,2023,2.48776056578715
Georgia,GEO,2022,11.8981654203198
Georgia,GEO,2021,9.56691433824769
Georgia,GEO,2020,5.2024648897534
Georgia,GEO,2019,4.85289821696723
Georgia,GEO,2018,2.6152447139767
Georgia,GEO,2017,6.03531725272117
Georgia,GEO,2016,2.13492713939121
Georgia,GEO,2015,4.00357820695097
Georgia,GEO,2014,3.06881210379543
Georgia,GEO,2013,-0.512058410947092
Germany,DEU,2025,2.17178770949721
Germany,DEU,2024,2.2564981433876
Germany,DEU,2023,5.94643667725823
Germany,DEU,2022,6.87257438551097
Germany,DEU,2021,3.06666666666673
Germany,DEU,2020,0.144877925813982
Germany,DEU,2019,1.44565976888253
Germany,DEU,2018,1.73216879766942
Germany,DEU,2017,1.50949485109628
Germany,DEU,2016,0.491747008445174
Germany,DEU,2015,0.514426137125456
Germany,DEU,2014,0.906794000434246
Germany,DEU,2013,1.50472330251876
Ghana,GHA,2025,14.2046755548989
Ghana,GHA,2024,22.8483281157842
Ghana,GHA,2023,38.1069656296501
Ghana,GHA,2022,31.2558951049016
Ghana,GHA,2021,9.9710886750444
Ghana,GHA,2020,9.88728956269944
Ghana,GHA,2019,7.14364003330857
Ghana,GHA,2018,7.80876516610703
Ghana,GHA,2017,12.3719215507048
Ghana,GHA,2016,17.4546347070868
Ghana,GHA,2015,17.1499695007878
Ghana,GHA,2014,15.4896160333318
Ghana,GHA,2013,11.6661923071729
Gibraltar,GIB,2025,
Gibraltar,GIB,2024,
Gibraltar,GIB,2023,
Gibraltar,GIB,2022,
Gibraltar,GIB,2021,
Gibraltar,GIB,2020,
Gibraltar,GIB,2019,
Gibraltar,GIB,2018,
Gibraltar,GIB,2017,
Gibraltar,GIB,2016,
Gibraltar,GIB,2015,
Gibraltar,GIB,2014,
Gibraltar,GIB,2013,
Greece,GRC,2025,2.48209745378857
Greece,GRC,2024,2.74101875679486
Greece,GRC,2023,3.46480128513405
Greece,GRC,2022,9.64525981280632
Greece,GRC,2021,1.22382501019854
Greece,GRC,2020,-1.24798355581405
Greece,GRC,2019,0.253007522038157
Greece,GRC,2018,0.62562141345364
Greece,GRC,2017,1.12125452031419
Greece,GRC,2016,-0.825653978390973
Greece,GRC,2015,-1.73588804765284
Greece,GRC,2014,-1.31226096405506
Greece,GRC,2013,-0.921269454256994
Greenland,GRL,2025,
Greenland,GRL,2024,
Greenland,GRL,2023,
Greenland,GRL,2022,
Greenland,GRL,2021,
Greenland,GRL,2020,
Greenland,GRL,2019,
Greenland,GRL,2018,
Greenland,GRL,2017,
Greenland,GRL,2016,
Greenland,GRL,2015,
Greenland,GRL,2014,
Greenland,GRL,2013,
Grenada,GRD,2025,0.610311975893833
Grenada,GRD,2024,1.08615365134737
Grenada,GRD,2023,2.69612269814564
Grenada,GRD,2022,2.5805392590792
Grenada,GRD,2021,1.21951193916838
Grenada,GRD,2020,-0.740732597045498
Grenada,GRD,2019,0.598149764736022
Grenada,GRD,2018,0.804102313277033
Grenada,GRD,2017,0.908458255874249
Grenada,GRD,2016,1.65038994431573
Grenada,GRD,2015,-0.515448031435329
Grenada,GRD,2014,-0.98360305555498
Grenada,GRD,2013,-0.0439997864828058
Guam,GUM,2025,
Guam,GUM,2024,
Guam,GUM,2023,
Guam,GUM,2022,
Guam,GUM,2021,
Guam,GUM,2020,
Guam,GUM,2019,
Guam,GUM,2018,
Guam,GUM,2017,
Guam,GUM,2016,
Guam,GUM,2015,
Guam,GUM,2014,
Guam,GUM,2013,
Guatemala,GTM,2025,1.48841591086169
Guatemala,GTM,2024,2.86992752918294
Guatemala,GTM,2023,6.20657592272126
Guatemala,GTM,2022,6.88512823344287
Guatemala,GTM,2021,4.26105127422813
Guatemala,GTM,2020,3.21444062197345
Guatemala,GTM,2019,3.69998398008605
Guatemala,GTM,2018,3.75186186704508
Guatemala,GTM,2017,4.42453655182546
Guatemala,GTM,2016,4.44844199942827
Guatemala,GTM,2015,2.3887203283955
Guatemala,GTM,2014,3.4183616966296
Guatemala,GTM,2013,4.34337131279521
Guinea,GIN,2025,3.54630163142885
Guinea,GIN,2024,8.12313914948596
Guinea,GIN,2023,7.80497591927973
Guinea,GIN,2022,10.4930409984424
Guinea,GIN,2021,12.5972882566934
Guinea,GIN,2020,10.6016203387167
Guinea,GIN,2019,9.47001039253012
Guinea,GIN,2018,9.82761701259191
Guinea,GIN,2017,8.91435947913097
Guinea,GIN,2016,8.17268112275132
Guinea,GIN,2015,11.7800825029834
Guinea,GIN,2014,6.1505055670642
Guinea,GIN,2013,11.8875884481828
Guinea-Bissau,GNB,2025,0.874929691038717
Guinea-Bissau,GNB,2024,3.76555825770114
Guinea-Bissau,GNB,2023,7.10220928557059
Guinea-Bissau,GNB,2022,9.39075933985203
Guinea-Bissau,GNB,2021,2.24248879577658
Guinea-Bissau,GNB,2020,1.14000939393222
Guinea-Bissau,GNB,2019,0.24660026814783
Guinea-Bissau,GNB,2018,0.381324702790992
Guinea-Bissau,GNB,2017,1.69111461822298
Guinea-Bissau,GNB,2016,1.50312055861088
Guinea-Bissau,GNB,2015,1.47672048910485
Guinea-Bissau,GNB,2014,-1.50924460570494
Guinea-Bissau,GNB,2013,1.20712555668405
Guyana,GUY,2025,3.32982339132475
Guyana,GUY,2024,2.90379501424778
Guyana,GUY,2023,2.82159393090811
Guyana,GUY,2022,6.93346066500816
Guyana,GUY,2021,4.50619858925893
Guyana,GUY,2020,0.722434045501787
Guyana,GUY,2019,2.11238986774464
Guyana,GUY,2018,1.25128567037044
Guyana,GUY,2017,1.94571617739331
Guyana,GUY,2016,0.826177341246544
Guyana,GUY,2015,-0.865401289233742
Guyana,GUY,2014,0.683700250354637
Guyana,GUY,2013,1.9111250917408
Haiti,HTI,2025,28.6427976686095
Haiti,HTI,2024,26.9490564091987
Haiti,HTI,2023,36.8135162780854
Haiti,HTI,2022,33.98393194707
Haiti,HTI,2021,16.8415240198785
Haiti,HTI,2020,22.7963113642528
Haiti,HTI,2019,18.7037825672506
Haiti,HTI,2018,12.4814111170435
Haiti,HTI,2017,10.6800887242584
Haiti,HTI,2016,11.5029073942666
Haiti,HTI,2015,6.73184069658997
Haiti,HTI,2014,3.43816659958601
Haiti,HTI,2013,4.76502404779142
Honduras,HND,2025,4.59657982325258
Honduras,HND,2024,4.60621098127101
Honduras,HND,2023,6.66325180347463
Honduras,HND,2022,9.08963911525032
Honduras,HND,2021,4.48087963413446
Honduras,HND,2020,3.46841177951171
Honduras,HND,2019,4.36587159819274
Honduras,HND,2018,4.34734937777536
Honduras,HND,2017,3.93436084442037
Honduras,HND,2016,2.72461223295289
Honduras,HND,2015,3.15783117980915
Honduras,HND,2014,6.12924930313031
Honduras,HND,2013,5.16189898581494
"Hong Kong SAR, China",HKG,2025,1.43633540372673
"Hong Kong SAR, China",HKG,2024,1.72972119105914
"Hong Kong SAR, China",HKG,2023,2.09660511249089
"Hong Kong SAR, China",HKG,2022,1.88136707196853
"Hong Kong SAR, China",HKG,2021,1.56875834445922
"Hong Kong SAR, China",HKG,2020,0.2509620210808
"Hong Kong SAR, China",HKG,2019,2.88320853773996
"Hong Kong SAR, China",HKG,2018,2.40613432046534
"Hong Kong SAR, China",HKG,2017,1.49387243939522
"Hong Kong SAR, China",HKG,2016,2.40930743862224
"Hong Kong SAR, China",HKG,2015,2.99084819322581
"Hong Kong SAR, China",HKG,2014,4.42364532019699
"Hong Kong SAR, China",HKG,2013,4.33799342105267
Hungary,HUN,2025,4.41198445905562
Hungary,HUN,2024,3.70370370370369
Hungary,HUN,2023,17.1249659678737
Hungary,HUN,2022,14.6081439492433
Hungary,HUN,2021,5.11096534382855
Hungary,HUN,2020,3.32674385766738
Hungary,HUN,2019,3.33858635382008
Hungary,HUN,2018,2.85024792594646
Hungary,HUN,2017,2.34824281150154
Hungary,HUN,2016,0.394769306686392
Hungary,HUN,2015,-0.0616446800641672
Hungary,HUN,2014,-0.227566270988219
Hungary,HUN,2013,1.73319984983101
Iceland,ISL,2025,4.09085056006515
Iceland,ISL,2024,5.85683849970072
Iceland,ISL,2023,8.73630299937298
Iceland,ISL,2022,8.30875511558912
Iceland,ISL,2021,4.44423970189746
Iceland,ISL,2020,2.84792401518657
Iceland,ISL,2019,3.01397179156061
Iceland,ISL,2018,2.68291768267392
Iceland,ISL,2017,1.76041559180605
Iceland,ISL,2016,1.69692761997734
Iceland,ISL,2015,1.63305558181335
Iceland,ISL,2014,2.04461481539342
Iceland,ISL,2013,3.8722792374824
India,IND,2025,2.39884954182294
India,IND,2024,4.95303550973661
India,IND,2023,5.64914318907925
India,IND,2022,6.69903414079858
India,IND,2021,5.13140747176364
India,IND,2020,6.6234367762853
India,IND,2019,3.72950573539123
India,IND,2018,3.93882646691643
India,IND,2017,3.32817337461305
India,IND,2016,4.94821634062134
India,IND,2015,4.90697344127249
India,IND,2014,6.66565671867899
India,IND,2013,10.0178784746104
Indonesia,IDN,2025,1.9133344329508
Indonesia,IDN,2024,2.18151273615189
Indonesia,IDN,2023,3.66938654859761
Indonesia,IDN,2022,4.20946463714784
Indonesia,IDN,2021,1.56007882983334
Indonesia,IDN,2020,1.91983527270793
Indonesia,IDN,2019,3.03058460941661
Indonesia,IDN,2018,3.19834755924996
Indonesia,IDN,2017,3.80879857691949
Indonesia,IDN,2016,3.52580452815451
Indonesia,IDN,2015,6.36312061196646
Indonesia,IDN,2014,6.39492882396559
Indonesia,IDN,2013,6.41249457900391
"Iran, Islamic Rep.",IRN,2025,42.1712244965444
"Iran, Islamic Rep.",IRN,2024,32.455871402917
"Iran, Islamic Rep.",IRN,2023,44.5791857572797
"Iran, Islamic Rep.",IRN,2022,43.4884641742179
"Iran, Islamic Rep.",IRN,2021,43.3890162681514
"Iran, Islamic Rep.",IRN,2020,30.5941390387295
"Iran, Islamic Rep.",IRN,2019,39.9073455697784
"Iran, Islamic Rep.",IRN,2018,18.0141183371874
"Iran, Islamic Rep.",IRN,2017,8.04492437660278
"Iran, Islamic Rep.",IRN,2016,7.24542548952979
"Iran, Islamic Rep.",IRN,2015,12.4846815611533
"Iran, Islamic Rep.",IRN,2014,16.6065532357449
"Iran, Islamic Rep.",IRN,2013,36.6030355191029
Iraq,IRQ,2025,0.303454715219382
Iraq,IRQ,2024,2.6116961151764
Iraq,IRQ,2023,4.35835351089595
Iraq,IRQ,2022,4.9947659638103
Iraq,IRQ,2021,6.04186489058043
Iraq,IRQ,2020,0.574162679425856
Iraq,IRQ,2019,-0.198965380023882
Iraq,IRQ,2018,0.367441488936828
Iraq,IRQ,2017,0.184058898847553
Iraq,IRQ,2016,0.556521397155548
Iraq,IRQ,2015,1.39333028780268
Iraq,IRQ,2014,2.23597407904726
Iraq,IRQ,2013,1.87949800749416
Ireland,IRL,2025,2.21044788475857
Ireland,IRL,2024,2.11344999577317
Ireland,IRL,2023,6.29942487419125
Ireland,IRL,2022,7.82945736434105
Ireland,IRL,2021,2.34034113447044
Ireland,IRL,2020,-0.326183651280033
Ireland,IRL,2019,0.937842961189274
Ireland,IRL,2018,0.471130713712916
Ireland,IRL,2017,0.362173038229378
Ireland,IRL,2016,0.0201247735963237
Ireland,IRL,2015,-0.330959783371788
Ireland,IRL,2014,0.190916398713745
Ireland,IRL,2013,0.515099484900573
Isle of Man,IMN,2025,
Isle of Man,IMN,2024,
Isle of Man,IMN,2023,
Isle of Man,IMN,2022,
Isle of Man,IMN,2021,
Isle of Man,IMN,2020,
Isle of Man,IMN,2019,
Isle of Man,IMN,2018,
Isle of Man,IMN,2017,
Isle of Man,IMN,2016,
Isle of Man,IMN,2015,
Isle of Man,IMN,2014,
Isle of Man,IMN,2013,
Israel,ISR,2025,3.0414132155654
Israel,ISR,2024,3.07480889805025
Israel,ISR,2023,4.22522603168918
Israel,ISR,2022,4.41162725488371
Israel,ISR,2021,1.47965474722561
Israel,ISR,2020,-0.575254620897756
Israel,ISR,2019,0.817645940292794
Israel,ISR,2018,0.805060379528526
Israel,ISR,2017,0.249807840123008
Israel,ISR,2016,-0.535168195718695
Israel,ISR,2015,-0.617342577642765
Israel,ISR,2014,0.467557251908503
Israel,ISR,2013,1.58976347421476
Italy,ITA,2025,1.5316682765282
Italy,ITA,2024,0.982373023061417
Italy,ITA,2023,5.62219442195901
Italy,ITA,2022,8.20128991161718
Italy,ITA,2021,1.87378325762481
Italy,ITA,2020,-0.13770757391651
Italy,ITA,2019,0.611246943765304
Italy,ITA,2018,1.13748763600391
Italy,ITA,2017,1.22653316645812
Italy,ITA,2016,-0.09401665691575
Italy,ITA,2015,0.0387903996579733
Italy,ITA,2014,0.241047429826756
Italy,ITA,2013,1.21999342274306
Jamaica,JAM,2025,4.00459048079239
Jamaica,JAM,2024,5.41194447981659
Jamaica,JAM,2023,6.47413734662063
Jamaica,JAM,2022,10.3495688391272
Jamaica,JAM,2021,5.86278242801063
Jamaica,JAM,2020,5.2267777929352
Jamaica,JAM,2019,3.90510000865872
Jamaica,JAM,2018,3.73663882152163
Jamaica,JAM,2017,4.37839864991561
Jamaica,JAM,2016,2.35102197485846
Jamaica,JAM,2015,3.69154228855725
Jamaica,JAM,2014,8.27407886231419
Jamaica,JAM,2013,9.34150076569673
Japan,JPN,2025,3.17253034260248
Japan,JPN,2024,2.73853681635241
Japan,JPN,2023,3.26813365933163
Japan,JPN,2022,2.49770278172255
Japan,JPN,2021,-0.233352779398264
Japan,JPN,2020,-0.024995834027731
Japan,JPN,2019,0.46877615938395
Japan,JPN,2018,0.989094598021848
Japan,JPN,2017,0.484199796126385
Japan,JPN,2016,-0.127258844489754
Japan,JPN,2015,0.795279630579839
Japan,JPN,2014,2.75922671353253
Japan,JPN,2013,0.335037912184741
Jordan,JOR,2025,1.76646490894206
Jordan,JOR,2024,1.55659611283953
Jordan,JOR,2023,2.08486986327134
Jordan,JOR,2022,4.22915568897117
Jordan,JOR,2021,1.34609377243118
Jordan,JOR,2020,0.333294350628378
Jordan,JOR,2019,0.761514047265601
Jordan,JOR,2018,4.46231108475481
Jordan,JOR,2017,3.32389447576097
Jordan,JOR,2016,-0.778430463054142
Jordan,JOR,2015,-0.876851359704049
Jordan,JOR,2014,2.89947905006057
Jordan,JOR,2013,4.82462314269537
Kazakhstan,KAZ,2025,11.3879454675914
Kazakhstan,KAZ,2024,8.69082156104494
Kazakhstan,KAZ,2023,14.5275597825952
Kazakhstan,KAZ,2022,15.0278644440851
Kazakhstan,KAZ,2021,8.04147134028401
Kazakhstan,KAZ,2020,6.71815454861458
Kazakhstan,KAZ,2019,5.33356098916669
Kazakhstan,KAZ,2018,6.16366247577762
Kazakhstan,KAZ,2017,7.44266321306792
Kazakhstan,KAZ,2016,14.3610942386248
Kazakhstan,KAZ,2015,6.67828585615236
Kazakhstan,KAZ,2014,6.84944977003358
Kazakhstan,KAZ,2013,5.94283871648418
Kenya,KEN,2025,4.06912878540729
Kenya,KEN,2024,4.48978854243448
Kenya,KEN,2023,7.67139634029402
Kenya,KEN,2022,7.65986268272224
Kenya,KEN,2021,6.10793603659176
Kenya,KEN,2020,5.40516207933392
Kenya,KEN,2019,5.23963795764792
Kenya,KEN,2018,4.6898064677633
Kenya,KEN,2017,8.00564967709945
Kenya,KEN,2016,6.29724953814625
Kenya,KEN,2015,6.58215429284779
Kenya,KEN,2014,6.87815499275949
Kenya,KEN,2013,5.71749357037733
Kiribati,KIR,2025,
Kiribati,KIR,2024,2.45545072159028
Kiribati,KIR,2023,9.28307374517721
Kiribati,KIR,2022,5.34595440908904
Kiribati,KIR,2021,2.05361676773907
Kiribati,KIR,2020,2.5532455441463
Kiribati,KIR,2019,-1.81307995302947
Kiribati,KIR,2018,0.564030491493476
Kiribati,KIR,2017,0.355520888546828
Kiribati,KIR,2016,1.91731090233378
Kiribati,KIR,2015,0.572015743634256
Kiribati,KIR,2014,2.10398520925043
Kiribati,KIR,2013,-1.488059084681
"Korea, Dem. People's Rep.",PRK,2025,
"Korea, Dem. People's Rep.",PRK,2024,
"Korea, Dem. People's Rep.",PRK,2023,
"Korea, Dem. People's Rep.",PRK,2022,
"Korea, Dem. People's Rep.",PRK,2021,
"Korea, Dem. People's Rep.",PRK,2020,
"Korea, Dem. People's Rep.",PRK,2019,
"Korea, Dem. People's Rep.",PRK,2018,
"Korea, Dem. People's Rep.",PRK,2017,
"Korea, Dem. People's Rep.",PRK,2016,
"Korea, Dem. People's Rep.",PRK,2015,
"Korea, Dem. People's Rep.",PRK,2014,
"Korea, Dem. People's Rep.",PRK,2013,
"Korea, Rep.",KOR,2025,2.12309421458659
"Korea, Rep.",KOR,2024,2.32174328643542
"Korea, Rep.",KOR,2023,3.5974562502901
"Korea, Rep.",KOR,2022,5.08951365062842
"Korea, Rep.",KOR,2021,2.49833333333339
"Korea, Rep.",KOR,2020,0.537288023411737
"Korea, Rep.",KOR,2019,0.383000303608136
"Korea, Rep.",KOR,2018,1.47583935002645
"Korea, Rep.",KOR,2017,1.94433230786366
"Korea, Rep.",KOR,2016,0.971685739912168
"Korea, Rep.",KOR,2015,0.70633177245575
"Korea, Rep.",KOR,2014,1.27477446401322
"Korea, Rep.",KOR,2013,1.30134754547413
Kosovo,XKX,2025,3.85953869869506
Kosovo,XKX,2024,1.61944994559476
Kosovo,XKX,2023,4.94432438791283
Kosovo,XKX,2022,11.5805104542012
Kosovo,XKX,2021,3.35369139207997
Kosovo,XKX,2020,0.198227922994854
Kosovo,XKX,2019,2.67599202639893
Kosovo,XKX,2018,1.05379773654991
Kosovo,XKX,2017,1.48823430592319
Kosovo,XKX,2016,0.273169431045468
Kosovo,XKX,2015,-0.536929392740659
Kosovo,XKX,2014,0.428957808324092
Kosovo,XKX,2013,1.76732428354892
Kuwait,KWT,2025,2.36195936682045
Kuwait,KWT,2024,2.89855072463762
Kuwait,KWT,2023,3.64216403030709
Kuwait,KWT,2022,3.98064961990313
Kuwait,KWT,2021,3.42362947609188
Kuwait,KWT,2020,2.101729548274
Kuwait,KWT,2019,1.09184802655856
Kuwait,KWT,2018,0.543133148199567
Kuwait,KWT,2017,2.17183298510006
Kuwait,KWT,2016,3.19839776658374
Kuwait,KWT,2015,3.27170166092133
Kuwait,KWT,2014,2.90892672858625
Kuwait,KWT,2013,2.68229684085039
Kyrgyz Republic,KGZ,2025,8.21496013406325
Kyrgyz Republic,KGZ,2024,4.99760701207323
Kyrgyz Republic,KGZ,2023,10.7532770416742
Kyrgyz Republic,KGZ,2022,13.9229093174176
Kyrgyz Republic,KGZ,2021,11.9050398185147
Kyrgyz Republic,KGZ,2020,6.32542296338078
Kyrgyz Republic,KGZ,2019,1.13362257718804
Kyrgyz Republic,KGZ,2018,1.54266145238436
Kyrgyz Republic,KGZ,2017,3.1753098637994
Kyrgyz Republic,KGZ,2016,0.388838296895799
Kyrgyz Republic,KGZ,2015,6.50331838993384
Kyrgyz Republic,KGZ,2014,7.5342472977589
Kyrgyz Republic,KGZ,2013,6.61375202358082
Lao PDR,LAO,2025,7.74226936553695
Lao PDR,LAO,2024,23.1305695942588
Lao PDR,LAO,2023,31.2301341732646
Lao PDR,LAO,2022,22.9562225132056
Lao PDR,LAO,2021,3.75562036658877
Lao PDR,LAO,2020,5.10407262959919
Lao PDR,LAO,2019,3.32255881256925
Lao PDR,LAO,2018,2.04039266890201
Lao PDR,LAO,2017,0.825478607568026
Lao PDR,LAO,2016,1.59691227583204
Lao PDR,LAO,2015,1.27735427102992
Lao PDR,LAO,2014,4.12924306873771
Lao PDR,LAO,2013,6.37142717782947
Latvia,LVA,2025,3.74577316751945
Latvia,LVA,2024,1.26579885828729
Latvia,LVA,2023,8.9380462331663
Latvia,LVA,2022,17.3102830198815
Latvia,LVA,2021,3.27582937431165
Latvia,LVA,2020,0.219064904841985
Latvia,LVA,2019,2.81140920075624
Latvia,LVA,2018,2.53445424186598
Latvia,LVA,2017,2.93036312374665
Latvia,LVA,2016,0.140633334505327
Latvia,LVA,2015,0.174242243625186
Latvia,LVA,2014,0.620490636732421
Latvia,LVA,2013,-0.029454778257828
Lebanon,LBN,2025,14.597595869611
Lebanon,LBN,2024,45.2430422716718
Lebanon,LBN,2023,221.341644023365
Lebanon,LBN,2022,171.205491336641
Lebanon,LBN,2021,154.756096023393
Lebanon,LBN,2020,84.8643330472041
Lebanon,LBN,2019,3.00538949390383
Lebanon,LBN,2018,6.07698907889607
Lebanon,LBN,2017,4.32135218303191
Lebanon,LBN,2016,-0.783359624361508
Lebanon,LBN,2015,-3.74914524799629
Lebanon,LBN,2014,1.8546042134091
Lebanon,LBN,2013,4.82101956297399
Lesotho,LSO,2025,4.27011140706666
Lesotho,LSO,2024,6.10544624245032
Lesotho,LSO,2023,6.34221743124953
Lesotho,LSO,2022,8.27180389943028
Lesotho,LSO,2021,6.04774591950676
Lesotho,LSO,2020,4.97809676252309
Lesotho,LSO,2019,5.18708359197982
Lesotho,LSO,2018,4.7518030162474
Lesotho,LSO,2017,4.447699373763
Lesotho,LSO,2016,6.59650490696543
Lesotho,LSO,2015,3.21844513655931
Lesotho,LSO,2014,5.37028961008587
Lesotho,LSO,2013,4.86511899496385
Liberia,LBR,2025,8.31564329402952
Liberia,LBR,2024,8.21497439118964
Liberia,LBR,2023,10.0944535665552
Liberia,LBR,2022,7.59298486560313
Liberia,LBR,2021,7.81559385858648
Liberia,LBR,2020,16.9557241496255
Liberia,LBR,2019,26.9662760197878
Liberia,LBR,2018,23.5635148953742
Liberia,LBR,2017,12.4196323907138
Liberia,LBR,2016,8.83424868336488
Liberia,LBR,2015,7.74869687621322
Liberia,LBR,2014,9.86111285574904
Liberia,LBR,2013,7.577306817414
Libya,LBY,2025,1.84166666666702
Libya,LBY,2024,2.12615766885021
Libya,LBY,2023,2.3731753143518
Libya,LBY,2022,4.51030149235695
Libya,LBY,2021,2.86833027751015
Libya,LBY,2020,1.44703656998741
Libya,LBY,2019,-2.16217883470591
Libya,LBY,2018,13.1702038536722
Libya,LBY,2017,25.8036184788337
Libya,LBY,2016,25.853874212446
Libya,LBY,2015,10.4022933588151
Libya,LBY,2014,2.43294141599233
Libya,LBY,2013,2.60581802719517
Liechtenstein,LIE,2025,
Liechtenstein,LIE,2024,
Liechtenstein,LIE,2023,
Liechtenstein,LIE,2022,
Liechtenstein,LIE,2021,
Liechtenstein,LIE,2020,
Liechtenstein,LIE,2019,
Liechtenstein,LIE,2018,
Liechtenstein,LIE,2017,
Liechtenstein,LIE,2016,
Liechtenstein,LIE,2015,
Liechtenstein,LIE,2014,
Liechtenstein,LIE,2013,
Lithuania,LTU,2025,3.79170510860467
Lithuania,LTU,2024,0.715735835228723
Lithuania,LTU,2023,9.11731962390475
Lithuania,LTU,2022,19.7050461518394
Lithuania,LTU,2021,4.68354420903453
Lithuania,LTU,2020,1.19989444983569
Lithuania,LTU,2019,2.33450937988027
Lithuania,LTU,2018,2.69792779208394
Lithuania,LTU,2017,3.72288862303707
Lithuania,LTU,2016,0.905525075460342
Lithuania,LTU,2015,-0.884097405500596
Lithuania,LTU,2014,0.103758009433708
Lithuania,LTU,2013,1.04747937065344
Luxembourg,LUX,2025,2.25723817871726
Luxembourg,LUX,2024,2.05113269954859
Luxembourg,LUX,2023,3.74140361983136
Luxembourg,LUX,2022,6.33600807777919
Luxembourg,LUX,2021,2.52692009066166
Luxembourg,LUX,2020,0.819957302127036
Luxembourg,LUX,2019,1.74332075653848
Luxembourg,LUX,2018,1.5281952430737
Luxembourg,LUX,2017,1.73079959118896
Luxembourg,LUX,2016,0.290833333333225
Luxembourg,LUX,2015,0.474743161437871
Luxembourg,LUX,2014,0.628543985440717
Luxembourg,LUX,2013,1.73403963519162
"Macao SAR, China",MAC,2025,0.333311677308542
"Macao SAR, China",MAC,2024,0.672498598854365
"Macao SAR, China",MAC,2023,0.476384495788075
"Macao SAR, China",MAC,2022,1.04502802369954
"Macao SAR, China",MAC,2021,0.0264543647055504
"Macao SAR, China",MAC,2020,0.811410511491512
"Macao SAR, China",MAC,2019,2.75193081051975
"Macao SAR, China",MAC,2018,3.00446293166953
"Macao SAR, China",MAC,2017,1.22812404052809
"Macao SAR, China",MAC,2016,2.36895749705898
"Macao SAR, China",MAC,2015,4.56056338028173
"Macao SAR, China",MAC,2014,6.04823452094076
"Macao SAR, China",MAC,2013,5.50057779178484
Madagascar,MDG,2025,8.05052431791227
Madagascar,MDG,2024,7.61335784313723
Madagascar,MDG,2023,9.87432675044888
Madagascar,MDG,2022,8.16059031991844
Madagascar,MDG,2021,5.81225118787715
Madagascar,MDG,2020,4.20179312190557
Madagascar,MDG,2019,5.61051441492365
Madagascar,MDG,2018,8.59422958870476
Madagascar,MDG,2017,8.60905075422949
Madagascar,MDG,2016,6.03575858154679
Madagascar,MDG,2015,7.40419174202129
Madagascar,MDG,2014,6.08040811088302
Madagascar,MDG,2013,5.8264294445198
Malawi,MWI,2025,28.3702565330281
Malawi,MWI,2024,32.1796504225025
Malawi,MWI,2023,28.7897428247298
Malawi,MWI,2022,20.953969729969
Malawi,MWI,2021,9.33014410835212
Malawi,MWI,2020,8.62551469650552
Malawi,MWI,2019,9.3708360560567
Malawi,MWI,2018,12.420178108921
Malawi,MWI,2017,11.5433939188771
Malawi,MWI,2016,21.7111132136499
Malawi,MWI,2015,21.8673475542553
Malawi,MWI,2014,23.7920649469687
Malawi,MWI,2013,27.2833333333334
Malaysia,MYS,2025,1.38060872293692
Malaysia,MYS,2024,1.834100204499
Malaysia,MYS,2023,2.48886560125754
Malaysia,MYS,2022,3.37869862549928
Malaysia,MYS,2021,2.47710241465447
Malaysia,MYS,2020,-1.1387021539305
Malaysia,MYS,2019,0.662891865764326
Malaysia,MYS,2018,0.884709160571235
Malaysia,MYS,2017,3.87120115774237
Malaysia,MYS,2016,2.09056659525742
Malaysia,MYS,2015,2.10438980238359
Malaysia,MYS,2014,3.14299050879095
Malaysia,MYS,2013,2.10501231233612
Maldives,MDV,2025,4.00578494118752
Maldives,MDV,2024,1.41093527910134
Maldives,MDV,2023,2.90372427754586
Maldives,MDV,2022,2.3305404647725
Maldives,MDV,2021,0.543149688737013
Maldives,MDV,2020,-1.36977425569811
Maldives,MDV,2019,0.220029731065383
Maldives,MDV,2018,-0.133373386117595
Maldives,MDV,2017,2.81747338234509
Maldives,MDV,2016,0.502509413611612
Maldives,MDV,2015,0.953206658777607
Maldives,MDV,2014,2.12000175718134
Maldives,MDV,2013,3.8056300091943
Mali,MLI,2025,3.27823540357584
Mali,MLI,2024,3.2063986409966
Mali,MLI,2023,2.05880228274223
Mali,MLI,2022,9.62147608489064
Mali,MLI,2021,3.92560283104277
Mali,MLI,2020,0.438088940320669
Mali,MLI,2019,-1.65826694846365
Mali,MLI,2018,0.299546507387843
Mali,MLI,2017,1.75985742927165
Mali,MLI,2016,-1.79964707083386
Mali,MLI,2015,1.45069057605961
Mali,MLI,2014,0.883814547137841
Mali,MLI,2013,-0.606736356351563
Malta,MLT,2025,2.36351752252186
Malta,MLT,2024,1.65079469283109
Malta,MLT,2023,5.09396758978883
Malta,MLT,2022,6.15375621933037
Malta,MLT,2021,1.49789217934724
Malta,MLT,2020,0.638544956776712
Malta,MLT,2019,1.6420600176894
Malta,MLT,2018,1.15782362451517
Malta,MLT,2017,1.36435448150708
Malta,MLT,2016,0.642702771527304
Malta,MLT,2015,1.10054826378929
Malta,MLT,2014,0.310306472181665
Malta,MLT,2013,1.1802843636655
Marshall Islands,MHL,2025,
Marshall Islands,MHL,2024,
Marshall Islands,MHL,2023,
Marshall Islands,MHL,2022,
Marshall Islands,MHL,2021,
Marshall Islands,MHL,2020,
Marshall Islands,MHL,2019,
Marshall Islands,MHL,2018,
Marshall Islands,MHL,2017,
Marshall Islands,MHL,2016,
Marshall Islands,MHL,2015,
Marshall Islands,MHL,2014,
Marshall Islands,MHL,2013,
Mauritania,MRT,2025,1.54796926167072
Mauritania,MRT,2024,2.49164347481972
Mauritania,MRT,2023,4.95305034506872
Mauritania,MRT,2022,9.52526628622843
Mauritania,MRT,2021,3.56516484650185
Mauritania,MRT,2020,2.3856948845632
Mauritania,MRT,2019,2.30009262117937
Mauritania,MRT,2018,3.06735996058356
Mauritania,MRT,2017,2.25427651934813
Mauritania,MRT,2016,1.47171045650004
Mauritania,MRT,2015,3.25472688117631
Mauritania,MRT,2014,3.53436856147324
Mauritania,MRT,2013,4.12910173783393
Mauritius,MUS,2025,3.67359279962943
Mauritius,MUS,2024,3.6045220384796
Mauritius,MUS,2023,7.05298238454736
Mauritius,MUS,2022,10.7737512242899
Mauritius,MUS,2021,4.02852888157376
Mauritius,MUS,2020,2.5808007718283
Mauritius,MUS,2019,0.405655190309553
Mauritius,MUS,2018,3.2160538314457
Mauritius,MUS,2017,3.66699702675925
Mauritius,MUS,2016,0.977675134718965
Mauritius,MUS,2015,1.28654970760232
Mauritius,MUS,2014,3.21769191994684
Mauritius,MUS,2013,3.54329573934839
Mexico,MEX,2025,3.80668650726485
Mexico,MEX,2024,4.72225588452932
Mexico,MEX,2023,5.52796087314389
Mexico,MEX,2022,7.8962761916855
Mexico,MEX,2021,5.68920847683753
Mexico,MEX,2020,3.39683415570006
Mexico,MEX,2019,3.63596142127046
Mexico,MEX,2018,4.89935015356551
Mexico,MEX,2017,6.04145724018986
Mexico,MEX,2016,2.8217078474766
Mexico,MEX,2015,2.72064064964023
Mexico,MEX,2014,4.01861608078679
Mexico,MEX,2013,3.80639069747204
"Micronesia, Fed. Sts.",FSM,2025,
"Micronesia, Fed. Sts.",FSM,2024,
"Micronesia, Fed. Sts.",FSM,2023,
"Micronesia, Fed. Sts.",FSM,2022,5.40874375479067
"Micronesia, Fed. Sts.",FSM,2021,3.19128406597466
"Micronesia, Fed. Sts.",FSM,2020,0.554594630853174
"Micronesia, Fed. Sts.",FSM,2019,1.92385170787923
"Micronesia, Fed. Sts.",FSM,2018,1.49840023593737
"Micronesia, Fed. Sts.",FSM,2017,0.58225373525489
"Micronesia, Fed. Sts.",FSM,2016,-1.03746806405349
"Micronesia, Fed. Sts.",FSM,2015,-0.2981158373807
"Micronesia, Fed. Sts.",FSM,2014,0.650284891767944
"Micronesia, Fed. Sts.",FSM,2013,1.75232737350762
Moldova,MDA,2025,7.75904124001159
Moldova,MDA,2024,4.67773516007048
Moldova,MDA,2023,13.41701043813
Moldova,MDA,2022,28.7372976766236
Moldova,MDA,2021,5.10641129002836
Moldova,MDA,2020,3.76597122245358
Moldova,MDA,2019,4.83778351428729
Moldova,MDA,2018,3.04505397337058
Moldova,MDA,2017,6.57022997455604
Moldova,MDA,2016,6.35930898037931
Moldova,MDA,2015,9.67624033101859
Moldova,MDA,2014,5.08878554625869
Moldova,MDA,2013,4.59787897363136
Monaco,MCO,2025,
Monaco,MCO,2024,
Monaco,MCO,2023,
Monaco,MCO,2022,
Monaco,MCO,2021,
Monaco,MCO,2020,
Monaco,MCO,2019,
Monaco,MCO,2018,
Monaco,MCO,2017,
Monaco,MCO,2016,
Monaco,MCO,2015,
Monaco,MCO,2014,
Monaco,MCO,2013,
Mongolia,MNG,2025,8.60536487369695
Mongolia,MNG,2024,6.1977990165842
Mongolia,MNG,2023,10.347583131434
Mongolia,MNG,2022,15.1509728200805
Mongolia,MNG,2021,7.35894657888155
Mongolia,MNG,2020,3.7237230614026
Mongolia,MNG,2019,7.30106953550729
Mongolia,MNG,2018,6.82424790145522
Mongolia,MNG,2017,4.30143105302342
Mongolia,MNG,2016,0.733272227314397
Mongolia,MNG,2015,5.73568281938327
Mongolia,MNG,2014,12.2539808129759
Mongolia,MNG,2013,10.4906567588241
Montenegro,MNE,2025,3.89960910704956
Montenegro,MNE,2024,3.33675009282281
Montenegro,MNE,2023,8.58476910455403
Montenegro,MNE,2022,13.0403036347004
Montenegro,MNE,2021,2.41080198403165
Montenegro,MNE,2020,-0.255655699848551
Montenegro,MNE,2019,0.361563704540767
Montenegro,MNE,2018,2.611223782638
Montenegro,MNE,2017,2.3802359905313
Montenegro,MNE,2016,-0.271385023385176
Montenegro,MNE,2015,1.54869158222486
Montenegro,MNE,2014,-0.710514051710227
Montenegro,MNE,2013,2.20589268141178
Morocco,MAR,2025,0.701902154839545
Morocco,MAR,2024,0.985256592004507
Morocco,MAR,2023,6.09114152504141
Morocco,MAR,2022,6.65704202759067
Morocco,MAR,2021,1.40195883962006
Morocco,MAR,2020,0.705968661338261
Morocco,MAR,2019,0.303386036590383
Morocco,MAR,2018,1.80391671141896
Morocco,MAR,2017,0.754663249323619
Morocco,MAR,2016,1.63531114327064
Morocco,MAR,2015,1.5579071134626
Morocco,MAR,2014,0.442310053557048
Morocco,MAR,2013,1.88065466724086
Mozambique,MOZ,2025,4.3684695014615
Mozambique,MOZ,2024,4.07856834812022
Mozambique,MOZ,2023,7.12697482131851
Mozambique,MOZ,2022,10.2794018093421
Mozambique,MOZ,2021,6.40847652975692
Mozambique,MOZ,2020,3.48393567493204
Mozambique,MOZ,2019,2.80270307928111
Mozambique,MOZ,2018,3.91133439990729
Mozambique,MOZ,2017,15.1132073899384
Mozambique,MOZ,2016,17.4180418197597
Mozambique,MOZ,2015,3.55075967356746
Mozambique,MOZ,2014,2.55974875844295
Mozambique,MOZ,2013,4.26135250941963
Myanmar,MMR,2025,
Myanmar,MMR,2024,
Myanmar,MMR,2023,
Myanmar,MMR,2022,
Myanmar,MMR,2021,
Myanmar,MMR,2020,
Myanmar,MMR,2019,8.82506696804558
Myanmar,MMR,2018,6.87232865662935
Myanmar,MMR,2017,4.5725365531752
Myanmar,MMR,2016,6.92882525816076
Myanmar,MMR,2015,9.45417189526018
Myanmar,MMR,2014,4.953299184844
Myanmar,MMR,2013,5.64303883425501
Namibia,NAM,2025,3.51074539609587
Namibia,NAM,2024,4.23903922877036
Namibia,NAM,2023,5.87993463284275
Namibia,NAM,2022,6.08128114112413
Namibia,NAM,2021,3.61690530108814
Namibia,NAM,2020,2.20938236933469
Namibia,NAM,2019,3.72239414422695
Namibia,NAM,2018,4.29159105337875
Namibia,NAM,2017,6.14579981111164
Namibia,NAM,2016,6.72858234593338
Namibia,NAM,2015,3.39401538410559
Namibia,NAM,2014,5.35016966859602
Namibia,NAM,2013,5.60092502290401
Naoero,NRU,2025,
Naoero,NRU,2024,
Naoero,NRU,2023,
Naoero,NRU,2022,
Naoero,NRU,2021,
Naoero,NRU,2020,
Naoero,NRU,2019,
Naoero,NRU,2018,
Naoero,NRU,2017,
Naoero,NRU,2016,
Naoero,NRU,2015,
Naoero,NRU,2014,
Naoero,NRU,2013,
Nepal,NPL,2025,2.65334269811436
Nepal,NPL,2024,4.6850965426577
Nepal,NPL,2023,7.11587261530826
Nepal,NPL,2022,7.6702057938028
Nepal,NPL,2021,4.12676744440695
Nepal,NPL,2020,5.05635826238499
Nepal,NPL,2019,5.56616035243723
Nepal,NPL,2018,4.40659410175714
Nepal,NPL,2017,2.77703998300211
Nepal,NPL,2016,8.7903433200464
Nepal,NPL,2015,7.86890895590891
Nepal,NPL,2014,8.36415469659563
Nepal,NPL,2013,9.04016311917645
Netherlands,NLD,2025,3.2595766451366
Netherlands,NLD,2024,3.34754304219953
Netherlands,NLD,2023,3.83839354342808
Netherlands,NLD,2022,10.0012078753473
Netherlands,NLD,2021,2.67572008805385
Netherlands,NLD,2020,1.27246037789161
Netherlands,NLD,2019,2.63369910249591
Netherlands,NLD,2018,1.70349794744479
Netherlands,NLD,2017,1.38145871407216
Netherlands,NLD,2016,0.316666666666652
Netherlands,NLD,2015,0.600248147278776
Netherlands,NLD,2014,0.976035079699679
Netherlands,NLD,2013,2.50689852657875
New Caledonia,NCL,2025,
New Caledonia,NCL,2024,
New Caledonia,NCL,2023,
New Caledonia,NCL,2022,
New Caledonia,NCL,2021,
New Caledonia,NCL,2020,
New Caledonia,NCL,2019,
New Caledonia,NCL,2018,
New Caledonia,NCL,2017,
New Caledonia,NCL,2016,0.578317435520754
New Caledonia,NCL,2015,0.570508141048402
New Caledonia,NCL,2014,0.178851060785511
New Caledonia,NCL,2013,1.27761318992718
New Zealand,NZL,2025,2.8397963180572
New Zealand,NZL,2024,2.92279782301957
New Zealand,NZL,2023,5.73316283034957
New Zealand,NZL,2022,7.17222476016441
New Zealand,NZL,2021,3.94112060778728
New Zealand,NZL,2020,1.71456170007245
New Zealand,NZL,2019,1.61963190184048
New Zealand,NZL,2018,1.59829703801696
New Zealand,NZL,2017,1.85078767452536
New Zealand,NZL,2016,0.646240284454524
New Zealand,NZL,2015,0.292704628136101
New Zealand,NZL,2014,1.227507505974
New Zealand,NZL,2013,1.13442266445817
Nicaragua,NIC,2025,2.08132127098376
Nicaragua,NIC,2024,4.62473841057141
Nicaragua,NIC,2023,8.38765854872536
Nicaragua,NIC,2022,10.4674244465991
Nicaragua,NIC,2021,4.92841396948968
Nicaragua,NIC,2020,3.68181341625572
Nicaragua,NIC,2019,5.37628990844126
Nicaragua,NIC,2018,4.94723728039886
Nicaragua,NIC,2017,3.85067166284727
Nicaragua,NIC,2016,3.52317317628473
Nicaragua,NIC,2015,3.99737996694396
Nicaragua,NIC,2014,6.03596861798425
Nicaragua,NIC,2013,7.13546785289407
Niger,NER,2025,-4.45470804102568
Niger,NER,2024,9.07151997725013
Niger,NER,2023,3.70097316425834
Niger,NER,2022,4.22621791916392
Niger,NER,2021,3.8378680284051
Niger,NER,2020,2.8981937602627
Niger,NER,2019,-2.48979265070855
Niger,NER,2018,2.96760366004456
Niger,NER,2017,2.79637318871284
Niger,NER,2016,1.65388922387806
Niger,NER,2015,-0.576090369833189
Niger,NER,2014,-0.930287259984466
Niger,NER,2013,2.29723114955317
Nigeria,NGA,2025,23.0101235833333
Nigeria,NGA,2024,33.2416590552749
Nigeria,NGA,2023,24.659550203114
Nigeria,NGA,2022,18.8471877843274
Nigeria,NGA,2021,16.9528457221608
Nigeria,NGA,2020,13.2460234276598
Nigeria,NGA,2019,11.3964223378115
Nigeria,NGA,2018,12.0951065173432
Nigeria,NGA,2017,16.5022662139641
Nigeria,NGA,2016,15.6968126387972
Nigeria,NGA,2015,9.00943498007706
Nigeria,NGA,2014,8.04741087967907
Nigeria,NGA,2013,8.49551838265678
North Macedonia,MKD,2025,4.07249176848348
North Macedonia,MKD,2024,3.48974086026954
North Macedonia,MKD,2023,9.36187249769015
North Macedonia,MKD,2022,14.2047173195833
North Macedonia,MKD,2021,3.23074912132928
North Macedonia,MKD,2020,1.20007348888469
North Macedonia,MKD,2019,0.766439573459805
North Macedonia,MKD,2018,1.45831298507126
North Macedonia,MKD,2017,1.35161889677442
North Macedonia,MKD,2016,-0.239290787684501
North Macedonia,MKD,2015,-0.299920475631462
North Macedonia,MKD,2014,-0.281705032928494
North Macedonia,MKD,2013,2.78500056726109
Northern Mariana Islands,MNP,2025,
Northern Mariana Islands,MNP,2024,
Northern Mariana Islands,MNP,2023,
Northern Mariana Islands,MNP,2022,
Northern Mariana Islands,MNP,2021,
Northern Mariana Islands,MNP,2020,
Northern Mariana Islands,MNP,2019,
Northern Mariana Islands,MNP,2018,
Northern Mariana Islands,MNP,2017,
Northern Mariana Islands,MNP,2016,
Northern Mariana Islands,MNP,2015,
Northern Mariana Islands,MNP,2014,
Northern Mariana Islands,MNP,2013,
Norway,NOR,2025,3.05562484410077
Norway,NOR,2024,3.14530134431081
Norway,NOR,2023,5.51784987104659
Norway,NOR,2022,5.76412317852272
Norway,NOR,2021,3.48388055266669
Norway,NOR,2020,1.28658490707996
Norway,NOR,2019,2.16773003305411
Norway,NOR,2018,2.76483134528797
Norway,NOR,2017,1.87510059552545
Norway,NOR,2016,3.55000000000007
Norway,NOR,2015,2.17113665389527
Norway,NOR,2014,2.04170286707211
Norway,NOR,2013,2.12048620353112
Oman,OMN,2025,0.967741935483928
Oman,OMN,2024,0.593589236248469
Oman,OMN,2023,0.950782997762827
Oman,OMN,2022,2.5061425061425
Oman,OMN,2021,1.68221185876085
Oman,OMN,2020,-0.40640291946585
Oman,OMN,2019,0.490815362820671
Oman,OMN,2018,0.889312370970404
Oman,OMN,2017,1.58909413567799
Oman,OMN,2016,1.10920805807027
Oman,OMN,2015,0.0652901330286599
Oman,OMN,2014,1.01401483924156
Oman,OMN,2013,1.05354820265932
Pakistan,PAK,2025,3.54555214890893
Pakistan,PAK,2024,12.6325318530452
Pakistan,PAK,2023,30.7681280657005
Pakistan,PAK,2022,19.8738599646655
Pakistan,PAK,2021,9.49641577285205
Pakistan,PAK,2020,9.74011619320125
Pakistan,PAK,2019,10.5780305672025
Pakistan,PAK,2018,5.07805725868917
Pakistan,PAK,2017,4.08537368032608
Pakistan,PAK,2016,3.7651191635658
Pakistan,PAK,2015,2.52932817254229
Pakistan,PAK,2014,7.18938402847028
Pakistan,PAK,2013,7.69215611899565
Palau,PLW,2025,-0.418410041841039
Palau,PLW,2024,2.23172772921704
Palau,PLW,2023,12.8199748216534
Palau,PLW,2022,12.3526638378124
Palau,PLW,2021,2.6124818577648
Palau,PLW,2020,0.218181818181833
Palau,PLW,2019,0.26737967914444
Palau,PLW,2018,2.10970464135017
Palau,PLW,2017,1.4179881966692
Palau,PLW,2016,-1.04230533415074
Palau,PLW,2015,0.949040643697081
Palau,PLW,2014,4.19174548581256
Palau,PLW,2013,3.35481004221287
Panama,PAN,2025,-0.189587880235675
Panama,PAN,2024,0.69322555100446
Panama,PAN,2023,1.48641355277038
Panama,PAN,2022,2.85965128834711
Panama,PAN,2021,1.63070337301898
Panama,PAN,2020,-1.55027540803761
Panama,PAN,2019,-0.355083821021246
Panama,PAN,2018,0.761578359399945
Panama,PAN,2017,0.875585918759963
Panama,PAN,2016,0.73973402529995
Panama,PAN,2015,0.137492058461588
Panama,PAN,2014,2.62652699929143
Panama,PAN,2013,4.02715991571061
Papua New Guinea,PNG,2025,4.42141364166485
Papua New Guinea,PNG,2024,0.602403921107917
Papua New Guinea,PNG,2023,2.29869991296791
Papua New Guinea,PNG,2022,5.25323922215241
Papua New Guinea,PNG,2021,4.48359014042398
Papua New Guinea,PNG,2020,4.87167398565555
Papua New Guinea,PNG,2019,3.92867290939597
Papua New Guinea,PNG,2018,4.37448921453162
Papua New Guinea,PNG,2017,5.42204568023834
Papua New Guinea,PNG,2016,6.6737288135593
Papua New Guinea,PNG,2015,5.99595778127107
Papua New Guinea,PNG,2014,5.22211720226841
Papua New Guinea,PNG,2013,4.9603174603175
Paraguay,PRY,2025,4.0380642333938
Paraguay,PRY,2024,3.83540271728533
Paraguay,PRY,2023,4.63202285403356
Paraguay,PRY,2022,9.76556667164402
Paraguay,PRY,2021,4.787983101236
Paraguay,PRY,2020,1.76751592356698
Paraguay,PRY,2019,2.75709727562775
Paraguay,PRY,2018,3.97561015740694
Paraguay,PRY,2017,3.60247741348943
Paraguay,PRY,2016,4.08682280577241
Paraguay,PRY,2015,3.12900274473925
Paraguay,PRY,2014,5.02882767456766
Paraguay,PRY,2013,2.68385738718582
Peru,PER,2025,1.53125450314273
Peru,PER,2024,2.00770739412712
Peru,PER,2023,6.45561348369586
Peru,PER,2022,8.33370630096231
Peru,PER,2021,4.27166381536798
Peru,PER,2020,2.00241205759292
Peru,PER,2019,2.25212191358027
Peru,PER,2018,1.50915423024742
Peru,PER,2017,2.99490045809443
Peru,PER,2016,3.55717663556279
Peru,PER,2015,3.39809194746308
Peru,PER,2014,3.41194579807465
Peru,PER,2013,2.76789666082002
Philippines,PHL,2025,1.6587364525509
Philippines,PHL,2024,3.21260487006347
Philippines,PHL,2023,5.97802515541409
Philippines,PHL,2022,5.82115811213955
Philippines,PHL,2021,3.92718022100332
Philippines,PHL,2020,2.3931623931624
Philippines,PHL,2019,2.39206534422404
Philippines,PHL,2018,5.30934661627707
Philippines,PHL,2017,2.85318772590947
Philippines,PHL,2016,1.25369880080982
Philippines,PHL,2015,0.674192536845408
Philippines,PHL,2014,3.59782343864211
Philippines,PHL,2013,2.58268766141795
Poland,POL,2025,3.81419531520146
Poland,POL,2024,3.79060897630197
Poland,POL,2023,11.5289127961105
Poland,POL,2022,14.4294507575758
Poland,POL,2021,5.05502704719272
Poland,POL,2020,3.37446972618589
Poland,POL,2019,2.22747880938291
Poland,POL,2018,1.81295156542689
Poland,POL,2017,2.07593553673859
Poland,POL,2016,-0.664767331433962
Poland,POL,2015,-0.874125874125862
Poland,POL,2014,0.0538213132399802
Poland,POL,2013,0.991982606332335
Portugal,PRT,2025,2.33601620316701
Portugal,PRT,2024,2.41613187791876
Portugal,PRT,2023,4.31128191898681
Portugal,PRT,2022,7.83269124233323
Portugal,PRT,2021,1.26565719069044
Portugal,PRT,2020,-0.0124383299576209
Portugal,PRT,2019,0.338178410046124
Portugal,PRT,2018,0.993715683468233
Portugal,PRT,2017,1.36861411643482
Portugal,PRT,2016,0.607397074641719
Portugal,PRT,2015,0.48793862390472
Portugal,PRT,2014,-0.278153367467428
Portugal,PRT,2013,0.274416666666663
Puerto Rico (US),PRI,2025,
Puerto Rico (US),PRI,2024,
Puerto Rico (US),PRI,2023,
Puerto Rico (US),PRI,2022,
Puerto Rico (US),PRI,2021,
Puerto Rico (US),PRI,2020,
Puerto Rico (US),PRI,2019,
Puerto Rico (US),PRI,2018,
Puerto Rico (US),PRI,2017,
Puerto Rico (US),PRI,2016,
Puerto Rico (US),PRI,2015,
Puerto Rico (US),PRI,2014,
Puerto Rico (US),PRI,2013,
Qatar,QAT,2025,
Qatar,QAT,2024,1.26734310292375
Qatar,QAT,2023,3.02764899198902
Qatar,QAT,2022,4.99527553740761
Qatar,QAT,2021,2.30446565742003
Qatar,QAT,2020,-2.5403150300476
Qatar,QAT,2019,-0.666641124861147
Qatar,QAT,2018,0.255815382724408
Qatar,QAT,2017,0.394878914083005
Qatar,QAT,2016,2.6765917009819
Qatar,QAT,2015,1.8140772393776
Qatar,QAT,2014,3.34972085659523
Qatar,QAT,2013,3.22197756829293
Romania,ROU,2025,7.18903362292063
Romania,ROU,2024,5.72140574354439
Romania,ROU,2023,10.3971874764996
Romania,ROU,2022,13.7954887432521
Romania,ROU,2021,5.05232876096582
Romania,ROU,2020,2.63107311184743
Romania,ROU,2019,3.82785432599438
Romania,ROU,2018,4.62548443137779
Romania,ROU,2017,1.3390212110439
Romania,ROU,2016,-1.54479666813897
Romania,ROU,2015,-0.594156437495203
Romania,ROU,2014,1.06830987684298
Romania,ROU,2013,3.9847123554813
Russian Federation,RUS,2025,8.71986939402666
Russian Federation,RUS,2024,8.43486410496723
Russian Federation,RUS,2023,5.86571931748967
Russian Federation,RUS,2022,13.7436797398232
Russian Federation,RUS,2021,6.69445891957612
Russian Federation,RUS,2020,3.38219796948068
Russian Federation,RUS,2019,4.47202631837903
Russian Federation,RUS,2018,2.87831382614981
Russian Federation,RUS,2017,3.68333072334495
Russian Federation,RUS,2016,7.04243725413707
Russian Federation,RUS,2015,15.5343959935701
Russian Federation,RUS,2014,7.82016970013845
Russian Federation,RUS,2013,6.75466833903486
Rwanda,RWA,2025,5.913000168826
Rwanda,RWA,2024,1.77029240198635
Rwanda,RWA,2023,19.789546746467
Rwanda,RWA,2022,17.6892095588153
Rwanda,RWA,2021,-0.391346748300791
Rwanda,RWA,2020,9.85039902274207
Rwanda,RWA,2019,3.34787655037648
Rwanda,RWA,2018,-0.311210160390699
Rwanda,RWA,2017,8.27953672260832
Rwanda,RWA,2016,7.17434301982009
Rwanda,RWA,2015,2.52850284192421
Rwanda,RWA,2014,2.35449052820358
Rwanda,RWA,2013,5.92426867984854
Samoa,WSM,2025,2.2119620764675
Samoa,WSM,2024,2.17245530514377
Samoa,WSM,2023,7.92164684826777
Samoa,WSM,2022,10.9618822286844
Samoa,WSM,2021,3.13320473174494
Samoa,WSM,2020,-1.56891247740895
Samoa,WSM,2019,0.982326569888117
Samoa,WSM,2018,4.19745888663752
Samoa,WSM,2017,1.74989677484705
Samoa,WSM,2016,1.30471869303179
Samoa,WSM,2015,0.724470134874729
Samoa,WSM,2014,-0.40681608842489
Samoa,WSM,2013,0.61008572090503
San Marino,SMR,2025,2.29519525025037
San Marino,SMR,2024,1.24216507945569
San Marino,SMR,2023,5.93190858629403
San Marino,SMR,2022,5.32545321311365
San Marino,SMR,2021,1.61551411551421
San Marino,SMR,2020,-0.133368898372915
San Marino,SMR,2019,0.472651967352852
San Marino,SMR,2018,1.16333522293158
San Marino,SMR,2017,1.01413313194508
San Marino,SMR,2016,0.644075340346552
San Marino,SMR,2015,0.145686073241066
San Marino,SMR,2014,1.11296303373851
San Marino,SMR,2013,1.60439298078082
Sao Tome and Principe,STP,2025,11.0474362281814
Sao Tome and Principe,STP,2024,14.3519273571008
Sao Tome and Principe,STP,2023,21.2589138473
Sao Tome and Principe,STP,2022,18.0056351122841
Sao Tome and Principe,STP,2021,8.13777038378732
Sao Tome and Principe,STP,2020,9.81932791540146
Sao Tome and Principe,STP,2019,7.72024525213248
Sao Tome and Principe,STP,2018,7.86859628873909
Sao Tome and Principe,STP,2017,5.6902961992902
Sao Tome and Principe,STP,2016,5.43051966119156
Sao Tome and Principe,STP,2015,5.24587835022454
Sao Tome and Principe,STP,2014,6.99849943966421
Sao Tome and Principe,STP,2013,8.10583270875476
Saudi Arabia,SAU,2025,2.08420853585036
Saudi Arabia,SAU,2024,1.68792112375809
Saudi Arabia,SAU,2023,2.32708518362706
Saudi Arabia,SAU,2022,2.47407371925372
Saudi Arabia,SAU,2021,3.06328988941548
Saudi Arabia,SAU,2020,3.37234961012303
Saudi Arabia,SAU,2019,-1.19298644533328
Saudi Arabia,SAU,2018,2.46594308994843
Saudi Arabia,SAU,2017,-0.834845735027162
Saudi Arabia,SAU,2016,2.05347076823965
Saudi Arabia,SAU,2015,1.22269318552328
Saudi Arabia,SAU,2014,2.24185348779063
Saudi Arabia,SAU,2013,3.51104209799866
Senegal,SEN,2025,1.45900719841385
Senegal,SEN,2024,0.804503298792438
Senegal,SEN,2023,5.93947798773215
Senegal,SEN,2022,9.69681899081073
Senegal,SEN,2021,2.18032278088147
Senegal,SEN,2020,2.54314685681662
Senegal,SEN,2019,1.76011151192939
Senegal,SEN,2018,0.460985642464188
Senegal,SEN,2017,1.31815314847789
Senegal,SEN,2016,0.837284942557434
Senegal,SEN,2015,0.135211933635165
Senegal,SEN,2014,-1.09025507446895
Senegal,SEN,2013,0.710245486695176
Serbia,SRB,2025,3.8903678606001
Serbia,SRB,2024,4.6705297488997
Serbia,SRB,2023,12.3719043552519
Serbia,SRB,2022,11.9815117344703
Serbia,SRB,2021,4.08510285335102
Serbia,SRB,2020,1.57553290083415
Serbia,SRB,2019,1.84922984511086
Serbia,SRB,2018,1.95984076293801
Serbia,SRB,2017,3.13106248590115
Serbia,SRB,2016,1.12231397417769
Serbia,SRB,2015,1.39235822000187
Serbia,SRB,2014,2.08244793880154
Serbia,SRB,2013,7.69426362896655
Seychelles,SYC,2025,0.297589655467556
Seychelles,SYC,2024,0.311726050919668
Seychelles,SYC,2023,-1.03530088431952
Seychelles,SYC,2022,2.6260363285129
Seychelles,SYC,2021,9.76909936973542
Seychelles,SYC,2020,1.20266463987123
Seychelles,SYC,2019,1.80709400809982
Seychelles,SYC,2018,3.70291839111568
Seychelles,SYC,2017,2.85679575568437
Seychelles,SYC,2016,-1.01548191697626
Seychelles,SYC,2015,4.04194410725617
Seychelles,SYC,2014,1.38583454581263
Seychelles,SYC,2013,4.33893848329099
Sierra Leone,SLE,2025,7.48750166612986
Sierra Leone,SLE,2024,28.6337500014115
Sierra Leone,SLE,2023,47.6428733253179
Sierra Leone,SLE,2022,27.2082883814653
Sierra Leone,SLE,2021,11.8739588840234
Sierra Leone,SLE,2020,13.4468711101052
Sierra Leone,SLE,2019,14.8049990906021
Sierra Leone,SLE,2018,16.0295447693699
Sierra Leone,SLE,2017,18.2215094003386
Sierra Leone,SLE,2016,10.8860609413903
Sierra Leone,SLE,2015,6.68943562498681
Sierra Leone,SLE,2014,4.63931171409667
Sierra Leone,SLE,2013,5.52412877994266
Singapore,SGP,2025,0.902998495002676
Singapore,SGP,2024,2.38951123595017
Singapore,SGP,2023,4.83372362825798
Singapore,SGP,2022,6.13095418919732
Singapore,SGP,2021,2.31610315765146
Singapore,SGP,2020,-0.172111865925382
Singapore,SGP,2019,0.567829988405447
Singapore,SGP,2018,0.438784215129623
Singapore,SGP,2017,0.576763191179996
Singapore,SGP,2016,-0.529809760375464
Singapore,SGP,2015,-0.521975611895763
Singapore,SGP,2014,1.03316955857629
Singapore,SGP,2013,2.36439793742726
Sint Maarten (Dutch part),SXM,2025,
Sint Maarten (Dutch part),SXM,2024,
Sint Maarten (Dutch part),SXM,2023,
Sint Maarten (Dutch part),SXM,2022,
Sint Maarten (Dutch part),SXM,2021,
Sint Maarten (Dutch part),SXM,2020,
Sint Maarten (Dutch part),SXM,2019,
Sint Maarten (Dutch part),SXM,2018,
Sint Maarten (Dutch part),SXM,2017,2.19201010962985
Sint Maarten (Dutch part),SXM,2016,0.111682655737579
Sint Maarten (Dutch part),SXM,2015,0.330027165141066
Sint Maarten (Dutch part),SXM,2014,1.88675466275266
Sint Maarten (Dutch part),SXM,2013,2.5286478853837
Slovak Republic,SVK,2025,4.00042823495829
Slovak Republic,SVK,2024,2.75760909424279
Slovak Republic,SVK,2023,10.5319476645211
Slovak Republic,SVK,2022,12.7741463637611
Slovak Republic,SVK,2021,3.1496062992126
Slovak Republic,SVK,2020,1.93694126694223
Slovak Republic,SVK,2019,2.6645613342544
Slovak Republic,SVK,2018,2.51403712883803
Slovak Republic,SVK,2017,1.31194588223247
Slovak Republic,SVK,2016,-0.520010196278358
Slovak Republic,SVK,2015,-0.325219777427765
Slovak Republic,SVK,2014,-0.0761653295419871
Slovak Republic,SVK,2013,1.40047368963025
Slovenia,SVN,2025,2.37284807226549
Slovenia,SVN,2024,1.96562656432505
Slovenia,SVN,2023,7.44687717385846
Slovenia,SVN,2022,8.83369886749452
Slovenia,SVN,2021,1.91706506089269
Slovenia,SVN,2020,-0.05485681576061
Slovenia,SVN,2019,1.63052260754335
Slovenia,SVN,2018,1.7386086198818
Slovenia,SVN,2017,1.42910743319306
Slovenia,SVN,2016,-0.0549995416705683
Slovenia,SVN,2015,-0.525552285820783
Slovenia,SVN,2014,0.199343826570844
Slovenia,SVN,2013,1.76920085881897
Solomon Islands,SLB,2025,3.36462189317825
Solomon Islands,SLB,2024,4.32183948388033
Solomon Islands,SLB,2023,5.88585897042164
Solomon Islands,SLB,2022,5.51812928576938
Solomon Islands,SLB,2021,-0.115437894412839
Solomon Islands,SLB,2020,2.96354992076065
Solomon Islands,SLB,2019,1.63485544012247
Solomon Islands,SLB,2018,3.46147484973729
Solomon Islands,SLB,2017,0.488686760261083
Solomon Islands,SLB,2016,0.512485626268792
Solomon Islands,SLB,2015,-0.57446928635949
Solomon Islands,SLB,2014,5.16590237925171
Solomon Islands,SLB,2013,5.3913638858756
"Somalia, Fed. Rep.",SOM,2025,
"Somalia, Fed. Rep.",SOM,2024,
"Somalia, Fed. Rep.",SOM,2023,
"Somalia, Fed. Rep.",SOM,2022,
"Somalia, Fed. Rep.",SOM,2021,
"Somalia, Fed. Rep.",SOM,2020,
"Somalia, Fed. Rep.",SOM,2019,
"Somalia, Fed. Rep.",SOM,2018,
"Somalia, Fed. Rep.",SOM,2017,
"Somalia, Fed. Rep.",SOM,2016,
"Somalia, Fed. Rep.",SOM,2015,
"Somalia, Fed. Rep.",SOM,2014,
"Somalia, Fed. Rep.",SOM,2013,
South Africa,ZAF,2025,3.20550474112603
South Africa,ZAF,2024,4.36115246518962
South Africa,ZAF,2023,6.0752438457966
South Africa,ZAF,2022,7.03987272546482
South Africa,ZAF,2021,4.61874544887136
South Africa,ZAF,2020,3.23238831615113
South Africa,ZAF,2019,4.10285075461156
South Africa,ZAF,2018,4.50987264867388
South Africa,ZAF,2017,5.18618655524149
South Africa,ZAF,2016,6.60290842394872
South Africa,ZAF,2015,4.51869094892506
South Africa,ZAF,2014,6.13282953059149
South Africa,ZAF,2013,5.78016910069176
South Sudan,SSD,2025,
South Sudan,SSD,2024,91.4408220769046
South Sudan,SSD,2023,2.38280434813754
South Sudan,SSD,2022,-6.68732094212668
South Sudan,SSD,2021,10.5167158294358
South Sudan,SSD,2020,29.6758435538572
South Sudan,SSD,2019,87.2413641500032
South Sudan,SSD,2018,83.5015294922
South Sudan,SSD,2017,187.851630279442
South Sudan,SSD,2016,379.999585624026
South Sudan,SSD,2015,52.7663304192143
South Sudan,SSD,2014,1.6742990629552
South Sudan,SSD,2013,-0.0580909784225664
Spain,ESP,2025,2.699932857627
Spain,ESP,2024,2.747147886618
Spain,ESP,2023,3.53236133492433
Spain,ESP,2022,8.39057634118637
Spain,ESP,2021,3.09313511976402
Spain,ESP,2020,-0.322753017299649
Spain,ESP,2019,0.699518994458648
Spain,ESP,2018,1.67498136863799
Spain,ESP,2017,1.95607633363954
Spain,ESP,2016,-0.202598000426358
Spain,ESP,2015,-0.500365709903243
Spain,ESP,2014,-0.151114837527235
Spain,ESP,2013,1.40858109183009
Sri Lanka,LKA,2025,-4.76386036960983
Sri Lanka,LKA,2024,-0.42936004906973
Sri Lanka,LKA,2023,16.5411742279832
Sri Lanka,LKA,2022,49.7211021114327
Sri Lanka,LKA,2021,7.01478071238195
Sri Lanka,LKA,2020,6.15394508391738
Sri Lanka,LKA,2019,3.52839358231811
Sri Lanka,LKA,2018,2.135037737132
Sri Lanka,LKA,2017,7.70413767850602
Sri Lanka,LKA,2016,3.9588884659307
Sri Lanka,LKA,2015,3.76836783062096
Sri Lanka,LKA,2014,3.1790022823606
Sri Lanka,LKA,2013,6.90845034828452
St. Kitts and Nevis,KNA,2025,
St. Kitts and Nevis,KNA,2024,
St. Kitts and Nevis,KNA,2023,3.55711230848243
St. Kitts and Nevis,KNA,2022,2.66817533111249
St. Kitts and Nevis,KNA,2021,1.195688870384
St. Kitts and Nevis,KNA,2020,-1.16724501769353
St. Kitts and Nevis,KNA,2019,-0.329562063663977
St. Kitts and Nevis,KNA,2018,-1.03712214131572
St. Kitts and Nevis,KNA,2017,0.694916711613604
St. Kitts and Nevis,KNA,2016,-0.687037123294039
St. Kitts and Nevis,KNA,2015,-2.30187563045616
St. Kitts and Nevis,KNA,2014,0.247865392364942
St. Kitts and Nevis,KNA,2013,1.10698554000129
St. Lucia,LCA,2025,2.02709512086274
St. Lucia,LCA,2024,-0.674240853418779
St. Lucia,LCA,2023,3.81914546156358
St. Lucia,LCA,2022,9.65268564265764
St. Lucia,LCA,2021,2.41070312174393
St. Lucia,LCA,2020,-1.75580833517594
St. Lucia,LCA,2019,0.539087559191757
St. Lucia,LCA,2018,1.93561893150602
St. Lucia,LCA,2017,0.104262078958441
St. Lucia,LCA,2016,-3.07821765676927
St. Lucia,LCA,2015,-0.983600952696996
St. Lucia,LCA,2014,3.51695551369241
St. Lucia,LCA,2013,1.46856511035428
St. Martin (French part),MAF,2025,
St. Martin (French part),MAF,2024,
St. Martin (French part),MAF,2023,
St. Martin (French part),MAF,2022,
St. Martin (French part),MAF,2021,
St. Martin (French part),MAF,2020,
St. Martin (French part),MAF,2019,
St. Martin (French part),MAF,2018,
St. Martin (French part),MAF,2017,
St. Martin (French part),MAF,2016,
St. Martin (French part),MAF,2015,
St. Martin (French part),MAF,2014,
St. Martin (French part),MAF,2013,
St. Vincent and the Grenadines,VCT,2025,0.815322893749171
St. Vincent and the Grenadines,VCT,2024,3.62770736940927
St. Vincent and the Grenadines,VCT,2023,4.56457719814894
St. Vincent and the Grenadines,VCT,2022,5.66009779226552
St. Vincent and the Grenadines,VCT,2021,1.57272932500558
St. Vincent and the Grenadines,VCT,2020,-0.628131309354654
St. Vincent and the Grenadines,VCT,2019,0.91306972532459
St. Vincent and the Grenadines,VCT,2018,2.32414485367921
St. Vincent and the Grenadines,VCT,2017,2.15333648840511
St. Vincent and the Grenadines,VCT,2016,-0.149641647633284
St. Vincent and the Grenadines,VCT,2015,-1.73361194953959
St. Vincent and the Grenadines,VCT,2014,0.193858560794015
St. Vincent and the Grenadines,VCT,2013,0.805127804267928
Sudan,SDN,2025,
Sudan,SDN,2024,
Sudan,SDN,2023,
Sudan,SDN,2022,138.80846024176
Sudan,SDN,2021,359.093040778999
Sudan,SDN,2020,163.257782355458
Sudan,SDN,2019,50.9940515002965
Sudan,SDN,2018,63.2925073455888
Sudan,SDN,2017,32.3516260968437
Sudan,SDN,2016,17.750253831196
Sudan,SDN,2015,16.9095706050977
Sudan,SDN,2014,36.9066427863595
Sudan,SDN,2013,36.5223449139154
Suriname,SUR,2025,9.2054681878919
Suriname,SUR,2024,16.2296159130279
Suriname,SUR,2023,51.5873159600861
Suriname,SUR,2022,52.446027276241
Suriname,SUR,2021,59.1196626251977
Suriname,SUR,2020,34.889784309078
Suriname,SUR,2019,
Suriname,SUR,2018,
Suriname,SUR,2017,21.9969430173304
Suriname,SUR,2016,55.4123879763196
Suriname,SUR,2015,6.89390359168238
Suriname,SUR,2014,3.38341272749477
Suriname,SUR,2013,1.92343604108305
Sweden,SWE,2025,0.679869285243995
Sweden,SWE,2024,2.83581658224034
Sweden,SWE,2023,8.5486248974891
Sweden,SWE,2022,8.36929098869189
Sweden,SWE,2021,2.16319736447143
Sweden,SWE,2020,0.497367318853572
Sweden,SWE,2019,1.78415097403835
Sweden,SWE,2018,1.95353530127028
Sweden,SWE,2017,1.79449904665599
Sweden,SWE,2016,0.984269244577992
Sweden,SWE,2015,-0.0467847449832812
Sweden,SWE,2014,-0.179638494114635
Sweden,SWE,2013,-0.044292970148682
Switzerland,CHE,2025,0.154376978290185
Switzerland,CHE,2024,1.06234041976595
Switzerland,CHE,2023,2.13540088016387
Switzerland,CHE,2022,2.83502798644451
Switzerland,CHE,2021,0.581814168489856
Switzerland,CHE,2020,-0.725874933313403
Switzerland,CHE,2019,0.362886179940674
Switzerland,CHE,2018,0.936335464113572
Switzerland,CHE,2017,0.533787839825876
Switzerland,CHE,2016,-0.434618664285815
Switzerland,CHE,2015,-1.14390867228178
Switzerland,CHE,2014,-0.0132025387515946
Switzerland,CHE,2013,-0.217323155115673
Syrian Arab Republic,SYR,2025,
Syrian Arab Republic,SYR,2024,
Syrian Arab Republic,SYR,2023,
Syrian Arab Republic,SYR,2022,
Syrian Arab Republic,SYR,2021,
Syrian Arab Republic,SYR,2020,
Syrian Arab Republic,SYR,2019,13.4175653228571
Syrian Arab Republic,SYR,2018,0.940983843906769
Syrian Arab Republic,SYR,2017,18.0752696281771
Syrian Arab Republic,SYR,2016,47.7051615298923
Syrian Arab Republic,SYR,2015,38.4611429599733
Syrian Arab Republic,SYR,2014,10.9271141804297
Syrian Arab Republic,SYR,2013,40.0318378290723
Tajikistan,TJK,2025,
Tajikistan,TJK,2024,
Tajikistan,TJK,2023,
Tajikistan,TJK,2022,
Tajikistan,TJK,2021,
Tajikistan,TJK,2020,
Tajikistan,TJK,2019,
Tajikistan,TJK,2018,
Tajikistan,TJK,2017,
Tajikistan,TJK,2016,6.00458082322139
Tajikistan,TJK,2015,5.7145594964971
Tajikistan,TJK,2014,6.10442765129667
Tajikistan,TJK,2013,5.00964645344951
Tanzania,TZA,2025,3.32697361316105
Tanzania,TZA,2024,3.05694676312373
Tanzania,TZA,2023,3.79923291384916
Tanzania,TZA,2022,4.35027204269101
Tanzania,TZA,2021,3.69091958802199
Tanzania,TZA,2020,3.29029062798325
Tanzania,TZA,2019,3.46428057999021
Tanzania,TZA,2018,3.49445848856181
Tanzania,TZA,2017,5.31871605228931
Tanzania,TZA,2016,5.17476629301493
Tanzania,TZA,2015,5.58816952959298
Tanzania,TZA,2014,6.13161432988012
Tanzania,TZA,2013,7.87072364573959
Thailand,THA,2025,-0.133634356480207
Thailand,THA,2024,0.398333333333422
Thailand,THA,2023,1.22908986612448
Thailand,THA,2022,6.07589952842433
Thailand,THA,2021,1.23104516549814
Thailand,THA,2020,-0.846087518861799
Thailand,THA,2019,0.705524801910317
Thailand,THA,2018,1.06683487370758
Thailand,THA,2017,0.664415139830893
Thailand,THA,2016,0.186235191075453
Thailand,THA,2015,-0.898143410569433
Thailand,THA,2014,1.89455652481545
Thailand,THA,2013,2.18617704418967
Timor-Leste,TLS,2025,0.428322848346937
Timor-Leste,TLS,2024,2.06284153005468
Timor-Leste,TLS,2023,8.42035103310377
Timor-Leste,TLS,2022,7.00530945399787
Timor-Leste,TLS,2021,3.69792094666786
Timor-Leste,TLS,2020,0.495499215459571
Timor-Leste,TLS,2019,0.958812739703141
Timor-Leste,TLS,2018,2.63647201015892
Timor-Leste,TLS,2017,0.557215537430361
Timor-Leste,TLS,2016,-1.33853876185163
Timor-Leste,TLS,2015,0.552796026277853
Timor-Leste,TLS,2014,0.726275016139465
Timor-Leste,TLS,2013,11.0849085109954
Togo,TGO,2025,0.433183451279109
Togo,TGO,2024,2.86262074089801
Togo,TGO,2023,5.48928568141131
Togo,TGO,2022,7.96757361617945
Togo,TGO,2021,4.1862150652352
Togo,TGO,2020,1.69928463299399
Togo,TGO,2019,0.674652770077525
Togo,TGO,2018,0.927755426457183
Togo,TGO,2017,-0.981889868943119
Togo,TGO,2016,1.28544847051417
Togo,TGO,2015,2.58500390801595
Togo,TGO,2014,0.19087507624975
Togo,TGO,2013,1.82539475909162
Tonga,TON,2025,5.59276642101027
Tonga,TON,2024,3.18188924237472
Tonga,TON,2023,6.35112980255182
Tonga,TON,2022,10.9713652903022
Tonga,TON,2021,5.64051140636743
Tonga,TON,2020,-0.349737696727419
Tonga,TON,2019,1.17954334821801
Tonga,TON,2018,5.03209691984883
Tonga,TON,2017,7.51706283551116
Tonga,TON,2016,2.57815515245081
Tonga,TON,2015,-1.05399831971283
Tonga,TON,2014,2.51087633253696
Tonga,TON,2013,0.77562932236742
Trinidad and Tobago,TTO,2025,0.994489987904821
Trinidad and Tobago,TTO,2024,0.526884625776839
Trinidad and Tobago,TTO,2023,4.62930242419968
Trinidad and Tobago,TTO,2022,5.82838638517959
Trinidad and Tobago,TTO,2021,2.05922746915458
Trinidad and Tobago,TTO,2020,0.598986330824643
Trinidad and Tobago,TTO,2019,1.00054293027237
Trinidad and Tobago,TTO,2018,1.01856930188822
Trinidad and Tobago,TTO,2017,1.88038440183532
Trinidad and Tobago,TTO,2016,3.07066742464024
Trinidad and Tobago,TTO,2015,4.66121598098264
Trinidad and Tobago,TTO,2014,5.68441814595659
Trinidad and Tobago,TTO,2013,5.19981740465611
Tunisia,TUN,2025,5.15100197572676
Tunisia,TUN,2024,7.20661657168794
Tunisia,TUN,2023,9.32899597507865
Tunisia,TUN,2022,8.30646124447623
Tunisia,TUN,2021,5.706350208307
Tunisia,TUN,2020,5.63415115897625
Tunisia,TUN,2019,6.72007532863799
Tunisia,TUN,2018,7.30759176031652
Tunisia,TUN,2017,5.30884839565844
Tunisia,TUN,2016,3.62939937384381
Tunisia,TUN,2015,4.437371273215
Tunisia,TUN,2014,4.62555099534031
Tunisia,TUN,2013,5.31623531326689
Turkiye,TUR,2025,34.8811629820306
Turkiye,TUR,2024,58.5064507300342
Turkiye,TUR,2023,53.8594087593315
Turkiye,TUR,2022,72.3088359891207
Turkiye,TUR,2021,19.5964926913324
Turkiye,TUR,2020,12.2789574462574
Turkiye,TUR,2019,15.1768215720022
Turkiye,TUR,2018,16.3324638988929
Turkiye,TUR,2017,11.1443110840764
Turkiye,TUR,2016,7.7751341532833
Turkiye,TUR,2015,7.67085364845885
Turkiye,TUR,2014,8.85457271364316
Turkiye,TUR,2013,7.49309030547693
Turkmenistan,TKM,2025,
Turkmenistan,TKM,2024,
Turkmenistan,TKM,2023,
Turkmenistan,TKM,2022,
Turkmenistan,TKM,2021,
Turkmenistan,TKM,2020,
Turkmenistan,TKM,2019,
Turkmenistan,TKM,2018,
Turkmenistan,TKM,2017,
Turkmenistan,TKM,2016,
Turkmenistan,TKM,2015,
Turkmenistan,TKM,2014,
Turkmenistan,TKM,2013,
Turks and Caicos Islands,TCA,2025,
Turks and Caicos Islands,TCA,2024,
Turks and Caicos Islands,TCA,2023,
Turks and Caicos Islands,TCA,2022,
Turks and Caicos Islands,TCA,2021,
Turks and Caicos Islands,TCA,2020,
Turks and Caicos Islands,TCA,2019,
Turks and Caicos Islands,TCA,2018,
Turks and Caicos Islands,TCA,2017,
Turks and Caicos Islands,TCA,2016,
Turks and Caicos Islands,TCA,2015,
Turks and Caicos Islands,TCA,2014,
Turks and Caicos Islands,TCA,2013,
Tuvalu,TUV,2025,
Tuvalu,TUV,2024,
Tuvalu,TUV,2023,
Tuvalu,TUV,2022,
Tuvalu,TUV,2021,
Tuvalu,TUV,2020,
Tuvalu,TUV,2019,
Tuvalu,TUV,2018,
Tuvalu,TUV,2017,
Tuvalu,TUV,2016,
Tuvalu,TUV,2015,
Tuvalu,TUV,2014,
Tuvalu,TUV,2013,
Uganda,UGA,2025,3.58082784438067
Uganda,UGA,2024,3.32338033691819
Uganda,UGA,2023,5.35094804280395
Uganda,UGA,2022,7.1957888597581
Uganda,UGA,2021,2.20457204757414
Uganda,UGA,2020,3.31332289544502
Uganda,UGA,2019,2.867588034469
Uganda,UGA,2018,2.61601190952274
Uganda,UGA,2017,5.20971705914209
Uganda,UGA,2016,5.70637504616212
Uganda,UGA,2015,5.58968606251725
Uganda,UGA,2014,3.07570668958641
Uganda,UGA,2013,4.90520875694557
Ukraine,UKR,2025,12.7303341026903
Ukraine,UKR,2024,6.50198464669254
Ukraine,UKR,2023,12.8490222828559
Ukraine,UKR,2022,20.1836366617478
Ukraine,UKR,2021,9.36313917695223
Ukraine,UKR,2020,2.73249209419427
Ukraine,UKR,2019,7.88671745611133
Ukraine,UKR,2018,10.9518559353178
Ukraine,UKR,2017,14.4383227488749
Ukraine,UKR,2016,13.9127101997797
Ukraine,UKR,2015,48.6998646434424
Ukraine,UKR,2014,12.0718562874251
Ukraine,UKR,2013,-0.238948626045407
United Arab Emirates,ARE,2025,1.250865245598
United Arab Emirates,ARE,2024,1.66336510224894
United Arab Emirates,ARE,2023,1.62670837213248
United Arab Emirates,ARE,2022,5.29122604376849
United Arab Emirates,ARE,2021,0.179935336174431
United Arab Emirates,ARE,2020,-2.07940317940944
United Arab Emirates,ARE,2019,-1.93108114782173
United Arab Emirates,ARE,2018,3.06863379251997
United Arab Emirates,ARE,2017,1.96682557818842
United Arab Emirates,ARE,2016,1.61748808904198
United Arab Emirates,ARE,2015,4.06996608361593
United Arab Emirates,ARE,2014,2.34626865671643
United Arab Emirates,ARE,2013,1.1011183637571
United Kingdom,GBR,2025,3.88306881626
United Kingdom,GBR,2024,3.2715729463592
United Kingdom,GBR,2023,6.79396706793963
United Kingdom,GBR,2022,7.92204883147902
United Kingdom,GBR,2021,2.51837109614213
United Kingdom,GBR,2020,0.989486703772491
United Kingdom,GBR,2019,1.73810460086513
United Kingdom,GBR,2018,2.29283990345938
United Kingdom,GBR,2017,2.55775577557747
United Kingdom,GBR,2016,1.0084173681141
United Kingdom,GBR,2015,0.36804684232536
United Kingdom,GBR,2014,1.45112016293279
United Kingdom,GBR,2013,2.29166666666659
United States,USA,2025,
United States,USA,2024,2.94952520485207
United States,USA,2023,4.11633838374488
United States,USA,2022,8.00279982052121
United States,USA,2021,4.69785886363742
United States,USA,2020,1.23358439630629
United States,USA,2019,1.81221007526021
United States,USA,2018,2.44258329692817
United States,USA,2017,2.13011000365961
United States,USA,2016,1.26158320570536
United States,USA,2015,0.118627135552451
United States,USA,2014,1.62222297740817
United States,USA,2013,1.46483265562717
Uruguay,URY,2025,4.65032720433324
Uruguay,URY,2024,4.84914366613156
Uruguay,URY,2023,5.86910359896119
Uruguay,URY,2022,9.10437983075437
Uruguay,URY,2021,7.74791402314762
Uruguay,URY,2020,9.75640636078194
Uruguay,URY,2019,7.88198870879619
Uruguay,URY,2018,7.60653360377047
Uruguay,URY,2017,6.2180938256186
Uruguay,URY,2016,9.6394134763508
Uruguay,URY,2015,8.66626987079328
Uruguay,URY,2014,8.87735333229828
Uruguay,URY,2013,8.57513504005397
Uzbekistan,UZB,2025,8.79638847052461
Uzbekistan,UZB,2024,9.62825465956682
Uzbekistan,UZB,2023,9.95659071258018
Uzbekistan,UZB,2022,11.4466436998836
Uzbekistan,UZB,2021,10.8492397508122
Uzbekistan,UZB,2020,12.8677297362606
Uzbekistan,UZB,2019,14.5257359560687
Uzbekistan,UZB,2018,17.5241796514055
Uzbekistan,UZB,2017,13.8757425441635
Uzbekistan,UZB,2016,8.130886695236
Uzbekistan,UZB,2015,8.75188196737508
Uzbekistan,UZB,2014,9.28309356162695
Uzbekistan,UZB,2013,11.8414333622049
Vanuatu,VUT,2025,0.656455142231905
Vanuatu,VUT,2024,1.14348948727412
Vanuatu,VUT,2023,11.1825017088175
Vanuatu,VUT,2022,6.67930581887121
Vanuatu,VUT,2021,2.34328358208953
Vanuatu,VUT,2020,5.32935073101715
Vanuatu,VUT,2019,2.76252019386111
Vanuatu,VUT,2018,2.33096379566866
Vanuatu,VUT,2017,3.08452624403546
Vanuatu,VUT,2016,0.842069084035061
Vanuatu,VUT,2015,2.48326875660439
Vanuatu,VUT,2014,0.798863838097023
Vanuatu,VUT,2013,1.45893371757921
"Venezuela, RB",VEN,2025,
"Venezuela, RB",VEN,2024,
"Venezuela, RB",VEN,2023,
"Venezuela, RB",VEN,2022,
"Venezuela, RB",VEN,2021,
"Venezuela, RB",VEN,2020,
"Venezuela, RB",VEN,2019,
"Venezuela, RB",VEN,2018,
"Venezuela, RB",VEN,2017,
"Venezuela, RB",VEN,2016,254.948534781816
"Venezuela, RB",VEN,2015,121.738085297503
"Venezuela, RB",VEN,2014,62.1686499794829
"Venezuela, RB",VEN,2013,40.6394275161589
Viet Nam,VNM,2025,3.3099931421974
Viet Nam,VNM,2024,3.62109273885844
Viet Nam,VNM,2023,3.25289282667662
Viet Nam,VNM,2022,3.15650749963112
Viet Nam,VNM,2021,1.83471554810462
Viet Nam,VNM,2020,3.22093436652515
Viet Nam,VNM,2019,2.79582367452244
Viet Nam,VNM,2018,3.53962805942641
Viet Nam,VNM,2017,3.52025688811618
Viet Nam,VNM,2016,2.66824816969082
Viet Nam,VNM,2015,0.631200905175685
Viet Nam,VNM,2014,4.08455446637625
Viet Nam,VNM,2013,6.59267475899192
Virgin Islands (U.S.),VIR,2025,
Virgin Islands (U.S.),VIR,2024,
Virgin Islands (U.S.),VIR,2023,
Virgin Islands (U.S.),VIR,2022,
Virgin Islands (U.S.),VIR,2021,
Virgin Islands (U.S.),VIR,2020,
Virgin Islands (U.S.),VIR,2019,
Virgin Islands (U.S.),VIR,2018,
Virgin Islands (U.S.),VIR,2017,
Virgin Islands (U.S.),VIR,2016,
Virgin Islands (U.S.),VIR,2015,
Virgin Islands (U.S.),VIR,2014,
Virgin Islands (U.S.),VIR,2013,
West Bank and Gaza,PSE,2025,9.80840118100493
West Bank and Gaza,PSE,2024,53.6691458303782
West Bank and Gaza,PSE,2023,5.87110177678988
West Bank and Gaza,PSE,2022,3.74122391852077
West Bank and Gaza,PSE,2021,1.23748102831369
West Bank and Gaza,PSE,2020,-0.735332001092191
West Bank and Gaza,PSE,2019,1.58018333639455
West Bank and Gaza,PSE,2018,-0.195107773730735
West Bank and Gaza,PSE,2017,0.212570934228881
West Bank and Gaza,PSE,2016,-0.219106604907316
West Bank and Gaza,PSE,2015,1.43161145810476
West Bank and Gaza,PSE,2014,1.73298510037447
West Bank and Gaza,PSE,2013,1.72439933626931
"Yemen, Rep.",YEM,2025,
"Yemen, Rep.",YEM,2024,
"Yemen, Rep.",YEM,2023,
"Yemen, Rep.",YEM,2022,
"Yemen, Rep.",YEM,2021,
"Yemen, Rep.",YEM,2020,
"Yemen, Rep.",YEM,2019,
"Yemen, Rep.",YEM,2018,
"Yemen, Rep.",YEM,2017,
"Yemen, Rep.",YEM,2016,
"Yemen, Rep.",YEM,2015,
"Yemen, Rep.",YEM,2014,8.10472583623915
"Yemen, Rep.",YEM,2013,10.9684421500198
Zambia,ZMB,2025,13.9099095827735
Zambia,ZMB,2024,14.9856262747939
Zambia,ZMB,2023,10.884531691282
Zambia,ZMB,2022,10.9932039209136
Zambia,ZMB,2021,22.0207676245777
Zambia,ZMB,2020,15.7330604721369
Zambia,ZMB,2019,9.15031644316296
Zambia,ZMB,2018,7.4945719272852
Zambia,ZMB,2017,6.57731154205644
Zambia,ZMB,2016,17.8697300795268
Zambia,ZMB,2015,10.1105928909618
Zambia,ZMB,2014,7.80687553566333
Zambia,ZMB,2013,6.97767605490307
Zimbabwe,ZWE,2025,
Zimbabwe,ZWE,2024,
Zimbabwe,ZWE,2023,
Zimbabwe,ZWE,2022,104.705170628667
Zimbabwe,ZWE,2021,98.5461050920624
Zimbabwe,ZWE,2020,557.201817362051
Zimbabwe,ZWE,2019,255.304990757856
Zimbabwe,ZWE,2018,10.6188658669575
Zimbabwe,ZWE,2017,0.893962316050027
Zimbabwe,ZWE,2016,-1.54366960054161
Zimbabwe,ZWE,2015,-2.43096842383404
Zimbabwe,ZWE,2014,-0.19778481012661
Zimbabwe,ZWE,2013,1.63495041543822
