country_name,iso3,year,merchandise_imports_current_usd
Africa Eastern and Southern,AFE,2025,337797896850.751
Africa Eastern and Southern,AFE,2024,316759908953.424
Africa Eastern and Southern,AFE,2023,317249000995.91
Africa Eastern and Southern,AFE,2022,321133617054.095
Africa Eastern and Southern,AFE,2021,264410991675.013
Africa Eastern and Southern,AFE,2020,208951770381.039
Africa Eastern and Southern,AFE,2019,248992408799.438
Africa Eastern and Southern,AFE,2018,259851947386.137
Africa Eastern and Southern,AFE,2017,233884713973.192
Africa Eastern and Southern,AFE,2016,216299768893.243
Africa Eastern and Southern,AFE,2015,252537247960.846
Africa Eastern and Southern,AFE,2014,285823217052.041
Africa Eastern and Southern,AFE,2013,284523543599.182
Africa Western and Central,AFW,2025,163339000000.0
Africa Western and Central,AFW,2024,148433000000.0
Africa Western and Central,AFW,2023,158306000000.0
Africa Western and Central,AFW,2022,165795000000.0
Africa Western and Central,AFW,2021,141451000000.0
Africa Western and Central,AFW,2020,111120000000.0
Africa Western and Central,AFW,2019,134997000000.0
Africa Western and Central,AFW,2018,123466000000.0
Africa Western and Central,AFW,2017,106181000000.0
Africa Western and Central,AFW,2016,116507000000.0
Africa Western and Central,AFW,2015,129107000000.0
Africa Western and Central,AFW,2014,155676000000.0
Africa Western and Central,AFW,2013,149957000000.0
Arab World,ARB,2025,1478489241707.38
Arab World,ARB,2024,1334215239641.06
Arab World,ARB,2023,1190449262370.51
Arab World,ARB,2022,1130596079141.89
Arab World,ARB,2021,929967612232.014
Arab World,ARB,2020,761571504238.621
Arab World,ARB,2019,879393945411.597
Arab World,ARB,2018,817079261089.252
Arab World,ARB,2017,790350504126.802
Arab World,ARB,2016,780929869719.778
Arab World,ARB,2015,852175307396.096
Arab World,ARB,2014,917866743833.092
Arab World,ARB,2013,911115255575.202
Caribbean small states,CSS,2025,31172000000.0
Caribbean small states,CSS,2024,28356000000.0
Caribbean small states,CSS,2023,28593000000.0
Caribbean small states,CSS,2022,22289000000.0
Caribbean small states,CSS,2021,20244000000.0
Caribbean small states,CSS,2020,15350000000.0
Caribbean small states,CSS,2019,20744000000.0
Caribbean small states,CSS,2018,20529000000.0
Caribbean small states,CSS,2017,18227000000.0
Caribbean small states,CSS,2016,18668000000.0
Caribbean small states,CSS,2015,20760000000.0
Caribbean small states,CSS,2014,23871000000.0
Caribbean small states,CSS,2013,25044000000.0
Central Europe and the Baltics,CEB,2025,1406713000000.0
Central Europe and the Baltics,CEB,2024,1292867000000.0
Central Europe and the Baltics,CEB,2023,1269771000000.0
Central Europe and the Baltics,CEB,2022,1309761000000.0
Central Europe and the Baltics,CEB,2021,1147902000000.0
Central Europe and the Baltics,CEB,2020,898476000000.0
Central Europe and the Baltics,CEB,2019,934029000000.0
Central Europe and the Baltics,CEB,2018,948657000000.0
Central Europe and the Baltics,CEB,2017,832842000000.0
Central Europe and the Baltics,CEB,2016,723808000000.0
Central Europe and the Baltics,CEB,2015,709456000000.0
Central Europe and the Baltics,CEB,2014,804000000000.0
Central Europe and the Baltics,CEB,2013,768206000000.0
Early-demographic dividend,EAR,2025,3687110075317.86
Early-demographic dividend,EAR,2024,3476768063825.36
Early-demographic dividend,EAR,2023,3373509294656.64
Early-demographic dividend,EAR,2022,3519370869296.43
Early-demographic dividend,EAR,2021,2896249548413.23
Early-demographic dividend,EAR,2020,2147630743754.97
Early-demographic dividend,EAR,2019,2517783175459.62
Early-demographic dividend,EAR,2018,2631162305009.81
Early-demographic dividend,EAR,2017,2402562521463.4
Early-demographic dividend,EAR,2016,2135519410592.79
Early-demographic dividend,EAR,2015,2285167344047.26
Early-demographic dividend,EAR,2014,2536530415884.8
Early-demographic dividend,EAR,2013,2517607648892.05
East Asia & Pacific,EAS,2025,7795774000000.0
East Asia & Pacific,EAS,2024,7326246000000.0
East Asia & Pacific,EAS,2023,7101368000000.0
East Asia & Pacific,EAS,2022,7728913000000.0
East Asia & Pacific,EAS,2021,7134695000000.0
East Asia & Pacific,EAS,2020,5577192000000.0
East Asia & Pacific,EAS,2019,5857400000000.0
East Asia & Pacific,EAS,2018,6072236000000.0
East Asia & Pacific,EAS,2017,5402258000000.0
East Asia & Pacific,EAS,2016,4719038000000.0
East Asia & Pacific,EAS,2015,4935619000000.0
East Asia & Pacific,EAS,2014,5743290000000.0
East Asia & Pacific,EAS,2013,5761695365332.7
East Asia & Pacific (excluding high income),EAP,2025,4189666000000.0
East Asia & Pacific (excluding high income),EAP,2024,4013621000000.0
East Asia & Pacific (excluding high income),EAP,2023,3864839000000.0
East Asia & Pacific (excluding high income),EAP,2022,4120392000000.0
East Asia & Pacific (excluding high income),EAP,2021,3904050000000.0
East Asia & Pacific (excluding high income),EAP,2020,3014254000000.0
East Asia & Pacific (excluding high income),EAP,2019,3120942000000.0
East Asia & Pacific (excluding high income),EAP,2018,3202637000000.0
East Asia & Pacific (excluding high income),EAP,2017,2787788000000.0
East Asia & Pacific (excluding high income),EAP,2016,2394691000000.0
East Asia & Pacific (excluding high income),EAP,2015,2492731000000.0
East Asia & Pacific (excluding high income),EAP,2014,2842762000000.0
East Asia & Pacific (excluding high income),EAP,2013,2837329000000.0
East Asia & Pacific (IDA & IBRD countries),TEA,2025,4187026000000.0
East Asia & Pacific (IDA & IBRD countries),TEA,2024,4011482000000.0
East Asia & Pacific (IDA & IBRD countries),TEA,2023,3862665000000.0
East Asia & Pacific (IDA & IBRD countries),TEA,2022,4119257000000.0
East Asia & Pacific (IDA & IBRD countries),TEA,2021,3903671000000.0
East Asia & Pacific (IDA & IBRD countries),TEA,2020,3013688000000.0
East Asia & Pacific (IDA & IBRD countries),TEA,2019,3118262000000.0
East Asia & Pacific (IDA & IBRD countries),TEA,2018,3200239000000.0
East Asia & Pacific (IDA & IBRD countries),TEA,2017,2784232000000.0
East Asia & Pacific (IDA & IBRD countries),TEA,2016,2391039000000.0
East Asia & Pacific (IDA & IBRD countries),TEA,2015,2488150000000.0
East Asia & Pacific (IDA & IBRD countries),TEA,2014,2837456000000.0
East Asia & Pacific (IDA & IBRD countries),TEA,2013,2832961819438.05
Euro area,EMU,2025,6090147000000.0
Euro area,EMU,2024,5694832000000.0
Euro area,EMU,2023,5867095000000.0
Euro area,EMU,2022,6252939000000.0
Euro area,EMU,2021,5377211000000.0
Euro area,EMU,2020,4264945000000.0
Euro area,EMU,2019,4625801000000.0
Euro area,EMU,2018,4806548000000.0
Euro area,EMU,2017,4323784000000.0
Euro area,EMU,2016,3884352000000.0
Euro area,EMU,2015,3885618000000.0
Euro area,EMU,2014,4526575000000.0
Euro area,EMU,2013,4475574000000.0
Europe & Central Asia,ECS,2025,10086239327580.1
Europe & Central Asia,ECS,2024,9251572265914.79
Europe & Central Asia,ECS,2023,9374194799743.9
Europe & Central Asia,ECS,2022,9767295724983.46
Europe & Central Asia,ECS,2021,8502898848982.82
Europe & Central Asia,ECS,2020,6875778203073.54
Europe & Central Asia,ECS,2019,7345468626822.29
Europe & Central Asia,ECS,2018,7531417887962.53
Europe & Central Asia,ECS,2017,6857288457546.82
Europe & Central Asia,ECS,2016,6187676783785.43
Europe & Central Asia,ECS,2015,6175468823619.96
Europe & Central Asia,ECS,2014,7225770113320.0
Europe & Central Asia,ECS,2013,7224410486158.02
Europe & Central Asia (excluding high income),ECA,2025,796247072860.26
Europe & Central Asia (excluding high income),ECA,2024,733260621556.747
Europe & Central Asia (excluding high income),ECA,2023,728568134465.096
Europe & Central Asia (excluding high income),ECA,2022,688285573844.918
Europe & Central Asia (excluding high income),ECA,2021,572667009156.162
Europe & Central Asia (excluding high income),ECA,2020,459382583575.334
Europe & Central Asia (excluding high income),ECA,2019,476391336227.831
Europe & Central Asia (excluding high income),ECA,2018,478594343925.201
Europe & Central Asia (excluding high income),ECA,2017,453528070445.51
Europe & Central Asia (excluding high income),ECA,2016,385753305250.324
Europe & Central Asia (excluding high income),ECA,2015,404475844568.494
Europe & Central Asia (excluding high income),ECA,2014,499623787366.029
Europe & Central Asia (excluding high income),ECA,2013,540430873628.438
Europe & Central Asia (IDA & IBRD countries),TEC,2025,1777334759291.23
Europe & Central Asia (IDA & IBRD countries),TEC,2024,1655498114314.75
Europe & Central Asia (IDA & IBRD countries),TEC,2023,1630691305681.24
Europe & Central Asia (IDA & IBRD countries),TEC,2022,1581137918606.74
Europe & Central Asia (IDA & IBRD countries),TEC,2021,1413188034386.26
Europe & Central Asia (IDA & IBRD countries),TEC,2020,1115413977822.16
Europe & Central Asia (IDA & IBRD countries),TEC,2019,1158232625534.31
Europe & Central Asia (IDA & IBRD countries),TEC,2018,1160521372850.78
Europe & Central Asia (IDA & IBRD countries),TEC,2017,1070400943428.53
Europe & Central Asia (IDA & IBRD countries),TEC,2016,902268360957.346
Europe & Central Asia (IDA & IBRD countries),TEC,2015,913569552750.65
Europe & Central Asia (IDA & IBRD countries),TEC,2014,1166411885681.04
Europe & Central Asia (IDA & IBRD countries),TEC,2013,1219109288806.04
European Union,EUU,2025,7406848000000.0
European Union,EUU,2024,6909054000000.0
European Union,EUU,2023,7070133000000.0
European Union,EUU,2022,7499518000000.0
European Union,EUU,2021,6497793000000.0
European Union,EUU,2020,5154106000000.0
European Union,EUU,2019,5544411000000.0
European Union,EUU,2018,5752013000000.0
European Union,EUU,2017,5161125000000.0
European Union,EUU,2016,4621872000000.0
European Union,EUU,2015,4609273000000.0
European Union,EUU,2014,5348796000000.0
European Union,EUU,2013,5258989000000.0
Heavily indebted poor countries (HIPC),HPC,2025,306764000000.0
Heavily indebted poor countries (HIPC),HPC,2024,272361000000.0
Heavily indebted poor countries (HIPC),HPC,2023,271498000000.0
Heavily indebted poor countries (HIPC),HPC,2022,258595000000.0
Heavily indebted poor countries (HIPC),HPC,2021,216148000000.0
Heavily indebted poor countries (HIPC),HPC,2020,178471000000.0
Heavily indebted poor countries (HIPC),HPC,2019,196088000000.0
Heavily indebted poor countries (HIPC),HPC,2018,195324000000.0
Heavily indebted poor countries (HIPC),HPC,2017,179944000000.0
Heavily indebted poor countries (HIPC),HPC,2016,175513000000.0
Heavily indebted poor countries (HIPC),HPC,2015,193710000000.0
Heavily indebted poor countries (HIPC),HPC,2014,204335000000.0
Heavily indebted poor countries (HIPC),HPC,2013,201338000000.0
IBRD only,IBD,2025,8751407000000.0
IBRD only,IBD,2024,8313769000000.0
IBRD only,IBD,2023,8024663000000.0
IBRD only,IBD,2022,8376704000000.0
IBRD only,IBD,2021,7489275000000.0
IBRD only,IBD,2020,5698246000000.0
IBRD only,IBD,2019,6200966000000.0
IBRD only,IBD,2018,6373679000000.0
IBRD only,IBD,2017,5662526000000.0
IBRD only,IBD,2016,4909029000000.0
IBRD only,IBD,2015,5189127000000.0
IBRD only,IBD,2014,6070531000000.0
IBRD only,IBD,2013,6130228121066.97
IDA & IBRD total,IBT,2025,9471883792452.19
IDA & IBRD total,IBT,2024,8963667981854.82
IDA & IBRD total,IBT,2023,8662302144422.24
IDA & IBRD total,IBT,2022,9056649533421.57
IDA & IBRD total,IBT,2021,8093578565622.69
IDA & IBRD total,IBT,2020,6158050599685.49
IDA & IBRD total,IBT,2019,6727276472866.65
IDA & IBRD total,IBT,2018,6893723448396.0
IDA & IBRD total,IBT,2017,6125551606989.31
IDA & IBRD total,IBT,2016,5336446514327.07
IDA & IBRD total,IBT,2015,5644480227487.37
IDA & IBRD total,IBT,2014,6569984791712.92
IDA & IBRD total,IBT,2013,6608537599143.82
IDA blend,IDB,2025,236390000000.0
IDA blend,IDB,2024,214803000000.0
IDA blend,IDB,2023,213163000000.0
IDA blend,IDB,2022,237686000000.0
IDA blend,IDB,2021,213471000000.0
IDA blend,IDB,2020,152992000000.0
IDA blend,IDB,2019,184412000000.0
IDA blend,IDB,2018,178813000000.0
IDA blend,IDB,2017,154484000000.0
IDA blend,IDB,2016,149396000000.0
IDA blend,IDB,2015,161211000000.0
IDA blend,IDB,2014,188119000000.0
IDA blend,IDB,2013,181261000000.0
IDA only,IDX,2025,484002532098.083
IDA only,IDX,2024,434628443215.593
IDA only,IDX,2023,424091860527.555
IDA only,IDX,2022,441831796985.334
IDA only,IDX,2021,390376219513.535
IDA only,IDX,2020,306624521335.813
IDA only,IDX,2019,341828686155.122
IDA only,IDX,2018,340975820680.77
IDA only,IDX,2017,308422067945.632
IDA only,IDX,2016,278103516471.625
IDA only,IDX,2015,294230427259.374
IDA only,IDX,2014,310811315482.633
IDA only,IDX,2013,296197322755.248
IDA total,IDA,2025,720002087138.797
IDA total,IDA,2024,649107897720.926
IDA total,IDA,2023,636977363506.631
IDA total,IDA,2022,679395826299.477
IDA total,IDA,2021,603776570438.362
IDA total,IDA,2020,459403807667.781
IDA total,IDA,2019,526182275083.764
IDA total,IDA,2018,519664263953.109
IDA total,IDA,2017,462699784081.014
IDA total,IDA,2016,427443775778.803
IDA total,IDA,2015,455423110893.348
IDA total,IDA,2014,499140885316.07
IDA total,IDA,2013,477684625831.894
Late-demographic dividend,LTE,2025,6714094160161.92
Late-demographic dividend,LTE,2024,6323233363271.31
Late-demographic dividend,LTE,2023,6050383007241.72
Late-demographic dividend,LTE,2022,6264254432996.24
Late-demographic dividend,LTE,2021,5792401756439.39
Late-demographic dividend,LTE,2020,4465084611220.8
Late-demographic dividend,LTE,2019,4686688376157.41
Late-demographic dividend,LTE,2018,4728021556325.67
Late-demographic dividend,LTE,2017,4200649127255.22
Late-demographic dividend,LTE,2016,3682585435534.11
Late-demographic dividend,LTE,2015,3826299559147.72
Late-demographic dividend,LTE,2014,4467030082724.18
Late-demographic dividend,LTE,2013,4477021352955.42
Latin America & Caribbean,LCN,2025,1657899503661.75
Latin America & Caribbean,LCN,2024,1560530551308.26
Latin America & Caribbean,LCN,2023,1516046443349.79
Latin America & Caribbean,LCN,2022,1605879318398.97
Latin America & Caribbean,LCN,2021,1320744947569.87
Latin America & Caribbean,LCN,2020,955614839990.03
Latin America & Caribbean,LCN,2019,1135724468583.2
Latin America & Caribbean,LCN,2018,1179960642681.03
Latin America & Caribbean,LCN,2017,1067045439802.66
Latin America & Caribbean,LCN,2016,976036981461.034
Latin America & Caribbean,LCN,2015,1076069660962.46
Latin America & Caribbean,LCN,2014,1209187334030.72
Latin America & Caribbean,LCN,2013,1217184706700.31
Latin America & Caribbean (excluding high income),LAC,2025,1399647000000.0
Latin America & Caribbean (excluding high income),LAC,2024,1318016000000.0
Latin America & Caribbean (excluding high income),LAC,2023,1269259000000.0
Latin America & Caribbean (excluding high income),LAC,2022,1348173000000.0
Latin America & Caribbean (excluding high income),LAC,2021,1102348000000.0
Latin America & Caribbean (excluding high income),LAC,2020,804914000000.0
Latin America & Caribbean (excluding high income),LAC,2019,951115000000.0
Latin America & Caribbean (excluding high income),LAC,2018,985881000000.0
Latin America & Caribbean (excluding high income),LAC,2017,892496000000.0
Latin America & Caribbean (excluding high income),LAC,2016,813003000000.0
Latin America & Caribbean (excluding high income),LAC,2015,900796000000.0
Latin America & Caribbean (excluding high income),LAC,2014,1009216000000.0
Latin America & Caribbean (excluding high income),LAC,2013,1010125000000.0
Latin America & the Caribbean (IDA & IBRD countries),TLA,2025,1569351000000.0
Latin America & the Caribbean (IDA & IBRD countries),TLA,2024,1477053000000.0
Latin America & the Caribbean (IDA & IBRD countries),TLA,2023,1435446000000.0
Latin America & the Caribbean (IDA & IBRD countries),TLA,2022,1521076000000.0
Latin America & the Caribbean (IDA & IBRD countries),TLA,2021,1250621000000.0
Latin America & the Caribbean (IDA & IBRD countries),TLA,2020,903529000000.0
Latin America & the Caribbean (IDA & IBRD countries),TLA,2019,1071374000000.0
Latin America & the Caribbean (IDA & IBRD countries),TLA,2018,1111938000000.0
Latin America & the Caribbean (IDA & IBRD countries),TLA,2017,1005742000000.0
Latin America & the Caribbean (IDA & IBRD countries),TLA,2016,918570000000.0
Latin America & the Caribbean (IDA & IBRD countries),TLA,2015,1012837000000.0
Latin America & the Caribbean (IDA & IBRD countries),TLA,2014,1138005000000.0
Latin America & the Caribbean (IDA & IBRD countries),TLA,2013,1144543000000.0
Least developed countries: UN classification,LDC,2025,376942548091.603
Least developed countries: UN classification,LDC,2024,341109859616.394
Least developed countries: UN classification,LDC,2023,338776114633.624
Least developed countries: UN classification,LDC,2022,360859716984.58
Least developed countries: UN classification,LDC,2021,312626306030.914
Least developed countries: UN classification,LDC,2020,248932462998.374
Least developed countries: UN classification,LDC,2019,275382357410.233
Least developed countries: UN classification,LDC,2018,274525292399.14
Least developed countries: UN classification,LDC,2017,247088107550.473
Least developed countries: UN classification,LDC,2016,221826393960.824
Least developed countries: UN classification,LDC,2015,241735741603.689
Least developed countries: UN classification,LDC,2014,258166354230.971
Least developed countries: UN classification,LDC,2013,241594411684.309
Low & middle income,LMY,2025,8333338377903.17
Low & middle income,LMY,2024,7893706802564.18
Low & middle income,LMY,2023,7604869600287.25
Low & middle income,LMY,2022,8001559685176.42
Low & middle income,LMY,2021,7114048424584.98
Low & middle income,LMY,2020,5410532576064.03
Low & middle income,LMY,2019,5935005005366.38
Low & middle income,LMY,2018,6095403772370.71
Low & middle income,LMY,2017,5405151130162.96
Low & middle income,LMY,2016,4723480931762.78
Low & middle income,LMY,2015,5033784245262.42
Low & middle income,LMY,2014,5786504968131.01
Low & middle income,LMY,2013,5806520979468.71
"Middle East, North Africa, Afghanistan & Pakistan",MEA,2025,1701861555652.14
"Middle East, North Africa, Afghanistan & Pakistan",MEA,2024,1553704584006.73
"Middle East, North Africa, Afghanistan & Pakistan",MEA,2023,1393931208528.38
"Middle East, North Africa, Afghanistan & Pakistan",MEA,2022,1360170342717.14
"Middle East, North Africa, Afghanistan & Pakistan",MEA,2021,1138387439723.19
"Middle East, North Africa, Afghanistan & Pakistan",MEA,2020,911432629423.839
"Middle East, North Africa, Afghanistan & Pakistan",MEA,2019,1046117673552.46
"Middle East, North Africa, Afghanistan & Pakistan",MEA,2018,1003661116988.47
"Middle East, North Africa, Afghanistan & Pakistan",MEA,2017,964544100337.286
"Middle East, North Africa, Afghanistan & Pakistan",MEA,2016,937008249684.569
"Middle East, North Africa, Afghanistan & Pakistan",MEA,2015,1001528724605.2
"Middle East, North Africa, Afghanistan & Pakistan",MEA,2014,1091498970377.73
"Middle East, North Africa, Afghanistan & Pakistan",MEA,2013,1072125208984.31
"Middle East, North Africa, Afghanistan & Pakistan (excluding high income)",MNA,2025,582508413013.036
"Middle East, North Africa, Afghanistan & Pakistan (excluding high income)",MNA,2024,541218773687.32
"Middle East, North Africa, Afghanistan & Pakistan (excluding high income)",MNA,2023,492030291066.109
"Middle East, North Africa, Afghanistan & Pakistan (excluding high income)",MNA,2022,510846119068.271
"Middle East, North Africa, Afghanistan & Pakistan (excluding high income)",MNA,2021,433323524257.395
"Middle East, North Africa, Afghanistan & Pakistan (excluding high income)",MNA,2020,356624891206.899
"Middle East, North Africa, Afghanistan & Pakistan (excluding high income)",MNA,2019,421088200734.12
"Middle East, North Africa, Afghanistan & Pakistan (excluding high income)",MNA,2018,430866897527.372
"Middle East, North Africa, Afghanistan & Pakistan (excluding high income)",MNA,2017,394290116023.683
"Middle East, North Africa, Afghanistan & Pakistan (excluding high income)",MNA,2016,360173012960.239
"Middle East, North Africa, Afghanistan & Pakistan (excluding high income)",MNA,2015,390198789850.536
"Middle East, North Africa, Afghanistan & Pakistan (excluding high income)",MNA,2014,460815364425.337
"Middle East, North Africa, Afghanistan & Pakistan (excluding high income)",MNA,2013,455976369247.401
"Middle East, North Africa, Afghanistan & Pakistan (IDA & IBRD)",TMN,2025,572638000000.0
"Middle East, North Africa, Afghanistan & Pakistan (IDA & IBRD)",TMN,2024,532048000000.0
"Middle East, North Africa, Afghanistan & Pakistan (IDA & IBRD)",TMN,2023,483693000000.0
"Middle East, North Africa, Afghanistan & Pakistan (IDA & IBRD)",TMN,2022,502190000000.0
"Middle East, North Africa, Afghanistan & Pakistan (IDA & IBRD)",TMN,2021,425981000000.0
"Middle East, North Africa, Afghanistan & Pakistan (IDA & IBRD)",TMN,2020,350582000000.0
"Middle East, North Africa, Afghanistan & Pakistan (IDA & IBRD)",TMN,2019,413953000000.0
"Middle East, North Africa, Afghanistan & Pakistan (IDA & IBRD)",TMN,2018,423566000000.0
"Middle East, North Africa, Afghanistan & Pakistan (IDA & IBRD)",TMN,2017,387609000000.0
"Middle East, North Africa, Afghanistan & Pakistan (IDA & IBRD)",TMN,2016,354070000000.0
"Middle East, North Africa, Afghanistan & Pakistan (IDA & IBRD)",TMN,2015,383587000000.0
"Middle East, North Africa, Afghanistan & Pakistan (IDA & IBRD)",TMN,2014,453007000000.0
"Middle East, North Africa, Afghanistan & Pakistan (IDA & IBRD)",TMN,2013,448250000000.0
Middle income,MIC,2025,8180543702832.44
Middle income,MIC,2024,7757292916701.66
Middle income,MIC,2023,7468536921222.96
Middle income,MIC,2022,7873696803673.45
Middle income,MIC,2021,7005663117781.02
Middle income,MIC,2020,5313087869777.69
Middle income,MIC,2019,5830095092419.14
Middle income,MIC,2018,5995083773227.47
Middle income,MIC,2017,5311714993355.93
Middle income,MIC,2016,4636215701469.84
Middle income,MIC,2015,4929263689440.8
Middle income,MIC,2014,5670227140454.01
Middle income,MIC,2013,5694904844659.99
North America,NAC,2025,4085240000000.0
North America,NAC,2024,3932615000000.0
North America,NAC,2023,3740289000000.0
North America,NAC,2022,3959076000000.0
North America,NAC,2021,3442845000000.0
North America,NAC,2020,2828770000000.0
North America,NAC,2019,3031556000000.0
North America,NAC,2018,3084428000000.0
North America,NAC,2017,2853222000000.0
North America,NAC,2016,2664071000000.0
North America,NAC,2015,2746359000000.0
North America,NAC,2014,2888828000000.0
North America,NAC,2013,2805849000000.0
OECD members,OED,2025,15863275000000.0
OECD members,OED,2024,14866566000000.0
OECD members,OED,2023,14845360000000.0
OECD members,OED,2022,15796168000000.0
OECD members,OED,2021,13605225000000.0
OECD members,OED,2020,10981613000000.0
OECD members,OED,2019,11844303000000.0
OECD members,OED,2018,12191795000000.0
OECD members,OED,2017,11140177000000.0
OECD members,OED,2016,10161449000000.0
OECD members,OED,2015,10330148000000.0
OECD members,OED,2014,11657597000000.0
OECD members,OED,2013,11510359000000.0
Other small states,OSS,2025,104183385883.606
Other small states,OSS,2024,97019104206.5198
Other small states,OSS,2023,95110329560.0213
Other small states,OSS,2022,99415700435.8372
Other small states,OSS,2021,84347433766.5411
Other small states,OSS,2020,63672938667.2451
Other small states,OSS,2019,72469669039.7775
Other small states,OSS,2018,74969356104.6798
Other small states,OSS,2017,65804899658.8242
Other small states,OSS,2016,57837147139.4482
Other small states,OSS,2015,53891000000.0
Other small states,OSS,2014,62363578776.1059
Other small states,OSS,2013,58924383477.6264
Pacific island small states,PSS,2025,6451000000.0
Pacific island small states,PSS,2024,6043000000.0
Pacific island small states,PSS,2023,6047000000.0
Pacific island small states,PSS,2022,5493000000.0
Pacific island small states,PSS,2021,4392000000.0
Pacific island small states,PSS,2020,3688000000.0
Pacific island small states,PSS,2019,5055000000.0
Pacific island small states,PSS,2018,4947000000.0
Pacific island small states,PSS,2017,4605000000.0
Pacific island small states,PSS,2016,4419000000.0
Pacific island small states,PSS,2015,4157000000.0
Pacific island small states,PSS,2014,5374000000.0
Pacific island small states,PSS,2013,4968395817.49049
Post-demographic dividend,PST,2025,15398616000000.0
Post-demographic dividend,PST,2024,14338806000000.0
Post-demographic dividend,PST,2023,14231655000000.0
Post-demographic dividend,PST,2022,15179648000000.0
Post-demographic dividend,PST,2021,13286457000000.0
Post-demographic dividend,PST,2020,10779609000000.0
Post-demographic dividend,PST,2019,11595277000000.0
Post-demographic dividend,PST,2018,11949521000000.0
Post-demographic dividend,PST,2017,10920722000000.0
Post-demographic dividend,PST,2016,9970066000000.0
Post-demographic dividend,PST,2015,10148122000000.0
Post-demographic dividend,PST,2014,11515675000000.0
Post-demographic dividend,PST,2013,11442486000000.0
Pre-demographic dividend,PRE,2025,373793748669.417
Pre-demographic dividend,PRE,2024,349801883027.349
Pre-demographic dividend,PRE,2023,338227670452.806
Pre-demographic dividend,PRE,2022,330626665057.709
Pre-demographic dividend,PRE,2021,267813442534.446
Pre-demographic dividend,PRE,2020,232431113853.806
Pre-demographic dividend,PRE,2019,277013519084.629
Pre-demographic dividend,PRE,2018,255147851957.488
Pre-demographic dividend,PRE,2017,220486877222.143
Pre-demographic dividend,PRE,2016,216136734813.617
Pre-demographic dividend,PRE,2015,263134205197.063
Pre-demographic dividend,PRE,2014,310499733526.525
Pre-demographic dividend,PRE,2013,307946520596.904
Small states,SST,2025,141378070966.373
Small states,SST,2024,130992357059.51
Small states,SST,2023,129371706269.227
Small states,SST,2022,126446197093.455
Small states,SST,2021,108390792404.795
Small states,SST,2020,82282160284.2898
Small states,SST,2019,97955051978.36
Small states,SST,2018,100069714649.411
Small states,SST,2017,88327031399.1726
Small states,SST,2016,80779280258.831
Small states,SST,2015,78816781584.8096
Small states,SST,2014,91636077224.992
Small states,SST,2013,89068889547.353
South Asia,SAS,2025,864531000000.0
South Asia,SAS,2024,822407000000.0
South Asia,SAS,2023,774430000000.0
South Asia,SAS,2022,845728000000.0
South Asia,SAS,2021,693863000000.0
South Asia,SAS,2020,454654000000.0
South Asia,SAS,2019,581299000000.0
South Asia,SAS,2018,613912000000.0
South Asia,SAS,2017,537475000000.0
South Asia,SAS,2016,437666000000.0
South Asia,SAS,2015,464722000000.0
South Asia,SAS,2014,533961000000.0
South Asia,SAS,2013,529698000000.0
South Asia (IDA & IBRD),TSA,2025,864531000000.0
South Asia (IDA & IBRD),TSA,2024,822407000000.0
South Asia (IDA & IBRD),TSA,2023,774430000000.0
South Asia (IDA & IBRD),TSA,2022,845728000000.0
South Asia (IDA & IBRD),TSA,2021,693863000000.0
South Asia (IDA & IBRD),TSA,2020,454654000000.0
South Asia (IDA & IBRD),TSA,2019,581299000000.0
South Asia (IDA & IBRD),TSA,2018,613912000000.0
South Asia (IDA & IBRD),TSA,2017,537475000000.0
South Asia (IDA & IBRD),TSA,2016,437666000000.0
South Asia (IDA & IBRD),TSA,2015,464722000000.0
South Asia (IDA & IBRD),TSA,2014,533961000000.0
South Asia (IDA & IBRD),TSA,2013,529698000000.0
Sub-Saharan Africa,SSF,2025,501155229910.99
Sub-Saharan Africa,SSF,2024,465196239946.715
Sub-Saharan Africa,SSF,2023,475586576757.946
Sub-Saharan Africa,SSF,2022,486976833048.019
Sub-Saharan Africa,SSF,2021,405916159068.196
Sub-Saharan Africa,SSF,2020,320112637329.655
Sub-Saharan Africa,SSF,2019,384053676640.135
Sub-Saharan Africa,SSF,2018,383280042176.657
Sub-Saharan Africa,SSF,2017,340001783419.34
Sub-Saharan Africa,SSF,2016,332857988458.143
Sub-Saharan Africa,SSF,2015,381662351386.964
Sub-Saharan Africa,SSF,2014,441577272202.203
Sub-Saharan Africa,SSF,2013,434528043742.394
Sub-Saharan Africa (excluding high income),SSA,2025,499633897438.822
Sub-Saharan Africa (excluding high income),SSA,2024,463748900188.151
Sub-Saharan Africa (excluding high income),SSA,2023,474134287178.947
Sub-Saharan Africa (excluding high income),SSA,2022,485611869865.83
Sub-Saharan Africa (excluding high income),SSA,2021,404782367813.754
Sub-Saharan Africa (excluding high income),SSA,2020,319107689078.671
Sub-Saharan Africa (excluding high income),SSA,2019,382885765849.898
Sub-Saharan Africa (excluding high income),SSA,2018,382007490575.487
Sub-Saharan Africa (excluding high income),SSA,2017,338697352473.092
Sub-Saharan Africa (excluding high income),SSA,2016,331817026468.858
Sub-Saharan Africa (excluding high income),SSA,2015,380671465873.978
Sub-Saharan Africa (excluding high income),SSA,2014,440433420199.101
Sub-Saharan Africa (excluding high income),SSA,2013,433446453668.994
Sub-Saharan Africa (IDA & IBRD countries),TSS,2025,501155229910.99
Sub-Saharan Africa (IDA & IBRD countries),TSS,2024,465196239946.715
Sub-Saharan Africa (IDA & IBRD countries),TSS,2023,475586576757.946
Sub-Saharan Africa (IDA & IBRD countries),TSS,2022,486976833048.019
Sub-Saharan Africa (IDA & IBRD countries),TSS,2021,405916159068.196
Sub-Saharan Africa (IDA & IBRD countries),TSS,2020,320112637329.655
Sub-Saharan Africa (IDA & IBRD countries),TSS,2019,384053676640.135
Sub-Saharan Africa (IDA & IBRD countries),TSS,2018,383280042176.657
Sub-Saharan Africa (IDA & IBRD countries),TSS,2017,340001783419.34
Sub-Saharan Africa (IDA & IBRD countries),TSS,2016,332857988458.143
Sub-Saharan Africa (IDA & IBRD countries),TSS,2015,381662351386.964
Sub-Saharan Africa (IDA & IBRD countries),TSS,2014,441577272202.203
Sub-Saharan Africa (IDA & IBRD countries),TSS,2013,434528043742.394
World,WLD,2025,26694236727714.7
World,WLD,2024,24913694736586.3
World,WLD,2023,24377917596282.0
World,WLD,2022,25757106247227.4
World,WLD,2021,22646300693349.0
World,WLD,2020,17932309754404.6
World,WLD,2019,19386547613568.7
World,WLD,2018,19873852702407.7
World,WLD,2017,18026092763085.8
World,WLD,2016,16257038042766.5
World,WLD,2015,16781397236356.2
World,WLD,2014,19134763983129.7
World,WLD,2013,19045659618752.6
Afghanistan,AFG,2025,3606000000.0
Afghanistan,AFG,2024,3477000000.0
Afghanistan,AFG,2023,3768000000.0
Afghanistan,AFG,2022,4232000000.0
Afghanistan,AFG,2021,5160000000.0
Afghanistan,AFG,2020,6538000000.0
Afghanistan,AFG,2019,6777000000.0
Afghanistan,AFG,2018,7407000000.0
Afghanistan,AFG,2017,7065000000.0
Afghanistan,AFG,2016,6534000000.0
Afghanistan,AFG,2015,7723000000.0
Afghanistan,AFG,2014,7729000000.0
Afghanistan,AFG,2013,8554000000.0
Albania,ALB,2025,10280000000.0
Albania,ALB,2024,9612000000.0
Albania,ALB,2023,8694000000.0
Albania,ALB,2022,8399000000.0
Albania,ALB,2021,7718000000.0
Albania,ALB,2020,5570000000.0
Albania,ALB,2019,5897000000.0
Albania,ALB,2018,5925000000.0
Albania,ALB,2017,5271000000.0
Albania,ALB,2016,4613000000.0
Albania,ALB,2015,4302000000.0
Albania,ALB,2014,5222000000.0
Albania,ALB,2013,4920000000.0
Algeria,DZA,2025,50100000000.0
Algeria,DZA,2024,45335000000.0
Algeria,DZA,2023,42842000000.0
Algeria,DZA,2022,38868000000.0
Algeria,DZA,2021,37466000000.0
Algeria,DZA,2020,35547000000.0
Algeria,DZA,2019,44632000000.0
Algeria,DZA,2018,46330000000.0
Algeria,DZA,2017,46059000000.0
Algeria,DZA,2016,47089000000.0
Algeria,DZA,2015,51702000000.0
Algeria,DZA,2014,58580000000.0
Algeria,DZA,2013,55028000000.0
American Samoa,ASM,2025,678000000.0
American Samoa,ASM,2024,711000000.0
American Samoa,ASM,2023,636000000.0
American Samoa,ASM,2022,642000000.0
American Samoa,ASM,2021,784000000.0
American Samoa,ASM,2020,766000000.0
American Samoa,ASM,2019,712000000.0
American Samoa,ASM,2018,653000000.0
American Samoa,ASM,2017,595000000.0
American Samoa,ASM,2016,655000000.0
American Samoa,ASM,2015,675000000.0
American Samoa,ASM,2014,611000000.0
American Samoa,ASM,2013,479000000.0
Andorra,AND,2025,2183000000.0
Andorra,AND,2024,2039000000.0
Andorra,AND,2023,1995000000.0
Andorra,AND,2022,1864000000.0
Andorra,AND,2021,1563000000.0
Andorra,AND,2020,1495000000.0
Andorra,AND,2019,1539000000.0
Andorra,AND,2018,1609000000.0
Andorra,AND,2017,1478000000.0
Andorra,AND,2016,1354000000.0
Andorra,AND,2015,1294000000.0
Andorra,AND,2014,1556000000.0
Andorra,AND,2013,
Angola,AGO,2025,14965000000.0
Angola,AGO,2024,13946000000.0
Angola,AGO,2023,15696000000.0
Angola,AGO,2022,17803000000.0
Angola,AGO,2021,11379000000.0
Angola,AGO,2020,9338000000.0
Angola,AGO,2019,13962000000.0
Angola,AGO,2018,15798000000.0
Angola,AGO,2017,14463000000.0
Angola,AGO,2016,13040000000.0
Angola,AGO,2015,20693000000.0
Angola,AGO,2014,28580000000.0
Angola,AGO,2013,26331000000.0
Antigua and Barbuda,ATG,2025,938000000.0
Antigua and Barbuda,ATG,2024,823000000.0
Antigua and Barbuda,ATG,2023,844000000.0
Antigua and Barbuda,ATG,2022,820000000.0
Antigua and Barbuda,ATG,2021,596000000.0
Antigua and Barbuda,ATG,2020,498000000.0
Antigua and Barbuda,ATG,2019,701000000.0
Antigua and Barbuda,ATG,2018,699000000.0
Antigua and Barbuda,ATG,2017,554000000.0
Antigua and Barbuda,ATG,2016,478000000.0
Antigua and Barbuda,ATG,2015,449000000.0
Antigua and Barbuda,ATG,2014,532000000.0
Antigua and Barbuda,ATG,2013,503000000.0
Argentina,ARG,2025,75791000000.0
Argentina,ARG,2024,60776000000.0
Argentina,ARG,2023,73826000000.0
Argentina,ARG,2022,81740000000.0
Argentina,ARG,2021,63184000000.0
Argentina,ARG,2020,42356000000.0
Argentina,ARG,2019,49124000000.0
Argentina,ARG,2018,65482000000.0
Argentina,ARG,2017,66937000000.0
Argentina,ARG,2016,55852000000.0
Argentina,ARG,2015,60205000000.0
Argentina,ARG,2014,65735000000.0
Argentina,ARG,2013,74442000000.0
Armenia,ARM,2025,13035000000.0
Armenia,ARM,2024,17067000000.0
Armenia,ARM,2023,12758000000.0
Armenia,ARM,2022,8769000000.0
Armenia,ARM,2021,5357000000.0
Armenia,ARM,2020,4559000000.0
Armenia,ARM,2019,5514000000.0
Armenia,ARM,2018,4963000000.0
Armenia,ARM,2017,4189000000.0
Armenia,ARM,2016,3273000000.0
Armenia,ARM,2015,3239000000.0
Armenia,ARM,2014,4401000000.0
Armenia,ARM,2013,4477000000.0
Aruba,ABW,2025,1604000000.0
Aruba,ABW,2024,1490000000.0
Aruba,ABW,2023,1403000000.0
Aruba,ABW,2022,1387000000.0
Aruba,ABW,2021,1064000000.0
Aruba,ABW,2020,863000000.0
Aruba,ABW,2019,1206000000.0
Aruba,ABW,2018,1232000000.0
Aruba,ABW,2017,1124000000.0
Aruba,ABW,2016,1138000000.0
Aruba,ABW,2015,1250000000.0
Aruba,ABW,2014,1350000000.0
Aruba,ABW,2013,1377000000.0
Australia,AUS,2025,310631000000.0
Australia,AUS,2024,296340000000.0
Australia,AUS,2023,287406000000.0
Australia,AUS,2022,309189000000.0
Australia,AUS,2021,261165000000.0
Australia,AUS,2020,211824000000.0
Australia,AUS,2019,221564000000.0
Australia,AUS,2018,235386000000.0
Australia,AUS,2017,228780000000.0
Australia,AUS,2016,196270000000.0
Australia,AUS,2015,208501000000.0
Australia,AUS,2014,237352000000.0
Australia,AUS,2013,242140000000.0
Austria,AUT,2025,228386000000.0
Austria,AUT,2024,211719000000.0
Austria,AUT,2023,226251000000.0
Austria,AUT,2022,233519000000.0
Austria,AUT,2021,219520000000.0
Austria,AUT,2020,172449000000.0
Austria,AUT,2019,184758000000.0
Austria,AUT,2018,193722000000.0
Austria,AUT,2017,175755000000.0
Austria,AUT,2016,157697000000.0
Austria,AUT,2015,156046000000.0
Austria,AUT,2014,182076000000.0
Austria,AUT,2013,183277000000.0
Azerbaijan,AZE,2025,24380000000.0
Azerbaijan,AZE,2024,21058000000.0
Azerbaijan,AZE,2023,17285000000.0
Azerbaijan,AZE,2022,14540000000.0
Azerbaijan,AZE,2021,11703000000.0
Azerbaijan,AZE,2020,10732000000.0
Azerbaijan,AZE,2019,13668000000.0
Azerbaijan,AZE,2018,11466000000.0
Azerbaijan,AZE,2017,8783000000.0
Azerbaijan,AZE,2016,8489000000.0
Azerbaijan,AZE,2015,9217000000.0
Azerbaijan,AZE,2014,9188000000.0
Azerbaijan,AZE,2013,10321000000.0
"Bahamas, The",BHS,2025,5520000000.0
"Bahamas, The",BHS,2024,4944000000.0
"Bahamas, The",BHS,2023,4188000000.0
"Bahamas, The",BHS,2022,3840000000.0
"Bahamas, The",BHS,2021,3483000000.0
"Bahamas, The",BHS,2020,2205000000.0
"Bahamas, The",BHS,2019,3321000000.0
"Bahamas, The",BHS,2018,3521000000.0
"Bahamas, The",BHS,2017,3428000000.0
"Bahamas, The",BHS,2016,2975000000.0
"Bahamas, The",BHS,2015,3162000000.0
"Bahamas, The",BHS,2014,3790000000.0
"Bahamas, The",BHS,2013,3366000000.0
Bahrain,BHR,2025,16451000000.0
Bahrain,BHR,2024,15610000000.0
Bahrain,BHR,2023,15367000000.0
Bahrain,BHR,2022,15537000000.0
Bahrain,BHR,2021,14188000000.0
Bahrain,BHR,2020,12683000000.0
Bahrain,BHR,2019,13256000000.0
Bahrain,BHR,2018,14871000000.0
Bahrain,BHR,2017,13145000000.0
Bahrain,BHR,2016,11579000000.0
Bahrain,BHR,2015,12408000000.0
Bahrain,BHR,2014,12216000000.0
Bahrain,BHR,2013,9997000000.0
Bangladesh,BGD,2025,69373000000.0
Bangladesh,BGD,2024,67880000000.0
Bangladesh,BGD,2023,66863000000.0
Bangladesh,BGD,2022,88234000000.0
Bangladesh,BGD,2021,80448000000.0
Bangladesh,BGD,2020,52804000000.0
Bangladesh,BGD,2019,59094000000.0
Bangladesh,BGD,2018,60495000000.0
Bangladesh,BGD,2017,52836000000.0
Bangladesh,BGD,2016,44772000000.0
Bangladesh,BGD,2015,42047000000.0
Bangladesh,BGD,2014,41119000000.0
Bangladesh,BGD,2013,37085000000.0
Barbados,BRB,2025,2229000000.0
Barbados,BRB,2024,2154000000.0
Barbados,BRB,2023,2124000000.0
Barbados,BRB,2022,2151000000.0
Barbados,BRB,2021,1674000000.0
Barbados,BRB,2020,1497000000.0
Barbados,BRB,2019,1581000000.0
Barbados,BRB,2018,1578000000.0
Barbados,BRB,2017,1600000000.0
Barbados,BRB,2016,1622000000.0
Barbados,BRB,2015,1618000000.0
Barbados,BRB,2014,1739000000.0
Barbados,BRB,2013,1759000000.0
Belarus,BLR,2025,48370000000.0
Belarus,BLR,2024,45714000000.0
Belarus,BLR,2023,43092000000.0
Belarus,BLR,2022,38311000000.0
Belarus,BLR,2021,41387000000.0
Belarus,BLR,2020,32767000000.0
Belarus,BLR,2019,39477000000.0
Belarus,BLR,2018,38409000000.0
Belarus,BLR,2017,34231000000.0
Belarus,BLR,2016,27464000000.0
Belarus,BLR,2015,29941000000.0
Belarus,BLR,2014,40502000000.0
Belarus,BLR,2013,42948000000.0
Belgium,BEL,2025,537701000000.0
Belgium,BEL,2024,525986000000.0
Belgium,BEL,2023,564974000000.0
Belgium,BEL,2022,625041000000.0
Belgium,BEL,2021,526615000000.0
Belgium,BEL,2020,396061000000.0
Belgium,BEL,2019,428878000000.0
Belgium,BEL,2018,455188000000.0
Belgium,BEL,2017,409220000000.0
Belgium,BEL,2016,379409000000.0
Belgium,BEL,2015,375530000000.0
Belgium,BEL,2014,453700000000.0
Belgium,BEL,2013,451677000000.0
Belize,BLZ,2025,1431000000.0
Belize,BLZ,2024,1455000000.0
Belize,BLZ,2023,1341000000.0
Belize,BLZ,2022,1381000000.0
Belize,BLZ,2021,1061000000.0
Belize,BLZ,2020,787000000.0
Belize,BLZ,2019,986000000.0
Belize,BLZ,2018,958000000.0
Belize,BLZ,2017,916000000.0
Belize,BLZ,2016,953000000.0
Belize,BLZ,2015,991000000.0
Belize,BLZ,2014,962000000.0
Belize,BLZ,2013,928000000.0
Benin,BEN,2025,4951000000.0
Benin,BEN,2024,4835000000.0
Benin,BEN,2023,5252000000.0
Benin,BEN,2022,4914000000.0
Benin,BEN,2021,4508000000.0
Benin,BEN,2020,3555000000.0
Benin,BEN,2019,3932000000.0
Benin,BEN,2018,4375000000.0
Benin,BEN,2017,3494000000.0
Benin,BEN,2016,2872000000.0
Benin,BEN,2015,2561000000.0
Benin,BEN,2014,3828000000.0
Benin,BEN,2013,3010000000.0
Bermuda,BMU,2025,1245000000.0
Bermuda,BMU,2024,1270000000.0
Bermuda,BMU,2023,1179000000.0
Bermuda,BMU,2022,1192000000.0
Bermuda,BMU,2021,1055000000.0
Bermuda,BMU,2020,904000000.0
Bermuda,BMU,2019,1118000000.0
Bermuda,BMU,2018,1101000000.0
Bermuda,BMU,2017,1095000000.0
Bermuda,BMU,2016,977000000.0
Bermuda,BMU,2015,934000000.0
Bermuda,BMU,2014,962000000.0
Bermuda,BMU,2013,1012000000.0
Bhutan,BTN,2025,2181000000.0
Bhutan,BTN,2024,1448000000.0
Bhutan,BTN,2023,1313000000.0
Bhutan,BTN,2022,1511000000.0
Bhutan,BTN,2021,1220000000.0
Bhutan,BTN,2020,899000000.0
Bhutan,BTN,2019,981000000.0
Bhutan,BTN,2018,1048000000.0
Bhutan,BTN,2017,1029000000.0
Bhutan,BTN,2016,1002000000.0
Bhutan,BTN,2015,1061000000.0
Bhutan,BTN,2014,932000000.0
Bhutan,BTN,2013,909000000.0
Bolivia,BOL,2025,10029000000.0
Bolivia,BOL,2024,9904000000.0
Bolivia,BOL,2023,11496000000.0
Bolivia,BOL,2022,11896000000.0
Bolivia,BOL,2021,9121000000.0
Bolivia,BOL,2020,7080000000.0
Bolivia,BOL,2019,9784000000.0
Bolivia,BOL,2018,9996000000.0
Bolivia,BOL,2017,9288000000.0
Bolivia,BOL,2016,8427000000.0
Bolivia,BOL,2015,9766000000.0
Bolivia,BOL,2014,10519000000.0
Bolivia,BOL,2013,9338000000.0
Bosnia and Herzegovina,BIH,2025,17328000000.0
Bosnia and Herzegovina,BIH,2024,15847000000.0
Bosnia and Herzegovina,BIH,2023,15355000000.0
Bosnia and Herzegovina,BIH,2022,15376000000.0
Bosnia and Herzegovina,BIH,2021,13029000000.0
Bosnia and Herzegovina,BIH,2020,9873000000.0
Bosnia and Herzegovina,BIH,2019,11159000000.0
Bosnia and Herzegovina,BIH,2018,11630000000.0
Bosnia and Herzegovina,BIH,2017,10504000000.0
Bosnia and Herzegovina,BIH,2016,9146000000.0
Bosnia and Herzegovina,BIH,2015,8986000000.0
Bosnia and Herzegovina,BIH,2014,10988000000.0
Bosnia and Herzegovina,BIH,2013,10295000000.0
Botswana,BWA,2025,6395000000.0
Botswana,BWA,2024,7216000000.0
Botswana,BWA,2023,6506000000.0
Botswana,BWA,2022,8145000000.0
Botswana,BWA,2021,8400000000.0
Botswana,BWA,2020,6516000000.0
Botswana,BWA,2019,6564000000.0
Botswana,BWA,2018,6306000000.0
Botswana,BWA,2017,5329000000.0
Botswana,BWA,2016,6143000000.0
Botswana,BWA,2015,7238000000.0
Botswana,BWA,2014,8078000000.0
Botswana,BWA,2013,8352000000.0
Brazil,BRA,2025,293696000000.0
Brazil,BRA,2024,277954000000.0
Brazil,BRA,2023,252710000000.0
Brazil,BRA,2022,292245000000.0
Brazil,BRA,2021,234690000000.0
Brazil,BRA,2020,166336000000.0
Brazil,BRA,2019,193162000000.0
Brazil,BRA,2018,192840000000.0
Brazil,BRA,2017,165855000000.0
Brazil,BRA,2016,145248000000.0
Brazil,BRA,2015,180460000000.0
Brazil,BRA,2014,240763000000.0
Brazil,BRA,2013,252282000000.0
British Virgin Islands,VGB,2025,
British Virgin Islands,VGB,2024,
British Virgin Islands,VGB,2023,
British Virgin Islands,VGB,2022,
British Virgin Islands,VGB,2021,
British Virgin Islands,VGB,2020,
British Virgin Islands,VGB,2019,
British Virgin Islands,VGB,2018,
British Virgin Islands,VGB,2017,
British Virgin Islands,VGB,2016,
British Virgin Islands,VGB,2015,
British Virgin Islands,VGB,2014,
British Virgin Islands,VGB,2013,
Brunei Darussalam,BRN,2025,6036000000.0
Brunei Darussalam,BRN,2024,7295000000.0
Brunei Darussalam,BRN,2023,7484000000.0
Brunei Darussalam,BRN,2022,9184000000.0
Brunei Darussalam,BRN,2021,8575000000.0
Brunei Darussalam,BRN,2020,5343000000.0
Brunei Darussalam,BRN,2019,5103000000.0
Brunei Darussalam,BRN,2018,4164000000.0
Brunei Darussalam,BRN,2017,3085000000.0
Brunei Darussalam,BRN,2016,2679000000.0
Brunei Darussalam,BRN,2015,3229000000.0
Brunei Darussalam,BRN,2014,3599000000.0
Brunei Darussalam,BRN,2013,3612000000.0
Bulgaria,BGR,2025,60894000000.0
Bulgaria,BGR,2024,55001000000.0
Bulgaria,BGR,2023,53634000000.0
Bulgaria,BGR,2022,57959000000.0
Bulgaria,BGR,2021,46210000000.0
Bulgaria,BGR,2020,35056000000.0
Bulgaria,BGR,2019,37663000000.0
Bulgaria,BGR,2018,37856000000.0
Bulgaria,BGR,2017,34184000000.0
Bulgaria,BGR,2016,28933000000.0
Bulgaria,BGR,2015,29205000000.0
Bulgaria,BGR,2014,34651000000.0
Bulgaria,BGR,2013,34303000000.0
Burkina Faso,BFA,2025,7572000000.0
Burkina Faso,BFA,2024,6433000000.0
Burkina Faso,BFA,2023,5894000000.0
Burkina Faso,BFA,2022,5504000000.0
Burkina Faso,BFA,2021,4614000000.0
Burkina Faso,BFA,2020,4126000000.0
Burkina Faso,BFA,2019,4284000000.0
Burkina Faso,BFA,2018,4301000000.0
Burkina Faso,BFA,2017,3861000000.0
Burkina Faso,BFA,2016,3345000000.0
Burkina Faso,BFA,2015,3080000000.0
Burkina Faso,BFA,2014,3576000000.0
Burkina Faso,BFA,2013,4365000000.0
Burundi,BDI,2025,1188000000.0
Burundi,BDI,2024,1074000000.0
Burundi,BDI,2023,1198000000.0
Burundi,BDI,2022,1260000000.0
Burundi,BDI,2021,1025000000.0
Burundi,BDI,2020,909000000.0
Burundi,BDI,2019,887000000.0
Burundi,BDI,2018,793000000.0
Burundi,BDI,2017,755000000.0
Burundi,BDI,2016,616000000.0
Burundi,BDI,2015,857000000.0
Burundi,BDI,2014,769000000.0
Burundi,BDI,2013,811000000.0
Cabo Verde,CPV,2025,2043000000.0
Cabo Verde,CPV,2024,1869000000.0
Cabo Verde,CPV,2023,1705000000.0
Cabo Verde,CPV,2022,1876000000.0
Cabo Verde,CPV,2021,1353000000.0
Cabo Verde,CPV,2020,1144000000.0
Cabo Verde,CPV,2019,1463000000.0
Cabo Verde,CPV,2018,1651000000.0
Cabo Verde,CPV,2017,1265000000.0
Cabo Verde,CPV,2016,1022000000.0
Cabo Verde,CPV,2015,604000000.0
Cabo Verde,CPV,2014,768000000.0
Cabo Verde,CPV,2013,725000000.0
Cambodia,KHM,2025,33885000000.0
Cambodia,KHM,2024,28699000000.0
Cambodia,KHM,2023,24381000000.0
Cambodia,KHM,2022,29805000000.0
Cambodia,KHM,2021,28583000000.0
Cambodia,KHM,2020,19114000000.0
Cambodia,KHM,2019,20279000000.0
Cambodia,KHM,2018,17489000000.0
Cambodia,KHM,2017,14283000000.0
Cambodia,KHM,2016,12371000000.0
Cambodia,KHM,2015,13261000000.0
Cambodia,KHM,2014,10692000000.0
Cambodia,KHM,2013,9555000000.0
Cameroon,CMR,2025,9400000000.0
Cameroon,CMR,2024,8245000000.0
Cameroon,CMR,2023,8231000000.0
Cameroon,CMR,2022,7874000000.0
Cameroon,CMR,2021,6981000000.0
Cameroon,CMR,2020,5521000000.0
Cameroon,CMR,2019,6583000000.0
Cameroon,CMR,2018,5656000000.0
Cameroon,CMR,2017,4796000000.0
Cameroon,CMR,2016,5206000000.0
Cameroon,CMR,2015,6045000000.0
Cameroon,CMR,2014,7553000000.0
Cameroon,CMR,2013,6649000000.0
Canada,CAN,2025,577441000000.0
Canada,CAN,2024,573098000000.0
Canada,CAN,2023,570873000000.0
Canada,CAN,2022,586133000000.0
Canada,CAN,2021,506476000000.0
Canada,CAN,2020,420934000000.0
Canada,CAN,2019,462993000000.0
Canada,CAN,2018,469106000000.0
Canada,CAN,2017,443651000000.0
Canada,CAN,2016,412940000000.0
Canada,CAN,2015,430124000000.0
Canada,CAN,2014,475319000000.0
Canada,CAN,2013,475777000000.0
Cayman Islands,CYM,2025,2109000000.0
Cayman Islands,CYM,2024,1985000000.0
Cayman Islands,CYM,2023,1832000000.0
Cayman Islands,CYM,2022,1796000000.0
Cayman Islands,CYM,2021,1536000000.0
Cayman Islands,CYM,2020,1338000000.0
Cayman Islands,CYM,2019,1428000000.0
Cayman Islands,CYM,2018,1251000000.0
Cayman Islands,CYM,2017,1098000000.0
Cayman Islands,CYM,2016,1023000000.0
Cayman Islands,CYM,2015,986000000.0
Cayman Islands,CYM,2014,1023000000.0
Cayman Islands,CYM,2013,980000000.0
Central African Republic,CAF,2025,573000000.0
Central African Republic,CAF,2024,533000000.0
Central African Republic,CAF,2023,435000000.0
Central African Republic,CAF,2022,423000000.0
Central African Republic,CAF,2021,458000000.0
Central African Republic,CAF,2020,506000000.0
Central African Republic,CAF,2019,613000000.0
Central African Republic,CAF,2018,606000000.0
Central African Republic,CAF,2017,488000000.0
Central African Republic,CAF,2016,399000000.0
Central African Republic,CAF,2015,346000000.0
Central African Republic,CAF,2014,406000000.0
Central African Republic,CAF,2013,213000000.0
Chad,TCD,2025,2200000000.0
Chad,TCD,2024,2100000000.0
Chad,TCD,2023,2088000000.0
Chad,TCD,2022,1707000000.0
Chad,TCD,2021,1639000000.0
Chad,TCD,2020,1586000000.0
Chad,TCD,2019,1924000000.0
Chad,TCD,2018,1971000000.0
Chad,TCD,2017,1851000000.0
Chad,TCD,2016,2465000000.0
Chad,TCD,2015,3700000000.0
Chad,TCD,2014,4400000000.0
Chad,TCD,2013,3000000000.0
Channel Islands,CHI,2025,
Channel Islands,CHI,2024,
Channel Islands,CHI,2023,
Channel Islands,CHI,2022,
Channel Islands,CHI,2021,
Channel Islands,CHI,2020,
Channel Islands,CHI,2019,
Channel Islands,CHI,2018,
Channel Islands,CHI,2017,
Channel Islands,CHI,2016,
Channel Islands,CHI,2015,
Channel Islands,CHI,2014,
Channel Islands,CHI,2013,
Chile,CHL,2025,92663000000.0
Chile,CHL,2024,84261000000.0
Chile,CHL,2023,85250000000.0
Chile,CHL,2022,104691000000.0
Chile,CHL,2021,92393000000.0
Chile,CHL,2020,59207000000.0
Chile,CHL,2019,69855000000.0
Chile,CHL,2018,74612000000.0
Chile,CHL,2017,65230000000.0
Chile,CHL,2016,59376000000.0
Chile,CHL,2015,62388000000.0
Chile,CHL,2014,72852000000.0
Chile,CHL,2013,79353000000.0
China,CHN,2025,2582896000000.0
China,CHN,2024,2583218000000.0
China,CHN,2023,2556941000000.0
China,CHN,2022,2706507000000.0
China,CHN,2021,2679412000000.0
China,CHN,2020,2065964000000.0
China,CHN,2019,2078386000000.0
China,CHN,2018,2135748000000.0
China,CHN,2017,1843792000000.0
China,CHN,2016,1587925000000.0
China,CHN,2015,1679566000000.0
China,CHN,2014,1959233000000.0
China,CHN,2013,1949990000000.0
Colombia,COL,2025,70502000000.0
Colombia,COL,2024,64105000000.0
Colombia,COL,2023,62797000000.0
Colombia,COL,2022,77413000000.0
Colombia,COL,2021,61101000000.0
Colombia,COL,2020,43489000000.0
Colombia,COL,2019,52703000000.0
Colombia,COL,2018,51233000000.0
Colombia,COL,2017,46076000000.0
Colombia,COL,2016,44889000000.0
Colombia,COL,2015,54058000000.0
Colombia,COL,2014,64029000000.0
Colombia,COL,2013,59397000000.0
Comoros,COM,2025,371000000.0
Comoros,COM,2024,358000000.0
Comoros,COM,2023,358000000.0
Comoros,COM,2022,348000000.0
Comoros,COM,2021,327000000.0
Comoros,COM,2020,280000000.0
Comoros,COM,2019,265000000.0
Comoros,COM,2018,243000000.0
Comoros,COM,2017,253000000.0
Comoros,COM,2016,219000000.0
Comoros,COM,2015,214000000.0
Comoros,COM,2014,278000000.0
Comoros,COM,2013,284000000.0
"Congo, Dem. Rep.",COD,2025,28100000000.0
"Congo, Dem. Rep.",COD,2024,26600000000.0
"Congo, Dem. Rep.",COD,2023,25529000000.0
"Congo, Dem. Rep.",COD,2022,11407000000.0
"Congo, Dem. Rep.",COD,2021,7214000000.0
"Congo, Dem. Rep.",COD,2020,6938000000.0
"Congo, Dem. Rep.",COD,2019,8825000000.0
"Congo, Dem. Rep.",COD,2018,7930000000.0
"Congo, Dem. Rep.",COD,2017,5803000000.0
"Congo, Dem. Rep.",COD,2016,5492000000.0
"Congo, Dem. Rep.",COD,2015,8068000000.0
"Congo, Dem. Rep.",COD,2014,7087000000.0
"Congo, Dem. Rep.",COD,2013,6300000000.0
"Congo, Rep.",COG,2025,7900000000.0
"Congo, Rep.",COG,2024,5218000000.0
"Congo, Rep.",COG,2023,4698000000.0
"Congo, Rep.",COG,2022,3632000000.0
"Congo, Rep.",COG,2021,2352000000.0
"Congo, Rep.",COG,2020,1908000000.0
"Congo, Rep.",COG,2019,2242000000.0
"Congo, Rep.",COG,2018,3486000000.0
"Congo, Rep.",COG,2017,4560000000.0
"Congo, Rep.",COG,2016,11270000000.0
"Congo, Rep.",COG,2015,10550000000.0
"Congo, Rep.",COG,2014,10099000000.0
"Congo, Rep.",COG,2013,8372000000.0
Costa Rica,CRI,2025,27482000000.0
Costa Rica,CRI,2024,26484000000.0
Costa Rica,CRI,2023,24039000000.0
Costa Rica,CRI,2022,22685000000.0
Costa Rica,CRI,2021,20728000000.0
Costa Rica,CRI,2020,14942000000.0
Costa Rica,CRI,2019,17573000000.0
Costa Rica,CRI,2018,18289000000.0
Costa Rica,CRI,2017,16796000000.0
Costa Rica,CRI,2016,15456000000.0
Costa Rica,CRI,2015,16273000000.0
Costa Rica,CRI,2014,17509000000.0
Costa Rica,CRI,2013,18127000000.0
Cote d'Ivoire,CIV,2025,19275000000.0
Cote d'Ivoire,CIV,2024,17219000000.0
Cote d'Ivoire,CIV,2023,18842000000.0
Cote d'Ivoire,CIV,2022,17889000000.0
Cote d'Ivoire,CIV,2021,13966000000.0
Cote d'Ivoire,CIV,2020,10527000000.0
Cote d'Ivoire,CIV,2019,10483000000.0
Cote d'Ivoire,CIV,2018,10970000000.0
Cote d'Ivoire,CIV,2017,9614000000.0
Cote d'Ivoire,CIV,2016,8581000000.0
Cote d'Ivoire,CIV,2015,10406000000.0
Cote d'Ivoire,CIV,2014,11118000000.0
Cote d'Ivoire,CIV,2013,12721000000.0
Croatia,HRV,2025,50611000000.0
Croatia,HRV,2024,46956000000.0
Croatia,HRV,2023,43451000000.0
Croatia,HRV,2022,44623000000.0
Croatia,HRV,2021,34527000000.0
Croatia,HRV,2020,26830000000.0
Croatia,HRV,2019,28160000000.0
Croatia,HRV,2018,28203000000.0
Croatia,HRV,2017,24829000000.0
Croatia,HRV,2016,21903000000.0
Croatia,HRV,2015,20571000000.0
Croatia,HRV,2014,22809000000.0
Croatia,HRV,2013,22022000000.0
Cuba,CUB,2025,8746000000.0
Cuba,CUB,2024,8757000000.0
Cuba,CUB,2023,8973000000.0
Cuba,CUB,2022,9833000000.0
Cuba,CUB,2021,8431000000.0
Cuba,CUB,2020,7230000000.0
Cuba,CUB,2019,9901000000.0
Cuba,CUB,2018,11484000000.0
Cuba,CUB,2017,10172000000.0
Cuba,CUB,2016,10270000000.0
Cuba,CUB,2015,11702000000.0
Cuba,CUB,2014,13037000000.0
Cuba,CUB,2013,14707000000.0
Curacao,CUW,2025,2327000000.0
Curacao,CUW,2024,2057000000.0
Curacao,CUW,2023,1828000000.0
Curacao,CUW,2022,2024000000.0
Curacao,CUW,2021,1483000000.0
Curacao,CUW,2020,1209000000.0
Curacao,CUW,2019,1461000000.0
Curacao,CUW,2018,1757000000.0
Curacao,CUW,2017,1469000000.0
Curacao,CUW,2016,1432000000.0
Curacao,CUW,2015,1532000000.0
Curacao,CUW,2014,1819000000.0
Curacao,CUW,2013,1906000000.0
Cyprus,CYP,2025,15290000000.0
Cyprus,CYP,2024,13521000000.0
Cyprus,CYP,2023,14146000000.0
Cyprus,CYP,2022,12213000000.0
Cyprus,CYP,2021,10397000000.0
Cyprus,CYP,2020,8761000000.0
Cyprus,CYP,2019,9127000000.0
Cyprus,CYP,2018,10815000000.0
Cyprus,CYP,2017,9231000000.0
Cyprus,CYP,2016,7830000000.0
Cyprus,CYP,2015,7023000000.0
Cyprus,CYP,2014,7996000000.0
Cyprus,CYP,2013,6314000000.0
Czechia,CZE,2025,253343000000.0
Czechia,CZE,2024,233176000000.0
Czechia,CZE,2023,231908000000.0
Czechia,CZE,2022,236663000000.0
Czechia,CZE,2021,211972000000.0
Czechia,CZE,2020,171100000000.0
Czechia,CZE,2019,179039000000.0
Czechia,CZE,2018,184659000000.0
Czechia,CZE,2017,163352000000.0
Czechia,CZE,2016,143040000000.0
Czechia,CZE,2015,141364000000.0
Czechia,CZE,2014,154237000000.0
Czechia,CZE,2013,144259000000.0
Denmark,DNK,2025,136227000000.0
Denmark,DNK,2024,122842000000.0
Denmark,DNK,2023,120336000000.0
Denmark,DNK,2022,129201000000.0
Denmark,DNK,2021,120307000000.0
Denmark,DNK,2020,98298000000.0
Denmark,DNK,2019,98184000000.0
Denmark,DNK,2018,102754000000.0
Denmark,DNK,2017,92957000000.0
Denmark,DNK,2016,85513000000.0
Denmark,DNK,2015,85623000000.0
Denmark,DNK,2014,99572000000.0
Denmark,DNK,2013,97348000000.0
Djibouti,DJI,2025,6264000000.0
Djibouti,DJI,2024,5546000000.0
Djibouti,DJI,2023,5295000000.0
Djibouti,DJI,2022,5091000000.0
Djibouti,DJI,2021,3972000000.0
Djibouti,DJI,2020,2911000000.0
Djibouti,DJI,2019,4138000000.0
Djibouti,DJI,2018,3603000000.0
Djibouti,DJI,2017,3576000000.0
Djibouti,DJI,2016,2327000000.0
Djibouti,DJI,2015,871000000.0
Djibouti,DJI,2014,803000000.0
Djibouti,DJI,2013,719000000.0
Dominica,DMA,2025,259000000.0
Dominica,DMA,2024,262000000.0
Dominica,DMA,2023,302000000.0
Dominica,DMA,2022,266000000.0
Dominica,DMA,2021,230000000.0
Dominica,DMA,2020,213000000.0
Dominica,DMA,2019,319000000.0
Dominica,DMA,2018,302000000.0
Dominica,DMA,2017,198000000.0
Dominica,DMA,2016,214000000.0
Dominica,DMA,2015,214000000.0
Dominica,DMA,2014,230000000.0
Dominica,DMA,2013,203000000.0
Dominican Republic,DOM,2025,29752000000.0
Dominican Republic,DOM,2024,29808000000.0
Dominican Republic,DOM,2023,28813000000.0
Dominican Republic,DOM,2022,30913000000.0
Dominican Republic,DOM,2021,24282000000.0
Dominican Republic,DOM,2020,17105000000.0
Dominican Republic,DOM,2019,20268000000.0
Dominican Republic,DOM,2018,20197000000.0
Dominican Republic,DOM,2017,17734000000.0
Dominican Republic,DOM,2016,17399000000.0
Dominican Republic,DOM,2015,16907000000.0
Dominican Republic,DOM,2014,17273000000.0
Dominican Republic,DOM,2013,16873000000.0
Ecuador,ECU,2025,32648000000.0
Ecuador,ECU,2024,29491000000.0
Ecuador,ECU,2023,30902000000.0
Ecuador,ECU,2022,33049000000.0
Ecuador,ECU,2021,25690000000.0
Ecuador,ECU,2020,17918000000.0
Ecuador,ECU,2019,22564000000.0
Ecuador,ECU,2018,23177000000.0
Ecuador,ECU,2017,20010000000.0
Ecuador,ECU,2016,16324000000.0
Ecuador,ECU,2015,21518000000.0
Ecuador,ECU,2014,27726000000.0
Ecuador,ECU,2013,27146000000.0
"Egypt, Arab Rep.",EGY,2025,97539000000.0
"Egypt, Arab Rep.",EGY,2024,86083000000.0
"Egypt, Arab Rep.",EGY,2023,83210000000.0
"Egypt, Arab Rep.",EGY,2022,95670000000.0
"Egypt, Arab Rep.",EGY,2021,74550000000.0
"Egypt, Arab Rep.",EGY,2020,60488000000.0
"Egypt, Arab Rep.",EGY,2019,70991000000.0
"Egypt, Arab Rep.",EGY,2018,72000000000.0
"Egypt, Arab Rep.",EGY,2017,61627000000.0
"Egypt, Arab Rep.",EGY,2016,55789000000.0
"Egypt, Arab Rep.",EGY,2015,63574000000.0
"Egypt, Arab Rep.",EGY,2014,66786000000.0
"Egypt, Arab Rep.",EGY,2013,66180000000.0
El Salvador,SLV,2025,17848000000.0
El Salvador,SLV,2024,15804000000.0
El Salvador,SLV,2023,15648000000.0
El Salvador,SLV,2022,17108000000.0
El Salvador,SLV,2021,14617000000.0
El Salvador,SLV,2020,9888000000.0
El Salvador,SLV,2019,11602000000.0
El Salvador,SLV,2018,11464000000.0
El Salvador,SLV,2017,10572000000.0
El Salvador,SLV,2016,9826000000.0
El Salvador,SLV,2015,10293000000.0
El Salvador,SLV,2014,10514000000.0
El Salvador,SLV,2013,10772000000.0
Equatorial Guinea,GNQ,2025,1700000000.0
Equatorial Guinea,GNQ,2024,1517000000.0
Equatorial Guinea,GNQ,2023,1538000000.0
Equatorial Guinea,GNQ,2022,1786000000.0
Equatorial Guinea,GNQ,2021,1746000000.0
Equatorial Guinea,GNQ,2020,1547000000.0
Equatorial Guinea,GNQ,2019,2100000000.0
Equatorial Guinea,GNQ,2018,2944000000.0
Equatorial Guinea,GNQ,2017,2842000000.0
Equatorial Guinea,GNQ,2016,3183000000.0
Equatorial Guinea,GNQ,2015,3525000000.0
Equatorial Guinea,GNQ,2014,5487000000.0
Equatorial Guinea,GNQ,2013,5758000000.0
Eritrea,ERI,2025,524000000.0
Eritrea,ERI,2024,533000000.0
Eritrea,ERI,2023,499000000.0
Eritrea,ERI,2022,519000000.0
Eritrea,ERI,2021,369000000.0
Eritrea,ERI,2020,349000000.0
Eritrea,ERI,2019,565000000.0
Eritrea,ERI,2018,1065000000.0
Eritrea,ERI,2017,1026000000.0
Eritrea,ERI,2016,957000000.0
Eritrea,ERI,2015,1020000000.0
Eritrea,ERI,2014,1130000000.0
Eritrea,ERI,2013,1040000000.0
Estonia,EST,2025,25298000000.0
Estonia,EST,2024,22451000000.0
Estonia,EST,2023,22858000000.0
Estonia,EST,2022,26763000000.0
Estonia,EST,2021,23613000000.0
Estonia,EST,2020,17324000000.0
Estonia,EST,2019,18025000000.0
Estonia,EST,2018,19140000000.0
Estonia,EST,2017,16674000000.0
Estonia,EST,2016,14959000000.0
Estonia,EST,2015,14521000000.0
Estonia,EST,2014,18296000000.0
Estonia,EST,2013,18464000000.0
Eswatini,SWZ,2025,2090000000.0
Eswatini,SWZ,2024,2072000000.0
Eswatini,SWZ,2023,2039000000.0
Eswatini,SWZ,2022,2124000000.0
Eswatini,SWZ,2021,2123000000.0
Eswatini,SWZ,2020,1605000000.0
Eswatini,SWZ,2019,1832000000.0
Eswatini,SWZ,2018,1858000000.0
Eswatini,SWZ,2017,1612000000.0
Eswatini,SWZ,2016,1476000000.0
Eswatini,SWZ,2015,1412000000.0
Eswatini,SWZ,2014,1690000000.0
Eswatini,SWZ,2013,1693000000.0
Ethiopia,ETH,2025,23012000000.0
Ethiopia,ETH,2024,18605000000.0
Ethiopia,ETH,2023,17251000000.0
Ethiopia,ETH,2022,18663000000.0
Ethiopia,ETH,2021,15973000000.0
Ethiopia,ETH,2020,13115000000.0
Ethiopia,ETH,2019,14554000000.0
Ethiopia,ETH,2018,15305000000.0
Ethiopia,ETH,2017,15761000000.0
Ethiopia,ETH,2016,16429000000.0
Ethiopia,ETH,2015,16702000000.0
Ethiopia,ETH,2014,15357000000.0
Ethiopia,ETH,2013,12072000000.0
Faroe Islands,FRO,2025,1666000000.0
Faroe Islands,FRO,2024,1495000000.0
Faroe Islands,FRO,2023,1704000000.0
Faroe Islands,FRO,2022,1666000000.0
Faroe Islands,FRO,2021,1474000000.0
Faroe Islands,FRO,2020,1250000000.0
Faroe Islands,FRO,2019,1228000000.0
Faroe Islands,FRO,2018,1227000000.0
Faroe Islands,FRO,2017,1100000000.0
Faroe Islands,FRO,2016,980000000.0
Faroe Islands,FRO,2015,910000000.0
Faroe Islands,FRO,2014,1051000000.0
Faroe Islands,FRO,2013,1115000000.0
Fiji,FJI,2025,3251000000.0
Fiji,FJI,2024,3096000000.0
Fiji,FJI,2023,3100000000.0
Fiji,FJI,2022,2997000000.0
Fiji,FJI,2021,2116000000.0
Fiji,FJI,2020,1731000000.0
Fiji,FJI,2019,2734000000.0
Fiji,FJI,2018,2720000000.0
Fiji,FJI,2017,2420000000.0
Fiji,FJI,2016,2316000000.0
Fiji,FJI,2015,2081000000.0
Fiji,FJI,2014,3250000000.0
Fiji,FJI,2013,2826000000.0
Finland,FIN,2025,84865000000.0
Finland,FIN,2024,80985000000.0
Finland,FIN,2023,83102000000.0
Finland,FIN,2022,97329000000.0
Finland,FIN,2021,86013000000.0
Finland,FIN,2020,68268000000.0
Finland,FIN,2019,73716000000.0
Finland,FIN,2018,78624000000.0
Finland,FIN,2017,70586000000.0
Finland,FIN,2016,60841000000.0
Finland,FIN,2015,60430000000.0
Finland,FIN,2014,76765000000.0
Finland,FIN,2013,77570000000.0
France,FRA,2025,786434000000.0
France,FRA,2024,751836000000.0
France,FRA,2023,788177000000.0
France,FRA,2022,823216000000.0
France,FRA,2021,715082000000.0
France,FRA,2020,581297000000.0
France,FRA,2019,654658000000.0
France,FRA,2018,676441000000.0
France,FRA,2017,619334000000.0
France,FRA,2016,567657000000.0
France,FRA,2015,570758000000.0
France,FRA,2014,676617000000.0
France,FRA,2013,681467000000.0
French Polynesia,PYF,2025,2453000000.0
French Polynesia,PYF,2024,2291000000.0
French Polynesia,PYF,2023,2302000000.0
French Polynesia,PYF,2022,2196000000.0
French Polynesia,PYF,2021,1994000000.0
French Polynesia,PYF,2020,1698000000.0
French Polynesia,PYF,2019,2102000000.0
French Polynesia,PYF,2018,2232000000.0
French Polynesia,PYF,2017,1637000000.0
French Polynesia,PYF,2016,1491000000.0
French Polynesia,PYF,2015,1527000000.0
French Polynesia,PYF,2014,1765000000.0
French Polynesia,PYF,2013,1801000000.0
Gabon,GAB,2025,4000000000.0
Gabon,GAB,2024,4000000000.0
Gabon,GAB,2023,4217000000.0
Gabon,GAB,2022,4060000000.0
Gabon,GAB,2021,3646000000.0
Gabon,GAB,2020,3484000000.0
Gabon,GAB,2019,3874000000.0
Gabon,GAB,2018,3493000000.0
Gabon,GAB,2017,3845000000.0
Gabon,GAB,2016,6172000000.0
Gabon,GAB,2015,6121000000.0
Gabon,GAB,2014,9564000000.0
Gabon,GAB,2013,6537000000.0
"Gambia, The",GMB,2025,894000000.0
"Gambia, The",GMB,2024,988000000.0
"Gambia, The",GMB,2023,2448000000.0
"Gambia, The",GMB,2022,915000000.0
"Gambia, The",GMB,2021,709000000.0
"Gambia, The",GMB,2020,679000000.0
"Gambia, The",GMB,2019,621000000.0
"Gambia, The",GMB,2018,677000000.0
"Gambia, The",GMB,2017,548000000.0
"Gambia, The",GMB,2016,336000000.0
"Gambia, The",GMB,2015,420000000.0
"Gambia, The",GMB,2014,387000000.0
"Gambia, The",GMB,2013,350000000.0
Georgia,GEO,2025,18530000000.0
Georgia,GEO,2024,16889000000.0
Georgia,GEO,2023,15611000000.0
Georgia,GEO,2022,13540000000.0
Georgia,GEO,2021,10099000000.0
Georgia,GEO,2020,8049000000.0
Georgia,GEO,2019,9518000000.0
Georgia,GEO,2018,9362000000.0
Georgia,GEO,2017,8057000000.0
Georgia,GEO,2016,7342000000.0
Georgia,GEO,2015,7300000000.0
Georgia,GEO,2014,8602000000.0
Georgia,GEO,2013,8023000000.0
Germany,DEU,2025,1542796000000.0
Germany,DEU,2024,1414153000000.0
Germany,DEU,2023,1467598000000.0
Germany,DEU,2022,1583619000000.0
Germany,DEU,2021,1411439000000.0
Germany,DEU,2020,1171782000000.0
Germany,DEU,2019,1233978000000.0
Germany,DEU,2018,1284353000000.0
Germany,DEU,2017,1162907000000.0
Germany,DEU,2016,1055326000000.0
Germany,DEU,2015,1051132000000.0
Germany,DEU,2014,1207193000000.0
Germany,DEU,2013,1181233000000.0
Ghana,GHA,2025,17452000000.0
Ghana,GHA,2024,15392000000.0
Ghana,GHA,2023,14009000000.0
Ghana,GHA,2022,14621000000.0
Ghana,GHA,2021,13629000000.0
Ghana,GHA,2020,12429000000.0
Ghana,GHA,2019,13411000000.0
Ghana,GHA,2018,13134000000.0
Ghana,GHA,2017,12647000000.0
Ghana,GHA,2016,12920000000.0
Ghana,GHA,2015,13465000000.0
Ghana,GHA,2014,14600000000.0
Ghana,GHA,2013,17600000000.0
Gibraltar,GIB,2025,
Gibraltar,GIB,2024,
Gibraltar,GIB,2023,
Gibraltar,GIB,2022,
Gibraltar,GIB,2021,
Gibraltar,GIB,2020,
Gibraltar,GIB,2019,
Gibraltar,GIB,2018,
Gibraltar,GIB,2017,
Gibraltar,GIB,2016,830000000.0
Gibraltar,GIB,2015,
Gibraltar,GIB,2014,
Gibraltar,GIB,2013,
Greece,GRC,2025,92565000000.0
Greece,GRC,2024,92588000000.0
Greece,GRC,2023,89840000000.0
Greece,GRC,2022,99285000000.0
Greece,GRC,2021,77105000000.0
Greece,GRC,2020,55947000000.0
Greece,GRC,2019,62384000000.0
Greece,GRC,2018,63877000000.0
Greece,GRC,2017,53495000000.0
Greece,GRC,2016,46809000000.0
Greece,GRC,2015,46786000000.0
Greece,GRC,2014,61983000000.0
Greece,GRC,2013,60859000000.0
Greenland,GRL,2025,1022000000.0
Greenland,GRL,2024,992000000.0
Greenland,GRL,2023,1155000000.0
Greenland,GRL,2022,1108000000.0
Greenland,GRL,2021,1066000000.0
Greenland,GRL,2020,957000000.0
Greenland,GRL,2019,986000000.0
Greenland,GRL,2018,829000000.0
Greenland,GRL,2017,760000000.0
Greenland,GRL,2016,734000000.0
Greenland,GRL,2015,667000000.0
Greenland,GRL,2014,867000000.0
Greenland,GRL,2013,955000000.0
Grenada,GRD,2025,653000000.0
Grenada,GRD,2024,635000000.0
Grenada,GRD,2023,609000000.0
Grenada,GRD,2022,589000000.0
Grenada,GRD,2021,447000000.0
Grenada,GRD,2020,395000000.0
Grenada,GRD,2019,480000000.0
Grenada,GRD,2018,467000000.0
Grenada,GRD,2017,420000000.0
Grenada,GRD,2016,351000000.0
Grenada,GRD,2015,372000000.0
Grenada,GRD,2014,340000000.0
Grenada,GRD,2013,368000000.0
Guam,GUM,2025,937000000.0
Guam,GUM,2024,887000000.0
Guam,GUM,2023,1308000000.0
Guam,GUM,2022,1240000000.0
Guam,GUM,2021,808000000.0
Guam,GUM,2020,595000000.0
Guam,GUM,2019,1050000000.0
Guam,GUM,2018,1070000000.0
Guam,GUM,2017,760000000.0
Guam,GUM,2016,713000000.0
Guam,GUM,2015,705000000.0
Guam,GUM,2014,1076000000.0
Guam,GUM,2013,680000000.0
Guatemala,GTM,2025,34609000000.0
Guatemala,GTM,2024,32488000000.0
Guatemala,GTM,2023,30318000000.0
Guatemala,GTM,2022,32116000000.0
Guatemala,GTM,2021,26607000000.0
Guatemala,GTM,2020,18205000000.0
Guatemala,GTM,2019,19882000000.0
Guatemala,GTM,2018,19699000000.0
Guatemala,GTM,2017,18388000000.0
Guatemala,GTM,2016,17000000000.0
Guatemala,GTM,2015,17640000000.0
Guatemala,GTM,2014,18282000000.0
Guatemala,GTM,2013,17518000000.0
Guinea,GIN,2025,8344000000.0
Guinea,GIN,2024,5881000000.0
Guinea,GIN,2023,4844000000.0
Guinea,GIN,2022,4843000000.0
Guinea,GIN,2021,4187000000.0
Guinea,GIN,2020,3727000000.0
Guinea,GIN,2019,3470000000.0
Guinea,GIN,2018,3386000000.0
Guinea,GIN,2017,3484000000.0
Guinea,GIN,2016,4429000000.0
Guinea,GIN,2015,2192000000.0
Guinea,GIN,2014,2372000000.0
Guinea,GIN,2013,1869000000.0
Guinea-Bissau,GNB,2025,489000000.0
Guinea-Bissau,GNB,2024,486000000.0
Guinea-Bissau,GNB,2023,474000000.0
Guinea-Bissau,GNB,2022,469000000.0
Guinea-Bissau,GNB,2021,412000000.0
Guinea-Bissau,GNB,2020,361000000.0
Guinea-Bissau,GNB,2019,385000000.0
Guinea-Bissau,GNB,2018,345000000.0
Guinea-Bissau,GNB,2017,353000000.0
Guinea-Bissau,GNB,2016,279000000.0
Guinea-Bissau,GNB,2015,251000000.0
Guinea-Bissau,GNB,2014,260000000.0
Guinea-Bissau,GNB,2013,214000000.0
Guyana,GUY,2025,10217000000.0
Guyana,GUY,2024,6825000000.0
Guyana,GUY,2023,6636000000.0
Guyana,GUY,2022,3624000000.0
Guyana,GUY,2021,4376000000.0
Guyana,GUY,2020,2250000000.0
Guyana,GUY,2019,4040000000.0
Guyana,GUY,2018,2410000000.0
Guyana,GUY,2017,1644000000.0
Guyana,GUY,2016,1448000000.0
Guyana,GUY,2015,1492000000.0
Guyana,GUY,2014,1791000000.0
Guyana,GUY,2013,1875000000.0
Haiti,HTI,2025,4628000000.0
Haiti,HTI,2024,4246000000.0
Haiti,HTI,2023,4715000000.0
Haiti,HTI,2022,4744000000.0
Haiti,HTI,2021,4717000000.0
Haiti,HTI,2020,3934000000.0
Haiti,HTI,2019,4505000000.0
Haiti,HTI,2018,4917000000.0
Haiti,HTI,2017,4221000000.0
Haiti,HTI,2016,3786000000.0
Haiti,HTI,2015,3683000000.0
Haiti,HTI,2014,3734000000.0
Haiti,HTI,2013,3580000000.0
Honduras,HND,2025,18636000000.0
Honduras,HND,2024,17754000000.0
Honduras,HND,2023,17351000000.0
Honduras,HND,2022,18321000000.0
Honduras,HND,2021,15076000000.0
Honduras,HND,2020,10253000000.0
Honduras,HND,2019,12149000000.0
Honduras,HND,2018,12462000000.0
Honduras,HND,2017,11409000000.0
Honduras,HND,2016,10559000000.0
Honduras,HND,2015,11175000000.0
Honduras,HND,2014,11051000000.0
Honduras,HND,2013,10953000000.0
"Hong Kong SAR, China",HKG,2025,831832000000.0
"Hong Kong SAR, China",HKG,2024,704141000000.0
"Hong Kong SAR, China",HKG,2023,653696000000.0
"Hong Kong SAR, China",HKG,2022,667554000000.0
"Hong Kong SAR, China",HKG,2021,712358000000.0
"Hong Kong SAR, China",HKG,2020,569769000000.0
"Hong Kong SAR, China",HKG,2019,577834000000.0
"Hong Kong SAR, China",HKG,2018,626616000000.0
"Hong Kong SAR, China",HKG,2017,588913000000.0
"Hong Kong SAR, China",HKG,2016,546520000000.0
"Hong Kong SAR, China",HKG,2015,558770000000.0
"Hong Kong SAR, China",HKG,2014,600765000000.0
"Hong Kong SAR, China",HKG,2013,622277000000.0
Hungary,HUN,2025,159200000000.0
Hungary,HUN,2024,149805000000.0
Hungary,HUN,2023,155650000000.0
Hungary,HUN,2022,163974000000.0
Hungary,HUN,2021,142917000000.0
Hungary,HUN,2020,116020000000.0
Hungary,HUN,2019,120590000000.0
Hungary,HUN,2018,120741000000.0
Hungary,HUN,2017,107519000000.0
Hungary,HUN,2016,93880000000.0
Hungary,HUN,2015,91973000000.0
Hungary,HUN,2014,104897000000.0
Hungary,HUN,2013,100111000000.0
Iceland,ISL,2025,10944000000.0
Iceland,ISL,2024,9809000000.0
Iceland,ISL,2023,9460000000.0
Iceland,ISL,2022,9591000000.0
Iceland,ISL,2021,7817000000.0
Iceland,ISL,2020,5697000000.0
Iceland,ISL,2019,6567000000.0
Iceland,ISL,2018,7679000000.0
Iceland,ISL,2017,6965000000.0
Iceland,ISL,2016,5670000000.0
Iceland,ISL,2015,5299000000.0
Iceland,ISL,2014,5375000000.0
Iceland,ISL,2013,5020000000.0
India,IND,2025,753481000000.0
India,IND,2024,718284000000.0
India,IND,2023,673929000000.0
India,IND,2022,720441000000.0
India,IND,2021,573092000000.0
India,IND,2020,373202000000.0
India,IND,2019,486059000000.0
India,IND,2018,514464000000.0
India,IND,2017,449925000000.0
India,IND,2016,361649000000.0
India,IND,2015,394131000000.0
India,IND,2014,462910000000.0
India,IND,2013,465397000000.0
Indonesia,IDN,2025,241857000000.0
Indonesia,IDN,2024,233659000000.0
Indonesia,IDN,2023,221886000000.0
Indonesia,IDN,2022,237447000000.0
Indonesia,IDN,2021,196190000000.0
Indonesia,IDN,2020,141622000000.0
Indonesia,IDN,2019,171276000000.0
Indonesia,IDN,2018,188708000000.0
Indonesia,IDN,2017,156925000000.0
Indonesia,IDN,2016,135653000000.0
Indonesia,IDN,2015,142695000000.0
Indonesia,IDN,2014,178179000000.0
Indonesia,IDN,2013,186629000000.0
"Iran, Islamic Rep.",IRN,2025,65632000000.0
"Iran, Islamic Rep.",IRN,2024,69414000000.0
"Iran, Islamic Rep.",IRN,2023,65826000000.0
"Iran, Islamic Rep.",IRN,2022,58784000000.0
"Iran, Islamic Rep.",IRN,2021,49086000000.0
"Iran, Islamic Rep.",IRN,2020,38757000000.0
"Iran, Islamic Rep.",IRN,2019,41828000000.0
"Iran, Islamic Rep.",IRN,2018,49353000000.0
"Iran, Islamic Rep.",IRN,2017,49499000000.0
"Iran, Islamic Rep.",IRN,2016,43080000000.0
"Iran, Islamic Rep.",IRN,2015,44937000000.0
"Iran, Islamic Rep.",IRN,2014,55106000000.0
"Iran, Islamic Rep.",IRN,2013,46571000000.0
Iraq,IRQ,2025,85185000000.0
Iraq,IRQ,2024,87410000000.0
Iraq,IRQ,2023,65826000000.0
Iraq,IRQ,2022,55194000000.0
Iraq,IRQ,2021,40849000000.0
Iraq,IRQ,2020,48293000000.0
Iraq,IRQ,2019,57581000000.0
Iraq,IRQ,2018,46416000000.0
Iraq,IRQ,2017,38066000000.0
Iraq,IRQ,2016,34208000000.0
Iraq,IRQ,2015,47467000000.0
Iraq,IRQ,2014,58602000000.0
Iraq,IRQ,2013,63320000000.0
Ireland,IRL,2025,159218000000.0
Ireland,IRL,2024,144018000000.0
Ireland,IRL,2023,151097000000.0
Ireland,IRL,2022,147269000000.0
Ireland,IRL,2021,120301000000.0
Ireland,IRL,2020,99823000000.0
Ireland,IRL,2019,101104000000.0
Ireland,IRL,2018,107669000000.0
Ireland,IRL,2017,93198000000.0
Ireland,IRL,2016,81185000000.0
Ireland,IRL,2015,76977000000.0
Ireland,IRL,2014,82016000000.0
Ireland,IRL,2013,72134000000.0
Isle of Man,IMN,2025,
Isle of Man,IMN,2024,
Isle of Man,IMN,2023,
Isle of Man,IMN,2022,
Isle of Man,IMN,2021,
Isle of Man,IMN,2020,
Isle of Man,IMN,2019,
Isle of Man,IMN,2018,
Isle of Man,IMN,2017,
Isle of Man,IMN,2016,
Isle of Man,IMN,2015,
Isle of Man,IMN,2014,
Isle of Man,IMN,2013,
Israel,ISR,2025,95481000000.0
Israel,ISR,2024,91865000000.0
Israel,ISR,2023,91889000000.0
Israel,ISR,2022,107754000000.0
Israel,ISR,2021,92155000000.0
Israel,ISR,2020,69260000000.0
Israel,ISR,2019,76591000000.0
Israel,ISR,2018,76598000000.0
Israel,ISR,2017,69127000000.0
Israel,ISR,2016,65812000000.0
Israel,ISR,2015,62065000000.0
Israel,ISR,2014,71480000000.0
Israel,ISR,2013,71102000000.0
Italy,ITA,2025,668672000000.0
Italy,ITA,2024,621388000000.0
Italy,ITA,2023,639879000000.0
Italy,ITA,2022,694305000000.0
Italy,ITA,2021,567421000000.0
Italy,ITA,2020,426867000000.0
Italy,ITA,2019,475006000000.0
Italy,ITA,2018,503240000000.0
Italy,ITA,2017,453122000000.0
Italy,ITA,2016,406788000000.0
Italy,ITA,2015,410919000000.0
Italy,ITA,2014,474394000000.0
Italy,ITA,2013,479447000000.0
Jamaica,JAM,2025,7684000000.0
Jamaica,JAM,2024,7288000000.0
Jamaica,JAM,2023,7592000000.0
Jamaica,JAM,2022,7731000000.0
Jamaica,JAM,2021,5971000000.0
Jamaica,JAM,2020,4765000000.0
Jamaica,JAM,2019,6389000000.0
Jamaica,JAM,2018,6171000000.0
Jamaica,JAM,2017,5818000000.0
Jamaica,JAM,2016,4767000000.0
Jamaica,JAM,2015,4993000000.0
Jamaica,JAM,2014,5840000000.0
Jamaica,JAM,2013,6216000000.0
Japan,JPN,2025,755553000000.0
Japan,JPN,2024,743498000000.0
Japan,JPN,2023,787199000000.0
Japan,JPN,2022,899941000000.0
Japan,JPN,2021,768976000000.0
Japan,JPN,2020,635460000000.0
Japan,JPN,2019,720957000000.0
Japan,JPN,2018,748488000000.0
Japan,JPN,2017,672096000000.0
Japan,JPN,2016,607728000000.0
Japan,JPN,2015,648117000000.0
Japan,JPN,2014,812208000000.0
Japan,JPN,2013,833166000000.0
Jordan,JOR,2025,28945000000.0
Jordan,JOR,2024,26895000000.0
Jordan,JOR,2023,25757000000.0
Jordan,JOR,2022,27364000000.0
Jordan,JOR,2021,21542000000.0
Jordan,JOR,2020,17233000000.0
Jordan,JOR,2019,19170000000.0
Jordan,JOR,2018,20310000000.0
Jordan,JOR,2017,20498000000.0
Jordan,JOR,2016,19324000000.0
Jordan,JOR,2015,20475000000.0
Jordan,JOR,2014,22930000000.0
Jordan,JOR,2013,21549000000.0
Kazakhstan,KAZ,2025,64459000000.0
Kazakhstan,KAZ,2024,59133000000.0
Kazakhstan,KAZ,2023,60655000000.0
Kazakhstan,KAZ,2022,50934000000.0
Kazakhstan,KAZ,2021,41171000000.0
Kazakhstan,KAZ,2020,37222000000.0
Kazakhstan,KAZ,2019,37757000000.0
Kazakhstan,KAZ,2018,32534000000.0
Kazakhstan,KAZ,2017,29266000000.0
Kazakhstan,KAZ,2016,24995000000.0
Kazakhstan,KAZ,2015,30568000000.0
Kazakhstan,KAZ,2014,41296000000.0
Kazakhstan,KAZ,2013,48806000000.0
Kenya,KEN,2025,21614000000.0
Kenya,KEN,2024,20088000000.0
Kenya,KEN,2023,18585000000.0
Kenya,KEN,2022,21166000000.0
Kenya,KEN,2021,19559000000.0
Kenya,KEN,2020,15435000000.0
Kenya,KEN,2019,17655000000.0
Kenya,KEN,2018,17378000000.0
Kenya,KEN,2017,16687000000.0
Kenya,KEN,2016,14107000000.0
Kenya,KEN,2015,16093000000.0
Kenya,KEN,2014,18396000000.0
Kenya,KEN,2013,16358000000.0
Kiribati,KIR,2025,496000000.0
Kiribati,KIR,2024,334000000.0
Kiribati,KIR,2023,308000000.0
Kiribati,KIR,2022,202000000.0
Kiribati,KIR,2021,176000000.0
Kiribati,KIR,2020,133000000.0
Kiribati,KIR,2019,132000000.0
Kiribati,KIR,2018,122000000.0
Kiribati,KIR,2017,131000000.0
Kiribati,KIR,2016,137000000.0
Kiribati,KIR,2015,117000000.0
Kiribati,KIR,2014,107000000.0
Kiribati,KIR,2013,97000000.0
"Korea, Dem. People's Rep.",PRK,2025,2869000000.0
"Korea, Dem. People's Rep.",PRK,2024,2340000000.0
"Korea, Dem. People's Rep.",PRK,2023,2440000000.0
"Korea, Dem. People's Rep.",PRK,2022,1430000000.0
"Korea, Dem. People's Rep.",PRK,2021,631000000.0
"Korea, Dem. People's Rep.",PRK,2020,774000000.0
"Korea, Dem. People's Rep.",PRK,2019,2977000000.0
"Korea, Dem. People's Rep.",PRK,2018,2621000000.0
"Korea, Dem. People's Rep.",PRK,2017,3781000000.0
"Korea, Dem. People's Rep.",PRK,2016,3857000000.0
"Korea, Dem. People's Rep.",PRK,2015,4822000000.0
"Korea, Dem. People's Rep.",PRK,2014,5585000000.0
"Korea, Dem. People's Rep.",PRK,2013,4650000000.0
"Korea, Rep.",KOR,2025,631895000000.0
"Korea, Rep.",KOR,2024,631767000000.0
"Korea, Rep.",KOR,2023,642572000000.0
"Korea, Rep.",KOR,2022,731370000000.0
"Korea, Rep.",KOR,2021,615093000000.0
"Korea, Rep.",KOR,2020,467633000000.0
"Korea, Rep.",KOR,2019,503343000000.0
"Korea, Rep.",KOR,2018,535202000000.0
"Korea, Rep.",KOR,2017,478478000000.0
"Korea, Rep.",KOR,2016,406193000000.0
"Korea, Rep.",KOR,2015,436499000000.0
"Korea, Rep.",KOR,2014,525564000000.0
"Korea, Rep.",KOR,2013,515584000000.0
Kosovo,XKX,2025,
Kosovo,XKX,2024,
Kosovo,XKX,2023,
Kosovo,XKX,2022,
Kosovo,XKX,2021,
Kosovo,XKX,2020,
Kosovo,XKX,2019,
Kosovo,XKX,2018,
Kosovo,XKX,2017,
Kosovo,XKX,2016,
Kosovo,XKX,2015,
Kosovo,XKX,2014,
Kosovo,XKX,2013,
Kuwait,KWT,2025,41612000000.0
Kuwait,KWT,2024,38061000000.0
Kuwait,KWT,2023,37490000000.0
Kuwait,KWT,2022,34568000000.0
Kuwait,KWT,2021,31889000000.0
Kuwait,KWT,2020,27738000000.0
Kuwait,KWT,2019,33574000000.0
Kuwait,KWT,2018,35864000000.0
Kuwait,KWT,2017,33573000000.0
Kuwait,KWT,2016,30825000000.0
Kuwait,KWT,2015,30963000000.0
Kuwait,KWT,2014,31021000000.0
Kuwait,KWT,2013,29299000000.0
Kyrgyz Republic,KGZ,2025,12973000000.0
Kyrgyz Republic,KGZ,2024,12489000000.0
Kyrgyz Republic,KGZ,2023,12518000000.0
Kyrgyz Republic,KGZ,2022,9803000000.0
Kyrgyz Republic,KGZ,2021,5580000000.0
Kyrgyz Republic,KGZ,2020,3719000000.0
Kyrgyz Republic,KGZ,2019,4989000000.0
Kyrgyz Republic,KGZ,2018,5292000000.0
Kyrgyz Republic,KGZ,2017,4495000000.0
Kyrgyz Republic,KGZ,2016,4000000000.0
Kyrgyz Republic,KGZ,2015,4070000000.0
Kyrgyz Republic,KGZ,2014,5732000000.0
Kyrgyz Republic,KGZ,2013,6070000000.0
Lao PDR,LAO,2025,10342000000.0
Lao PDR,LAO,2024,8663000000.0
Lao PDR,LAO,2023,7649000000.0
Lao PDR,LAO,2022,7244000000.0
Lao PDR,LAO,2021,6275000000.0
Lao PDR,LAO,2020,5370000000.0
Lao PDR,LAO,2019,6272000000.0
Lao PDR,LAO,2018,6315000000.0
Lao PDR,LAO,2017,5667000000.0
Lao PDR,LAO,2016,5372000000.0
Lao PDR,LAO,2015,5675000000.0
Lao PDR,LAO,2014,4271000000.0
Lao PDR,LAO,2013,3081000000.0
Latvia,LVA,2025,26284000000.0
Latvia,LVA,2024,23718000000.0
Latvia,LVA,2023,26617000000.0
Latvia,LVA,2022,28802000000.0
Latvia,LVA,2021,24446000000.0
Latvia,LVA,2020,18441000000.0
Latvia,LVA,2019,18959000000.0
Latvia,LVA,2018,19681000000.0
Latvia,LVA,2017,17033000000.0
Latvia,LVA,2016,14434000000.0
Latvia,LVA,2015,14719000000.0
Latvia,LVA,2014,17964000000.0
Latvia,LVA,2013,17865000000.0
Lebanon,LBN,2025,21672000000.0
Lebanon,LBN,2024,17309000000.0
Lebanon,LBN,2023,18125000000.0
Lebanon,LBN,2022,19495000000.0
Lebanon,LBN,2021,13857000000.0
Lebanon,LBN,2020,11355000000.0
Lebanon,LBN,2019,19641000000.0
Lebanon,LBN,2018,20396000000.0
Lebanon,LBN,2017,19911000000.0
Lebanon,LBN,2016,19368000000.0
Lebanon,LBN,2015,18965000000.0
Lebanon,LBN,2014,22081000000.0
Lebanon,LBN,2013,22024000000.0
Lesotho,LSO,2025,1875000000.0
Lesotho,LSO,2024,1853000000.0
Lesotho,LSO,2023,1724000000.0
Lesotho,LSO,2022,1856000000.0
Lesotho,LSO,2021,1824000000.0
Lesotho,LSO,2020,1380000000.0
Lesotho,LSO,2019,1734000000.0
Lesotho,LSO,2018,2185000000.0
Lesotho,LSO,2017,2066000000.0
Lesotho,LSO,2016,1861000000.0
Lesotho,LSO,2015,1997000000.0
Lesotho,LSO,2014,2207000000.0
Lesotho,LSO,2013,2175000000.0
Liberia,LBR,2025,2494000000.0
Liberia,LBR,2024,1677000000.0
Liberia,LBR,2023,2076000000.0
Liberia,LBR,2022,1720000000.0
Liberia,LBR,2021,1480000000.0
Liberia,LBR,2020,1102000000.0
Liberia,LBR,2019,1033000000.0
Liberia,LBR,2018,1143000000.0
Liberia,LBR,2017,1089000000.0
Liberia,LBR,2016,1302000000.0
Liberia,LBR,2015,1687000000.0
Liberia,LBR,2014,1997000000.0
Liberia,LBR,2013,1150000000.0
Libya,LBY,2025,19312000000.0
Libya,LBY,2024,18500000000.0
Libya,LBY,2023,18195000000.0
Libya,LBY,2022,16127000000.0
Libya,LBY,2021,14956000000.0
Libya,LBY,2020,11099000000.0
Libya,LBY,2019,15105000000.0
Libya,LBY,2018,13741000000.0
Libya,LBY,2017,9406000000.0
Libya,LBY,2016,10658000000.0
Libya,LBY,2015,12536000000.0
Libya,LBY,2014,19427000000.0
Libya,LBY,2013,28083000000.0
Liechtenstein,LIE,2025,
Liechtenstein,LIE,2024,
Liechtenstein,LIE,2023,
Liechtenstein,LIE,2022,
Liechtenstein,LIE,2021,
Liechtenstein,LIE,2020,
Liechtenstein,LIE,2019,
Liechtenstein,LIE,2018,
Liechtenstein,LIE,2017,
Liechtenstein,LIE,2016,
Liechtenstein,LIE,2015,
Liechtenstein,LIE,2014,
Liechtenstein,LIE,2013,
Lithuania,LTU,2025,49006000000.0
Lithuania,LTU,2024,44772000000.0
Lithuania,LTU,2023,48489000000.0
Lithuania,LTU,2022,55095000000.0
Lithuania,LTU,2021,44488000000.0
Lithuania,LTU,2020,33329000000.0
Lithuania,LTU,2019,35759000000.0
Lithuania,LTU,2018,36502000000.0
Lithuania,LTU,2017,32258000000.0
Lithuania,LTU,2016,27376000000.0
Lithuania,LTU,2015,28154000000.0
Lithuania,LTU,2014,34359000000.0
Lithuania,LTU,2013,34806000000.0
Luxembourg,LUX,2025,28171000000.0
Luxembourg,LUX,2024,26046000000.0
Luxembourg,LUX,2023,26295000000.0
Luxembourg,LUX,2022,27020000000.0
Luxembourg,LUX,2021,26170000000.0
Luxembourg,LUX,2020,21165000000.0
Luxembourg,LUX,2019,24264000000.0
Luxembourg,LUX,2018,24175000000.0
Luxembourg,LUX,2017,22876000000.0
Luxembourg,LUX,2016,21872000000.0
Luxembourg,LUX,2015,23289000000.0
Luxembourg,LUX,2014,26656000000.0
Luxembourg,LUX,2013,26692000000.0
"Macao SAR, China",MAC,2025,15541000000.0
"Macao SAR, China",MAC,2024,16011000000.0
"Macao SAR, China",MAC,2023,17542000000.0
"Macao SAR, China",MAC,2022,17338000000.0
"Macao SAR, China",MAC,2021,19219000000.0
"Macao SAR, China",MAC,2020,11588000000.0
"Macao SAR, China",MAC,2019,11167000000.0
"Macao SAR, China",MAC,2018,11162000000.0
"Macao SAR, China",MAC,2017,9451000000.0
"Macao SAR, China",MAC,2016,8924000000.0
"Macao SAR, China",MAC,2015,10603000000.0
"Macao SAR, China",MAC,2014,11262000000.0
"Macao SAR, China",MAC,2013,10140000000.0
Madagascar,MDG,2025,5240000000.0
Madagascar,MDG,2024,4833000000.0
Madagascar,MDG,2023,4750000000.0
Madagascar,MDG,2022,5471000000.0
Madagascar,MDG,2021,4409000000.0
Madagascar,MDG,2020,3221000000.0
Madagascar,MDG,2019,3942000000.0
Madagascar,MDG,2018,4061000000.0
Madagascar,MDG,2017,3670000000.0
Madagascar,MDG,2016,2966000000.0
Madagascar,MDG,2015,2795000000.0
Madagascar,MDG,2014,3227000000.0
Madagascar,MDG,2013,3260000000.0
Malawi,MWI,2025,3661000000.0
Malawi,MWI,2024,3315000000.0
Malawi,MWI,2023,3141000000.0
Malawi,MWI,2022,1586000000.0
Malawi,MWI,2021,3073000000.0
Malawi,MWI,2020,2678000000.0
Malawi,MWI,2019,2892000000.0
Malawi,MWI,2018,2686000000.0
Malawi,MWI,2017,2551000000.0
Malawi,MWI,2016,2254000000.0
Malawi,MWI,2015,2270000000.0
Malawi,MWI,2014,2753000000.0
Malawi,MWI,2013,2836000000.0
Malaysia,MYS,2025,340436000000.0
Malaysia,MYS,2024,300216000000.0
Malaysia,MYS,2023,265667000000.0
Malaysia,MYS,2022,293797000000.0
Malaysia,MYS,2021,238240000000.0
Malaysia,MYS,2020,190860000000.0
Malaysia,MYS,2019,204998000000.0
Malaysia,MYS,2018,217602000000.0
Malaysia,MYS,2017,195417000000.0
Malaysia,MYS,2016,168684000000.0
Malaysia,MYS,2015,175971000000.0
Malaysia,MYS,2014,208851000000.0
Malaysia,MYS,2013,205897000000.0
Maldives,MDV,2025,3619000000.0
Maldives,MDV,2024,3637000000.0
Maldives,MDV,2023,3497000000.0
Maldives,MDV,2022,3516000000.0
Maldives,MDV,2021,2573000000.0
Maldives,MDV,2020,1838000000.0
Maldives,MDV,2019,2888000000.0
Maldives,MDV,2018,2960000000.0
Maldives,MDV,2017,2360000000.0
Maldives,MDV,2016,2125000000.0
Maldives,MDV,2015,1896000000.0
Maldives,MDV,2014,1993000000.0
Maldives,MDV,2013,1733000000.0
Mali,MLI,2025,6977000000.0
Mali,MLI,2024,6770000000.0
Mali,MLI,2023,6987000000.0
Mali,MLI,2022,7141000000.0
Mali,MLI,2021,6296000000.0
Mali,MLI,2020,5107000000.0
Mali,MLI,2019,5134000000.0
Mali,MLI,2018,4722000000.0
Mali,MLI,2017,4286000000.0
Mali,MLI,2016,4051000000.0
Mali,MLI,2015,3800000000.0
Mali,MLI,2014,3909000000.0
Mali,MLI,2013,3807000000.0
Malta,MLT,2025,9217000000.0
Malta,MLT,2024,9461000000.0
Malta,MLT,2023,8402000000.0
Malta,MLT,2022,8519000000.0
Malta,MLT,2021,7133000000.0
Malta,MLT,2020,5718000000.0
Malta,MLT,2019,7388000000.0
Malta,MLT,2018,6769000000.0
Malta,MLT,2017,5997000000.0
Malta,MLT,2016,6444000000.0
Malta,MLT,2015,6036000000.0
Malta,MLT,2014,6798000000.0
Malta,MLT,2013,6142000000.0
Marshall Islands,MHL,2025,111000000.0
Marshall Islands,MHL,2024,100000000.0
Marshall Islands,MHL,2023,104000000.0
Marshall Islands,MHL,2022,94000000.0
Marshall Islands,MHL,2021,81000000.0
Marshall Islands,MHL,2020,74000000.0
Marshall Islands,MHL,2019,68000000.0
Marshall Islands,MHL,2018,75000000.0
Marshall Islands,MHL,2017,90000000.0
Marshall Islands,MHL,2016,97000000.0
Marshall Islands,MHL,2015,108000000.0
Marshall Islands,MHL,2014,136000000.0
Marshall Islands,MHL,2013,147000000.0
Mauritania,MRT,2025,5685000000.0
Mauritania,MRT,2024,4818000000.0
Mauritania,MRT,2023,4818000000.0
Mauritania,MRT,2022,5120000000.0
Mauritania,MRT,2021,3860000000.0
Mauritania,MRT,2020,2744000000.0
Mauritania,MRT,2019,3520000000.0
Mauritania,MRT,2018,3183000000.0
Mauritania,MRT,2017,3522000000.0
Mauritania,MRT,2016,2174000000.0
Mauritania,MRT,2015,3703000000.0
Mauritania,MRT,2014,3642000000.0
Mauritania,MRT,2013,3978000000.0
Mauritius,MUS,2025,6936000000.0
Mauritius,MUS,2024,6843000000.0
Mauritius,MUS,2023,6273000000.0
Mauritius,MUS,2022,6609000000.0
Mauritius,MUS,2021,5133000000.0
Mauritius,MUS,2020,4220000000.0
Mauritius,MUS,2019,5596000000.0
Mauritius,MUS,2018,5661000000.0
Mauritius,MUS,2017,5254000000.0
Mauritius,MUS,2016,4655000000.0
Mauritius,MUS,2015,4790000000.0
Mauritius,MUS,2014,5610000000.0
Mauritius,MUS,2013,5397000000.0
Mexico,MEX,2025,683018000000.0
Mexico,MEX,2024,655300000000.0
Mexico,MEX,2023,628457000000.0
Mexico,MEX,2022,627544000000.0
Mexico,MEX,2021,522455000000.0
Mexico,MEX,2020,393278000000.0
Mexico,MEX,2019,467118000000.0
Mexico,MEX,2018,476835000000.0
Mexico,MEX,2017,432179000000.0
Mexico,MEX,2016,397522000000.0
Mexico,MEX,2015,405282000000.0
Mexico,MEX,2014,411581000000.0
Mexico,MEX,2013,390965000000.0
"Micronesia, Fed. Sts.",FSM,2025,310000000.0
"Micronesia, Fed. Sts.",FSM,2024,291000000.0
"Micronesia, Fed. Sts.",FSM,2023,301000000.0
"Micronesia, Fed. Sts.",FSM,2022,278000000.0
"Micronesia, Fed. Sts.",FSM,2021,254000000.0
"Micronesia, Fed. Sts.",FSM,2020,213000000.0
"Micronesia, Fed. Sts.",FSM,2019,215000000.0
"Micronesia, Fed. Sts.",FSM,2018,198000000.0
"Micronesia, Fed. Sts.",FSM,2017,183000000.0
"Micronesia, Fed. Sts.",FSM,2016,186000000.0
"Micronesia, Fed. Sts.",FSM,2015,160000000.0
"Micronesia, Fed. Sts.",FSM,2014,161000000.0
"Micronesia, Fed. Sts.",FSM,2013,188000000.0
Moldova,MDA,2025,10922000000.0
Moldova,MDA,2024,9065000000.0
Moldova,MDA,2023,8675000000.0
Moldova,MDA,2022,9219000000.0
Moldova,MDA,2021,7177000000.0
Moldova,MDA,2020,5416000000.0
Moldova,MDA,2019,5843000000.0
Moldova,MDA,2018,5760000000.0
Moldova,MDA,2017,4831000000.0
Moldova,MDA,2016,4020000000.0
Moldova,MDA,2015,3987000000.0
Moldova,MDA,2014,5317000000.0
Moldova,MDA,2013,5492000000.0
Monaco,MCO,2025,
Monaco,MCO,2024,
Monaco,MCO,2023,
Monaco,MCO,2022,
Monaco,MCO,2021,
Monaco,MCO,2020,
Monaco,MCO,2019,
Monaco,MCO,2018,
Monaco,MCO,2017,
Monaco,MCO,2016,
Monaco,MCO,2015,
Monaco,MCO,2014,
Monaco,MCO,2013,
Mongolia,MNG,2025,11312000000.0
Mongolia,MNG,2024,11615000000.0
Mongolia,MNG,2023,9250000000.0
Mongolia,MNG,2022,8704000000.0
Mongolia,MNG,2021,6846000000.0
Mongolia,MNG,2020,5299000000.0
Mongolia,MNG,2019,6128000000.0
Mongolia,MNG,2018,5875000000.0
Mongolia,MNG,2017,4337000000.0
Mongolia,MNG,2016,3358000000.0
Mongolia,MNG,2015,3798000000.0
Mongolia,MNG,2014,5237000000.0
Mongolia,MNG,2013,6358000000.0
Montenegro,MNE,2025,5057000000.0
Montenegro,MNE,2024,4400000000.0
Montenegro,MNE,2023,4122000000.0
Montenegro,MNE,2022,3704000000.0
Montenegro,MNE,2021,2956000000.0
Montenegro,MNE,2020,2404000000.0
Montenegro,MNE,2019,2909000000.0
Montenegro,MNE,2018,3010000000.0
Montenegro,MNE,2017,2613000000.0
Montenegro,MNE,2016,2286000000.0
Montenegro,MNE,2015,2040000000.0
Montenegro,MNE,2014,2369000000.0
Montenegro,MNE,2013,2354000000.0
Morocco,MAR,2025,87389000000.0
Morocco,MAR,2024,75699000000.0
Morocco,MAR,2023,68632000000.0
Morocco,MAR,2022,71807000000.0
Morocco,MAR,2021,58034000000.0
Morocco,MAR,2020,43831000000.0
Morocco,MAR,2019,50734000000.0
Morocco,MAR,2018,51038000000.0
Morocco,MAR,2017,44490000000.0
Morocco,MAR,2016,41391000000.0
Morocco,MAR,2015,38100000000.0
Morocco,MAR,2014,46283000000.0
Morocco,MAR,2013,45190000000.0
Mozambique,MOZ,2025,9210000000.0
Mozambique,MOZ,2024,9213000000.0
Mozambique,MOZ,2023,10092000000.0
Mozambique,MOZ,2022,14671000000.0
Mozambique,MOZ,2021,8758000000.0
Mozambique,MOZ,2020,6514000000.0
Mozambique,MOZ,2019,7699000000.0
Mozambique,MOZ,2018,7730000000.0
Mozambique,MOZ,2017,5741000000.0
Mozambique,MOZ,2016,5206000000.0
Mozambique,MOZ,2015,8334000000.0
Mozambique,MOZ,2014,8747000000.0
Mozambique,MOZ,2013,10099000000.0
Myanmar,MMR,2025,14331000000.0
Myanmar,MMR,2024,12452000000.0
Myanmar,MMR,2023,16440000000.0
Myanmar,MMR,2022,17403000000.0
Myanmar,MMR,2021,14327000000.0
Myanmar,MMR,2020,17947000000.0
Myanmar,MMR,2019,18588000000.0
Myanmar,MMR,2018,19334000000.0
Myanmar,MMR,2017,19253000000.0
Myanmar,MMR,2016,15705000000.0
Myanmar,MMR,2015,16885000000.0
Myanmar,MMR,2014,16459000000.0
Myanmar,MMR,2013,12043000000.0
Namibia,NAM,2025,8425000000.0
Namibia,NAM,2024,8882000000.0
Namibia,NAM,2023,7300000000.0
Namibia,NAM,2022,7796000000.0
Namibia,NAM,2021,6377000000.0
Namibia,NAM,2020,5038000000.0
Namibia,NAM,2019,6197000000.0
Namibia,NAM,2018,8289000000.0
Namibia,NAM,2017,6778000000.0
Namibia,NAM,2016,6673000000.0
Namibia,NAM,2015,7697000000.0
Namibia,NAM,2014,8523000000.0
Namibia,NAM,2013,7621000000.0
Naoero,NRU,2025,67000000.0
Naoero,NRU,2024,63000000.0
Naoero,NRU,2023,70000000.0
Naoero,NRU,2022,88000000.0
Naoero,NRU,2021,96000000.0
Naoero,NRU,2020,59000000.0
Naoero,NRU,2019,104000000.0
Naoero,NRU,2018,47000000.0
Naoero,NRU,2017,43000000.0
Naoero,NRU,2016,51000000.0
Naoero,NRU,2015,91000000.0
Naoero,NRU,2014,114000000.0
Naoero,NRU,2013,
Nepal,NPL,2025,14397000000.0
Nepal,NPL,2024,12316000000.0
Nepal,NPL,2023,12017000000.0
Nepal,NPL,2022,13735000000.0
Nepal,NPL,2021,15893000000.0
Nepal,NPL,2020,9856000000.0
Nepal,NPL,2019,12340000000.0
Nepal,NPL,2018,12712000000.0
Nepal,NPL,2017,10345000000.0
Nepal,NPL,2016,8935000000.0
Nepal,NPL,2015,6652000000.0
Nepal,NPL,2014,7590000000.0
Nepal,NPL,2013,6571000000.0
Netherlands,NLD,2025,870442000000.0
Netherlands,NLD,2024,816621000000.0
Netherlands,NLD,2023,843567000000.0
Netherlands,NLD,2022,896716000000.0
Netherlands,NLD,2021,757380000000.0
Netherlands,NLD,2020,595122000000.0
Netherlands,NLD,2019,635678000000.0
Netherlands,NLD,2018,645502000000.0
Netherlands,NLD,2017,574646000000.0
Netherlands,NLD,2016,500797000000.0
Netherlands,NLD,2015,512105000000.0
Netherlands,NLD,2014,589570000000.0
Netherlands,NLD,2013,589697000000.0
New Caledonia,NCL,2025,2118000000.0
New Caledonia,NCL,2024,2276000000.0
New Caledonia,NCL,2023,3195000000.0
New Caledonia,NCL,2022,3391000000.0
New Caledonia,NCL,2021,2780000000.0
New Caledonia,NCL,2020,2592000000.0
New Caledonia,NCL,2019,2944000000.0
New Caledonia,NCL,2018,2805000000.0
New Caledonia,NCL,2017,2511000000.0
New Caledonia,NCL,2016,2395000000.0
New Caledonia,NCL,2015,2689000000.0
New Caledonia,NCL,2014,3323000000.0
New Caledonia,NCL,2013,3202000000.0
New Zealand,NZL,2025,47552000000.0
New Zealand,NZL,2024,46862000000.0
New Zealand,NZL,2023,49957000000.0
New Zealand,NZL,2022,54219000000.0
New Zealand,NZL,2021,49855000000.0
New Zealand,NZL,2020,37152000000.0
New Zealand,NZL,2019,42363000000.0
New Zealand,NZL,2018,43793000000.0
New Zealand,NZL,2017,40125000000.0
New Zealand,NZL,2016,36079000000.0
New Zealand,NZL,2015,36554000000.0
New Zealand,NZL,2014,42518000000.0
New Zealand,NZL,2013,39641000000.0
Nicaragua,NIC,2025,12432000000.0
Nicaragua,NIC,2024,11468000000.0
Nicaragua,NIC,2023,10916000000.0
Nicaragua,NIC,2022,11247000000.0
Nicaragua,NIC,2021,10166000000.0
Nicaragua,NIC,2020,6377000000.0
Nicaragua,NIC,2019,6837000000.0
Nicaragua,NIC,2018,7351000000.0
Nicaragua,NIC,2017,7708000000.0
Nicaragua,NIC,2016,5827000000.0
Nicaragua,NIC,2015,7060000000.0
Nicaragua,NIC,2014,6946000000.0
Nicaragua,NIC,2013,6688000000.0
Niger,NER,2025,2700000000.0
Niger,NER,2024,2526000000.0
Niger,NER,2023,3262000000.0
Niger,NER,2022,3923000000.0
Niger,NER,2021,3557000000.0
Niger,NER,2020,3109000000.0
Niger,NER,2019,2931000000.0
Niger,NER,2018,2875000000.0
Niger,NER,2017,2459000000.0
Niger,NER,2016,2162000000.0
Niger,NER,2015,2490000000.0
Niger,NER,2014,2761000000.0
Niger,NER,2013,2538000000.0
Nigeria,NGA,2025,41450000000.0
Nigeria,NGA,2024,41263000000.0
Nigeria,NGA,2023,49428000000.0
Nigeria,NGA,2022,60351000000.0
Nigeria,NGA,2021,51880000000.0
Nigeria,NGA,2020,35740000000.0
Nigeria,NGA,2019,55257000000.0
Nigeria,NGA,2018,43007000000.0
Nigeria,NGA,2017,31273000000.0
Nigeria,NGA,2016,35532000000.0
Nigeria,NGA,2015,44700000000.0
Nigeria,NGA,2014,58300000000.0
Nigeria,NGA,2013,56000000000.0
North Macedonia,MKD,2025,13059000000.0
North Macedonia,MKD,2024,11966000000.0
North Macedonia,MKD,2023,12056000000.0
North Macedonia,MKD,2022,12755000000.0
North Macedonia,MKD,2021,11386000000.0
North Macedonia,MKD,2020,8715000000.0
North Macedonia,MKD,2019,9471000000.0
North Macedonia,MKD,2018,9050000000.0
North Macedonia,MKD,2017,7723000000.0
North Macedonia,MKD,2016,6758000000.0
North Macedonia,MKD,2015,6427000000.0
North Macedonia,MKD,2014,7301000000.0
North Macedonia,MKD,2013,6620000000.0
Northern Mariana Islands,MNP,2025,512000000.0
Northern Mariana Islands,MNP,2024,546000000.0
Northern Mariana Islands,MNP,2023,558000000.0
Northern Mariana Islands,MNP,2022,549000000.0
Northern Mariana Islands,MNP,2021,459000000.0
Northern Mariana Islands,MNP,2020,427000000.0
Northern Mariana Islands,MNP,2019,592000000.0
Northern Mariana Islands,MNP,2018,591000000.0
Northern Mariana Islands,MNP,2017,625000000.0
Northern Mariana Islands,MNP,2016,588000000.0
Northern Mariana Islands,MNP,2015,472000000.0
Northern Mariana Islands,MNP,2014,442000000.0
Northern Mariana Islands,MNP,2013,335000000.0
Norway,NOR,2025,107319000000.0
Norway,NOR,2024,101127000000.0
Norway,NOR,2023,99529000000.0
Norway,NOR,2022,105733000000.0
Norway,NOR,2021,97764000000.0
Norway,NOR,2020,80447000000.0
Norway,NOR,2019,85319000000.0
Norway,NOR,2018,86600000000.0
Norway,NOR,2017,81249000000.0
Norway,NOR,2016,72110000000.0
Norway,NOR,2015,76424000000.0
Norway,NOR,2014,89460000000.0
Norway,NOR,2013,89808000000.0
Oman,OMN,2025,44501000000.0
Oman,OMN,2024,43467000000.0
Oman,OMN,2023,38775000000.0
Oman,OMN,2022,38573000000.0
Oman,OMN,2021,30995000000.0
Oman,OMN,2020,28507000000.0
Oman,OMN,2019,23507000000.0
Oman,OMN,2018,25770000000.0
Oman,OMN,2017,26435000000.0
Oman,OMN,2016,23148000000.0
Oman,OMN,2015,29007000000.0
Oman,OMN,2014,29303000000.0
Oman,OMN,2013,34331000000.0
Pakistan,PAK,2025,65849000000.0
Pakistan,PAK,2024,59426000000.0
Pakistan,PAK,2023,50128000000.0
Pakistan,PAK,2022,70781000000.0
Pakistan,PAK,2021,72489000000.0
Pakistan,PAK,2020,45837000000.0
Pakistan,PAK,2019,50332000000.0
Pakistan,PAK,2018,60078000000.0
Pakistan,PAK,2017,57746000000.0
Pakistan,PAK,2016,46847000000.0
Pakistan,PAK,2015,44168000000.0
Pakistan,PAK,2014,47590000000.0
Pakistan,PAK,2013,44647000000.0
Palau,PLW,2025,162000000.0
Palau,PLW,2024,138000000.0
Palau,PLW,2023,196000000.0
Palau,PLW,2022,207000000.0
Palau,PLW,2021,156000000.0
Palau,PLW,2020,149000000.0
Palau,PLW,2019,193000000.0
Palau,PLW,2018,176000000.0
Palau,PLW,2017,182000000.0
Palau,PLW,2016,154000000.0
Palau,PLW,2015,150000000.0
Palau,PLW,2014,165000000.0
Palau,PLW,2013,169000000.0
Panama,PAN,2025,25764000000.0
Panama,PAN,2024,26687000000.0
Panama,PAN,2023,34285000000.0
Panama,PAN,2022,29249000000.0
Panama,PAN,2021,20596000000.0
Panama,PAN,2020,14740000000.0
Panama,PAN,2019,21492000000.0
Panama,PAN,2018,23006000000.0
Panama,PAN,2017,21934000000.0
Panama,PAN,2016,20935000000.0
Panama,PAN,2015,22504000000.0
Panama,PAN,2014,24401000000.0
Panama,PAN,2013,22988000000.0
Papua New Guinea,PNG,2025,4620000000.0
Papua New Guinea,PNG,2024,5019000000.0
Papua New Guinea,PNG,2023,5409000000.0
Papua New Guinea,PNG,2022,5879000000.0
Papua New Guinea,PNG,2021,4368000000.0
Papua New Guinea,PNG,2020,3591000000.0
Papua New Guinea,PNG,2019,4127000000.0
Papua New Guinea,PNG,2018,3519000000.0
Papua New Guinea,PNG,2017,3059000000.0
Papua New Guinea,PNG,2016,2068000000.0
Papua New Guinea,PNG,2015,2551000000.0
Papua New Guinea,PNG,2014,4000000000.0
Papua New Guinea,PNG,2013,5410000000.0
Paraguay,PRY,2025,19131000000.0
Paraguay,PRY,2024,17210000000.0
Paraguay,PRY,2023,16105000000.0
Paraguay,PRY,2022,15853000000.0
Paraguay,PRY,2021,13560000000.0
Paraguay,PRY,2020,10217000000.0
Paraguay,PRY,2019,12544000000.0
Paraguay,PRY,2018,13334000000.0
Paraguay,PRY,2017,11875000000.0
Paraguay,PRY,2016,9753000000.0
Paraguay,PRY,2015,10291000000.0
Paraguay,PRY,2014,12169000000.0
Paraguay,PRY,2013,12142000000.0
Peru,PER,2025,60631000000.0
Peru,PER,2024,55200000000.0
Peru,PER,2023,52395000000.0
Peru,PER,2022,60979000000.0
Peru,PER,2021,50891000000.0
Peru,PER,2020,36140000000.0
Peru,PER,2019,42284000000.0
Peru,PER,2018,43262000000.0
Peru,PER,2017,39885000000.0
Peru,PER,2016,36254000000.0
Peru,PER,2015,37924000000.0
Peru,PER,2014,42346000000.0
Peru,PER,2013,43670000000.0
Philippines,PHL,2025,141196000000.0
Philippines,PHL,2024,134882000000.0
Philippines,PHL,2023,133806000000.0
Philippines,PHL,2022,145867000000.0
Philippines,PHL,2021,124367000000.0
Philippines,PHL,2020,90751000000.0
Philippines,PHL,2019,112909000000.0
Philippines,PHL,2018,115119000000.0
Philippines,PHL,2017,101902000000.0
Philippines,PHL,2016,85935000000.0
Philippines,PHL,2015,74750000000.0
Philippines,PHL,2014,68704000000.0
Philippines,PHL,2013,65739000000.0
Poland,POL,2025,420914000000.0
Poland,POL,2024,382259000000.0
Poland,POL,2023,370076000000.0
Poland,POL,2022,381187000000.0
Poland,POL,2021,342075000000.0
Poland,POL,2020,261626000000.0
Poland,POL,2019,265282000000.0
Poland,POL,2018,268959000000.0
Poland,POL,2017,233812000000.0
Poland,POL,2016,199506000000.0
Poland,POL,2015,196473000000.0
Poland,POL,2014,223556000000.0
Poland,POL,2013,207607000000.0
Portugal,PRT,2025,125854000000.0
Portugal,PRT,2024,116023000000.0
Portugal,PRT,2023,113683000000.0
Portugal,PRT,2022,115160000000.0
Portugal,PRT,2021,98200000000.0
Portugal,PRT,2020,77895000000.0
Portugal,PRT,2019,89538000000.0
Portugal,PRT,2018,89060000000.0
Portugal,PRT,2017,78763000000.0
Portugal,PRT,2016,67954000000.0
Portugal,PRT,2015,66914000000.0
Portugal,PRT,2014,78389000000.0
Portugal,PRT,2013,75719000000.0
Puerto Rico (US),PRI,2025,
Puerto Rico (US),PRI,2024,
Puerto Rico (US),PRI,2023,
Puerto Rico (US),PRI,2022,
Puerto Rico (US),PRI,2021,
Puerto Rico (US),PRI,2020,
Puerto Rico (US),PRI,2019,
Puerto Rico (US),PRI,2018,
Puerto Rico (US),PRI,2017,
Puerto Rico (US),PRI,2016,
Puerto Rico (US),PRI,2015,
Puerto Rico (US),PRI,2014,
Puerto Rico (US),PRI,2013,
Qatar,QAT,2025,37537000000.0
Qatar,QAT,2024,35800000000.0
Qatar,QAT,2023,31431000000.0
Qatar,QAT,2022,33479000000.0
Qatar,QAT,2021,27985000000.0
Qatar,QAT,2020,25835000000.0
Qatar,QAT,2019,29178000000.0
Qatar,QAT,2018,31696000000.0
Qatar,QAT,2017,29896000000.0
Qatar,QAT,2016,32060000000.0
Qatar,QAT,2015,32610000000.0
Qatar,QAT,2014,30448000000.0
Qatar,QAT,2013,27034000000.0
Romania,ROU,2025,146036000000.0
Romania,ROU,2024,136471000000.0
Romania,ROU,2023,131930000000.0
Romania,ROU,2022,132468000000.0
Romania,ROU,2021,116203000000.0
Romania,ROU,2020,92132000000.0
Romania,ROU,2019,96544000000.0
Romania,ROU,2018,97747000000.0
Romania,ROU,2017,85486000000.0
Romania,ROU,2016,74560000000.0
Romania,ROU,2015,69824000000.0
Romania,ROU,2014,77748000000.0
Romania,ROU,2013,73481000000.0
Russian Federation,RUS,2025,302710000000.0
Russian Federation,RUS,2024,301550000000.0
Russian Federation,RUS,2023,303086000000.0
Russian Federation,RUS,2022,276511000000.0
Russian Federation,RUS,2021,301046000000.0
Russian Federation,RUS,2020,240088000000.0
Russian Federation,RUS,2019,253876000000.0
Russian Federation,RUS,2018,248856000000.0
Russian Federation,RUS,2017,238384000000.0
Russian Federation,RUS,2016,191493000000.0
Russian Federation,RUS,2015,193019000000.0
Russian Federation,RUS,2014,307877000000.0
Russian Federation,RUS,2013,341269000000.0
Rwanda,RWA,2025,5070000000.0
Rwanda,RWA,2024,6028000000.0
Rwanda,RWA,2023,5230000000.0
Rwanda,RWA,2022,4466000000.0
Rwanda,RWA,2021,3569000000.0
Rwanda,RWA,2020,3373000000.0
Rwanda,RWA,2019,3094000000.0
Rwanda,RWA,2018,2636000000.0
Rwanda,RWA,2017,2349000000.0
Rwanda,RWA,2016,2254000000.0
Rwanda,RWA,2015,2333000000.0
Rwanda,RWA,2014,2470000000.0
Rwanda,RWA,2013,2302000000.0
Samoa,WSM,2025,467000000.0
Samoa,WSM,2024,490000000.0
Samoa,WSM,2023,473000000.0
Samoa,WSM,2022,445000000.0
Samoa,WSM,2021,368000000.0
Samoa,WSM,2020,312000000.0
Samoa,WSM,2019,391000000.0
Samoa,WSM,2018,363000000.0
Samoa,WSM,2017,356000000.0
Samoa,WSM,2016,350000000.0
Samoa,WSM,2015,371000000.0
Samoa,WSM,2014,388000000.0
Samoa,WSM,2013,367000000.0
San Marino,SMR,2025,
San Marino,SMR,2024,
San Marino,SMR,2023,
San Marino,SMR,2022,
San Marino,SMR,2021,
San Marino,SMR,2020,
San Marino,SMR,2019,
San Marino,SMR,2018,
San Marino,SMR,2017,
San Marino,SMR,2016,
San Marino,SMR,2015,
San Marino,SMR,2014,
San Marino,SMR,2013,
Sao Tome and Principe,STP,2025,183000000.0
Sao Tome and Principe,STP,2024,153000000.0
Sao Tome and Principe,STP,2023,184000000.0
Sao Tome and Principe,STP,2022,196000000.0
Sao Tome and Principe,STP,2021,166000000.0
Sao Tome and Principe,STP,2020,138000000.0
Sao Tome and Principe,STP,2019,148000000.0
Sao Tome and Principe,STP,2018,148000000.0
Sao Tome and Principe,STP,2017,147000000.0
Sao Tome and Principe,STP,2016,139000000.0
Sao Tome and Principe,STP,2015,142000000.0
Sao Tome and Principe,STP,2014,170000000.0
Sao Tome and Principe,STP,2013,152000000.0
Saudi Arabia,SAU,2025,254063000000.0
Saudi Arabia,SAU,2024,232806000000.0
Saudi Arabia,SAU,2023,206940000000.0
Saudi Arabia,SAU,2022,189877000000.0
Saudi Arabia,SAU,2021,152849000000.0
Saudi Arabia,SAU,2020,137997000000.0
Saudi Arabia,SAU,2019,153163000000.0
Saudi Arabia,SAU,2018,137065000000.0
Saudi Arabia,SAU,2017,134519000000.0
Saudi Arabia,SAU,2016,140170000000.0
Saudi Arabia,SAU,2015,174676000000.0
Saudi Arabia,SAU,2014,173834000000.0
Saudi Arabia,SAU,2013,168155000000.0
Senegal,SEN,2025,11947000000.0
Senegal,SEN,2024,11389000000.0
Senegal,SEN,2023,11879000000.0
Senegal,SEN,2022,12065000000.0
Senegal,SEN,2021,9699000000.0
Senegal,SEN,2020,7812000000.0
Senegal,SEN,2019,8144000000.0
Senegal,SEN,2018,8071000000.0
Senegal,SEN,2017,6729000000.0
Senegal,SEN,2016,5478000000.0
Senegal,SEN,2015,5595000000.0
Senegal,SEN,2014,6555000000.0
Senegal,SEN,2013,6552000000.0
Serbia,SRB,2025,47227000000.0
Serbia,SRB,2024,42245000000.0
Serbia,SRB,2023,39838000000.0
Serbia,SRB,2022,41148000000.0
Serbia,SRB,2021,33797000000.0
Serbia,SRB,2020,26233000000.0
Serbia,SRB,2019,26730000000.0
Serbia,SRB,2018,25882000000.0
Serbia,SRB,2017,21947000000.0
Serbia,SRB,2016,19245000000.0
Serbia,SRB,2015,17876000000.0
Serbia,SRB,2014,20601000000.0
Serbia,SRB,2013,20543000000.0
Seychelles,SYC,2025,1520000000.0
Seychelles,SYC,2024,1446000000.0
Seychelles,SYC,2023,1451000000.0
Seychelles,SYC,2022,1364000000.0
Seychelles,SYC,2021,1133000000.0
Seychelles,SYC,2020,1004000000.0
Seychelles,SYC,2019,1167000000.0
Seychelles,SYC,2018,1271000000.0
Seychelles,SYC,2017,1302000000.0
Seychelles,SYC,2016,1040000000.0
Seychelles,SYC,2015,991000000.0
Seychelles,SYC,2014,1144000000.0
Seychelles,SYC,2013,1082000000.0
Sierra Leone,SLE,2025,1893000000.0
Sierra Leone,SLE,2024,2049000000.0
Sierra Leone,SLE,2023,1922000000.0
Sierra Leone,SLE,2022,1966000000.0
Sierra Leone,SLE,2021,1803000000.0
Sierra Leone,SLE,2020,2146000000.0
Sierra Leone,SLE,2019,1502000000.0
Sierra Leone,SLE,2018,1354000000.0
Sierra Leone,SLE,2017,1301000000.0
Sierra Leone,SLE,2016,1068000000.0
Sierra Leone,SLE,2015,1530000000.0
Sierra Leone,SLE,2014,1568000000.0
Sierra Leone,SLE,2013,1780000000.0
Singapore,SGP,2025,505838000000.0
Singapore,SGP,2024,458686000000.0
Singapore,SGP,2023,423448000000.0
Singapore,SGP,2022,475578000000.0
Singapore,SGP,2021,406226000000.0
Singapore,SGP,2020,329830000000.0
Singapore,SGP,2019,359266000000.0
Singapore,SGP,2018,370881000000.0
Singapore,SGP,2017,327923000000.0
Singapore,SGP,2016,283339000000.0
Singapore,SGP,2015,297087000000.0
Singapore,SGP,2014,377914000000.0
Singapore,SGP,2013,373016000000.0
Sint Maarten (Dutch part),SXM,2025,1302000000.0
Sint Maarten (Dutch part),SXM,2024,1239000000.0
Sint Maarten (Dutch part),SXM,2023,1164000000.0
Sint Maarten (Dutch part),SXM,2022,1085000000.0
Sint Maarten (Dutch part),SXM,2021,775000000.0
Sint Maarten (Dutch part),SXM,2020,598000000.0
Sint Maarten (Dutch part),SXM,2019,928000000.0
Sint Maarten (Dutch part),SXM,2018,919000000.0
Sint Maarten (Dutch part),SXM,2017,761000000.0
Sint Maarten (Dutch part),SXM,2016,856000000.0
Sint Maarten (Dutch part),SXM,2015,857000000.0
Sint Maarten (Dutch part),SXM,2014,1013000000.0
Sint Maarten (Dutch part),SXM,2013,925000000.0
Slovak Republic,SVK,2025,122602000000.0
Slovak Republic,SVK,2024,113803000000.0
Slovak Republic,SVK,2023,113524000000.0
Slovak Republic,SVK,2022,112466000000.0
Slovak Republic,SVK,2021,103891000000.0
Slovak Republic,SVK,2020,84393000000.0
Slovak Republic,SVK,2019,90001000000.0
Slovak Republic,SVK,2018,92902000000.0
Slovak Republic,SVK,2017,81617000000.0
Slovak Republic,SVK,2016,74680000000.0
Slovak Republic,SVK,2015,72837000000.0
Slovak Republic,SVK,2014,81549000000.0
Slovak Republic,SVK,2013,81915000000.0
Slovenia,SVN,2025,92525000000.0
Slovenia,SVN,2024,84455000000.0
Slovenia,SVN,2023,71634000000.0
Slovenia,SVN,2022,69761000000.0
Slovenia,SVN,2021,57560000000.0
Slovenia,SVN,2020,42225000000.0
Slovenia,SVN,2019,44007000000.0
Slovenia,SVN,2018,42267000000.0
Slovenia,SVN,2017,36078000000.0
Slovenia,SVN,2016,30537000000.0
Slovenia,SVN,2015,29815000000.0
Slovenia,SVN,2014,33934000000.0
Slovenia,SVN,2013,33373000000.0
Solomon Islands,SLB,2025,790000000.0
Solomon Islands,SLB,2024,739000000.0
Solomon Islands,SLB,2023,707000000.0
Solomon Islands,SLB,2022,613000000.0
Solomon Islands,SLB,2021,526000000.0
Solomon Islands,SLB,2020,453000000.0
Solomon Islands,SLB,2019,590000000.0
Solomon Islands,SLB,2018,601000000.0
Solomon Islands,SLB,2017,572000000.0
Solomon Islands,SLB,2016,454000000.0
Solomon Islands,SLB,2015,466000000.0
Solomon Islands,SLB,2014,499000000.0
Solomon Islands,SLB,2013,537000000.0
"Somalia, Fed. Rep.",SOM,2025,3930000000.0
"Somalia, Fed. Rep.",SOM,2024,3983000000.0
"Somalia, Fed. Rep.",SOM,2023,4015000000.0
"Somalia, Fed. Rep.",SOM,2022,4156000000.0
"Somalia, Fed. Rep.",SOM,2021,3838000000.0
"Somalia, Fed. Rep.",SOM,2020,3505000000.0
"Somalia, Fed. Rep.",SOM,2019,3210000000.0
"Somalia, Fed. Rep.",SOM,2018,2648000000.0
"Somalia, Fed. Rep.",SOM,2017,2580000000.0
"Somalia, Fed. Rep.",SOM,2016,2072000000.0
"Somalia, Fed. Rep.",SOM,2015,2158000000.0
"Somalia, Fed. Rep.",SOM,2014,2035000000.0
"Somalia, Fed. Rep.",SOM,2013,1844000000.0
South Africa,ZAF,2025,128080000000.0
South Africa,ZAF,2024,123470000000.0
South Africa,ZAF,2023,130745000000.0
South Africa,ZAF,2022,136207000000.0
South Africa,ZAF,2021,113989000000.0
South Africa,ZAF,2020,84062000000.0
South Africa,ZAF,2019,107539000000.0
South Africa,ZAF,2018,113971000000.0
South Africa,ZAF,2017,101576000000.0
South Africa,ZAF,2016,91692000000.0
South Africa,ZAF,2015,104651000000.0
South Africa,ZAF,2014,121950000000.0
South Africa,ZAF,2013,126330000000.0
South Sudan,SSD,2025,1271000000.0
South Sudan,SSD,2024,1187000000.0
South Sudan,SSD,2023,1161000000.0
South Sudan,SSD,2022,1228000000.0
South Sudan,SSD,2021,1080000000.0
South Sudan,SSD,2020,983000000.0
South Sudan,SSD,2019,
South Sudan,SSD,2018,
South Sudan,SSD,2017,
South Sudan,SSD,2016,
South Sudan,SSD,2015,
South Sudan,SSD,2014,
South Sudan,SSD,2013,
Spain,ESP,2025,513316000000.0
Spain,ESP,2024,479331000000.0
Spain,ESP,2023,469877000000.0
Spain,ESP,2022,494259000000.0
Spain,ESP,2021,419700000000.0
Spain,ESP,2020,326192000000.0
Spain,ESP,2019,372750000000.0
Spain,ESP,2018,390562000000.0
Spain,ESP,2017,351981000000.0
Spain,ESP,2016,310921000000.0
Spain,ESP,2015,311851000000.0
Spain,ESP,2014,358860000000.0
Spain,ESP,2013,340598000000.0
Sri Lanka,LKA,2025,21480000000.0
Sri Lanka,LKA,2024,18842000000.0
Sri Lanka,LKA,2023,16811000000.0
Sri Lanka,LKA,2022,18291000000.0
Sri Lanka,LKA,2021,20637000000.0
Sri Lanka,LKA,2020,16055000000.0
Sri Lanka,LKA,2019,19937000000.0
Sri Lanka,LKA,2018,22233000000.0
Sri Lanka,LKA,2017,20980000000.0
Sri Lanka,LKA,2016,19183000000.0
Sri Lanka,LKA,2015,18935000000.0
Sri Lanka,LKA,2014,19417000000.0
Sri Lanka,LKA,2013,18003000000.0
St. Kitts and Nevis,KNA,2025,410000000.0
St. Kitts and Nevis,KNA,2024,368000000.0
St. Kitts and Nevis,KNA,2023,333000000.0
St. Kitts and Nevis,KNA,2022,326000000.0
St. Kitts and Nevis,KNA,2021,260000000.0
St. Kitts and Nevis,KNA,2020,271000000.0
St. Kitts and Nevis,KNA,2019,338000000.0
St. Kitts and Nevis,KNA,2018,335000000.0
St. Kitts and Nevis,KNA,2017,309000000.0
St. Kitts and Nevis,KNA,2016,333000000.0
St. Kitts and Nevis,KNA,2015,297000000.0
St. Kitts and Nevis,KNA,2014,268000000.0
St. Kitts and Nevis,KNA,2013,249000000.0
St. Lucia,LCA,2025,1009000000.0
St. Lucia,LCA,2024,964000000.0
St. Lucia,LCA,2023,900000000.0
St. Lucia,LCA,2022,834000000.0
St. Lucia,LCA,2021,602000000.0
St. Lucia,LCA,2020,504000000.0
St. Lucia,LCA,2019,598000000.0
St. Lucia,LCA,2018,659000000.0
St. Lucia,LCA,2017,655000000.0
St. Lucia,LCA,2016,655000000.0
St. Lucia,LCA,2015,570000000.0
St. Lucia,LCA,2014,627000000.0
St. Lucia,LCA,2013,620000000.0
St. Martin (French part),MAF,2025,
St. Martin (French part),MAF,2024,
St. Martin (French part),MAF,2023,
St. Martin (French part),MAF,2022,
St. Martin (French part),MAF,2021,806000000.0
St. Martin (French part),MAF,2020,595000000.0
St. Martin (French part),MAF,2019,922000000.0
St. Martin (French part),MAF,2018,919000000.0
St. Martin (French part),MAF,2017,761000000.0
St. Martin (French part),MAF,2016,856000000.0
St. Martin (French part),MAF,2015,857000000.0
St. Martin (French part),MAF,2014,1013000000.0
St. Martin (French part),MAF,2013,925000000.0
St. Vincent and the Grenadines,VCT,2025,509000000.0
St. Vincent and the Grenadines,VCT,2024,506000000.0
St. Vincent and the Grenadines,VCT,2023,456000000.0
St. Vincent and the Grenadines,VCT,2022,438000000.0
St. Vincent and the Grenadines,VCT,2021,373000000.0
St. Vincent and the Grenadines,VCT,2020,321000000.0
St. Vincent and the Grenadines,VCT,2019,335000000.0
St. Vincent and the Grenadines,VCT,2018,354000000.0
St. Vincent and the Grenadines,VCT,2017,330000000.0
St. Vincent and the Grenadines,VCT,2016,335000000.0
St. Vincent and the Grenadines,VCT,2015,334000000.0
St. Vincent and the Grenadines,VCT,2014,361000000.0
St. Vincent and the Grenadines,VCT,2013,370000000.0
Sudan,SDN,2025,6200000000.0
Sudan,SDN,2024,4911000000.0
Sudan,SDN,2023,7317000000.0
Sudan,SDN,2022,11095000000.0
Sudan,SDN,2021,9894000000.0
Sudan,SDN,2020,9838000000.0
Sudan,SDN,2019,9291000000.0
Sudan,SDN,2018,7850000000.0
Sudan,SDN,2017,9134000000.0
Sudan,SDN,2016,8311000000.0
Sudan,SDN,2015,9509000000.0
Sudan,SDN,2014,9211000000.0
Sudan,SDN,2013,9918000000.0
Suriname,SUR,2025,2200000000.0
Suriname,SUR,2024,1751000000.0
Suriname,SUR,2023,1697000000.0
Suriname,SUR,2022,1803000000.0
Suriname,SUR,2021,1381000000.0
Suriname,SUR,2020,1533000000.0
Suriname,SUR,2019,1711000000.0
Suriname,SUR,2018,1527000000.0
Suriname,SUR,2017,1280000000.0
Suriname,SUR,2016,1252000000.0
Suriname,SUR,2015,2028000000.0
Suriname,SUR,2014,1982000000.0
Suriname,SUR,2013,2174000000.0
Sweden,SWE,2025,200981000000.0
Sweden,SWE,2024,189669000000.0
Sweden,SWE,2023,193138000000.0
Sweden,SWE,2022,203086000000.0
Sweden,SWE,2021,187108000000.0
Sweden,SWE,2020,149985000000.0
Sweden,SWE,2019,158971000000.0
Sweden,SWE,2018,170605000000.0
Sweden,SWE,2017,154215000000.0
Sweden,SWE,2016,141021000000.0
Sweden,SWE,2015,138398000000.0
Sweden,SWE,2014,162211000000.0
Sweden,SWE,2013,160609000000.0
Switzerland,CHE,2025,507429000000.0
Switzerland,CHE,2024,371955000000.0
Switzerland,CHE,2023,365614000000.0
Switzerland,CHE,2022,357115000000.0
Switzerland,CHE,2021,324069000000.0
Switzerland,CHE,2020,291981000000.0
Switzerland,CHE,2019,277830000000.0
Switzerland,CHE,2018,279528000000.0
Switzerland,CHE,2017,269834000000.0
Switzerland,CHE,2016,270128000000.0
Switzerland,CHE,2015,253027000000.0
Switzerland,CHE,2014,275741000000.0
Switzerland,CHE,2013,321509000000.0
Syrian Arab Republic,SYR,2025,7905000000.0
Syrian Arab Republic,SYR,2024,6454000000.0
Syrian Arab Republic,SYR,2023,6001000000.0
Syrian Arab Republic,SYR,2022,6708000000.0
Syrian Arab Republic,SYR,2021,6320000000.0
Syrian Arab Republic,SYR,2020,5696000000.0
Syrian Arab Republic,SYR,2019,6833000000.0
Syrian Arab Republic,SYR,2018,7164000000.0
Syrian Arab Republic,SYR,2017,6153000000.0
Syrian Arab Republic,SYR,2016,4934000000.0
Syrian Arab Republic,SYR,2015,6275000000.0
Syrian Arab Republic,SYR,2014,10220000000.0
Syrian Arab Republic,SYR,2013,8846000000.0
Tajikistan,TJK,2025,8307000000.0
Tajikistan,TJK,2024,7010000000.0
Tajikistan,TJK,2023,5880000000.0
Tajikistan,TJK,2022,5168000000.0
Tajikistan,TJK,2021,4210000000.0
Tajikistan,TJK,2020,3151000000.0
Tajikistan,TJK,2019,3349000000.0
Tajikistan,TJK,2018,3151000000.0
Tajikistan,TJK,2017,2775000000.0
Tajikistan,TJK,2016,3031000000.0
Tajikistan,TJK,2015,3436000000.0
Tajikistan,TJK,2014,4297000000.0
Tajikistan,TJK,2013,4151000000.0
Tanzania,TZA,2025,14810000000.0
Tanzania,TZA,2024,14196000000.0
Tanzania,TZA,2023,13729000000.0
Tanzania,TZA,2022,14219000000.0
Tanzania,TZA,2021,10024000000.0
Tanzania,TZA,2020,8439000000.0
Tanzania,TZA,2019,9452000000.0
Tanzania,TZA,2018,9120000000.0
Tanzania,TZA,2017,8299000000.0
Tanzania,TZA,2016,9300000000.0
Tanzania,TZA,2015,10789000000.0
Tanzania,TZA,2014,11993000000.0
Tanzania,TZA,2013,12091000000.0
Thailand,THA,2025,344943000000.0
Thailand,THA,2024,305523000000.0
Thailand,THA,2023,288509000000.0
Thailand,THA,2022,301030000000.0
Thailand,THA,2021,267343000000.0
Thailand,THA,2020,206156000000.0
Thailand,THA,2019,236260000000.0
Thailand,THA,2018,248201000000.0
Thailand,THA,2017,221519000000.0
Thailand,THA,2016,194198000000.0
Thailand,THA,2015,202653000000.0
Thailand,THA,2014,227749000000.0
Thailand,THA,2013,250407000000.0
Timor-Leste,TLS,2025,979000000.0
Timor-Leste,TLS,2024,978000000.0
Timor-Leste,TLS,2023,904000000.0
Timor-Leste,TLS,2022,933000000.0
Timor-Leste,TLS,2021,873000000.0
Timor-Leste,TLS,2020,625000000.0
Timor-Leste,TLS,2019,591000000.0
Timor-Leste,TLS,2018,520000000.0
Timor-Leste,TLS,2017,554000000.0
Timor-Leste,TLS,2016,547000000.0
Timor-Leste,TLS,2015,578000000.0
Timor-Leste,TLS,2014,858000000.0
Timor-Leste,TLS,2013,843000000.0
Togo,TGO,2025,3400000000.0
Togo,TGO,2024,3225000000.0
Togo,TGO,2023,3259000000.0
Togo,TGO,2022,2996000000.0
Togo,TGO,2021,2676000000.0
Togo,TGO,2020,2260000000.0
Togo,TGO,2019,2091000000.0
Togo,TGO,2018,2116000000.0
Togo,TGO,2017,1874000000.0
Togo,TGO,2016,2261000000.0
Togo,TGO,2015,2336000000.0
Togo,TGO,2014,2526000000.0
Togo,TGO,2013,2769000000.0
Tonga,TON,2025,255000000.0
Tonga,TON,2024,295000000.0
Tonga,TON,2023,272000000.0
Tonga,TON,2022,268000000.0
Tonga,TON,2021,246000000.0
Tonga,TON,2020,229000000.0
Tonga,TON,2019,238000000.0
Tonga,TON,2018,230000000.0
Tonga,TON,2017,231000000.0
Tonga,TON,2016,229000000.0
Tonga,TON,2015,209000000.0
Tonga,TON,2014,219000000.0
Tonga,TON,2013,198000000.0
Trinidad and Tobago,TTO,2025,5797000000.0
Trinidad and Tobago,TTO,2024,7669000000.0
Trinidad and Tobago,TTO,2023,9163000000.0
Trinidad and Tobago,TTO,2022,6217000000.0
Trinidad and Tobago,TTO,2021,5761000000.0
Trinidad and Tobago,TTO,2020,4876000000.0
Trinidad and Tobago,TTO,2019,6334000000.0
Trinidad and Tobago,TTO,2018,7719000000.0
Trinidad and Tobago,TTO,2017,6893000000.0
Trinidad and Tobago,TTO,2016,8052000000.0
Trinidad and Tobago,TTO,2015,9233000000.0
Trinidad and Tobago,TTO,2014,11249000000.0
Trinidad and Tobago,TTO,2013,12629000000.0
Tunisia,TUN,2025,28591000000.0
Tunisia,TUN,2024,26070000000.0
Tunisia,TUN,2023,25485000000.0
Tunisia,TUN,2022,26656000000.0
Tunisia,TUN,2021,22486000000.0
Tunisia,TUN,2020,18360000000.0
Tunisia,TUN,2019,21564000000.0
Tunisia,TUN,2018,22698000000.0
Tunisia,TUN,2017,20654000000.0
Tunisia,TUN,2016,19462000000.0
Tunisia,TUN,2015,20221000000.0
Tunisia,TUN,2014,24828000000.0
Tunisia,TUN,2013,24266000000.0
Turkiye,TUR,2025,365370000000.0
Turkiye,TUR,2024,344010000000.0
Turkiye,TUR,2023,361967000000.0
Turkiye,TUR,2022,363711000000.0
Turkiye,TUR,2021,271426000000.0
Turkiye,TUR,2020,219517000000.0
Turkiye,TUR,2019,210345000000.0
Turkiye,TUR,2018,231152000000.0
Turkiye,TUR,2017,238715000000.0
Turkiye,TUR,2016,202189000000.0
Turkiye,TUR,2015,213619000000.0
Turkiye,TUR,2014,251142000000.0
Turkiye,TUR,2013,260823000000.0
Turkmenistan,TKM,2025,4761000000.0
Turkmenistan,TKM,2024,4419000000.0
Turkmenistan,TKM,2023,4436000000.0
Turkmenistan,TKM,2022,3456000000.0
Turkmenistan,TKM,2021,4147000000.0
Turkmenistan,TKM,2020,3223000000.0
Turkmenistan,TKM,2019,2988000000.0
Turkmenistan,TKM,2018,2379000000.0
Turkmenistan,TKM,2017,4571000000.0
Turkmenistan,TKM,2016,4994000000.0
Turkmenistan,TKM,2015,7000000000.0
Turkmenistan,TKM,2014,10000000000.0
Turkmenistan,TKM,2013,10000000000.0
Turks and Caicos Islands,TCA,2025,485000000.0
Turks and Caicos Islands,TCA,2024,453000000.0
Turks and Caicos Islands,TCA,2023,443000000.0
Turks and Caicos Islands,TCA,2022,468000000.0
Turks and Caicos Islands,TCA,2021,411000000.0
Turks and Caicos Islands,TCA,2020,326000000.0
Turks and Caicos Islands,TCA,2019,352000000.0
Turks and Caicos Islands,TCA,2018,362000000.0
Turks and Caicos Islands,TCA,2017,370000000.0
Turks and Caicos Islands,TCA,2016,389000000.0
Turks and Caicos Islands,TCA,2015,410000000.0
Turks and Caicos Islands,TCA,2014,406000000.0
Turks and Caicos Islands,TCA,2013,
Tuvalu,TUV,2025,27000000.0
Tuvalu,TUV,2024,41000000.0
Tuvalu,TUV,2023,43000000.0
Tuvalu,TUV,2022,34000000.0
Tuvalu,TUV,2021,34000000.0
Tuvalu,TUV,2020,34000000.0
Tuvalu,TUV,2019,33000000.0
Tuvalu,TUV,2018,25000000.0
Tuvalu,TUV,2017,27000000.0
Tuvalu,TUV,2016,23000000.0
Tuvalu,TUV,2015,37000000.0
Tuvalu,TUV,2014,22000000.0
Tuvalu,TUV,2013,21000000.0
Uganda,UGA,2025,18400000000.0
Uganda,UGA,2024,13833000000.0
Uganda,UGA,2023,11780000000.0
Uganda,UGA,2022,9748000000.0
Uganda,UGA,2021,9086000000.0
Uganda,UGA,2020,8251000000.0
Uganda,UGA,2019,7696000000.0
Uganda,UGA,2018,6729000000.0
Uganda,UGA,2017,5596000000.0
Uganda,UGA,2016,4829000000.0
Uganda,UGA,2015,5528000000.0
Uganda,UGA,2014,6074000000.0
Uganda,UGA,2013,5818000000.0
Ukraine,UKR,2025,83573000000.0
Ukraine,UKR,2024,70772000000.0
Ukraine,UKR,2023,63765000000.0
Ukraine,UKR,2022,55294000000.0
Ukraine,UKR,2021,72843000000.0
Ukraine,UKR,2020,54337000000.0
Ukraine,UKR,2019,60800000000.0
Ukraine,UKR,2018,57188000000.0
Ukraine,UKR,2017,49609000000.0
Ukraine,UKR,2016,39252000000.0
Ukraine,UKR,2015,37517000000.0
Ukraine,UKR,2014,54430000000.0
Ukraine,UKR,2013,76787000000.0
United Arab Emirates,ARE,2025,618875000000.0
United Arab Emirates,ARE,2024,544100000000.0
United Arab Emirates,ARE,2023,470536000000.0
United Arab Emirates,ARE,2022,420493000000.0
United Arab Emirates,ARE,2021,347529000000.0
United Arab Emirates,ARE,2020,246961000000.0
United Arab Emirates,ARE,2019,288447000000.0
United Arab Emirates,ARE,2018,244688000000.0
United Arab Emirates,ARE,2017,257733000000.0
United Arab Emirates,ARE,2016,266576000000.0
United Arab Emirates,ARE,2015,263417000000.0
United Arab Emirates,ARE,2014,276025000000.0
United Arab Emirates,ARE,2013,270579000000.0
United Kingdom,GBR,2025,948641000000.0
United Kingdom,GBR,2024,820194000000.0
United Kingdom,GBR,2023,791544000000.0
United Kingdom,GBR,2022,823592000000.0
United Kingdom,GBR,2021,695115000000.0
United Kingdom,GBR,2020,638251000000.0
United Kingdom,GBR,2019,696208000000.0
United Kingdom,GBR,2018,672450000000.0
United Kingdom,GBR,2017,641002000000.0
United Kingdom,GBR,2016,636731000000.0
United Kingdom,GBR,2015,630003000000.0
United Kingdom,GBR,2014,694126000000.0
United Kingdom,GBR,2013,662160000000.0
United States,USA,2025,3506554000000.0
United States,USA,2024,3358247000000.0
United States,USA,2023,3168237000000.0
United States,USA,2022,3371751000000.0
United States,USA,2021,2935314000000.0
United States,USA,2020,2406932000000.0
United States,USA,2019,2567445000000.0
United States,USA,2018,2614221000000.0
United States,USA,2017,2408476000000.0
United States,USA,2016,2250154000000.0
United States,USA,2015,2315301000000.0
United States,USA,2014,2412547000000.0
United States,USA,2013,2329060000000.0
Uruguay,URY,2025,12950000000.0
Uruguay,URY,2024,12523000000.0
Uruguay,URY,2023,12486000000.0
Uruguay,URY,2022,12973000000.0
Uruguay,URY,2021,10320000000.0
Uruguay,URY,2020,7564000000.0
Uruguay,URY,2019,8246000000.0
Uruguay,URY,2018,8893000000.0
Uruguay,URY,2017,8458000000.0
Uruguay,URY,2016,8137000000.0
Uruguay,URY,2015,9489000000.0
Uruguay,URY,2014,11485000000.0
Uruguay,URY,2013,11642000000.0
Uzbekistan,UZB,2025,41746000000.0
Uzbekistan,UZB,2024,35238000000.0
Uzbekistan,UZB,2023,35575000000.0
Uzbekistan,UZB,2022,28220000000.0
Uzbekistan,UZB,2021,23740000000.0
Uzbekistan,UZB,2020,19932000000.0
Uzbekistan,UZB,2019,21867000000.0
Uzbekistan,UZB,2018,17312000000.0
Uzbekistan,UZB,2017,12035000000.0
Uzbekistan,UZB,2016,11328000000.0
Uzbekistan,UZB,2015,11461000000.0
Uzbekistan,UZB,2014,13925000000.0
Uzbekistan,UZB,2013,13138000000.0
Vanuatu,VUT,2025,515000000.0
Vanuatu,VUT,2024,456000000.0
Vanuatu,VUT,2023,473000000.0
Vanuatu,VUT,2022,267000000.0
Vanuatu,VUT,2021,339000000.0
Vanuatu,VUT,2020,301000000.0
Vanuatu,VUT,2019,357000000.0
Vanuatu,VUT,2018,390000000.0
Vanuatu,VUT,2017,370000000.0
Vanuatu,VUT,2016,422000000.0
Vanuatu,VUT,2015,367000000.0
Vanuatu,VUT,2014,313000000.0
Vanuatu,VUT,2013,313000000.0
"Venezuela, RB",VEN,2025,13805000000.0
"Venezuela, RB",VEN,2024,14890000000.0
"Venezuela, RB",VEN,2023,10940000000.0
"Venezuela, RB",VEN,2022,10130000000.0
"Venezuela, RB",VEN,2021,7695000000.0
"Venezuela, RB",VEN,2020,6590000000.0
"Venezuela, RB",VEN,2019,5870000000.0
"Venezuela, RB",VEN,2018,11710000000.0
"Venezuela, RB",VEN,2017,10570000000.0
"Venezuela, RB",VEN,2016,15540000000.0
"Venezuela, RB",VEN,2015,33330000000.0
"Venezuela, RB",VEN,2014,43169000000.0
"Venezuela, RB",VEN,2013,48773000000.0
Viet Nam,VNM,2025,453778000000.0
Viet Nam,VNM,2024,380515000000.0
Viet Nam,VNM,2023,325776000000.0
Viet Nam,VNM,2022,359148000000.0
Viet Nam,VNM,2021,332455000000.0
Viet Nam,VNM,2020,262701000000.0
Viet Nam,VNM,2019,253393000000.0
Viet Nam,VNM,2018,236862000000.0
Viet Nam,VNM,2017,212919000000.0
Viet Nam,VNM,2016,174804000000.0
Viet Nam,VNM,2015,165610000000.0
Viet Nam,VNM,2014,147849000000.0
Viet Nam,VNM,2013,132033000000.0
Virgin Islands (U.S.),VIR,2025,
Virgin Islands (U.S.),VIR,2024,
Virgin Islands (U.S.),VIR,2023,
Virgin Islands (U.S.),VIR,2022,
Virgin Islands (U.S.),VIR,2021,
Virgin Islands (U.S.),VIR,2020,
Virgin Islands (U.S.),VIR,2019,
Virgin Islands (U.S.),VIR,2018,
Virgin Islands (U.S.),VIR,2017,
Virgin Islands (U.S.),VIR,2016,
Virgin Islands (U.S.),VIR,2015,
Virgin Islands (U.S.),VIR,2014,
Virgin Islands (U.S.),VIR,2013,
West Bank and Gaza,PSE,2025,
West Bank and Gaza,PSE,2024,
West Bank and Gaza,PSE,2023,
West Bank and Gaza,PSE,2022,
West Bank and Gaza,PSE,2021,
West Bank and Gaza,PSE,2020,
West Bank and Gaza,PSE,2019,
West Bank and Gaza,PSE,2018,
West Bank and Gaza,PSE,2017,
West Bank and Gaza,PSE,2016,
West Bank and Gaza,PSE,2015,
West Bank and Gaza,PSE,2014,
West Bank and Gaza,PSE,2013,
"Yemen, Rep.",YEM,2025,4649000000.0
"Yemen, Rep.",YEM,2024,4430000000.0
"Yemen, Rep.",YEM,2023,4603000000.0
"Yemen, Rep.",YEM,2022,5413000000.0
"Yemen, Rep.",YEM,2021,5214000000.0
"Yemen, Rep.",YEM,2020,4637000000.0
"Yemen, Rep.",YEM,2019,4627000000.0
"Yemen, Rep.",YEM,2018,3032000000.0
"Yemen, Rep.",YEM,2017,2859000000.0
"Yemen, Rep.",YEM,2016,3059000000.0
"Yemen, Rep.",YEM,2015,6573000000.0
"Yemen, Rep.",YEM,2014,12042000000.0
"Yemen, Rep.",YEM,2013,13273000000.0
Zambia,ZMB,2025,13171000000.0
Zambia,ZMB,2024,11268000000.0
Zambia,ZMB,2023,10125000000.0
Zambia,ZMB,2022,9004000000.0
Zambia,ZMB,2021,6981000000.0
Zambia,ZMB,2020,5286000000.0
Zambia,ZMB,2019,7173000000.0
Zambia,ZMB,2018,9466000000.0
Zambia,ZMB,2017,7988000000.0
Zambia,ZMB,2016,7290000000.0
Zambia,ZMB,2015,7935000000.0
Zambia,ZMB,2014,9707000000.0
Zambia,ZMB,2013,10586000000.0
Zimbabwe,ZWE,2025,10112000000.0
Zimbabwe,ZWE,2024,9499000000.0
Zimbabwe,ZWE,2023,9214000000.0
Zimbabwe,ZWE,2022,8653000000.0
Zimbabwe,ZWE,2021,7577000000.0
Zimbabwe,ZWE,2020,5643000000.0
Zimbabwe,ZWE,2019,4817000000.0
Zimbabwe,ZWE,2018,6391000000.0
Zimbabwe,ZWE,2017,5064000000.0
Zimbabwe,ZWE,2016,5336000000.0
Zimbabwe,ZWE,2015,6053000000.0
Zimbabwe,ZWE,2014,6070000000.0
Zimbabwe,ZWE,2013,7216000000.0
