country_name,iso3,year,merchandise_exports_current_usd
Africa Eastern and Southern,AFE,2025,282558617021.505
Africa Eastern and Southern,AFE,2024,268640444436.979
Africa Eastern and Southern,AFE,2023,259682846154.149
Africa Eastern and Southern,AFE,2022,273195683896.1
Africa Eastern and Southern,AFE,2021,254311908041.606
Africa Eastern and Southern,AFE,2020,181819330427.085
Africa Eastern and Southern,AFE,2019,200386281280.558
Africa Eastern and Southern,AFE,2018,222870786318.612
Africa Eastern and Southern,AFE,2017,197516652469.442
Africa Eastern and Southern,AFE,2016,166906940483.164
Africa Eastern and Southern,AFE,2015,179027319698.455
Africa Eastern and Southern,AFE,2014,227276629846.633
Africa Eastern and Southern,AFE,2013,236623710546.587
Africa Western and Central,AFW,2025,204102000000.0
Africa Western and Central,AFW,2024,168940000000.0
Africa Western and Central,AFW,2023,163602000000.0
Africa Western and Central,AFW,2022,169725000000.0
Africa Western and Central,AFW,2021,140228000000.0
Africa Western and Central,AFW,2020,114264000000.0
Africa Western and Central,AFW,2019,140454000000.0
Africa Western and Central,AFW,2018,143604000000.0
Africa Western and Central,AFW,2017,116364000000.0
Africa Western and Central,AFW,2016,99561000000.0
Africa Western and Central,AFW,2015,119940000000.0
Africa Western and Central,AFW,2014,193817000000.0
Africa Western and Central,AFW,2013,181951000000.0
Arab World,ARB,2025,1592317964283.2
Arab World,ARB,2024,1496696435409.8
Arab World,ARB,2023,1484423001226.84
Arab World,ARB,2022,1625474779536.16
Arab World,ARB,2021,1186554922531.46
Arab World,ARB,2020,820601107847.493
Arab World,ARB,2019,1092675429477.58
Arab World,ARB,2018,1156760897942.77
Arab World,ARB,2017,911317272336.128
Arab World,ARB,2016,802116283576.181
Arab World,ARB,2015,874070982892.36
Arab World,ARB,2014,1261753136181.34
Arab World,ARB,2013,1385800519969.3
Caribbean small states,CSS,2025,30029000000.0
Caribbean small states,CSS,2024,31086000000.0
Caribbean small states,CSS,2023,25315000000.0
Caribbean small states,CSS,2022,29240000000.0
Caribbean small states,CSS,2021,16800000000.0
Caribbean small states,CSS,2020,11496000000.0
Caribbean small states,CSS,2019,12590000000.0
Caribbean small states,CSS,2018,15690000000.0
Caribbean small states,CSS,2017,13867000000.0
Caribbean small states,CSS,2016,12203000000.0
Caribbean small states,CSS,2015,15425000000.0
Caribbean small states,CSS,2014,20001000000.0
Caribbean small states,CSS,2013,24833000000.0
Central Europe and the Baltics,CEB,2025,1358958000000.0
Central Europe and the Baltics,CEB,2024,1253385000000.0
Central Europe and the Baltics,CEB,2023,1250705000000.0
Central Europe and the Baltics,CEB,2022,1199775000000.0
Central Europe and the Baltics,CEB,2021,1103793000000.0
Central Europe and the Baltics,CEB,2020,903219000000.0
Central Europe and the Baltics,CEB,2019,916319000000.0
Central Europe and the Baltics,CEB,2018,925336000000.0
Central Europe and the Baltics,CEB,2017,829023000000.0
Central Europe and the Baltics,CEB,2016,732799000000.0
Central Europe and the Baltics,CEB,2015,712006000000.0
Central Europe and the Baltics,CEB,2014,803759000000.0
Central Europe and the Baltics,CEB,2013,765939000000.0
Early-demographic dividend,EAR,2025,3118307759443.03
Early-demographic dividend,EAR,2024,2959405285663.19
Early-demographic dividend,EAR,2023,2879338892692.7
Early-demographic dividend,EAR,2022,3095572511687.28
Early-demographic dividend,EAR,2021,2564458063784.54
Early-demographic dividend,EAR,2020,1892438336595.94
Early-demographic dividend,EAR,2019,2220702439126.87
Early-demographic dividend,EAR,2018,2309928601238.53
Early-demographic dividend,EAR,2017,2072835735293.73
Early-demographic dividend,EAR,2016,1841118602713.74
Early-demographic dividend,EAR,2015,1902333890471.4
Early-demographic dividend,EAR,2014,2330882949617.0
Early-demographic dividend,EAR,2013,2382045515875.69
East Asia & Pacific,EAS,2025,9227717347348.79
East Asia & Pacific,EAS,2024,8447124317965.78
East Asia & Pacific,EAS,2023,8000362301148.81
East Asia & Pacific,EAS,2022,8514168320489.45
East Asia & Pacific,EAS,2021,7974034300157.78
East Asia & Pacific,EAS,2020,6336918238533.62
East Asia & Pacific,EAS,2019,6371018239817.21
East Asia & Pacific,EAS,2018,6500482244690.48
East Asia & Pacific,EAS,2017,6011228226274.03
East Asia & Pacific,EAS,2016,5426277204255.37
East Asia & Pacific,EAS,2015,5632022212000.0
East Asia & Pacific,EAS,2014,6052694227834.89
East Asia & Pacific,EAS,2013,5911983711091.44
East Asia & Pacific (excluding high income),EAP,2025,5420163370499.86
East Asia & Pacific (excluding high income),EAP,2024,5033027344036.85
East Asia & Pacific (excluding high income),EAP,2023,4739871323997.92
East Asia & Pacific (excluding high income),EAP,2022,5003407342012.15
East Asia & Pacific (excluding high income),EAP,2021,4593988314025.96
East Asia & Pacific (excluding high income),EAP,2020,3625177247802.06
East Asia & Pacific (excluding high income),EAP,2019,3545561242359.84
East Asia & Pacific (excluding high income),EAP,2018,3532798241487.42
East Asia & Pacific (excluding high income),EAP,2017,3220292220125.8
East Asia & Pacific (excluding high income),EAP,2016,2924014199873.47
East Asia & Pacific (excluding high income),EAP,2015,3101417212000.0
East Asia & Pacific (excluding high income),EAP,2014,3234266221081.01
East Asia & Pacific (excluding high income),EAP,2013,3073180210069.84
East Asia & Pacific (IDA & IBRD countries),TEA,2025,5419586370955.0
East Asia & Pacific (IDA & IBRD countries),TEA,2024,5032704344474.04
East Asia & Pacific (IDA & IBRD countries),TEA,2023,4739586324410.96
East Asia & Pacific (IDA & IBRD countries),TEA,2022,5003298342461.29
East Asia & Pacific (IDA & IBRD countries),TEA,2021,4593941314441.98
East Asia & Pacific (IDA & IBRD countries),TEA,2020,3625106248128.03
East Asia & Pacific (IDA & IBRD countries),TEA,2019,3545299242665.47
East Asia & Pacific (IDA & IBRD countries),TEA,2018,3532560241793.52
East Asia & Pacific (IDA & IBRD countries),TEA,2017,3218543220299.96
East Asia & Pacific (IDA & IBRD countries),TEA,2016,2921033199936.27
East Asia & Pacific (IDA & IBRD countries),TEA,2015,3097282212000.0
East Asia & Pacific (IDA & IBRD countries),TEA,2014,3229934221079.65
East Asia & Pacific (IDA & IBRD countries),TEA,2013,3069373116462.38
Euro area,EMU,2025,6331772000000.0
Euro area,EMU,2024,5940224000000.0
Euro area,EMU,2023,5994274000000.0
Euro area,EMU,2022,5997948000000.0
Euro area,EMU,2021,5528621000000.0
Euro area,EMU,2020,4554829000000.0
Euro area,EMU,2019,4887349000000.0
Euro area,EMU,2018,5047112000000.0
Euro area,EMU,2017,4610220000000.0
Euro area,EMU,2016,4203161000000.0
Euro area,EMU,2015,4177450000000.0
Euro area,EMU,2014,4801474000000.0
Euro area,EMU,2013,4717080000000.0
Europe & Central Asia,ECS,2025,9968926924734.38
Europe & Central Asia,ECS,2024,9338611759324.65
Europe & Central Asia,ECS,2023,9350565717215.31
Europe & Central Asia,ECS,2022,9550581459647.82
Europe & Central Asia,ECS,2021,8666052666658.54
Europe & Central Asia,ECS,2020,7001390175613.99
Europe & Central Asia,ECS,2019,7552357920639.64
Europe & Central Asia,ECS,2018,7779597703324.83
Europe & Central Asia,ECS,2017,7035913305254.17
Europe & Central Asia,ECS,2016,6376320811397.21
Europe & Central Asia,ECS,2015,6473955025198.4
Europe & Central Asia,ECS,2014,7562557231594.52
Europe & Central Asia,ECS,2013,7578586288318.05
Europe & Central Asia (excluding high income),ECA,2025,584922026448.701
Europe & Central Asia (excluding high income),ECA,2024,572152412244.226
Europe & Central Asia (excluding high income),ECA,2023,560396116441.298
Europe & Central Asia (excluding high income),ECA,2022,561001904616.136
Europe & Central Asia (excluding high income),ECA,2021,501810892769.25
Europe & Central Asia (excluding high income),ECA,2020,375199161622.599
Europe & Central Asia (excluding high income),ECA,2019,415834030566.848
Europe & Central Asia (excluding high income),ECA,2018,408732791333.872
Europe & Central Asia (excluding high income),ECA,2017,360971650587.44
Europe & Central Asia (excluding high income),ECA,2016,310894496537.867
Europe & Central Asia (excluding high income),ECA,2015,331556379162.296
Europe & Central Asia (excluding high income),ECA,2014,431938984292.62
Europe & Central Asia (excluding high income),ECA,2013,446636106326.125
Europe & Central Asia (IDA & IBRD countries),TEC,2025,1604004467647.34
Europe & Central Asia (IDA & IBRD countries),TEC,2024,1562775154386.74
Europe & Central Asia (IDA & IBRD countries),TEC,2023,1540164111000.2
Europe & Central Asia (IDA & IBRD countries),TEC,2022,1685728767995.11
Europe & Central Asia (IDA & IBRD countries),TEC,2021,1487036512752.38
Europe & Central Asia (IDA & IBRD countries),TEC,2020,1102430678306.75
Europe & Central Asia (IDA & IBRD countries),TEC,2019,1229546140527.48
Europe & Central Asia (IDA & IBRD countries),TEC,2018,1246916856262.21
Europe & Central Asia (IDA & IBRD countries),TEC,2017,1066550741135.16
Europe & Central Asia (IDA & IBRD countries),TEC,2016,900335911734.531
Europe & Central Asia (IDA & IBRD countries),TEC,2015,970990295040.041
Europe & Central Asia (IDA & IBRD countries),TEC,2014,1261601378842.08
Europe & Central Asia (IDA & IBRD countries),TEC,2013,1281517225074.37
European Union,EUU,2025,7663970000000.0
European Union,EUU,2024,7174752000000.0
European Union,EUU,2023,7222915000000.0
European Union,EUU,2022,7180222000000.0
European Union,EUU,2021,6640506000000.0
European Union,EUU,2020,5475897000000.0
European Union,EUU,2019,5825391000000.0
European Union,EUU,2018,5992948000000.0
European Union,EUU,2017,5466719000000.0
European Union,EUU,2016,4969739000000.0
European Union,EUU,2015,4929051000000.0
European Union,EUU,2014,5653032000000.0
European Union,EUU,2013,5536175000000.0
Heavily indebted poor countries (HIPC),HPC,2025,279708000000.0
Heavily indebted poor countries (HIPC),HPC,2024,232367000000.0
Heavily indebted poor countries (HIPC),HPC,2023,212745000000.0
Heavily indebted poor countries (HIPC),HPC,2022,198762000000.0
Heavily indebted poor countries (HIPC),HPC,2021,179357000000.0
Heavily indebted poor countries (HIPC),HPC,2020,141053000000.0
Heavily indebted poor countries (HIPC),HPC,2019,137695000000.0
Heavily indebted poor countries (HIPC),HPC,2018,149155000000.0
Heavily indebted poor countries (HIPC),HPC,2017,131101000000.0
Heavily indebted poor countries (HIPC),HPC,2016,110418000000.0
Heavily indebted poor countries (HIPC),HPC,2015,114716000000.0
Heavily indebted poor countries (HIPC),HPC,2014,134668000000.0
Heavily indebted poor countries (HIPC),HPC,2013,131768000000.0
IBRD only,IBD,2025,9466854000000.0
IBRD only,IBD,2024,8957700000000.0
IBRD only,IBD,2023,8568007000000.0
IBRD only,IBD,2022,9090826000000.0
IBRD only,IBD,2021,8088897000000.0
IBRD only,IBD,2020,6197624000000.0
IBRD only,IBD,2019,6503303000000.0
IBRD only,IBD,2018,6608933000000.0
IBRD only,IBD,2017,5927538000000.0
IBRD only,IBD,2016,5271334000000.0
IBRD only,IBD,2015,5578253000000.0
IBRD only,IBD,2014,6369170000000.0
IBRD only,IBD,2013,6289231723882.06
IDA & IBRD total,IBT,2025,10031913303216.4
IDA & IBRD total,IBT,2024,9456234471167.88
IDA & IBRD total,IBT,2023,9029814449643.02
IDA & IBRD total,IBT,2022,9551831688035.32
IDA & IBRD total,IBT,2021,8493957705400.97
IDA & IBRD total,IBT,2020,6526606332237.12
IDA & IBRD total,IBT,2019,6867380657832.6
IDA & IBRD total,IBT,2018,6972838142216.33
IDA & IBRD total,IBT,2017,6244339488898.46
IDA & IBRD total,IBT,2016,5543341261298.81
IDA & IBRD total,IBT,2015,5866673112030.53
IDA & IBRD total,IBT,2014,6731920526145.11
IDA & IBRD total,IBT,2013,6637360052661.42
IDA blend,IDB,2025,191597000000.0
IDA blend,IDB,2024,174565000000.0
IDA blend,IDB,2023,169237000000.0
IDA blend,IDB,2022,175851000000.0
IDA blend,IDB,2021,146467000000.0
IDA blend,IDB,2020,116223000000.0
IDA blend,IDB,2019,150227000000.0
IDA blend,IDB,2018,148178000000.0
IDA blend,IDB,2017,124126000000.0
IDA blend,IDB,2016,106688000000.0
IDA blend,IDB,2015,129037000000.0
IDA blend,IDB,2014,191331000000.0
IDA blend,IDB,2013,176817000000.0
IDA only,IDX,2025,374954448038.687
IDA only,IDX,2024,325070841698.348
IDA only,IDX,2023,293439578886.109
IDA only,IDX,2022,285809500853.87
IDA only,IDX,2021,259230587008.924
IDA only,IDX,2020,213401596856.622
IDA only,IDX,2019,214417525370.454
IDA only,IDX,2018,216276507326.582
IDA only,IDX,2017,193157902134.096
IDA only,IDX,2016,165640894702.399
IDA only,IDX,2015,159433422899.306
IDA only,IDX,2014,171263678482.031
IDA only,IDX,2013,171200524026.535
IDA total,IDA,2025,565680866284.773
IDA total,IDA,2024,498928637514.996
IDA total,IDA,2023,462103740102.857
IDA total,IDA,2022,461164488507.157
IDA total,IDA,2021,405174433802.885
IDA total,IDA,2020,329169470630.501
IDA total,IDA,2019,364375315506.156
IDA total,IDA,2018,364149048763.698
IDA total,IDA,2017,316927987708.096
IDA total,IDA,2016,272026160762.696
IDA total,IDA,2015,288445651381.734
IDA total,IDA,2014,363101554960.44
IDA total,IDA,2013,348378054790.456
Late-demographic dividend,LTE,2025,8296464003192.53
Late-demographic dividend,LTE,2024,7740338502090.93
Late-demographic dividend,LTE,2023,7364436187959.96
Late-demographic dividend,LTE,2022,7754609585011.93
Late-demographic dividend,LTE,2021,6901145827578.7
Late-demographic dividend,LTE,2020,5382743622978.61
Late-demographic dividend,LTE,2019,5519459094715.11
Late-demographic dividend,LTE,2018,5573544224709.56
Late-demographic dividend,LTE,2017,4915889553074.53
Late-demographic dividend,LTE,2016,4412717120395.32
Late-demographic dividend,LTE,2015,4694912149509.62
Late-demographic dividend,LTE,2014,5306714773919.57
Late-demographic dividend,LTE,2013,5229812765262.35
Latin America & Caribbean,LCN,2025,1668494642104.72
Latin America & Caribbean,LCN,2024,1573693748978.55
Latin America & Caribbean,LCN,2023,1504295144470.59
Latin America & Caribbean,LCN,2022,1523915472448.16
Latin America & Caribbean,LCN,2021,1302609286631.66
Latin America & Caribbean,LCN,2020,1023827836561.32
Latin America & Caribbean,LCN,2019,1130014603333.19
Latin America & Caribbean,LCN,2018,1159443328827.29
Latin America & Caribbean,LCN,2017,1065720429512.22
Latin America & Caribbean,LCN,2016,952154407130.726
Latin America & Caribbean,LCN,2015,987746690060.911
Latin America & Caribbean,LCN,2014,1161078975882.74
Latin America & Caribbean,LCN,2013,1193535821098.74
Latin America & Caribbean (excluding high income),LAC,2025,1365180000000.0
Latin America & Caribbean (excluding high income),LAC,2024,1287158000000.0
Latin America & Caribbean (excluding high income),LAC,2023,1235625000000.0
Latin America & Caribbean (excluding high income),LAC,2022,1246814000000.0
Latin America & Caribbean (excluding high income),LAC,2021,1062213000000.0
Latin America & Caribbean (excluding high income),LAC,2020,838611000000.0
Latin America & Caribbean (excluding high income),LAC,2019,938991000000.0
Latin America & Caribbean (excluding high income),LAC,2018,957412000000.0
Latin America & Caribbean (excluding high income),LAC,2017,879089000000.0
Latin America & Caribbean (excluding high income),LAC,2016,783799000000.0
Latin America & Caribbean (excluding high income),LAC,2015,812742000000.0
Latin America & Caribbean (excluding high income),LAC,2014,951573000000.0
Latin America & Caribbean (excluding high income),LAC,2013,973487000000.0
Latin America & the Caribbean (IDA & IBRD countries),TLA,2025,1546132000000.0
Latin America & the Caribbean (IDA & IBRD countries),TLA,2024,1458047000000.0
Latin America & the Caribbean (IDA & IBRD countries),TLA,2023,1393588000000.0
Latin America & the Caribbean (IDA & IBRD countries),TLA,2022,1411296000000.0
Latin America & the Caribbean (IDA & IBRD countries),TLA,2021,1206433000000.0
Latin America & the Caribbean (IDA & IBRD countries),TLA,2020,948125000000.0
Latin America & the Caribbean (IDA & IBRD countries),TLA,2019,1045884000000.0
Latin America & the Caribbean (IDA & IBRD countries),TLA,2018,1072750000000.0
Latin America & the Caribbean (IDA & IBRD countries),TLA,2017,985994000000.0
Latin America & the Caribbean (IDA & IBRD countries),TLA,2016,880502000000.0
Latin America & the Caribbean (IDA & IBRD countries),TLA,2015,912388000000.0
Latin America & the Caribbean (IDA & IBRD countries),TLA,2014,1071450000000.0
Latin America & the Caribbean (IDA & IBRD countries),TLA,2013,1100955000000.0
Least developed countries: UN classification,LDC,2025,311480401825.569
Least developed countries: UN classification,LDC,2024,280927628040.488
Least developed countries: UN classification,LDC,2023,261068274668.058
Least developed countries: UN classification,LDC,2022,267572447313.92
Least developed countries: UN classification,LDC,2021,237023706499.012
Least developed countries: UN classification,LDC,2020,187836594031.428
Least developed countries: UN classification,LDC,2019,199051275838.888
Least developed countries: UN classification,LDC,2018,208206306915.82
Least developed countries: UN classification,LDC,2017,180118069775.392
Least developed countries: UN classification,LDC,2016,151196263294.182
Least developed countries: UN classification,LDC,2015,151401605985.448
Least developed countries: UN classification,LDC,2014,186268185033.601
Least developed countries: UN classification,LDC,2013,195521821264.259
Low & middle income,LMY,2025,8835319388967.7
Low & middle income,LMY,2024,8297681076547.03
Low & middle income,LMY,2023,7894859368796.38
Low & middle income,LMY,2022,8265410149220.97
Low & middle income,LMY,2021,7366956671494.16
Low & middle income,LMY,2020,5691715384963.14
Low & middle income,LMY,2019,5948827086236.85
Low & middle income,LMY,2018,6021327006259.9
Low & middle income,LMY,2017,5435179801799.14
Low & middle income,LMY,2016,4861628571349.1
Low & middle income,LMY,2015,5133328855632.02
Low & middle income,LMY,2014,5788387568892.97
Low & middle income,LMY,2013,5680386901076.06
"Middle East, North Africa, Afghanistan & Pakistan",MEA,2025,1791018314836.27
"Middle East, North Africa, Afghanistan & Pakistan",MEA,2024,1697710811182.66
"Middle East, North Africa, Afghanistan & Pakistan",MEA,2023,1669084513135.07
"Middle East, North Africa, Afghanistan & Pakistan",MEA,2022,1821562384478.65
"Middle East, North Africa, Afghanistan & Pakistan",MEA,2021,1341571407901.71
"Middle East, North Africa, Afghanistan & Pakistan",MEA,2020,936035859452.816
"Middle East, North Africa, Afghanistan & Pakistan",MEA,2019,1237563860956.18
"Middle East, North Africa, Afghanistan & Pakistan",MEA,2018,1343484169643.85
"Middle East, North Africa, Afghanistan & Pakistan",MEA,2017,1083809479157.14
"Middle East, North Africa, Afghanistan & Pakistan",MEA,2016,954402981241.767
"Middle East, North Africa, Afghanistan & Pakistan",MEA,2015,1027976675303.24
"Middle East, North Africa, Afghanistan & Pakistan",MEA,2014,1446384539153.51
"Middle East, North Africa, Afghanistan & Pakistan",MEA,2013,1564404643963.78
"Middle East, North Africa, Afghanistan & Pakistan (excluding high income)",MNA,2025,468213954660.697
"Middle East, North Africa, Afghanistan & Pakistan (excluding high income)",MNA,2024,463051741367.296
"Middle East, North Africa, Afghanistan & Pakistan (excluding high income)",MNA,2023,446475032247.543
"Middle East, North Africa, Afghanistan & Pakistan (excluding high income)",MNA,2022,491784435186.146
"Middle East, North Africa, Afghanistan & Pakistan (excluding high income)",MNA,2021,359742998205.999
"Middle East, North Africa, Afghanistan & Pakistan (excluding high income)",MNA,2020,234626825507.435
"Middle East, North Africa, Afghanistan & Pakistan (excluding high income)",MNA,2019,330599261642.475
"Middle East, North Africa, Afghanistan & Pakistan (excluding high income)",MNA,2018,379522415378.001
"Middle East, North Africa, Afghanistan & Pakistan (excluding high income)",MNA,2017,313761620976.47
"Middle East, North Africa, Afghanistan & Pakistan (excluding high income)",MNA,2016,265745179177.725
"Middle East, North Africa, Afghanistan & Pakistan (excluding high income)",MNA,2015,276746617343.989
"Middle East, North Africa, Afghanistan & Pakistan (excluding high income)",MNA,2014,384933470725.162
"Middle East, North Africa, Afghanistan & Pakistan (excluding high income)",MNA,2013,414681681913.206
"Middle East, North Africa, Afghanistan & Pakistan (IDA & IBRD)",TMN,2025,464748000000.0
"Middle East, North Africa, Afghanistan & Pakistan (IDA & IBRD)",TMN,2024,459624000000.0
"Middle East, North Africa, Afghanistan & Pakistan (IDA & IBRD)",TMN,2023,443170000000.0
"Middle East, North Africa, Afghanistan & Pakistan (IDA & IBRD)",TMN,2022,488144000000.0
"Middle East, North Africa, Afghanistan & Pakistan (IDA & IBRD)",TMN,2021,357080000000.0
"Middle East, North Africa, Afghanistan & Pakistan (IDA & IBRD)",TMN,2020,232890000000.0
"Middle East, North Africa, Afghanistan & Pakistan (IDA & IBRD)",TMN,2019,328152000000.0
"Middle East, North Africa, Afghanistan & Pakistan (IDA & IBRD)",TMN,2018,376713000000.0
"Middle East, North Africa, Afghanistan & Pakistan (IDA & IBRD)",TMN,2017,311439000000.0
"Middle East, North Africa, Afghanistan & Pakistan (IDA & IBRD)",TMN,2016,263778000000.0
"Middle East, North Africa, Afghanistan & Pakistan (IDA & IBRD)",TMN,2015,274698000000.0
"Middle East, North Africa, Afghanistan & Pakistan (IDA & IBRD)",TMN,2014,382084000000.0
"Middle East, North Africa, Afghanistan & Pakistan (IDA & IBRD)",TMN,2013,411612000000.0
Middle income,MIC,2025,8729681893577.85
Middle income,MIC,2024,8205896077606.31
Middle income,MIC,2023,7811053252440.01
Middle income,MIC,2022,8197486034382.65
Middle income,MIC,2021,7298937046765.98
Middle income,MIC,2020,5637624351846.15
Middle income,MIC,2019,5894940059290.85
Middle income,MIC,2018,5960154411830.46
Middle income,MIC,2017,5382991934423.57
Middle income,MIC,2016,4819007792651.0
Middle income,MIC,2015,5088103163302.38
Middle income,MIC,2014,5735881590127.84
Middle income,MIC,2013,5626276896428.26
North America,NAC,2025,2739939000000.0
North America,NAC,2024,2629503000000.0
North America,NAC,2023,2588160000000.0
North America,NAC,2022,2666823000000.0
North America,NAC,2021,2263770000000.0
North America,NAC,2020,1815775000000.0
North America,NAC,2019,2092005000000.0
North America,NAC,2018,2116313000000.0
North America,NAC,2017,1966956000000.0
North America,NAC,2016,1841021000000.0
North America,NAC,2015,1912656000000.0
North America,NAC,2014,2096854000000.0
North America,NAC,2013,2037923000000.0
OECD members,OED,2025,14508424000000.0
OECD members,OED,2024,13651058000000.0
OECD members,OED,2023,13595177000000.0
OECD members,OED,2022,13836612000000.0
OECD members,OED,2021,12486008000000.0
OECD members,OED,2020,10171104000000.0
OECD members,OED,2019,11043739000000.0
OECD members,OED,2018,11352571000000.0
OECD members,OED,2017,10448571000000.0
OECD members,OED,2016,9560614000000.0
OECD members,OED,2015,9677569000000.0
OECD members,OED,2014,10920677000000.0
OECD members,OED,2013,10848316000000.0
Other small states,OSS,2025,68503208337.9501
Other small states,OSS,2024,64711001523.5457
Other small states,OSS,2023,63849436814.4044
Other small states,OSS,2022,70765091135.7341
Other small states,OSS,2021,61989690997.2299
Other small states,OSS,2020,46158714903.0471
Other small states,OSS,2019,50130506177.2853
Other small states,OSS,2018,52096019529.0859
Other small states,OSS,2017,44562286177.2853
Other small states,OSS,2016,39749863351.8006
Other small states,OSS,2015,39773000000.0
Other small states,OSS,2014,49497002714.6814
Other small states,OSS,2013,49993889778.3934
Pacific island small states,PSS,2025,2153298324.18301
Pacific island small states,PSS,2024,2079288070.58824
Pacific island small states,PSS,2023,1846255785.62091
Pacific island small states,PSS,2022,1768244977.77778
Pacific island small states,PSS,2021,1532212277.12418
Pacific island small states,PSS,2020,1500207843.13725
Pacific island small states,PSS,2019,1745241790.84967
Pacific island small states,PSS,2018,1839254815.68627
Pacific island small states,PSS,2017,1688233892.81046
Pacific island small states,PSS,2016,1611223223.52941
Pacific island small states,PSS,2015,1530212000.0
Pacific island small states,PSS,2014,2095290287.5817
Pacific island small states,PSS,2013,1846645130.44465
Post-demographic dividend,PST,2025,13941036000000.0
Post-demographic dividend,PST,2024,13078341000000.0
Post-demographic dividend,PST,2023,12982245000000.0
Post-demographic dividend,PST,2022,13323434000000.0
Post-demographic dividend,PST,2021,12185504000000.0
Post-demographic dividend,PST,2020,9890195000000.0
Post-demographic dividend,PST,2019,10733955000000.0
Post-demographic dividend,PST,2018,11102325000000.0
Post-demographic dividend,PST,2017,10265228000000.0
Post-demographic dividend,PST,2016,9392311000000.0
Post-demographic dividend,PST,2015,9525538000000.0
Post-demographic dividend,PST,2014,10772497000000.0
Post-demographic dividend,PST,2013,10756233000000.0
Pre-demographic dividend,PRE,2025,383707353798.201
Pre-demographic dividend,PRE,2024,363918709317.799
Pre-demographic dividend,PRE,2023,353207858021.667
Pre-demographic dividend,PRE,2022,378999121641.851
Pre-demographic dividend,PRE,2021,293805746062.289
Pre-demographic dividend,PRE,2020,214270288741.052
Pre-demographic dividend,PRE,2019,284955073575.422
Pre-demographic dividend,PRE,2018,308411593308.76
Pre-demographic dividend,PRE,2017,239013324847.445
Pre-demographic dividend,PRE,2016,187501562320.329
Pre-demographic dividend,PRE,2015,225713413473.307
Pre-demographic dividend,PRE,2014,360003201796.706
Pre-demographic dividend,PRE,2013,360912839325.144
Small states,SST,2025,100882264470.442
Small states,SST,2024,98253267890.0119
Small states,SST,2023,90998135399.2434
Small states,SST,2022,101822031853.199
Small states,SST,2021,79754069910.677
Small states,SST,2020,58686815897.9165
Small states,SST,2019,63972606501.2704
Small states,SST,2018,69294747606.3463
Small states,SST,2017,59873552865.9025
Small states,SST,2016,53342223012.3652
Small states,SST,2015,56722819672.5199
Small states,SST,2014,71655391953.4752
Small states,SST,2013,77042380151.5298
South Asia,SAS,2025,510581000000.0
South Asia,SAS,2024,505350000000.0
South Asia,SAS,2023,489914000000.0
South Asia,SAS,2022,520347000000.0
South Asia,SAS,2021,454901000000.0
South Asia,SAS,2020,321855000000.0
South Asia,SAS,2019,377620000000.0
South Asia,SAS,2018,377651000000.0
South Asia,SAS,2017,348085000000.0
South Asia,SAS,2016,311223000000.0
South Asia,SAS,2015,312387000000.0
South Asia,SAS,2014,366170000000.0
South Asia,SAS,2013,355924000000.0
South Asia (IDA & IBRD),TSA,2025,510581000000.0
South Asia (IDA & IBRD),TSA,2024,505350000000.0
South Asia (IDA & IBRD),TSA,2023,489914000000.0
South Asia (IDA & IBRD),TSA,2022,520347000000.0
South Asia (IDA & IBRD),TSA,2021,454901000000.0
South Asia (IDA & IBRD),TSA,2020,321855000000.0
South Asia (IDA & IBRD),TSA,2019,377620000000.0
South Asia (IDA & IBRD),TSA,2018,377651000000.0
South Asia (IDA & IBRD),TSA,2017,348085000000.0
South Asia (IDA & IBRD),TSA,2016,311223000000.0
South Asia (IDA & IBRD),TSA,2015,312387000000.0
South Asia (IDA & IBRD),TSA,2014,366170000000.0
South Asia (IDA & IBRD),TSA,2013,355924000000.0
Sub-Saharan Africa,SSF,2025,486797890518.341
Sub-Saharan Africa,SSF,2024,437619594123.253
Sub-Saharan Africa,SSF,2023,423323764452.812
Sub-Saharan Africa,SSF,2022,442952930185.365
Sub-Saharan Africa,SSF,2021,394505282765.29
Sub-Saharan Africa,SSF,2020,296109548065.738
Sub-Saharan Africa,SSF,2019,340922016107.385
Sub-Saharan Africa,SSF,2018,366459427068.637
Sub-Saharan Africa,SSF,2017,313775155300.367
Sub-Saharan Africa,SSF,2016,266389160154.686
Sub-Saharan Africa,SSF,2015,298993629085.313
Sub-Saharan Africa,SSF,2014,421477199427.822
Sub-Saharan Africa,SSF,2013,418806884144.873
Sub-Saharan Africa (excluding high income),SSA,2025,486248205763.315
Sub-Saharan Africa (excluding high income),SSA,2024,437062649572.813
Sub-Saharan Africa (excluding high income),SSA,2023,422782810091.138
Sub-Saharan Africa (excluding high income),SSA,2022,442416083913.216
Sub-Saharan Africa (excluding high income),SSA,2021,394041471657.294
Sub-Saharan Africa (excluding high income),SSA,2020,295677384780.675
Sub-Saharan Africa (excluding high income),SSA,2019,340403752974.474
Sub-Saharan Africa (excluding high income),SSA,2018,365890041279.858
Sub-Saharan Africa (excluding high income),SSA,2017,313227320277.849
Sub-Saharan Africa (excluding high income),SSA,2016,265928488307.469
Sub-Saharan Africa (excluding high income),SSA,2015,298578729927.515
Sub-Saharan Africa (excluding high income),SSA,2014,420937721401.964
Sub-Saharan Africa (excluding high income),SSA,2013,418229053242.732
Sub-Saharan Africa (IDA & IBRD countries),TSS,2025,486797890518.341
Sub-Saharan Africa (IDA & IBRD countries),TSS,2024,437619594123.253
Sub-Saharan Africa (IDA & IBRD countries),TSS,2023,423323764452.812
Sub-Saharan Africa (IDA & IBRD countries),TSS,2022,442952930185.365
Sub-Saharan Africa (IDA & IBRD countries),TSS,2021,394505282765.29
Sub-Saharan Africa (IDA & IBRD countries),TSS,2020,296109548065.738
Sub-Saharan Africa (IDA & IBRD countries),TSS,2019,340922016107.385
Sub-Saharan Africa (IDA & IBRD countries),TSS,2018,366459427068.637
Sub-Saharan Africa (IDA & IBRD countries),TSS,2017,313775155300.367
Sub-Saharan Africa (IDA & IBRD countries),TSS,2016,266389160154.686
Sub-Saharan Africa (IDA & IBRD countries),TSS,2015,298993629085.313
Sub-Saharan Africa (IDA & IBRD countries),TSS,2014,421477199427.822
Sub-Saharan Africa (IDA & IBRD countries),TSS,2013,418806884144.873
World,WLD,2025,26386782360229.6
World,WLD,2024,24622126055009.9
World,WLD,2023,24020257385719.3
World,WLD,2022,25037933627192.0
World,WLD,2021,22400021018447.9
World,WLD,2020,17734593054238.5
World,WLD,2019,19101899445690.9
World,WLD,2018,19643736517947.3
World,WLD,2017,17825250671274.5
World,WLD,2016,16128622859301.6
World,WLD,2015,16646105654420.3
World,WLD,2014,19104312260943.4
World,WLD,2013,19055464803010.8
Afghanistan,AFG,2025,926000000.0
Afghanistan,AFG,2024,919000000.0
Afghanistan,AFG,2023,896000000.0
Afghanistan,AFG,2022,615000000.0
Afghanistan,AFG,2021,770000000.0
Afghanistan,AFG,2020,777000000.0
Afghanistan,AFG,2019,864000000.0
Afghanistan,AFG,2018,875000000.0
Afghanistan,AFG,2017,723000000.0
Afghanistan,AFG,2016,596000000.0
Afghanistan,AFG,2015,571000000.0
Afghanistan,AFG,2014,570000000.0
Afghanistan,AFG,2013,515000000.0
Albania,ALB,2025,4347000000.0
Albania,ALB,2024,4000000000.0
Albania,ALB,2023,4374000000.0
Albania,ALB,2022,4309000000.0
Albania,ALB,2021,3559000000.0
Albania,ALB,2020,2506000000.0
Albania,ALB,2019,2716000000.0
Albania,ALB,2018,2870000000.0
Albania,ALB,2017,2292000000.0
Albania,ALB,2016,1959000000.0
Albania,ALB,2015,1917000000.0
Albania,ALB,2014,2429000000.0
Albania,ALB,2013,2339000000.0
Algeria,DZA,2025,45400000000.0
Algeria,DZA,2024,49067000000.0
Algeria,DZA,2023,55555000000.0
Algeria,DZA,2022,65715000000.0
Algeria,DZA,2021,38637000000.0
Algeria,DZA,2020,21932000000.0
Algeria,DZA,2019,35312000000.0
Algeria,DZA,2018,41797000000.0
Algeria,DZA,2017,35191000000.0
Algeria,DZA,2016,30026000000.0
Algeria,DZA,2015,34668000000.0
Algeria,DZA,2014,60061000000.0
Algeria,DZA,2013,64974000000.0
American Samoa,ASM,2025,394000000.0
American Samoa,ASM,2024,382000000.0
American Samoa,ASM,2023,395000000.0
American Samoa,ASM,2022,383000000.0
American Samoa,ASM,2021,314000000.0
American Samoa,ASM,2020,409000000.0
American Samoa,ASM,2019,353000000.0
American Samoa,ASM,2018,377000000.0
American Samoa,ASM,2017,397000000.0
American Samoa,ASM,2016,388000000.0
American Samoa,ASM,2015,379000000.0
American Samoa,ASM,2014,346000000.0
American Samoa,ASM,2013,388000000.0
Andorra,AND,2025,277000000.0
Andorra,AND,2024,259000000.0
Andorra,AND,2023,252000000.0
Andorra,AND,2022,386000000.0
Andorra,AND,2021,164000000.0
Andorra,AND,2020,167000000.0
Andorra,AND,2019,
Andorra,AND,2018,129000000.0
Andorra,AND,2017,118000000.0
Andorra,AND,2016,97000000.0
Andorra,AND,2015,90000000.0
Andorra,AND,2014,95000000.0
Andorra,AND,2013,
Angola,AGO,2025,32492000000.0
Angola,AGO,2024,39250000000.0
Angola,AGO,2023,39506000000.0
Angola,AGO,2022,51275000000.0
Angola,AGO,2021,34472000000.0
Angola,AGO,2020,22135000000.0
Angola,AGO,2019,35432000000.0
Angola,AGO,2018,40758000000.0
Angola,AGO,2017,34613000000.0
Angola,AGO,2016,27589000000.0
Angola,AGO,2015,33181000000.0
Angola,AGO,2014,59170000000.0
Angola,AGO,2013,68247000000.0
Antigua and Barbuda,ATG,2025,32000000.0
Antigua and Barbuda,ATG,2024,33000000.0
Antigua and Barbuda,ATG,2023,31000000.0
Antigua and Barbuda,ATG,2022,22000000.0
Antigua and Barbuda,ATG,2021,19000000.0
Antigua and Barbuda,ATG,2020,22000000.0
Antigua and Barbuda,ATG,2019,38000000.0
Antigua and Barbuda,ATG,2018,26000000.0
Antigua and Barbuda,ATG,2017,21000000.0
Antigua and Barbuda,ATG,2016,61000000.0
Antigua and Barbuda,ATG,2015,66000000.0
Antigua and Barbuda,ATG,2014,99000000.0
Antigua and Barbuda,ATG,2013,69000000.0
Argentina,ARG,2025,87111000000.0
Argentina,ARG,2024,79703000000.0
Argentina,ARG,2023,66988000000.0
Argentina,ARG,2022,88703000000.0
Argentina,ARG,2021,77934000000.0
Argentina,ARG,2020,54884000000.0
Argentina,ARG,2019,65116000000.0
Argentina,ARG,2018,61781000000.0
Argentina,ARG,2017,58644000000.0
Argentina,ARG,2016,57910000000.0
Argentina,ARG,2015,56784000000.0
Argentina,ARG,2014,68405000000.0
Argentina,ARG,2013,75963000000.0
Armenia,ARM,2025,8395000000.0
Armenia,ARM,2024,13092000000.0
Armenia,ARM,2023,8552000000.0
Armenia,ARM,2022,5360000000.0
Armenia,ARM,2021,3023000000.0
Armenia,ARM,2020,2544000000.0
Armenia,ARM,2019,2640000000.0
Armenia,ARM,2018,2412000000.0
Armenia,ARM,2017,2245000000.0
Armenia,ARM,2016,1792000000.0
Armenia,ARM,2015,1485000000.0
Armenia,ARM,2014,1519000000.0
Armenia,ARM,2013,1480000000.0
Aruba,ABW,2025,216000000.0
Aruba,ABW,2024,163000000.0
Aruba,ABW,2023,167000000.0
Aruba,ABW,2022,208000000.0
Aruba,ABW,2021,123000000.0
Aruba,ABW,2020,87000000.0
Aruba,ABW,2019,131000000.0
Aruba,ABW,2018,194000000.0
Aruba,ABW,2017,135000000.0
Aruba,ABW,2016,284000000.0
Aruba,ABW,2015,330000000.0
Aruba,ABW,2014,259000000.0
Aruba,ABW,2013,279000000.0
Australia,AUS,2025,337582000000.0
Australia,AUS,2024,340827000000.0
Australia,AUS,2023,371407000000.0
Australia,AUS,2022,412683000000.0
Australia,AUS,2021,344864000000.0
Australia,AUS,2020,250823000000.0
Australia,AUS,2019,271005000000.0
Australia,AUS,2018,257098000000.0
Australia,AUS,2017,231131000000.0
Australia,AUS,2016,192505000000.0
Australia,AUS,2015,187684000000.0
Australia,AUS,2014,239975000000.0
Australia,AUS,2013,252981000000.0
Austria,AUT,2025,222029000000.0
Austria,AUT,2024,214132000000.0
Austria,AUT,2023,224056000000.0
Austria,AUT,2022,211929000000.0
Austria,AUT,2021,202806000000.0
Austria,AUT,2020,169418000000.0
Austria,AUT,2019,178670000000.0
Austria,AUT,2018,184815000000.0
Austria,AUT,2017,168026000000.0
Austria,AUT,2016,152090000000.0
Austria,AUT,2015,152728000000.0
Austria,AUT,2014,178223000000.0
Austria,AUT,2013,175156000000.0
Azerbaijan,AZE,2025,25043000000.0
Azerbaijan,AZE,2024,26554000000.0
Azerbaijan,AZE,2023,33899000000.0
Azerbaijan,AZE,2022,38147000000.0
Azerbaijan,AZE,2021,22208000000.0
Azerbaijan,AZE,2020,13733000000.0
Azerbaijan,AZE,2019,19635000000.0
Azerbaijan,AZE,2018,20317000000.0
Azerbaijan,AZE,2017,15481000000.0
Azerbaijan,AZE,2016,13108000000.0
Azerbaijan,AZE,2015,16592000000.0
Azerbaijan,AZE,2014,28260000000.0
Azerbaijan,AZE,2013,31703000000.0
"Bahamas, The",BHS,2025,711000000.0
"Bahamas, The",BHS,2024,689000000.0
"Bahamas, The",BHS,2023,736000000.0
"Bahamas, The",BHS,2022,586000000.0
"Bahamas, The",BHS,2021,543000000.0
"Bahamas, The",BHS,2020,335000000.0
"Bahamas, The",BHS,2019,537000000.0
"Bahamas, The",BHS,2018,513000000.0
"Bahamas, The",BHS,2017,473000000.0
"Bahamas, The",BHS,2016,403000000.0
"Bahamas, The",BHS,2015,443000000.0
"Bahamas, The",BHS,2014,690000000.0
"Bahamas, The",BHS,2013,811000000.0
Bahrain,BHR,2025,26456000000.0
Bahrain,BHR,2024,24278000000.0
Bahrain,BHR,2023,24814000000.0
Bahrain,BHR,2022,30194000000.0
Bahrain,BHR,2021,22369000000.0
Bahrain,BHR,2020,14066000000.0
Bahrain,BHR,2019,18120000000.0
Bahrain,BHR,2018,18044000000.0
Bahrain,BHR,2017,15376000000.0
Bahrain,BHR,2016,12785000000.0
Bahrain,BHR,2015,16540000000.0
Bahrain,BHR,2014,20130000000.0
Bahrain,BHR,2013,21930000000.0
Bangladesh,BGD,2025,48167000000.0
Bangladesh,BGD,2024,47246000000.0
Bangladesh,BGD,2023,44237000000.0
Bangladesh,BGD,2022,51405000000.0
Bangladesh,BGD,2021,44223000000.0
Bangladesh,BGD,2020,33605000000.0
Bangladesh,BGD,2019,39337000000.0
Bangladesh,BGD,2018,39252000000.0
Bangladesh,BGD,2017,35851000000.0
Bangladesh,BGD,2016,34894000000.0
Bangladesh,BGD,2015,32379000000.0
Bangladesh,BGD,2014,30405000000.0
Bangladesh,BGD,2013,29114000000.0
Barbados,BRB,2025,428000000.0
Barbados,BRB,2024,461000000.0
Barbados,BRB,2023,461000000.0
Barbados,BRB,2022,498000000.0
Barbados,BRB,2021,350000000.0
Barbados,BRB,2020,345000000.0
Barbados,BRB,2019,444000000.0
Barbados,BRB,2018,448000000.0
Barbados,BRB,2017,485000000.0
Barbados,BRB,2016,517000000.0
Barbados,BRB,2015,483000000.0
Barbados,BRB,2014,474000000.0
Barbados,BRB,2013,457000000.0
Belarus,BLR,2025,41395000000.0
Belarus,BLR,2024,40344000000.0
Belarus,BLR,2023,39840000000.0
Belarus,BLR,2022,38220000000.0
Belarus,BLR,2021,39762000000.0
Belarus,BLR,2020,29179000000.0
Belarus,BLR,2019,32955000000.0
Belarus,BLR,2018,33726000000.0
Belarus,BLR,2017,29267000000.0
Belarus,BLR,2016,23414000000.0
Belarus,BLR,2015,26758000000.0
Belarus,BLR,2014,36081000000.0
Belarus,BLR,2013,37558000000.0
Belgium,BEL,2025,568105000000.0
Belgium,BEL,2024,554582000000.0
Belgium,BEL,2023,578515000000.0
Belgium,BEL,2022,638282000000.0
Belgium,BEL,2021,551478000000.0
Belgium,BEL,2020,422655000000.0
Belgium,BEL,2019,446910000000.0
Belgium,BEL,2018,468213000000.0
Belgium,BEL,2017,429645000000.0
Belgium,BEL,2016,398134000000.0
Belgium,BEL,2015,396841000000.0
Belgium,BEL,2014,472192000000.0
Belgium,BEL,2013,468760000000.0
Belize,BLZ,2025,444000000.0
Belize,BLZ,2024,482000000.0
Belize,BLZ,2023,488000000.0
Belize,BLZ,2022,518000000.0
Belize,BLZ,2021,422000000.0
Belize,BLZ,2020,289000000.0
Belize,BLZ,2019,425000000.0
Belize,BLZ,2018,451000000.0
Belize,BLZ,2017,457000000.0
Belize,BLZ,2016,443000000.0
Belize,BLZ,2015,538000000.0
Belize,BLZ,2014,589000000.0
Belize,BLZ,2013,609000000.0
Benin,BEN,2025,3988000000.0
Benin,BEN,2024,4024000000.0
Benin,BEN,2023,4050000000.0
Benin,BEN,2022,3719000000.0
Benin,BEN,2021,3642000000.0
Benin,BEN,2020,2996000000.0
Benin,BEN,2019,3052000000.0
Benin,BEN,2018,3344000000.0
Benin,BEN,2017,2216000000.0
Benin,BEN,2016,1774000000.0
Benin,BEN,2015,1682000000.0
Benin,BEN,2014,2560000000.0
Benin,BEN,2013,1982000000.0
Bermuda,BMU,2025,43000000.0
Bermuda,BMU,2024,68000000.0
Bermuda,BMU,2023,22000000.0
Bermuda,BMU,2022,34000000.0
Bermuda,BMU,2021,29000000.0
Bermuda,BMU,2020,19000000.0
Bermuda,BMU,2019,27000000.0
Bermuda,BMU,2018,18000000.0
Bermuda,BMU,2017,18000000.0
Bermuda,BMU,2016,19000000.0
Bermuda,BMU,2015,22000000.0
Bermuda,BMU,2014,22000000.0
Bermuda,BMU,2013,12000000.0
Bhutan,BTN,2025,800000000.0
Bhutan,BTN,2024,747000000.0
Bhutan,BTN,2023,641000000.0
Bhutan,BTN,2022,724000000.0
Bhutan,BTN,2021,784000000.0
Bhutan,BTN,2020,651000000.0
Bhutan,BTN,2019,674000000.0
Bhutan,BTN,2018,606000000.0
Bhutan,BTN,2017,573000000.0
Bhutan,BTN,2016,525000000.0
Bhutan,BTN,2015,549000000.0
Bhutan,BTN,2014,583000000.0
Bhutan,BTN,2013,544000000.0
Bolivia,BOL,2025,9701000000.0
Bolivia,BOL,2024,9059000000.0
Bolivia,BOL,2023,10911000000.0
Bolivia,BOL,2022,13924000000.0
Bolivia,BOL,2021,11030000000.0
Bolivia,BOL,2020,7015000000.0
Bolivia,BOL,2019,8757000000.0
Bolivia,BOL,2018,8965000000.0
Bolivia,BOL,2017,7846000000.0
Bolivia,BOL,2016,7082000000.0
Bolivia,BOL,2015,8726000000.0
Bolivia,BOL,2014,12300000000.0
Bolivia,BOL,2013,11657000000.0
Bosnia and Herzegovina,BIH,2025,9813000000.0
Bosnia and Herzegovina,BIH,2024,8890000000.0
Bosnia and Herzegovina,BIH,2023,9232000000.0
Bosnia and Herzegovina,BIH,2022,9674000000.0
Bosnia and Herzegovina,BIH,2021,8614000000.0
Bosnia and Herzegovina,BIH,2020,6155000000.0
Bosnia and Herzegovina,BIH,2019,6578000000.0
Bosnia and Herzegovina,BIH,2018,7182000000.0
Bosnia and Herzegovina,BIH,2017,6402000000.0
Bosnia and Herzegovina,BIH,2016,5328000000.0
Bosnia and Herzegovina,BIH,2015,5098000000.0
Bosnia and Herzegovina,BIH,2014,5892000000.0
Bosnia and Herzegovina,BIH,2013,5687000000.0
Botswana,BWA,2025,5119000000.0
Botswana,BWA,2024,4665000000.0
Botswana,BWA,2023,5763000000.0
Botswana,BWA,2022,8327000000.0
Botswana,BWA,2021,7420000000.0
Botswana,BWA,2020,4262000000.0
Botswana,BWA,2019,5237000000.0
Botswana,BWA,2018,6575000000.0
Botswana,BWA,2017,5870000000.0
Botswana,BWA,2016,7366000000.0
Botswana,BWA,2015,6316000000.0
Botswana,BWA,2014,8510000000.0
Botswana,BWA,2013,7911000000.0
Brazil,BRA,2025,348278000000.0
Brazil,BRA,2024,337046000000.0
Brazil,BRA,2023,339696000000.0
Brazil,BRA,2022,334136000000.0
Brazil,BRA,2021,280815000000.0
Brazil,BRA,2020,209180000000.0
Brazil,BRA,2019,221127000000.0
Brazil,BRA,2018,231890000000.0
Brazil,BRA,2017,214988000000.0
Brazil,BRA,2016,179526000000.0
Brazil,BRA,2015,186782000000.0
Brazil,BRA,2014,220923000000.0
Brazil,BRA,2013,232544000000.0
British Virgin Islands,VGB,2025,
British Virgin Islands,VGB,2024,
British Virgin Islands,VGB,2023,
British Virgin Islands,VGB,2022,
British Virgin Islands,VGB,2021,
British Virgin Islands,VGB,2020,
British Virgin Islands,VGB,2019,
British Virgin Islands,VGB,2018,
British Virgin Islands,VGB,2017,
British Virgin Islands,VGB,2016,
British Virgin Islands,VGB,2015,
British Virgin Islands,VGB,2014,
British Virgin Islands,VGB,2013,
Brunei Darussalam,BRN,2025,10498000000.0
Brunei Darussalam,BRN,2024,11258000000.0
Brunei Darussalam,BRN,2023,11241000000.0
Brunei Darussalam,BRN,2022,14230000000.0
Brunei Darussalam,BRN,2021,11058000000.0
Brunei Darussalam,BRN,2020,6608000000.0
Brunei Darussalam,BRN,2019,7039000000.0
Brunei Darussalam,BRN,2018,6574000000.0
Brunei Darussalam,BRN,2017,5571000000.0
Brunei Darussalam,BRN,2016,4875000000.0
Brunei Darussalam,BRN,2015,6353000000.0
Brunei Darussalam,BRN,2014,10509000000.0
Brunei Darussalam,BRN,2013,11447000000.0
Bulgaria,BGR,2025,48318000000.0
Bulgaria,BGR,2024,47888000000.0
Bulgaria,BGR,2023,47980000000.0
Bulgaria,BGR,2022,49925000000.0
Bulgaria,BGR,2021,41157000000.0
Bulgaria,BGR,2020,31954000000.0
Bulgaria,BGR,2019,33340000000.0
Bulgaria,BGR,2018,33617000000.0
Bulgaria,BGR,2017,31438000000.0
Bulgaria,BGR,2016,26572000000.0
Bulgaria,BGR,2015,25371000000.0
Bulgaria,BGR,2014,29245000000.0
Bulgaria,BGR,2013,29579000000.0
Burkina Faso,BFA,2025,11076000000.0
Burkina Faso,BFA,2024,5640000000.0
Burkina Faso,BFA,2023,4467000000.0
Burkina Faso,BFA,2022,4518000000.0
Burkina Faso,BFA,2021,5043000000.0
Burkina Faso,BFA,2020,4372000000.0
Burkina Faso,BFA,2019,3239000000.0
Burkina Faso,BFA,2018,3254000000.0
Burkina Faso,BFA,2017,2875000000.0
Burkina Faso,BFA,2016,2509000000.0
Burkina Faso,BFA,2015,2176000000.0
Burkina Faso,BFA,2014,2453000000.0
Burkina Faso,BFA,2013,2356000000.0
Burundi,BDI,2025,332000000.0
Burundi,BDI,2024,175000000.0
Burundi,BDI,2023,210000000.0
Burundi,BDI,2022,207000000.0
Burundi,BDI,2021,163000000.0
Burundi,BDI,2020,162000000.0
Burundi,BDI,2019,180000000.0
Burundi,BDI,2018,180000000.0
Burundi,BDI,2017,172000000.0
Burundi,BDI,2016,125000000.0
Burundi,BDI,2015,121000000.0
Burundi,BDI,2014,132000000.0
Burundi,BDI,2013,94000000.0
Cabo Verde,CPV,2025,96000000.0
Cabo Verde,CPV,2024,78000000.0
Cabo Verde,CPV,2023,51000000.0
Cabo Verde,CPV,2022,49000000.0
Cabo Verde,CPV,2021,56000000.0
Cabo Verde,CPV,2020,53000000.0
Cabo Verde,CPV,2019,62000000.0
Cabo Verde,CPV,2018,76000000.0
Cabo Verde,CPV,2017,52000000.0
Cabo Verde,CPV,2016,55000000.0
Cabo Verde,CPV,2015,67000000.0
Cabo Verde,CPV,2014,80000000.0
Cabo Verde,CPV,2013,69000000.0
Cambodia,KHM,2025,31274000000.0
Cambodia,KHM,2024,26661000000.0
Cambodia,KHM,2023,23186000000.0
Cambodia,KHM,2022,22472000000.0
Cambodia,KHM,2021,19307000000.0
Cambodia,KHM,2020,17716000000.0
Cambodia,KHM,2019,14825000000.0
Cambodia,KHM,2018,12700000000.0
Cambodia,KHM,2017,11278000000.0
Cambodia,KHM,2016,10069000000.0
Cambodia,KHM,2015,8542000000.0
Cambodia,KHM,2014,6846000000.0
Cambodia,KHM,2013,6666000000.0
Cameroon,CMR,2025,5100000000.0
Cameroon,CMR,2024,5364000000.0
Cameroon,CMR,2023,4927000000.0
Cameroon,CMR,2022,5584000000.0
Cameroon,CMR,2021,4317000000.0
Cameroon,CMR,2020,3132000000.0
Cameroon,CMR,2019,4084000000.0
Cameroon,CMR,2018,3803000000.0
Cameroon,CMR,2017,3233000000.0
Cameroon,CMR,2016,3305000000.0
Cameroon,CMR,2015,4058000000.0
Cameroon,CMR,2014,5145000000.0
Cameroon,CMR,2013,4515000000.0
Canada,CAN,2025,554676000000.0
Canada,CAN,2024,567744000000.0
Canada,CAN,2023,570079000000.0
Canada,CAN,2022,601632000000.0
Canada,CAN,2021,509441000000.0
Canada,CAN,2020,390821000000.0
Canada,CAN,2019,448817000000.0
Canada,CAN,2018,452313000000.0
Canada,CAN,2017,420665000000.0
Canada,CAN,2016,389991000000.0
Canada,CAN,2015,410062000000.0
Canada,CAN,2014,476300000000.0
Canada,CAN,2013,458318000000.0
Cayman Islands,CYM,2025,25000000.0
Cayman Islands,CYM,2024,68000000.0
Cayman Islands,CYM,2023,55000000.0
Cayman Islands,CYM,2022,38000000.0
Cayman Islands,CYM,2021,17000000.0
Cayman Islands,CYM,2020,21000000.0
Cayman Islands,CYM,2019,50000000.0
Cayman Islands,CYM,2018,41000000.0
Cayman Islands,CYM,2017,39000000.0
Cayman Islands,CYM,2016,58000000.0
Cayman Islands,CYM,2015,65000000.0
Cayman Islands,CYM,2014,48000000.0
Cayman Islands,CYM,2013,51000000.0
Central African Republic,CAF,2025,255000000.0
Central African Republic,CAF,2024,121000000.0
Central African Republic,CAF,2023,171000000.0
Central African Republic,CAF,2022,164000000.0
Central African Republic,CAF,2021,150000000.0
Central African Republic,CAF,2020,134000000.0
Central African Republic,CAF,2019,148000000.0
Central African Republic,CAF,2018,164000000.0
Central African Republic,CAF,2017,140000000.0
Central African Republic,CAF,2016,115000000.0
Central African Republic,CAF,2015,86000000.0
Central African Republic,CAF,2014,99000000.0
Central African Republic,CAF,2013,116000000.0
Chad,TCD,2025,4000000000.0
Chad,TCD,2024,4500000000.0
Chad,TCD,2023,4604000000.0
Chad,TCD,2022,4422000000.0
Chad,TCD,2021,2711000000.0
Chad,TCD,2020,1808000000.0
Chad,TCD,2019,2588000000.0
Chad,TCD,2018,2670000000.0
Chad,TCD,2017,2621000000.0
Chad,TCD,2016,2090000000.0
Chad,TCD,2015,2426000000.0
Chad,TCD,2014,4194000000.0
Chad,TCD,2013,3800000000.0
Channel Islands,CHI,2025,
Channel Islands,CHI,2024,
Channel Islands,CHI,2023,
Channel Islands,CHI,2022,
Channel Islands,CHI,2021,
Channel Islands,CHI,2020,
Channel Islands,CHI,2019,
Channel Islands,CHI,2018,
Channel Islands,CHI,2017,
Channel Islands,CHI,2016,
Channel Islands,CHI,2015,
Channel Islands,CHI,2014,
Channel Islands,CHI,2013,
Chile,CHL,2025,107005000000.0
Chile,CHL,2024,99164000000.0
Chile,CHL,2023,92972000000.0
Chile,CHL,2022,98477000000.0
Chile,CHL,2021,94601000000.0
Chile,CHL,2020,74023000000.0
Chile,CHL,2019,68794000000.0
Chile,CHL,2018,74839000000.0
Chile,CHL,2017,68823000000.0
Chile,CHL,2016,60718000000.0
Chile,CHL,2015,62035000000.0
Chile,CHL,2014,75065000000.0
Chile,CHL,2013,76770000000.0
China,CHN,2025,3771842000000.0
China,CHN,2024,3575795000000.0
China,CHN,2023,3379044000000.0
China,CHN,2022,3544434000000.0
China,CHN,2021,3316022000000.0
China,CHN,2020,2589952000000.0
China,CHN,2019,2499457000000.0
China,CHN,2018,2486695000000.0
China,CHN,2017,2263346000000.0
China,CHN,2016,2097632000000.0
China,CHN,2015,2273468000000.0
China,CHN,2014,2342293000000.0
China,CHN,2013,2209005000000.0
Colombia,COL,2025,50086000000.0
Colombia,COL,2024,49564000000.0
Colombia,COL,2023,49545000000.0
Colombia,COL,2022,56999000000.0
Colombia,COL,2021,40287000000.0
Colombia,COL,2020,31008000000.0
Colombia,COL,2019,39489000000.0
Colombia,COL,2018,41774000000.0
Colombia,COL,2017,36897000000.0
Colombia,COL,2016,31757000000.0
Colombia,COL,2015,35691000000.0
Colombia,COL,2014,54857000000.0
Colombia,COL,2013,58824000000.0
Comoros,COM,2025,48000000.0
Comoros,COM,2024,30000000.0
Comoros,COM,2023,31000000.0
Comoros,COM,2022,54000000.0
Comoros,COM,2021,34000000.0
Comoros,COM,2020,21000000.0
Comoros,COM,2019,39000000.0
Comoros,COM,2018,41000000.0
Comoros,COM,2017,39000000.0
Comoros,COM,2016,31000000.0
Comoros,COM,2015,17000000.0
Comoros,COM,2014,26000000.0
Comoros,COM,2013,21000000.0
"Congo, Dem. Rep.",COD,2025,32100000000.0
"Congo, Dem. Rep.",COD,2024,29900000000.0
"Congo, Dem. Rep.",COD,2023,27727000000.0
"Congo, Dem. Rep.",COD,2022,15672000000.0
"Congo, Dem. Rep.",COD,2021,21412000000.0
"Congo, Dem. Rep.",COD,2020,14230000000.0
"Congo, Dem. Rep.",COD,2019,13382000000.0
"Congo, Dem. Rep.",COD,2018,20004000000.0
"Congo, Dem. Rep.",COD,2017,12296000000.0
"Congo, Dem. Rep.",COD,2016,7193000000.0
"Congo, Dem. Rep.",COD,2015,8685000000.0
"Congo, Dem. Rep.",COD,2014,7915000000.0
"Congo, Dem. Rep.",COD,2013,6200000000.0
"Congo, Rep.",COG,2025,7500000000.0
"Congo, Rep.",COG,2024,7859000000.0
"Congo, Rep.",COG,2023,9465000000.0
"Congo, Rep.",COG,2022,8870000000.0
"Congo, Rep.",COG,2021,7512000000.0
"Congo, Rep.",COG,2020,4893000000.0
"Congo, Rep.",COG,2019,5576000000.0
"Congo, Rep.",COG,2018,11155000000.0
"Congo, Rep.",COG,2017,8252000000.0
"Congo, Rep.",COG,2016,7901000000.0
"Congo, Rep.",COG,2015,8623000000.0
"Congo, Rep.",COG,2014,8673000000.0
"Congo, Rep.",COG,2013,10453000000.0
Costa Rica,CRI,2025,26431000000.0
Costa Rica,CRI,2024,21688000000.0
Costa Rica,CRI,2023,19025000000.0
Costa Rica,CRI,2022,16597000000.0
Costa Rica,CRI,2021,15494000000.0
Costa Rica,CRI,2020,12319000000.0
Costa Rica,CRI,2019,11864000000.0
Costa Rica,CRI,2018,11495000000.0
Costa Rica,CRI,2017,10769000000.0
Costa Rica,CRI,2016,10361000000.0
Costa Rica,CRI,2015,9422000000.0
Costa Rica,CRI,2014,11250000000.0
Costa Rica,CRI,2013,11480000000.0
Cote d'Ivoire,CIV,2025,28471000000.0
Cote d'Ivoire,CIV,2024,20549000000.0
Cote d'Ivoire,CIV,2023,18350000000.0
Cote d'Ivoire,CIV,2022,16429000000.0
Cote d'Ivoire,CIV,2021,15334000000.0
Cote d'Ivoire,CIV,2020,12454000000.0
Cote d'Ivoire,CIV,2019,12718000000.0
Cote d'Ivoire,CIV,2018,11912000000.0
Cote d'Ivoire,CIV,2017,11853000000.0
Cote d'Ivoire,CIV,2016,10876000000.0
Cote d'Ivoire,CIV,2015,11730000000.0
Cote d'Ivoire,CIV,2014,12951000000.0
Cote d'Ivoire,CIV,2013,12049000000.0
Croatia,HRV,2025,28386000000.0
Croatia,HRV,2024,26015000000.0
Croatia,HRV,2023,24960000000.0
Croatia,HRV,2022,25467000000.0
Croatia,HRV,2021,21878000000.0
Croatia,HRV,2020,17193000000.0
Croatia,HRV,2019,17180000000.0
Croatia,HRV,2018,17402000000.0
Croatia,HRV,2017,16069000000.0
Croatia,HRV,2016,13813000000.0
Croatia,HRV,2015,12925000000.0
Croatia,HRV,2014,13835000000.0
Croatia,HRV,2013,12659000000.0
Cuba,CUB,2025,1620000000.0
Cuba,CUB,2024,1607000000.0
Cuba,CUB,2023,1583000000.0
Cuba,CUB,2022,2170000000.0
Cuba,CUB,2021,1966000000.0
Cuba,CUB,2020,1703000000.0
Cuba,CUB,2019,2062000000.0
Cuba,CUB,2018,2373000000.0
Cuba,CUB,2017,2402000000.0
Cuba,CUB,2016,2317000000.0
Cuba,CUB,2015,3350000000.0
Cuba,CUB,2014,4857000000.0
Cuba,CUB,2013,5283000000.0
Curacao,CUW,2025,397000000.0
Curacao,CUW,2024,491000000.0
Curacao,CUW,2023,495000000.0
Curacao,CUW,2022,562000000.0
Curacao,CUW,2021,344000000.0
Curacao,CUW,2020,271000000.0
Curacao,CUW,2019,398000000.0
Curacao,CUW,2018,586000000.0
Curacao,CUW,2017,425000000.0
Curacao,CUW,2016,419000000.0
Curacao,CUW,2015,466000000.0
Curacao,CUW,2014,702000000.0
Curacao,CUW,2013,705000000.0
Cyprus,CYP,2025,6186000000.0
Cyprus,CYP,2024,5526000000.0
Cyprus,CYP,2023,5061000000.0
Cyprus,CYP,2022,4512000000.0
Cyprus,CYP,2021,3963000000.0
Cyprus,CYP,2020,3063000000.0
Cyprus,CYP,2019,3453000000.0
Cyprus,CYP,2018,5052000000.0
Cyprus,CYP,2017,3288000000.0
Cyprus,CYP,2016,2965000000.0
Cyprus,CYP,2015,3295000000.0
Cyprus,CYP,2014,3163000000.0
Cyprus,CYP,2013,2019000000.0
Czechia,CZE,2025,283617000000.0
Czechia,CZE,2024,263126000000.0
Czechia,CZE,2023,255549000000.0
Czechia,CZE,2022,242015000000.0
Czechia,CZE,2021,226564000000.0
Czechia,CZE,2020,191911000000.0
Czechia,CZE,2019,199128000000.0
Czechia,CZE,2018,202238000000.0
Czechia,CZE,2017,182142000000.0
Czechia,CZE,2016,162692000000.0
Czechia,CZE,2015,157878000000.0
Czechia,CZE,2014,175021000000.0
Czechia,CZE,2013,162274000000.0
Denmark,DNK,2025,148379000000.0
Denmark,DNK,2024,133335000000.0
Denmark,DNK,2023,129140000000.0
Denmark,DNK,2022,131702000000.0
Denmark,DNK,2021,125945000000.0
Denmark,DNK,2020,108454000000.0
Denmark,DNK,2019,111076000000.0
Denmark,DNK,2018,109696000000.0
Denmark,DNK,2017,102506000000.0
Denmark,DNK,2016,95326000000.0
Denmark,DNK,2015,95457000000.0
Denmark,DNK,2014,111493000000.0
Denmark,DNK,2013,110949000000.0
Djibouti,DJI,2025,6090000000.0
Djibouti,DJI,2024,5169000000.0
Djibouti,DJI,2023,4785000000.0
Djibouti,DJI,2022,4608000000.0
Djibouti,DJI,2021,3829000000.0
Djibouti,DJI,2020,2785000000.0
Djibouti,DJI,2019,3996000000.0
Djibouti,DJI,2018,3522000000.0
Djibouti,DJI,2017,3162000000.0
Djibouti,DJI,2016,1732000000.0
Djibouti,DJI,2015,134000000.0
Djibouti,DJI,2014,129000000.0
Djibouti,DJI,2013,120000000.0
Dominica,DMA,2025,24000000.0
Dominica,DMA,2024,29000000.0
Dominica,DMA,2023,22000000.0
Dominica,DMA,2022,22000000.0
Dominica,DMA,2021,20000000.0
Dominica,DMA,2020,16000000.0
Dominica,DMA,2019,19000000.0
Dominica,DMA,2018,10000000.0
Dominica,DMA,2017,12000000.0
Dominica,DMA,2016,18000000.0
Dominica,DMA,2015,30000000.0
Dominica,DMA,2014,36000000.0
Dominica,DMA,2013,35000000.0
Dominican Republic,DOM,2025,15579000000.0
Dominican Republic,DOM,2024,13872000000.0
Dominican Republic,DOM,2023,12950000000.0
Dominican Republic,DOM,2022,13750000000.0
Dominican Republic,DOM,2021,12486000000.0
Dominican Republic,DOM,2020,10302000000.0
Dominican Republic,DOM,2019,11193000000.0
Dominican Republic,DOM,2018,10638000000.0
Dominican Republic,DOM,2017,10135000000.0
Dominican Republic,DOM,2016,9840000000.0
Dominican Republic,DOM,2015,9442000000.0
Dominican Republic,DOM,2014,9899000000.0
Dominican Republic,DOM,2013,9651000000.0
Ecuador,ECU,2025,37152000000.0
Ecuador,ECU,2024,34421000000.0
Ecuador,ECU,2023,31126000000.0
Ecuador,ECU,2022,32658000000.0
Ecuador,ECU,2021,26699000000.0
Ecuador,ECU,2020,20355000000.0
Ecuador,ECU,2019,22329000000.0
Ecuador,ECU,2018,21628000000.0
Ecuador,ECU,2017,19122000000.0
Ecuador,ECU,2016,16798000000.0
Ecuador,ECU,2015,18331000000.0
Ecuador,ECU,2014,25724000000.0
Ecuador,ECU,2013,24848000000.0
"Egypt, Arab Rep.",EGY,2025,51403000000.0
"Egypt, Arab Rep.",EGY,2024,42247000000.0
"Egypt, Arab Rep.",EGY,2023,42081000000.0
"Egypt, Arab Rep.",EGY,2022,51280000000.0
"Egypt, Arab Rep.",EGY,2021,41310000000.0
"Egypt, Arab Rep.",EGY,2020,27078000000.0
"Egypt, Arab Rep.",EGY,2019,29000000000.0
"Egypt, Arab Rep.",EGY,2018,27624000000.0
"Egypt, Arab Rep.",EGY,2017,25604000000.0
"Egypt, Arab Rep.",EGY,2016,25468000000.0
"Egypt, Arab Rep.",EGY,2015,21349000000.0
"Egypt, Arab Rep.",EGY,2014,26853000000.0
"Egypt, Arab Rep.",EGY,2013,29018000000.0
El Salvador,SLV,2025,6429000000.0
El Salvador,SLV,2024,6311000000.0
El Salvador,SLV,2023,6498000000.0
El Salvador,SLV,2022,7115000000.0
El Salvador,SLV,2021,6395000000.0
El Salvador,SLV,2020,4805000000.0
El Salvador,SLV,2019,5905000000.0
El Salvador,SLV,2018,5905000000.0
El Salvador,SLV,2017,5760000000.0
El Salvador,SLV,2016,5420000000.0
El Salvador,SLV,2015,5509000000.0
El Salvador,SLV,2014,5302000000.0
El Salvador,SLV,2013,5491000000.0
Equatorial Guinea,GNQ,2025,2600000000.0
Equatorial Guinea,GNQ,2024,2979000000.0
Equatorial Guinea,GNQ,2023,3157000000.0
Equatorial Guinea,GNQ,2022,6661000000.0
Equatorial Guinea,GNQ,2021,3845000000.0
Equatorial Guinea,GNQ,2020,2859000000.0
Equatorial Guinea,GNQ,2019,5268000000.0
Equatorial Guinea,GNQ,2018,6052000000.0
Equatorial Guinea,GNQ,2017,4970000000.0
Equatorial Guinea,GNQ,2016,4137000000.0
Equatorial Guinea,GNQ,2015,5699000000.0
Equatorial Guinea,GNQ,2014,12643000000.0
Equatorial Guinea,GNQ,2013,14043000000.0
Eritrea,ERI,2025,631000000.0
Eritrea,ERI,2024,573000000.0
Eritrea,ERI,2023,481000000.0
Eritrea,ERI,2022,598000000.0
Eritrea,ERI,2021,500000000.0
Eritrea,ERI,2020,583000000.0
Eritrea,ERI,2019,530000000.0
Eritrea,ERI,2018,669000000.0
Eritrea,ERI,2017,583000000.0
Eritrea,ERI,2016,436000000.0
Eritrea,ERI,2015,499000000.0
Eritrea,ERI,2014,630000000.0
Eritrea,ERI,2013,316000000.0
Estonia,EST,2025,20980000000.0
Estonia,EST,2024,18795000000.0
Estonia,EST,2023,19617000000.0
Estonia,EST,2022,22859000000.0
Estonia,EST,2021,21560000000.0
Estonia,EST,2020,16340000000.0
Estonia,EST,2019,16101000000.0
Estonia,EST,2018,17017000000.0
Estonia,EST,2017,14559000000.0
Estonia,EST,2016,13171000000.0
Estonia,EST,2015,12836000000.0
Estonia,EST,2014,16042000000.0
Estonia,EST,2013,16320000000.0
Eswatini,SWZ,2025,2370000000.0
Eswatini,SWZ,2024,2327000000.0
Eswatini,SWZ,2023,2096000000.0
Eswatini,SWZ,2022,1991000000.0
Eswatini,SWZ,2021,2068000000.0
Eswatini,SWZ,2020,1752000000.0
Eswatini,SWZ,2019,2002000000.0
Eswatini,SWZ,2018,1842000000.0
Eswatini,SWZ,2017,1801000000.0
Eswatini,SWZ,2016,1633000000.0
Eswatini,SWZ,2015,1812000000.0
Eswatini,SWZ,2014,2004000000.0
Eswatini,SWZ,2013,1895000000.0
Ethiopia,ETH,2025,7585000000.0
Ethiopia,ETH,2024,5472000000.0
Ethiopia,ETH,2023,3468000000.0
Ethiopia,ETH,2022,3970000000.0
Ethiopia,ETH,2021,3949000000.0
Ethiopia,ETH,2020,3258000000.0
Ethiopia,ETH,2019,2741000000.0
Ethiopia,ETH,2018,2704000000.0
Ethiopia,ETH,2017,3022000000.0
Ethiopia,ETH,2016,2789000000.0
Ethiopia,ETH,2015,2914000000.0
Ethiopia,ETH,2014,3275000000.0
Ethiopia,ETH,2013,2973000000.0
Faroe Islands,FRO,2025,2063000000.0
Faroe Islands,FRO,2024,1779000000.0
Faroe Islands,FRO,2023,1842000000.0
Faroe Islands,FRO,2022,1755000000.0
Faroe Islands,FRO,2021,1598000000.0
Faroe Islands,FRO,2020,1286000000.0
Faroe Islands,FRO,2019,1429000000.0
Faroe Islands,FRO,2018,1271000000.0
Faroe Islands,FRO,2017,1329000000.0
Faroe Islands,FRO,2016,1202000000.0
Faroe Islands,FRO,2015,1023000000.0
Faroe Islands,FRO,2014,1110000000.0
Faroe Islands,FRO,2013,1087000000.0
Fiji,FJI,2025,1126000000.0
Fiji,FJI,2024,1133000000.0
Fiji,FJI,2023,1068000000.0
Fiji,FJI,2022,1055000000.0
Fiji,FJI,2021,815000000.0
Fiji,FJI,2020,826000000.0
Fiji,FJI,2019,1033000000.0
Fiji,FJI,2018,1041000000.0
Fiji,FJI,2017,956000000.0
Fiji,FJI,2016,926000000.0
Fiji,FJI,2015,895000000.0
Fiji,FJI,2014,1373000000.0
Fiji,FJI,2013,1108000000.0
Finland,FIN,2025,84045000000.0
Finland,FIN,2024,78037000000.0
Finland,FIN,2023,82561000000.0
Finland,FIN,2022,86069000000.0
Finland,FIN,2021,81996000000.0
Finland,FIN,2020,66220000000.0
Finland,FIN,2019,73468000000.0
Finland,FIN,2018,75869000000.0
Finland,FIN,2017,68073000000.0
Finland,FIN,2016,57908000000.0
Finland,FIN,2015,59817000000.0
Finland,FIN,2014,74333000000.0
Finland,FIN,2013,74437000000.0
France,FRA,2025,683095000000.0
France,FRA,2024,640518000000.0
France,FRA,2023,651122000000.0
France,FRA,2022,620461000000.0
France,FRA,2021,585021000000.0
France,FRA,2020,488637000000.0
France,FRA,2019,570951000000.0
France,FRA,2018,582222000000.0
France,FRA,2017,535298000000.0
France,FRA,2016,501179000000.0
France,FRA,2015,506264000000.0
France,FRA,2014,581393000000.0
France,FRA,2013,580963000000.0
French Polynesia,PYF,2025,175000000.0
French Polynesia,PYF,2024,159000000.0
French Polynesia,PYF,2023,244000000.0
French Polynesia,PYF,2022,131000000.0
French Polynesia,PYF,2021,113000000.0
French Polynesia,PYF,2020,72000000.0
French Polynesia,PYF,2019,133000000.0
French Polynesia,PYF,2018,148000000.0
French Polynesia,PYF,2017,153000000.0
French Polynesia,PYF,2016,173000000.0
French Polynesia,PYF,2015,130000000.0
French Polynesia,PYF,2014,170000000.0
French Polynesia,PYF,2013,151000000.0
Gabon,GAB,2025,11600000000.0
Gabon,GAB,2024,13000000000.0
Gabon,GAB,2023,12695000000.0
Gabon,GAB,2022,10470000000.0
Gabon,GAB,2021,8031000000.0
Gabon,GAB,2020,7345000000.0
Gabon,GAB,2019,7714000000.0
Gabon,GAB,2018,8584000000.0
Gabon,GAB,2017,5771000000.0
Gabon,GAB,2016,9503000000.0
Gabon,GAB,2015,10654000000.0
Gabon,GAB,2014,13914000000.0
Gabon,GAB,2013,13039000000.0
"Gambia, The",GMB,2025,514000000.0
"Gambia, The",GMB,2024,363000000.0
"Gambia, The",GMB,2023,326000000.0
"Gambia, The",GMB,2022,52000000.0
"Gambia, The",GMB,2021,33000000.0
"Gambia, The",GMB,2020,61000000.0
"Gambia, The",GMB,2019,133000000.0
"Gambia, The",GMB,2018,140000000.0
"Gambia, The",GMB,2017,124000000.0
"Gambia, The",GMB,2016,105000000.0
"Gambia, The",GMB,2015,115000000.0
"Gambia, The",GMB,2014,125000000.0
"Gambia, The",GMB,2013,134000000.0
Georgia,GEO,2025,7291000000.0
Georgia,GEO,2024,6559000000.0
Georgia,GEO,2023,6086000000.0
Georgia,GEO,2022,5583000000.0
Georgia,GEO,2021,4243000000.0
Georgia,GEO,2020,3341000000.0
Georgia,GEO,2019,3798000000.0
Georgia,GEO,2018,3380000000.0
Georgia,GEO,2017,2746000000.0
Georgia,GEO,2016,2117000000.0
Georgia,GEO,2015,2204000000.0
Georgia,GEO,2014,2861000000.0
Georgia,GEO,2013,2910000000.0
Germany,DEU,2025,1764188000000.0
Germany,DEU,2024,1676408000000.0
Germany,DEU,2023,1702278000000.0
Germany,DEU,2022,1676472000000.0
Germany,DEU,2021,1627375000000.0
Germany,DEU,2020,1382533000000.0
Germany,DEU,2019,1489412000000.0
Germany,DEU,2018,1560539000000.0
Germany,DEU,2017,1448191000000.0
Germany,DEU,2016,1334355000000.0
Germany,DEU,2015,1326206000000.0
Germany,DEU,2014,1494214000000.0
Germany,DEU,2013,1445067000000.0
Ghana,GHA,2025,31107000000.0
Ghana,GHA,2024,19165000000.0
Ghana,GHA,2023,16703000000.0
Ghana,GHA,2022,17276000000.0
Ghana,GHA,2021,14727000000.0
Ghana,GHA,2020,14472000000.0
Ghana,GHA,2019,15668000000.0
Ghana,GHA,2018,14943000000.0
Ghana,GHA,2017,13835000000.0
Ghana,GHA,2016,11138000000.0
Ghana,GHA,2015,10321000000.0
Ghana,GHA,2014,13217000000.0
Ghana,GHA,2013,13752000000.0
Gibraltar,GIB,2025,
Gibraltar,GIB,2024,
Gibraltar,GIB,2023,
Gibraltar,GIB,2022,
Gibraltar,GIB,2021,
Gibraltar,GIB,2020,
Gibraltar,GIB,2019,
Gibraltar,GIB,2018,
Gibraltar,GIB,2017,
Gibraltar,GIB,2016,307000000.0
Gibraltar,GIB,2015,
Gibraltar,GIB,2014,
Gibraltar,GIB,2013,
Greece,GRC,2025,54767000000.0
Greece,GRC,2024,54095000000.0
Greece,GRC,2023,55153000000.0
Greece,GRC,2022,58524000000.0
Greece,GRC,2021,47218000000.0
Greece,GRC,2020,35215000000.0
Greece,GRC,2019,37907000000.0
Greece,GRC,2018,39502000000.0
Greece,GRC,2017,32627000000.0
Greece,GRC,2016,28151000000.0
Greece,GRC,2015,28554000000.0
Greece,GRC,2014,35960000000.0
Greece,GRC,2013,36140000000.0
Greenland,GRL,2025,1012000000.0
Greenland,GRL,2024,801000000.0
Greenland,GRL,2023,947000000.0
Greenland,GRL,2022,825000000.0
Greenland,GRL,2021,802000000.0
Greenland,GRL,2020,816000000.0
Greenland,GRL,2019,826000000.0
Greenland,GRL,2018,699000000.0
Greenland,GRL,2017,596000000.0
Greenland,GRL,2016,575000000.0
Greenland,GRL,2015,406000000.0
Greenland,GRL,2014,559000000.0
Greenland,GRL,2013,542000000.0
Grenada,GRD,2025,35000000.0
Grenada,GRD,2024,43000000.0
Grenada,GRD,2023,46000000.0
Grenada,GRD,2022,37000000.0
Grenada,GRD,2021,35000000.0
Grenada,GRD,2020,25000000.0
Grenada,GRD,2019,34000000.0
Grenada,GRD,2018,31000000.0
Grenada,GRD,2017,30000000.0
Grenada,GRD,2016,30000000.0
Grenada,GRD,2015,33000000.0
Grenada,GRD,2014,37000000.0
Grenada,GRD,2013,37000000.0
Guam,GUM,2025,71000000.0
Guam,GUM,2024,42000000.0
Guam,GUM,2023,44000000.0
Guam,GUM,2022,33000000.0
Guam,GUM,2021,44000000.0
Guam,GUM,2020,36000000.0
Guam,GUM,2019,32000000.0
Guam,GUM,2018,34000000.0
Guam,GUM,2017,33000000.0
Guam,GUM,2016,33000000.0
Guam,GUM,2015,32000000.0
Guam,GUM,2014,41000000.0
Guam,GUM,2013,45000000.0
Guatemala,GTM,2025,15558000000.0
Guatemala,GTM,2024,14601000000.0
Guatemala,GTM,2023,14199000000.0
Guatemala,GTM,2022,15695000000.0
Guatemala,GTM,2021,13753000000.0
Guatemala,GTM,2020,11521000000.0
Guatemala,GTM,2019,11175000000.0
Guatemala,GTM,2018,10769000000.0
Guatemala,GTM,2017,10990000000.0
Guatemala,GTM,2016,10447000000.0
Guatemala,GTM,2015,10677000000.0
Guatemala,GTM,2014,10803000000.0
Guatemala,GTM,2013,10025000000.0
Guinea,GIN,2025,15104000000.0
Guinea,GIN,2024,9850000000.0
Guinea,GIN,2023,9180000000.0
Guinea,GIN,2022,8753000000.0
Guinea,GIN,2021,10239000000.0
Guinea,GIN,2020,8931000000.0
Guinea,GIN,2019,3945000000.0
Guinea,GIN,2018,3978000000.0
Guinea,GIN,2017,4594000000.0
Guinea,GIN,2016,2414000000.0
Guinea,GIN,2015,1781000000.0
Guinea,GIN,2014,2066000000.0
Guinea,GIN,2013,1886000000.0
Guinea-Bissau,GNB,2025,313000000.0
Guinea-Bissau,GNB,2024,229000000.0
Guinea-Bissau,GNB,2023,240000000.0
Guinea-Bissau,GNB,2022,245000000.0
Guinea-Bissau,GNB,2021,300000000.0
Guinea-Bissau,GNB,2020,214000000.0
Guinea-Bissau,GNB,2019,249000000.0
Guinea-Bissau,GNB,2018,339000000.0
Guinea-Bissau,GNB,2017,339000000.0
Guinea-Bissau,GNB,2016,277000000.0
Guinea-Bissau,GNB,2015,252000000.0
Guinea-Bissau,GNB,2014,166000000.0
Guinea-Bissau,GNB,2013,153000000.0
Guyana,GUY,2025,18693000000.0
Guyana,GUY,2024,19786000000.0
Guyana,GUY,2023,13210000000.0
Guyana,GUY,2022,11281000000.0
Guyana,GUY,2021,4356000000.0
Guyana,GUY,2020,2590000000.0
Guyana,GUY,2019,1567000000.0
Guyana,GUY,2018,1339000000.0
Guyana,GUY,2017,1437000000.0
Guyana,GUY,2016,1441000000.0
Guyana,GUY,2015,1151000000.0
Guyana,GUY,2014,1167000000.0
Guyana,GUY,2013,1375000000.0
Haiti,HTI,2025,554000000.0
Haiti,HTI,2024,680000000.0
Haiti,HTI,2023,956000000.0
Haiti,HTI,2022,1254000000.0
Haiti,HTI,2021,1084000000.0
Haiti,HTI,2020,885000000.0
Haiti,HTI,2019,1147000000.0
Haiti,HTI,2018,1078000000.0
Haiti,HTI,2017,982000000.0
Haiti,HTI,2016,1007000000.0
Haiti,HTI,2015,882000000.0
Haiti,HTI,2014,950000000.0
Haiti,HTI,2013,885000000.0
Honduras,HND,2025,12004000000.0
Honduras,HND,2024,11083000000.0
Honduras,HND,2023,11383000000.0
Honduras,HND,2022,12281000000.0
Honduras,HND,2021,10247000000.0
Honduras,HND,2020,7683000000.0
Honduras,HND,2019,8788000000.0
Honduras,HND,2018,8644000000.0
Honduras,HND,2017,8656000000.0
Honduras,HND,2016,7960000000.0
Honduras,HND,2015,8226000000.0
Honduras,HND,2014,8117000000.0
Honduras,HND,2013,7833000000.0
"Hong Kong SAR, China",HKG,2025,753582000000.0
"Hong Kong SAR, China",HKG,2024,645537000000.0
"Hong Kong SAR, China",HKG,2023,573871000000.0
"Hong Kong SAR, China",HKG,2022,609925000000.0
"Hong Kong SAR, China",HKG,2021,669903000000.0
"Hong Kong SAR, China",HKG,2020,548773000000.0
"Hong Kong SAR, China",HKG,2019,534887000000.0
"Hong Kong SAR, China",HKG,2018,568456000000.0
"Hong Kong SAR, China",HKG,2017,549865000000.0
"Hong Kong SAR, China",HKG,2016,516635000000.0
"Hong Kong SAR, China",HKG,2015,510486000000.0
"Hong Kong SAR, China",HKG,2014,524130000000.0
"Hong Kong SAR, China",HKG,2013,535546000000.0
Hungary,HUN,2025,168841000000.0
Hungary,HUN,2024,159268000000.0
Hungary,HUN,2023,164359000000.0
Hungary,HUN,2022,153580000000.0
Hungary,HUN,2021,141830000000.0
Hungary,HUN,2020,120654000000.0
Hungary,HUN,2019,123796000000.0
Hungary,HUN,2018,124705000000.0
Hungary,HUN,2017,113806000000.0
Hungary,HUN,2016,101919000000.0
Hungary,HUN,2015,98524000000.0
Hungary,HUN,2014,110622000000.0
Hungary,HUN,2013,107503000000.0
Iceland,ISL,2025,7167000000.0
Iceland,ISL,2024,6936000000.0
Iceland,ISL,2023,6789000000.0
Iceland,ISL,2022,7389000000.0
Iceland,ISL,2021,5987000000.0
Iceland,ISL,2020,4582000000.0
Iceland,ISL,2019,5223000000.0
Iceland,ISL,2018,5556000000.0
Iceland,ISL,2017,4878000000.0
Iceland,ISL,2016,4436000000.0
Iceland,ISL,2015,4732000000.0
Iceland,ISL,2014,5053000000.0
Iceland,ISL,2013,4998000000.0
India,IND,2025,445278000000.0
India,IND,2024,442886000000.0
India,IND,2023,431559000000.0
India,IND,2022,453415000000.0
India,IND,2021,395426000000.0
India,IND,2020,276410000000.0
India,IND,2019,324340000000.0
India,IND,2018,324778000000.0
India,IND,2017,299241000000.0
India,IND,2016,264542000000.0
India,IND,2015,267951000000.0
India,IND,2014,322694000000.0
India,IND,2013,314848000000.0
Indonesia,IDN,2025,282909000000.0
Indonesia,IDN,2024,264706000000.0
Indonesia,IDN,2023,258857000000.0
Indonesia,IDN,2022,291979000000.0
Indonesia,IDN,2021,231506000000.0
Indonesia,IDN,2020,163306000000.0
Indonesia,IDN,2019,167683000000.0
Indonesia,IDN,2018,180124000000.0
Indonesia,IDN,2017,168811000000.0
Indonesia,IDN,2016,144490000000.0
Indonesia,IDN,2015,150366000000.0
Indonesia,IDN,2014,176293000000.0
Indonesia,IDN,2013,182552000000.0
"Iran, Islamic Rep.",IRN,2025,113225000000.0
"Iran, Islamic Rep.",IRN,2024,112654000000.0
"Iran, Islamic Rep.",IRN,2023,97357000000.0
"Iran, Islamic Rep.",IRN,2022,97852000000.0
"Iran, Islamic Rep.",IRN,2021,71646000000.0
"Iran, Islamic Rep.",IRN,2020,46916000000.0
"Iran, Islamic Rep.",IRN,2019,65718000000.0
"Iran, Islamic Rep.",IRN,2018,103422000000.0
"Iran, Islamic Rep.",IRN,2017,92764000000.0
"Iran, Islamic Rep.",IRN,2016,72903000000.0
"Iran, Islamic Rep.",IRN,2015,70275000000.0
"Iran, Islamic Rep.",IRN,2014,95160000000.0
"Iran, Islamic Rep.",IRN,2013,90765000000.0
Iraq,IRQ,2025,92912000000.0
Iraq,IRQ,2024,100990000000.0
Iraq,IRQ,2023,99149000000.0
Iraq,IRQ,2022,118045000000.0
Iraq,IRQ,2021,73084000000.0
Iraq,IRQ,2020,46863000000.0
Iraq,IRQ,2019,80211000000.0
Iraq,IRQ,2018,86360000000.0
Iraq,IRQ,2017,57559000000.0
Iraq,IRQ,2016,41298000000.0
Iraq,IRQ,2015,51338000000.0
Iraq,IRQ,2014,85370000000.0
Iraq,IRQ,2013,90587000000.0
Ireland,IRL,2025,293418000000.0
Ireland,IRL,2024,241202000000.0
Ireland,IRL,2023,208320000000.0
Ireland,IRL,2022,214156000000.0
Ireland,IRL,2021,190658000000.0
Ireland,IRL,2020,180104000000.0
Ireland,IRL,2019,169625000000.0
Ireland,IRL,2018,164794000000.0
Ireland,IRL,2017,137359000000.0
Ireland,IRL,2016,130864000000.0
Ireland,IRL,2015,123361000000.0
Ireland,IRL,2014,121057000000.0
Ireland,IRL,2013,116637000000.0
Isle of Man,IMN,2025,
Isle of Man,IMN,2024,
Isle of Man,IMN,2023,
Isle of Man,IMN,2022,
Isle of Man,IMN,2021,
Isle of Man,IMN,2020,
Isle of Man,IMN,2019,
Isle of Man,IMN,2018,
Isle of Man,IMN,2017,
Isle of Man,IMN,2016,
Isle of Man,IMN,2015,
Isle of Man,IMN,2014,
Isle of Man,IMN,2013,
Israel,ISR,2025,59010000000.0
Israel,ISR,2024,60255000000.0
Israel,ISR,2023,63345000000.0
Israel,ISR,2022,72572000000.0
Israel,ISR,2021,60159000000.0
Israel,ISR,2020,50152000000.0
Israel,ISR,2019,58507000000.0
Israel,ISR,2018,61952000000.0
Israel,ISR,2017,61150000000.0
Israel,ISR,2016,60571000000.0
Israel,ISR,2015,64063000000.0
Israel,ISR,2014,68507000000.0
Israel,ISR,2013,66607000000.0
Italy,ITA,2025,726499000000.0
Italy,ITA,2024,673478000000.0
Italy,ITA,2023,676724000000.0
Italy,ITA,2022,658557000000.0
Italy,ITA,2021,615635000000.0
Italy,ITA,2020,499792000000.0
Italy,ITA,2019,537718000000.0
Italy,ITA,2018,549526000000.0
Italy,ITA,2017,507418000000.0
Italy,ITA,2016,461737000000.0
Italy,ITA,2015,456990000000.0
Italy,ITA,2014,529797000000.0
Italy,ITA,2013,518268000000.0
Jamaica,JAM,2025,1689000000.0
Jamaica,JAM,2024,1867000000.0
Jamaica,JAM,2023,2002000000.0
Jamaica,JAM,2022,1901000000.0
Jamaica,JAM,2021,1481000000.0
Jamaica,JAM,2020,1251000000.0
Jamaica,JAM,2019,1651000000.0
Jamaica,JAM,2018,1961000000.0
Jamaica,JAM,2017,1310000000.0
Jamaica,JAM,2016,1202000000.0
Jamaica,JAM,2015,1263000000.0
Jamaica,JAM,2014,1452000000.0
Jamaica,JAM,2013,1569000000.0
Japan,JPN,2025,738337000000.0
Japan,JPN,2024,707009000000.0
Japan,JPN,2023,717256000000.0
Japan,JPN,2022,746824000000.0
Japan,JPN,2021,756032000000.0
Japan,JPN,2020,641319000000.0
Japan,JPN,2019,705564000000.0
Japan,JPN,2018,738143000000.0
Japan,JPN,2017,698329000000.0
Japan,JPN,2016,645052000000.0
Japan,JPN,2015,624921000000.0
Japan,JPN,2014,690203000000.0
Japan,JPN,2013,715097000000.0
Jordan,JOR,2025,14913000000.0
Jordan,JOR,2024,13534000000.0
Jordan,JOR,2023,12552000000.0
Jordan,JOR,2022,12780000000.0
Jordan,JOR,2021,9358000000.0
Jordan,JOR,2020,7943000000.0
Jordan,JOR,2019,8317000000.0
Jordan,JOR,2018,7750000000.0
Jordan,JOR,2017,7511000000.0
Jordan,JOR,2016,7549000000.0
Jordan,JOR,2015,7833000000.0
Jordan,JOR,2014,8385000000.0
Jordan,JOR,2013,7920000000.0
Kazakhstan,KAZ,2025,78793000000.0
Kazakhstan,KAZ,2024,82471000000.0
Kazakhstan,KAZ,2023,78533000000.0
Kazakhstan,KAZ,2022,84593000000.0
Kazakhstan,KAZ,2021,60625000000.0
Kazakhstan,KAZ,2020,46447000000.0
Kazakhstan,KAZ,2019,57309000000.0
Kazakhstan,KAZ,2018,60956000000.0
Kazakhstan,KAZ,2017,48304000000.0
Kazakhstan,KAZ,2016,36685000000.0
Kazakhstan,KAZ,2015,45956000000.0
Kazakhstan,KAZ,2014,79460000000.0
Kazakhstan,KAZ,2013,84700000000.0
Kenya,KEN,2025,8601000000.0
Kenya,KEN,2024,8237000000.0
Kenya,KEN,2023,7191000000.0
Kenya,KEN,2022,7411000000.0
Kenya,KEN,2021,6739000000.0
Kenya,KEN,2020,6034000000.0
Kenya,KEN,2019,5839000000.0
Kenya,KEN,2018,6052000000.0
Kenya,KEN,2017,5747000000.0
Kenya,KEN,2016,5695000000.0
Kenya,KEN,2015,5906000000.0
Kenya,KEN,2014,6115000000.0
Kenya,KEN,2013,5856000000.0
Kiribati,KIR,2025,20000000.0
Kiribati,KIR,2024,24000000.0
Kiribati,KIR,2023,19000000.0
Kiribati,KIR,2022,9000000.0
Kiribati,KIR,2021,9000000.0
Kiribati,KIR,2020,9000000.0
Kiribati,KIR,2019,12000000.0
Kiribati,KIR,2018,8000000.0
Kiribati,KIR,2017,15000000.0
Kiribati,KIR,2016,11000000.0
Kiribati,KIR,2015,10000000.0
Kiribati,KIR,2014,10000000.0
Kiribati,KIR,2013,7000000.0
"Korea, Dem. People's Rep.",PRK,2025,611000000.0
"Korea, Dem. People's Rep.",PRK,2024,360000000.0
"Korea, Dem. People's Rep.",PRK,2023,330000000.0
"Korea, Dem. People's Rep.",PRK,2022,160000000.0
"Korea, Dem. People's Rep.",PRK,2021,80000000.0
"Korea, Dem. People's Rep.",PRK,2020,90000000.0
"Korea, Dem. People's Rep.",PRK,2019,280000000.0
"Korea, Dem. People's Rep.",PRK,2018,251000000.0
"Korea, Dem. People's Rep.",PRK,2017,1770000000.0
"Korea, Dem. People's Rep.",PRK,2016,3006000000.0
"Korea, Dem. People's Rep.",PRK,2015,4152000000.0
"Korea, Dem. People's Rep.",PRK,2014,4365000000.0
"Korea, Dem. People's Rep.",PRK,2013,3835000000.0
"Korea, Rep.",KOR,2025,709330000000.0
"Korea, Rep.",KOR,2024,683609000000.0
"Korea, Rep.",KOR,2023,632226000000.0
"Korea, Rep.",KOR,2022,683585000000.0
"Korea, Rep.",KOR,2021,644400000000.0
"Korea, Rep.",KOR,2020,512498000000.0
"Korea, Rep.",KOR,2019,542233000000.0
"Korea, Rep.",KOR,2018,604860000000.0
"Korea, Rep.",KOR,2017,573694000000.0
"Korea, Rep.",KOR,2016,495426000000.0
"Korea, Rep.",KOR,2015,526757000000.0
"Korea, Rep.",KOR,2014,573091000000.0
"Korea, Rep.",KOR,2013,559632000000.0
Kosovo,XKX,2025,
Kosovo,XKX,2024,
Kosovo,XKX,2023,
Kosovo,XKX,2022,
Kosovo,XKX,2021,
Kosovo,XKX,2020,
Kosovo,XKX,2019,
Kosovo,XKX,2018,
Kosovo,XKX,2017,
Kosovo,XKX,2016,
Kosovo,XKX,2015,
Kosovo,XKX,2014,
Kosovo,XKX,2013,
Kuwait,KWT,2025,72073000000.0
Kuwait,KWT,2024,75150000000.0
Kuwait,KWT,2023,83981000000.0
Kuwait,KWT,2022,99985000000.0
Kuwait,KWT,2021,63128000000.0
Kuwait,KWT,2020,40116000000.0
Kuwait,KWT,2019,64483000000.0
Kuwait,KWT,2018,71938000000.0
Kuwait,KWT,2017,55015000000.0
Kuwait,KWT,2016,46273000000.0
Kuwait,KWT,2015,54122000000.0
Kuwait,KWT,2014,102111000000.0
Kuwait,KWT,2013,115104000000.0
Kyrgyz Republic,KGZ,2025,2852000000.0
Kyrgyz Republic,KGZ,2024,5142000000.0
Kyrgyz Republic,KGZ,2023,3385000000.0
Kyrgyz Republic,KGZ,2022,2255000000.0
Kyrgyz Republic,KGZ,2021,2752000000.0
Kyrgyz Republic,KGZ,2020,1973000000.0
Kyrgyz Republic,KGZ,2019,1986000000.0
Kyrgyz Republic,KGZ,2018,1837000000.0
Kyrgyz Republic,KGZ,2017,1764000000.0
Kyrgyz Republic,KGZ,2016,1573000000.0
Kyrgyz Republic,KGZ,2015,1441000000.0
Kyrgyz Republic,KGZ,2014,1897000000.0
Kyrgyz Republic,KGZ,2013,2058000000.0
Lao PDR,LAO,2025,12377000000.0
Lao PDR,LAO,2024,9386000000.0
Lao PDR,LAO,2023,8370000000.0
Lao PDR,LAO,2022,8198000000.0
Lao PDR,LAO,2021,7695000000.0
Lao PDR,LAO,2020,6115000000.0
Lao PDR,LAO,2019,5806000000.0
Lao PDR,LAO,2018,5408000000.0
Lao PDR,LAO,2017,4873000000.0
Lao PDR,LAO,2016,4245000000.0
Lao PDR,LAO,2015,3653000000.0
Lao PDR,LAO,2014,2662000000.0
Lao PDR,LAO,2013,2264000000.0
Latvia,LVA,2025,22122000000.0
Latvia,LVA,2024,20644000000.0
Latvia,LVA,2023,22596000000.0
Latvia,LVA,2022,24101000000.0
Latvia,LVA,2021,20833000000.0
Latvia,LVA,2020,16337000000.0
Latvia,LVA,2019,15705000000.0
Latvia,LVA,2018,16166000000.0
Latvia,LVA,2017,14126000000.0
Latvia,LVA,2016,12294000000.0
Latvia,LVA,2015,12286000000.0
Latvia,LVA,2014,14715000000.0
Latvia,LVA,2013,14467000000.0
Lebanon,LBN,2025,4598000000.0
Lebanon,LBN,2024,3781000000.0
Lebanon,LBN,2023,4139000000.0
Lebanon,LBN,2022,4485000000.0
Lebanon,LBN,2021,4138000000.0
Lebanon,LBN,2020,4085000000.0
Lebanon,LBN,2019,4829000000.0
Lebanon,LBN,2018,3830000000.0
Lebanon,LBN,2017,4026000000.0
Lebanon,LBN,2016,3930000000.0
Lebanon,LBN,2015,3982000000.0
Lebanon,LBN,2014,4548000000.0
Lebanon,LBN,2013,5170000000.0
Lesotho,LSO,2025,773000000.0
Lesotho,LSO,2024,991000000.0
Lesotho,LSO,2023,825000000.0
Lesotho,LSO,2022,894000000.0
Lesotho,LSO,2021,935000000.0
Lesotho,LSO,2020,845000000.0
Lesotho,LSO,2019,919000000.0
Lesotho,LSO,2018,1221000000.0
Lesotho,LSO,2017,1028000000.0
Lesotho,LSO,2016,881000000.0
Lesotho,LSO,2015,929000000.0
Lesotho,LSO,2014,826000000.0
Lesotho,LSO,2013,847000000.0
Liberia,LBR,2025,2068000000.0
Liberia,LBR,2024,1310000000.0
Liberia,LBR,2023,1105000000.0
Liberia,LBR,2022,1027000000.0
Liberia,LBR,2021,881000000.0
Liberia,LBR,2020,608000000.0
Liberia,LBR,2019,543000000.0
Liberia,LBR,2018,548000000.0
Liberia,LBR,2017,358000000.0
Liberia,LBR,2016,279000000.0
Liberia,LBR,2015,283000000.0
Liberia,LBR,2014,444000000.0
Liberia,LBR,2013,559000000.0
Libya,LBY,2025,30085000000.0
Libya,LBY,2024,30191000000.0
Libya,LBY,2023,33079000000.0
Libya,LBY,2022,39196000000.0
Libya,LBY,2021,30972000000.0
Libya,LBY,2020,8443000000.0
Libya,LBY,2019,29250000000.0
Libya,LBY,2018,30994000000.0
Libya,LBY,2017,20881000000.0
Libya,LBY,2016,20880000000.0
Libya,LBY,2015,23185000000.0
Libya,LBY,2014,32022000000.0
Libya,LBY,2013,49550000000.0
Liechtenstein,LIE,2025,
Liechtenstein,LIE,2024,
Liechtenstein,LIE,2023,
Liechtenstein,LIE,2022,
Liechtenstein,LIE,2021,
Liechtenstein,LIE,2020,
Liechtenstein,LIE,2019,
Liechtenstein,LIE,2018,
Liechtenstein,LIE,2017,
Liechtenstein,LIE,2016,
Liechtenstein,LIE,2015,
Liechtenstein,LIE,2014,
Liechtenstein,LIE,2013,
Lithuania,LTU,2025,41626000000.0
Lithuania,LTU,2024,39813000000.0
Lithuania,LTU,2023,42981000000.0
Lithuania,LTU,2022,46485000000.0
Lithuania,LTU,2021,40706000000.0
Lithuania,LTU,2020,32805000000.0
Lithuania,LTU,2019,33151000000.0
Lithuania,LTU,2018,33337000000.0
Lithuania,LTU,2017,29901000000.0
Lithuania,LTU,2016,25010000000.0
Lithuania,LTU,2015,25392000000.0
Lithuania,LTU,2014,32319000000.0
Lithuania,LTU,2013,32598000000.0
Luxembourg,LUX,2025,18390000000.0
Luxembourg,LUX,2024,16197000000.0
Luxembourg,LUX,2023,17189000000.0
Luxembourg,LUX,2022,17377000000.0
Luxembourg,LUX,2021,16800000000.0
Luxembourg,LUX,2020,13839000000.0
Luxembourg,LUX,2019,16451000000.0
Luxembourg,LUX,2018,16412000000.0
Luxembourg,LUX,2017,15761000000.0
Luxembourg,LUX,2016,15796000000.0
Luxembourg,LUX,2015,17139000000.0
Luxembourg,LUX,2014,19099000000.0
Luxembourg,LUX,2013,18441000000.0
"Macao SAR, China",MAC,2025,1734000000.0
"Macao SAR, China",MAC,2024,1678000000.0
"Macao SAR, China",MAC,2023,1654000000.0
"Macao SAR, China",MAC,2022,1677000000.0
"Macao SAR, China",MAC,2021,1620000000.0
"Macao SAR, China",MAC,2020,1353000000.0
"Macao SAR, China",MAC,2019,1586000000.0
"Macao SAR, China",MAC,2018,1510000000.0
"Macao SAR, China",MAC,2017,1406000000.0
"Macao SAR, China",MAC,2016,1257000000.0
"Macao SAR, China",MAC,2015,1339000000.0
"Macao SAR, China",MAC,2014,1241000000.0
"Macao SAR, China",MAC,2013,1138000000.0
Madagascar,MDG,2025,2498000000.0
Madagascar,MDG,2024,2582000000.0
Madagascar,MDG,2023,3213000000.0
Madagascar,MDG,2022,3609000000.0
Madagascar,MDG,2021,2729000000.0
Madagascar,MDG,2020,2026000000.0
Madagascar,MDG,2019,2696000000.0
Madagascar,MDG,2018,3110000000.0
Madagascar,MDG,2017,2848000000.0
Madagascar,MDG,2016,2254000000.0
Madagascar,MDG,2015,2048000000.0
Madagascar,MDG,2014,2196000000.0
Madagascar,MDG,2013,1923000000.0
Malawi,MWI,2025,947000000.0
Malawi,MWI,2024,958000000.0
Malawi,MWI,2023,966000000.0
Malawi,MWI,2022,900000000.0
Malawi,MWI,2021,1009000000.0
Malawi,MWI,2020,771000000.0
Malawi,MWI,2019,899000000.0
Malawi,MWI,2018,838000000.0
Malawi,MWI,2017,839000000.0
Malawi,MWI,2016,1022000000.0
Malawi,MWI,2015,1072000000.0
Malawi,MWI,2014,1418000000.0
Malawi,MWI,2013,1200000000.0
Malaysia,MYS,2025,376041000000.0
Malaysia,MYS,2024,330761000000.0
Malaysia,MYS,2023,312965000000.0
Malaysia,MYS,2022,352094000000.0
Malaysia,MYS,2021,299425000000.0
Malaysia,MYS,2020,234766000000.0
Malaysia,MYS,2019,238195000000.0
Malaysia,MYS,2018,247455000000.0
Malaysia,MYS,2017,218130000000.0
Malaysia,MYS,2016,189743000000.0
Malaysia,MYS,2015,199952000000.0
Malaysia,MYS,2014,233927000000.0
Malaysia,MYS,2013,228331000000.0
Maldives,MDV,2025,444000000.0
Maldives,MDV,2024,383000000.0
Maldives,MDV,2023,421000000.0
Maldives,MDV,2022,400000000.0
Maldives,MDV,2021,285000000.0
Maldives,MDV,2020,286000000.0
Maldives,MDV,2019,361000000.0
Maldives,MDV,2018,339000000.0
Maldives,MDV,2017,318000000.0
Maldives,MDV,2016,256000000.0
Maldives,MDV,2015,240000000.0
Maldives,MDV,2014,301000000.0
Maldives,MDV,2013,331000000.0
Mali,MLI,2025,4855000000.0
Mali,MLI,2024,5534000000.0
Mali,MLI,2023,5655000000.0
Mali,MLI,2022,5376000000.0
Mali,MLI,2021,4858000000.0
Mali,MLI,2020,4794000000.0
Mali,MLI,2019,3675000000.0
Mali,MLI,2018,3584000000.0
Mali,MLI,2017,2896000000.0
Mali,MLI,2016,2826000000.0
Mali,MLI,2015,2717000000.0
Mali,MLI,2014,2776000000.0
Mali,MLI,2013,2339000000.0
Malta,MLT,2025,3819000000.0
Malta,MLT,2024,3782000000.0
Malta,MLT,2023,3467000000.0
Malta,MLT,2022,3253000000.0
Malta,MLT,2021,3064000000.0
Malta,MLT,2020,2837000000.0
Malta,MLT,2019,3178000000.0
Malta,MLT,2018,3192000000.0
Malta,MLT,2017,2858000000.0
Malta,MLT,2016,3186000000.0
Malta,MLT,2015,2607000000.0
Malta,MLT,2014,2929000000.0
Malta,MLT,2013,3637000000.0
Marshall Islands,MHL,2025,72000000.0
Marshall Islands,MHL,2024,67000000.0
Marshall Islands,MHL,2023,64000000.0
Marshall Islands,MHL,2022,96000000.0
Marshall Islands,MHL,2021,90000000.0
Marshall Islands,MHL,2020,44000000.0
Marshall Islands,MHL,2019,55000000.0
Marshall Islands,MHL,2018,41000000.0
Marshall Islands,MHL,2017,40000000.0
Marshall Islands,MHL,2016,36000000.0
Marshall Islands,MHL,2015,52000000.0
Marshall Islands,MHL,2014,55000000.0
Marshall Islands,MHL,2013,65000000.0
Mauritania,MRT,2025,4510000000.0
Mauritania,MRT,2024,4150000000.0
Mauritania,MRT,2023,4065000000.0
Mauritania,MRT,2022,3778000000.0
Mauritania,MRT,2021,3267000000.0
Mauritania,MRT,2020,2829000000.0
Mauritania,MRT,2019,2266000000.0
Mauritania,MRT,2018,2052000000.0
Mauritania,MRT,2017,1989000000.0
Mauritania,MRT,2016,1623000000.0
Mauritania,MRT,2015,1832000000.0
Mauritania,MRT,2014,2140000000.0
Mauritania,MRT,2013,2463000000.0
Mauritius,MUS,2025,2342000000.0
Mauritius,MUS,2024,2368000000.0
Mauritius,MUS,2023,2295000000.0
Mauritius,MUS,2022,2388000000.0
Mauritius,MUS,2021,1962000000.0
Mauritius,MUS,2020,1789000000.0
Mauritius,MUS,2019,2223000000.0
Mauritius,MUS,2018,2366000000.0
Mauritius,MUS,2017,2342000000.0
Mauritius,MUS,2016,2359000000.0
Mauritius,MUS,2015,2662000000.0
Mauritius,MUS,2014,3094000000.0
Mauritius,MUS,2013,2869000000.0
Mexico,MEX,2025,664837000000.0
Mexico,MEX,2024,617677000000.0
Mexico,MEX,2023,593001000000.0
Mexico,MEX,2022,577697000000.0
Mexico,MEX,2021,494949000000.0
Mexico,MEX,2020,417171000000.0
Mexico,MEX,2019,460604000000.0
Mexico,MEX,2018,450713000000.0
Mexico,MEX,2017,409433000000.0
Mexico,MEX,2016,373948000000.0
Mexico,MEX,2015,380550000000.0
Mexico,MEX,2014,396912000000.0
Mexico,MEX,2013,380015000000.0
"Micronesia, Fed. Sts.",FSM,2025,109000000.0
"Micronesia, Fed. Sts.",FSM,2024,185000000.0
"Micronesia, Fed. Sts.",FSM,2023,106000000.0
"Micronesia, Fed. Sts.",FSM,2022,111000000.0
"Micronesia, Fed. Sts.",FSM,2021,115000000.0
"Micronesia, Fed. Sts.",FSM,2020,125000000.0
"Micronesia, Fed. Sts.",FSM,2019,41000000.0
"Micronesia, Fed. Sts.",FSM,2018,47000000.0
"Micronesia, Fed. Sts.",FSM,2017,46000000.0
"Micronesia, Fed. Sts.",FSM,2016,49000000.0
"Micronesia, Fed. Sts.",FSM,2015,40000000.0
"Micronesia, Fed. Sts.",FSM,2014,32000000.0
"Micronesia, Fed. Sts.",FSM,2013,35000000.0
Moldova,MDA,2025,3783000000.0
Moldova,MDA,2024,3555000000.0
Moldova,MDA,2023,4049000000.0
Moldova,MDA,2022,4332000000.0
Moldova,MDA,2021,3144000000.0
Moldova,MDA,2020,2467000000.0
Moldova,MDA,2019,2779000000.0
Moldova,MDA,2018,2706000000.0
Moldova,MDA,2017,2425000000.0
Moldova,MDA,2016,2045000000.0
Moldova,MDA,2015,1967000000.0
Moldova,MDA,2014,2340000000.0
Moldova,MDA,2013,2428000000.0
Monaco,MCO,2025,
Monaco,MCO,2024,
Monaco,MCO,2023,
Monaco,MCO,2022,
Monaco,MCO,2021,
Monaco,MCO,2020,
Monaco,MCO,2019,
Monaco,MCO,2018,
Monaco,MCO,2017,
Monaco,MCO,2016,
Monaco,MCO,2015,
Monaco,MCO,2014,
Monaco,MCO,2013,
Mongolia,MNG,2025,15761000000.0
Mongolia,MNG,2024,15783000000.0
Mongolia,MNG,2023,15187000000.0
Mongolia,MNG,2022,12539000000.0
Mongolia,MNG,2021,9241000000.0
Mongolia,MNG,2020,7576000000.0
Mongolia,MNG,2019,7620000000.0
Mongolia,MNG,2018,7012000000.0
Mongolia,MNG,2017,6201000000.0
Mongolia,MNG,2016,4916000000.0
Mongolia,MNG,2015,4669000000.0
Mongolia,MNG,2014,5775000000.0
Mongolia,MNG,2013,4269000000.0
Montenegro,MNE,2025,646000000.0
Montenegro,MNE,2024,664000000.0
Montenegro,MNE,2023,729000000.0
Montenegro,MNE,2022,742000000.0
Montenegro,MNE,2021,515000000.0
Montenegro,MNE,2020,419000000.0
Montenegro,MNE,2019,465000000.0
Montenegro,MNE,2018,472000000.0
Montenegro,MNE,2017,421000000.0
Montenegro,MNE,2016,361000000.0
Montenegro,MNE,2015,352000000.0
Montenegro,MNE,2014,441000000.0
Montenegro,MNE,2013,498000000.0
Morocco,MAR,2025,49777000000.0
Morocco,MAR,2024,45226000000.0
Morocco,MAR,2023,41642000000.0
Morocco,MAR,2022,41481000000.0
Morocco,MAR,2021,35843000000.0
Morocco,MAR,2020,27159000000.0
Morocco,MAR,2019,29132000000.0
Morocco,MAR,2018,28609000000.0
Morocco,MAR,2017,25272000000.0
Morocco,MAR,2016,22661000000.0
Morocco,MAR,2015,22334000000.0
Morocco,MAR,2014,23920000000.0
Morocco,MAR,2013,21972000000.0
Mozambique,MOZ,2025,8100000000.0
Mozambique,MOZ,2024,8211000000.0
Mozambique,MOZ,2023,8276000000.0
Mozambique,MOZ,2022,8299000000.0
Mozambique,MOZ,2021,5704000000.0
Mozambique,MOZ,2020,3720000000.0
Mozambique,MOZ,2019,4787000000.0
Mozambique,MOZ,2018,6037000000.0
Mozambique,MOZ,2017,4755000000.0
Mozambique,MOZ,2016,3328000000.0
Mozambique,MOZ,2015,3413000000.0
Mozambique,MOZ,2014,4421000000.0
Mozambique,MOZ,2013,4024000000.0
Myanmar,MMR,2025,15298000000.0
Myanmar,MMR,2024,14924000000.0
Myanmar,MMR,2023,14753000000.0
Myanmar,MMR,2022,17085000000.0
Myanmar,MMR,2021,15154000000.0
Myanmar,MMR,2020,16692000000.0
Myanmar,MMR,2019,17997000000.0
Myanmar,MMR,2018,16614000000.0
Myanmar,MMR,2017,13879000000.0
Myanmar,MMR,2016,11831000000.0
Myanmar,MMR,2015,11429000000.0
Myanmar,MMR,2014,11453000000.0
Myanmar,MMR,2013,11233000000.0
Namibia,NAM,2025,7024000000.0
Namibia,NAM,2024,6544000000.0
Namibia,NAM,2023,5526000000.0
Namibia,NAM,2022,5828000000.0
Namibia,NAM,2021,4417000000.0
Namibia,NAM,2020,3868000000.0
Namibia,NAM,2019,4743000000.0
Namibia,NAM,2018,7488000000.0
Namibia,NAM,2017,5229000000.0
Namibia,NAM,2016,4084000000.0
Namibia,NAM,2015,4067000000.0
Namibia,NAM,2014,4612000000.0
Namibia,NAM,2013,4629000000.0
Naoero,NRU,2025,31000000.0
Naoero,NRU,2024,34000000.0
Naoero,NRU,2023,38000000.0
Naoero,NRU,2022,43000000.0
Naoero,NRU,2021,31000000.0
Naoero,NRU,2020,12000000.0
Naoero,NRU,2019,14000000.0
Naoero,NRU,2018,9000000.0
Naoero,NRU,2017,15000000.0
Naoero,NRU,2016,18000000.0
Naoero,NRU,2015,11000000.0
Naoero,NRU,2014,22000000.0
Naoero,NRU,2013,
Nepal,NPL,2025,2311000000.0
Nepal,NPL,2024,1316000000.0
Nepal,NPL,2023,1145000000.0
Nepal,NPL,2022,1296000000.0
Nepal,NPL,2021,1684000000.0
Nepal,NPL,2020,856000000.0
Nepal,NPL,2019,968000000.0
Nepal,NPL,2018,786000000.0
Nepal,NPL,2017,742000000.0
Nepal,NPL,2016,696000000.0
Nepal,NPL,2015,721000000.0
Nepal,NPL,2014,889000000.0
Nepal,NPL,2013,879000000.0
Netherlands,NLD,2025,989237000000.0
Netherlands,NLD,2024,920540000000.0
Netherlands,NLD,2023,935047000000.0
Netherlands,NLD,2022,963492000000.0
Netherlands,NLD,2021,840032000000.0
Netherlands,NLD,2020,674602000000.0
Netherlands,NLD,2019,708596000000.0
Netherlands,NLD,2018,726697000000.0
Netherlands,NLD,2017,652065000000.0
Netherlands,NLD,2016,570606000000.0
Netherlands,NLD,2015,570442000000.0
Netherlands,NLD,2014,672410000000.0
Netherlands,NLD,2013,671556000000.0
New Caledonia,NCL,2025,1265000000.0
New Caledonia,NCL,2024,1237000000.0
New Caledonia,NCL,2023,2116000000.0
New Caledonia,NCL,2022,2552000000.0
New Caledonia,NCL,2021,1835000000.0
New Caledonia,NCL,2020,1722000000.0
New Caledonia,NCL,2019,1700000000.0
New Caledonia,NCL,2018,1929000000.0
New Caledonia,NCL,2017,1561000000.0
New Caledonia,NCL,2016,1330000000.0
New Caledonia,NCL,2015,1219000000.0
New Caledonia,NCL,2014,1595000000.0
New Caledonia,NCL,2013,1223000000.0
New Zealand,NZL,2025,46699000000.0
New Zealand,NZL,2024,42289000000.0
New Zealand,NZL,2023,41399000000.0
New Zealand,NZL,2022,45102000000.0
New Zealand,NZL,2021,44777000000.0
New Zealand,NZL,2020,38377000000.0
New Zealand,NZL,2019,39517000000.0
New Zealand,NZL,2018,39673000000.0
New Zealand,NZL,2017,38075000000.0
New Zealand,NZL,2016,33756000000.0
New Zealand,NZL,2015,34355000000.0
New Zealand,NZL,2014,41622000000.0
New Zealand,NZL,2013,39445000000.0
Nicaragua,NIC,2025,8893000000.0
Nicaragua,NIC,2024,7522000000.0
Nicaragua,NIC,2023,7378000000.0
Nicaragua,NIC,2022,7360000000.0
Nicaragua,NIC,2021,6495000000.0
Nicaragua,NIC,2020,5087000000.0
Nicaragua,NIC,2019,5272000000.0
Nicaragua,NIC,2018,5014000000.0
Nicaragua,NIC,2017,5170000000.0
Nicaragua,NIC,2016,4782000000.0
Nicaragua,NIC,2015,4839000000.0
Nicaragua,NIC,2014,5126000000.0
Nicaragua,NIC,2013,4794000000.0
Niger,NER,2025,1900000000.0
Niger,NER,2024,1516000000.0
Niger,NER,2023,992000000.0
Niger,NER,2022,1046000000.0
Niger,NER,2021,1212000000.0
Niger,NER,2020,1116000000.0
Niger,NER,2019,1126000000.0
Niger,NER,2018,1202000000.0
Niger,NER,2017,1206000000.0
Niger,NER,2016,1032000000.0
Niger,NER,2015,1087000000.0
Niger,NER,2014,1445000000.0
Niger,NER,2013,1588000000.0
Nigeria,NGA,2025,55468000000.0
Nigeria,NGA,2024,53320000000.0
Nigeria,NGA,2023,55182000000.0
Nigeria,NGA,2022,63075000000.0
Nigeria,NGA,2021,46871000000.0
Nigeria,NGA,2020,35634000000.0
Nigeria,NGA,2019,62531000000.0
Nigeria,NGA,2018,60547000000.0
Nigeria,NGA,2017,44468000000.0
Nigeria,NGA,2016,33302000000.0
Nigeria,NGA,2015,50216000000.0
Nigeria,NGA,2014,103100000000.0
Nigeria,NGA,2013,90555000000.0
North Macedonia,MKD,2025,9056000000.0
North Macedonia,MKD,2024,8422000000.0
North Macedonia,MKD,2023,8999000000.0
North Macedonia,MKD,2022,8727000000.0
North Macedonia,MKD,2021,8186000000.0
North Macedonia,MKD,2020,6638000000.0
North Macedonia,MKD,2019,7189000000.0
North Macedonia,MKD,2018,6911000000.0
North Macedonia,MKD,2017,5668000000.0
North Macedonia,MKD,2016,4790000000.0
North Macedonia,MKD,2015,4536000000.0
North Macedonia,MKD,2014,4969000000.0
North Macedonia,MKD,2013,4299000000.0
Northern Mariana Islands,MNP,2025,6000000.0
Northern Mariana Islands,MNP,2024,6000000.0
Northern Mariana Islands,MNP,2023,4000000.0
Northern Mariana Islands,MNP,2022,5000000.0
Northern Mariana Islands,MNP,2021,3000000.0
Northern Mariana Islands,MNP,2020,5000000.0
Northern Mariana Islands,MNP,2019,5000000.0
Northern Mariana Islands,MNP,2018,5000000.0
Northern Mariana Islands,MNP,2017,5000000.0
Northern Mariana Islands,MNP,2016,6000000.0
Northern Mariana Islands,MNP,2015,2000000.0
Northern Mariana Islands,MNP,2014,2000000.0
Northern Mariana Islands,MNP,2013,4000000.0
Norway,NOR,2025,170567000000.0
Norway,NOR,2024,167983000000.0
Norway,NOR,2023,178609000000.0
Norway,NOR,2022,250518000000.0
Norway,NOR,2021,160106000000.0
Norway,NOR,2020,84459000000.0
Norway,NOR,2019,102799000000.0
Norway,NOR,2018,121791000000.0
Norway,NOR,2017,101054000000.0
Norway,NOR,2016,88410000000.0
Norway,NOR,2015,103915000000.0
Norway,NOR,2014,144677000000.0
Norway,NOR,2013,156022000000.0
Oman,OMN,2025,55276000000.0
Oman,OMN,2024,65160000000.0
Oman,OMN,2023,59011000000.0
Oman,OMN,2022,66063000000.0
Oman,OMN,2021,44591000000.0
Oman,OMN,2020,33479000000.0
Oman,OMN,2019,38724000000.0
Oman,OMN,2018,41761000000.0
Oman,OMN,2017,32904000000.0
Oman,OMN,2016,30014000000.0
Oman,OMN,2015,31927000000.0
Oman,OMN,2014,50718000000.0
Oman,OMN,2013,55497000000.0
Pakistan,PAK,2025,30545000000.0
Pakistan,PAK,2024,32320000000.0
Pakistan,PAK,2023,28470000000.0
Pakistan,PAK,2022,30901000000.0
Pakistan,PAK,2021,28319000000.0
Pakistan,PAK,2020,21979000000.0
Pakistan,PAK,2019,23329000000.0
Pakistan,PAK,2018,23425000000.0
Pakistan,PAK,2017,21569000000.0
Pakistan,PAK,2016,20375000000.0
Pakistan,PAK,2015,22089000000.0
Pakistan,PAK,2014,24731000000.0
Pakistan,PAK,2013,25121000000.0
Palau,PLW,2025,3000000.0
Palau,PLW,2024,3000000.0
Palau,PLW,2023,7000000.0
Palau,PLW,2022,8000000.0
Palau,PLW,2021,2000000.0
Palau,PLW,2020,7000000.0
Palau,PLW,2019,4000000.0
Palau,PLW,2018,4000000.0
Palau,PLW,2017,6000000.0
Palau,PLW,2016,7000000.0
Palau,PLW,2015,6000000.0
Palau,PLW,2014,11000000.0
Palau,PLW,2013,7000000.0
Panama,PAN,2025,11903000000.0
Panama,PAN,2024,13181000000.0
Panama,PAN,2023,16738000000.0
Panama,PAN,2022,15278000000.0
Panama,PAN,2021,13161000000.0
Panama,PAN,2020,9483000000.0
Panama,PAN,2019,11318000000.0
Panama,PAN,2018,11480000000.0
Panama,PAN,2017,11093000000.0
Panama,PAN,2016,11195000000.0
Panama,PAN,2015,11348000000.0
Panama,PAN,2014,12960000000.0
Panama,PAN,2013,14732000000.0
Papua New Guinea,PNG,2025,15541000000.0
Papua New Guinea,PNG,2024,13975000000.0
Papua New Guinea,PNG,2023,12831000000.0
Papua New Guinea,PNG,2022,14614000000.0
Papua New Guinea,PNG,2021,10842000000.0
Papua New Guinea,PNG,2020,9077000000.0
Papua New Guinea,PNG,2019,10946000000.0
Papua New Guinea,PNG,2018,10524000000.0
Papua New Guinea,PNG,2017,9952000000.0
Papua New Guinea,PNG,2016,8194000000.0
Papua New Guinea,PNG,2015,8453000000.0
Papua New Guinea,PNG,2014,8794000000.0
Papua New Guinea,PNG,2013,5951000000.0
Paraguay,PRY,2025,11082000000.0
Paraguay,PRY,2024,10880000000.0
Paraguay,PRY,2023,11891000000.0
Paraguay,PRY,2022,9957000000.0
Paraguay,PRY,2021,10547000000.0
Paraguay,PRY,2020,8518000000.0
Paraguay,PRY,2019,7968000000.0
Paraguay,PRY,2018,9042000000.0
Paraguay,PRY,2017,8680000000.0
Paraguay,PRY,2016,8494000000.0
Paraguay,PRY,2015,8357000000.0
Paraguay,PRY,2014,9636000000.0
Paraguay,PRY,2013,9456000000.0
Peru,PER,2025,82692000000.0
Peru,PER,2024,74713000000.0
Peru,PER,2023,64715000000.0
Peru,PER,2022,62911000000.0
Peru,PER,2021,59648000000.0
Peru,PER,2020,39600000000.0
Peru,PER,2019,46444000000.0
Peru,PER,2018,48019000000.0
Peru,PER,2017,43454000000.0
Peru,PER,2016,36516000000.0
Peru,PER,2015,33545000000.0
Peru,PER,2014,38612000000.0
Peru,PER,2013,42576000000.0
Philippines,PHL,2025,83723000000.0
Philippines,PHL,2024,72984000000.0
Philippines,PHL,2023,73527000000.0
Philippines,PHL,2022,78930000000.0
Philippines,PHL,2021,74618000000.0
Philippines,PHL,2020,63879000000.0
Philippines,PHL,2019,70334000000.0
Philippines,PHL,2018,67488000000.0
Philippines,PHL,2017,68713000000.0
Philippines,PHL,2016,56313000000.0
Philippines,PHL,2015,58827000000.0
Philippines,PHL,2014,62102000000.0
Philippines,PHL,2013,56698000000.0
Poland,POL,2025,413895000000.0
Poland,POL,2024,382845000000.0
Poland,POL,2023,381517000000.0
Poland,POL,2022,360542000000.0
Poland,POL,2021,340634000000.0
Poland,POL,2020,273835000000.0
Poland,POL,2019,266595000000.0
Poland,POL,2018,263569000000.0
Poland,POL,2017,234364000000.0
Poland,POL,2016,203817000000.0
Poland,POL,2015,199124000000.0
Poland,POL,2014,220052000000.0
Poland,POL,2013,204984000000.0
Portugal,PRT,2025,89417000000.0
Portugal,PRT,2024,85367000000.0
Portugal,PRT,2023,83621000000.0
Portugal,PRT,2022,82463000000.0
Portugal,PRT,2021,75229000000.0
Portugal,PRT,2020,61496000000.0
Portugal,PRT,2019,67063000000.0
Portugal,PRT,2018,68361000000.0
Portugal,PRT,2017,62130000000.0
Portugal,PRT,2016,55372000000.0
Portugal,PRT,2015,55047000000.0
Portugal,PRT,2014,63832000000.0
Portugal,PRT,2013,62823000000.0
Puerto Rico (US),PRI,2025,
Puerto Rico (US),PRI,2024,
Puerto Rico (US),PRI,2023,
Puerto Rico (US),PRI,2022,
Puerto Rico (US),PRI,2021,
Puerto Rico (US),PRI,2020,
Puerto Rico (US),PRI,2019,
Puerto Rico (US),PRI,2018,
Puerto Rico (US),PRI,2017,
Puerto Rico (US),PRI,2016,
Puerto Rico (US),PRI,2015,
Puerto Rico (US),PRI,2014,
Puerto Rico (US),PRI,2013,
Qatar,QAT,2025,88771000000.0
Qatar,QAT,2024,95044000000.0
Qatar,QAT,2023,97751000000.0
Qatar,QAT,2022,130964000000.0
Qatar,QAT,2021,87203000000.0
Qatar,QAT,2020,51504000000.0
Qatar,QAT,2019,72935000000.0
Qatar,QAT,2018,84905000000.0
Qatar,QAT,2017,67498000000.0
Qatar,QAT,2016,57309000000.0
Qatar,QAT,2015,77971000000.0
Qatar,QAT,2014,131592000000.0
Qatar,QAT,2013,136855000000.0
Romania,ROU,2025,109134000000.0
Romania,ROU,2024,100291000000.0
Romania,ROU,2023,100607000000.0
Romania,ROU,2022,96699000000.0
Romania,ROU,2021,87388000000.0
Romania,ROU,2020,70718000000.0
Romania,ROU,2019,76871000000.0
Romania,ROU,2018,79660000000.0
Romania,ROU,2017,70761000000.0
Romania,ROU,2016,63534000000.0
Romania,ROU,2015,60595000000.0
Romania,ROU,2014,69725000000.0
Romania,ROU,2013,65835000000.0
Russian Federation,RUS,2025,419398000000.0
Russian Federation,RUS,2024,433634000000.0
Russian Federation,RUS,2023,424749000000.0
Russian Federation,RUS,2022,592075000000.0
Russian Federation,RUS,2021,494161000000.0
Russian Federation,RUS,2020,333530000000.0
Russian Federation,RUS,2019,419721000000.0
Russian Federation,RUS,2018,443914000000.0
Russian Federation,RUS,2017,352943000000.0
Russian Federation,RUS,2016,281710000000.0
Russian Federation,RUS,2015,341419000000.0
Russian Federation,RUS,2014,496807000000.0
Russian Federation,RUS,2013,521836000000.0
Rwanda,RWA,2025,2450000000.0
Rwanda,RWA,2024,3201000000.0
Rwanda,RWA,2023,2466000000.0
Rwanda,RWA,2022,2111000000.0
Rwanda,RWA,2021,1530000000.0
Rwanda,RWA,2020,1408000000.0
Rwanda,RWA,2019,1241000000.0
Rwanda,RWA,2018,1122000000.0
Rwanda,RWA,2017,1037000000.0
Rwanda,RWA,2016,731000000.0
Rwanda,RWA,2015,682000000.0
Rwanda,RWA,2014,723000000.0
Rwanda,RWA,2013,703000000.0
Samoa,WSM,2025,24000000.0
Samoa,WSM,2024,42000000.0
Samoa,WSM,2023,43000000.0
Samoa,WSM,2022,43000000.0
Samoa,WSM,2021,29000000.0
Samoa,WSM,2020,37000000.0
Samoa,WSM,2019,49000000.0
Samoa,WSM,2018,46000000.0
Samoa,WSM,2017,44000000.0
Samoa,WSM,2016,56000000.0
Samoa,WSM,2015,59000000.0
Samoa,WSM,2014,51000000.0
Samoa,WSM,2013,62000000.0
San Marino,SMR,2025,
San Marino,SMR,2024,
San Marino,SMR,2023,
San Marino,SMR,2022,
San Marino,SMR,2021,
San Marino,SMR,2020,
San Marino,SMR,2019,
San Marino,SMR,2018,
San Marino,SMR,2017,
San Marino,SMR,2016,
San Marino,SMR,2015,
San Marino,SMR,2014,
San Marino,SMR,2013,
Sao Tome and Principe,STP,2025,38000000.0
Sao Tome and Principe,STP,2024,29000000.0
Sao Tome and Principe,STP,2023,24000000.0
Sao Tome and Principe,STP,2022,22000000.0
Sao Tome and Principe,STP,2021,21000000.0
Sao Tome and Principe,STP,2020,14000000.0
Sao Tome and Principe,STP,2019,13000000.0
Sao Tome and Principe,STP,2018,16000000.0
Sao Tome and Principe,STP,2017,15000000.0
Sao Tome and Principe,STP,2016,14000000.0
Sao Tome and Principe,STP,2015,11000000.0
Sao Tome and Principe,STP,2014,17000000.0
Sao Tome and Principe,STP,2013,13000000.0
Saudi Arabia,SAU,2025,310672000000.0
Saudi Arabia,SAU,2024,305499000000.0
Saudi Arabia,SAU,2023,320018000000.0
Saudi Arabia,SAU,2022,411184000000.0
Saudi Arabia,SAU,2021,276179000000.0
Saudi Arabia,SAU,2020,173854000000.0
Saudi Arabia,SAU,2019,261603000000.0
Saudi Arabia,SAU,2018,294373000000.0
Saudi Arabia,SAU,2017,221835000000.0
Saudi Arabia,SAU,2016,183579000000.0
Saudi Arabia,SAU,2015,203550000000.0
Saudi Arabia,SAU,2014,342433000000.0
Saudi Arabia,SAU,2013,375872000000.0
Senegal,SEN,2025,10243000000.0
Senegal,SEN,2024,6310000000.0
Senegal,SEN,2023,5317000000.0
Senegal,SEN,2022,5710000000.0
Senegal,SEN,2021,5202000000.0
Senegal,SEN,2020,3929000000.0
Senegal,SEN,2019,4179000000.0
Senegal,SEN,2018,3623000000.0
Senegal,SEN,2017,2989000000.0
Senegal,SEN,2016,2640000000.0
Senegal,SEN,2015,2612000000.0
Senegal,SEN,2014,2750000000.0
Senegal,SEN,2013,2661000000.0
Serbia,SRB,2025,37314000000.0
Serbia,SRB,2024,31586000000.0
Serbia,SRB,2023,30935000000.0
Serbia,SRB,2022,29058000000.0
Serbia,SRB,2021,25564000000.0
Serbia,SRB,2020,19498000000.0
Serbia,SRB,2019,19630000000.0
Serbia,SRB,2018,19227000000.0
Serbia,SRB,2017,16992000000.0
Serbia,SRB,2016,14874000000.0
Serbia,SRB,2015,13376000000.0
Serbia,SRB,2014,14845000000.0
Serbia,SRB,2013,14614000000.0
Seychelles,SYC,2025,550000000.0
Seychelles,SYC,2024,557000000.0
Seychelles,SYC,2023,541000000.0
Seychelles,SYC,2022,537000000.0
Seychelles,SYC,2021,464000000.0
Seychelles,SYC,2020,432000000.0
Seychelles,SYC,2019,518000000.0
Seychelles,SYC,2018,569000000.0
Seychelles,SYC,2017,547000000.0
Seychelles,SYC,2016,460000000.0
Seychelles,SYC,2015,415000000.0
Seychelles,SYC,2014,540000000.0
Seychelles,SYC,2013,578000000.0
Sierra Leone,SLE,2025,1534000000.0
Sierra Leone,SLE,2024,1437000000.0
Sierra Leone,SLE,2023,1328000000.0
Sierra Leone,SLE,2022,1059000000.0
Sierra Leone,SLE,2021,697000000.0
Sierra Leone,SLE,2020,423000000.0
Sierra Leone,SLE,2019,635000000.0
Sierra Leone,SLE,2018,554000000.0
Sierra Leone,SLE,2017,567000000.0
Sierra Leone,SLE,2016,624000000.0
Sierra Leone,SLE,2015,512000000.0
Sierra Leone,SLE,2014,1552000000.0
Sierra Leone,SLE,2013,1917000000.0
Singapore,SGP,2025,566872000000.0
Singapore,SGP,2024,505658000000.0
Singapore,SGP,2023,476252000000.0
Singapore,SGP,2022,515802000000.0
Singapore,SGP,2021,457357000000.0
Singapore,SGP,2020,362534000000.0
Singapore,SGP,2019,390763000000.0
Singapore,SGP,2018,412955000000.0
Singapore,SGP,2017,373446000000.0
Singapore,SGP,2016,330481000000.0
Singapore,SGP,2015,351587000000.0
Singapore,SGP,2014,415378000000.0
Singapore,SGP,2013,410250000000.0
Sint Maarten (Dutch part),SXM,2025,221000000.0
Sint Maarten (Dutch part),SXM,2024,227000000.0
Sint Maarten (Dutch part),SXM,2023,227000000.0
Sint Maarten (Dutch part),SXM,2022,209000000.0
Sint Maarten (Dutch part),SXM,2021,144000000.0
Sint Maarten (Dutch part),SXM,2020,134000000.0
Sint Maarten (Dutch part),SXM,2019,181000000.0
Sint Maarten (Dutch part),SXM,2018,148000000.0
Sint Maarten (Dutch part),SXM,2017,123000000.0
Sint Maarten (Dutch part),SXM,2016,132000000.0
Sint Maarten (Dutch part),SXM,2015,129000000.0
Sint Maarten (Dutch part),SXM,2014,132000000.0
Sint Maarten (Dutch part),SXM,2013,164000000.0
Slovak Republic,SVK,2025,125443000000.0
Slovak Republic,SVK,2024,115794000000.0
Slovak Republic,SVK,2023,117494000000.0
Slovak Republic,SVK,2022,108386000000.0
Slovak Republic,SVK,2021,103891000000.0
Slovak Republic,SVK,2020,86640000000.0
Slovak Republic,SVK,2019,89509000000.0
Slovak Republic,SVK,2018,93425000000.0
Slovak Republic,SVK,2017,83414000000.0
Slovak Republic,SVK,2016,77060000000.0
Slovak Republic,SVK,2015,75146000000.0
Slovak Republic,SVK,2014,86227000000.0
Slovak Republic,SVK,2013,85701000000.0
Slovenia,SVN,2025,96596000000.0
Slovenia,SVN,2024,78906000000.0
Slovenia,SVN,2023,73045000000.0
Slovenia,SVN,2022,69716000000.0
Slovenia,SVN,2021,57352000000.0
Slovenia,SVN,2020,44832000000.0
Slovenia,SVN,2019,44943000000.0
Slovenia,SVN,2018,44200000000.0
Slovenia,SVN,2017,38443000000.0
Slovenia,SVN,2016,32917000000.0
Slovenia,SVN,2015,31929000000.0
Slovenia,SVN,2014,35956000000.0
Slovenia,SVN,2013,34019000000.0
Solomon Islands,SLB,2025,677000000.0
Solomon Islands,SLB,2024,507000000.0
Solomon Islands,SLB,2023,431000000.0
Solomon Islands,SLB,2022,340000000.0
Solomon Islands,SLB,2021,371000000.0
Solomon Islands,SLB,2020,379000000.0
Solomon Islands,SLB,2019,461000000.0
Solomon Islands,SLB,2018,569000000.0
Solomon Islands,SLB,2017,500000000.0
Solomon Islands,SLB,2016,437000000.0
Solomon Islands,SLB,2015,400000000.0
Solomon Islands,SLB,2014,459000000.0
Solomon Islands,SLB,2013,487000000.0
"Somalia, Fed. Rep.",SOM,2025,1300000000.0
"Somalia, Fed. Rep.",SOM,2024,1473000000.0
"Somalia, Fed. Rep.",SOM,2023,993000000.0
"Somalia, Fed. Rep.",SOM,2022,733000000.0
"Somalia, Fed. Rep.",SOM,2021,503000000.0
"Somalia, Fed. Rep.",SOM,2020,513000000.0
"Somalia, Fed. Rep.",SOM,2019,570000000.0
"Somalia, Fed. Rep.",SOM,2018,534000000.0
"Somalia, Fed. Rep.",SOM,2017,464000000.0
"Somalia, Fed. Rep.",SOM,2016,615000000.0
"Somalia, Fed. Rep.",SOM,2015,678000000.0
"Somalia, Fed. Rep.",SOM,2014,671000000.0
"Somalia, Fed. Rep.",SOM,2013,633000000.0
South Africa,ZAF,2025,116399000000.0
South Africa,ZAF,2024,110076000000.0
South Africa,ZAF,2023,110855000000.0
South Africa,ZAF,2022,122901000000.0
South Africa,ZAF,2021,123572000000.0
South Africa,ZAF,2020,85834000000.0
South Africa,ZAF,2019,90016000000.0
South Africa,ZAF,2018,93970000000.0
South Africa,ZAF,2017,88947000000.0
South Africa,ZAF,2016,76214000000.0
South Africa,ZAF,2015,81002000000.0
South Africa,ZAF,2014,93043000000.0
South Africa,ZAF,2013,96153000000.0
South Sudan,SSD,2025,955000000.0
South Sudan,SSD,2024,891000000.0
South Sudan,SSD,2023,870000000.0
South Sudan,SSD,2022,907000000.0
South Sudan,SSD,2021,812000000.0
South Sudan,SSD,2020,783000000.0
South Sudan,SSD,2019,1613000000.0
South Sudan,SSD,2018,
South Sudan,SSD,2017,
South Sudan,SSD,2016,
South Sudan,SSD,2015,
South Sudan,SSD,2014,
South Sudan,SSD,2013,
Spain,ESP,2025,445106000000.0
Spain,ESP,2024,428505000000.0
Spain,ESP,2023,422487000000.0
Spain,ESP,2022,415462000000.0
Spain,ESP,2021,379969000000.0
Spain,ESP,2020,308317000000.0
Spain,ESP,2019,334018000000.0
Spain,ESP,2018,346754000000.0
Spain,ESP,2017,319531000000.0
Spain,ESP,2016,289981000000.0
Spain,ESP,2015,282274000000.0
Spain,ESP,2014,324533000000.0
Spain,ESP,2013,317833000000.0
Sri Lanka,LKA,2025,13581000000.0
Sri Lanka,LKA,2024,12772000000.0
Sri Lanka,LKA,2023,11911000000.0
Sri Lanka,LKA,2022,13107000000.0
Sri Lanka,LKA,2021,12499000000.0
Sri Lanka,LKA,2020,10047000000.0
Sri Lanka,LKA,2019,11940000000.0
Sri Lanka,LKA,2018,11890000000.0
Sri Lanka,LKA,2017,11360000000.0
Sri Lanka,LKA,2016,10310000000.0
Sri Lanka,LKA,2015,10547000000.0
Sri Lanka,LKA,2014,11298000000.0
Sri Lanka,LKA,2013,10208000000.0
St. Kitts and Nevis,KNA,2025,34000000.0
St. Kitts and Nevis,KNA,2024,31000000.0
St. Kitts and Nevis,KNA,2023,25000000.0
St. Kitts and Nevis,KNA,2022,29000000.0
St. Kitts and Nevis,KNA,2021,50000000.0
St. Kitts and Nevis,KNA,2020,52000000.0
St. Kitts and Nevis,KNA,2019,58000000.0
St. Kitts and Nevis,KNA,2018,54000000.0
St. Kitts and Nevis,KNA,2017,50000000.0
St. Kitts and Nevis,KNA,2016,51000000.0
St. Kitts and Nevis,KNA,2015,55000000.0
St. Kitts and Nevis,KNA,2014,57000000.0
St. Kitts and Nevis,KNA,2013,56000000.0
St. Lucia,LCA,2025,85000000.0
St. Lucia,LCA,2024,92000000.0
St. Lucia,LCA,2023,80000000.0
St. Lucia,LCA,2022,79000000.0
St. Lucia,LCA,2021,59000000.0
St. Lucia,LCA,2020,55000000.0
St. Lucia,LCA,2019,82000000.0
St. Lucia,LCA,2018,62000000.0
St. Lucia,LCA,2017,127000000.0
St. Lucia,LCA,2016,120000000.0
St. Lucia,LCA,2015,180000000.0
St. Lucia,LCA,2014,161000000.0
St. Lucia,LCA,2013,174000000.0
St. Martin (French part),MAF,2025,
St. Martin (French part),MAF,2024,
St. Martin (French part),MAF,2023,
St. Martin (French part),MAF,2022,
St. Martin (French part),MAF,2021,139000000.0
St. Martin (French part),MAF,2020,134000000.0
St. Martin (French part),MAF,2019,181000000.0
St. Martin (French part),MAF,2018,148000000.0
St. Martin (French part),MAF,2017,123000000.0
St. Martin (French part),MAF,2016,132000000.0
St. Martin (French part),MAF,2015,129000000.0
St. Martin (French part),MAF,2014,132000000.0
St. Martin (French part),MAF,2013,164000000.0
St. Vincent and the Grenadines,VCT,2025,37000000.0
St. Vincent and the Grenadines,VCT,2024,57000000.0
St. Vincent and the Grenadines,VCT,2023,41000000.0
St. Vincent and the Grenadines,VCT,2022,46000000.0
St. Vincent and the Grenadines,VCT,2021,35000000.0
St. Vincent and the Grenadines,VCT,2020,55000000.0
St. Vincent and the Grenadines,VCT,2019,39000000.0
St. Vincent and the Grenadines,VCT,2018,44000000.0
St. Vincent and the Grenadines,VCT,2017,42000000.0
St. Vincent and the Grenadines,VCT,2016,47000000.0
St. Vincent and the Grenadines,VCT,2015,46000000.0
St. Vincent and the Grenadines,VCT,2014,48000000.0
St. Vincent and the Grenadines,VCT,2013,49000000.0
Sudan,SDN,2025,2800000000.0
Sudan,SDN,2024,3134000000.0
Sudan,SDN,2023,3628000000.0
Sudan,SDN,2022,4357000000.0
Sudan,SDN,2021,5027000000.0
Sudan,SDN,2020,3803000000.0
Sudan,SDN,2019,3735000000.0
Sudan,SDN,2018,3478000000.0
Sudan,SDN,2017,4100000000.0
Sudan,SDN,2016,3094000000.0
Sudan,SDN,2015,3169000000.0
Sudan,SDN,2014,4350000000.0
Sudan,SDN,2013,4790000000.0
Suriname,SUR,2025,2690000000.0
Suriname,SUR,2024,1484000000.0
Suriname,SUR,2023,2311000000.0
Suriname,SUR,2022,2836000000.0
Suriname,SUR,2021,2291000000.0
Suriname,SUR,2020,2193000000.0
Suriname,SUR,2019,2155000000.0
Suriname,SUR,2018,2180000000.0
Suriname,SUR,2017,1992000000.0
Suriname,SUR,2016,1439000000.0
Suriname,SUR,2015,1652000000.0
Suriname,SUR,2014,2113000000.0
Suriname,SUR,2013,2416000000.0
Sweden,SWE,2025,208332000000.0
Sweden,SWE,2024,195663000000.0
Sweden,SWE,2023,197469000000.0
Sweden,SWE,2022,197736000000.0
Sweden,SWE,2021,189524000000.0
Sweden,SWE,2020,155496000000.0
Sweden,SWE,2019,160576000000.0
Sweden,SWE,2018,165968000000.0
Sweden,SWE,2017,152920000000.0
Sweden,SWE,2016,139290000000.0
Sweden,SWE,2015,140023000000.0
Sweden,SWE,2014,164645000000.0
Sweden,SWE,2013,167550000000.0
Switzerland,CHE,2025,554160000000.0
Switzerland,CHE,2024,447308000000.0
Switzerland,CHE,2023,419982000000.0
Switzerland,CHE,2022,400693000000.0
Switzerland,CHE,2021,380194000000.0
Switzerland,CHE,2020,319318000000.0
Switzerland,CHE,2019,313934000000.0
Switzerland,CHE,2018,310749000000.0
Switzerland,CHE,2017,299603000000.0
Switzerland,CHE,2016,302900000000.0
Switzerland,CHE,2015,289720000000.0
Switzerland,CHE,2014,311204000000.0
Switzerland,CHE,2013,357852000000.0
Syrian Arab Republic,SYR,2025,3385000000.0
Syrian Arab Republic,SYR,2024,3325000000.0
Syrian Arab Republic,SYR,2023,3231000000.0
Syrian Arab Republic,SYR,2022,1936000000.0
Syrian Arab Republic,SYR,2021,1823000000.0
Syrian Arab Republic,SYR,2020,2727000000.0
Syrian Arab Republic,SYR,2019,2609000000.0
Syrian Arab Republic,SYR,2018,2400000000.0
Syrian Arab Republic,SYR,2017,2555000000.0
Syrian Arab Republic,SYR,2016,2377000000.0
Syrian Arab Republic,SYR,2015,2357000000.0
Syrian Arab Republic,SYR,2014,1162000000.0
Syrian Arab Republic,SYR,2013,1709000000.0
Tajikistan,TJK,2025,2489000000.0
Tajikistan,TJK,2024,1947000000.0
Tajikistan,TJK,2023,2449000000.0
Tajikistan,TJK,2022,2142000000.0
Tajikistan,TJK,2021,2150000000.0
Tajikistan,TJK,2020,1407000000.0
Tajikistan,TJK,2019,1174000000.0
Tajikistan,TJK,2018,1073000000.0
Tajikistan,TJK,2017,1198000000.0
Tajikistan,TJK,2016,899000000.0
Tajikistan,TJK,2015,891000000.0
Tajikistan,TJK,2014,977000000.0
Tajikistan,TJK,2013,1162000000.0
Tanzania,TZA,2025,9956000000.0
Tanzania,TZA,2024,8702000000.0
Tanzania,TZA,2023,7275000000.0
Tanzania,TZA,2022,6825000000.0
Tanzania,TZA,2021,6391000000.0
Tanzania,TZA,2020,6061000000.0
Tanzania,TZA,2019,5005000000.0
Tanzania,TZA,2018,4041000000.0
Tanzania,TZA,2017,4113000000.0
Tanzania,TZA,2016,4500000000.0
Tanzania,TZA,2015,4834000000.0
Tanzania,TZA,2014,4628000000.0
Tanzania,TZA,2013,4559000000.0
Thailand,THA,2025,339635000000.0
Thailand,THA,2024,300740000000.0
Thailand,THA,2023,285074000000.0
Thailand,THA,2022,287425000000.0
Thailand,THA,2021,272006000000.0
Thailand,THA,2020,231634000000.0
Thailand,THA,2019,246269000000.0
Thailand,THA,2018,252957000000.0
Thailand,THA,2017,236635000000.0
Thailand,THA,2016,215388000000.0
Thailand,THA,2015,214310000000.0
Thailand,THA,2014,227462000000.0
Thailand,THA,2013,228505000000.0
Timor-Leste,TLS,2025,103000000.0
Timor-Leste,TLS,2024,86000000.0
Timor-Leste,TLS,2023,164000000.0
Timor-Leste,TLS,2022,472000000.0
Timor-Leste,TLS,2021,615000000.0
Timor-Leste,TLS,2020,264000000.0
Timor-Leste,TLS,2019,154000000.0
Timor-Leste,TLS,2018,45000000.0
Timor-Leste,TLS,2017,23000000.0
Timor-Leste,TLS,2016,20000000.0
Timor-Leste,TLS,2015,18000000.0
Timor-Leste,TLS,2014,15000000.0
Timor-Leste,TLS,2013,18000000.0
Togo,TGO,2025,1800000000.0
Togo,TGO,2024,1642000000.0
Togo,TGO,2023,1572000000.0
Togo,TGO,2022,1442000000.0
Togo,TGO,2021,1300000000.0
Togo,TGO,2020,1207000000.0
Togo,TGO,2019,1055000000.0
Togo,TGO,2018,1080000000.0
Togo,TGO,2017,1016000000.0
Togo,TGO,2016,1036000000.0
Togo,TGO,2015,1011000000.0
Togo,TGO,2014,1324000000.0
Togo,TGO,2013,1522000000.0
Tonga,TON,2025,13000000.0
Tonga,TON,2024,9000000.0
Tonga,TON,2023,10000000.0
Tonga,TON,2022,13000000.0
Tonga,TON,2021,16000000.0
Tonga,TON,2020,15000000.0
Tonga,TON,2019,20000000.0
Tonga,TON,2018,13000000.0
Tonga,TON,2017,19000000.0
Tonga,TON,2016,21000000.0
Tonga,TON,2015,18000000.0
Tonga,TON,2014,19000000.0
Tonga,TON,2013,17000000.0
Trinidad and Tobago,TTO,2025,6816000000.0
Trinidad and Tobago,TTO,2024,7899000000.0
Trinidad and Tobago,TTO,2023,7864000000.0
Trinidad and Tobago,TTO,2022,13286000000.0
Trinidad and Tobago,TTO,2021,8620000000.0
Trinidad and Tobago,TTO,2020,5519000000.0
Trinidad and Tobago,TTO,2019,7192000000.0
Trinidad and Tobago,TTO,2018,10532000000.0
Trinidad and Tobago,TTO,2017,8741000000.0
Trinidad and Tobago,TTO,2016,7633000000.0
Trinidad and Tobago,TTO,2015,10748000000.0
Trinidad and Tobago,TTO,2014,14530000000.0
Trinidad and Tobago,TTO,2013,18745000000.0
Tunisia,TUN,2025,21293000000.0
Tunisia,TUN,2024,19972000000.0
Tunisia,TUN,2023,19985000000.0
Tunisia,TUN,2022,18561000000.0
Tunisia,TUN,2021,16689000000.0
Tunisia,TUN,2020,13799000000.0
Tunisia,TUN,2019,14933000000.0
Tunisia,TUN,2018,15535000000.0
Tunisia,TUN,2017,14204000000.0
Tunisia,TUN,2016,13572000000.0
Tunisia,TUN,2015,14073000000.0
Tunisia,TUN,2014,16756000000.0
Tunisia,TUN,2013,17061000000.0
Turkiye,TUR,2025,273361000000.0
Turkiye,TUR,2024,261778000000.0
Turkiye,TUR,2023,255627000000.0
Turkiye,TUR,2022,254170000000.0
Turkiye,TUR,2021,225214000000.0
Turkiye,TUR,2020,169638000000.0
Turkiye,TUR,2019,180833000000.0
Turkiye,TUR,2018,177169000000.0
Turkiye,TUR,2017,164495000000.0
Turkiye,TUR,2016,149247000000.0
Turkiye,TUR,2015,150982000000.0
Turkiye,TUR,2014,166505000000.0
Turkiye,TUR,2013,161481000000.0
Turkmenistan,TKM,2025,15561000000.0
Turkmenistan,TKM,2024,14974000000.0
Turkmenistan,TKM,2023,16164000000.0
Turkmenistan,TKM,2022,13550000000.0
Turkmenistan,TKM,2021,9445000000.0
Turkmenistan,TKM,2020,6477000000.0
Turkmenistan,TKM,2019,10622000000.0
Turkmenistan,TKM,2018,9706000000.0
Turkmenistan,TKM,2017,7458000000.0
Turkmenistan,TKM,2016,6964000000.0
Turkmenistan,TKM,2015,10000000000.0
Turkmenistan,TKM,2014,17500000000.0
Turkmenistan,TKM,2013,16800000000.0
Turks and Caicos Islands,TCA,2025,5000000.0
Turks and Caicos Islands,TCA,2024,5000000.0
Turks and Caicos Islands,TCA,2023,4000000.0
Turks and Caicos Islands,TCA,2022,5000000.0
Turks and Caicos Islands,TCA,2021,4000000.0
Turks and Caicos Islands,TCA,2020,3000000.0
Turks and Caicos Islands,TCA,2019,3000000.0
Turks and Caicos Islands,TCA,2018,4000000.0
Turks and Caicos Islands,TCA,2017,4000000.0
Turks and Caicos Islands,TCA,2016,4000000.0
Turks and Caicos Islands,TCA,2015,5000000.0
Turks and Caicos Islands,TCA,2014,6000000.0
Turks and Caicos Islands,TCA,2013,
Tuvalu,TUV,2025,0.0
Tuvalu,TUV,2024,0.0
Tuvalu,TUV,2023,0.0
Tuvalu,TUV,2022,0.0
Tuvalu,TUV,2021,0.0
Tuvalu,TUV,2020,0.0
Tuvalu,TUV,2019,0.0
Tuvalu,TUV,2018,0.0
Tuvalu,TUV,2017,0.0
Tuvalu,TUV,2016,0.0
Tuvalu,TUV,2015,0.0
Tuvalu,TUV,2014,0.0
Tuvalu,TUV,2013,0.0
Uganda,UGA,2025,12500000000.0
Uganda,UGA,2024,8039000000.0
Uganda,UGA,2023,6305000000.0
Uganda,UGA,2022,3577000000.0
Uganda,UGA,2021,3965000000.0
Uganda,UGA,2020,4149000000.0
Uganda,UGA,2019,3564000000.0
Uganda,UGA,2018,3087000000.0
Uganda,UGA,2017,2901000000.0
Uganda,UGA,2016,2482000000.0
Uganda,UGA,2015,2267000000.0
Uganda,UGA,2014,2262000000.0
Uganda,UGA,2013,2408000000.0
Ukraine,UKR,2025,40368000000.0
Ukraine,UKR,2024,41732000000.0
Ukraine,UKR,2023,37585000000.0
Ukraine,UKR,2022,44134000000.0
Ukraine,UKR,2021,68073000000.0
Ukraine,UKR,2020,49192000000.0
Ukraine,UKR,2019,50054000000.0
Ukraine,UKR,2018,47336000000.0
Ukraine,UKR,2017,43265000000.0
Ukraine,UKR,2016,36360000000.0
Ukraine,UKR,2015,38127000000.0
Ukraine,UKR,2014,53901000000.0
Ukraine,UKR,2013,64338000000.0
United Arab Emirates,ARE,2025,706671000000.0
United Arab Emirates,ARE,2024,605580000000.0
United Arab Emirates,ARE,2023,570245000000.0
United Arab Emirates,ARE,2022,515621000000.0
United Arab Emirates,ARE,2021,425160000000.0
United Arab Emirates,ARE,2020,335297000000.0
United Arab Emirates,ARE,2019,389428000000.0
United Arab Emirates,ARE,2018,387964000000.0
United Arab Emirates,ARE,2017,313603000000.0
United Arab Emirates,ARE,2016,295031000000.0
United Arab Emirates,ARE,2015,300477000000.0
United Arab Emirates,ARE,2014,343036000000.0
United Arab Emirates,ARE,2013,374214000000.0
United Kingdom,GBR,2025,555829000000.0
United Kingdom,GBR,2024,524286000000.0
United Kingdom,GBR,2023,525016000000.0
United Kingdom,GBR,2022,546151000000.0
United Kingdom,GBR,2021,472147000000.0
United Kingdom,GBR,2020,399529000000.0
United Kingdom,GBR,2019,460026000000.0
United Kingdom,GBR,2018,486439000000.0
United Kingdom,GBR,2017,440997000000.0
United Kingdom,GBR,2016,410856000000.0
United Kingdom,GBR,2015,465850000000.0
United Kingdom,GBR,2014,510789000000.0
United Kingdom,GBR,2013,546755000000.0
United States,USA,2025,2185220000000.0
United States,USA,2024,2061691000000.0
United States,USA,2023,2018059000000.0
United States,USA,2022,2065157000000.0
United States,USA,2021,1754300000000.0
United States,USA,2020,1424935000000.0
United States,USA,2019,1643161000000.0
United States,USA,2018,1663982000000.0
United States,USA,2017,1546273000000.0
United States,USA,2016,1451011000000.0
United States,USA,2015,1502572000000.0
United States,USA,2014,1620532000000.0
United States,USA,2013,1579593000000.0
Uruguay,URY,2025,11230000000.0
Uruguay,URY,2024,10253000000.0
Uruguay,URY,2023,9220000000.0
Uruguay,URY,2022,11184000000.0
Uruguay,URY,2021,9535000000.0
Uruguay,URY,2020,6864000000.0
Uruguay,URY,2019,7680000000.0
Uruguay,URY,2018,7498000000.0
Uruguay,URY,2017,7888000000.0
Uruguay,URY,2016,7043000000.0
Uruguay,URY,2015,7688000000.0
Uruguay,URY,2014,9132000000.0
Uruguay,URY,2013,9067000000.0
Uzbekistan,UZB,2025,23654000000.0
Uzbekistan,UZB,2024,19698000000.0
Uzbekistan,UZB,2023,19229000000.0
Uzbekistan,UZB,2022,15276000000.0
Uzbekistan,UZB,2021,14081000000.0
Uzbekistan,UZB,2020,13097000000.0
Uzbekistan,UZB,2019,14930000000.0
Uzbekistan,UZB,2018,10921000000.0
Uzbekistan,UZB,2017,10079000000.0
Uzbekistan,UZB,2016,8974000000.0
Uzbekistan,UZB,2015,9443000000.0
Uzbekistan,UZB,2014,11500000000.0
Uzbekistan,UZB,2013,12000000000.0
Vanuatu,VUT,2025,78000000.0
Vanuatu,VUT,2024,75000000.0
Vanuatu,VUT,2023,60000000.0
Vanuatu,VUT,2022,50000000.0
Vanuatu,VUT,2021,54000000.0
Vanuatu,VUT,2020,46000000.0
Vanuatu,VUT,2019,56000000.0
Vanuatu,VUT,2018,61000000.0
Vanuatu,VUT,2017,47000000.0
Vanuatu,VUT,2016,50000000.0
Vanuatu,VUT,2015,39000000.0
Vanuatu,VUT,2014,63000000.0
Vanuatu,VUT,2013,39000000.0
"Venezuela, RB",VEN,2025,8600000000.0
"Venezuela, RB",VEN,2024,14365000000.0
"Venezuela, RB",VEN,2023,7815000000.0
"Venezuela, RB",VEN,2022,4765000000.0
"Venezuela, RB",VEN,2021,3535000000.0
"Venezuela, RB",VEN,2020,5010000000.0
"Venezuela, RB",VEN,2019,17210000000.0
"Venezuela, RB",VEN,2018,34440000000.0
"Venezuela, RB",VEN,2017,31960000000.0
"Venezuela, RB",VEN,2016,26696000000.0
"Venezuela, RB",VEN,2015,37309000000.0
"Venezuela, RB",VEN,2014,74714000000.0
"Venezuela, RB",VEN,2013,88753000000.0
Viet Nam,VNM,2025,472929000000.0
Viet Nam,VNM,2024,404824000000.0
Viet Nam,VNM,2023,353782000000.0
Viet Nam,VNM,2022,371288000000.0
Viet Nam,VNM,2021,335978000000.0
Viet Nam,VNM,2020,282629000000.0
Viet Nam,VNM,2019,264268000000.0
Viet Nam,VNM,2018,243699000000.0
Viet Nam,VNM,2017,215014000000.0
Viet Nam,VNM,2016,176581000000.0
Viet Nam,VNM,2015,162065000000.0
Viet Nam,VNM,2014,150217000000.0
Viet Nam,VNM,2013,132033000000.0
Virgin Islands (U.S.),VIR,2025,
Virgin Islands (U.S.),VIR,2024,
Virgin Islands (U.S.),VIR,2023,
Virgin Islands (U.S.),VIR,2022,
Virgin Islands (U.S.),VIR,2021,
Virgin Islands (U.S.),VIR,2020,
Virgin Islands (U.S.),VIR,2019,
Virgin Islands (U.S.),VIR,2018,
Virgin Islands (U.S.),VIR,2017,
Virgin Islands (U.S.),VIR,2016,
Virgin Islands (U.S.),VIR,2015,
Virgin Islands (U.S.),VIR,2014,
Virgin Islands (U.S.),VIR,2013,
West Bank and Gaza,PSE,2025,
West Bank and Gaza,PSE,2024,
West Bank and Gaza,PSE,2023,
West Bank and Gaza,PSE,2022,
West Bank and Gaza,PSE,2021,
West Bank and Gaza,PSE,2020,
West Bank and Gaza,PSE,2019,
West Bank and Gaza,PSE,2018,
West Bank and Gaza,PSE,2017,
West Bank and Gaza,PSE,2016,
West Bank and Gaza,PSE,2015,
West Bank and Gaza,PSE,2014,
West Bank and Gaza,PSE,2013,
"Yemen, Rep.",YEM,2025,196000000.0
"Yemen, Rep.",YEM,2024,229000000.0
"Yemen, Rep.",YEM,2023,249000000.0
"Yemen, Rep.",YEM,2022,689000000.0
"Yemen, Rep.",YEM,2021,662000000.0
"Yemen, Rep.",YEM,2020,404000000.0
"Yemen, Rep.",YEM,2019,652000000.0
"Yemen, Rep.",YEM,2018,570000000.0
"Yemen, Rep.",YEM,2017,418000000.0
"Yemen, Rep.",YEM,2016,411000000.0
"Yemen, Rep.",YEM,2015,510000000.0
"Yemen, Rep.",YEM,2014,2417000000.0
"Yemen, Rep.",YEM,2013,7130000000.0
Zambia,ZMB,2025,13314000000.0
Zambia,ZMB,2024,11276000000.0
Zambia,ZMB,2023,10431000000.0
Zambia,ZMB,2022,11643000000.0
Zambia,ZMB,2021,11013000000.0
Zambia,ZMB,2020,7924000000.0
Zambia,ZMB,2019,7039000000.0
Zambia,ZMB,2018,9034000000.0
Zambia,ZMB,2017,8000000000.0
Zambia,ZMB,2016,6372000000.0
Zambia,ZMB,2015,6607000000.0
Zambia,ZMB,2014,9694000000.0
Zambia,ZMB,2013,10607000000.0
Zimbabwe,ZWE,2025,9707000000.0
Zimbabwe,ZWE,2024,7432000000.0
Zimbabwe,ZWE,2023,7225000000.0
Zimbabwe,ZWE,2022,6586000000.0
Zimbabwe,ZWE,2021,6036000000.0
Zimbabwe,ZWE,2020,4395000000.0
Zimbabwe,ZWE,2019,4269000000.0
Zimbabwe,ZWE,2018,4057000000.0
Zimbabwe,ZWE,2017,3481000000.0
Zimbabwe,ZWE,2016,3335000000.0
Zimbabwe,ZWE,2015,3248000000.0
Zimbabwe,ZWE,2014,3866000000.0
Zimbabwe,ZWE,2013,3907000000.0
