country_name,iso3,year,official_exchange_rate_lcu_per_usd
Africa Eastern and Southern,AFE,2025,
Africa Eastern and Southern,AFE,2024,
Africa Eastern and Southern,AFE,2023,
Africa Eastern and Southern,AFE,2022,
Africa Eastern and Southern,AFE,2021,
Africa Eastern and Southern,AFE,2020,
Africa Eastern and Southern,AFE,2019,
Africa Eastern and Southern,AFE,2018,
Africa Eastern and Southern,AFE,2017,
Africa Eastern and Southern,AFE,2016,
Africa Eastern and Southern,AFE,2015,
Africa Eastern and Southern,AFE,2014,
Africa Eastern and Southern,AFE,2013,
Africa Western and Central,AFW,2025,
Africa Western and Central,AFW,2024,
Africa Western and Central,AFW,2023,
Africa Western and Central,AFW,2022,
Africa Western and Central,AFW,2021,
Africa Western and Central,AFW,2020,
Africa Western and Central,AFW,2019,
Africa Western and Central,AFW,2018,
Africa Western and Central,AFW,2017,
Africa Western and Central,AFW,2016,
Africa Western and Central,AFW,2015,
Africa Western and Central,AFW,2014,
Africa Western and Central,AFW,2013,
Arab World,ARB,2025,
Arab World,ARB,2024,
Arab World,ARB,2023,
Arab World,ARB,2022,
Arab World,ARB,2021,
Arab World,ARB,2020,
Arab World,ARB,2019,
Arab World,ARB,2018,
Arab World,ARB,2017,
Arab World,ARB,2016,
Arab World,ARB,2015,
Arab World,ARB,2014,
Arab World,ARB,2013,
Caribbean small states,CSS,2025,
Caribbean small states,CSS,2024,
Caribbean small states,CSS,2023,
Caribbean small states,CSS,2022,
Caribbean small states,CSS,2021,
Caribbean small states,CSS,2020,
Caribbean small states,CSS,2019,
Caribbean small states,CSS,2018,
Caribbean small states,CSS,2017,
Caribbean small states,CSS,2016,
Caribbean small states,CSS,2015,
Caribbean small states,CSS,2014,
Caribbean small states,CSS,2013,
Central Europe and the Baltics,CEB,2025,
Central Europe and the Baltics,CEB,2024,
Central Europe and the Baltics,CEB,2023,
Central Europe and the Baltics,CEB,2022,
Central Europe and the Baltics,CEB,2021,
Central Europe and the Baltics,CEB,2020,
Central Europe and the Baltics,CEB,2019,
Central Europe and the Baltics,CEB,2018,
Central Europe and the Baltics,CEB,2017,
Central Europe and the Baltics,CEB,2016,
Central Europe and the Baltics,CEB,2015,
Central Europe and the Baltics,CEB,2014,
Central Europe and the Baltics,CEB,2013,
Early-demographic dividend,EAR,2025,
Early-demographic dividend,EAR,2024,
Early-demographic dividend,EAR,2023,
Early-demographic dividend,EAR,2022,
Early-demographic dividend,EAR,2021,
Early-demographic dividend,EAR,2020,
Early-demographic dividend,EAR,2019,
Early-demographic dividend,EAR,2018,
Early-demographic dividend,EAR,2017,
Early-demographic dividend,EAR,2016,
Early-demographic dividend,EAR,2015,
Early-demographic dividend,EAR,2014,
Early-demographic dividend,EAR,2013,
East Asia & Pacific,EAS,2025,
East Asia & Pacific,EAS,2024,
East Asia & Pacific,EAS,2023,
East Asia & Pacific,EAS,2022,
East Asia & Pacific,EAS,2021,
East Asia & Pacific,EAS,2020,
East Asia & Pacific,EAS,2019,
East Asia & Pacific,EAS,2018,
East Asia & Pacific,EAS,2017,
East Asia & Pacific,EAS,2016,
East Asia & Pacific,EAS,2015,
East Asia & Pacific,EAS,2014,
East Asia & Pacific,EAS,2013,
East Asia & Pacific (excluding high income),EAP,2025,
East Asia & Pacific (excluding high income),EAP,2024,
East Asia & Pacific (excluding high income),EAP,2023,
East Asia & Pacific (excluding high income),EAP,2022,
East Asia & Pacific (excluding high income),EAP,2021,
East Asia & Pacific (excluding high income),EAP,2020,
East Asia & Pacific (excluding high income),EAP,2019,
East Asia & Pacific (excluding high income),EAP,2018,
East Asia & Pacific (excluding high income),EAP,2017,
East Asia & Pacific (excluding high income),EAP,2016,
East Asia & Pacific (excluding high income),EAP,2015,
East Asia & Pacific (excluding high income),EAP,2014,
East Asia & Pacific (excluding high income),EAP,2013,
East Asia & Pacific (IDA & IBRD countries),TEA,2025,
East Asia & Pacific (IDA & IBRD countries),TEA,2024,
East Asia & Pacific (IDA & IBRD countries),TEA,2023,
East Asia & Pacific (IDA & IBRD countries),TEA,2022,
East Asia & Pacific (IDA & IBRD countries),TEA,2021,
East Asia & Pacific (IDA & IBRD countries),TEA,2020,
East Asia & Pacific (IDA & IBRD countries),TEA,2019,
East Asia & Pacific (IDA & IBRD countries),TEA,2018,
East Asia & Pacific (IDA & IBRD countries),TEA,2017,
East Asia & Pacific (IDA & IBRD countries),TEA,2016,
East Asia & Pacific (IDA & IBRD countries),TEA,2015,
East Asia & Pacific (IDA & IBRD countries),TEA,2014,
East Asia & Pacific (IDA & IBRD countries),TEA,2013,
Euro area,EMU,2025,0.88496895841236
Euro area,EMU,2024,0.923889546117607
Euro area,EMU,2023,0.924839558470698
Euro area,EMU,2022,0.949623753156941
Euro area,EMU,2021,0.84549413889045
Euro area,EMU,2020,0.875506396987998
Euro area,EMU,2019,0.893276257067409
Euro area,EMU,2018,0.846772667108111
Euro area,EMU,2017,0.885205508269372
Euro area,EMU,2016,0.903421436257263
Euro area,EMU,2015,0.901296423367096
Euro area,EMU,2014,0.752728196932603
Euro area,EMU,2013,0.752945122701996
Europe & Central Asia,ECS,2025,
Europe & Central Asia,ECS,2024,
Europe & Central Asia,ECS,2023,
Europe & Central Asia,ECS,2022,
Europe & Central Asia,ECS,2021,
Europe & Central Asia,ECS,2020,
Europe & Central Asia,ECS,2019,
Europe & Central Asia,ECS,2018,
Europe & Central Asia,ECS,2017,
Europe & Central Asia,ECS,2016,
Europe & Central Asia,ECS,2015,
Europe & Central Asia,ECS,2014,
Europe & Central Asia,ECS,2013,
Europe & Central Asia (excluding high income),ECA,2025,
Europe & Central Asia (excluding high income),ECA,2024,
Europe & Central Asia (excluding high income),ECA,2023,
Europe & Central Asia (excluding high income),ECA,2022,
Europe & Central Asia (excluding high income),ECA,2021,
Europe & Central Asia (excluding high income),ECA,2020,
Europe & Central Asia (excluding high income),ECA,2019,
Europe & Central Asia (excluding high income),ECA,2018,
Europe & Central Asia (excluding high income),ECA,2017,
Europe & Central Asia (excluding high income),ECA,2016,
Europe & Central Asia (excluding high income),ECA,2015,
Europe & Central Asia (excluding high income),ECA,2014,
Europe & Central Asia (excluding high income),ECA,2013,
Europe & Central Asia (IDA & IBRD countries),TEC,2025,
Europe & Central Asia (IDA & IBRD countries),TEC,2024,
Europe & Central Asia (IDA & IBRD countries),TEC,2023,
Europe & Central Asia (IDA & IBRD countries),TEC,2022,
Europe & Central Asia (IDA & IBRD countries),TEC,2021,
Europe & Central Asia (IDA & IBRD countries),TEC,2020,
Europe & Central Asia (IDA & IBRD countries),TEC,2019,
Europe & Central Asia (IDA & IBRD countries),TEC,2018,
Europe & Central Asia (IDA & IBRD countries),TEC,2017,
Europe & Central Asia (IDA & IBRD countries),TEC,2016,
Europe & Central Asia (IDA & IBRD countries),TEC,2015,
Europe & Central Asia (IDA & IBRD countries),TEC,2014,
Europe & Central Asia (IDA & IBRD countries),TEC,2013,
European Union,EUU,2025,
European Union,EUU,2024,
European Union,EUU,2023,
European Union,EUU,2022,
European Union,EUU,2021,
European Union,EUU,2020,
European Union,EUU,2019,
European Union,EUU,2018,
European Union,EUU,2017,
European Union,EUU,2016,
European Union,EUU,2015,
European Union,EUU,2014,
European Union,EUU,2013,
Heavily indebted poor countries (HIPC),HPC,2025,
Heavily indebted poor countries (HIPC),HPC,2024,
Heavily indebted poor countries (HIPC),HPC,2023,
Heavily indebted poor countries (HIPC),HPC,2022,
Heavily indebted poor countries (HIPC),HPC,2021,
Heavily indebted poor countries (HIPC),HPC,2020,
Heavily indebted poor countries (HIPC),HPC,2019,
Heavily indebted poor countries (HIPC),HPC,2018,
Heavily indebted poor countries (HIPC),HPC,2017,
Heavily indebted poor countries (HIPC),HPC,2016,
Heavily indebted poor countries (HIPC),HPC,2015,
Heavily indebted poor countries (HIPC),HPC,2014,
Heavily indebted poor countries (HIPC),HPC,2013,
IBRD only,IBD,2025,
IBRD only,IBD,2024,
IBRD only,IBD,2023,
IBRD only,IBD,2022,
IBRD only,IBD,2021,
IBRD only,IBD,2020,
IBRD only,IBD,2019,
IBRD only,IBD,2018,
IBRD only,IBD,2017,
IBRD only,IBD,2016,
IBRD only,IBD,2015,
IBRD only,IBD,2014,
IBRD only,IBD,2013,
IDA & IBRD total,IBT,2025,
IDA & IBRD total,IBT,2024,
IDA & IBRD total,IBT,2023,
IDA & IBRD total,IBT,2022,
IDA & IBRD total,IBT,2021,
IDA & IBRD total,IBT,2020,
IDA & IBRD total,IBT,2019,
IDA & IBRD total,IBT,2018,
IDA & IBRD total,IBT,2017,
IDA & IBRD total,IBT,2016,
IDA & IBRD total,IBT,2015,
IDA & IBRD total,IBT,2014,
IDA & IBRD total,IBT,2013,
IDA blend,IDB,2025,
IDA blend,IDB,2024,
IDA blend,IDB,2023,
IDA blend,IDB,2022,
IDA blend,IDB,2021,
IDA blend,IDB,2020,
IDA blend,IDB,2019,
IDA blend,IDB,2018,
IDA blend,IDB,2017,
IDA blend,IDB,2016,
IDA blend,IDB,2015,
IDA blend,IDB,2014,
IDA blend,IDB,2013,
IDA only,IDX,2025,
IDA only,IDX,2024,
IDA only,IDX,2023,
IDA only,IDX,2022,
IDA only,IDX,2021,
IDA only,IDX,2020,
IDA only,IDX,2019,
IDA only,IDX,2018,
IDA only,IDX,2017,
IDA only,IDX,2016,
IDA only,IDX,2015,
IDA only,IDX,2014,
IDA only,IDX,2013,
IDA total,IDA,2025,
IDA total,IDA,2024,
IDA total,IDA,2023,
IDA total,IDA,2022,
IDA total,IDA,2021,
IDA total,IDA,2020,
IDA total,IDA,2019,
IDA total,IDA,2018,
IDA total,IDA,2017,
IDA total,IDA,2016,
IDA total,IDA,2015,
IDA total,IDA,2014,
IDA total,IDA,2013,
Late-demographic dividend,LTE,2025,
Late-demographic dividend,LTE,2024,
Late-demographic dividend,LTE,2023,
Late-demographic dividend,LTE,2022,
Late-demographic dividend,LTE,2021,
Late-demographic dividend,LTE,2020,
Late-demographic dividend,LTE,2019,
Late-demographic dividend,LTE,2018,
Late-demographic dividend,LTE,2017,
Late-demographic dividend,LTE,2016,
Late-demographic dividend,LTE,2015,
Late-demographic dividend,LTE,2014,
Late-demographic dividend,LTE,2013,
Latin America & Caribbean,LCN,2025,
Latin America & Caribbean,LCN,2024,
Latin America & Caribbean,LCN,2023,
Latin America & Caribbean,LCN,2022,
Latin America & Caribbean,LCN,2021,
Latin America & Caribbean,LCN,2020,
Latin America & Caribbean,LCN,2019,
Latin America & Caribbean,LCN,2018,
Latin America & Caribbean,LCN,2017,
Latin America & Caribbean,LCN,2016,
Latin America & Caribbean,LCN,2015,
Latin America & Caribbean,LCN,2014,
Latin America & Caribbean,LCN,2013,
Latin America & Caribbean (excluding high income),LAC,2025,
Latin America & Caribbean (excluding high income),LAC,2024,
Latin America & Caribbean (excluding high income),LAC,2023,
Latin America & Caribbean (excluding high income),LAC,2022,
Latin America & Caribbean (excluding high income),LAC,2021,
Latin America & Caribbean (excluding high income),LAC,2020,
Latin America & Caribbean (excluding high income),LAC,2019,
Latin America & Caribbean (excluding high income),LAC,2018,
Latin America & Caribbean (excluding high income),LAC,2017,
Latin America & Caribbean (excluding high income),LAC,2016,
Latin America & Caribbean (excluding high income),LAC,2015,
Latin America & Caribbean (excluding high income),LAC,2014,
Latin America & Caribbean (excluding high income),LAC,2013,
Latin America & the Caribbean (IDA & IBRD countries),TLA,2025,
Latin America & the Caribbean (IDA & IBRD countries),TLA,2024,
Latin America & the Caribbean (IDA & IBRD countries),TLA,2023,
Latin America & the Caribbean (IDA & IBRD countries),TLA,2022,
Latin America & the Caribbean (IDA & IBRD countries),TLA,2021,
Latin America & the Caribbean (IDA & IBRD countries),TLA,2020,
Latin America & the Caribbean (IDA & IBRD countries),TLA,2019,
Latin America & the Caribbean (IDA & IBRD countries),TLA,2018,
Latin America & the Caribbean (IDA & IBRD countries),TLA,2017,
Latin America & the Caribbean (IDA & IBRD countries),TLA,2016,
Latin America & the Caribbean (IDA & IBRD countries),TLA,2015,
Latin America & the Caribbean (IDA & IBRD countries),TLA,2014,
Latin America & the Caribbean (IDA & IBRD countries),TLA,2013,
Least developed countries: UN classification,LDC,2025,
Least developed countries: UN classification,LDC,2024,
Least developed countries: UN classification,LDC,2023,
Least developed countries: UN classification,LDC,2022,
Least developed countries: UN classification,LDC,2021,
Least developed countries: UN classification,LDC,2020,
Least developed countries: UN classification,LDC,2019,
Least developed countries: UN classification,LDC,2018,
Least developed countries: UN classification,LDC,2017,
Least developed countries: UN classification,LDC,2016,
Least developed countries: UN classification,LDC,2015,
Least developed countries: UN classification,LDC,2014,
Least developed countries: UN classification,LDC,2013,
Low & middle income,LMY,2025,
Low & middle income,LMY,2024,
Low & middle income,LMY,2023,
Low & middle income,LMY,2022,
Low & middle income,LMY,2021,
Low & middle income,LMY,2020,
Low & middle income,LMY,2019,
Low & middle income,LMY,2018,
Low & middle income,LMY,2017,
Low & middle income,LMY,2016,
Low & middle income,LMY,2015,
Low & middle income,LMY,2014,
Low & middle income,LMY,2013,
"Middle East, North Africa, Afghanistan & Pakistan",MEA,2025,
"Middle East, North Africa, Afghanistan & Pakistan",MEA,2024,
"Middle East, North Africa, Afghanistan & Pakistan",MEA,2023,
"Middle East, North Africa, Afghanistan & Pakistan",MEA,2022,
"Middle East, North Africa, Afghanistan & Pakistan",MEA,2021,
"Middle East, North Africa, Afghanistan & Pakistan",MEA,2020,
"Middle East, North Africa, Afghanistan & Pakistan",MEA,2019,
"Middle East, North Africa, Afghanistan & Pakistan",MEA,2018,
"Middle East, North Africa, Afghanistan & Pakistan",MEA,2017,
"Middle East, North Africa, Afghanistan & Pakistan",MEA,2016,
"Middle East, North Africa, Afghanistan & Pakistan",MEA,2015,
"Middle East, North Africa, Afghanistan & Pakistan",MEA,2014,
"Middle East, North Africa, Afghanistan & Pakistan",MEA,2013,
"Middle East, North Africa, Afghanistan & Pakistan (excluding high income)",MNA,2025,
"Middle East, North Africa, Afghanistan & Pakistan (excluding high income)",MNA,2024,
"Middle East, North Africa, Afghanistan & Pakistan (excluding high income)",MNA,2023,
"Middle East, North Africa, Afghanistan & Pakistan (excluding high income)",MNA,2022,
"Middle East, North Africa, Afghanistan & Pakistan (excluding high income)",MNA,2021,
"Middle East, North Africa, Afghanistan & Pakistan (excluding high income)",MNA,2020,
"Middle East, North Africa, Afghanistan & Pakistan (excluding high income)",MNA,2019,
"Middle East, North Africa, Afghanistan & Pakistan (excluding high income)",MNA,2018,
"Middle East, North Africa, Afghanistan & Pakistan (excluding high income)",MNA,2017,
"Middle East, North Africa, Afghanistan & Pakistan (excluding high income)",MNA,2016,
"Middle East, North Africa, Afghanistan & Pakistan (excluding high income)",MNA,2015,
"Middle East, North Africa, Afghanistan & Pakistan (excluding high income)",MNA,2014,
"Middle East, North Africa, Afghanistan & Pakistan (excluding high income)",MNA,2013,
"Middle East, North Africa, Afghanistan & Pakistan (IDA & IBRD)",TMN,2025,
"Middle East, North Africa, Afghanistan & Pakistan (IDA & IBRD)",TMN,2024,
"Middle East, North Africa, Afghanistan & Pakistan (IDA & IBRD)",TMN,2023,
"Middle East, North Africa, Afghanistan & Pakistan (IDA & IBRD)",TMN,2022,
"Middle East, North Africa, Afghanistan & Pakistan (IDA & IBRD)",TMN,2021,
"Middle East, North Africa, Afghanistan & Pakistan (IDA & IBRD)",TMN,2020,
"Middle East, North Africa, Afghanistan & Pakistan (IDA & IBRD)",TMN,2019,
"Middle East, North Africa, Afghanistan & Pakistan (IDA & IBRD)",TMN,2018,
"Middle East, North Africa, Afghanistan & Pakistan (IDA & IBRD)",TMN,2017,
"Middle East, North Africa, Afghanistan & Pakistan (IDA & IBRD)",TMN,2016,
"Middle East, North Africa, Afghanistan & Pakistan (IDA & IBRD)",TMN,2015,
"Middle East, North Africa, Afghanistan & Pakistan (IDA & IBRD)",TMN,2014,
"Middle East, North Africa, Afghanistan & Pakistan (IDA & IBRD)",TMN,2013,
Middle income,MIC,2025,
Middle income,MIC,2024,
Middle income,MIC,2023,
Middle income,MIC,2022,
Middle income,MIC,2021,
Middle income,MIC,2020,
Middle income,MIC,2019,
Middle income,MIC,2018,
Middle income,MIC,2017,
Middle income,MIC,2016,
Middle income,MIC,2015,
Middle income,MIC,2014,
Middle income,MIC,2013,
North America,NAC,2025,
North America,NAC,2024,
North America,NAC,2023,
North America,NAC,2022,
North America,NAC,2021,
North America,NAC,2020,
North America,NAC,2019,
North America,NAC,2018,
North America,NAC,2017,
North America,NAC,2016,
North America,NAC,2015,
North America,NAC,2014,
North America,NAC,2013,
OECD members,OED,2025,
OECD members,OED,2024,
OECD members,OED,2023,
OECD members,OED,2022,
OECD members,OED,2021,
OECD members,OED,2020,
OECD members,OED,2019,
OECD members,OED,2018,
OECD members,OED,2017,
OECD members,OED,2016,
OECD members,OED,2015,
OECD members,OED,2014,
OECD members,OED,2013,
Other small states,OSS,2025,
Other small states,OSS,2024,
Other small states,OSS,2023,
Other small states,OSS,2022,
Other small states,OSS,2021,
Other small states,OSS,2020,
Other small states,OSS,2019,
Other small states,OSS,2018,
Other small states,OSS,2017,
Other small states,OSS,2016,
Other small states,OSS,2015,
Other small states,OSS,2014,
Other small states,OSS,2013,
Pacific island small states,PSS,2025,
Pacific island small states,PSS,2024,
Pacific island small states,PSS,2023,
Pacific island small states,PSS,2022,
Pacific island small states,PSS,2021,
Pacific island small states,PSS,2020,
Pacific island small states,PSS,2019,
Pacific island small states,PSS,2018,
Pacific island small states,PSS,2017,
Pacific island small states,PSS,2016,
Pacific island small states,PSS,2015,
Pacific island small states,PSS,2014,
Pacific island small states,PSS,2013,
Post-demographic dividend,PST,2025,
Post-demographic dividend,PST,2024,
Post-demographic dividend,PST,2023,
Post-demographic dividend,PST,2022,
Post-demographic dividend,PST,2021,
Post-demographic dividend,PST,2020,
Post-demographic dividend,PST,2019,
Post-demographic dividend,PST,2018,
Post-demographic dividend,PST,2017,
Post-demographic dividend,PST,2016,
Post-demographic dividend,PST,2015,
Post-demographic dividend,PST,2014,
Post-demographic dividend,PST,2013,
Pre-demographic dividend,PRE,2025,
Pre-demographic dividend,PRE,2024,
Pre-demographic dividend,PRE,2023,
Pre-demographic dividend,PRE,2022,
Pre-demographic dividend,PRE,2021,
Pre-demographic dividend,PRE,2020,
Pre-demographic dividend,PRE,2019,
Pre-demographic dividend,PRE,2018,
Pre-demographic dividend,PRE,2017,
Pre-demographic dividend,PRE,2016,
Pre-demographic dividend,PRE,2015,
Pre-demographic dividend,PRE,2014,
Pre-demographic dividend,PRE,2013,
Small states,SST,2025,
Small states,SST,2024,
Small states,SST,2023,
Small states,SST,2022,
Small states,SST,2021,
Small states,SST,2020,
Small states,SST,2019,
Small states,SST,2018,
Small states,SST,2017,
Small states,SST,2016,
Small states,SST,2015,
Small states,SST,2014,
Small states,SST,2013,
South Asia,SAS,2025,
South Asia,SAS,2024,
South Asia,SAS,2023,
South Asia,SAS,2022,
South Asia,SAS,2021,
South Asia,SAS,2020,
South Asia,SAS,2019,
South Asia,SAS,2018,
South Asia,SAS,2017,
South Asia,SAS,2016,
South Asia,SAS,2015,
South Asia,SAS,2014,
South Asia,SAS,2013,
South Asia (IDA & IBRD),TSA,2025,
South Asia (IDA & IBRD),TSA,2024,
South Asia (IDA & IBRD),TSA,2023,
South Asia (IDA & IBRD),TSA,2022,
South Asia (IDA & IBRD),TSA,2021,
South Asia (IDA & IBRD),TSA,2020,
South Asia (IDA & IBRD),TSA,2019,
South Asia (IDA & IBRD),TSA,2018,
South Asia (IDA & IBRD),TSA,2017,
South Asia (IDA & IBRD),TSA,2016,
South Asia (IDA & IBRD),TSA,2015,
South Asia (IDA & IBRD),TSA,2014,
South Asia (IDA & IBRD),TSA,2013,
Sub-Saharan Africa,SSF,2025,
Sub-Saharan Africa,SSF,2024,
Sub-Saharan Africa,SSF,2023,
Sub-Saharan Africa,SSF,2022,
Sub-Saharan Africa,SSF,2021,
Sub-Saharan Africa,SSF,2020,
Sub-Saharan Africa,SSF,2019,
Sub-Saharan Africa,SSF,2018,
Sub-Saharan Africa,SSF,2017,
Sub-Saharan Africa,SSF,2016,
Sub-Saharan Africa,SSF,2015,
Sub-Saharan Africa,SSF,2014,
Sub-Saharan Africa,SSF,2013,
Sub-Saharan Africa (excluding high income),SSA,2025,
Sub-Saharan Africa (excluding high income),SSA,2024,
Sub-Saharan Africa (excluding high income),SSA,2023,
Sub-Saharan Africa (excluding high income),SSA,2022,
Sub-Saharan Africa (excluding high income),SSA,2021,
Sub-Saharan Africa (excluding high income),SSA,2020,
Sub-Saharan Africa (excluding high income),SSA,2019,
Sub-Saharan Africa (excluding high income),SSA,2018,
Sub-Saharan Africa (excluding high income),SSA,2017,
Sub-Saharan Africa (excluding high income),SSA,2016,
Sub-Saharan Africa (excluding high income),SSA,2015,
Sub-Saharan Africa (excluding high income),SSA,2014,
Sub-Saharan Africa (excluding high income),SSA,2013,
Sub-Saharan Africa (IDA & IBRD countries),TSS,2025,
Sub-Saharan Africa (IDA & IBRD countries),TSS,2024,
Sub-Saharan Africa (IDA & IBRD countries),TSS,2023,
Sub-Saharan Africa (IDA & IBRD countries),TSS,2022,
Sub-Saharan Africa (IDA & IBRD countries),TSS,2021,
Sub-Saharan Africa (IDA & IBRD countries),TSS,2020,
Sub-Saharan Africa (IDA & IBRD countries),TSS,2019,
Sub-Saharan Africa (IDA & IBRD countries),TSS,2018,
Sub-Saharan Africa (IDA & IBRD countries),TSS,2017,
Sub-Saharan Africa (IDA & IBRD countries),TSS,2016,
Sub-Saharan Africa (IDA & IBRD countries),TSS,2015,
Sub-Saharan Africa (IDA & IBRD countries),TSS,2014,
Sub-Saharan Africa (IDA & IBRD countries),TSS,2013,
World,WLD,2025,
World,WLD,2024,
World,WLD,2023,
World,WLD,2022,
World,WLD,2021,
World,WLD,2020,
World,WLD,2019,
World,WLD,2018,
World,WLD,2017,
World,WLD,2016,
World,WLD,2015,
World,WLD,2014,
World,WLD,2013,
Afghanistan,AFG,2025,
Afghanistan,AFG,2024,
Afghanistan,AFG,2023,
Afghanistan,AFG,2022,
Afghanistan,AFG,2021,
Afghanistan,AFG,2020,76.8135364354897
Afghanistan,AFG,2019,77.7379491783367
Afghanistan,AFG,2018,72.083247177304
Afghanistan,AFG,2017,68.0269040822312
Afghanistan,AFG,2016,67.8660857692308
Afghanistan,AFG,2015,61.1434615416667
Afghanistan,AFG,2014,57.2475
Afghanistan,AFG,2013,55.3775
Albania,ALB,2025,
Albania,ALB,2024,93.1233333333333
Albania,ALB,2023,100.645
Albania,ALB,2022,113.041666666667
Albania,ALB,2021,103.52
Albania,ALB,2020,108.65
Albania,ALB,2019,109.850833333333
Albania,ALB,2018,107.989166666667
Albania,ALB,2017,119.1
Albania,ALB,2016,124.1425
Albania,ALB,2015,125.961666666667
Albania,ALB,2014,105.48
Albania,ALB,2013,105.669166666667
Algeria,DZA,2025,131.605925
Algeria,DZA,2024,134.053241666667
Algeria,DZA,2023,135.842933333333
Algeria,DZA,2022,141.994975
Algeria,DZA,2021,135.064058333333
Algeria,DZA,2020,126.7768
Algeria,DZA,2019,119.353558333333
Algeria,DZA,2018,116.593791666667
Algeria,DZA,2017,110.973016666667
Algeria,DZA,2016,109.443066666667
Algeria,DZA,2015,100.691433333333
Algeria,DZA,2014,80.5790166666667
Algeria,DZA,2013,79.3684
American Samoa,ASM,2025,1.0
American Samoa,ASM,2024,1.0
American Samoa,ASM,2023,1.0
American Samoa,ASM,2022,1.0
American Samoa,ASM,2021,1.0
American Samoa,ASM,2020,1.0
American Samoa,ASM,2019,1.0
American Samoa,ASM,2018,1.0
American Samoa,ASM,2017,1.0
American Samoa,ASM,2016,1.0
American Samoa,ASM,2015,1.0
American Samoa,ASM,2014,1.0
American Samoa,ASM,2013,1.0
Andorra,AND,2025,0.887144250370588
Andorra,AND,2024,0.924367447270267
Andorra,AND,2023,0.924709622987356
Andorra,AND,2022,0.950915533962108
Andorra,AND,2021,0.845376564367945
Andorra,AND,2020,
Andorra,AND,2019,
Andorra,AND,2018,
Andorra,AND,2017,
Andorra,AND,2016,
Andorra,AND,2015,
Andorra,AND,2014,
Andorra,AND,2013,
Angola,AGO,2025,911.99303781631
Angola,AGO,2024,869.846189590008
Angola,AGO,2023,685.020237761449
Angola,AGO,2022,460.567511631462
Angola,AGO,2021,631.441955506727
Angola,AGO,2020,578.25878028011
Angola,AGO,2019,364.825804980887
Angola,AGO,2018,252.855747731297
Angola,AGO,2017,165.915950691498
Angola,AGO,2016,163.656434116579
Angola,AGO,2015,120.060701665019
Angola,AGO,2014,98.3024168556335
Angola,AGO,2013,96.5182794791526
Antigua and Barbuda,ATG,2025,2.7
Antigua and Barbuda,ATG,2024,2.7
Antigua and Barbuda,ATG,2023,2.7
Antigua and Barbuda,ATG,2022,2.7
Antigua and Barbuda,ATG,2021,2.7
Antigua and Barbuda,ATG,2020,2.7
Antigua and Barbuda,ATG,2019,2.7
Antigua and Barbuda,ATG,2018,2.7
Antigua and Barbuda,ATG,2017,2.7
Antigua and Barbuda,ATG,2016,2.7
Antigua and Barbuda,ATG,2015,2.7
Antigua and Barbuda,ATG,2014,2.7
Antigua and Barbuda,ATG,2013,2.7
Argentina,ARG,2025,1240.85125
Argentina,ARG,2024,914.694883333333
Argentina,ARG,2023,296.258041666667
Argentina,ARG,2022,130.61655
Argentina,ARG,2021,94.9907416666667
Argentina,ARG,2020,70.5391666666667
Argentina,ARG,2019,48.1478916666667
Argentina,ARG,2018,28.0949916666667
Argentina,ARG,2017,16.5627069251411
Argentina,ARG,2016,14.7581750873396
Argentina,ARG,2015,9.23318552472429
Argentina,ARG,2014,8.07527599281334
Argentina,ARG,2013,5.45935266465704
Armenia,ARM,2025,387.010152166483
Armenia,ARM,2024,392.729551399084
Armenia,ARM,2023,392.476302158971
Armenia,ARM,2022,435.6661796523
Armenia,ARM,2021,503.769674961652
Armenia,ARM,2020,489.008858590915
Armenia,ARM,2019,480.44512876712
Armenia,ARM,2018,482.987946590235
Armenia,ARM,2017,482.716393849129
Armenia,ARM,2016,480.488150777966
Armenia,ARM,2015,477.918306576099
Armenia,ARM,2014,415.919789204938
Armenia,ARM,2013,409.625749270293
Aruba,ABW,2025,1.79
Aruba,ABW,2024,1.79
Aruba,ABW,2023,1.79
Aruba,ABW,2022,1.79
Aruba,ABW,2021,1.79
Aruba,ABW,2020,1.79
Aruba,ABW,2019,1.79
Aruba,ABW,2018,1.79
Aruba,ABW,2017,1.79
Aruba,ABW,2016,1.79
Aruba,ABW,2015,1.79
Aruba,ABW,2014,1.79
Aruba,ABW,2013,1.79
Australia,AUS,2025,1.5519978866485
Australia,AUS,2024,1.51535803855596
Australia,AUS,2023,1.50519106560509
Australia,AUS,2022,1.44166445896522
Australia,AUS,2021,1.33122425957081
Australia,AUS,2020,1.45308511847016
Australia,AUS,2019,1.43850654421382
Australia,AUS,2018,1.33841214646451
Australia,AUS,2017,1.30475807671592
Australia,AUS,2016,1.34521397601947
Australia,AUS,2015,1.33109026245502
Australia,AUS,2014,1.10936329281692
Australia,AUS,2013,1.03584309652054
Austria,AUT,2025,0.88496895841236
Austria,AUT,2024,0.923889546117607
Austria,AUT,2023,0.924839558470698
Austria,AUT,2022,0.949623753156941
Austria,AUT,2021,0.84549413889045
Austria,AUT,2020,0.875506396987998
Austria,AUT,2019,0.893276257067409
Austria,AUT,2018,0.846772667108111
Austria,AUT,2017,0.885205508269372
Austria,AUT,2016,0.903421436257263
Austria,AUT,2015,0.901296423367096
Austria,AUT,2014,0.752728196932603
Austria,AUT,2013,0.752945122701996
Azerbaijan,AZE,2025,1.7
Azerbaijan,AZE,2024,1.7
Azerbaijan,AZE,2023,1.7
Azerbaijan,AZE,2022,1.7
Azerbaijan,AZE,2021,1.7
Azerbaijan,AZE,2020,1.7
Azerbaijan,AZE,2019,1.7
Azerbaijan,AZE,2018,1.70001666666667
Azerbaijan,AZE,2017,1.72115480222734
Azerbaijan,AZE,2016,1.59572157270424
Azerbaijan,AZE,2015,1.02456381855059
Azerbaijan,AZE,2014,0.7843475
Azerbaijan,AZE,2013,0.784541075268817
"Bahamas, The",BHS,2025,1.0
"Bahamas, The",BHS,2024,1.0
"Bahamas, The",BHS,2023,1.0
"Bahamas, The",BHS,2022,1.0
"Bahamas, The",BHS,2021,1.0
"Bahamas, The",BHS,2020,1.0
"Bahamas, The",BHS,2019,1.0
"Bahamas, The",BHS,2018,1.0
"Bahamas, The",BHS,2017,1.0
"Bahamas, The",BHS,2016,1.0
"Bahamas, The",BHS,2015,1.0
"Bahamas, The",BHS,2014,1.0
"Bahamas, The",BHS,2013,1.0
Bahrain,BHR,2025,0.376
Bahrain,BHR,2024,0.376
Bahrain,BHR,2023,0.376
Bahrain,BHR,2022,0.376
Bahrain,BHR,2021,0.376
Bahrain,BHR,2020,0.376
Bahrain,BHR,2019,0.376
Bahrain,BHR,2018,0.376
Bahrain,BHR,2017,0.376
Bahrain,BHR,2016,0.376
Bahrain,BHR,2015,0.376
Bahrain,BHR,2014,0.376
Bahrain,BHR,2013,0.376
Bangladesh,BGD,2025,121.920836605034
Bangladesh,BGD,2024,115.603653796648
Bangladesh,BGD,2023,106.309484297483
Bangladesh,BGD,2022,91.7454544396961
Bangladesh,BGD,2021,85.08376325
Bangladesh,BGD,2020,84.8713916666667
Bangladesh,BGD,2019,84.4535225
Bangladesh,BGD,2018,83.4662019166666
Bangladesh,BGD,2017,80.4375416666667
Bangladesh,BGD,2016,78.4680916666667
Bangladesh,BGD,2015,77.9469083333333
Bangladesh,BGD,2014,77.6414083333333
Bangladesh,BGD,2013,78.103235
Barbados,BRB,2025,2.0
Barbados,BRB,2024,2.0
Barbados,BRB,2023,2.0
Barbados,BRB,2022,2.0
Barbados,BRB,2021,2.0
Barbados,BRB,2020,2.0
Barbados,BRB,2019,2.0
Barbados,BRB,2018,2.0
Barbados,BRB,2017,2.0
Barbados,BRB,2016,2.0
Barbados,BRB,2015,2.0
Barbados,BRB,2014,2.0
Barbados,BRB,2013,2.0
Belarus,BLR,2025,3.069175
Belarus,BLR,2024,3.24619166666667
Belarus,BLR,2023,3.00735
Belarus,BLR,2022,2.6261
Belarus,BLR,2021,2.538675
Belarus,BLR,2020,2.439575
Belarus,BLR,2019,2.09178333333333
Belarus,BLR,2018,2.03760833333333
Belarus,BLR,2017,1.93234166666667
Belarus,BLR,2016,1.98956283333333
Belarus,BLR,2015,1.59259883333333
Belarus,BLR,2014,1.02241025
Belarus,BLR,2013,0.88800525
Belgium,BEL,2025,0.88496895841236
Belgium,BEL,2024,0.923889546117607
Belgium,BEL,2023,0.924839558470698
Belgium,BEL,2022,0.949623753156941
Belgium,BEL,2021,0.84549413889045
Belgium,BEL,2020,0.875506396987998
Belgium,BEL,2019,0.893276257067409
Belgium,BEL,2018,0.846772667108111
Belgium,BEL,2017,0.885205508269372
Belgium,BEL,2016,0.903421436257263
Belgium,BEL,2015,0.901296423367096
Belgium,BEL,2014,0.752728196932603
Belgium,BEL,2013,0.752945122701996
Belize,BLZ,2025,2.0
Belize,BLZ,2024,2.0
Belize,BLZ,2023,2.0
Belize,BLZ,2022,2.0
Belize,BLZ,2021,2.0
Belize,BLZ,2020,2.0
Belize,BLZ,2019,2.0
Belize,BLZ,2018,2.0
Belize,BLZ,2017,2.0
Belize,BLZ,2016,2.0
Belize,BLZ,2015,2.0
Belize,BLZ,2014,2.0
Belize,BLZ,2013,2.0
Benin,BEN,2025,581.92848104034
Benin,BEN,2024,606.345297609063
Benin,BEN,2023,606.654982255763
Benin,BEN,2022,622.912348249567
Benin,BEN,2021,554.607798864163
Benin,BEN,2020,574.294549649056
Benin,BEN,2019,585.950813757166
Benin,BEN,2018,555.446458398235
Benin,BEN,2017,580.656749587853
Benin,BEN,2016,592.605615063006
Benin,BEN,2015,591.21169798261
Benin,BEN,2014,493.757329875319
Benin,BEN,2013,493.899623852233
Bermuda,BMU,2025,1.0
Bermuda,BMU,2024,1.0
Bermuda,BMU,2023,1.0
Bermuda,BMU,2022,1.0
Bermuda,BMU,2021,1.0
Bermuda,BMU,2020,1.0
Bermuda,BMU,2019,1.0
Bermuda,BMU,2018,1.0
Bermuda,BMU,2017,1.0
Bermuda,BMU,2016,1.0
Bermuda,BMU,2015,1.0
Bermuda,BMU,2014,1.0
Bermuda,BMU,2013,1.0
Bhutan,BTN,2025,87.1584483507393
Bhutan,BTN,2024,83.669281580941
Bhutan,BTN,2023,82.5992764460784
Bhutan,BTN,2022,78.6044905829916
Bhutan,BTN,2021,73.9180128154351
Bhutan,BTN,2020,74.0995668836052
Bhutan,BTN,2019,70.4203405359551
Bhutan,BTN,2018,68.3894670935422
Bhutan,BTN,2017,65.1215686450659
Bhutan,BTN,2016,67.1953128073894
Bhutan,BTN,2015,64.1519444632786
Bhutan,BTN,2014,61.0295144607843
Bhutan,BTN,2013,58.5978454166667
Bolivia,BOL,2025,6.91
Bolivia,BOL,2024,6.91
Bolivia,BOL,2023,6.91
Bolivia,BOL,2022,6.91
Bolivia,BOL,2021,6.91
Bolivia,BOL,2020,6.91
Bolivia,BOL,2019,6.91
Bolivia,BOL,2018,6.91
Bolivia,BOL,2017,6.91
Bolivia,BOL,2016,6.91
Bolivia,BOL,2015,6.91
Bolivia,BOL,2014,6.91
Bolivia,BOL,2013,6.91
Bosnia and Herzegovina,BIH,2025,1.73592901689708
Bosnia and Herzegovina,BIH,2024,1.80756356165183
Bosnia and Herzegovina,BIH,2023,1.80920280030082
Bosnia and Herzegovina,BIH,2022,1.85932587706093
Bosnia and Herzegovina,BIH,2021,1.65360615435868
Bosnia and Herzegovina,BIH,2020,1.71697049519219
Bosnia and Herzegovina,BIH,2019,1.74708646136073
Bosnia and Herzegovina,BIH,2018,1.65698544113543
Bosnia and Herzegovina,BIH,2017,1.73535271327691
Bosnia and Herzegovina,BIH,2016,1.76813902429915
Bosnia and Herzegovina,BIH,2015,1.76349164694686
Bosnia and Herzegovina,BIH,2014,1.474169186794
Bosnia and Herzegovina,BIH,2013,1.47305132263235
Botswana,BWA,2025,13.5023833333333
Botswana,BWA,2024,13.5631333333333
Botswana,BWA,2023,13.5963833333333
Botswana,BWA,2022,12.3688083333333
Botswana,BWA,2021,11.0872583333333
Botswana,BWA,2020,11.4562416666667
Botswana,BWA,2019,10.7558666666667
Botswana,BWA,2018,10.199975
Botswana,BWA,2017,10.3474166666667
Botswana,BWA,2016,10.9011583333333
Botswana,BWA,2015,10.1289916666667
Botswana,BWA,2014,8.97608333333333
Botswana,BWA,2013,8.39890833333333
Brazil,BRA,2025,5.58728623856661
Brazil,BRA,2024,5.3889349057096
Brazil,BRA,2023,4.99437976287199
Brazil,BRA,2022,5.16397029102111
Brazil,BRA,2021,5.39440078962503
Brazil,BRA,2020,5.15517878751281
Brazil,BRA,2019,3.9444710972507
Brazil,BRA,2018,3.65382536145755
Brazil,BRA,2017,3.19138944630048
Brazil,BRA,2016,3.49131342157271
Brazil,BRA,2015,3.32690438276879
Brazil,BRA,2014,2.35295196276669
Brazil,BRA,2013,2.15608915126311
British Virgin Islands,VGB,2025,
British Virgin Islands,VGB,2024,
British Virgin Islands,VGB,2023,
British Virgin Islands,VGB,2022,
British Virgin Islands,VGB,2021,
British Virgin Islands,VGB,2020,
British Virgin Islands,VGB,2019,
British Virgin Islands,VGB,2018,
British Virgin Islands,VGB,2017,
British Virgin Islands,VGB,2016,
British Virgin Islands,VGB,2015,
British Virgin Islands,VGB,2014,
British Virgin Islands,VGB,2013,
Brunei Darussalam,BRN,2025,1.307595108858
Brunei Darussalam,BRN,2024,1.33603327650724
Brunei Darussalam,BRN,2023,1.34307960114934
Brunei Darussalam,BRN,2022,1.37895639652216
Brunei Darussalam,BRN,2021,1.34380696297339
Brunei Darussalam,BRN,2020,1.37970342971399
Brunei Darussalam,BRN,2019,1.36421851405475
Brunei Darussalam,BRN,2018,1.34891856542537
Brunei Darussalam,BRN,2017,1.38089116405281
Brunei Darussalam,BRN,2016,1.38134687688286
Brunei Darussalam,BRN,2015,1.37491084459887
Brunei Darussalam,BRN,2014,1.2670401230814
Brunei Darussalam,BRN,2013,1.25116566976059
Bulgaria,BGR,2025,1.73519166666667
Bulgaria,BGR,2024,1.80784166666667
Bulgaria,BGR,2023,1.80896666666667
Bulgaria,BGR,2022,1.86014166666667
Bulgaria,BGR,2021,1.653775
Bulgaria,BGR,2020,1.71633333333333
Bulgaria,BGR,2019,1.74704166666667
Bulgaria,BGR,2018,1.65704166666667
Bulgaria,BGR,2017,1.73545833333333
Bulgaria,BGR,2016,1.76804166666667
Bulgaria,BGR,2015,1.7644
Bulgaria,BGR,2014,1.47418333333333
Bulgaria,BGR,2013,1.47356666666667
Burkina Faso,BFA,2025,581.92848104034
Burkina Faso,BFA,2024,606.345297609063
Burkina Faso,BFA,2023,606.569750165917
Burkina Faso,BFA,2022,623.759700911182
Burkina Faso,BFA,2021,554.530675033104
Burkina Faso,BFA,2020,575.586004510945
Burkina Faso,BFA,2019,585.911013180369
Burkina Faso,BFA,2018,555.446458398226
Burkina Faso,BFA,2017,580.656749587858
Burkina Faso,BFA,2016,592.605615063022
Burkina Faso,BFA,2015,591.21169798261
Burkina Faso,BFA,2014,493.757329875312
Burkina Faso,BFA,2013,493.899623852237
Burundi,BDI,2025,2943.1375
Burundi,BDI,2024,2885.24549799567
Burundi,BDI,2023,2574.05174879329
Burundi,BDI,2022,2034.30663430472
Burundi,BDI,2021,1975.95088138768
Burundi,BDI,2020,1915.04617583333
Burundi,BDI,2019,1845.62289069697
Burundi,BDI,2018,1782.876875
Burundi,BDI,2017,1729.055
Burundi,BDI,2016,1654.62666666667
Burundi,BDI,2015,1571.89833333333
Burundi,BDI,2014,1546.68666666667
Burundi,BDI,2013,1555.09083333333
Cabo Verde,CPV,2025,97.8631517010164
Cabo Verde,CPV,2024,101.922010798199
Cabo Verde,CPV,2023,101.804812544702
Cabo Verde,CPV,2022,104.863065846367
Cabo Verde,CPV,2021,93.2180924116109
Cabo Verde,CPV,2020,96.7957427869885
Cabo Verde,CPV,2019,98.4951785878976
Cabo Verde,CPV,2018,93.4135789085279
Cabo Verde,CPV,2017,97.8069377715121
Cabo Verde,CPV,2016,99.6881136363636
Cabo Verde,CPV,2015,99.3856935425685
Cabo Verde,CPV,2014,83.0345
Cabo Verde,CPV,2013,83.0725
Cambodia,KHM,2025,4013.43310400666
Cambodia,KHM,2024,4072.39723921642
Cambodia,KHM,2023,4110.65274641577
Cambodia,KHM,2022,4102.03786482335
Cambodia,KHM,2021,4098.72279505888
Cambodia,KHM,2020,4092.78321900878
Cambodia,KHM,2019,4061.14896313364
Cambodia,KHM,2018,4051.16690028162
Cambodia,KHM,2017,4050.5799859191
Cambodia,KHM,2016,4058.69457885305
Cambodia,KHM,2015,4067.75
Cambodia,KHM,2014,4037.5
Cambodia,KHM,2013,4027.25
Cameroon,CMR,2025,581.92848104034
Cameroon,CMR,2024,606.345297609063
Cameroon,CMR,2023,606.569750165917
Cameroon,CMR,2022,623.759700911182
Cameroon,CMR,2021,554.530675033104
Cameroon,CMR,2020,575.586004510945
Cameroon,CMR,2019,585.911013180369
Cameroon,CMR,2018,555.446458398226
Cameroon,CMR,2017,580.656749587858
Cameroon,CMR,2016,592.605615063022
Cameroon,CMR,2015,591.21169798261
Cameroon,CMR,2014,493.757329875312
Cameroon,CMR,2013,493.899623852237
Canada,CAN,2025,1.39810565893901
Canada,CAN,2024,1.36935976604092
Canada,CAN,2023,1.3499086407939
Canada,CAN,2022,1.30155477474355
Canada,CAN,2021,1.2538769021268
Canada,CAN,2020,1.34115267222386
Canada,CAN,2019,1.32679336266012
Canada,CAN,2018,1.29581792813534
Canada,CAN,2017,1.29793584646039
Canada,CAN,2016,1.3256151637482
Canada,CAN,2015,1.27878620362554
Canada,CAN,2014,1.10474713237886
Canada,CAN,2013,1.03013736373016
Cayman Islands,CYM,2025,0.83333
Cayman Islands,CYM,2024,0.83333
Cayman Islands,CYM,2023,0.83333
Cayman Islands,CYM,2022,0.83333
Cayman Islands,CYM,2021,0.83333
Cayman Islands,CYM,2020,0.83333
Cayman Islands,CYM,2019,0.83333
Cayman Islands,CYM,2018,0.83333
Cayman Islands,CYM,2017,0.83333
Cayman Islands,CYM,2016,0.83333
Cayman Islands,CYM,2015,0.83333
Cayman Islands,CYM,2014,0.83333
Cayman Islands,CYM,2013,0.83333
Central African Republic,CAF,2025,581.92848104034
Central African Republic,CAF,2024,606.345297609063
Central African Republic,CAF,2023,606.569750165917
Central African Republic,CAF,2022,623.759700911182
Central African Republic,CAF,2021,554.530675033104
Central African Republic,CAF,2020,575.586004510945
Central African Republic,CAF,2019,585.911013180369
Central African Republic,CAF,2018,555.446458398226
Central African Republic,CAF,2017,580.656749587858
Central African Republic,CAF,2016,592.605615063022
Central African Republic,CAF,2015,591.21169798261
Central African Republic,CAF,2014,493.757329875312
Central African Republic,CAF,2013,493.899623852237
Chad,TCD,2025,581.92848104034
Chad,TCD,2024,606.345297609063
Chad,TCD,2023,606.569750165917
Chad,TCD,2022,623.759700911182
Chad,TCD,2021,554.530675033104
Chad,TCD,2020,575.586004510945
Chad,TCD,2019,585.911013180369
Chad,TCD,2018,555.446458398226
Chad,TCD,2017,580.656749587858
Chad,TCD,2016,592.605615063022
Chad,TCD,2015,591.21169798261
Chad,TCD,2014,493.757329875312
Chad,TCD,2013,493.899623852237
Channel Islands,CHI,2025,0.759473957338607
Channel Islands,CHI,2024,0.782414580986262
Channel Islands,CHI,2023,0.804538906734353
Channel Islands,CHI,2022,0.811301715827773
Channel Islands,CHI,2021,0.727064944688323
Channel Islands,CHI,2020,0.779999576697153
Channel Islands,CHI,2019,0.783445110011929
Channel Islands,CHI,2018,0.749531540259847
Channel Islands,CHI,2017,0.776976682344123
Channel Islands,CHI,2016,0.740634463697084
Channel Islands,CHI,2015,0.654545478931426
Channel Islands,CHI,2014,0.607729626878255
Channel Islands,CHI,2013,0.639660577613477
Chile,CHL,2025,951.329454191033
Chile,CHL,2024,943.572167421488
Chile,CHL,2023,840.066526651499
Chile,CHL,2022,873.314189543014
Chile,CHL,2021,758.955378658977
Chile,CHL,2020,792.727206103169
Chile,CHL,2019,702.897422561529
Chile,CHL,2018,641.276813066395
Chile,CHL,2017,648.833792598261
Chile,CHL,2016,676.957736044657
Chile,CHL,2015,654.124084254196
Chile,CHL,2014,570.34821612744
Chile,CHL,2013,495.272877645503
China,CHN,2025,7.18984737402171
China,CHN,2024,7.19749110789917
China,CHN,2023,7.08399842343631
China,CHN,2022,6.73715811237119
China,CHN,2021,6.44897518024316
China,CHN,2020,6.90076726944925
China,CHN,2019,6.90838500992901
China,CHN,2018,6.61595717735439
China,CHN,2017,6.75875508633597
China,CHN,2016,6.6444778294468
China,CHN,2015,6.22748867298455
China,CHN,2014,6.14343409448867
China,CHN,2013,6.19575834608231
Colombia,COL,2025,4053.13583333333
Colombia,COL,2024,4074.43416666667
Colombia,COL,2023,4325.955
Colombia,COL,2022,4256.19416666667
Colombia,COL,2021,3744.24416666667
Colombia,COL,2020,3693.27583333333
Colombia,COL,2019,3281.62219381788
Colombia,COL,2018,2955.70396997842
Colombia,COL,2017,2951.48691120161
Colombia,COL,2016,3055.255
Colombia,COL,2015,2741.78166666667
Colombia,COL,2014,2001.105
Colombia,COL,2013,1868.895
Comoros,COM,2025,435.376187289973
Comoros,COM,2024,454.523861252
Comoros,COM,2023,454.991236691823
Comoros,COM,2022,467.184261187176
Comoros,COM,2021,415.955849148122
Comoros,COM,2020,430.720912236792
Comoros,COM,2019,439.463110317875
Comoros,COM,2018,416.584843798676
Comoros,COM,2017,435.492562190889
Comoros,COM,2016,444.454211297254
Comoros,COM,2015,443.408773486957
Comoros,COM,2014,370.317997406489
Comoros,COM,2013,370.424717889175
"Congo, Dem. Rep.",COD,2025,2693.24060103248
"Congo, Dem. Rep.",COD,2024,
"Congo, Dem. Rep.",COD,2023,2340.03570436145
"Congo, Dem. Rep.",COD,2022,2006.70821944055
"Congo, Dem. Rep.",COD,2021,1989.39147122828
"Congo, Dem. Rep.",COD,2020,1851.12216183261
"Congo, Dem. Rep.",COD,2019,1647.76012727639
"Congo, Dem. Rep.",COD,2018,1622.52350162292
"Congo, Dem. Rep.",COD,2017,1464.41793163743
"Congo, Dem. Rep.",COD,2016,1010.30275716866
"Congo, Dem. Rep.",COD,2015,925.984961280393
"Congo, Dem. Rep.",COD,2014,925.226282531997
"Congo, Dem. Rep.",COD,2013,919.565907354881
"Congo, Rep.",COG,2025,581.92848104034
"Congo, Rep.",COG,2024,606.345297609063
"Congo, Rep.",COG,2023,606.569750165917
"Congo, Rep.",COG,2022,623.759700911182
"Congo, Rep.",COG,2021,554.530675033104
"Congo, Rep.",COG,2020,575.586004510945
"Congo, Rep.",COG,2019,585.911013180369
"Congo, Rep.",COG,2018,555.446458398226
"Congo, Rep.",COG,2017,580.656749587858
"Congo, Rep.",COG,2016,592.605615063022
"Congo, Rep.",COG,2015,591.21169798261
"Congo, Rep.",COG,2014,493.757329875312
"Congo, Rep.",COG,2013,493.899623852237
Costa Rica,CRI,2025,503.496832373272
Costa Rica,CRI,2024,515.109771921403
Costa Rica,CRI,2023,544.050775505632
Costa Rica,CRI,2022,647.135817631363
Costa Rica,CRI,2021,620.784720014081
Costa Rica,CRI,2020,584.900854962304
Costa Rica,CRI,2019,587.294595686124
Costa Rica,CRI,2018,576.97250124808
Costa Rica,CRI,2017,567.51309030978
Costa Rica,CRI,2016,544.73936722902
Costa Rica,CRI,2015,534.565769969278
Costa Rica,CRI,2014,538.317200279058
Costa Rica,CRI,2013,499.766832565284
Cote d'Ivoire,CIV,2025,581.92848104034
Cote d'Ivoire,CIV,2024,606.345297609063
Cote d'Ivoire,CIV,2023,606.569750165917
Cote d'Ivoire,CIV,2022,623.759700911182
Cote d'Ivoire,CIV,2021,554.530675033104
Cote d'Ivoire,CIV,2020,575.586004510945
Cote d'Ivoire,CIV,2019,585.911013180369
Cote d'Ivoire,CIV,2018,555.446458398226
Cote d'Ivoire,CIV,2017,580.656749587858
Cote d'Ivoire,CIV,2016,592.605615063022
Cote d'Ivoire,CIV,2015,591.21169798261
Cote d'Ivoire,CIV,2014,493.757329875312
Cote d'Ivoire,CIV,2013,493.899623852237
Croatia,HRV,2025,0.88496895841236
Croatia,HRV,2024,0.923889546117607
Croatia,HRV,2023,0.924839558470698
Croatia,HRV,2022,7.1597415
Croatia,HRV,2021,6.36008316666667
Croatia,HRV,2020,6.6140555
Croatia,HRV,2019,6.62254516666667
Croatia,HRV,2018,6.27902525
Croatia,HRV,2017,6.623831
Croatia,HRV,2016,6.80599016666667
Croatia,HRV,2015,6.85830375
Croatia,HRV,2014,5.74816541666667
Croatia,HRV,2013,5.70488016666667
Cuba,CUB,2025,
Cuba,CUB,2024,
Cuba,CUB,2023,
Cuba,CUB,2022,
Cuba,CUB,2021,
Cuba,CUB,2020,
Cuba,CUB,2019,
Cuba,CUB,2018,
Cuba,CUB,2017,
Cuba,CUB,2016,
Cuba,CUB,2015,
Cuba,CUB,2014,
Cuba,CUB,2013,
Curacao,CUW,2025,1.79
Curacao,CUW,2024,1.79
Curacao,CUW,2023,1.79
Curacao,CUW,2022,1.79
Curacao,CUW,2021,1.79
Curacao,CUW,2020,1.79
Curacao,CUW,2019,1.79
Curacao,CUW,2018,1.79
Curacao,CUW,2017,1.79
Curacao,CUW,2016,1.79
Curacao,CUW,2015,1.79
Curacao,CUW,2014,1.79
Curacao,CUW,2013,1.79
Cyprus,CYP,2025,0.88496895841236
Cyprus,CYP,2024,0.923889546117607
Cyprus,CYP,2023,0.924839558470698
Cyprus,CYP,2022,0.949623753156941
Cyprus,CYP,2021,0.84549413889045
Cyprus,CYP,2020,0.875506396987998
Cyprus,CYP,2019,0.893276257067409
Cyprus,CYP,2018,0.846772667108111
Cyprus,CYP,2017,0.885205508269372
Cyprus,CYP,2016,0.903421436257263
Cyprus,CYP,2015,0.901296423367096
Cyprus,CYP,2014,0.752728196932603
Cyprus,CYP,2013,0.752945122701996
Czechia,CZE,2025,21.882
Czechia,CZE,2024,23.2168333333333
Czechia,CZE,2023,22.1980833333333
Czechia,CZE,2022,23.357
Czechia,CZE,2021,21.6781666666667
Czechia,CZE,2020,23.21025
Czechia,CZE,2019,22.93225
Czechia,CZE,2018,21.7299166666667
Czechia,CZE,2017,23.3763333333333
Czechia,CZE,2016,24.4399166666667
Czechia,CZE,2015,24.59875
Czechia,CZE,2014,20.7575
Czechia,CZE,2013,19.5705833333333
Denmark,DNK,2025,6.62182508333333
Denmark,DNK,2024,6.89448141666666
Denmark,DNK,2023,6.88970258583334
Denmark,DNK,2022,7.0761518625
Denmark,DNK,2021,6.2871130825
Denmark,DNK,2020,6.54215220416667
Denmark,DNK,2019,6.669446615
Denmark,DNK,2018,6.31461878666667
Denmark,DNK,2017,6.60289346561404
Denmark,DNK,2016,6.73171825724638
Denmark,DNK,2015,6.72790683129629
Denmark,DNK,2014,5.61246666666667
Denmark,DNK,2013,5.61631168617622
Djibouti,DJI,2025,177.721
Djibouti,DJI,2024,177.721
Djibouti,DJI,2023,177.721
Djibouti,DJI,2022,177.721
Djibouti,DJI,2021,177.721
Djibouti,DJI,2020,177.721
Djibouti,DJI,2019,177.721
Djibouti,DJI,2018,177.721
Djibouti,DJI,2017,177.721
Djibouti,DJI,2016,177.721
Djibouti,DJI,2015,177.721
Djibouti,DJI,2014,177.721
Djibouti,DJI,2013,177.721
Dominica,DMA,2025,2.7
Dominica,DMA,2024,2.7
Dominica,DMA,2023,2.7
Dominica,DMA,2022,2.7
Dominica,DMA,2021,2.7
Dominica,DMA,2020,2.7
Dominica,DMA,2019,2.7
Dominica,DMA,2018,2.7
Dominica,DMA,2017,2.7
Dominica,DMA,2016,2.7
Dominica,DMA,2015,2.7
Dominica,DMA,2014,2.7
Dominica,DMA,2013,2.7
Dominican Republic,DOM,2025,61.9865666666667
Dominican Republic,DOM,2024,59.5651333333333
Dominican Republic,DOM,2023,56.1576
Dominican Republic,DOM,2022,55.1409916666667
Dominican Republic,DOM,2021,57.2211166666667
Dominican Republic,DOM,2020,56.5245333333334
Dominican Republic,DOM,2019,51.2948583333333
Dominican Republic,DOM,2018,49.5099928571429
Dominican Republic,DOM,2017,47.5343581962482
Dominican Republic,DOM,2016,46.0644439393939
Dominican Republic,DOM,2015,45.0454990740741
Dominican Republic,DOM,2014,43.5496726190476
Dominican Republic,DOM,2013,41.7945034252297
Ecuador,ECU,2025,1.0
Ecuador,ECU,2024,1.0
Ecuador,ECU,2023,1.0
Ecuador,ECU,2022,1.0
Ecuador,ECU,2021,1.0
Ecuador,ECU,2020,1.0
Ecuador,ECU,2019,1.0
Ecuador,ECU,2018,1.0
Ecuador,ECU,2017,1.0
Ecuador,ECU,2016,1.0
Ecuador,ECU,2015,1.0
Ecuador,ECU,2014,1.0
Ecuador,ECU,2013,1.0
"Egypt, Arab Rep.",EGY,2025,49.2277558333333
"Egypt, Arab Rep.",EGY,2024,45.29926
"Egypt, Arab Rep.",EGY,2023,30.6264136980311
"Egypt, Arab Rep.",EGY,2022,19.1604397412204
"Egypt, Arab Rep.",EGY,2021,15.6445272777113
"Egypt, Arab Rep.",EGY,2020,15.7591729166667
"Egypt, Arab Rep.",EGY,2019,16.7705818428763
"Egypt, Arab Rep.",EGY,2018,17.7672904218107
"Egypt, Arab Rep.",EGY,2017,17.7825335150636
"Egypt, Arab Rep.",EGY,2016,10.0254007885465
"Egypt, Arab Rep.",EGY,2015,7.69125833333333
"Egypt, Arab Rep.",EGY,2014,7.07760856060606
"Egypt, Arab Rep.",EGY,2013,6.870325
El Salvador,SLV,2025,1.0
El Salvador,SLV,2024,1.0
El Salvador,SLV,2023,1.0
El Salvador,SLV,2022,1.0
El Salvador,SLV,2021,1.0
El Salvador,SLV,2020,1.0
El Salvador,SLV,2019,1.0
El Salvador,SLV,2018,1.0
El Salvador,SLV,2017,1.0
El Salvador,SLV,2016,1.0
El Salvador,SLV,2015,1.0
El Salvador,SLV,2014,1.0
El Salvador,SLV,2013,1.0
Equatorial Guinea,GNQ,2025,581.92848104034
Equatorial Guinea,GNQ,2024,606.345297609063
Equatorial Guinea,GNQ,2023,606.569750165917
Equatorial Guinea,GNQ,2022,623.759700911182
Equatorial Guinea,GNQ,2021,554.530675033104
Equatorial Guinea,GNQ,2020,575.586004510945
Equatorial Guinea,GNQ,2019,585.911013180369
Equatorial Guinea,GNQ,2018,555.446458398226
Equatorial Guinea,GNQ,2017,580.656749587858
Equatorial Guinea,GNQ,2016,592.605615063022
Equatorial Guinea,GNQ,2015,591.21169798261
Equatorial Guinea,GNQ,2014,493.757329875312
Equatorial Guinea,GNQ,2013,493.899623852237
Eritrea,ERI,2025,15.075
Eritrea,ERI,2024,15.075
Eritrea,ERI,2023,15.075
Eritrea,ERI,2022,15.075
Eritrea,ERI,2021,15.075
Eritrea,ERI,2020,15.075
Eritrea,ERI,2019,15.075
Eritrea,ERI,2018,15.075
Eritrea,ERI,2017,15.075
Eritrea,ERI,2016,15.35
Eritrea,ERI,2015,15.375
Eritrea,ERI,2014,15.375
Eritrea,ERI,2013,15.375
Estonia,EST,2025,0.88496895841236
Estonia,EST,2024,0.923889546117607
Estonia,EST,2023,0.924839558470698
Estonia,EST,2022,0.949623753156941
Estonia,EST,2021,0.84549413889045
Estonia,EST,2020,0.875506396987998
Estonia,EST,2019,0.893276257067409
Estonia,EST,2018,0.846772667108111
Estonia,EST,2017,0.885205508269372
Estonia,EST,2016,0.903421436257263
Estonia,EST,2015,0.901296423367096
Estonia,EST,2014,0.752728196932603
Estonia,EST,2013,0.752945122701996
Eswatini,SWZ,2025,17.8889209208377
Eswatini,SWZ,2024,18.3176868310856
Eswatini,SWZ,2023,18.4535924917449
Eswatini,SWZ,2022,16.3622830559282
Eswatini,SWZ,2021,14.7834351395784
Eswatini,SWZ,2020,16.4702558654325
Eswatini,SWZ,2019,14.4517892288824
Eswatini,SWZ,2018,13.2339264715833
Eswatini,SWZ,2017,13.3238014244992
Eswatini,SWZ,2016,14.7096108855267
Eswatini,SWZ,2015,12.7589308811644
Eswatini,SWZ,2014,10.8526555687831
Eswatini,SWZ,2013,9.65505606913526
Ethiopia,ETH,2025,
Ethiopia,ETH,2024,82.6013363504764
Ethiopia,ETH,2023,54.6009480676569
Ethiopia,ETH,2022,51.7562150334169
Ethiopia,ETH,2021,43.73377831884
Ethiopia,ETH,2020,34.9271654040404
Ethiopia,ETH,2019,29.06975
Ethiopia,ETH,2018,27.4293865941667
Ethiopia,ETH,2017,23.8661044574125
Ethiopia,ETH,2016,21.7315472222222
Ethiopia,ETH,2015,20.57684875
Ethiopia,ETH,2014,19.585789907695
Ethiopia,ETH,2013,18.6266289575478
Faroe Islands,FRO,2025,6.62182508333333
Faroe Islands,FRO,2024,6.89448141666666
Faroe Islands,FRO,2023,6.88970258583334
Faroe Islands,FRO,2022,7.0761518625
Faroe Islands,FRO,2021,6.2871130825
Faroe Islands,FRO,2020,6.54215220416667
Faroe Islands,FRO,2019,6.669446615
Faroe Islands,FRO,2018,6.31461878666667
Faroe Islands,FRO,2017,6.60289346561404
Faroe Islands,FRO,2016,6.73171825724638
Faroe Islands,FRO,2015,6.72790683129629
Faroe Islands,FRO,2014,5.61246666666667
Faroe Islands,FRO,2013,5.61631168617622
Fiji,FJI,2025,2.29903333333333
Fiji,FJI,2024,2.2683
Fiji,FJI,2023,2.250125
Fiji,FJI,2022,2.2014069869585
Fiji,FJI,2021,2.07063333333333
Fiji,FJI,2020,2.16880492424242
Fiji,FJI,2019,2.16039311531464
Fiji,FJI,2018,2.08737978924997
Fiji,FJI,2017,2.06687530381454
Fiji,FJI,2016,2.09469593918508
Fiji,FJI,2015,2.09762981633101
Fiji,FJI,2014,1.88734535831922
Fiji,FJI,2013,1.84147661706532
Finland,FIN,2025,0.88496895841236
Finland,FIN,2024,0.923889546117607
Finland,FIN,2023,0.924839558470698
Finland,FIN,2022,0.949623753156941
Finland,FIN,2021,0.84549413889045
Finland,FIN,2020,0.875506396987998
Finland,FIN,2019,0.893276257067409
Finland,FIN,2018,0.846772667108111
Finland,FIN,2017,0.885205508269372
Finland,FIN,2016,0.903421436257263
Finland,FIN,2015,0.901296423367096
Finland,FIN,2014,0.752728196932603
Finland,FIN,2013,0.752945122701996
France,FRA,2025,0.88496895841236
France,FRA,2024,0.923889546117607
France,FRA,2023,0.924839558470698
France,FRA,2022,0.949623753156941
France,FRA,2021,0.84549413889045
France,FRA,2020,0.875506396987998
France,FRA,2019,0.893276257067409
France,FRA,2018,0.846772667108111
France,FRA,2017,0.885205508269372
France,FRA,2016,0.903421436257263
France,FRA,2015,0.901296423367096
France,FRA,2014,0.752728196932603
France,FRA,2013,0.752945122701996
French Polynesia,PYF,2025,105.864431541948
French Polynesia,PYF,2024,110.306338907421
French Polynesia,PYF,2023,110.34717131744
French Polynesia,PYF,2022,113.474367224106
French Polynesia,PYF,2021,100.880222566186
French Polynesia,PYF,2020,104.710608186968
French Polynesia,PYF,2019,106.588933804405
French Polynesia,PYF,2018,101.046821879543
French Polynesia,PYF,2017,105.633078151149
French Polynesia,PYF,2016,107.806815805024
French Polynesia,PYF,2015,107.553234404315
French Polynesia,PYF,2014,89.8243353779009
French Polynesia,PYF,2013,89.8502214987385
Gabon,GAB,2025,581.92848104034
Gabon,GAB,2024,606.345297609063
Gabon,GAB,2023,606.569750165917
Gabon,GAB,2022,623.759700911182
Gabon,GAB,2021,554.530675033104
Gabon,GAB,2020,575.586004510945
Gabon,GAB,2019,585.911013180369
Gabon,GAB,2018,555.446458398226
Gabon,GAB,2017,580.656749587858
Gabon,GAB,2016,592.605615063022
Gabon,GAB,2015,591.21169798261
Gabon,GAB,2014,493.757329875312
Gabon,GAB,2013,493.899623852237
"Gambia, The",GMB,2025,71.2893818242692
"Gambia, The",GMB,2024,67.661238258942
"Gambia, The",GMB,2023,61.0963330077956
"Gambia, The",GMB,2022,54.9234673586679
"Gambia, The",GMB,2021,51.4844438783833
"Gambia, The",GMB,2020,51.5016603661723
"Gambia, The",GMB,2019,50.0624613684222
"Gambia, The",GMB,2018,48.1517806379073
"Gambia, The",GMB,2017,46.6089094621101
"Gambia, The",GMB,2016,43.3725276731819
"Gambia, The",GMB,2015,42.5062080923725
"Gambia, The",GMB,2014,41.7329616505126
"Gambia, The",GMB,2013,35.9575868341651
Georgia,GEO,2025,2.74264166666667
Georgia,GEO,2024,2.72061666666667
Georgia,GEO,2023,2.62795833333333
Georgia,GEO,2022,2.9162
Georgia,GEO,2021,3.22155833333333
Georgia,GEO,2020,3.10901666666667
Georgia,GEO,2019,2.818145
Georgia,GEO,2018,2.53411083333333
Georgia,GEO,2017,2.50954166666667
Georgia,GEO,2016,2.366725
Georgia,GEO,2015,2.26934166666667
Georgia,GEO,2014,1.76566666666667
Georgia,GEO,2013,1.66335
Germany,DEU,2025,0.88496895841236
Germany,DEU,2024,0.923889546117607
Germany,DEU,2023,0.924839558470698
Germany,DEU,2022,0.949623753156941
Germany,DEU,2021,0.84549413889045
Germany,DEU,2020,0.875506396987998
Germany,DEU,2019,0.893276257067409
Germany,DEU,2018,0.846772667108111
Germany,DEU,2017,0.885205508269372
Germany,DEU,2016,0.903421436257263
Germany,DEU,2015,0.901296423367096
Germany,DEU,2014,0.752728196932603
Germany,DEU,2013,0.752945122701996
Ghana,GHA,2025,12.556825
Ghana,GHA,2024,14.1819416666667
Ghana,GHA,2023,11.0204083333333
Ghana,GHA,2022,8.2724
Ghana,GHA,2021,5.8057
Ghana,GHA,2020,5.59570833333333
Ghana,GHA,2019,5.21736666666667
Ghana,GHA,2018,4.585325
Ghana,GHA,2017,4.35053333333333
Ghana,GHA,2016,3.90981666666667
Ghana,GHA,2015,3.71464166666667
Ghana,GHA,2014,2.896575
Ghana,GHA,2013,1.98135
Gibraltar,GIB,2025,0.759473957338608
Gibraltar,GIB,2024,0.782414580986262
Gibraltar,GIB,2023,0.804538906734353
Gibraltar,GIB,2022,0.811301715827773
Gibraltar,GIB,2021,0.727064944688322
Gibraltar,GIB,2020,0.779999576697153
Gibraltar,GIB,2019,0.783445110011929
Gibraltar,GIB,2018,0.749531540259847
Gibraltar,GIB,2017,0.776976682344123
Gibraltar,GIB,2016,0.740634463697084
Gibraltar,GIB,2015,0.654545478931426
Gibraltar,GIB,2014,0.607729626878255
Gibraltar,GIB,2013,0.639660577613477
Greece,GRC,2025,0.88496895841236
Greece,GRC,2024,0.923889546117607
Greece,GRC,2023,0.924839558470698
Greece,GRC,2022,0.949623753156941
Greece,GRC,2021,0.84549413889045
Greece,GRC,2020,0.875506396987998
Greece,GRC,2019,0.893276257067409
Greece,GRC,2018,0.846772667108111
Greece,GRC,2017,0.885205508269372
Greece,GRC,2016,0.903421436257263
Greece,GRC,2015,0.901296423367096
Greece,GRC,2014,0.752728196932603
Greece,GRC,2013,0.752945122701996
Greenland,GRL,2025,6.62182508333333
Greenland,GRL,2024,6.89448141666666
Greenland,GRL,2023,6.88970258583334
Greenland,GRL,2022,7.0761518625
Greenland,GRL,2021,6.2871130825
Greenland,GRL,2020,6.54215220416667
Greenland,GRL,2019,6.669446615
Greenland,GRL,2018,6.31461878666667
Greenland,GRL,2017,6.60289346561404
Greenland,GRL,2016,6.73171825724638
Greenland,GRL,2015,6.7279068312963
Greenland,GRL,2014,5.61246666666667
Greenland,GRL,2013,5.61631168617622
Grenada,GRD,2025,2.7
Grenada,GRD,2024,2.7
Grenada,GRD,2023,2.7
Grenada,GRD,2022,2.7
Grenada,GRD,2021,2.7
Grenada,GRD,2020,2.7
Grenada,GRD,2019,2.7
Grenada,GRD,2018,2.7
Grenada,GRD,2017,2.7
Grenada,GRD,2016,2.7
Grenada,GRD,2015,2.7
Grenada,GRD,2014,2.7
Grenada,GRD,2013,2.7
Guam,GUM,2025,1.0
Guam,GUM,2024,1.0
Guam,GUM,2023,1.0
Guam,GUM,2022,1.0
Guam,GUM,2021,1.0
Guam,GUM,2020,1.0
Guam,GUM,2019,1.0
Guam,GUM,2018,1.0
Guam,GUM,2017,1.0
Guam,GUM,2016,1.0
Guam,GUM,2015,1.0
Guam,GUM,2014,1.0
Guam,GUM,2013,1.0
Guatemala,GTM,2025,7.68012458333333
Guatemala,GTM,2024,7.7585375
Guatemala,GTM,2023,7.83197416666667
Guatemala,GTM,2022,7.74824375
Guatemala,GTM,2021,7.73438833333333
Guatemala,GTM,2020,7.72165
Guatemala,GTM,2019,7.69669833333333
Guatemala,GTM,2018,7.51916458333333
Guatemala,GTM,2017,7.34793875
Guatemala,GTM,2016,7.59993708333333
Guatemala,GTM,2015,7.654815
Guatemala,GTM,2014,7.73223333333333
Guatemala,GTM,2013,7.85681375
Guinea,GIN,2025,
Guinea,GIN,2024,
Guinea,GIN,2023,
Guinea,GIN,2022,
Guinea,GIN,2021,
Guinea,GIN,2020,9565.08218343833
Guinea,GIN,2019,9183.87586390984
Guinea,GIN,2018,9011.13417725194
Guinea,GIN,2017,9088.31949623166
Guinea,GIN,2016,8967.92707958333
Guinea,GIN,2015,7485.51674166667
Guinea,GIN,2014,7014.11877725
Guinea,GIN,2013,6907.8780695
Guinea-Bissau,GNB,2025,581.92848104034
Guinea-Bissau,GNB,2024,606.345297609063
Guinea-Bissau,GNB,2023,606.569750165917
Guinea-Bissau,GNB,2022,623.759700911182
Guinea-Bissau,GNB,2021,554.530675033104
Guinea-Bissau,GNB,2020,575.586004510945
Guinea-Bissau,GNB,2019,585.911013180369
Guinea-Bissau,GNB,2018,555.446458398226
Guinea-Bissau,GNB,2017,580.656749587858
Guinea-Bissau,GNB,2016,592.605615063022
Guinea-Bissau,GNB,2015,591.21169798261
Guinea-Bissau,GNB,2014,493.757329875312
Guinea-Bissau,GNB,2013,493.899623852237
Guyana,GUY,2025,208.5
Guyana,GUY,2024,208.5
Guyana,GUY,2023,208.5
Guyana,GUY,2022,208.5
Guyana,GUY,2021,208.5
Guyana,GUY,2020,208.5
Guyana,GUY,2019,208.5
Guyana,GUY,2018,207.716666666667
Guyana,GUY,2017,206.5
Guyana,GUY,2016,206.5
Guyana,GUY,2015,206.5
Guyana,GUY,2014,206.449166666667
Guyana,GUY,2013,205.394166666667
Haiti,HTI,2025,130.626409210526
Haiti,HTI,2024,131.810991666667
Haiti,HTI,2023,141.035912702189
Haiti,HTI,2022,115.630715521746
Haiti,HTI,2021,89.2266365116304
Haiti,HTI,2020,93.5098072136213
Haiti,HTI,2019,88.8149661769193
Haiti,HTI,2018,68.0317539812812
Haiti,HTI,2017,64.7696802849928
Haiti,HTI,2016,63.3358183698924
Haiti,HTI,2015,50.7064266739439
Haiti,HTI,2014,45.2159808923792
Haiti,HTI,2013,43.4627833333333
Honduras,HND,2025,25.9526748179551
Honduras,HND,2024,24.7992824415521
Honduras,HND,2023,24.6016468236818
Honduras,HND,2022,24.4858737291131
Honduras,HND,2021,24.0166553242681
Honduras,HND,2020,24.5818805172846
Honduras,HND,2019,24.5085389148926
Honduras,HND,2018,23.9027282925432
Honduras,HND,2017,23.4870839434552
Honduras,HND,2016,22.835018390426
Honduras,HND,2015,21.945175
Honduras,HND,2014,20.9871583333333
Honduras,HND,2013,20.3537791666667
"Hong Kong SAR, China",HKG,2025,7.79708333333333
"Hong Kong SAR, China",HKG,2024,7.80383333333334
"Hong Kong SAR, China",HKG,2023,7.82958333333333
"Hong Kong SAR, China",HKG,2022,7.83141666666666
"Hong Kong SAR, China",HKG,2021,7.77325
"Hong Kong SAR, China",HKG,2020,7.75725
"Hong Kong SAR, China",HKG,2019,7.83591666666667
"Hong Kong SAR, China",HKG,2018,7.8385
"Hong Kong SAR, China",HKG,2017,7.79325
"Hong Kong SAR, China",HKG,2016,7.76225
"Hong Kong SAR, China",HKG,2015,7.75175
"Hong Kong SAR, China",HKG,2014,7.75408333333333
"Hong Kong SAR, China",HKG,2013,7.756
Hungary,HUN,2025,353.14
Hungary,HUN,2024,365.690833333333
Hungary,HUN,2023,353.088333333333
Hungary,HUN,2022,372.595833333333
Hungary,HUN,2021,303.140833333333
Hungary,HUN,2020,307.996666666667
Hungary,HUN,2019,290.66
Hungary,HUN,2018,270.211666666667
Hungary,HUN,2017,274.433333333333
Hungary,HUN,2016,281.523333333333
Hungary,HUN,2015,279.3325
Hungary,HUN,2014,232.601666666667
Hungary,HUN,2013,223.695
Iceland,ISL,2025,128.441487054951
Iceland,ISL,2024,137.958025978154
Iceland,ISL,2023,137.942952429967
Iceland,ISL,2022,135.27990200138
Iceland,ISL,2021,126.988860204557
Iceland,ISL,2020,135.421711629205
Iceland,ISL,2019,122.606773601907
Iceland,ISL,2018,108.300176306626
Iceland,ISL,2017,106.839572014
Iceland,ISL,2016,120.811548065239
Iceland,ISL,2015,131.918708431432
Iceland,ISL,2014,116.767352506899
Iceland,ISL,2013,122.179121320458
India,IND,2025,87.1584483507393
India,IND,2024,83.669281580941
India,IND,2023,82.5992764460784
India,IND,2022,78.6044905829916
India,IND,2021,73.9180128154351
India,IND,2020,74.0995668836052
India,IND,2019,70.4203405359551
India,IND,2018,68.3894670935422
India,IND,2017,65.1215686450659
India,IND,2016,67.1953128073894
India,IND,2015,64.1519444632786
India,IND,2014,61.0295144607843
India,IND,2013,58.5978454166667
Indonesia,IDN,2025,16477.8651797836
Indonesia,IDN,2024,15855.4482866711
Indonesia,IDN,2023,15236.8846620506
Indonesia,IDN,2022,14849.8539362105
Indonesia,IDN,2021,14308.1439011897
Indonesia,IDN,2020,14582.2034678177
Indonesia,IDN,2019,14147.6713605454
Indonesia,IDN,2018,14236.9387734818
Indonesia,IDN,2017,13380.8338788891
Indonesia,IDN,2016,13308.3268020542
Indonesia,IDN,2015,13389.4129365079
Indonesia,IDN,2014,11865.2112962963
Indonesia,IDN,2013,10461.24
"Iran, Islamic Rep.",IRN,2025,
"Iran, Islamic Rep.",IRN,2024,
"Iran, Islamic Rep.",IRN,2023,42000.0
"Iran, Islamic Rep.",IRN,2022,42000.0
"Iran, Islamic Rep.",IRN,2021,42000.0
"Iran, Islamic Rep.",IRN,2020,42000.0
"Iran, Islamic Rep.",IRN,2019,42000.0
"Iran, Islamic Rep.",IRN,2018,40864.329009777
"Iran, Islamic Rep.",IRN,2017,33226.2981524127
"Iran, Islamic Rep.",IRN,2016,30914.8524362967
"Iran, Islamic Rep.",IRN,2015,29011.4913770529
"Iran, Islamic Rep.",IRN,2014,25941.6641445972
"Iran, Islamic Rep.",IRN,2013,18414.4480100374
Iraq,IRQ,2025,
Iraq,IRQ,2024,1300.0
Iraq,IRQ,2023,1312.5
Iraq,IRQ,2022,1450.0
Iraq,IRQ,2021,1450.0
Iraq,IRQ,2020,1192.0
Iraq,IRQ,2019,1182.0
Iraq,IRQ,2018,1182.75
Iraq,IRQ,2017,1184.0
Iraq,IRQ,2016,1182.0
Iraq,IRQ,2015,1167.33333333333
Iraq,IRQ,2014,1166.0
Iraq,IRQ,2013,1166.0
Ireland,IRL,2025,0.88496895841236
Ireland,IRL,2024,0.923889546117607
Ireland,IRL,2023,0.924839558470698
Ireland,IRL,2022,0.949623753156941
Ireland,IRL,2021,0.84549413889045
Ireland,IRL,2020,0.875506396987998
Ireland,IRL,2019,0.893276257067409
Ireland,IRL,2018,0.846772667108111
Ireland,IRL,2017,0.885205508269372
Ireland,IRL,2016,0.903421436257263
Ireland,IRL,2015,0.901296423367096
Ireland,IRL,2014,0.752728196932603
Ireland,IRL,2013,0.752945122701996
Isle of Man,IMN,2025,0.759473957338608
Isle of Man,IMN,2024,0.782414580986262
Isle of Man,IMN,2023,0.804538906734353
Isle of Man,IMN,2022,0.811301715827773
Isle of Man,IMN,2021,0.727064944688322
Isle of Man,IMN,2020,0.779999576697153
Isle of Man,IMN,2019,0.783445110011929
Isle of Man,IMN,2018,0.749531540259847
Isle of Man,IMN,2017,0.776976682344123
Isle of Man,IMN,2016,0.740634463697084
Isle of Man,IMN,2015,0.654545478931426
Isle of Man,IMN,2014,0.607729626878255
Isle of Man,IMN,2013,0.639660577613477
Israel,ISR,2025,3.45189166666667
Israel,ISR,2024,3.69971964970892
Israel,ISR,2023,3.6673747160226
Israel,ISR,2022,3.35961440158189
Israel,ISR,2021,3.23019832251082
Israel,ISR,2020,3.44240585198793
Israel,ISR,2019,3.56452734661093
Israel,ISR,2018,3.59055812689938
Israel,ISR,2017,3.59955554812834
Israel,ISR,2016,3.84056666666667
Israel,ISR,2015,3.88683333333333
Israel,ISR,2014,3.577925
Israel,ISR,2013,3.61075833333333
Italy,ITA,2025,0.88496895841236
Italy,ITA,2024,0.923889546117607
Italy,ITA,2023,0.924839558470698
Italy,ITA,2022,0.949623753156941
Italy,ITA,2021,0.84549413889045
Italy,ITA,2020,0.875506396987998
Italy,ITA,2019,0.893276257067409
Italy,ITA,2018,0.846772667108111
Italy,ITA,2017,0.885205508269372
Italy,ITA,2016,0.903421436257263
Italy,ITA,2015,0.901296423367096
Italy,ITA,2014,0.752728196932603
Italy,ITA,2013,0.752945122701996
Jamaica,JAM,2025,159.096428305753
Jamaica,JAM,2024,156.439540115298
Jamaica,JAM,2023,154.158779031722
Jamaica,JAM,2022,153.426816475659
Jamaica,JAM,2021,150.790105943026
Jamaica,JAM,2020,142.402832756013
Jamaica,JAM,2019,133.31211833796
Jamaica,JAM,2018,128.87151906466
Jamaica,JAM,2017,127.964544179198
Jamaica,JAM,2016,125.095034603174
Jamaica,JAM,2015,116.969776646049
Jamaica,JAM,2014,110.934527811188
Jamaica,JAM,2013,100.39788320358
Japan,JPN,2025,149.657926890952
Japan,JPN,2024,151.366291302752
Japan,JPN,2023,140.49110006234
Japan,JPN,2022,131.498140443764
Japan,JPN,2021,109.754323839417
Japan,JPN,2020,106.774582262437
Japan,JPN,2019,109.009665900863
Japan,JPN,2018,110.42317934106
Japan,JPN,2017,112.166141081871
Japan,JPN,2016,108.792900046834
Japan,JPN,2015,121.044025684011
Japan,JPN,2014,105.944781034025
Japan,JPN,2013,97.5956582776385
Jordan,JOR,2025,0.71
Jordan,JOR,2024,0.71
Jordan,JOR,2023,0.71
Jordan,JOR,2022,0.71
Jordan,JOR,2021,0.71
Jordan,JOR,2020,0.71
Jordan,JOR,2019,0.71
Jordan,JOR,2018,0.71
Jordan,JOR,2017,0.71
Jordan,JOR,2016,0.71
Jordan,JOR,2015,0.71
Jordan,JOR,2014,0.71
Jordan,JOR,2013,0.71
Kazakhstan,KAZ,2025,521.035
Kazakhstan,KAZ,2024,468.9625
Kazakhstan,KAZ,2023,456.165
Kazakhstan,KAZ,2022,460.165
Kazakhstan,KAZ,2021,425.9075
Kazakhstan,KAZ,2020,412.953333333333
Kazakhstan,KAZ,2019,382.747310606061
Kazakhstan,KAZ,2018,344.705833333333
Kazakhstan,KAZ,2017,326.001022727273
Kazakhstan,KAZ,2016,342.16
Kazakhstan,KAZ,2015,221.728333333333
Kazakhstan,KAZ,2014,179.191666666667
Kazakhstan,KAZ,2013,152.129166666667
Kenya,KEN,2025,129.302572099377
Kenya,KEN,2024,134.822483279332
Kenya,KEN,2023,139.846383759617
Kenya,KEN,2022,117.865989201682
Kenya,KEN,2021,109.637746592367
Kenya,KEN,2020,106.450780158517
Kenya,KEN,2019,101.99129838935
Kenya,KEN,2018,101.301574049018
Kenya,KEN,2017,103.410004519014
Kenya,KEN,2016,101.504369498594
Kenya,KEN,2015,98.1784533265271
Kenya,KEN,2014,87.9221638089727
Kenya,KEN,2013,86.1228788982654
Kiribati,KIR,2025,1.5519978866485
Kiribati,KIR,2024,1.51535803855596
Kiribati,KIR,2023,1.50519106560508
Kiribati,KIR,2022,1.44166445896522
Kiribati,KIR,2021,1.33122425957081
Kiribati,KIR,2020,1.45308511847016
Kiribati,KIR,2019,1.43850654421382
Kiribati,KIR,2018,1.33841214646451
Kiribati,KIR,2017,1.30475807671592
Kiribati,KIR,2016,1.34521397601947
Kiribati,KIR,2015,1.33109026245502
Kiribati,KIR,2014,1.10936329281692
Kiribati,KIR,2013,1.03584309652054
"Korea, Dem. People's Rep.",PRK,2025,
"Korea, Dem. People's Rep.",PRK,2024,
"Korea, Dem. People's Rep.",PRK,2023,
"Korea, Dem. People's Rep.",PRK,2022,
"Korea, Dem. People's Rep.",PRK,2021,
"Korea, Dem. People's Rep.",PRK,2020,
"Korea, Dem. People's Rep.",PRK,2019,
"Korea, Dem. People's Rep.",PRK,2018,
"Korea, Dem. People's Rep.",PRK,2017,
"Korea, Dem. People's Rep.",PRK,2016,
"Korea, Dem. People's Rep.",PRK,2015,
"Korea, Dem. People's Rep.",PRK,2014,
"Korea, Dem. People's Rep.",PRK,2013,
"Korea, Rep.",KOR,2025,1422.44083333333
"Korea, Rep.",KOR,2024,1363.375
"Korea, Rep.",KOR,2023,1305.6625
"Korea, Rep.",KOR,2022,1291.44666666667
"Korea, Rep.",KOR,2021,1143.95166666667
"Korea, Rep.",KOR,2020,1180.26583333333
"Korea, Rep.",KOR,2019,1165.3575
"Korea, Rep.",KOR,2018,1100.16333333333
"Korea, Rep.",KOR,2017,1131.00083333333
"Korea, Rep.",KOR,2016,1160.7675
"Korea, Rep.",KOR,2015,1130.9525
"Korea, Rep.",KOR,2014,1052.84
"Korea, Rep.",KOR,2013,1094.9825
Kosovo,XKX,2025,0.887144250370588
Kosovo,XKX,2024,0.924367447270267
Kosovo,XKX,2023,0.924709622987356
Kosovo,XKX,2022,0.950915533962108
Kosovo,XKX,2021,0.845376564367945
Kosovo,XKX,2020,0.877475207233012
Kosovo,XKX,2019,0.893215581479226
Kosovo,XKX,2018,0.846772667108096
Kosovo,XKX,2017,0.88520550826938
Kosovo,XKX,2016,0.903421436257288
Kosovo,XKX,2015,0.901296423367096
Kosovo,XKX,2014,0.752728196932591
Kosovo,XKX,2013,0.752945122702002
Kuwait,KWT,2025,0.306454776364578
Kuwait,KWT,2024,0.306690648597046
Kuwait,KWT,2023,0.30718535125088
Kuwait,KWT,2022,0.306250154417753
Kuwait,KWT,2021,0.301643110769949
Kuwait,KWT,2020,0.306233121756716
Kuwait,KWT,2019,0.303611163035755
Kuwait,KWT,2018,0.301956493524177
Kuwait,KWT,2017,0.303349758333333
Kuwait,KWT,2016,0.302137441178496
Kuwait,KWT,2015,0.300852025
Kuwait,KWT,2014,0.284567141666667
Kuwait,KWT,2013,0.283589441666667
Kyrgyz Republic,KGZ,2025,
Kyrgyz Republic,KGZ,2024,87.1503126405883
Kyrgyz Republic,KGZ,2023,87.8561255862776
Kyrgyz Republic,KGZ,2022,84.1162225704045
Kyrgyz Republic,KGZ,2021,84.6408220065285
Kyrgyz Republic,KGZ,2020,77.3461127039303
Kyrgyz Republic,KGZ,2019,69.7893491807476
Kyrgyz Republic,KGZ,2018,68.840320327701
Kyrgyz Republic,KGZ,2017,68.866667859063
Kyrgyz Republic,KGZ,2016,69.9140658252997
Kyrgyz Republic,KGZ,2015,64.4621082725294
Kyrgyz Republic,KGZ,2014,53.654058312852
Kyrgyz Republic,KGZ,2013,48.4380590087726
Lao PDR,LAO,2025,
Lao PDR,LAO,2024,20167.3313803145
Lao PDR,LAO,2023,17688.8735909054
Lao PDR,LAO,2022,14035.2266926511
Lao PDR,LAO,2021,9697.91578947368
Lao PDR,LAO,2020,9045.78783382479
Lao PDR,LAO,2019,8679.40909309671
Lao PDR,LAO,2018,8401.33476613966
Lao PDR,LAO,2017,8244.84318921019
Lao PDR,LAO,2016,8124.36675616228
Lao PDR,LAO,2015,8127.61059846586
Lao PDR,LAO,2014,8042.42157002354
Lao PDR,LAO,2013,7833.22998982965
Latvia,LVA,2025,0.88496895841236
Latvia,LVA,2024,0.923889546117607
Latvia,LVA,2023,0.924839558470698
Latvia,LVA,2022,0.949623753156941
Latvia,LVA,2021,0.84549413889045
Latvia,LVA,2020,0.875506396987998
Latvia,LVA,2019,0.893276257067409
Latvia,LVA,2018,0.846772667108111
Latvia,LVA,2017,0.885205508269372
Latvia,LVA,2016,0.903421436257263
Latvia,LVA,2015,0.901296423367096
Latvia,LVA,2014,0.752728196932603
Latvia,LVA,2013,0.529391666666667
Lebanon,LBN,2025,89500.0
Lebanon,LBN,2024,89500.0
Lebanon,LBN,2023,13875.625
Lebanon,LBN,2022,1507.5
Lebanon,LBN,2021,1507.5
Lebanon,LBN,2020,1507.5
Lebanon,LBN,2019,1507.5
Lebanon,LBN,2018,1507.5
Lebanon,LBN,2017,1507.5
Lebanon,LBN,2016,1507.5
Lebanon,LBN,2015,1507.5
Lebanon,LBN,2014,1507.5
Lebanon,LBN,2013,1507.5
Lesotho,LSO,2025,17.8887489855833
Lesotho,LSO,2024,18.3286575505
Lesotho,LSO,2023,18.4502441785
Lesotho,LSO,2022,16.3558534845
Lesotho,LSO,2021,14.7786782139167
Lesotho,LSO,2020,16.4591053903333
Lesotho,LSO,2019,14.4484270548333
Lesotho,LSO,2018,13.2339264715833
Lesotho,LSO,2017,13.3238014244992
Lesotho,LSO,2016,14.7096108855267
Lesotho,LSO,2015,12.7589308811644
Lesotho,LSO,2014,10.8526555687831
Lesotho,LSO,2013,9.65505606913526
Liberia,LBR,2025,
Liberia,LBR,2024,191.306666666667
Liberia,LBR,2023,174.955982783514
Liberia,LBR,2022,152.933756840022
Liberia,LBR,2021,166.153700752442
Liberia,LBR,2020,191.517957643463
Liberia,LBR,2019,186.429744551072
Liberia,LBR,2018,144.055575801282
Liberia,LBR,2017,112.706666666667
Liberia,LBR,2016,94.4272435897436
Liberia,LBR,2015,86.1883665716999
Liberia,LBR,2014,83.8925
Liberia,LBR,2013,77.52
Libya,LBY,2025,5.30256666666666
Libya,LBY,2024,4.83220833333333
Libya,LBY,2023,4.81288333333334
Libya,LBY,2022,4.813175
Libya,LBY,2021,4.514425
Libya,LBY,2020,1.38866668346465
Libya,LBY,2019,1.39826289736928
Libya,LBY,2018,1.36496666666667
Libya,LBY,2017,1.3938200108235
Libya,LBY,2016,1.39036867889833
Libya,LBY,2015,1.38120985962103
Libya,LBY,2014,1.27240206718888
Libya,LBY,2013,1.27169182111774
Liechtenstein,LIE,2025,0.831355833333333
Liechtenstein,LIE,2024,0.880440833333333
Liechtenstein,LIE,2023,0.89849
Liechtenstein,LIE,2022,0.9548325
Liechtenstein,LIE,2021,0.913845833333333
Liechtenstein,LIE,2020,0.938965
Liechtenstein,LIE,2019,0.993709166666667
Liechtenstein,LIE,2018,0.977891666666667
Liechtenstein,LIE,2017,0.984691666666667
Liechtenstein,LIE,2016,0.985394394244835
Liechtenstein,LIE,2015,0.962381328004354
Liechtenstein,LIE,2014,0.916151047283613
Liechtenstein,LIE,2013,0.926903547758285
Lithuania,LTU,2025,0.88496895841236
Lithuania,LTU,2024,0.923889546117607
Lithuania,LTU,2023,0.924839558470698
Lithuania,LTU,2022,0.949623753156941
Lithuania,LTU,2021,0.84549413889045
Lithuania,LTU,2020,0.875506396987998
Lithuania,LTU,2019,0.893276257067409
Lithuania,LTU,2018,0.846772667108111
Lithuania,LTU,2017,0.885205508269372
Lithuania,LTU,2016,0.903421436257263
Lithuania,LTU,2015,0.901296423367096
Lithuania,LTU,2014,2.60029166666667
Lithuania,LTU,2013,2.60100833333333
Luxembourg,LUX,2025,0.88496895841236
Luxembourg,LUX,2024,0.923889546117607
Luxembourg,LUX,2023,0.924839558470698
Luxembourg,LUX,2022,0.949623753156941
Luxembourg,LUX,2021,0.84549413889045
Luxembourg,LUX,2020,0.875506396987998
Luxembourg,LUX,2019,0.893276257067409
Luxembourg,LUX,2018,0.846772667108111
Luxembourg,LUX,2017,0.885205508269372
Luxembourg,LUX,2016,0.903421436257263
Luxembourg,LUX,2015,0.901296423367096
Luxembourg,LUX,2014,0.752728196932603
Luxembourg,LUX,2013,0.752945122701996
"Macao SAR, China",MAC,2025,8.02981025
"Macao SAR, China",MAC,2024,8.03683075
"Macao SAR, China",MAC,2023,8.06339008333333
"Macao SAR, China",MAC,2022,8.06520608333333
"Macao SAR, China",MAC,2021,8.00553175
"Macao SAR, China",MAC,2020,7.98906191666666
"Macao SAR, China",MAC,2019,8.07047033333333
"Macao SAR, China",MAC,2018,8.07250741666667
"Macao SAR, China",MAC,2017,8.026001
"Macao SAR, China",MAC,2016,7.99506425
"Macao SAR, China",MAC,2015,7.98496041666667
"Macao SAR, China",MAC,2014,7.987129
"Macao SAR, China",MAC,2013,7.98925533333333
Madagascar,MDG,2025,4529.75125196405
Madagascar,MDG,2024,4525.42472099152
Madagascar,MDG,2023,4429.57921419022
Madagascar,MDG,2022,4096.11618374535
Madagascar,MDG,2021,3829.97784932976
Madagascar,MDG,2020,3787.75405817574
Madagascar,MDG,2019,3618.32185816072
Madagascar,MDG,2018,3334.75225490196
Madagascar,MDG,2017,3116.11
Madagascar,MDG,2016,3176.53916666667
Madagascar,MDG,2015,2933.50833333333
Madagascar,MDG,2014,2414.81166666667
Madagascar,MDG,2013,2206.91416666667
Malawi,MWI,2025,
Malawi,MWI,2024,
Malawi,MWI,2023,1161.09436666667
Malawi,MWI,2022,949.039016666667
Malawi,MWI,2021,805.899650132837
Malawi,MWI,2020,749.527493882201
Malawi,MWI,2019,745.540667877372
Malawi,MWI,2018,732.333333333333
Malawi,MWI,2017,730.2725
Malawi,MWI,2016,718.005
Malawi,MWI,2015,499.605833333333
Malawi,MWI,2014,424.896666666666
Malawi,MWI,2013,364.405833333333
Malaysia,MYS,2025,4.28442415048243
Malaysia,MYS,2024,4.5764279106858
Malaysia,MYS,2023,4.56062343240897
Malaysia,MYS,2022,4.40107634540072
Malaysia,MYS,2021,4.14329759817721
Malaysia,MYS,2020,4.20348194851884
Malaysia,MYS,2019,4.14246973569731
Malaysia,MYS,2018,4.03513013706806
Malaysia,MYS,2017,4.30044087761124
Malaysia,MYS,2016,4.14830066287879
Malaysia,MYS,2015,3.90550026302768
Malaysia,MYS,2014,3.27285974643047
Malaysia,MYS,2013,3.15090855009724
Maldives,MDV,2025,15.415677547363
Maldives,MDV,2024,15.3891963292547
Maldives,MDV,2023,15.3867943548387
Maldives,MDV,2022,15.386625
Maldives,MDV,2021,15.3726984126984
Maldives,MDV,2020,15.3812695278705
Maldives,MDV,2019,15.3820419226831
Maldives,MDV,2018,15.3908372695852
Maldives,MDV,2017,15.3869685099846
Maldives,MDV,2016,15.3684076818158
Maldives,MDV,2015,15.3663312211982
Maldives,MDV,2014,15.3803935180893
Maldives,MDV,2013,15.3667100302841
Mali,MLI,2025,581.92848104034
Mali,MLI,2024,606.345297609063
Mali,MLI,2023,606.569750165917
Mali,MLI,2022,623.759700911182
Mali,MLI,2021,554.530675033104
Mali,MLI,2020,575.586004510945
Mali,MLI,2019,585.911013180369
Mali,MLI,2018,555.446458398226
Mali,MLI,2017,580.656749587858
Mali,MLI,2016,592.605615063022
Mali,MLI,2015,591.21169798261
Mali,MLI,2014,493.757329875312
Mali,MLI,2013,493.899623852237
Malta,MLT,2025,0.88496895841236
Malta,MLT,2024,0.923889546117607
Malta,MLT,2023,0.924839558470698
Malta,MLT,2022,0.949623753156941
Malta,MLT,2021,0.84549413889045
Malta,MLT,2020,0.875506396987998
Malta,MLT,2019,0.893276257067409
Malta,MLT,2018,0.846772667108111
Malta,MLT,2017,0.885205508269372
Malta,MLT,2016,0.903421436257263
Malta,MLT,2015,0.901296423367096
Malta,MLT,2014,0.752728196932603
Malta,MLT,2013,0.752945122701996
Marshall Islands,MHL,2025,1.0
Marshall Islands,MHL,2024,1.0
Marshall Islands,MHL,2023,1.0
Marshall Islands,MHL,2022,1.0
Marshall Islands,MHL,2021,1.0
Marshall Islands,MHL,2020,1.0
Marshall Islands,MHL,2019,1.0
Marshall Islands,MHL,2018,1.0
Marshall Islands,MHL,2017,1.0
Marshall Islands,MHL,2016,1.0
Marshall Islands,MHL,2015,1.0
Marshall Islands,MHL,2014,1.0
Marshall Islands,MHL,2013,1.0
Mauritania,MRT,2025,
Mauritania,MRT,2024,
Mauritania,MRT,2023,36.4891666666666
Mauritania,MRT,2022,36.935
Mauritania,MRT,2021,36.0633333333333
Mauritania,MRT,2020,37.1891666666667
Mauritania,MRT,2019,36.6908333333334
Mauritania,MRT,2018,35.6775
Mauritania,MRT,2017,35.7944166666667
Mauritania,MRT,2016,35.2370833333334
Mauritania,MRT,2015,32.4671666666667
Mauritania,MRT,2014,30.2725
Mauritania,MRT,2013,30.0681666666667
Mauritius,MUS,2025,45.9969666666667
Mauritius,MUS,2024,46.414675
Mauritius,MUS,2023,45.267225
Mauritius,MUS,2022,44.182775
Mauritius,MUS,2021,41.6921333333333
Mauritius,MUS,2020,39.3469333333333
Mauritius,MUS,2019,35.4735166666667
Mauritius,MUS,2018,33.93445
Mauritius,MUS,2017,34.4814083333333
Mauritius,MUS,2016,35.5418833333333
Mauritius,MUS,2015,35.0567
Mauritius,MUS,2014,30.6216166666667
Mauritius,MUS,2013,30.7013583333333
Mexico,MEX,2025,19.2375083333333
Mexico,MEX,2024,18.3048583333333
Mexico,MEX,2023,17.7587166666667
Mexico,MEX,2022,20.12735
Mexico,MEX,2021,20.2724083333333
Mexico,MEX,2020,21.4856083333333
Mexico,MEX,2019,19.2636333333333
Mexico,MEX,2018,19.2443416666667
Mexico,MEX,2017,18.9265166666667
Mexico,MEX,2016,18.6640583333333
Mexico,MEX,2015,15.8482666666667
Mexico,MEX,2014,13.29245
Mexico,MEX,2013,12.7719916666667
"Micronesia, Fed. Sts.",FSM,2025,1.0
"Micronesia, Fed. Sts.",FSM,2024,1.0
"Micronesia, Fed. Sts.",FSM,2023,1.0
"Micronesia, Fed. Sts.",FSM,2022,1.0
"Micronesia, Fed. Sts.",FSM,2021,1.0
"Micronesia, Fed. Sts.",FSM,2020,1.0
"Micronesia, Fed. Sts.",FSM,2019,1.0
"Micronesia, Fed. Sts.",FSM,2018,1.0
"Micronesia, Fed. Sts.",FSM,2017,1.0
"Micronesia, Fed. Sts.",FSM,2016,1.0
"Micronesia, Fed. Sts.",FSM,2015,1.0
"Micronesia, Fed. Sts.",FSM,2014,1.0
"Micronesia, Fed. Sts.",FSM,2013,1.0
Moldova,MDA,2025,17.3778474404762
Moldova,MDA,2024,17.791907688172
Moldova,MDA,2023,18.1639377592166
Moldova,MDA,2022,18.8971896198157
Moldova,MDA,2021,17.6804661418331
Moldova,MDA,2020,17.3218352091831
Moldova,MDA,2019,17.5734688664875
Moldova,MDA,2018,16.8020517223502
Moldova,MDA,2017,18.4990348873528
Moldova,MDA,2016,19.923827563342
Moldova,MDA,2015,18.8184751452893
Moldova,MDA,2014,14.0356300499232
Moldova,MDA,2013,12.5867562314388
Monaco,MCO,2025,0.88496895841236
Monaco,MCO,2024,0.923889546117607
Monaco,MCO,2023,0.924839558470698
Monaco,MCO,2022,0.949623753156941
Monaco,MCO,2021,0.84549413889045
Monaco,MCO,2020,0.875506396987998
Monaco,MCO,2019,0.893276257067409
Monaco,MCO,2018,0.846772667108111
Monaco,MCO,2017,0.885205508269372
Monaco,MCO,2016,0.903421436257263
Monaco,MCO,2015,0.901296423367096
Monaco,MCO,2014,0.752728196932603
Monaco,MCO,2013,0.752945122701996
Mongolia,MNG,2025,3545.14356555046
Mongolia,MNG,2024,3389.98152022101
Mongolia,MNG,2023,3465.73653626198
Mongolia,MNG,2022,3140.67788364809
Mongolia,MNG,2021,2849.2886145414
Mongolia,MNG,2020,2813.28983532639
Mongolia,MNG,2019,2663.54139820163
Mongolia,MNG,2018,2472.48405114235
Mongolia,MNG,2017,2439.77720111244
Mongolia,MNG,2016,2140.29086406116
Mongolia,MNG,2015,1970.30916666667
Mongolia,MNG,2014,1817.93870833333
Mongolia,MNG,2013,1523.9275
Montenegro,MNE,2025,0.887144250370588
Montenegro,MNE,2024,0.924367447270267
Montenegro,MNE,2023,0.924709622987356
Montenegro,MNE,2022,0.950915533962108
Montenegro,MNE,2021,0.845376564367945
Montenegro,MNE,2020,0.877475207233012
Montenegro,MNE,2019,0.893215581479226
Montenegro,MNE,2018,0.846772667108096
Montenegro,MNE,2017,0.88520550826938
Montenegro,MNE,2016,0.903421436257288
Montenegro,MNE,2015,0.901296423367096
Montenegro,MNE,2014,0.752728196932591
Montenegro,MNE,2013,0.752945122702002
Morocco,MAR,2025,9.35027697089947
Morocco,MAR,2024,9.94235921679198
Morocco,MAR,2023,10.1314260970897
Morocco,MAR,2022,10.1606602430359
Morocco,MAR,2021,8.98848402414138
Morocco,MAR,2020,9.49684732221969
Morocco,MAR,2019,9.61707609950743
Morocco,MAR,2018,9.38610242091972
Morocco,MAR,2017,9.6919978888289
Morocco,MAR,2016,9.8074760315025
Morocco,MAR,2015,9.76434827950111
Morocco,MAR,2014,8.40633668826152
Morocco,MAR,2013,8.4055039167443
Mozambique,MOZ,2025,
Mozambique,MOZ,2024,63.905
Mozambique,MOZ,2023,63.8858333333333
Mozambique,MOZ,2022,63.8508333333333
Mozambique,MOZ,2021,65.465
Mozambique,MOZ,2020,69.465
Mozambique,MOZ,2019,62.5483333333333
Mozambique,MOZ,2018,60.3262076432022
Mozambique,MOZ,2017,63.584322913399
Mozambique,MOZ,2016,63.0562327310371
Mozambique,MOZ,2015,39.9824741465406
Mozambique,MOZ,2014,31.3526877009443
Mozambique,MOZ,2013,30.1041110929498
Myanmar,MMR,2025,
Myanmar,MMR,2024,
Myanmar,MMR,2023,
Myanmar,MMR,2022,
Myanmar,MMR,2021,
Myanmar,MMR,2020,1381.61916666667
Myanmar,MMR,2019,1518.25511666667
Myanmar,MMR,2018,1429.80797520107
Myanmar,MMR,2017,1360.35870704085
Myanmar,MMR,2016,1234.86951666667
Myanmar,MMR,2015,1162.61532862554
Myanmar,MMR,2014,984.345747560046
Myanmar,MMR,2013,933.570456356879
Namibia,NAM,2025,17.8887333333333
Namibia,NAM,2024,18.3286583333333
Namibia,NAM,2023,18.4463083333333
Namibia,NAM,2022,16.3558583333333
Namibia,NAM,2021,14.778675
Namibia,NAM,2020,16.4632666666667
Namibia,NAM,2019,14.4486904166667
Namibia,NAM,2018,13.2339416666667
Namibia,NAM,2017,13.3129
Namibia,NAM,2016,14.7087666666667
Namibia,NAM,2015,12.8819208333333
Namibia,NAM,2014,10.8428875
Namibia,NAM,2013,9.750075
Naoero,NRU,2025,1.5519978866485
Naoero,NRU,2024,1.51535803855596
Naoero,NRU,2023,1.50519106560508
Naoero,NRU,2022,1.44166445896522
Naoero,NRU,2021,1.33122425957081
Naoero,NRU,2020,1.45308511847016
Naoero,NRU,2019,1.43850654421382
Naoero,NRU,2018,1.33841214646451
Naoero,NRU,2017,1.30475807671592
Naoero,NRU,2016,1.34521397601947
Naoero,NRU,2015,1.33109026245502
Naoero,NRU,2014,1.10936329281692
Naoero,NRU,2013,1.03584309652054
Nepal,NPL,2025,139.115437592696
Nepal,NPL,2024,133.726644315443
Nepal,NPL,2023,132.115460088756
Nepal,NPL,2022,125.199457792609
Nepal,NPL,2021,118.134081604947
Nepal,NPL,2020,118.345187275986
Nepal,NPL,2019,112.609482758621
Nepal,NPL,2018,108.930134109273
Nepal,NPL,2017,104.511885242862
Nepal,NPL,2016,107.383815174654
Nepal,NPL,2015,102.405134331356
Nepal,NPL,2014,97.5548421567946
Nepal,NPL,2013,93.0843938075485
Netherlands,NLD,2025,0.88496895841236
Netherlands,NLD,2024,0.923889546117607
Netherlands,NLD,2023,0.924839558470698
Netherlands,NLD,2022,0.949623753156941
Netherlands,NLD,2021,0.84549413889045
Netherlands,NLD,2020,0.875506396987998
Netherlands,NLD,2019,0.893276257067409
Netherlands,NLD,2018,0.846772667108111
Netherlands,NLD,2017,0.885205508269372
Netherlands,NLD,2016,0.903421436257263
Netherlands,NLD,2015,0.901296423367096
Netherlands,NLD,2014,0.752728196932603
Netherlands,NLD,2013,0.752945122701996
New Caledonia,NCL,2025,105.864431541948
New Caledonia,NCL,2024,110.306338907421
New Caledonia,NCL,2023,110.34717131744
New Caledonia,NCL,2022,113.474367224106
New Caledonia,NCL,2021,100.880222566186
New Caledonia,NCL,2020,104.710608186968
New Caledonia,NCL,2019,106.588933804405
New Caledonia,NCL,2018,101.046821879543
New Caledonia,NCL,2017,105.633078151149
New Caledonia,NCL,2016,107.806815805024
New Caledonia,NCL,2015,107.553234404315
New Caledonia,NCL,2014,89.8243353779009
New Caledonia,NCL,2013,89.8502214987385
New Zealand,NZL,2025,1.72010833333333
New Zealand,NZL,2024,1.65230833333333
New Zealand,NZL,2023,1.62843333333333
New Zealand,NZL,2022,1.57718333333333
New Zealand,NZL,2021,1.4138
New Zealand,NZL,2020,1.54205833333333
New Zealand,NZL,2019,1.517875
New Zealand,NZL,2018,1.44525833333333
New Zealand,NZL,2017,1.40740833333333
New Zealand,NZL,2016,1.436525
New Zealand,NZL,2015,1.433975
New Zealand,NZL,2014,1.20543333333333
New Zealand,NZL,2013,1.21940797394829
Nicaragua,NIC,2025,36.6243
Nicaragua,NIC,2024,36.6243
Nicaragua,NIC,2023,36.4411942796586
Nicaragua,NIC,2022,35.874421141967
Nicaragua,NIC,2021,35.1710166666667
Nicaragua,NIC,2020,34.3421221197024
Nicaragua,NIC,2019,33.121745265284
Nicaragua,NIC,2018,31.5532123338754
Nicaragua,NIC,2017,30.0509413442878
Nicaragua,NIC,2016,28.6209624101588
Nicaragua,NIC,2015,27.2568449404762
Nicaragua,NIC,2014,25.9589003667435
Nicaragua,NIC,2013,24.7227641666667
Niger,NER,2025,581.92848104034
Niger,NER,2024,606.345297609063
Niger,NER,2023,606.569750165917
Niger,NER,2022,623.759700911182
Niger,NER,2021,554.530675033104
Niger,NER,2020,575.586004510945
Niger,NER,2019,585.911013180369
Niger,NER,2018,555.446458398226
Niger,NER,2017,580.656749587858
Niger,NER,2016,592.605615063022
Niger,NER,2015,591.21169798261
Niger,NER,2014,493.757329875312
Niger,NER,2013,493.899623852237
Nigeria,NGA,2025,1518.38094813368
Nigeria,NGA,2024,1478.96519740023
Nigeria,NGA,2023,645.194067883201
Nigeria,NGA,2022,425.979158066857
Nigeria,NGA,2021,401.152029220779
Nigeria,NGA,2020,358.810797258297
Nigeria,NGA,2019,306.920951495222
Nigeria,NGA,2018,306.083688245234
Nigeria,NGA,2017,305.790109160005
Nigeria,NGA,2016,253.492
Nigeria,NGA,2015,192.440333333333
Nigeria,NGA,2014,158.552641666667
Nigeria,NGA,2013,157.311666666667
North Macedonia,MKD,2025,54.6549666666667
North Macedonia,MKD,2024,56.8726333333333
North Macedonia,MKD,2023,56.9471916666667
North Macedonia,MKD,2022,58.5743916666667
North Macedonia,MKD,2021,52.1021583333333
North Macedonia,MKD,2020,54.144325
North Macedonia,MKD,2019,54.9472
North Macedonia,MKD,2018,52.1071083333333
North Macedonia,MKD,2017,54.6654583333333
North Macedonia,MKD,2016,55.731725
North Macedonia,MKD,2015,55.537075
North Macedonia,MKD,2014,46.4371308333333
North Macedonia,MKD,2013,46.3953416666667
Northern Mariana Islands,MNP,2025,1.0
Northern Mariana Islands,MNP,2024,1.0
Northern Mariana Islands,MNP,2023,1.0
Northern Mariana Islands,MNP,2022,1.0
Northern Mariana Islands,MNP,2021,1.0
Northern Mariana Islands,MNP,2020,1.0
Northern Mariana Islands,MNP,2019,1.0
Northern Mariana Islands,MNP,2018,1.0
Northern Mariana Islands,MNP,2017,1.0
Northern Mariana Islands,MNP,2016,1.0
Northern Mariana Islands,MNP,2015,1.0
Northern Mariana Islands,MNP,2014,1.0
Northern Mariana Islands,MNP,2013,1.0
Norway,NOR,2025,10.3958333333333
Norway,NOR,2024,10.7458333333333
Norway,NOR,2023,10.5633333333333
Norway,NOR,2022,9.61416666666667
Norway,NOR,2021,8.59
Norway,NOR,2020,9.41583333333334
Norway,NOR,2019,8.8
Norway,NOR,2018,8.1325
Norway,NOR,2017,8.27166666666666
Norway,NOR,2016,8.4
Norway,NOR,2015,8.06416666666667
Norway,NOR,2014,6.30166666666667
Norway,NOR,2013,5.875
Oman,OMN,2025,0.3845
Oman,OMN,2024,0.3845
Oman,OMN,2023,0.3845
Oman,OMN,2022,0.3845
Oman,OMN,2021,0.3845
Oman,OMN,2020,0.3845
Oman,OMN,2019,0.3845
Oman,OMN,2018,0.3845
Oman,OMN,2017,0.3845
Oman,OMN,2016,0.3845
Oman,OMN,2015,0.3845
Oman,OMN,2014,0.3845
Oman,OMN,2013,0.3845
Pakistan,PAK,2025,281.143001173202
Pakistan,PAK,2024,278.580716167563
Pakistan,PAK,2023,280.356111655149
Pakistan,PAK,2022,204.867187469982
Pakistan,PAK,2021,162.906253747418
Pakistan,PAK,2020,161.838479684718
Pakistan,PAK,2019,150.036253839864
Pakistan,PAK,2018,121.824068875756
Pakistan,PAK,2017,105.455162087938
Pakistan,PAK,2016,104.769117033301
Pakistan,PAK,2015,102.769271604675
Pakistan,PAK,2014,101.100088423521
Pakistan,PAK,2013,101.628899206349
Palau,PLW,2025,1.0
Palau,PLW,2024,1.0
Palau,PLW,2023,1.0
Palau,PLW,2022,1.0
Palau,PLW,2021,1.0
Palau,PLW,2020,1.0
Palau,PLW,2019,1.0
Palau,PLW,2018,1.0
Palau,PLW,2017,1.0
Palau,PLW,2016,1.0
Palau,PLW,2015,1.0
Palau,PLW,2014,1.0
Palau,PLW,2013,1.0
Panama,PAN,2025,1.0
Panama,PAN,2024,1.0
Panama,PAN,2023,1.0
Panama,PAN,2022,1.0
Panama,PAN,2021,1.0
Panama,PAN,2020,1.0
Panama,PAN,2019,1.0
Panama,PAN,2018,1.0
Panama,PAN,2017,1.0
Panama,PAN,2016,1.0
Panama,PAN,2015,1.0
Panama,PAN,2014,1.0
Panama,PAN,2013,1.0
Papua New Guinea,PNG,2025,4.12272372720281
Papua New Guinea,PNG,2024,3.8527502682192
Papua New Guinea,PNG,2023,3.58962274932016
Papua New Guinea,PNG,2022,3.51922970506745
Papua New Guinea,PNG,2021,3.50877192982456
Papua New Guinea,PNG,2020,3.45997438644787
Papua New Guinea,PNG,2019,3.38753768145423
Papua New Guinea,PNG,2018,3.2934630812508
Papua New Guinea,PNG,2017,3.18878838289617
Papua New Guinea,PNG,2016,3.13302930185604
Papua New Guinea,PNG,2015,2.76841166666667
Papua New Guinea,PNG,2014,2.461385
Papua New Guinea,PNG,2013,2.24451
Paraguay,PRY,2025,7545.44675537411
Paraguay,PRY,2024,7560.24758837744
Paraguay,PRY,2023,7288.87205374128
Paraguay,PRY,2022,6982.75237776692
Paraguay,PRY,2021,6774.16273484849
Paraguay,PRY,2020,6771.09742519652
Paraguay,PRY,2019,6240.72207844257
Paraguay,PRY,2018,5732.10455572912
Paraguay,PRY,2017,5618.9334516428
Paraguay,PRY,2016,5670.54089799784
Paraguay,PRY,2015,5204.92080811087
Paraguay,PRY,2014,4462.18528829093
Paraguay,PRY,2013,4303.88256599819
Peru,PER,2025,3.5670638032991
Peru,PER,2024,3.7525
Peru,PER,2023,3.74382620959376
Peru,PER,2022,3.83518137473542
Peru,PER,2021,3.88055413137587
Peru,PER,2020,3.4949411976912
Peru,PER,2019,3.3372655465368
Peru,PER,2018,3.28660269803296
Peru,PER,2017,3.2604884908321
Peru,PER,2016,3.37506158720665
Peru,PER,2015,3.18443924152237
Peru,PER,2014,2.83904413780664
Peru,PER,2013,2.70189902597403
Philippines,PHL,2025,57.5050971489715
Philippines,PHL,2024,57.2906550699734
Philippines,PHL,2023,55.630363223193
Philippines,PHL,2022,54.477785837205
Philippines,PHL,2021,49.2545977288412
Philippines,PHL,2020,49.6240960026328
Philippines,PHL,2019,51.7957826517332
Philippines,PHL,2018,52.6614299539683
Philippines,PHL,2017,50.4037197937177
Philippines,PHL,2016,47.4924638585099
Philippines,PHL,2015,45.5028399421431
Philippines,PHL,2014,44.3951543042097
Philippines,PHL,2013,42.4461848306739
Poland,POL,2025,3.76054166666667
Poland,POL,2024,3.98078333333333
Poland,POL,2023,4.20366666666667
Poland,POL,2022,4.45775833333333
Poland,POL,2021,3.86191666666667
Poland,POL,2020,3.89974166666667
Poland,POL,2019,3.839375
Poland,POL,2018,3.61171666666667
Poland,POL,2017,3.77933333333333
Poland,POL,2016,3.94278333333334
Poland,POL,2015,3.7695
Poland,POL,2014,3.15454166666667
Poland,POL,2013,3.16061666666667
Portugal,PRT,2025,0.88496895841236
Portugal,PRT,2024,0.923889546117607
Portugal,PRT,2023,0.924839558470698
Portugal,PRT,2022,0.949623753156941
Portugal,PRT,2021,0.84549413889045
Portugal,PRT,2020,0.875506396987998
Portugal,PRT,2019,0.893276257067409
Portugal,PRT,2018,0.846772667108111
Portugal,PRT,2017,0.885205508269372
Portugal,PRT,2016,0.903421436257263
Portugal,PRT,2015,0.901296423367096
Portugal,PRT,2014,0.752728196932603
Portugal,PRT,2013,0.752945122701996
Puerto Rico (US),PRI,2025,1.0
Puerto Rico (US),PRI,2024,1.0
Puerto Rico (US),PRI,2023,1.0
Puerto Rico (US),PRI,2022,1.0
Puerto Rico (US),PRI,2021,1.0
Puerto Rico (US),PRI,2020,1.0
Puerto Rico (US),PRI,2019,1.0
Puerto Rico (US),PRI,2018,1.0
Puerto Rico (US),PRI,2017,1.0
Puerto Rico (US),PRI,2016,1.0
Puerto Rico (US),PRI,2015,1.0
Puerto Rico (US),PRI,2014,1.0
Puerto Rico (US),PRI,2013,1.0
Qatar,QAT,2025,3.64
Qatar,QAT,2024,3.64
Qatar,QAT,2023,3.64
Qatar,QAT,2022,3.64
Qatar,QAT,2021,3.64
Qatar,QAT,2020,3.64
Qatar,QAT,2019,3.64
Qatar,QAT,2018,3.64
Qatar,QAT,2017,3.64
Qatar,QAT,2016,3.64
Qatar,QAT,2015,3.64
Qatar,QAT,2014,3.64
Qatar,QAT,2013,3.64
Romania,ROU,2025,4.47053333333333
Romania,ROU,2024,4.598375
Romania,ROU,2023,4.57429166666667
Romania,ROU,2022,4.688475
Romania,ROU,2021,4.16041666666666
Romania,ROU,2020,4.24399166666667
Romania,ROU,2019,4.237925
Romania,ROU,2018,3.94161666666667
Romania,ROU,2017,4.05249166666666
Romania,ROU,2016,4.05918333333333
Romania,ROU,2015,4.00566666666666
Romania,ROU,2014,3.349175
Romania,ROU,2013,3.32791666666667
Russian Federation,RUS,2025,
Russian Federation,RUS,2024,92.5524
Russian Federation,RUS,2023,85.1620083333333
Russian Federation,RUS,2022,68.4849416666667
Russian Federation,RUS,2021,73.65435
Russian Federation,RUS,2020,72.1049083333333
Russian Federation,RUS,2019,64.7376583333333
Russian Federation,RUS,2018,62.6681333333334
Russian Federation,RUS,2017,58.3428011851719
Russian Federation,RUS,2016,67.0559333333333
Russian Federation,RUS,2015,60.9376501088951
Russian Federation,RUS,2014,38.3782071444168
Russian Federation,RUS,2013,31.8371436402813
Rwanda,RWA,2025,1428.47827558333
Rwanda,RWA,2024,1318.12835733333
Rwanda,RWA,2023,1160.09869425
Rwanda,RWA,2022,1030.30829974206
Rwanda,RWA,2021,988.624806551768
Rwanda,RWA,2020,943.278048166667
Rwanda,RWA,2019,899.350509
Rwanda,RWA,2018,861.093412166667
Rwanda,RWA,2017,831.55433975
Rwanda,RWA,2016,787.25152175
Rwanda,RWA,2015,719.8595555
Rwanda,RWA,2014,682.4377953875
Rwanda,RWA,2013,646.6359745
Samoa,WSM,2025,2.79150381915391
Samoa,WSM,2024,2.75395370512433
Samoa,WSM,2023,2.73843913026323
Samoa,WSM,2022,2.68899764734059
Samoa,WSM,2021,2.55609234207843
Samoa,WSM,2020,2.66496084519696
Samoa,WSM,2019,2.64882632186605
Samoa,WSM,2018,2.58727995057261
Samoa,WSM,2017,2.55437711641037
Samoa,WSM,2016,2.56492967258212
Samoa,WSM,2015,2.5608736880983
Samoa,WSM,2014,2.33176884618308
Samoa,WSM,2013,2.31090003482576
San Marino,SMR,2025,0.887144250370588
San Marino,SMR,2024,0.924367447270267
San Marino,SMR,2023,0.924709622987356
San Marino,SMR,2022,0.950915533962108
San Marino,SMR,2021,0.845376564367945
San Marino,SMR,2020,0.877475207233012
San Marino,SMR,2019,0.893215581479226
San Marino,SMR,2018,0.846772667108096
San Marino,SMR,2017,0.88520550826938
San Marino,SMR,2016,0.903421436257288
San Marino,SMR,2015,0.901296423367096
San Marino,SMR,2014,0.752728196932591
San Marino,SMR,2013,0.752945122702002
Sao Tome and Principe,STP,2025,
Sao Tome and Principe,STP,2024,22.6430098947812
Sao Tome and Principe,STP,2023,22.6584247888496
Sao Tome and Principe,STP,2022,23.2904039548641
Sao Tome and Principe,STP,2021,20.7104015163031
Sao Tome and Principe,STP,2020,21.5070590993582
Sao Tome and Principe,STP,2019,21.8847418164689
Sao Tome and Principe,STP,2018,20.7508592370914
Sao Tome and Principe,STP,2017,21.7411383607116
Sao Tome and Principe,STP,2016,22.1488606347838
Sao Tome and Principe,STP,2015,22.0906445602113
Sao Tome and Principe,STP,2014,18.4664030495763
Sao Tome and Principe,STP,2013,18.4499526248781
Saudi Arabia,SAU,2025,3.75
Saudi Arabia,SAU,2024,3.75
Saudi Arabia,SAU,2023,3.75
Saudi Arabia,SAU,2022,3.75
Saudi Arabia,SAU,2021,3.75
Saudi Arabia,SAU,2020,3.75
Saudi Arabia,SAU,2019,3.75
Saudi Arabia,SAU,2018,3.75
Saudi Arabia,SAU,2017,3.75
Saudi Arabia,SAU,2016,3.75
Saudi Arabia,SAU,2015,3.75
Saudi Arabia,SAU,2014,3.75
Saudi Arabia,SAU,2013,3.75
Senegal,SEN,2025,581.92848104034
Senegal,SEN,2024,606.345297609063
Senegal,SEN,2023,606.569750165917
Senegal,SEN,2022,623.759700911182
Senegal,SEN,2021,554.530675033104
Senegal,SEN,2020,575.586004510945
Senegal,SEN,2019,585.911013180369
Senegal,SEN,2018,555.446458398226
Senegal,SEN,2017,580.656749587858
Senegal,SEN,2016,592.605615063022
Senegal,SEN,2015,591.21169798261
Senegal,SEN,2014,493.757329875312
Senegal,SEN,2013,493.899623852237
Serbia,SRB,2025,103.9754
Serbia,SRB,2024,108.207741666667
Serbia,SRB,2023,108.402691666667
Serbia,SRB,2022,111.662183333333
Serbia,SRB,2021,99.3959416666667
Serbia,SRB,2020,103.163291666667
Serbia,SRB,2019,105.249558333333
Serbia,SRB,2018,100.175075
Serbia,SRB,2017,107.75885
Serbia,SRB,2016,111.27785
Serbia,SRB,2015,108.811425
Serbia,SRB,2014,88.4053083333333
Serbia,SRB,2013,85.1588416666667
Seychelles,SYC,2025,14.7254562696937
Seychelles,SYC,2024,14.5296931907518
Seychelles,SYC,2023,14.0181106992979
Seychelles,SYC,2022,14.2727945255291
Seychelles,SYC,2021,16.9205225709613
Seychelles,SYC,2020,17.6165187554113
Seychelles,SYC,2019,14.03325
Seychelles,SYC,2018,13.9111166666667
Seychelles,SYC,2017,13.6478416666667
Seychelles,SYC,2016,13.3191166666667
Seychelles,SYC,2015,13.313925
Seychelles,SYC,2014,12.7470333333333
Seychelles,SYC,2013,12.0583166666667
Sierra Leone,SLE,2025,
Sierra Leone,SLE,2024,
Sierra Leone,SLE,2023,21.3048751103818
Sierra Leone,SLE,2022,14.0476497942157
Sierra Leone,SLE,2021,10.4394253194587
Sierra Leone,SLE,2020,9.82992676332375
Sierra Leone,SLE,2019,9.01022114400915
Sierra Leone,SLE,2018,7.93163174973728
Sierra Leone,SLE,2017,7.38443222248692
Sierra Leone,SLE,2016,6.29029741495228
Sierra Leone,SLE,2015,5.0807475
Sierra Leone,SLE,2014,4.52415916666667
Sierra Leone,SLE,2013,4.33250083333334
Singapore,SGP,2025,1.30745
Singapore,SGP,2024,1.33623333333333
Singapore,SGP,2023,1.34276666666667
Singapore,SGP,2022,1.37866666666667
Singapore,SGP,2021,1.34348333333333
Singapore,SGP,2020,1.37974166666667
Singapore,SGP,2019,1.36415833333333
Singapore,SGP,2018,1.34884166666667
Singapore,SGP,2017,1.380925
Singapore,SGP,2016,1.38154636363636
Singapore,SGP,2015,1.374825
Singapore,SGP,2014,1.26705
Singapore,SGP,2013,1.2513
Sint Maarten (Dutch part),SXM,2025,1.79
Sint Maarten (Dutch part),SXM,2024,1.79
Sint Maarten (Dutch part),SXM,2023,1.79
Sint Maarten (Dutch part),SXM,2022,1.79
Sint Maarten (Dutch part),SXM,2021,1.79
Sint Maarten (Dutch part),SXM,2020,1.79
Sint Maarten (Dutch part),SXM,2019,1.79
Sint Maarten (Dutch part),SXM,2018,1.79
Sint Maarten (Dutch part),SXM,2017,1.79
Sint Maarten (Dutch part),SXM,2016,1.79
Sint Maarten (Dutch part),SXM,2015,1.79
Sint Maarten (Dutch part),SXM,2014,1.79
Sint Maarten (Dutch part),SXM,2013,1.79
Slovak Republic,SVK,2025,0.88496895841236
Slovak Republic,SVK,2024,0.923889546117607
Slovak Republic,SVK,2023,0.924839558470698
Slovak Republic,SVK,2022,0.949623753156941
Slovak Republic,SVK,2021,0.84549413889045
Slovak Republic,SVK,2020,0.875506396987998
Slovak Republic,SVK,2019,0.893276257067409
Slovak Republic,SVK,2018,0.846772667108111
Slovak Republic,SVK,2017,0.885205508269372
Slovak Republic,SVK,2016,0.903421436257263
Slovak Republic,SVK,2015,0.901296423367096
Slovak Republic,SVK,2014,0.752728196932603
Slovak Republic,SVK,2013,0.752945122701996
Slovenia,SVN,2025,0.88496895841236
Slovenia,SVN,2024,0.923889546117607
Slovenia,SVN,2023,0.924839558470698
Slovenia,SVN,2022,0.949623753156941
Slovenia,SVN,2021,0.84549413889045
Slovenia,SVN,2020,0.875506396987998
Slovenia,SVN,2019,0.893276257067409
Slovenia,SVN,2018,0.846772667108111
Slovenia,SVN,2017,0.885205508269372
Slovenia,SVN,2016,0.903421436257263
Slovenia,SVN,2015,0.901296423367096
Slovenia,SVN,2014,0.752728196932603
Slovenia,SVN,2013,0.752945122701996
Solomon Islands,SLB,2025,8.32684233252033
Solomon Islands,SLB,2024,8.45483560171654
Solomon Islands,SLB,2023,8.37559677613046
Solomon Islands,SLB,2022,8.1555286976263
Solomon Islands,SLB,2021,8.03010299104933
Solomon Islands,SLB,2020,8.21341290967261
Solomon Islands,SLB,2019,8.17339929777839
Solomon Islands,SLB,2018,7.95250486131003
Solomon Islands,SLB,2017,7.88739036909183
Solomon Islands,SLB,2016,7.94815293778867
Solomon Islands,SLB,2015,7.91468897735788
Solomon Islands,SLB,2014,7.37534535364211
Solomon Islands,SLB,2013,7.30213510004206
"Somalia, Fed. Rep.",SOM,2025,
"Somalia, Fed. Rep.",SOM,2024,
"Somalia, Fed. Rep.",SOM,2023,
"Somalia, Fed. Rep.",SOM,2022,
"Somalia, Fed. Rep.",SOM,2021,
"Somalia, Fed. Rep.",SOM,2020,
"Somalia, Fed. Rep.",SOM,2019,
"Somalia, Fed. Rep.",SOM,2018,
"Somalia, Fed. Rep.",SOM,2017,23097.9873219373
"Somalia, Fed. Rep.",SOM,2016,23061.7843138651
"Somalia, Fed. Rep.",SOM,2015,22254.2356837607
"Somalia, Fed. Rep.",SOM,2014,20230.9291310541
"Somalia, Fed. Rep.",SOM,2013,19283.7999504521
South Africa,ZAF,2025,17.8887489855833
South Africa,ZAF,2024,18.3286575505
South Africa,ZAF,2023,18.4502441785
South Africa,ZAF,2022,16.3558534845
South Africa,ZAF,2021,14.7786782139167
South Africa,ZAF,2020,16.4591053903333
South Africa,ZAF,2019,14.4484270548333
South Africa,ZAF,2018,13.2339264715833
South Africa,ZAF,2017,13.3238014244992
South Africa,ZAF,2016,14.7096108855267
South Africa,ZAF,2015,12.7589308811644
South Africa,ZAF,2014,10.8526555687831
South Africa,ZAF,2013,9.65505606913526
South Sudan,SSD,2025,
South Sudan,SSD,2024,2163.10387269883
South Sudan,SSD,2023,930.331429534051
South Sudan,SSD,2022,534.511188691756
South Sudan,SSD,2021,306.354619937276
South Sudan,SSD,2020,165.907316666667
South Sudan,SSD,2019,157.999166666667
South Sudan,SSD,2018,141.385833333333
South Sudan,SSD,2017,113.6475
South Sudan,SSD,2016,46.7291666666667
South Sudan,SSD,2015,3.60416666666667
South Sudan,SSD,2014,2.95
South Sudan,SSD,2013,2.95
Spain,ESP,2025,0.88496895841236
Spain,ESP,2024,0.923889546117607
Spain,ESP,2023,0.924839558470698
Spain,ESP,2022,0.949623753156941
Spain,ESP,2021,0.84549413889045
Spain,ESP,2020,0.875506396987998
Spain,ESP,2019,0.893276257067409
Spain,ESP,2018,0.846772667108111
Spain,ESP,2017,0.885205508269372
Spain,ESP,2016,0.903421436257263
Spain,ESP,2015,0.901296423367096
Spain,ESP,2014,0.752728196932603
Spain,ESP,2013,0.752945122701996
Sri Lanka,LKA,2025,
Sri Lanka,LKA,2024,
Sri Lanka,LKA,2023,327.506533333333
Sri Lanka,LKA,2022,322.632674256475
Sri Lanka,LKA,2021,198.764316844656
Sri Lanka,LKA,2020,185.592557772213
Sri Lanka,LKA,2019,178.744925045848
Sri Lanka,LKA,2018,162.464858736778
Sri Lanka,LKA,2017,152.446413948767
Sri Lanka,LKA,2016,145.581667492026
Sri Lanka,LKA,2015,135.856912797089
Sri Lanka,LKA,2014,130.564685218829
Sri Lanka,LKA,2013,129.069030932888
St. Kitts and Nevis,KNA,2025,2.7
St. Kitts and Nevis,KNA,2024,2.7
St. Kitts and Nevis,KNA,2023,2.7
St. Kitts and Nevis,KNA,2022,2.7
St. Kitts and Nevis,KNA,2021,2.7
St. Kitts and Nevis,KNA,2020,2.7
St. Kitts and Nevis,KNA,2019,2.7
St. Kitts and Nevis,KNA,2018,2.7
St. Kitts and Nevis,KNA,2017,2.7
St. Kitts and Nevis,KNA,2016,2.7
St. Kitts and Nevis,KNA,2015,2.7
St. Kitts and Nevis,KNA,2014,2.7
St. Kitts and Nevis,KNA,2013,2.7
St. Lucia,LCA,2025,2.7
St. Lucia,LCA,2024,2.7
St. Lucia,LCA,2023,2.7
St. Lucia,LCA,2022,2.7
St. Lucia,LCA,2021,2.7
St. Lucia,LCA,2020,2.7
St. Lucia,LCA,2019,2.7
St. Lucia,LCA,2018,2.7
St. Lucia,LCA,2017,2.7
St. Lucia,LCA,2016,2.7
St. Lucia,LCA,2015,2.7
St. Lucia,LCA,2014,2.7
St. Lucia,LCA,2013,2.7
St. Martin (French part),MAF,2025,0.88496895841236
St. Martin (French part),MAF,2024,0.923889546117607
St. Martin (French part),MAF,2023,0.924839558470698
St. Martin (French part),MAF,2022,0.949623753156941
St. Martin (French part),MAF,2021,0.84549413889045
St. Martin (French part),MAF,2020,0.875506396987998
St. Martin (French part),MAF,2019,0.893276257067409
St. Martin (French part),MAF,2018,0.846772667108111
St. Martin (French part),MAF,2017,0.885205508269372
St. Martin (French part),MAF,2016,0.903421436257263
St. Martin (French part),MAF,2015,0.901296423367096
St. Martin (French part),MAF,2014,0.752728196932603
St. Martin (French part),MAF,2013,0.752945122701996
St. Vincent and the Grenadines,VCT,2025,2.7
St. Vincent and the Grenadines,VCT,2024,2.7
St. Vincent and the Grenadines,VCT,2023,2.7
St. Vincent and the Grenadines,VCT,2022,2.7
St. Vincent and the Grenadines,VCT,2021,2.7
St. Vincent and the Grenadines,VCT,2020,2.7
St. Vincent and the Grenadines,VCT,2019,2.7
St. Vincent and the Grenadines,VCT,2018,2.7
St. Vincent and the Grenadines,VCT,2017,2.7
St. Vincent and the Grenadines,VCT,2016,2.7
St. Vincent and the Grenadines,VCT,2015,2.7
St. Vincent and the Grenadines,VCT,2014,2.7
St. Vincent and the Grenadines,VCT,2013,2.7
Sudan,SDN,2025,
Sudan,SDN,2024,
Sudan,SDN,2023,
Sudan,SDN,2022,546.75885
Sudan,SDN,2021,370.790583333333
Sudan,SDN,2020,53.9960119047619
Sudan,SDN,2019,45.7670454545455
Sudan,SDN,2018,24.3289109018116
Sudan,SDN,2017,6.68336
Sudan,SDN,2016,6.21171364583333
Sudan,SDN,2015,6.02573259791667
Sudan,SDN,2014,5.73686666666667
Sudan,SDN,2013,4.75676054708821
Suriname,SUR,2025,37.2601791666667
Suriname,SUR,2024,33.1805516666667
Suriname,SUR,2023,36.7758691666667
Suriname,SUR,2022,24.7091747565789
Suriname,SUR,2021,18.2386666666667
Suriname,SUR,2020,9.30954545454546
Suriname,SUR,2019,7.458
Suriname,SUR,2018,7.4625111984127
Suriname,SUR,2017,7.487661125
Suriname,SUR,2016,6.22863027848978
Suriname,SUR,2015,3.41666666666667
Suriname,SUR,2014,3.3
Suriname,SUR,2013,3.3
Sweden,SWE,2025,9.82070570950185
Sweden,SWE,2024,10.5676364344775
Sweden,SWE,2023,10.6101612965536
Sweden,SWE,2022,10.114251277564
Sweden,SWE,2021,8.57656671607378
Sweden,SWE,2020,9.21030902842085
Sweden,SWE,2019,9.45834916666667
Sweden,SWE,2018,8.69251833333333
Sweden,SWE,2017,8.54886083333333
Sweden,SWE,2016,8.56199166666667
Sweden,SWE,2015,8.43484083333333
Sweden,SWE,2014,6.860785
Sweden,SWE,2013,6.51397166666666
Switzerland,CHE,2025,0.831355833333334
Switzerland,CHE,2024,0.880440833333333
Switzerland,CHE,2023,0.89849
Switzerland,CHE,2022,0.9548325
Switzerland,CHE,2021,0.913845833333333
Switzerland,CHE,2020,0.938965
Switzerland,CHE,2019,0.993709166666667
Switzerland,CHE,2018,0.977891666666667
Switzerland,CHE,2017,0.984691666666667
Switzerland,CHE,2016,0.985394394244835
Switzerland,CHE,2015,0.962381328004354
Switzerland,CHE,2014,0.916151047283613
Switzerland,CHE,2013,0.926903547758285
Syrian Arab Republic,SYR,2025,
Syrian Arab Republic,SYR,2024,
Syrian Arab Republic,SYR,2023,
Syrian Arab Republic,SYR,2022,2505.74691085873
Syrian Arab Republic,SYR,2021,1256.0
Syrian Arab Republic,SYR,2020,877.945250896057
Syrian Arab Republic,SYR,2019,436.5
Syrian Arab Republic,SYR,2018,436.5
Syrian Arab Republic,SYR,2017,492.610833333333
Syrian Arab Republic,SYR,2016,460.275833333333
Syrian Arab Republic,SYR,2015,237.029166666667
Syrian Arab Republic,SYR,2014,154.13
Syrian Arab Republic,SYR,2013,108.733333333333
Tajikistan,TJK,2025,10.0177083333333
Tajikistan,TJK,2024,10.7994916666667
Tajikistan,TJK,2023,10.844525
Tajikistan,TJK,2022,11.031075
Tajikistan,TJK,2021,11.30885
Tajikistan,TJK,2020,10.3219416666667
Tajikistan,TJK,2019,9.53036666666667
Tajikistan,TJK,2018,9.15121666666667
Tajikistan,TJK,2017,8.54974166666667
Tajikistan,TJK,2016,7.835675
Tajikistan,TJK,2015,6.16311666666667
Tajikistan,TJK,2014,4.93756666666667
Tajikistan,TJK,2013,4.76423333333334
Tanzania,TZA,2025,
Tanzania,TZA,2024,2597.90041666667
Tanzania,TZA,2023,2383.04258333333
Tanzania,TZA,2022,2303.03367612332
Tanzania,TZA,2021,2297.76422623792
Tanzania,TZA,2020,2294.14615050509
Tanzania,TZA,2019,2288.20666666667
Tanzania,TZA,2018,2263.78166666667
Tanzania,TZA,2017,2228.85666666667
Tanzania,TZA,2016,2177.08666666667
Tanzania,TZA,2015,1991.39083333333
Tanzania,TZA,2014,1653.23083333333
Tanzania,TZA,2013,1597.55583333333
Thailand,THA,2025,32.882809252867
Thailand,THA,2024,35.2935380808081
Thailand,THA,2023,34.8021885808364
Thailand,THA,2022,35.0613502144776
Thailand,THA,2021,31.9770934417717
Thailand,THA,2020,31.2936732130832
Thailand,THA,2019,31.0476057805499
Thailand,THA,2018,32.3102257431458
Thailand,THA,2017,33.9398110566858
Thailand,THA,2016,35.2963833333333
Thailand,THA,2015,34.2477166666667
Thailand,THA,2014,32.4798333333333
Thailand,THA,2013,30.7259666666667
Timor-Leste,TLS,2025,1.0
Timor-Leste,TLS,2024,1.0
Timor-Leste,TLS,2023,1.0
Timor-Leste,TLS,2022,1.0
Timor-Leste,TLS,2021,1.0
Timor-Leste,TLS,2020,1.0
Timor-Leste,TLS,2019,1.0
Timor-Leste,TLS,2018,1.0
Timor-Leste,TLS,2017,1.0
Timor-Leste,TLS,2016,1.0
Timor-Leste,TLS,2015,1.0
Timor-Leste,TLS,2014,1.0
Timor-Leste,TLS,2013,1.0
Togo,TGO,2025,581.92848104034
Togo,TGO,2024,606.345297609063
Togo,TGO,2023,606.569750165917
Togo,TGO,2022,623.759700911182
Togo,TGO,2021,554.530675033104
Togo,TGO,2020,575.586004510945
Togo,TGO,2019,585.911013180369
Togo,TGO,2018,555.446458398226
Togo,TGO,2017,580.656749587858
Togo,TGO,2016,592.605615063022
Togo,TGO,2015,591.21169798261
Togo,TGO,2014,493.757329875312
Togo,TGO,2013,493.899623852237
Tonga,TON,2025,2.41052686435725
Tonga,TON,2024,2.37304157408369
Tonga,TON,2023,2.36369881809753
Tonga,TON,2022,2.32792982731644
Tonga,TON,2021,2.26495960050055
Tonga,TON,2020,2.29956150787889
Tonga,TON,2019,2.28948563032632
Tonga,TON,2018,2.23657147594223
Tonga,TON,2017,2.2059726971784
Tonga,TON,2016,2.21566110422528
Tonga,TON,2015,2.10576325744967
Tonga,TON,2014,1.84677368453546
Tonga,TON,2013,1.77371311869907
Trinidad and Tobago,TTO,2025,6.74884660621027
Trinidad and Tobago,TTO,2024,6.75012324870591
Trinidad and Tobago,TTO,2023,6.75026237934502
Trinidad and Tobago,TTO,2022,6.75412896099475
Trinidad and Tobago,TTO,2021,6.75853004916294
Trinidad and Tobago,TTO,2020,6.75105268711505
Trinidad and Tobago,TTO,2019,6.7543266828632
Trinidad and Tobago,TTO,2018,6.77075089824606
Trinidad and Tobago,TTO,2017,6.779525
Trinidad and Tobago,TTO,2016,6.66896666666667
Trinidad and Tobago,TTO,2015,6.37744166666667
Trinidad and Tobago,TTO,2014,6.40909457829793
Trinidad and Tobago,TTO,2013,6.44262939764659
Tunisia,TUN,2025,
Tunisia,TUN,2024,3.10745
Tunisia,TUN,2023,3.10616666666667
Tunisia,TUN,2022,3.1036
Tunisia,TUN,2021,2.79446666666667
Tunisia,TUN,2020,2.81235833333333
Tunisia,TUN,2019,2.93443333333333
Tunisia,TUN,2018,2.64686666666667
Tunisia,TUN,2017,2.419425
Tunisia,TUN,2016,2.14803333333333
Tunisia,TUN,2015,1.961625
Tunisia,TUN,2014,1.697675
Tunisia,TUN,2013,1.62465833333333
Turkiye,TUR,2025,39.4548130977983
Turkiye,TUR,2024,32.8058614432703
Turkiye,TUR,2023,23.7385661219918
Turkiye,TUR,2022,16.5488604173067
Turkiye,TUR,2021,8.85040754928315
Turkiye,TUR,2020,7.00860541558522
Turkiye,TUR,2019,5.67381930843574
Turkiye,TUR,2018,4.82837014720942
Turkiye,TUR,2017,3.64813263536867
Turkiye,TUR,2016,3.02013474808043
Turkiye,TUR,2015,2.72000852790578
Turkiye,TUR,2014,2.18854241775473
Turkiye,TUR,2013,1.90376824244752
Turkmenistan,TKM,2025,
Turkmenistan,TKM,2024,
Turkmenistan,TKM,2023,
Turkmenistan,TKM,2022,
Turkmenistan,TKM,2021,
Turkmenistan,TKM,2020,
Turkmenistan,TKM,2019,
Turkmenistan,TKM,2018,
Turkmenistan,TKM,2017,
Turkmenistan,TKM,2016,
Turkmenistan,TKM,2015,
Turkmenistan,TKM,2014,
Turkmenistan,TKM,2013,
Turks and Caicos Islands,TCA,2025,1.0
Turks and Caicos Islands,TCA,2024,1.0
Turks and Caicos Islands,TCA,2023,1.0
Turks and Caicos Islands,TCA,2022,1.0
Turks and Caicos Islands,TCA,2021,1.0
Turks and Caicos Islands,TCA,2020,1.0
Turks and Caicos Islands,TCA,2019,1.0
Turks and Caicos Islands,TCA,2018,1.0
Turks and Caicos Islands,TCA,2017,1.0
Turks and Caicos Islands,TCA,2016,1.0
Turks and Caicos Islands,TCA,2015,1.0
Turks and Caicos Islands,TCA,2014,1.0
Turks and Caicos Islands,TCA,2013,1.0
Tuvalu,TUV,2025,1.5519978866485
Tuvalu,TUV,2024,1.51535803855596
Tuvalu,TUV,2023,1.50519106560509
Tuvalu,TUV,2022,1.44166445896522
Tuvalu,TUV,2021,1.33122425957081
Tuvalu,TUV,2020,1.45308511847016
Tuvalu,TUV,2019,1.43850654421382
Tuvalu,TUV,2018,1.33841214646451
Tuvalu,TUV,2017,1.30475807671592
Tuvalu,TUV,2016,1.34521397601947
Tuvalu,TUV,2015,1.33109026245502
Tuvalu,TUV,2014,1.10936329281692
Tuvalu,TUV,2013,1.03584309652054
Uganda,UGA,2025,3602.98994206814
Uganda,UGA,2024,3757.2625354215
Uganda,UGA,2023,3726.14045997085
Uganda,UGA,2022,3689.81738566862
Uganda,UGA,2021,3587.05170733909
Uganda,UGA,2020,3718.24892270924
Uganda,UGA,2019,3704.04907169681
Uganda,UGA,2018,3727.06899484612
Uganda,UGA,2017,3611.22445804461
Uganda,UGA,2016,3420.09800724736
Uganda,UGA,2015,3240.64542033826
Uganda,UGA,2014,2599.78820061067
Uganda,UGA,2013,2586.88956856561
Ukraine,UKR,2025,41.6890720433333
Ukraine,UKR,2024,40.152082715
Ukraine,UKR,2023,36.5738081166667
Ukraine,UKR,2022,32.3423016
Ukraine,UKR,2021,27.2861893833333
Ukraine,UKR,2020,26.9575243833333
Ukraine,UKR,2019,25.8455893333333
Ukraine,UKR,2018,27.2004923333333
Ukraine,UKR,2017,26.5966063
Ukraine,UKR,2016,25.5513341166667
Ukraine,UKR,2015,21.8446977666667
Ukraine,UKR,2014,11.8866594166667
Ukraine,UKR,2013,7.993
United Arab Emirates,ARE,2025,3.6725
United Arab Emirates,ARE,2024,3.6725
United Arab Emirates,ARE,2023,3.6725
United Arab Emirates,ARE,2022,3.6725
United Arab Emirates,ARE,2021,3.6725
United Arab Emirates,ARE,2020,3.6725
United Arab Emirates,ARE,2019,3.6725
United Arab Emirates,ARE,2018,3.6725
United Arab Emirates,ARE,2017,3.6725
United Arab Emirates,ARE,2016,3.6725
United Arab Emirates,ARE,2015,3.6725
United Arab Emirates,ARE,2014,3.6725
United Arab Emirates,ARE,2013,3.6725
United Kingdom,GBR,2025,0.759473957338608
United Kingdom,GBR,2024,0.782414580986262
United Kingdom,GBR,2023,0.804538906734353
United Kingdom,GBR,2022,0.811301715827773
United Kingdom,GBR,2021,0.727064944688323
United Kingdom,GBR,2020,0.779999576697153
United Kingdom,GBR,2019,0.783445110011929
United Kingdom,GBR,2018,0.749531540259847
United Kingdom,GBR,2017,0.776976682344123
United Kingdom,GBR,2016,0.740634463697084
United Kingdom,GBR,2015,0.654545478931426
United Kingdom,GBR,2014,0.607729626878255
United Kingdom,GBR,2013,0.639660577613477
United States,USA,2025,1.0
United States,USA,2024,1.0
United States,USA,2023,1.0
United States,USA,2022,1.0
United States,USA,2021,1.0
United States,USA,2020,1.0
United States,USA,2019,1.0
United States,USA,2018,1.0
United States,USA,2017,1.0
United States,USA,2016,1.0
United States,USA,2015,1.0
United States,USA,2014,1.0
United States,USA,2013,1.0
Uruguay,URY,2025,41.1909791666667
Uruguay,URY,2024,40.2127875
Uruguay,URY,2023,38.8239166666667
Uruguay,URY,2022,41.1710833333333
Uruguay,URY,2021,43.554575
Uruguay,URY,2020,42.0132916666667
Uruguay,URY,2019,35.255375
Uruguay,URY,2018,30.7252583333333
Uruguay,URY,2017,28.6764
Uruguay,URY,2016,30.1626
Uruguay,URY,2015,27.3273666666667
Uruguay,URY,2014,23.246025
Uruguay,URY,2013,20.4816083333333
Uzbekistan,UZB,2025,12579.3943476702
Uzbekistan,UZB,2024,12652.2868209739
Uzbekistan,UZB,2023,11734.8334198669
Uzbekistan,UZB,2022,11050.145422363
Uzbekistan,UZB,2021,10609.464390809
Uzbekistan,UZB,2020,10054.2613341653
Uzbekistan,UZB,2019,8836.7875
Uzbekistan,UZB,2018,8069.60623655914
Uzbekistan,UZB,2017,5113.87894595717
Uzbekistan,UZB,2016,2965.25349937684
Uzbekistan,UZB,2015,2567.98721339827
Uzbekistan,UZB,2014,2310.94815880696
Uzbekistan,UZB,2013,2094.98846505376
Vanuatu,VUT,2025,
Vanuatu,VUT,2024,119.165
Vanuatu,VUT,2023,119.1125
Vanuatu,VUT,2022,115.353916666667
Vanuatu,VUT,2021,109.448333333333
Vanuatu,VUT,2020,115.38
Vanuatu,VUT,2019,114.7325
Vanuatu,VUT,2018,110.165
Vanuatu,VUT,2017,107.820833333333
Vanuatu,VUT,2016,108.475
Vanuatu,VUT,2015,108.989166666667
Vanuatu,VUT,2014,97.0716666666667
Vanuatu,VUT,2013,94.5425
"Venezuela, RB",VEN,2025,
"Venezuela, RB",VEN,2024,
"Venezuela, RB",VEN,2023,
"Venezuela, RB",VEN,2022,
"Venezuela, RB",VEN,2021,
"Venezuela, RB",VEN,2020,
"Venezuela, RB",VEN,2019,
"Venezuela, RB",VEN,2018,
"Venezuela, RB",VEN,2017,9.975
"Venezuela, RB",VEN,2016,9.25734444444167
"Venezuela, RB",VEN,2015,6.2842
"Venezuela, RB",VEN,2014,6.2842
"Venezuela, RB",VEN,2013,6.04796184166667
Viet Nam,VNM,2025,
Viet Nam,VNM,2024,24164.8858333333
Viet Nam,VNM,2023,23787.3191666667
Viet Nam,VNM,2022,23271.2125
Viet Nam,VNM,2021,23159.7825925926
Viet Nam,VNM,2020,23208.3683333333
Viet Nam,VNM,2019,23050.2416666667
Viet Nam,VNM,2018,22602.05
Viet Nam,VNM,2017,22370.0866666667
Viet Nam,VNM,2016,21935.0008333333
Viet Nam,VNM,2015,21697.5675
Viet Nam,VNM,2014,21148.0
Viet Nam,VNM,2013,20933.4166666667
Virgin Islands (U.S.),VIR,2025,1.0
Virgin Islands (U.S.),VIR,2024,1.0
Virgin Islands (U.S.),VIR,2023,1.0
Virgin Islands (U.S.),VIR,2022,1.0
Virgin Islands (U.S.),VIR,2021,1.0
Virgin Islands (U.S.),VIR,2020,1.0
Virgin Islands (U.S.),VIR,2019,1.0
Virgin Islands (U.S.),VIR,2018,1.0
Virgin Islands (U.S.),VIR,2017,1.0
Virgin Islands (U.S.),VIR,2016,1.0
Virgin Islands (U.S.),VIR,2015,1.0
Virgin Islands (U.S.),VIR,2014,1.0
Virgin Islands (U.S.),VIR,2013,1.0
West Bank and Gaza,PSE,2025,
West Bank and Gaza,PSE,2024,
West Bank and Gaza,PSE,2023,
West Bank and Gaza,PSE,2022,
West Bank and Gaza,PSE,2021,
West Bank and Gaza,PSE,2020,
West Bank and Gaza,PSE,2019,
West Bank and Gaza,PSE,2018,
West Bank and Gaza,PSE,2017,
West Bank and Gaza,PSE,2016,
West Bank and Gaza,PSE,2015,
West Bank and Gaza,PSE,2014,
West Bank and Gaza,PSE,2013,
"Yemen, Rep.",YEM,2025,
"Yemen, Rep.",YEM,2024,
"Yemen, Rep.",YEM,2023,1355.11637864823
"Yemen, Rep.",YEM,2022,1115.00238710662
"Yemen, Rep.",YEM,2021,1028.107754329
"Yemen, Rep.",YEM,2020,743.005964356532
"Yemen, Rep.",YEM,2019,486.730922939068
"Yemen, Rep.",YEM,2018,214.89
"Yemen, Rep.",YEM,2017,282.195
"Yemen, Rep.",YEM,2016,283.895833333333
"Yemen, Rep.",YEM,2015,230.833333333333
"Yemen, Rep.",YEM,2014,214.89
"Yemen, Rep.",YEM,2013,214.89
Zambia,ZMB,2025,25.2756892021939
Zambia,ZMB,2024,26.1664181859876
Zambia,ZMB,2023,20.212017866195
Zambia,ZMB,2022,16.9375943252989
Zambia,ZMB,2021,20.0184865859688
Zambia,ZMB,2020,18.3440926453379
Zambia,ZMB,2019,12.89
Zambia,ZMB,2018,10.4583333333333
Zambia,ZMB,2017,9.5175
Zambia,ZMB,2016,10.3075
Zambia,ZMB,2015,8.63166666666667
Zambia,ZMB,2014,6.15416666666667
Zambia,ZMB,2013,5.39648333333333
Zimbabwe,ZWE,2025,26.5961940841935
Zimbabwe,ZWE,2024,3266.3319125
Zimbabwe,ZWE,2023,3509.17222037558
Zimbabwe,ZWE,2022,374.954362604663
Zimbabwe,ZWE,2021,88.5524472597436
Zimbabwe,ZWE,2020,51.3290131226287
Zimbabwe,ZWE,2019,
Zimbabwe,ZWE,2018,
Zimbabwe,ZWE,2017,
Zimbabwe,ZWE,2016,
Zimbabwe,ZWE,2015,
Zimbabwe,ZWE,2014,
Zimbabwe,ZWE,2013,
