country_name,iso3,year,trade_pct_of_gdp
Africa Eastern and Southern,AFE,2025,51.9948174671171
Africa Eastern and Southern,AFE,2024,54.2032707213253
Africa Eastern and Southern,AFE,2023,56.2837209179998
Africa Eastern and Southern,AFE,2022,57.1173763714306
Africa Eastern and Southern,AFE,2021,54.5513323505808
Africa Eastern and Southern,AFE,2020,49.343584646059
Africa Eastern and Southern,AFE,2019,53.2143102862768
Africa Eastern and Southern,AFE,2018,54.8680901684044
Africa Eastern and Southern,AFE,2017,51.7606954571189
Africa Eastern and Southern,AFE,2016,52.8801706650962
Africa Eastern and Southern,AFE,2015,54.9454145770714
Africa Eastern and Southern,AFE,2014,59.9253647268059
Africa Eastern and Southern,AFE,2013,61.4883241423663
Africa Western and Central,AFW,2025,
Africa Western and Central,AFW,2024,
Africa Western and Central,AFW,2023,
Africa Western and Central,AFW,2022,
Africa Western and Central,AFW,2021,
Africa Western and Central,AFW,2020,
Africa Western and Central,AFW,2019,
Africa Western and Central,AFW,2018,
Africa Western and Central,AFW,2017,
Africa Western and Central,AFW,2016,
Africa Western and Central,AFW,2015,
Africa Western and Central,AFW,2014,
Africa Western and Central,AFW,2013,
Arab World,ARB,2025,
Arab World,ARB,2024,65.3540912329816
Arab World,ARB,2023,87.0390451286186
Arab World,ARB,2022,86.5555785491757
Arab World,ARB,2021,79.4427227325945
Arab World,ARB,2020,74.6177547295619
Arab World,ARB,2019,78.9788655191864
Arab World,ARB,2018,79.7757157396393
Arab World,ARB,2017,79.3120733083958
Arab World,ARB,2016,75.8691580956355
Arab World,ARB,2015,81.4958468431887
Arab World,ARB,2014,86.2419614087605
Arab World,ARB,2013,88.444009575381
Caribbean small states,CSS,2025,
Caribbean small states,CSS,2024,
Caribbean small states,CSS,2023,
Caribbean small states,CSS,2022,
Caribbean small states,CSS,2021,
Caribbean small states,CSS,2020,
Caribbean small states,CSS,2019,
Caribbean small states,CSS,2018,
Caribbean small states,CSS,2017,
Caribbean small states,CSS,2016,
Caribbean small states,CSS,2015,
Caribbean small states,CSS,2014,
Caribbean small states,CSS,2013,
Central Europe and the Baltics,CEB,2025,113.271260668201
Central Europe and the Baltics,CEB,2024,116.411463865097
Central Europe and the Baltics,CEB,2023,123.593323935313
Central Europe and the Baltics,CEB,2022,139.865222966994
Central Europe and the Baltics,CEB,2021,125.549790020179
Central Europe and the Baltics,CEB,2020,114.658290296243
Central Europe and the Baltics,CEB,2019,121.363027524657
Central Europe and the Baltics,CEB,2018,123.819489952608
Central Europe and the Baltics,CEB,2017,123.351908262836
Central Europe and the Baltics,CEB,2016,120.335518840543
Central Europe and the Baltics,CEB,2015,119.413536753998
Central Europe and the Baltics,CEB,2014,119.875145053471
Central Europe and the Baltics,CEB,2013,117.682890583218
Early-demographic dividend,EAR,2025,52.5380925469247
Early-demographic dividend,EAR,2024,52.0353099458386
Early-demographic dividend,EAR,2023,53.2990617607256
Early-demographic dividend,EAR,2022,58.8508086269123
Early-demographic dividend,EAR,2021,53.2736946311421
Early-demographic dividend,EAR,2020,47.2001890217132
Early-demographic dividend,EAR,2019,52.0274235296136
Early-demographic dividend,EAR,2018,54.444959648588
Early-demographic dividend,EAR,2017,50.5259971027819
Early-demographic dividend,EAR,2016,48.5155028452785
Early-demographic dividend,EAR,2015,50.8388085111414
Early-demographic dividend,EAR,2014,54.8164945216542
Early-demographic dividend,EAR,2013,56.4796489623229
East Asia & Pacific,EAS,2025,63.838293587838
East Asia & Pacific,EAS,2024,58.3569037736715
East Asia & Pacific,EAS,2023,57.1466583666313
East Asia & Pacific,EAS,2022,59.6939018282108
East Asia & Pacific,EAS,2021,54.8600151200911
East Asia & Pacific,EAS,2020,50.0180622255219
East Asia & Pacific,EAS,2019,52.9754541230876
East Asia & Pacific,EAS,2018,55.1170354905828
East Asia & Pacific,EAS,2017,54.1226392740164
East Asia & Pacific,EAS,2016,52.1899349115895
East Asia & Pacific,EAS,2015,55.8290520469976
East Asia & Pacific,EAS,2014,61.3573190938721
East Asia & Pacific,EAS,2013,62.3827545888117
East Asia & Pacific (excluding high income),EAP,2025,46.8838486059509
East Asia & Pacific (excluding high income),EAP,2024,46.5944318064169
East Asia & Pacific (excluding high income),EAP,2023,45.0719101583305
East Asia & Pacific (excluding high income),EAP,2022,46.8418898134075
East Asia & Pacific (excluding high income),EAP,2021,44.766996321658
East Asia & Pacific (excluding high income),EAP,2020,40.8339837931559
East Asia & Pacific (excluding high income),EAP,2019,42.9152669023519
East Asia & Pacific (excluding high income),EAP,2018,45.0911503213632
East Asia & Pacific (excluding high income),EAP,2017,44.7887416524977
East Asia & Pacific (excluding high income),EAP,2016,43.4835710369408
East Asia & Pacific (excluding high income),EAP,2015,46.0529922248111
East Asia & Pacific (excluding high income),EAP,2014,51.1629888239809
East Asia & Pacific (excluding high income),EAP,2013,52.7859645889392
East Asia & Pacific (IDA & IBRD countries),TEA,2025,46.885138586695
East Asia & Pacific (IDA & IBRD countries),TEA,2024,46.5969410075874
East Asia & Pacific (IDA & IBRD countries),TEA,2023,45.0742111093105
East Asia & Pacific (IDA & IBRD countries),TEA,2022,46.8441335658356
East Asia & Pacific (IDA & IBRD countries),TEA,2021,44.7686717712859
East Asia & Pacific (IDA & IBRD countries),TEA,2020,40.8363715971787
East Asia & Pacific (IDA & IBRD countries),TEA,2019,42.918052350245
East Asia & Pacific (IDA & IBRD countries),TEA,2018,45.093748242271
East Asia & Pacific (IDA & IBRD countries),TEA,2017,44.7914695374145
East Asia & Pacific (IDA & IBRD countries),TEA,2016,43.4865598949252
East Asia & Pacific (IDA & IBRD countries),TEA,2015,46.0564247795521
East Asia & Pacific (IDA & IBRD countries),TEA,2014,51.1666030744471
East Asia & Pacific (IDA & IBRD countries),TEA,2013,52.7892262513015
Euro area,EMU,2025,87.3240296135247
Euro area,EMU,2024,88.6423241807433
Euro area,EMU,2023,92.1561685782896
Euro area,EMU,2022,100.761322940431
Euro area,EMU,2021,88.5555185521565
Euro area,EMU,2020,81.3265191323919
Euro area,EMU,2019,88.1241601253515
Euro area,EMU,2018,87.9677965821851
Euro area,EMU,2017,86.3221003349213
Euro area,EMU,2016,83.3034421746615
Euro area,EMU,2015,84.3015191376678
Euro area,EMU,2014,82.9707940474164
Euro area,EMU,2013,82.5307901176785
Europe & Central Asia,ECS,2025,81.8204655273109
Europe & Central Asia,ECS,2024,82.8433175700461
Europe & Central Asia,ECS,2023,86.1529497756613
Europe & Central Asia,ECS,2022,93.4423112505241
Europe & Central Asia,ECS,2021,83.185632647397
Europe & Central Asia,ECS,2020,77.0551056464571
Europe & Central Asia,ECS,2019,83.1535716756117
Europe & Central Asia,ECS,2018,83.3239056919053
Europe & Central Asia,ECS,2017,81.1416996166471
Europe & Central Asia,ECS,2016,78.3753533735528
Europe & Central Asia,ECS,2015,78.6789943100016
Europe & Central Asia,ECS,2014,78.2842685472163
Europe & Central Asia,ECS,2013,78.4783811592383
Europe & Central Asia (excluding high income),ECA,2025,61.2226152031593
Europe & Central Asia (excluding high income),ECA,2024,64.7847278825453
Europe & Central Asia (excluding high income),ECA,2023,72.2995707258912
Europe & Central Asia (excluding high income),ECA,2022,82.1952392128498
Europe & Central Asia (excluding high income),ECA,2021,73.197085076504
Europe & Central Asia (excluding high income),ECA,2020,65.2674804509648
Europe & Central Asia (excluding high income),ECA,2019,71.0255690842484
Europe & Central Asia (excluding high income),ECA,2018,72.0679891452876
Europe & Central Asia (excluding high income),ECA,2017,66.3429884847379
Europe & Central Asia (excluding high income),ECA,2016,61.4568548156496
Europe & Central Asia (excluding high income),ECA,2015,61.6783647418943
Europe & Central Asia (excluding high income),ECA,2014,64.6838803393192
Europe & Central Asia (excluding high income),ECA,2013,64.5251936232523
Europe & Central Asia (IDA & IBRD countries),TEC,2025,55.6517930110373
Europe & Central Asia (IDA & IBRD countries),TEC,2024,60.2919957606793
Europe & Central Asia (IDA & IBRD countries),TEC,2023,65.6593833412684
Europe & Central Asia (IDA & IBRD countries),TEC,2022,72.6918504065243
Europe & Central Asia (IDA & IBRD countries),TEC,2021,70.0495786932915
Europe & Central Asia (IDA & IBRD countries),TEC,2020,62.9043943187098
Europe & Central Asia (IDA & IBRD countries),TEC,2019,67.4494050119772
Europe & Central Asia (IDA & IBRD countries),TEC,2018,69.0547727880078
Europe & Central Asia (IDA & IBRD countries),TEC,2017,64.6082733747908
Europe & Central Asia (IDA & IBRD countries),TEC,2016,61.8690279724338
Europe & Central Asia (IDA & IBRD countries),TEC,2015,62.4942417165777
Europe & Central Asia (IDA & IBRD countries),TEC,2014,62.9818829516057
Europe & Central Asia (IDA & IBRD countries),TEC,2013,61.9465793952155
European Union,EUU,2025,90.139339730175
European Union,EUU,2024,91.6412129770423
European Union,EUU,2023,95.2184322373871
European Union,EUU,2022,103.704297824246
European Union,EUU,2021,91.2027987709932
European Union,EUU,2020,83.8178435756324
European Union,EUU,2019,90.5535167755498
European Union,EUU,2018,90.4287934541118
European Union,EUU,2017,88.7153593417555
European Union,EUU,2016,85.7843525287716
European Union,EUU,2015,86.6784730245276
European Union,EUU,2014,85.4945619031171
European Union,EUU,2013,84.7802574446217
Heavily indebted poor countries (HIPC),HPC,2025,50.204455015635
Heavily indebted poor countries (HIPC),HPC,2024,51.5872154598548
Heavily indebted poor countries (HIPC),HPC,2023,52.0229954587253
Heavily indebted poor countries (HIPC),HPC,2022,55.5523209026046
Heavily indebted poor countries (HIPC),HPC,2021,51.0652963892432
Heavily indebted poor countries (HIPC),HPC,2020,47.2342916899179
Heavily indebted poor countries (HIPC),HPC,2019,53.1389262447371
Heavily indebted poor countries (HIPC),HPC,2018,53.823698549324
Heavily indebted poor countries (HIPC),HPC,2017,52.3811635150435
Heavily indebted poor countries (HIPC),HPC,2016,53.528320197967
Heavily indebted poor countries (HIPC),HPC,2015,56.2610131196304
Heavily indebted poor countries (HIPC),HPC,2014,58.6179714546922
Heavily indebted poor countries (HIPC),HPC,2013,59.7803635812952
IBRD only,IBD,2025,49.2964763371863
IBRD only,IBD,2024,49.7665350065376
IBRD only,IBD,2023,49.7580293079394
IBRD only,IBD,2022,53.751444616711
IBRD only,IBD,2021,50.7074421878126
IBRD only,IBD,2020,45.4695172579891
IBRD only,IBD,2019,48.1676862711543
IBRD only,IBD,2018,50.0664021195698
IBRD only,IBD,2017,47.7847883496778
IBRD only,IBD,2016,46.4096165856145
IBRD only,IBD,2015,48.3704857405775
IBRD only,IBD,2014,51.7110184178103
IBRD only,IBD,2013,52.9805424614267
IDA & IBRD total,IBT,2025,49.065709620698
IDA & IBRD total,IBT,2024,49.6374181053919
IDA & IBRD total,IBT,2023,49.6848537038012
IDA & IBRD total,IBT,2022,53.6126039380313
IDA & IBRD total,IBT,2021,50.5268193017185
IDA & IBRD total,IBT,2020,45.3752250141849
IDA & IBRD total,IBT,2019,48.1943922259065
IDA & IBRD total,IBT,2018,50.0259433028452
IDA & IBRD total,IBT,2017,47.7085660947481
IDA & IBRD total,IBT,2016,46.3456042919222
IDA & IBRD total,IBT,2015,48.3501035890442
IDA & IBRD total,IBT,2014,51.6764501721181
IDA & IBRD total,IBT,2013,52.9561369014683
IDA blend,IDB,2025,
IDA blend,IDB,2024,
IDA blend,IDB,2023,
IDA blend,IDB,2022,
IDA blend,IDB,2021,
IDA blend,IDB,2020,
IDA blend,IDB,2019,
IDA blend,IDB,2018,
IDA blend,IDB,2017,
IDA blend,IDB,2016,
IDA blend,IDB,2015,
IDA blend,IDB,2014,
IDA blend,IDB,2013,
IDA only,IDX,2025,47.9762341437422
IDA only,IDX,2024,50.9208098591496
IDA only,IDX,2023,51.770857039518
IDA only,IDX,2022,54.7122721955176
IDA only,IDX,2021,52.2120688058905
IDA only,IDX,2020,47.9015176024508
IDA only,IDX,2019,53.2117386493399
IDA only,IDX,2018,53.9877514985178
IDA only,IDX,2017,51.7159715984422
IDA only,IDX,2016,51.1612035099634
IDA only,IDX,2015,54.0527767202776
IDA only,IDX,2014,57.6348749768095
IDA only,IDX,2013,58.9218205005689
IDA total,IDA,2025,
IDA total,IDA,2024,47.2468719474343
IDA total,IDA,2023,48.3344601786916
IDA total,IDA,2022,51.0580808931251
IDA total,IDA,2021,47.2302506408838
IDA total,IDA,2020,43.6542866402809
IDA total,IDA,2019,48.6888132254431
IDA total,IDA,2018,49.2769085354828
IDA total,IDA,2017,46.2974245040847
IDA total,IDA,2016,45.1666203000795
IDA total,IDA,2015,47.9747033496365
IDA total,IDA,2014,
IDA total,IDA,2013,
Late-demographic dividend,LTE,2025,50.7613707484667
Late-demographic dividend,LTE,2024,52.1835999931237
Late-demographic dividend,LTE,2023,54.729354341428
Late-demographic dividend,LTE,2022,57.7448694959449
Late-demographic dividend,LTE,2021,55.463392645272
Late-demographic dividend,LTE,2020,51.3902275348393
Late-demographic dividend,LTE,2019,52.7358799610063
Late-demographic dividend,LTE,2018,53.6837369630127
Late-demographic dividend,LTE,2017,52.8629223980797
Late-demographic dividend,LTE,2016,51.9769685997932
Late-demographic dividend,LTE,2015,53.7494233668566
Late-demographic dividend,LTE,2014,56.7446558829141
Late-demographic dividend,LTE,2013,57.7353164276769
Latin America & Caribbean,LCN,2025,49.1445739335766
Latin America & Caribbean,LCN,2024,49.651989177217
Latin America & Caribbean,LCN,2023,48.7349861200831
Latin America & Caribbean,LCN,2022,56.0021722062466
Latin America & Caribbean,LCN,2021,52.5995209680724
Latin America & Caribbean,LCN,2020,45.9729489898563
Latin America & Caribbean,LCN,2019,47.7094272418949
Latin America & Caribbean,LCN,2018,48.1938853908126
Latin America & Caribbean,LCN,2017,44.3407066193727
Latin America & Caribbean,LCN,2016,44.0364978465737
Latin America & Caribbean,LCN,2015,44.9920220039287
Latin America & Caribbean,LCN,2014,44.6454658978727
Latin America & Caribbean,LCN,2013,45.1932463665487
Latin America & Caribbean (excluding high income),LAC,2025,47.5458401566158
Latin America & Caribbean (excluding high income),LAC,2024,47.6810222439611
Latin America & Caribbean (excluding high income),LAC,2023,46.6885214236554
Latin America & Caribbean (excluding high income),LAC,2022,53.6356242101676
Latin America & Caribbean (excluding high income),LAC,2021,50.7322215415369
Latin America & Caribbean (excluding high income),LAC,2020,44.08622590916
Latin America & Caribbean (excluding high income),LAC,2019,45.6898614931401
Latin America & Caribbean (excluding high income),LAC,2018,46.0914631070807
Latin America & Caribbean (excluding high income),LAC,2017,41.9460888966417
Latin America & Caribbean (excluding high income),LAC,2016,41.7275651975771
Latin America & Caribbean (excluding high income),LAC,2015,42.5717730430544
Latin America & Caribbean (excluding high income),LAC,2014,41.6045161865212
Latin America & Caribbean (excluding high income),LAC,2013,42.0602810847558
Latin America & the Caribbean (IDA & IBRD countries),TLA,2025,48.6249860556184
Latin America & the Caribbean (IDA & IBRD countries),TLA,2024,47.8473408046123
Latin America & the Caribbean (IDA & IBRD countries),TLA,2023,46.8914803379704
Latin America & the Caribbean (IDA & IBRD countries),TLA,2022,54.712654058513
Latin America & the Caribbean (IDA & IBRD countries),TLA,2021,51.480809635132
Latin America & the Caribbean (IDA & IBRD countries),TLA,2020,45.584991563533
Latin America & the Caribbean (IDA & IBRD countries),TLA,2019,47.1463833583721
Latin America & the Caribbean (IDA & IBRD countries),TLA,2018,47.5294369954004
Latin America & the Caribbean (IDA & IBRD countries),TLA,2017,43.4961514522708
Latin America & the Caribbean (IDA & IBRD countries),TLA,2016,43.2734558050234
Latin America & the Caribbean (IDA & IBRD countries),TLA,2015,44.2186743132725
Latin America & the Caribbean (IDA & IBRD countries),TLA,2014,43.7324853212886
Latin America & the Caribbean (IDA & IBRD countries),TLA,2013,44.1969122597268
Least developed countries: UN classification,LDC,2025,43.6656571524012
Least developed countries: UN classification,LDC,2024,47.1182053512855
Least developed countries: UN classification,LDC,2023,48.4806753409352
Least developed countries: UN classification,LDC,2022,51.037908122287
Least developed countries: UN classification,LDC,2021,50.8303393232299
Least developed countries: UN classification,LDC,2020,46.4206022472537
Least developed countries: UN classification,LDC,2019,50.4527081523106
Least developed countries: UN classification,LDC,2018,51.296524258874
Least developed countries: UN classification,LDC,2017,46.9382092798438
Least developed countries: UN classification,LDC,2016,46.8248015740668
Least developed countries: UN classification,LDC,2015,50.5099680483005
Least developed countries: UN classification,LDC,2014,55.8863531063786
Least developed countries: UN classification,LDC,2013,58.5658416313382
Low & middle income,LMY,2025,48.5081450811431
Low & middle income,LMY,2024,48.857226972032
Low & middle income,LMY,2023,48.5167070458831
Low & middle income,LMY,2022,52.0932710272132
Low & middle income,LMY,2021,48.6099949167732
Low & middle income,LMY,2020,43.4647217872405
Low & middle income,LMY,2019,46.2116657620281
Low & middle income,LMY,2018,48.0514199619347
Low & middle income,LMY,2017,45.862490243703
Low & middle income,LMY,2016,44.4827294473618
Low & middle income,LMY,2015,46.5943555360391
Low & middle income,LMY,2014,50.3147512075439
Low & middle income,LMY,2013,51.8941031224946
"Middle East, North Africa, Afghanistan & Pakistan",MEA,2025,57.2254672936052
"Middle East, North Africa, Afghanistan & Pakistan",MEA,2024,61.0598278907482
"Middle East, North Africa, Afghanistan & Pakistan",MEA,2023,77.2958898928231
"Middle East, North Africa, Afghanistan & Pakistan",MEA,2022,78.0406746623736
"Middle East, North Africa, Afghanistan & Pakistan",MEA,2021,70.9546601141757
"Middle East, North Africa, Afghanistan & Pakistan",MEA,2020,67.1468231229496
"Middle East, North Africa, Afghanistan & Pakistan",MEA,2019,71.365230706302
"Middle East, North Africa, Afghanistan & Pakistan",MEA,2018,73.0683551775496
"Middle East, North Africa, Afghanistan & Pakistan",MEA,2017,70.8332724780908
"Middle East, North Africa, Afghanistan & Pakistan",MEA,2016,68.0044137925242
"Middle East, North Africa, Afghanistan & Pakistan",MEA,2015,72.2907785951083
"Middle East, North Africa, Afghanistan & Pakistan",MEA,2014,76.8005490635889
"Middle East, North Africa, Afghanistan & Pakistan",MEA,2013,78.8425781479977
"Middle East, North Africa, Afghanistan & Pakistan (excluding high income)",MNA,2025,56.5007572334311
"Middle East, North Africa, Afghanistan & Pakistan (excluding high income)",MNA,2024,56.0097175246672
"Middle East, North Africa, Afghanistan & Pakistan (excluding high income)",MNA,2023,56.1774153986252
"Middle East, North Africa, Afghanistan & Pakistan (excluding high income)",MNA,2022,57.6424669457763
"Middle East, North Africa, Afghanistan & Pakistan (excluding high income)",MNA,2021,49.3831362501559
"Middle East, North Africa, Afghanistan & Pakistan (excluding high income)",MNA,2020,44.4596178295708
"Middle East, North Africa, Afghanistan & Pakistan (excluding high income)",MNA,2019,51.6201392609727
"Middle East, North Africa, Afghanistan & Pakistan (excluding high income)",MNA,2018,54.4511655444978
"Middle East, North Africa, Afghanistan & Pakistan (excluding high income)",MNA,2017,48.1154433116357
"Middle East, North Africa, Afghanistan & Pakistan (excluding high income)",MNA,2016,43.2297330579095
"Middle East, North Africa, Afghanistan & Pakistan (excluding high income)",MNA,2015,46.8158395636334
"Middle East, North Africa, Afghanistan & Pakistan (excluding high income)",MNA,2014,51.0175092414005
"Middle East, North Africa, Afghanistan & Pakistan (excluding high income)",MNA,2013,53.5205479974748
"Middle East, North Africa, Afghanistan & Pakistan (IDA & IBRD)",TMN,2025,56.3025998438537
"Middle East, North Africa, Afghanistan & Pakistan (IDA & IBRD)",TMN,2024,55.8354753976199
"Middle East, North Africa, Afghanistan & Pakistan (IDA & IBRD)",TMN,2023,55.9898772984083
"Middle East, North Africa, Afghanistan & Pakistan (IDA & IBRD)",TMN,2022,57.410925835179
"Middle East, North Africa, Afghanistan & Pakistan (IDA & IBRD)",TMN,2021,49.1614362771883
"Middle East, North Africa, Afghanistan & Pakistan (IDA & IBRD)",TMN,2020,44.2460732794613
"Middle East, North Africa, Afghanistan & Pakistan (IDA & IBRD)",TMN,2019,51.4556020560939
"Middle East, North Africa, Afghanistan & Pakistan (IDA & IBRD)",TMN,2018,54.2906367333293
"Middle East, North Africa, Afghanistan & Pakistan (IDA & IBRD)",TMN,2017,47.9228742230016
"Middle East, North Africa, Afghanistan & Pakistan (IDA & IBRD)",TMN,2016,43.0195526643715
"Middle East, North Africa, Afghanistan & Pakistan (IDA & IBRD)",TMN,2015,46.5888738607617
"Middle East, North Africa, Afghanistan & Pakistan (IDA & IBRD)",TMN,2014,50.8591376770535
"Middle East, North Africa, Afghanistan & Pakistan (IDA & IBRD)",TMN,2013,53.3997897262907
Middle income,MIC,2025,48.5199870997703
Middle income,MIC,2024,48.8661070059471
Middle income,MIC,2023,48.5426145637276
Middle income,MIC,2022,52.1324902381454
Middle income,MIC,2021,48.5808482414615
Middle income,MIC,2020,43.4244387758133
Middle income,MIC,2019,46.1634221530883
Middle income,MIC,2018,47.9992304684682
Middle income,MIC,2017,45.83238971325
Middle income,MIC,2016,44.4639809714772
Middle income,MIC,2015,46.6285407470635
Middle income,MIC,2014,50.3358181754801
Middle income,MIC,2013,51.9151583785186
North America,NAC,2025,
North America,NAC,2024,28.4572777615195
North America,NAC,2023,28.5011567254601
North America,NAC,2022,30.3426534884109
North America,NAC,2021,28.40765855321
North America,NAC,2020,26.4003671798299
North America,NAC,2019,29.6820125642233
North America,NAC,2018,30.8037677802852
North America,NAC,2017,30.3815241361135
North America,NAC,2016,29.788965160778
North America,NAC,2015,30.9872768987244
North America,NAC,2014,32.8641757557362
North America,NAC,2013,32.7126044055607
OECD members,OED,2025,
OECD members,OED,2024,56.884203306257
OECD members,OED,2023,58.0872109260643
OECD members,OED,2022,62.7210761175953
OECD members,OED,2021,55.391612459278
OECD members,OED,2020,51.2170212483167
OECD members,OED,2019,55.6720668830735
OECD members,OED,2018,56.3322811447414
OECD members,OED,2017,54.9880584110509
OECD members,OED,2016,53.1067266686986
OECD members,OED,2015,54.1818728245643
OECD members,OED,2014,55.225064307929
OECD members,OED,2013,55.1482491389613
Other small states,OSS,2025,148.580102427747
Other small states,OSS,2024,147.565086619662
Other small states,OSS,2023,152.142105318558
Other small states,OSS,2022,164.282417815032
Other small states,OSS,2021,148.020858407982
Other small states,OSS,2020,132.264679163186
Other small states,OSS,2019,136.482720392668
Other small states,OSS,2018,134.418960043832
Other small states,OSS,2017,132.246471813015
Other small states,OSS,2016,129.826030756064
Other small states,OSS,2015,132.386994472753
Other small states,OSS,2014,132.53604384433
Other small states,OSS,2013,133.898210170303
Pacific island small states,PSS,2025,
Pacific island small states,PSS,2024,107.346037482762
Pacific island small states,PSS,2023,109.830148087361
Pacific island small states,PSS,2022,100.616717744541
Pacific island small states,PSS,2021,79.8740108393576
Pacific island small states,PSS,2020,77.822496086836
Pacific island small states,PSS,2019,102.576795339028
Pacific island small states,PSS,2018,98.125759164639
Pacific island small states,PSS,2017,94.5921922530943
Pacific island small states,PSS,2016,95.963446575804
Pacific island small states,PSS,2015,99.3961792263783
Pacific island small states,PSS,2014,105.458447205918
Pacific island small states,PSS,2013,114.122728521592
Post-demographic dividend,PST,2025,
Post-demographic dividend,PST,2024,58.8537356684392
Post-demographic dividend,PST,2023,59.8589012445174
Post-demographic dividend,PST,2022,64.0136764662262
Post-demographic dividend,PST,2021,56.99335205027
Post-demographic dividend,PST,2020,52.5392087365205
Post-demographic dividend,PST,2019,57.1581640584494
Post-demographic dividend,PST,2018,58.1259195879656
Post-demographic dividend,PST,2017,56.8542093440197
Post-demographic dividend,PST,2016,54.8892265401051
Post-demographic dividend,PST,2015,56.5047321015269
Post-demographic dividend,PST,2014,58.1583291449941
Post-demographic dividend,PST,2013,58.3350337514479
Pre-demographic dividend,PRE,2025,
Pre-demographic dividend,PRE,2024,
Pre-demographic dividend,PRE,2023,
Pre-demographic dividend,PRE,2022,
Pre-demographic dividend,PRE,2021,
Pre-demographic dividend,PRE,2020,
Pre-demographic dividend,PRE,2019,
Pre-demographic dividend,PRE,2018,
Pre-demographic dividend,PRE,2017,
Pre-demographic dividend,PRE,2016,
Pre-demographic dividend,PRE,2015,
Pre-demographic dividend,PRE,2014,
Pre-demographic dividend,PRE,2013,
Small states,SST,2025,
Small states,SST,2024,139.812410499294
Small states,SST,2023,143.741785064328
Small states,SST,2022,153.293868856844
Small states,SST,2021,137.26856660282
Small states,SST,2020,122.619796574394
Small states,SST,2019,129.340648955305
Small states,SST,2018,127.48258048696
Small states,SST,2017,125.094362889319
Small states,SST,2016,123.059966417898
Small states,SST,2015,125.683403607042
Small states,SST,2014,127.011472136925
Small states,SST,2013,128.77490331214
South Asia,SAS,2025,44.6187059771453
South Asia,SAS,2024,44.3926979482562
South Asia,SAS,2023,45.1297122216899
South Asia,SAS,2022,49.3870182903706
South Asia,SAS,2021,44.0145414114752
South Asia,SAS,2020,36.9884537737575
South Asia,SAS,2019,39.8164418526697
South Asia,SAS,2018,43.1541039748074
South Asia,SAS,2017,40.3089858984264
South Asia,SAS,2016,39.793803445458
South Asia,SAS,2015,42.3320491860179
South Asia,SAS,2014,48.7343658963128
South Asia,SAS,2013,53.1281840147581
South Asia (IDA & IBRD),TSA,2025,44.6187059771453
South Asia (IDA & IBRD),TSA,2024,44.3926979482562
South Asia (IDA & IBRD),TSA,2023,45.1297122216899
South Asia (IDA & IBRD),TSA,2022,49.3870182903706
South Asia (IDA & IBRD),TSA,2021,44.0145414114752
South Asia (IDA & IBRD),TSA,2020,36.9884537737575
South Asia (IDA & IBRD),TSA,2019,39.8164418526697
South Asia (IDA & IBRD),TSA,2018,43.1541039748074
South Asia (IDA & IBRD),TSA,2017,40.3089858984264
South Asia (IDA & IBRD),TSA,2016,39.793803445458
South Asia (IDA & IBRD),TSA,2015,42.3320491860179
South Asia (IDA & IBRD),TSA,2014,48.7343658963128
South Asia (IDA & IBRD),TSA,2013,53.1281840147581
Sub-Saharan Africa,SSF,2025,
Sub-Saharan Africa,SSF,2024,55.6767656030774
Sub-Saharan Africa,SSF,2023,57.2937339567699
Sub-Saharan Africa,SSF,2022,58.9994035836065
Sub-Saharan Africa,SSF,2021,55.7521813274626
Sub-Saharan Africa,SSF,2020,51.0745605520284
Sub-Saharan Africa,SSF,2019,55.5340525464606
Sub-Saharan Africa,SSF,2018,56.5842311852533
Sub-Saharan Africa,SSF,2017,54.178721135165
Sub-Saharan Africa,SSF,2016,55.085361908726
Sub-Saharan Africa,SSF,2015,57.32544429518
Sub-Saharan Africa,SSF,2014,60.7765795646876
Sub-Saharan Africa,SSF,2013,62.3322006918368
Sub-Saharan Africa (excluding high income),SSA,2025,
Sub-Saharan Africa (excluding high income),SSA,2024,55.5427006162854
Sub-Saharan Africa (excluding high income),SSA,2023,57.1531452365655
Sub-Saharan Africa (excluding high income),SSA,2022,58.8521146696301
Sub-Saharan Africa (excluding high income),SSA,2021,55.6113533048507
Sub-Saharan Africa (excluding high income),SSA,2020,50.961904883829
Sub-Saharan Africa (excluding high income),SSA,2019,55.4043844435003
Sub-Saharan Africa (excluding high income),SSA,2018,56.4421879581311
Sub-Saharan Africa (excluding high income),SSA,2017,54.0211228466299
Sub-Saharan Africa (excluding high income),SSA,2016,54.9463073627742
Sub-Saharan Africa (excluding high income),SSA,2015,57.181559971836
Sub-Saharan Africa (excluding high income),SSA,2014,60.6079000465894
Sub-Saharan Africa (excluding high income),SSA,2013,62.1838544865555
Sub-Saharan Africa (IDA & IBRD countries),TSS,2025,
Sub-Saharan Africa (IDA & IBRD countries),TSS,2024,55.6767656030774
Sub-Saharan Africa (IDA & IBRD countries),TSS,2023,57.2937339567699
Sub-Saharan Africa (IDA & IBRD countries),TSS,2022,58.9994035836065
Sub-Saharan Africa (IDA & IBRD countries),TSS,2021,55.7521813274626
Sub-Saharan Africa (IDA & IBRD countries),TSS,2020,51.0745605520284
Sub-Saharan Africa (IDA & IBRD countries),TSS,2019,55.5340525464606
Sub-Saharan Africa (IDA & IBRD countries),TSS,2018,56.5842311852533
Sub-Saharan Africa (IDA & IBRD countries),TSS,2017,54.178721135165
Sub-Saharan Africa (IDA & IBRD countries),TSS,2016,55.085361908726
Sub-Saharan Africa (IDA & IBRD countries),TSS,2015,57.32544429518
Sub-Saharan Africa (IDA & IBRD countries),TSS,2014,60.7765795646876
Sub-Saharan Africa (IDA & IBRD countries),TSS,2013,62.3322006918368
World,WLD,2025,68.4920790757033
World,WLD,2024,56.7228465365692
World,WLD,2023,58.0658951471515
World,WLD,2022,62.1470721214396
World,WLD,2021,56.498994335193
World,WLD,2020,51.8676146705359
World,WLD,2019,55.8007220789098
World,WLD,2018,56.989700265917
World,WLD,2017,55.4551756398449
World,WLD,2016,53.7908953963337
World,WLD,2015,55.6181865121386
World,WLD,2014,58.0267788162164
World,WLD,2013,58.6308037331573
Afghanistan,AFG,2025,
Afghanistan,AFG,2024,83.763025087768
Afghanistan,AFG,2023,66.9995780621951
Afghanistan,AFG,2022,72.8854696086536
Afghanistan,AFG,2021,51.4117163747271
Afghanistan,AFG,2020,46.7098945514103
Afghanistan,AFG,2019,
Afghanistan,AFG,2018,
Afghanistan,AFG,2017,
Afghanistan,AFG,2016,
Afghanistan,AFG,2015,
Afghanistan,AFG,2014,
Afghanistan,AFG,2013,
Albania,ALB,2025,79.5328146239161
Albania,ALB,2024,79.4546360752224
Albania,ALB,2023,82.3524933990723
Albania,ALB,2022,84.6980435944865
Albania,ALB,2021,75.5904040905009
Albania,ALB,2020,59.5206994391875
Albania,ALB,2019,75.382128932689
Albania,ALB,2018,75.6940783717425
Albania,ALB,2017,76.7873817898989
Albania,ALB,2016,74.0144504546815
Albania,ALB,2015,71.2794476606014
Albania,ALB,2014,75.0212023084129
Albania,ALB,2013,75.7506185619748
Algeria,DZA,2025,38.9789440161631
Algeria,DZA,2024,40.1345741170703
Algeria,DZA,2023,43.7397984507007
Algeria,DZA,2022,51.1900893683897
Algeria,DZA,2021,46.8370592599607
Algeria,DZA,2020,40.3897565625388
Algeria,DZA,2019,46.5068426081672
Algeria,DZA,2018,52.4361676779223
Algeria,DZA,2017,49.8208161712587
Algeria,DZA,2016,49.7609327925216
Algeria,DZA,2015,53.2046225904145
Algeria,DZA,2014,56.9235419669867
Algeria,DZA,2013,59.151008157244
American Samoa,ASM,2025,
American Samoa,ASM,2024,
American Samoa,ASM,2023,
American Samoa,ASM,2022,124.684270952928
American Samoa,ASM,2021,136.8
American Samoa,ASM,2020,154.368932038835
American Samoa,ASM,2019,156.568778979907
American Samoa,ASM,2018,171.830985915493
American Samoa,ASM,2017,161.437908496732
American Samoa,ASM,2016,159.165424739195
American Samoa,ASM,2015,162.407132243685
American Samoa,ASM,2014,174.805598755832
American Samoa,ASM,2013,173.824451410658
Andorra,AND,2025,
Andorra,AND,2024,
Andorra,AND,2023,
Andorra,AND,2022,
Andorra,AND,2021,
Andorra,AND,2020,
Andorra,AND,2019,
Andorra,AND,2018,
Andorra,AND,2017,
Andorra,AND,2016,
Andorra,AND,2015,
Andorra,AND,2014,
Andorra,AND,2013,
Angola,AGO,2025,34.6466403704517
Angola,AGO,2024,49.8489506740963
Angola,AGO,2023,53.6070126498686
Angola,AGO,2022,56.5380722280743
Angola,AGO,2021,62.5287705320674
Angola,AGO,2020,54.6604030683749
Angola,AGO,2019,60.3713068739603
Angola,AGO,2018,58.2698953890633
Angola,AGO,2017,44.9963253203189
Angola,AGO,2016,46.3256130571521
Angola,AGO,2015,54.9793808780995
Angola,AGO,2014,69.5801424480502
Angola,AGO,2013,77.3498013719917
Antigua and Barbuda,ATG,2025,
Antigua and Barbuda,ATG,2024,
Antigua and Barbuda,ATG,2023,
Antigua and Barbuda,ATG,2022,118.302584056113
Antigua and Barbuda,ATG,2021,101.074960584779
Antigua and Barbuda,ATG,2020,94.289529886499
Antigua and Barbuda,ATG,2019,137.537783631991
Antigua and Barbuda,ATG,2018,130.655152659419
Antigua and Barbuda,ATG,2017,127.664323582144
Antigua and Barbuda,ATG,2016,132.025917905085
Antigua and Barbuda,ATG,2015,130.071549851721
Antigua and Barbuda,ATG,2014,141.546161057996
Antigua and Barbuda,ATG,2013,
Argentina,ARG,2025,30.364633685192
Argentina,ARG,2024,27.929760849367
Argentina,ARG,2023,26.6769512482215
Argentina,ARG,2022,31.5801792606256
Argentina,ARG,2021,33.078689567466
Argentina,ARG,2020,30.203698807416
Argentina,ARG,2019,32.6306150458499
Argentina,ARG,2018,30.7625359549926
Argentina,ARG,2017,25.2896011376779
Argentina,ARG,2016,26.0938878488799
Argentina,ARG,2015,22.4862260889792
Argentina,ARG,2014,28.4067936452275
Argentina,ARG,2013,29.3339290021037
Armenia,ARM,2025,101.705936395702
Armenia,ARM,2024,150.064726588742
Armenia,ARM,2023,123.418750077627
Armenia,ARM,2022,103.878629213508
Armenia,ARM,2021,79.2489057647112
Armenia,ARM,2020,70.1213571368789
Armenia,ARM,2019,97.847004865327
Armenia,ARM,2018,92.473107021212
Armenia,ARM,2017,87.202376539837
Armenia,ARM,2016,76.0779674593548
Armenia,ARM,2015,71.6820743427575
Armenia,ARM,2014,75.778866962639
Armenia,ARM,2013,77.5550481598824
Aruba,ABW,2025,
Aruba,ABW,2024,164.138645148918
Aruba,ABW,2023,153.719158343959
Aruba,ABW,2022,160.558140997897
Aruba,ABW,2021,139.510902584073
Aruba,ABW,2020,123.24050373078
Aruba,ABW,2019,137.923249273411
Aruba,ABW,2018,138.824972245657
Aruba,ABW,2017,138.716620095236
Aruba,ABW,2016,136.887263320827
Aruba,ABW,2015,140.493001133496
Aruba,ABW,2014,156.491052864098
Aruba,ABW,2013,155.731904522973
Australia,AUS,2025,45.9014493880126
Australia,AUS,2024,47.1453811065195
Australia,AUS,2023,49.044339318428
Australia,AUS,2022,45.6946418805752
Australia,AUS,2021,40.2022359390595
Australia,AUS,2020,44.499564103879
Australia,AUS,2019,46.0016827052171
Australia,AUS,2018,43.5732253645218
Australia,AUS,2017,42.0354135251854
Australia,AUS,2016,40.813402217321
Australia,AUS,2015,41.4947506939901
Australia,AUS,2014,42.2993095385282
Australia,AUS,2013,41.100511881056
Austria,AUT,2025,107.01983926573
Austria,AUT,2024,108.825777834405
Austria,AUT,2023,115.152914822732
Austria,AUT,2022,123.579578652902
Austria,AUT,2021,111.032932124165
Austria,AUT,2020,99.9482141095975
Austria,AUT,2019,108.207284904426
Austria,AUT,2018,108.377969971828
Austria,AUT,2017,105.556066755438
Austria,AUT,2016,101.573494597172
Austria,AUT,2015,103.11758174626
Austria,AUT,2014,104.49673998926
Austria,AUT,2013,104.985374015367
Azerbaijan,AZE,2025,79.8295815452306
Azerbaijan,AZE,2024,82.5675246316515
Azerbaijan,AZE,2023,83.5358861156321
Azerbaijan,AZE,2022,86.9822732541779
Azerbaijan,AZE,2021,76.286865687015
Azerbaijan,AZE,2020,72.0178676487811
Azerbaijan,AZE,2019,85.8181454084561
Azerbaijan,AZE,2018,91.6725765369825
Azerbaijan,AZE,2017,90.4023156823216
Azerbaijan,AZE,2016,90.0773187345677
Azerbaijan,AZE,2015,72.6015079073189
Azerbaijan,AZE,2014,69.4832251953347
Azerbaijan,AZE,2013,74.6758447629851
"Bahamas, The",BHS,2025,
"Bahamas, The",BHS,2024,79.2424586933455
"Bahamas, The",BHS,2023,76.5494751592857
"Bahamas, The",BHS,2022,75.9829601059237
"Bahamas, The",BHS,2021,65.9325413308964
"Bahamas, The",BHS,2020,53.4207580670063
"Bahamas, The",BHS,2019,68.7866234842208
"Bahamas, The",BHS,2018,72.1542685971043
"Bahamas, The",BHS,2017,68.334284038596
"Bahamas, The",BHS,2016,67.212921580015
"Bahamas, The",BHS,2015,69.6779752652565
"Bahamas, The",BHS,2014,80.5370272284116
"Bahamas, The",BHS,2013,84.5484138879077
Bahrain,BHR,2025,
Bahrain,BHR,2024,157.480869430187
Bahrain,BHR,2023,157.447854682297
Bahrain,BHR,2022,167.141241152535
Bahrain,BHR,2021,153.799316485108
Bahrain,BHR,2020,135.460985012931
Bahrain,BHR,2019,135.417543398211
Bahrain,BHR,2018,144.075372574535
Bahrain,BHR,2017,136.429239810394
Bahrain,BHR,2016,132.822997902774
Bahrain,BHR,2015,147.916060172904
Bahrain,BHR,2014,168.57585814186
Bahrain,BHR,2013,184.58950884485
Bangladesh,BGD,2025,27.9505840425563
Bangladesh,BGD,2024,26.7780758040478
Bangladesh,BGD,2023,30.9829714104596
Bangladesh,BGD,2022,33.7799672705735
Bangladesh,BGD,2021,27.7240047036631
Bangladesh,BGD,2020,26.271447376215
Bangladesh,BGD,2019,31.5780544912404
Bangladesh,BGD,2018,32.5146317240884
Bangladesh,BGD,2017,29.9997306724343
Bangladesh,BGD,2016,31.3341501346142
Bangladesh,BGD,2015,42.0859963070382
Bangladesh,BGD,2014,44.5140801968096
Bangladesh,BGD,2013,46.2964027228174
Barbados,BRB,2025,
Barbados,BRB,2024,
Barbados,BRB,2023,
Barbados,BRB,2022,
Barbados,BRB,2021,
Barbados,BRB,2020,
Barbados,BRB,2019,
Barbados,BRB,2018,
Barbados,BRB,2017,
Barbados,BRB,2016,
Barbados,BRB,2015,
Barbados,BRB,2014,
Barbados,BRB,2013,
Belarus,BLR,2025,112.107625821378
Belarus,BLR,2024,128.242832314614
Belarus,BLR,2023,131.584674884961
Belarus,BLR,2022,120.024207576094
Belarus,BLR,2021,136.014167877476
Belarus,BLR,2020,118.934176146534
Belarus,BLR,2019,130.850406102184
Belarus,BLR,2018,139.393736250171
Belarus,BLR,2017,133.367754723012
Belarus,BLR,2016,125.209322899662
Belarus,BLR,2015,115.914826201946
Belarus,BLR,2014,110.651424367582
Belarus,BLR,2013,119.815965235724
Belgium,BEL,2025,152.917788719365
Belgium,BEL,2024,159.023481148927
Belgium,BEL,2023,165.987440736442
Belgium,BEL,2022,191.053418131592
Belgium,BEL,2021,177.381912201075
Belgium,BEL,2020,156.950121282783
Belgium,BEL,2019,165.46547893199
Belgium,BEL,2018,168.277692877218
Belgium,BEL,2017,166.904078237791
Belgium,BEL,2016,159.057696611945
Belgium,BEL,2015,155.068682045926
Belgium,BEL,2014,158.571610953523
Belgium,BEL,2013,157.573622782434
Belize,BLZ,2025,
Belize,BLZ,2024,108.972446521476
Belize,BLZ,2023,106.400505850771
Belize,BLZ,2022,107.840250086037
Belize,BLZ,2021,98.9824369429997
Belize,BLZ,2020,81.6431433128545
Belize,BLZ,2019,102.441856907677
Belize,BLZ,2018,100.989214362975
Belize,BLZ,2017,97.7072571800462
Belize,BLZ,2016,96.4998358304218
Belize,BLZ,2015,104.070958799941
Belize,BLZ,2014,107.112517468788
Belize,BLZ,2013,108.672614067831
Benin,BEN,2025,37.1169356248994
Benin,BEN,2024,40.6398022401523
Benin,BEN,2023,44.6631308180211
Benin,BEN,2022,44.3815928877424
Benin,BEN,2021,48.0548608324409
Benin,BEN,2020,44.8332333768726
Benin,BEN,2019,63.68133231423
Benin,BEN,2018,61.7951944903448
Benin,BEN,2017,61.4765969588474
Benin,BEN,2016,58.9869283378276
Benin,BEN,2015,56.7563131849476
Benin,BEN,2014,65.2682749404551
Benin,BEN,2013,59.2001918331875
Bermuda,BMU,2025,
Bermuda,BMU,2024,80.2060884448408
Bermuda,BMU,2023,77.6465295570053
Bermuda,BMU,2022,77.9770526954316
Bermuda,BMU,2021,72.9270921395872
Bermuda,BMU,2020,70.5898221728952
Bermuda,BMU,2019,77.5601016506443
Bermuda,BMU,2018,77.5552703807388
Bermuda,BMU,2017,72.3924284503794
Bermuda,BMU,2016,72.7499093828891
Bermuda,BMU,2015,73.2954985174785
Bermuda,BMU,2014,76.5167474588353
Bermuda,BMU,2013,76.2701066974999
Bhutan,BTN,2025,
Bhutan,BTN,2024,79.3625417953324
Bhutan,BTN,2023,81.7366278539811
Bhutan,BTN,2022,85.5712165226139
Bhutan,BTN,2021,77.5824482709826
Bhutan,BTN,2020,71.8303510394637
Bhutan,BTN,2019,76.1235167041505
Bhutan,BTN,2018,79.7397203296083
Bhutan,BTN,2017,76.7884016850221
Bhutan,BTN,2016,76.3847528498375
Bhutan,BTN,2015,89.6391604595496
Bhutan,BTN,2014,87.9342562013295
Bhutan,BTN,2013,95.0525382780424
Bolivia,BOL,2025,
Bolivia,BOL,2024,46.9778716148403
Bolivia,BOL,2023,49.6083255594597
Bolivia,BOL,2022,57.5249335789631
Bolivia,BOL,2021,47.6670843158984
Bolivia,BOL,2020,37.5164342446486
Bolivia,BOL,2019,45.8209732749024
Bolivia,BOL,2018,46.9261953417368
Bolivia,BOL,2017,45.5761123650708
Bolivia,BOL,2016,56.4010345026573
Bolivia,BOL,2015,67.9328451905248
Bolivia,BOL,2014,85.2644695625131
Bolivia,BOL,2013,81.2309075267174
Bosnia and Herzegovina,BIH,2025,95.1215717200063
Bosnia and Herzegovina,BIH,2024,94.7601778509961
Bosnia and Herzegovina,BIH,2023,99.6330317954442
Bosnia and Herzegovina,BIH,2022,110.205283719751
Bosnia and Herzegovina,BIH,2021,96.7391144408744
Bosnia and Herzegovina,BIH,2020,82.5216467994007
Bosnia and Herzegovina,BIH,2019,94.516125154246
Bosnia and Herzegovina,BIH,2018,98.4320694182631
Bosnia and Herzegovina,BIH,2017,96.6458803566861
Bosnia and Herzegovina,BIH,2016,88.2440340022738
Bosnia and Herzegovina,BIH,2015,88.291992587588
Bosnia and Herzegovina,BIH,2014,90.5522780395662
Bosnia and Herzegovina,BIH,2013,87.9312380280562
Botswana,BWA,2025,69.5446677858652
Botswana,BWA,2024,69.4453508747185
Botswana,BWA,2023,70.1128327324509
Botswana,BWA,2022,86.0696039867252
Botswana,BWA,2021,91.0478497403998
Botswana,BWA,2020,80.3250344865506
Botswana,BWA,2019,83.0929813601175
Botswana,BWA,2018,87.4551039946493
Botswana,BWA,2017,81.9239513763494
Botswana,BWA,2016,100.464689766026
Botswana,BWA,2015,112.900891016005
Botswana,BWA,2014,119.497541791464
Botswana,BWA,2013,125.78303991122
Brazil,BRA,2025,35.2914822615074
Brazil,BRA,2024,35.5845239386244
Brazil,BRA,2023,33.6662298301438
Brazil,BRA,2022,38.8160659763397
Brazil,BRA,2021,37.6563307598082
Brazil,BRA,2020,32.3020785437939
Brazil,BRA,2019,28.8902578698964
Brazil,BRA,2018,28.8762033763866
Brazil,BRA,2017,24.3197343743057
Brazil,BRA,2016,24.5336820777006
Brazil,BRA,2015,26.95362593736
Brazil,BRA,2014,24.6854058131291
Brazil,BRA,2013,25.7859573274674
British Virgin Islands,VGB,2025,
British Virgin Islands,VGB,2024,
British Virgin Islands,VGB,2023,
British Virgin Islands,VGB,2022,
British Virgin Islands,VGB,2021,
British Virgin Islands,VGB,2020,
British Virgin Islands,VGB,2019,
British Virgin Islands,VGB,2018,
British Virgin Islands,VGB,2017,
British Virgin Islands,VGB,2016,
British Virgin Islands,VGB,2015,
British Virgin Islands,VGB,2014,
British Virgin Islands,VGB,2013,
Brunei Darussalam,BRN,2025,123.609124931602
Brunei Darussalam,BRN,2024,132.58743952196
Brunei Darussalam,BRN,2023,136.86343465048
Brunei Darussalam,BRN,2022,146.973965879597
Brunei Darussalam,BRN,2021,147.123112375318
Brunei Darussalam,BRN,2020,110.291003658452
Brunei Darussalam,BRN,2019,108.509658357959
Brunei Darussalam,BRN,2018,93.8980617666778
Brunei Darussalam,BRN,2017,85.1768604269985
Brunei Darussalam,BRN,2016,87.319801332806
Brunei Darussalam,BRN,2015,89.8961882533585
Brunei Darussalam,BRN,2014,102.421000963035
Brunei Darussalam,BRN,2013,110.939599584216
Bulgaria,BGR,2025,102.514263507931
Bulgaria,BGR,2024,110.226317731322
Bulgaria,BGR,2023,119.899505851916
Bulgaria,BGR,2022,138.844872770267
Bulgaria,BGR,2021,121.214091012604
Bulgaria,BGR,2020,110.423903082333
Bulgaria,BGR,2019,125.260415075086
Bulgaria,BGR,2018,129.166502231244
Bulgaria,BGR,2017,129.634433774038
Bulgaria,BGR,2016,122.805519071127
Bulgaria,BGR,2015,126.736652288689
Bulgaria,BGR,2014,130.248372124871
Bulgaria,BGR,2013,129.688685003845
Burkina Faso,BFA,2025,65.0029506969427
Burkina Faso,BFA,2024,60.492898852298
Burkina Faso,BFA,2023,63.1530435873964
Burkina Faso,BFA,2022,67.5202901331655
Burkina Faso,BFA,2021,62.4203586607795
Burkina Faso,BFA,2020,60.7397786403239
Burkina Faso,BFA,2019,60.4086928753226
Burkina Faso,BFA,2018,60.5956256236488
Burkina Faso,BFA,2017,59.2687802020168
Burkina Faso,BFA,2016,57.8931727994406
Burkina Faso,BFA,2015,59.0891813101662
Burkina Faso,BFA,2014,58.8235624937426
Burkina Faso,BFA,2013,64.0358513024234
Burundi,BDI,2025,
Burundi,BDI,2024,
Burundi,BDI,2023,
Burundi,BDI,2022,
Burundi,BDI,2021,
Burundi,BDI,2020,
Burundi,BDI,2019,
Burundi,BDI,2018,
Burundi,BDI,2017,
Burundi,BDI,2016,
Burundi,BDI,2015,
Burundi,BDI,2014,
Burundi,BDI,2013,
Cabo Verde,CPV,2025,95.3284601191981
Cabo Verde,CPV,2024,96.9022561569006
Cabo Verde,CPV,2023,95.0324943346692
Cabo Verde,CPV,2022,96.9941368513357
Cabo Verde,CPV,2021,77.4550586265341
Cabo Verde,CPV,2020,78.3934545931901
Cabo Verde,CPV,2019,103.602656463726
Cabo Verde,CPV,2018,105.867524052105
Cabo Verde,CPV,2017,100.052133904219
Cabo Verde,CPV,2016,95.3781398609533
Cabo Verde,CPV,2015,94.0084870167993
Cabo Verde,CPV,2014,91.3038524117221
Cabo Verde,CPV,2013,86.1698600308418
Cambodia,KHM,2025,136.089748673383
Cambodia,KHM,2024,143.447009703011
Cambodia,KHM,2023,134.206842395931
Cambodia,KHM,2022,145.873632761406
Cambodia,KHM,2021,146.179846509715
Cambodia,KHM,2020,122.105396346568
Cambodia,KHM,2019,115.736679072448
Cambodia,KHM,2018,118.43765541305
Cambodia,KHM,2017,121.155451298689
Cambodia,KHM,2016,122.704555602667
Cambodia,KHM,2015,122.109596815379
Cambodia,KHM,2014,124.454908526693
Cambodia,KHM,2013,124.887552768657
Cameroon,CMR,2025,33.3842706629963
Cameroon,CMR,2024,34.4031785915423
Cameroon,CMR,2023,37.8903321242578
Cameroon,CMR,2022,41.2866025594679
Cameroon,CMR,2021,36.7308347188558
Cameroon,CMR,2020,33.7388313623871
Cameroon,CMR,2019,43.3785132480415
Cameroon,CMR,2018,40.587602877028
Cameroon,CMR,2017,39.1990216052629
Cameroon,CMR,2016,40.6386315268268
Cameroon,CMR,2015,45.5401468279393
Cameroon,CMR,2014,50.8323893087648
Cameroon,CMR,2013,49.6745363462134
Canada,CAN,2025,63.5105049692227
Canada,CAN,2024,65.1214987304374
Canada,CAN,2023,66.5745425015033
Canada,CAN,2022,66.9531620692051
Canada,CAN,2021,62.2468612630348
Canada,CAN,2020,61.1566883386797
Canada,CAN,2019,66.1713422730605
Canada,CAN,2018,66.59982627163
Canada,CAN,2017,65.1009087910845
Canada,CAN,2016,65.3636199818813
Canada,CAN,2015,66.1648355844224
Canada,CAN,2014,64.3785976132125
Canada,CAN,2013,62.2315329073432
Cayman Islands,CYM,2025,
Cayman Islands,CYM,2024,
Cayman Islands,CYM,2023,
Cayman Islands,CYM,2022,
Cayman Islands,CYM,2021,
Cayman Islands,CYM,2020,105.472790158919
Cayman Islands,CYM,2019,114.838539695171
Cayman Islands,CYM,2018,117.117123372744
Cayman Islands,CYM,2017,117.436583687346
Cayman Islands,CYM,2016,
Cayman Islands,CYM,2015,
Cayman Islands,CYM,2014,
Cayman Islands,CYM,2013,
Central African Republic,CAF,2025,52.9067459083503
Central African Republic,CAF,2024,46.4318999802251
Central African Republic,CAF,2023,43.480570208358
Central African Republic,CAF,2022,45.23357000162
Central African Republic,CAF,2021,44.159119995104
Central African Republic,CAF,2020,49.5210200011921
Central African Republic,CAF,2019,50.0658000014868
Central African Republic,CAF,2018,49.6602000024318
Central African Republic,CAF,2017,57.1435457117119
Central African Republic,CAF,2016,50.53064402191
Central African Republic,CAF,2015,53.1451477769621
Central African Republic,CAF,2014,53.0950920179825
Central African Republic,CAF,2013,38.3992875721315
Chad,TCD,2025,46.1321498031281
Chad,TCD,2024,44.5559353847423
Chad,TCD,2023,46.8626488759728
Chad,TCD,2022,47.9883784319429
Chad,TCD,2021,43.9465041015895
Chad,TCD,2020,40.6428170621932
Chad,TCD,2019,46.6777247152768
Chad,TCD,2018,46.7384317860183
Chad,TCD,2017,43.2900613852468
Chad,TCD,2016,43.9580149331537
Chad,TCD,2015,48.5114982079885
Chad,TCD,2014,40.8116269859319
Chad,TCD,2013,51.5308164549816
Channel Islands,CHI,2025,
Channel Islands,CHI,2024,
Channel Islands,CHI,2023,
Channel Islands,CHI,2022,
Channel Islands,CHI,2021,
Channel Islands,CHI,2020,
Channel Islands,CHI,2019,
Channel Islands,CHI,2018,
Channel Islands,CHI,2017,
Channel Islands,CHI,2016,
Channel Islands,CHI,2015,
Channel Islands,CHI,2014,
Channel Islands,CHI,2013,
Chile,CHL,2025,64.984377042281
Chile,CHL,2024,63.9577465302563
Chile,CHL,2023,60.6766444736157
Chile,CHL,2022,75.2334197533759
Chile,CHL,2021,64.8399924791736
Chile,CHL,2020,58.1687693933374
Chile,CHL,2019,57.6069157856537
Chile,CHL,2018,58.1770513035882
Chile,CHL,2017,56.0261586393213
Chile,CHL,2016,56.0578603070995
Chile,CHL,2015,59.3491105681231
Chile,CHL,2014,65.6346274347707
Chile,CHL,2013,65.1432877063737
China,CHN,2025,37.9563878652312
China,CHN,2024,37.9560601372544
China,CHN,2023,36.7391496938394
China,CHN,2022,37.512555678171
China,CHN,2021,36.6428789643754
China,CHN,2020,34.337778473884
China,CHN,2019,35.4544350281407
China,CHN,2018,36.8943843914718
China,CHN,2017,36.95085261586
China,CHN,2016,36.177170692978
China,CHN,2015,38.6971848362625
China,CHN,2014,44.0684564812532
China,CHN,2013,45.9160413795571
Colombia,COL,2025,35.3689564685036
Colombia,COL,2024,36.3179938785373
Colombia,COL,2023,40.1333165322581
Colombia,COL,2022,48.2826551123359
Colombia,COL,2021,40.0591463936128
Colombia,COL,2020,34.0555709680101
Colombia,COL,2019,37.558533980839
Colombia,COL,2018,36.5347527968973
Colombia,COL,2017,35.2829149424588
Colombia,COL,2016,36.202652984202
Colombia,COL,2015,38.3607641184453
Colombia,COL,2014,37.4874656411103
Colombia,COL,2013,37.9866487978457
Comoros,COM,2025,40.8852246183221
Comoros,COM,2024,41.4806352919635
Comoros,COM,2023,44.4398634497089
Comoros,COM,2022,50.3887704882382
Comoros,COM,2021,42.0677236496077
Comoros,COM,2020,33.7299346157491
Comoros,COM,2019,42.2680785350184
Comoros,COM,2018,42.996153341343
Comoros,COM,2017,40.164358921352
Comoros,COM,2016,37.1328797158337
Comoros,COM,2015,37.8049520714563
Comoros,COM,2014,39.2358265722767
Comoros,COM,2013,39.2433304243612
"Congo, Dem. Rep.",COD,2025,87.3342878785207
"Congo, Dem. Rep.",COD,2024,94.2484870645646
"Congo, Dem. Rep.",COD,2023,86.7400581798289
"Congo, Dem. Rep.",COD,2022,85.8221691879958
"Congo, Dem. Rep.",COD,2021,75.3870523860732
"Congo, Dem. Rep.",COD,2020,61.0284707727916
"Congo, Dem. Rep.",COD,2019,60.9143523742792
"Congo, Dem. Rep.",COD,2018,72.5591739081336
"Congo, Dem. Rep.",COD,2017,65.9184525277578
"Congo, Dem. Rep.",COD,2016,68.0083342860132
"Congo, Dem. Rep.",COD,2015,57.7539236163245
"Congo, Dem. Rep.",COD,2014,74.1131729382021
"Congo, Dem. Rep.",COD,2013,72.5557545139014
"Congo, Rep.",COG,2025,91.6690172364453
"Congo, Rep.",COG,2024,93.1881220839752
"Congo, Rep.",COG,2023,96.2103944039618
"Congo, Rep.",COG,2022,98.1613366922001
"Congo, Rep.",COG,2021,85.5462031552188
"Congo, Rep.",COG,2020,69.3066247188397
"Congo, Rep.",COG,2019,91.5757547930374
"Congo, Rep.",COG,2018,100.583216779714
"Congo, Rep.",COG,2017,94.6170952583422
"Congo, Rep.",COG,2016,122.259818284021
"Congo, Rep.",COG,2015,117.320721558581
"Congo, Rep.",COG,2014,104.197620103417
"Congo, Rep.",COG,2013,93.0028633915235
Costa Rica,CRI,2025,71.4919046503354
Costa Rica,CRI,2024,69.8533786394509
Costa Rica,CRI,2023,71.4380310340536
Costa Rica,CRI,2022,79.0523903153884
Costa Rica,CRI,2021,70.103693305909
Costa Rica,CRI,2020,59.7463550719484
Costa Rica,CRI,2019,65.4194732486775
Costa Rica,CRI,2018,66.7874137887726
Costa Rica,CRI,2017,65.0719536997344
Costa Rica,CRI,2016,62.178478293067
Costa Rica,CRI,2015,60.7535621474841
Costa Rica,CRI,2014,65.1912422181011
Costa Rica,CRI,2013,64.0664108162845
Cote d'Ivoire,CIV,2025,54.5579069336573
Cote d'Ivoire,CIV,2024,51.2649845400983
Cote d'Ivoire,CIV,2023,48.8170039103332
Cote d'Ivoire,CIV,2022,52.8663910413483
Cote d'Ivoire,CIV,2021,45.1140327762435
Cote d'Ivoire,CIV,2020,41.9426318190526
Cote d'Ivoire,CIV,2019,44.6604105830795
Cote d'Ivoire,CIV,2018,46.0375087102874
Cote d'Ivoire,CIV,2017,48.6625074729482
Cote d'Ivoire,CIV,2016,47.5655783613535
Cote d'Ivoire,CIV,2015,52.7153604615931
Cote d'Ivoire,CIV,2014,53.6804175610344
Cote d'Ivoire,CIV,2013,58.3526792527234
Croatia,HRV,2025,100.986286636193
Croatia,HRV,2024,104.912403236133
Croatia,HRV,2023,107.277801631602
Croatia,HRV,2022,125.410793782261
Croatia,HRV,2021,102.327614281062
Croatia,HRV,2020,89.5475327132272
Croatia,HRV,2019,101.395111645358
Croatia,HRV,2018,99.0845893099948
Croatia,HRV,2017,97.2452344566878
Croatia,HRV,2016,92.1393432283564
Croatia,HRV,2015,90.6517861027716
Croatia,HRV,2014,85.2166354640278
Croatia,HRV,2013,80.919621854334
Cuba,CUB,2025,
Cuba,CUB,2024,124.863238865053
Cuba,CUB,2023,120.533878427187
Cuba,CUB,2022,93.8607755890525
Cuba,CUB,2021,80.0237703083904
Cuba,CUB,2020,15.6829868097474
Cuba,CUB,2019,22.8208911354416
Cuba,CUB,2018,27.0835484486147
Cuba,CUB,2017,26.2224363787618
Cuba,CUB,2016,27.2691132420785
Cuba,CUB,2015,31.6138124793419
Cuba,CUB,2014,39.2741528539069
Cuba,CUB,2013,44.3238969253902
Curacao,CUW,2025,
Curacao,CUW,2024,
Curacao,CUW,2023,
Curacao,CUW,2022,
Curacao,CUW,2021,
Curacao,CUW,2020,
Curacao,CUW,2019,
Curacao,CUW,2018,155.268858771687
Curacao,CUW,2017,139.812449543914
Curacao,CUW,2016,139.052979137029
Curacao,CUW,2015,148.313815925541
Curacao,CUW,2014,164.35981815222
Curacao,CUW,2013,166.406149086576
Cyprus,CYP,2025,189.496102105437
Cyprus,CYP,2024,190.40287092076
Cyprus,CYP,2023,190.740957956519
Cyprus,CYP,2022,205.753530252705
Cyprus,CYP,2021,176.82773681987
Cyprus,CYP,2020,160.66871645997
Cyprus,CYP,2019,150.50616312951
Cyprus,CYP,2018,147.623567410054
Cyprus,CYP,2017,148.013355558135
Cyprus,CYP,2016,139.022098457248
Cyprus,CYP,2015,137.276426477193
Cyprus,CYP,2014,130.84436307939
Cyprus,CYP,2013,120.926200639389
Czechia,CZE,2025,128.039437374276
Czechia,CZE,2024,131.466608125579
Czechia,CZE,2023,131.892598295876
Czechia,CZE,2022,144.011494109397
Czechia,CZE,2021,137.378116302868
Czechia,CZE,2020,128.780430305965
Czechia,CZE,2019,138.154609993871
Czechia,CZE,2018,145.141717890789
Czechia,CZE,2017,147.750834854762
Czechia,CZE,2016,148.547004664435
Czechia,CZE,2015,154.018400997633
Czechia,CZE,2014,156.415122826886
Czechia,CZE,2013,145.502230624961
Denmark,DNK,2025,129.222304332118
Denmark,DNK,2024,131.765030975207
Denmark,DNK,2023,129.625337431278
Denmark,DNK,2022,131.995824909071
Denmark,DNK,2021,112.321472697291
Denmark,DNK,2020,104.433432671151
Denmark,DNK,2019,111.891475065653
Denmark,DNK,2018,108.813985501909
Denmark,DNK,2017,104.215676920442
Denmark,DNK,2016,101.452783808643
Denmark,DNK,2015,105.130362453899
Denmark,DNK,2014,103.210859225139
Denmark,DNK,2013,103.612813249189
Djibouti,DJI,2025,206.296043192215
Djibouti,DJI,2024,241.237463098287
Djibouti,DJI,2023,285.902043800644
Djibouti,DJI,2022,302.285409231545
Djibouti,DJI,2021,263.477728733891
Djibouti,DJI,2020,225.744871323723
Djibouti,DJI,2019,320.93923036418
Djibouti,DJI,2018,300.398900523844
Djibouti,DJI,2017,305.967966403468
Djibouti,DJI,2016,213.071998607921
Djibouti,DJI,2015,268.363456254629
Djibouti,DJI,2014,298.564535821251
Djibouti,DJI,2013,347.720317058403
Dominica,DMA,2025,
Dominica,DMA,2024,
Dominica,DMA,2023,
Dominica,DMA,2022,
Dominica,DMA,2021,
Dominica,DMA,2020,
Dominica,DMA,2019,
Dominica,DMA,2018,
Dominica,DMA,2017,
Dominica,DMA,2016,
Dominica,DMA,2015,
Dominica,DMA,2014,
Dominica,DMA,2013,
Dominican Republic,DOM,2025,51.4949057079303
Dominican Republic,DOM,2024,51.7835143952326
Dominican Republic,DOM,2023,49.8436131764417
Dominican Republic,DOM,2022,54.3781976712844
Dominican Republic,DOM,2021,51.9500227303115
Dominican Republic,DOM,2020,44.7331613466756
Dominican Republic,DOM,2019,50.912982200697
Dominican Republic,DOM,2018,52.3351709577013
Dominican Republic,DOM,2017,50.7595355508472
Dominican Republic,DOM,2016,51.7306571245477
Dominican Republic,DOM,2015,52.3471238667007
Dominican Republic,DOM,2014,55.6601041506633
Dominican Republic,DOM,2013,56.8137658014945
Ecuador,ECU,2025,59.3567812036511
Ecuador,ECU,2024,57.4436448205751
Ecuador,ECU,2023,57.1626938264309
Ecuador,ECU,2022,61.880792818786
Ecuador,ECU,2021,53.261275610573
Ecuador,ECU,2020,43.9893109378389
Ecuador,ECU,2019,48.0828494933307
Ecuador,ECU,2018,48.0093476154836
Ecuador,ECU,2017,43.6177233172817
Ecuador,ECU,2016,40.5344917996647
Ecuador,ECU,2015,47.8280397077826
Ecuador,ECU,2014,61.4263766217565
Ecuador,ECU,2013,63.4333003342414
"Egypt, Arab Rep.",EGY,2025,51.334347878828
"Egypt, Arab Rep.",EGY,2024,39.6007520873733
"Egypt, Arab Rep.",EGY,2023,40.4504007720031
"Egypt, Arab Rep.",EGY,2022,36.9831048772713
"Egypt, Arab Rep.",EGY,2021,29.8569734808122
"Egypt, Arab Rep.",EGY,2020,32.1262555667523
"Egypt, Arab Rep.",EGY,2019,41.1240171551108
"Egypt, Arab Rep.",EGY,2018,45.9110196733959
"Egypt, Arab Rep.",EGY,2017,42.8321343581608
"Egypt, Arab Rep.",EGY,2016,30.2465490514505
"Egypt, Arab Rep.",EGY,2015,34.8459429600229
"Egypt, Arab Rep.",EGY,2014,36.9201877934272
"Egypt, Arab Rep.",EGY,2013,40.373038056332
El Salvador,SLV,2025,88.1580664327311
El Salvador,SLV,2024,85.6825726575292
El Salvador,SLV,2023,79.8122651787866
El Salvador,SLV,2022,88.7011372097555
El Salvador,SLV,2021,81.8450759800765
El Salvador,SLV,2020,66.4595069497083
El Salvador,SLV,2019,76.0420130991468
El Salvador,SLV,2018,75.6336168879956
El Salvador,SLV,2017,74.3046511916519
El Salvador,SLV,2016,72.8190933731491
El Salvador,SLV,2015,76.5602707370519
El Salvador,SLV,2014,78.1044257477935
El Salvador,SLV,2013,80.4511944908271
Equatorial Guinea,GNQ,2025,74.9321719146879
Equatorial Guinea,GNQ,2024,74.2894990329407
Equatorial Guinea,GNQ,2023,60.6886626813037
Equatorial Guinea,GNQ,2022,81.8130161368099
Equatorial Guinea,GNQ,2021,76.9666485998527
Equatorial Guinea,GNQ,2020,77.9278846441807
Equatorial Guinea,GNQ,2019,94.8787924253545
Equatorial Guinea,GNQ,2018,103.645681622953
Equatorial Guinea,GNQ,2017,102.428258251803
Equatorial Guinea,GNQ,2016,92.6007307237942
Equatorial Guinea,GNQ,2015,98.8780591680756
Equatorial Guinea,GNQ,2014,104.379198671388
Equatorial Guinea,GNQ,2013,106.893284926066
Eritrea,ERI,2025,
Eritrea,ERI,2024,
Eritrea,ERI,2023,
Eritrea,ERI,2022,
Eritrea,ERI,2021,
Eritrea,ERI,2020,
Eritrea,ERI,2019,
Eritrea,ERI,2018,
Eritrea,ERI,2017,
Eritrea,ERI,2016,
Eritrea,ERI,2015,
Eritrea,ERI,2014,
Eritrea,ERI,2013,
Estonia,EST,2025,155.759916645579
Estonia,EST,2024,151.037702410455
Estonia,EST,2023,154.592617111149
Estonia,EST,2022,175.68711950524
Estonia,EST,2021,160.471922305927
Estonia,EST,2020,137.392641283846
Estonia,EST,2019,140.352147998549
Estonia,EST,2018,143.485224864735
Estonia,EST,2017,144.635650944133
Estonia,EST,2016,147.7462327097
Estonia,EST,2015,148.507157123558
Estonia,EST,2014,157.953944842229
Estonia,EST,2013,164.601632156916
Eswatini,SWZ,2025,
Eswatini,SWZ,2024,107.480621053879
Eswatini,SWZ,2023,99.7246110815617
Eswatini,SWZ,2022,92.5715871298334
Eswatini,SWZ,2021,89.9313874866569
Eswatini,SWZ,2020,84.0140188426878
Eswatini,SWZ,2019,86.6407948477595
Eswatini,SWZ,2018,85.4927768173538
Eswatini,SWZ,2017,86.8801420302976
Eswatini,SWZ,2016,89.3584874439935
Eswatini,SWZ,2015,88.2620944023684
Eswatini,SWZ,2014,91.6200186943398
Eswatini,SWZ,2013,85.2034551274939
Ethiopia,ETH,2025,33.4597826561314
Ethiopia,ETH,2024,17.4004358586815
Ethiopia,ETH,2023,20.5982015071406
Ethiopia,ETH,2022,26.5954996964257
Ethiopia,ETH,2021,24.3450574655662
Ethiopia,ETH,2020,24.0061143414049
Ethiopia,ETH,2019,28.8152939292608
Ethiopia,ETH,2018,31.1993689777881
Ethiopia,ETH,2017,31.1036494929016
Ethiopia,ETH,2016,34.8990210816111
Ethiopia,ETH,2015,39.6561241449515
Ethiopia,ETH,2014,40.7410841498626
Ethiopia,ETH,2013,41.4717870807625
Faroe Islands,FRO,2025,
Faroe Islands,FRO,2024,105.752803037623
Faroe Islands,FRO,2023,113.336400780359
Faroe Islands,FRO,2022,122.86334141193
Faroe Islands,FRO,2021,103.488037146112
Faroe Islands,FRO,2020,96.2241937518396
Faroe Islands,FRO,2019,108.623245950251
Faroe Islands,FRO,2018,106.874664759521
Faroe Islands,FRO,2017,107.238908370178
Faroe Islands,FRO,2016,104.552703002397
Faroe Islands,FRO,2015,105.610671594387
Faroe Islands,FRO,2014,106.142539193387
Faroe Islands,FRO,2013,114.062282820929
Fiji,FJI,2025,
Fiji,FJI,2024,118.962880886427
Fiji,FJI,2023,126.282134510517
Fiji,FJI,2022,119.213746657784
Fiji,FJI,2021,87.2159321837078
Fiji,FJI,2020,78.0763651830605
Fiji,FJI,2019,110.696192117501
Fiji,FJI,2018,103.235419948556
Fiji,FJI,2017,97.0216625258442
Fiji,FJI,2016,97.1744905841206
Fiji,FJI,2015,101.189048956211
Fiji,FJI,2014,110.812306063192
Fiji,FJI,2013,126.348386724849
Finland,FIN,2025,83.3959439712015
Finland,FIN,2024,83.4510295550974
Finland,FIN,2023,85.5141847218915
Finland,FIN,2022,94.5625340522667
Finland,FIN,2021,79.7892781913782
Finland,FIN,2020,72.1845955995888
Finland,FIN,2019,80.5641502947367
Finland,FIN,2018,79.1436148422846
Finland,FIN,2017,75.9387822310041
Finland,FIN,2016,71.7222101178859
Finland,FIN,2015,71.9618253787014
Finland,FIN,2014,74.6277719754196
Finland,FIN,2013,77.485171771574
France,FRA,2025,67.1923772838849
France,FRA,2024,68.1081875443744
France,FRA,2023,70.6261450610225
France,FRA,2022,75.9630077981996
France,FRA,2021,63.788482630872
France,FRA,2020,58.8388907240647
France,FRA,2019,66.4289607281749
France,FRA,2018,66.8022607812266
France,FRA,2017,65.3958481559711
France,FRA,2016,63.3427564383351
France,FRA,2015,63.5046871956484
France,FRA,2014,62.1992669379507
France,FRA,2013,61.8192338733962
French Polynesia,PYF,2025,
French Polynesia,PYF,2024,64.4688665693732
French Polynesia,PYF,2023,71.672203765227
French Polynesia,PYF,2022,69.5264023221442
French Polynesia,PYF,2021,52.9788183937695
French Polynesia,PYF,2020,45.8331834386023
French Polynesia,PYF,2019,63.3061124024003
French Polynesia,PYF,2018,65.0146628512067
French Polynesia,PYF,2017,54.5776905038178
French Polynesia,PYF,2016,53.6164949427793
French Polynesia,PYF,2015,55.6304686354336
French Polynesia,PYF,2014,56.2324578944225
French Polynesia,PYF,2013,56.0619675585513
Gabon,GAB,2025,84.8918905135603
Gabon,GAB,2024,92.0468055146014
Gabon,GAB,2023,91.4786533179144
Gabon,GAB,2022,92.0630888496921
Gabon,GAB,2021,85.3483122054787
Gabon,GAB,2020,70.1140546463796
Gabon,GAB,2019,73.4280894486644
Gabon,GAB,2018,77.0365976973024
Gabon,GAB,2017,75.0687404456638
Gabon,GAB,2016,70.1333810645308
Gabon,GAB,2015,73.9497814588281
Gabon,GAB,2014,73.5203290162438
Gabon,GAB,2013,90.6350361478645
"Gambia, The",GMB,2025,62.1713935326955
"Gambia, The",GMB,2024,42.1706172080435
"Gambia, The",GMB,2023,39.9620173467122
"Gambia, The",GMB,2022,44.7219215369466
"Gambia, The",GMB,2021,42.0979827971754
"Gambia, The",GMB,2020,47.3955201736291
"Gambia, The",GMB,2019,55.9979116186993
"Gambia, The",GMB,2018,64.8124640003735
"Gambia, The",GMB,2017,55.7335796090833
"Gambia, The",GMB,2016,38.1140879565948
"Gambia, The",GMB,2015,44.5223730803813
"Gambia, The",GMB,2014,58.2579307752264
"Gambia, The",GMB,2013,45.4619193623296
Georgia,GEO,2025,100.627997400937
Georgia,GEO,2024,103.456471463024
Georgia,GEO,2023,107.151179161579
Georgia,GEO,2022,114.695437688718
Georgia,GEO,2021,101.60090754891
Georgia,GEO,2020,92.8910841752194
Georgia,GEO,2019,117.810080239714
Georgia,GEO,2018,109.847740556266
Georgia,GEO,2017,102.584277697146
Georgia,GEO,2016,94.9262528383443
Georgia,GEO,2015,97.0163115086257
Georgia,GEO,2014,94.9506979383393
Georgia,GEO,2013,93.8139137895532
Germany,DEU,2025,78.5128112199127
Germany,DEU,2024,79.0907305894936
Germany,DEU,2023,81.9625483787634
Germany,DEU,2022,88.7857542130501
Germany,DEU,2021,79.9195348609851
Germany,DEU,2020,72.9335327120137
Germany,DEU,2019,79.0732427175683
Germany,DEU,2018,79.1252260463654
Germany,DEU,2017,77.4548394742448
Germany,DEU,2016,76.0059902166055
Germany,DEU,2015,77.7565815686922
Germany,DEU,2014,76.8483516336234
Germany,DEU,2013,77.5860288576931
Ghana,GHA,2025,
Ghana,GHA,2024,68.9668717609486
Ghana,GHA,2023,64.3878615301086
Ghana,GHA,2022,70.1154557937915
Ghana,GHA,2021,62.7078309128346
Ghana,GHA,2020,66.5754987162431
Ghana,GHA,2019,76.824802732152
Ghana,GHA,2018,67.9585174644902
Ghana,GHA,2017,70.5483652904116
Ghana,GHA,2016,67.8769994445865
Ghana,GHA,2015,76.5212709243242
Ghana,GHA,2014,63.8365624430783
Ghana,GHA,2013,60.7593219028775
Gibraltar,GIB,2025,
Gibraltar,GIB,2024,
Gibraltar,GIB,2023,
Gibraltar,GIB,2022,
Gibraltar,GIB,2021,
Gibraltar,GIB,2020,
Gibraltar,GIB,2019,
Gibraltar,GIB,2018,
Gibraltar,GIB,2017,
Gibraltar,GIB,2016,
Gibraltar,GIB,2015,
Gibraltar,GIB,2014,
Gibraltar,GIB,2013,
Greece,GRC,2025,83.4516228818392
Greece,GRC,2024,89.7765279446168
Greece,GRC,2023,92.4710882947018
Greece,GRC,2022,108.121843229922
Greece,GRC,2021,88.0126654490379
Greece,GRC,2020,70.2937464580745
Greece,GRC,2019,80.5900949510457
Greece,GRC,2018,79.2379908638706
Greece,GRC,2017,70.8824967397253
Greece,GRC,2016,63.6575490882866
Greece,GRC,2015,65.2716454619318
Greece,GRC,2014,66.4335364513677
Greece,GRC,2013,62.9547272215374
Greenland,GRL,2025,
Greenland,GRL,2024,
Greenland,GRL,2023,91.8900994375821
Greenland,GRL,2022,93.3651328766632
Greenland,GRL,2021,83.6838572277142
Greenland,GRL,2020,82.6595028892583
Greenland,GRL,2019,92.1907515607492
Greenland,GRL,2018,89.7766906266033
Greenland,GRL,2017,84.2072558673104
Greenland,GRL,2016,85.8376729204278
Greenland,GRL,2015,83.1013810084573
Greenland,GRL,2014,87.0885837878503
Greenland,GRL,2013,95.9116681587586
Grenada,GRD,2025,
Grenada,GRD,2024,
Grenada,GRD,2023,
Grenada,GRD,2022,
Grenada,GRD,2021,
Grenada,GRD,2020,
Grenada,GRD,2019,
Grenada,GRD,2018,
Grenada,GRD,2017,
Grenada,GRD,2016,
Grenada,GRD,2015,
Grenada,GRD,2014,
Grenada,GRD,2013,
Guam,GUM,2025,
Guam,GUM,2024,
Guam,GUM,2023,
Guam,GUM,2022,71.8668596237337
Guam,GUM,2021,61.8383060635226
Guam,GUM,2020,63.6747802569304
Guam,GUM,2019,78.0645161290323
Guam,GUM,2018,72.9631465873409
Guam,GUM,2017,69.2665890570431
Guam,GUM,2016,70.4117946110829
Guam,GUM,2015,71.3398861872737
Guam,GUM,2014,78.3600713012478
Guam,GUM,2013,79.5332468975736
Guatemala,GTM,2025,46.527609355823
Guatemala,GTM,2024,47.3052981448815
Guatemala,GTM,2023,48.3297978472591
Guatemala,GTM,2022,54.4490964612191
Guatemala,GTM,2021,49.261149442668
Guatemala,GTM,2020,41.1407594007818
Guatemala,GTM,2019,45.5167341849579
Guatemala,GTM,2018,47.0116853424691
Guatemala,GTM,2017,46.0694034412912
Guatemala,GTM,2016,46.3727343925686
Guatemala,GTM,2015,49.8934518550985
Guatemala,GTM,2014,55.0832736168677
Guatemala,GTM,2013,56.6852489007381
Guinea,GIN,2025,103.678013340369
Guinea,GIN,2024,97.7778177313259
Guinea,GIN,2023,95.829526758227
Guinea,GIN,2022,94.1652726931221
Guinea,GIN,2021,115.195532789356
Guinea,GIN,2020,115.765259518929
Guinea,GIN,2019,78.4153132285974
Guinea,GIN,2018,88.984111543709
Guinea,GIN,2017,101.251633768429
Guinea,GIN,2016,111.839467415368
Guinea,GIN,2015,72.4427307469345
Guinea,GIN,2014,76.7719658952305
Guinea,GIN,2013,80.4264477180461
Guinea-Bissau,GNB,2025,40.8792835027354
Guinea-Bissau,GNB,2024,40.3719342566601
Guinea-Bissau,GNB,2023,42.4351515242076
Guinea-Bissau,GNB,2022,45.9934723683125
Guinea-Bissau,GNB,2021,44.8202242773261
Guinea-Bissau,GNB,2020,42.8852704163601
Guinea-Bissau,GNB,2019,49.943905496502
Guinea-Bissau,GNB,2018,55.0195890357005
Guinea-Bissau,GNB,2017,56.9137475938811
Guinea-Bissau,GNB,2016,54.3006730474711
Guinea-Bissau,GNB,2015,54.3703755891285
Guinea-Bissau,GNB,2014,46.8696583055238
Guinea-Bissau,GNB,2013,39.9574617805787
Guyana,GUY,2025,
Guyana,GUY,2024,
Guyana,GUY,2023,
Guyana,GUY,2022,
Guyana,GUY,2021,
Guyana,GUY,2020,
Guyana,GUY,2019,
Guyana,GUY,2018,
Guyana,GUY,2017,
Guyana,GUY,2016,
Guyana,GUY,2015,
Guyana,GUY,2014,
Guyana,GUY,2013,
Haiti,HTI,2025,15.8854793452678
Haiti,HTI,2024,18.6547617785224
Haiti,HTI,2023,25.2478984941791
Haiti,HTI,2022,29.7746074753724
Haiti,HTI,2021,33.4120026772124
Haiti,HTI,2020,37.4138801252638
Haiti,HTI,2019,44.5687187758294
Haiti,HTI,2018,45.1385763027223
Haiti,HTI,2017,42.0745477868911
Haiti,HTI,2016,41.4109022161974
Haiti,HTI,2015,41.9457381172044
Haiti,HTI,2014,42.3515259071619
Haiti,HTI,2013,40.3325097562551
Honduras,HND,2025,91.507337541504
Honduras,HND,2024,91.6694117874122
Honduras,HND,2023,98.7919798336365
Honduras,HND,2022,112.698524913966
Honduras,HND,2021,103.372643459918
Honduras,HND,2020,88.0008563836292
Honduras,HND,2019,99.4595352452417
Honduras,HND,2018,103.551162215452
Honduras,HND,2017,101.813111079622
Honduras,HND,2016,99.8157169505924
Honduras,HND,2015,107.26440535424
Honduras,HND,2014,112.97509728471
Honduras,HND,2013,116.306049247436
"Hong Kong SAR, China",HKG,2025,396.645420727816
"Hong Kong SAR, China",HKG,2024,359.390663042179
"Hong Kong SAR, China",HKG,2023,353.194608900413
"Hong Kong SAR, China",HKG,2022,384.885909968308
"Hong Kong SAR, China",HKG,2021,402.459681454463
"Hong Kong SAR, China",HKG,2020,350.679705044448
"Hong Kong SAR, China",HKG,2019,353.743521139731
"Hong Kong SAR, China",HKG,2018,376.892773545026
"Hong Kong SAR, China",HKG,2017,376.795666734722
"Hong Kong SAR, China",HKG,2016,371.727231773253
"Hong Kong SAR, China",HKG,2015,389.405949263639
"Hong Kong SAR, China",HKG,2014,425.975871734797
"Hong Kong SAR, China",HKG,2013,442.620019127299
Hungary,HUN,2025,140.779303903333
Hungary,HUN,2024,147.926666538068
Hungary,HUN,2023,158.618825607913
Hungary,HUN,2022,184.969952581351
Hungary,HUN,2021,159.187527332834
Hungary,HUN,2020,154.527002936377
Hungary,HUN,2019,159.925556464831
Hungary,HUN,2018,162.700858777925
Hungary,HUN,2017,165.032855840268
Hungary,HUN,2016,163.97194450015
Hungary,HUN,2015,167.290738494524
Hungary,HUN,2014,168.358355086413
Hungary,HUN,2013,164.476024791467
Iceland,ISL,2025,82.4877303813374
Iceland,ISL,2024,86.1815792789281
Iceland,ISL,2023,87.2388810922276
Iceland,ISL,2022,93.0164295134303
Iceland,ISL,2021,76.2317249850944
Iceland,ISL,2020,68.6550233460548
Iceland,ISL,2019,83.7923659518443
Iceland,ISL,2018,88.934996973139
Iceland,ISL,2017,86.3585336945067
Iceland,ISL,2016,87.7600165983392
Iceland,ISL,2015,94.8888027460231
Iceland,ISL,2014,95.2879194201667
Iceland,ISL,2013,97.6980221861272
India,IND,2025,46.2682006859907
India,IND,2024,45.9166907678748
India,IND,2023,46.3229520582338
India,IND,2022,50.6979382758042
India,IND,2021,45.4230887840446
India,IND,2020,37.7581053292768
India,IND,2019,39.9054035306442
India,IND,2018,43.6169693323889
India,IND,2017,40.7424969545225
India,IND,2016,40.082485713276
India,IND,2015,41.9229138658647
India,IND,2014,48.9221857470669
India,IND,2013,53.8441319466777
Indonesia,IDN,2025,43.3912070511204
Indonesia,IDN,2024,42.809937870822
Indonesia,IDN,2023,41.4604765447233
Indonesia,IDN,2022,45.4646701959453
Indonesia,IDN,2021,40.2047582749671
Indonesia,IDN,2020,32.9721754002427
Indonesia,IDN,2019,37.6277775357108
Indonesia,IDN,2018,43.0743089552002
Indonesia,IDN,2017,39.3554970704606
Indonesia,IDN,2016,37.4213418023318
Indonesia,IDN,2015,41.9376402415294
Indonesia,IDN,2014,48.0801755855227
Indonesia,IDN,2013,48.6373726752893
"Iran, Islamic Rep.",IRN,2025,60.2426223967467
"Iran, Islamic Rep.",IRN,2024,52.0621306794348
"Iran, Islamic Rep.",IRN,2023,49.3935500960203
"Iran, Islamic Rep.",IRN,2022,48.9183508223052
"Iran, Islamic Rep.",IRN,2021,42.672379536261
"Iran, Islamic Rep.",IRN,2020,43.8844674905013
"Iran, Islamic Rep.",IRN,2019,48.5917712137038
"Iran, Islamic Rep.",IRN,2018,56.6153496142829
"Iran, Islamic Rep.",IRN,2017,43.1556931383906
"Iran, Islamic Rep.",IRN,2016,39.8772417738866
"Iran, Islamic Rep.",IRN,2015,39.42258866118
"Iran, Islamic Rep.",IRN,2014,45.3514201413161
"Iran, Islamic Rep.",IRN,2013,47.0867179194755
Iraq,IRQ,2025,
Iraq,IRQ,2024,77.1389393108395
Iraq,IRQ,2023,69.4613207990167
Iraq,IRQ,2022,68.75879409409
Iraq,IRQ,2021,61.5032683117218
Iraq,IRQ,2020,57.742316395146
Iraq,IRQ,2019,68.9899384202806
Iraq,IRQ,2018,65.8017917701083
Iraq,IRQ,2017,59.7809123923157
Iraq,IRQ,2016,54.588320188677
Iraq,IRQ,2015,69.5917685983115
Iraq,IRQ,2014,68.9824868569036
Iraq,IRQ,2013,67.4100184095672
Ireland,IRL,2025,239.958912343567
Ireland,IRL,2024,246.169874857401
Ireland,IRL,2023,239.649627585111
Ireland,IRL,2022,237.755419559378
Ireland,IRL,2021,231.032350863586
Ireland,IRL,2020,258.780437026252
Ireland,IRL,2019,257.652772910421
Ireland,IRL,2018,222.453716000399
Ireland,IRL,2017,233.304083346711
Ireland,IRL,2016,239.708527798768
Ireland,IRL,2015,223.702938290642
Ireland,IRL,2014,211.181602002085
Ireland,IRL,2013,199.742586224446
Isle of Man,IMN,2025,
Isle of Man,IMN,2024,
Isle of Man,IMN,2023,
Isle of Man,IMN,2022,
Isle of Man,IMN,2021,
Isle of Man,IMN,2020,
Isle of Man,IMN,2019,
Isle of Man,IMN,2018,
Isle of Man,IMN,2017,
Isle of Man,IMN,2016,
Isle of Man,IMN,2015,
Isle of Man,IMN,2014,
Isle of Man,IMN,2013,
Israel,ISR,2025,52.9892163743201
Israel,ISR,2024,54.3822563777332
Israel,ISR,2023,57.977782328645
Israel,ISR,2022,60.6358428266501
Israel,ISR,2021,54.8184036562688
Israel,ISR,2020,51.1403984551453
Israel,ISR,2019,56.5281618447823
Israel,ISR,2018,58.8734013354625
Israel,ISR,2017,56.4519373834561
Israel,ISR,2016,57.9533051643572
Israel,ISR,2015,59.0201557126784
Israel,ISR,2014,61.8390527979395
Israel,ISR,2013,64.2271703557815
Italy,ITA,2025,62.5232263591126
Italy,ITA,2024,62.5926144915658
Italy,ITA,2023,65.1028419441908
Italy,ITA,2022,72.0165023032697
Italy,ITA,2021,60.3019776202798
Italy,ITA,2020,53.9394839042764
Italy,ITA,2019,58.6941902594738
Italy,ITA,2018,59.2749835128154
Italy,ITA,2017,57.5829940274911
Italy,ITA,2016,54.4321467018313
Italy,ITA,2015,55.4356858148221
Italy,ITA,2014,54.4545299332032
Italy,ITA,2013,54.0341846317499
Jamaica,JAM,2025,
Jamaica,JAM,2024,
Jamaica,JAM,2023,
Jamaica,JAM,2022,
Jamaica,JAM,2021,
Jamaica,JAM,2020,
Jamaica,JAM,2019,
Jamaica,JAM,2018,
Jamaica,JAM,2017,
Jamaica,JAM,2016,
Jamaica,JAM,2015,
Jamaica,JAM,2014,
Jamaica,JAM,2013,
Japan,JPN,2025,
Japan,JPN,2024,44.8529388577573
Japan,JPN,2023,43.5950833802735
Japan,JPN,2022,44.86063102004
Japan,JPN,2021,35.4253927340539
Japan,JPN,2020,30.5192226892273
Japan,JPN,2019,34.3582972799989
Japan,JPN,2018,35.8035749582494
Japan,JPN,2017,33.6888336792782
Japan,JPN,2016,30.6562793068554
Japan,JPN,2015,34.7276305886293
Japan,JPN,2014,36.7643250218282
Japan,JPN,2013,33.5913694460807
Jordan,JOR,2025,
Jordan,JOR,2024,
Jordan,JOR,2023,
Jordan,JOR,2022,
Jordan,JOR,2021,
Jordan,JOR,2020,
Jordan,JOR,2019,
Jordan,JOR,2018,
Jordan,JOR,2017,
Jordan,JOR,2016,
Jordan,JOR,2015,
Jordan,JOR,2014,
Jordan,JOR,2013,
Kazakhstan,KAZ,2025,
Kazakhstan,KAZ,2024,57.1613431963924
Kazakhstan,KAZ,2023,62.3342837675021
Kazakhstan,KAZ,2022,68.3343147415612
Kazakhstan,KAZ,2021,58.6686085779207
Kazakhstan,KAZ,2020,57.0264423660931
Kazakhstan,KAZ,2019,64.8586165517565
Kazakhstan,KAZ,2018,63.5279565118188
Kazakhstan,KAZ,2017,56.825387935971
Kazakhstan,KAZ,2016,60.3115965864153
Kazakhstan,KAZ,2015,53.0497288072652
Kazakhstan,KAZ,2014,64.9720346513507
Kazakhstan,KAZ,2013,65.4076093299538
Kenya,KEN,2025,37.5210445911226
Kenya,KEN,2024,40.0062529666939
Kenya,KEN,2023,40.9337677377556
Kenya,KEN,2022,40.2753238373561
Kenya,KEN,2021,35.0020477795269
Kenya,KEN,2020,30.3991387830411
Kenya,KEN,2019,31.759461841481
Kenya,KEN,2018,34.4147531767425
Kenya,KEN,2017,35.9950578754074
Kenya,KEN,2016,34.8650195731824
Kenya,KEN,2015,40.3273846919019
Kenya,KEN,2014,46.170489362216
Kenya,KEN,2013,47.4646425127304
Kiribati,KIR,2025,
Kiribati,KIR,2024,102.110426164684
Kiribati,KIR,2023,106.479772480068
Kiribati,KIR,2022,107.219771673316
Kiribati,KIR,2021,74.450510015529
Kiribati,KIR,2020,78.4012076801363
Kiribati,KIR,2019,98.3565819131955
Kiribati,KIR,2018,83.2436102236422
Kiribati,KIR,2017,100.49175257732
Kiribati,KIR,2016,111.269790749303
Kiribati,KIR,2015,109.889098401931
Kiribati,KIR,2014,104.187967755713
Kiribati,KIR,2013,96.7814166724492
"Korea, Dem. People's Rep.",PRK,2025,
"Korea, Dem. People's Rep.",PRK,2024,
"Korea, Dem. People's Rep.",PRK,2023,
"Korea, Dem. People's Rep.",PRK,2022,
"Korea, Dem. People's Rep.",PRK,2021,
"Korea, Dem. People's Rep.",PRK,2020,
"Korea, Dem. People's Rep.",PRK,2019,
"Korea, Dem. People's Rep.",PRK,2018,
"Korea, Dem. People's Rep.",PRK,2017,
"Korea, Dem. People's Rep.",PRK,2016,
"Korea, Dem. People's Rep.",PRK,2015,
"Korea, Dem. People's Rep.",PRK,2014,
"Korea, Dem. People's Rep.",PRK,2013,
"Korea, Rep.",KOR,2025,86.3616006442431
"Korea, Rep.",KOR,2024,84.6424951192038
"Korea, Rep.",KOR,2023,82.2580090716629
"Korea, Rep.",KOR,2022,90.5851475278549
"Korea, Rep.",KOR,2021,75.3063047610912
"Korea, Rep.",KOR,2020,65.544957860621
"Korea, Rep.",KOR,2019,71.4470632403511
"Korea, Rep.",KOR,2018,74.7075162140824
"Korea, Rep.",KOR,2017,73.1921408264016
"Korea, Rep.",KOR,2016,69.8997221316919
"Korea, Rep.",KOR,2015,75.3881774564907
"Korea, Rep.",KOR,2014,86.9342577972039
"Korea, Rep.",KOR,2013,94.1675235855873
Kosovo,XKX,2025,118.190884160552
Kosovo,XKX,2024,113.789651964133
Kosovo,XKX,2023,109.951851577902
Kosovo,XKX,2022,110.012031619226
Kosovo,XKX,2021,98.6384304855253
Kosovo,XKX,2020,75.6080171280001
Kosovo,XKX,2019,85.7534085053482
Kosovo,XKX,2018,86.3150846710967
Kosovo,XKX,2017,80.4101373469745
Kosovo,XKX,2016,75.0188123077463
Kosovo,XKX,2015,74.0204422546574
Kosovo,XKX,2014,77.0760521643276
Kosovo,XKX,2013,75.1034836607029
Kuwait,KWT,2025,
Kuwait,KWT,2024,93.9909162684119
Kuwait,KWT,2023,96.0343509693162
Kuwait,KWT,2022,90.9188102023425
Kuwait,KWT,2021,82.0003751775886
Kuwait,KWT,2020,82.0125101293052
Kuwait,KWT,2019,91.6857123895953
Kuwait,KWT,2018,102.785630655
Kuwait,KWT,2017,97.840046457409
Kuwait,KWT,2016,96.1576723758617
Kuwait,KWT,2015,98.6999884455485
Kuwait,KWT,2014,100.037189841844
Kuwait,KWT,2013,97.6054913328151
Kyrgyz Republic,KGZ,2025,92.4074476416439
Kyrgyz Republic,KGZ,2024,130.100743509033
Kyrgyz Republic,KGZ,2023,132.373403912336
Kyrgyz Republic,KGZ,2022,133.786718048766
Kyrgyz Republic,KGZ,2021,100.261376861569
Kyrgyz Republic,KGZ,2020,78.9922784304738
Kyrgyz Republic,KGZ,2019,94.4302823542939
Kyrgyz Republic,KGZ,2018,98.8755599017608
Kyrgyz Republic,KGZ,2017,100.617445813258
Kyrgyz Republic,KGZ,2016,105.823574017406
Kyrgyz Republic,KGZ,2015,110.961570714633
Kyrgyz Republic,KGZ,2014,125.126181075833
Kyrgyz Republic,KGZ,2013,134.026785643922
Lao PDR,LAO,2025,
Lao PDR,LAO,2024,
Lao PDR,LAO,2023,
Lao PDR,LAO,2022,
Lao PDR,LAO,2021,
Lao PDR,LAO,2020,
Lao PDR,LAO,2019,
Lao PDR,LAO,2018,
Lao PDR,LAO,2017,
Lao PDR,LAO,2016,75.0918909204124
Lao PDR,LAO,2015,85.798321703681
Lao PDR,LAO,2014,99.0597382933399
Lao PDR,LAO,2013,98.1791466159604
Latvia,LVA,2025,129.724453873327
Latvia,LVA,2024,131.309582395769
Latvia,LVA,2023,135.642989154266
Latvia,LVA,2022,159.892778190649
Latvia,LVA,2021,136.796615414819
Latvia,LVA,2020,123.88319804656
Latvia,LVA,2019,125.29163170793
Latvia,LVA,2018,128.234095559822
Latvia,LVA,2017,128.714003328884
Latvia,LVA,2016,123.330518429659
Latvia,LVA,2015,126.380014406006
Latvia,LVA,2014,130.042252244959
Latvia,LVA,2013,129.677184929099
Lebanon,LBN,2025,
Lebanon,LBN,2024,82.2323604617121
Lebanon,LBN,2023,104.206410069182
Lebanon,LBN,2022,114.888278265666
Lebanon,LBN,2021,78.8286204025241
Lebanon,LBN,2020,50.1298042879627
Lebanon,LBN,2019,62.98091601016
Lebanon,LBN,2018,68.2573073043718
Lebanon,LBN,2017,68.4554292593276
Lebanon,LBN,2016,67.7236177908116
Lebanon,LBN,2015,71.8390426347811
Lebanon,LBN,2014,79.8171565925627
Lebanon,LBN,2013,86.1743285920565
Lesotho,LSO,2025,153.981493548807
Lesotho,LSO,2024,152.474389103105
Lesotho,LSO,2023,140.722487877528
Lesotho,LSO,2022,142.373981074229
Lesotho,LSO,2021,139.186479465407
Lesotho,LSO,2020,141.096605062998
Lesotho,LSO,2019,140.51663349168
Lesotho,LSO,2018,144.434955465602
Lesotho,LSO,2017,146.366771329494
Lesotho,LSO,2016,136.31524774176
Lesotho,LSO,2015,129.722773082867
Lesotho,LSO,2014,126.292475360578
Lesotho,LSO,2013,133.36548975517
Liberia,LBR,2025,
Liberia,LBR,2024,
Liberia,LBR,2023,
Liberia,LBR,2022,
Liberia,LBR,2021,
Liberia,LBR,2020,
Liberia,LBR,2019,
Liberia,LBR,2018,
Liberia,LBR,2017,
Liberia,LBR,2016,
Liberia,LBR,2015,
Liberia,LBR,2014,
Liberia,LBR,2013,
Libya,LBY,2025,137.658573201308
Libya,LBY,2024,137.511130687153
Libya,LBY,2023,161.070232609722
Libya,LBY,2022,156.321684682347
Libya,LBY,2021,164.284069967105
Libya,LBY,2020,50.9757934373319
Libya,LBY,2019,78.9939691850138
Libya,LBY,2018,63.7811335968183
Libya,LBY,2017,47.5489661921214
Libya,LBY,2016,41.1101760615135
Libya,LBY,2015,56.9049073326883
Libya,LBY,2014,76.5248826381117
Libya,LBY,2013,106.334360918106
Liechtenstein,LIE,2025,
Liechtenstein,LIE,2024,
Liechtenstein,LIE,2023,
Liechtenstein,LIE,2022,
Liechtenstein,LIE,2021,
Liechtenstein,LIE,2020,
Liechtenstein,LIE,2019,
Liechtenstein,LIE,2018,
Liechtenstein,LIE,2017,
Liechtenstein,LIE,2016,
Liechtenstein,LIE,2015,
Liechtenstein,LIE,2014,
Liechtenstein,LIE,2013,
Lithuania,LTU,2025,142.106304695382
Lithuania,LTU,2024,142.41991022479
Lithuania,LTU,2023,147.990751776428
Lithuania,LTU,2022,176.631817072239
Lithuania,LTU,2021,154.726303914099
Lithuania,LTU,2020,135.796565563519
Lithuania,LTU,2019,148.374996011818
Lithuania,LTU,2018,147.202132525221
Lithuania,LTU,2017,144.918393101325
Lithuania,LTU,2016,134.690449650877
Lithuania,LTU,2015,138.195575009601
Lithuania,LTU,2014,143.290115780694
Lithuania,LTU,2013,156.626637927418
Luxembourg,LUX,2025,349.886879178876
Luxembourg,LUX,2024,351.267921153192
Luxembourg,LUX,2023,402.566968197345
Luxembourg,LUX,2022,412.177169924175
Luxembourg,LUX,2021,397.506180867971
Luxembourg,LUX,2020,375.581394826026
Luxembourg,LUX,2019,382.66078058442
Luxembourg,LUX,2018,361.865445198667
Luxembourg,LUX,2017,353.793991980303
Luxembourg,LUX,2016,348.437409376889
Luxembourg,LUX,2015,351.13195404466
Luxembourg,LUX,2014,333.428836459172
Luxembourg,LUX,2013,320.533506316768
"Macao SAR, China",MAC,2025,139.140512869582
"Macao SAR, China",MAC,2024,142.07943455076
"Macao SAR, China",MAC,2023,145.874467252327
"Macao SAR, China",MAC,2022,170.368049338506
"Macao SAR, China",MAC,2021,171.31597082054
"Macao SAR, China",MAC,2020,123.43437444297
"Macao SAR, China",MAC,2019,115.23129893555
"Macao SAR, China",MAC,2018,116.568676845013
"Macao SAR, China",MAC,2017,115.454662557842
"Macao SAR, China",MAC,2016,112.890232741859
"Macao SAR, China",MAC,2015,119.250436813256
"Macao SAR, China",MAC,2014,118.580835443557
"Macao SAR, China",MAC,2013,121.375076167887
Madagascar,MDG,2025,54.2413796011714
Madagascar,MDG,2024,57.5370213293734
Madagascar,MDG,2023,62.7622147594312
Madagascar,MDG,2022,70.4708546790091
Madagascar,MDG,2021,55.2158585927485
Madagascar,MDG,2020,49.0107073650291
Madagascar,MDG,2019,62.6013230457128
Madagascar,MDG,2018,67.8415046683582
Madagascar,MDG,2017,65.3434015072915
Madagascar,MDG,2016,60.8346984831423
Madagascar,MDG,2015,61.2203788365078
Madagascar,MDG,2014,61.9694322111234
Madagascar,MDG,2013,56.3675817900932
Malawi,MWI,2025,39.3994694717291
Malawi,MWI,2024,41.9038196485235
Malawi,MWI,2023,42.4376683990967
Malawi,MWI,2022,43.616624856781
Malawi,MWI,2021,44.5957618170542
Malawi,MWI,2020,41.0323429397328
Malawi,MWI,2019,44.1954524635798
Malawi,MWI,2018,43.578773489
Malawi,MWI,2017,45.3003137160008
Malawi,MWI,2016,
Malawi,MWI,2015,
Malawi,MWI,2014,
Malawi,MWI,2013,
Malaysia,MYS,2025,136.39642032295
Malaysia,MYS,2024,137.362571161559
Malaysia,MYS,2023,132.593461641599
Malaysia,MYS,2022,146.424604753908
Malaysia,MYS,2021,134.035994690727
Malaysia,MYS,2020,116.788182437638
Malaysia,MYS,2019,123.028562027943
Malaysia,MYS,2018,130.402625502126
Malaysia,MYS,2017,133.155173371956
Malaysia,MYS,2016,126.8990100257
Malaysia,MYS,2015,131.37007244526
Malaysia,MYS,2014,138.312231176843
Malaysia,MYS,2013,142.720991464873
Maldives,MDV,2025,
Maldives,MDV,2024,156.473955741011
Maldives,MDV,2023,149.349976177434
Maldives,MDV,2022,162.243432933656
Maldives,MDV,2021,142.607296696261
Maldives,MDV,2020,114.361902904327
Maldives,MDV,2019,137.125230875185
Maldives,MDV,2018,142.491128546618
Maldives,MDV,2017,141.912110574952
Maldives,MDV,2016,144.380212278942
Maldives,MDV,2015,143.720506661302
Maldives,MDV,2014,165.97925116043
Maldives,MDV,2013,
Mali,MLI,2025,48.7722026619492
Mali,MLI,2024,49.7664846904175
Mali,MLI,2023,57.6291572269296
Mali,MLI,2022,61.5613274861987
Mali,MLI,2021,56.7150525565465
Mali,MLI,2020,56.0415474422019
Mali,MLI,2019,53.9987132798636
Mali,MLI,2018,50.6998462523276
Mali,MLI,2017,49.4919984941972
Mali,MLI,2016,53.6126193604252
Mali,MLI,2015,53.5751760102265
Mali,MLI,2014,51.0786821873053
Mali,MLI,2013,54.603243985999
Malta,MLT,2025,219.014371043081
Malta,MLT,2024,217.730272683658
Malta,MLT,2023,221.133296375593
Malta,MLT,2022,244.581535518883
Malta,MLT,2021,220.072294790099
Malta,MLT,2020,242.361190373928
Malta,MLT,2019,233.070440941958
Malta,MLT,2018,228.098551105175
Malta,MLT,2017,213.047591305197
Malta,MLT,2016,213.35947198583
Malta,MLT,2015,207.196020605057
Malta,MLT,2014,181.301126701735
Malta,MLT,2013,187.432252396507
Marshall Islands,MHL,2025,115.909090909091
Marshall Islands,MHL,2024,118.245614035088
Marshall Islands,MHL,2023,118.181818181818
Marshall Islands,MHL,2022,128.337974710453
Marshall Islands,MHL,2021,120.056192355466
Marshall Islands,MHL,2020,107.825971877585
Marshall Islands,MHL,2019,153.007728638901
Marshall Islands,MHL,2018,128.482272727273
Marshall Islands,MHL,2017,125.145250350959
Marshall Islands,MHL,2016,116.326362735382
Marshall Islands,MHL,2015,138.489820359281
Marshall Islands,MHL,2014,149.853494623656
Marshall Islands,MHL,2013,161.91974248927
Mauritania,MRT,2025,94.0242632380265
Mauritania,MRT,2024,93.5988355881472
Mauritania,MRT,2023,92.1654445146742
Mauritania,MRT,2022,102.025899125696
Mauritania,MRT,2021,88.3068737571235
Mauritania,MRT,2020,86.7761681322741
Mauritania,MRT,2019,93.4866941351317
Mauritania,MRT,2018,89.1467294935148
Mauritania,MRT,2017,78.8149801833884
Mauritania,MRT,2016,73.1532616736712
Mauritania,MRT,2015,77.3467864944966
Mauritania,MRT,2014,91.610371363604
Mauritania,MRT,2013,102.398824183169
Mauritius,MUS,2025,139.942681072644
Mauritius,MUS,2024,145.419812647383
Mauritius,MUS,2023,147.321392128852
Mauritius,MUS,2022,147.663795034012
Mauritius,MUS,2021,135.19300461461
Mauritius,MUS,2020,121.12522550435
Mauritius,MUS,2019,127.940899064133
Mauritius,MUS,2018,123.538984386544
Mauritius,MUS,2017,126.964059884888
Mauritius,MUS,2016,126.310008998042
Mauritius,MUS,2015,133.135069083677
Mauritius,MUS,2014,135.099064765426
Mauritius,MUS,2013,136.552117959236
Mexico,MEX,2025,79.9239525815655
Mexico,MEX,2024,75.4259015415068
Mexico,MEX,2023,73.7390758255664
Mexico,MEX,2022,88.7984855897261
Mexico,MEX,2021,83.0692976264524
Mexico,MEX,2020,76.8545557151738
Mexico,MEX,2019,77.4619722509459
Mexico,MEX,2018,80.212661650262
Mexico,MEX,2017,76.95212604414
Mexico,MEX,2016,75.6903034088551
Mexico,MEX,2015,70.4129746799259
Mexico,MEX,2014,64.0984090315875
Mexico,MEX,2013,62.6916747661852
"Micronesia, Fed. Sts.",FSM,2025,93.0654112335332
"Micronesia, Fed. Sts.",FSM,2024,96.4413755948864
"Micronesia, Fed. Sts.",FSM,2023,95.2648407722683
"Micronesia, Fed. Sts.",FSM,2022,104.760485019371
"Micronesia, Fed. Sts.",FSM,2021,90.3979270784948
"Micronesia, Fed. Sts.",FSM,2020,93.858263831289
"Micronesia, Fed. Sts.",FSM,2019,106.582278481013
"Micronesia, Fed. Sts.",FSM,2018,105.837563451777
"Micronesia, Fed. Sts.",FSM,2017,102.216066481994
"Micronesia, Fed. Sts.",FSM,2016,100.611620795107
"Micronesia, Fed. Sts.",FSM,2015,106.410256410256
"Micronesia, Fed. Sts.",FSM,2014,106.645569620253
"Micronesia, Fed. Sts.",FSM,2013,114.331210191083
Moldova,MDA,2025,92.6661727857921
Moldova,MDA,2024,88.8924378793564
Moldova,MDA,2023,93.9946211488052
Moldova,MDA,2022,112.117671579766
Moldova,MDA,2021,88.4708865399267
Moldova,MDA,2020,79.265722119158
Moldova,MDA,2019,87.6322371148906
Moldova,MDA,2018,87.4467874275648
Moldova,MDA,2017,88.6233902754378
Moldova,MDA,2016,89.0046837188671
Moldova,MDA,2015,88.9664154565323
Moldova,MDA,2014,94.2282919690928
Moldova,MDA,2013,95.6872968332383
Monaco,MCO,2025,
Monaco,MCO,2024,
Monaco,MCO,2023,
Monaco,MCO,2022,
Monaco,MCO,2021,
Monaco,MCO,2020,
Monaco,MCO,2019,
Monaco,MCO,2018,
Monaco,MCO,2017,
Monaco,MCO,2016,
Monaco,MCO,2015,
Monaco,MCO,2014,
Monaco,MCO,2013,
Mongolia,MNG,2025,130.707440813275
Mongolia,MNG,2024,138.448379141249
Mongolia,MNG,2023,142.864246599181
Mongolia,MNG,2022,136.327929944516
Mongolia,MNG,2021,119.098078437771
Mongolia,MNG,2020,112.838647629317
Mongolia,MNG,2019,124.396514621165
Mongolia,MNG,2018,126.355873241513
Mongolia,MNG,2017,115.932901867963
Mongolia,MNG,2016,101.055237224997
Mongolia,MNG,2015,89.653663477814
Mongolia,MNG,2014,109.322311877187
Mongolia,MNG,2013,100.311989662943
Montenegro,MNE,2025,105.773801433894
Montenegro,MNE,2024,109.944104480975
Montenegro,MNE,2023,116.806669538329
Montenegro,MNE,2022,125.455937754994
Montenegro,MNE,2021,105.719249175045
Montenegro,MNE,2020,87.8612027134909
Montenegro,MNE,2019,110.0161238696
Montenegro,MNE,2018,111.098935509174
Montenegro,MNE,2017,106.711366689116
Montenegro,MNE,2016,104.135954584294
Montenegro,MNE,2015,104.12510886943
Montenegro,MNE,2014,100.438431458711
Montenegro,MNE,2013,103.785966371179
Morocco,MAR,2025,93.1016567989424
Morocco,MAR,2024,92.1872446062404
Morocco,MAR,2023,93.1178844179777
Morocco,MAR,2022,100.906310201651
Morocco,MAR,2021,75.5234171756506
Morocco,MAR,2020,68.8438033904364
Morocco,MAR,2019,75.9981158798422
Morocco,MAR,2018,77.2548875243989
Morocco,MAR,2017,74.1733578786573
Morocco,MAR,2016,71.1226603816864
Morocco,MAR,2015,67.2886759253849
Morocco,MAR,2014,71.8935667539398
Morocco,MAR,2013,73.8577565315318
Mozambique,MOZ,2025,97.1038097628682
Mozambique,MOZ,2024,95.6303976635291
Mozambique,MOZ,2023,106.026083626657
Mozambique,MOZ,2022,135.274535098995
Mozambique,MOZ,2021,112.078964458333
Mozambique,MOZ,2020,99.906146051979
Mozambique,MOZ,2019,105.591171401921
Mozambique,MOZ,2018,124.607457525372
Mozambique,MOZ,2017,105.745640702087
Mozambique,MOZ,2016,110.394358201481
Mozambique,MOZ,2015,98.7612036510901
Mozambique,MOZ,2014,116.356855242217
Mozambique,MOZ,2013,109.38537659913
Myanmar,MMR,2025,
Myanmar,MMR,2024,
Myanmar,MMR,2023,
Myanmar,MMR,2022,
Myanmar,MMR,2021,
Myanmar,MMR,2020,
Myanmar,MMR,2019,
Myanmar,MMR,2018,
Myanmar,MMR,2017,
Myanmar,MMR,2016,
Myanmar,MMR,2015,
Myanmar,MMR,2014,
Myanmar,MMR,2013,
Namibia,NAM,2025,108.580501173828
Namibia,NAM,2024,108.00119146619
Namibia,NAM,2023,109.8175996703
Namibia,NAM,2022,99.2625547814064
Namibia,NAM,2021,83.5443030923624
Namibia,NAM,2020,76.9252424036465
Namibia,NAM,2019,82.9011507426355
Namibia,NAM,2018,81.7138652963804
Namibia,NAM,2017,81.2196661011436
Namibia,NAM,2016,93.966187960162
Namibia,NAM,2015,97.2390317873478
Namibia,NAM,2014,103.080137009254
Namibia,NAM,2013,97.7249042303832
Naoero,NRU,2025,165.441176470588
Naoero,NRU,2024,160.546875
Naoero,NRU,2023,135.0
Naoero,NRU,2022,141.129076305221
Naoero,NRU,2021,130.1856
Naoero,NRU,2020,134.980107526882
Naoero,NRU,2019,155.906685714286
Naoero,NRU,2018,140.640059171598
Naoero,NRU,2017,142.068965517241
Naoero,NRU,2016,170.149253731343
Naoero,NRU,2015,200.0
Naoero,NRU,2014,197.222222222222
Naoero,NRU,2013,179.347826086957
Nepal,NPL,2025,42.5520448428369
Nepal,NPL,2024,40.1700101626853
Nepal,NPL,2023,41.5701502932467
Nepal,NPL,2022,48.9734014800201
Nepal,NPL,2021,43.0538047912219
Nepal,NPL,2020,40.9188741248444
Nepal,NPL,2019,49.2495265869012
Nepal,NPL,2018,48.4473869463778
Nepal,NPL,2017,44.6424106217427
Nepal,NPL,2016,42.1154861221646
Nepal,NPL,2015,46.6657303895158
Nepal,NPL,2014,45.9826416115927
Nepal,NPL,2013,41.8653757376722
Netherlands,NLD,2025,150.119970359267
Netherlands,NLD,2024,153.956290574682
Netherlands,NLD,2023,165.030429478933
Netherlands,NLD,2022,184.107484252682
Netherlands,NLD,2021,163.154842689698
Netherlands,NLD,2020,152.233230409706
Netherlands,NLD,2019,160.676671884999
Netherlands,NLD,2018,163.559146573044
Netherlands,NLD,2017,159.646059656847
Netherlands,NLD,2016,150.96552921165
Netherlands,NLD,2015,160.325812564809
Netherlands,NLD,2014,151.715891056501
Netherlands,NLD,2013,150.651850226949
New Caledonia,NCL,2025,
New Caledonia,NCL,2024,40.3689577306469
New Caledonia,NCL,2023,51.6307347217069
New Caledonia,NCL,2022,50.4727487454212
New Caledonia,NCL,2021,49.0442343110236
New Caledonia,NCL,2020,54.5818048383838
New Caledonia,NCL,2019,58.2103670990099
New Caledonia,NCL,2018,59.0970833
New Caledonia,NCL,2017,58.9281826221283
New Caledonia,NCL,2016,58.0296161468389
New Caledonia,NCL,2015,60.0467960954308
New Caledonia,NCL,2014,58.9577979346478
New Caledonia,NCL,2013,58.8723435046881
New Zealand,NZL,2025,
New Zealand,NZL,2024,50.6607664427853
New Zealand,NZL,2023,49.8655041498497
New Zealand,NZL,2022,53.2091433736439
New Zealand,NZL,2021,48.4315370741539
New Zealand,NZL,2020,43.8262466218168
New Zealand,NZL,2019,54.4612464097007
New Zealand,NZL,2018,55.9063918509538
New Zealand,NZL,2017,54.2775276299632
New Zealand,NZL,2016,52.4796021733125
New Zealand,NZL,2015,54.8749505791536
New Zealand,NZL,2014,55.1213465284556
New Zealand,NZL,2013,56.0063219921147
Nicaragua,NIC,2025,96.4496947305229
Nicaragua,NIC,2024,99.146065089948
Nicaragua,NIC,2023,105.019535579852
Nicaragua,NIC,2022,115.454670931919
Nicaragua,NIC,2021,106.20739806697
Nicaragua,NIC,2020,88.6381231228968
Nicaragua,NIC,2019,94.0422159246213
Nicaragua,NIC,2018,93.9847404925404
Nicaragua,NIC,2017,96.3805864351182
Nicaragua,NIC,2016,93.8137278130087
Nicaragua,NIC,2015,98.194164594236
Nicaragua,NIC,2014,106.698200190796
Nicaragua,NIC,2013,110.984207880382
Niger,NER,2025,33.9056863589743
Niger,NER,2024,24.388946208843
Niger,NER,2023,30.7176535069056
Niger,NER,2022,37.1460454100715
Niger,NER,2021,38.0460948786617
Niger,NER,2020,36.3388196908038
Niger,NER,2019,39.289303673296
Niger,NER,2018,38.2929695977016
Niger,NER,2017,39.0298956366247
Niger,NER,2016,36.6748378115692
Niger,NER,2015,44.727430371186
Niger,NER,2014,45.7416008365932
Niger,NER,2013,46.2951491493291
Nigeria,NGA,2025,
Nigeria,NGA,2024,
Nigeria,NGA,2023,
Nigeria,NGA,2022,
Nigeria,NGA,2021,
Nigeria,NGA,2020,
Nigeria,NGA,2019,
Nigeria,NGA,2018,
Nigeria,NGA,2017,
Nigeria,NGA,2016,
Nigeria,NGA,2015,
Nigeria,NGA,2014,
Nigeria,NGA,2013,
North Macedonia,MKD,2025,133.043033840548
North Macedonia,MKD,2024,136.324876175556
North Macedonia,MKD,2023,147.79425348309
North Macedonia,MKD,2022,166.147357379878
North Macedonia,MKD,2021,146.721411484074
North Macedonia,MKD,2020,128.241244322257
North Macedonia,MKD,2019,138.576231840539
North Macedonia,MKD,2018,133.215207648008
North Macedonia,MKD,2017,124.13728389629
North Macedonia,MKD,2016,116.185408418026
North Macedonia,MKD,2015,113.698443879103
North Macedonia,MKD,2014,112.537928969299
North Macedonia,MKD,2013,104.857229956305
Northern Mariana Islands,MNP,2025,
Northern Mariana Islands,MNP,2024,
Northern Mariana Islands,MNP,2023,
Northern Mariana Islands,MNP,2022,93.1569343065693
Northern Mariana Islands,MNP,2021,78.8840262582057
Northern Mariana Islands,MNP,2020,78.9838337182448
Northern Mariana Islands,MNP,2019,104.749787955895
Northern Mariana Islands,MNP,2018,108.762490392006
Northern Mariana Islands,MNP,2017,131.410256410256
Northern Mariana Islands,MNP,2016,152.845528455285
Northern Mariana Islands,MNP,2015,122.747252747253
Northern Mariana Islands,MNP,2014,119.831730769231
Northern Mariana Islands,MNP,2013,120.077720207254
Norway,NOR,2025,79.0528319312867
Norway,NOR,2024,79.5796368227724
Norway,NOR,2023,77.401189583706
Norway,NOR,2022,79.9216011363033
Norway,NOR,2021,69.1060572345311
Norway,NOR,2020,63.3673184179043
Norway,NOR,2019,68.880243105732
Norway,NOR,2018,68.1761206012317
Norway,NOR,2017,67.1957153368952
Norway,NOR,2016,67.3341230829057
Norway,NOR,2015,68.8351790107466
Norway,NOR,2014,67.7741797940433
Norway,NOR,2013,66.6575278489713
Oman,OMN,2025,
Oman,OMN,2024,114.852671596819
Oman,OMN,2023,106.446731102604
Oman,OMN,2022,105.745009280655
Oman,OMN,2021,95.9494877293305
Oman,OMN,2020,91.8758908014472
Oman,OMN,2019,86.4782010313236
Oman,OMN,2018,89.2792178262847
Oman,OMN,2017,88.9531480182956
Oman,OMN,2016,82.8642642018901
Oman,OMN,2015,96.3775801852347
Oman,OMN,2014,102.27872108813
Oman,OMN,2013,112.543521763774
Pakistan,PAK,2025,27.1935373787664
Pakistan,PAK,2024,27.5653309105795
Pakistan,PAK,2023,28.4676925469837
Pakistan,PAK,2022,33.031353478032
Pakistan,PAK,2021,27.0304204125548
Pakistan,PAK,2020,26.7162807328814
Pakistan,PAK,2019,28.9055769867032
Pakistan,PAK,2018,27.6260570796337
Pakistan,PAK,2017,25.472035002344
Pakistan,PAK,2016,24.7015780480573
Pakistan,PAK,2015,26.6881860172247
Pakistan,PAK,2014,29.4698256903998
Pakistan,PAK,2013,30.8902743401844
Palau,PLW,2025,
Palau,PLW,2024,105.811955583144
Palau,PLW,2023,106.757623549153
Palau,PLW,2022,103.651854764975
Palau,PLW,2021,79.5791429216543
Palau,PLW,2020,104.430720909895
Palau,PLW,2019,115.497705299446
Palau,PLW,2018,117.771970509059
Palau,PLW,2017,122.650636452895
Palau,PLW,2016,118.759866134181
Palau,PLW,2015,128.207298267542
Palau,PLW,2014,145.793812924789
Palau,PLW,2013,140.845204181817
Panama,PAN,2025,
Panama,PAN,2024,83.6737788620216
Panama,PAN,2023,88.3489105169795
Panama,PAN,2022,93.4752688552496
Panama,PAN,2021,80.1334635232887
Panama,PAN,2020,68.700423510603
Panama,PAN,2019,80.4286505649569
Panama,PAN,2018,86.1309615112445
Panama,PAN,2017,84.0475372402933
Panama,PAN,2016,84.3959718738111
Panama,PAN,2015,96.5791573428957
Panama,PAN,2014,114.970604927053
Panama,PAN,2013,133.071568935782
Papua New Guinea,PNG,2025,
Papua New Guinea,PNG,2024,
Papua New Guinea,PNG,2023,
Papua New Guinea,PNG,2022,
Papua New Guinea,PNG,2021,
Papua New Guinea,PNG,2020,
Papua New Guinea,PNG,2019,
Papua New Guinea,PNG,2018,
Papua New Guinea,PNG,2017,
Papua New Guinea,PNG,2016,
Papua New Guinea,PNG,2015,
Papua New Guinea,PNG,2014,
Papua New Guinea,PNG,2013,
Paraguay,PRY,2025,76.4780703309698
Paraguay,PRY,2024,77.0944384539197
Paraguay,PRY,2023,82.5777252296516
Paraguay,PRY,2022,73.8736311444119
Paraguay,PRY,2021,69.7320126827159
Paraguay,PRY,2020,62.7602174748561
Paraguay,PRY,2019,71.2221617342433
Paraguay,PRY,2018,72.069223625915
Paraguay,PRY,2017,71.0801344038377
Paraguay,PRY,2016,67.7593152322047
Paraguay,PRY,2015,66.9150655259573
Paraguay,PRY,2014,69.0837249631346
Paraguay,PRY,2013,73.3698713841075
Peru,PER,2025,51.8154829678647
Peru,PER,2024,51.6811479870417
Peru,PER,2023,50.9070307213493
Peru,PER,2022,57.2727003111939
Peru,PER,2021,55.4083231938774
Peru,PER,2020,44.245967197744
Peru,PER,2019,46.9435053754409
Peru,PER,2018,48.631470171736
Peru,PER,2017,47.5135503619971
Peru,PER,2016,45.3888411964154
Peru,PER,2015,45.1627686891148
Peru,PER,2014,46.8531210912899
Peru,PER,2013,49.7871424471444
Philippines,PHL,2025,66.7936053314343
Philippines,PHL,2024,65.8637883882752
Philippines,PHL,2023,67.4199693171606
Philippines,PHL,2022,72.4296836107599
Philippines,PHL,2021,63.4846098136712
Philippines,PHL,2020,58.1695603022281
Philippines,PHL,2019,68.8418422595678
Philippines,PHL,2018,72.1633982990273
Philippines,PHL,2017,68.1683697426727
Philippines,PHL,2016,61.7760657653871
Philippines,PHL,2015,59.1415921053094
Philippines,PHL,2014,57.4681720875945
Philippines,PHL,2013,55.8247812320298
Poland,POL,2025,97.0301822542829
Poland,POL,2024,100.359442847164
Poland,POL,2023,110.024935041815
Poland,POL,2022,123.021332860345
Poland,POL,2021,110.874283021945
Poland,POL,2020,99.2590912303436
Poland,POL,2019,101.581033817373
Poland,POL,2018,102.442462168005
Poland,POL,2017,100.56589524628
Poland,POL,2016,96.8659028060623
Poland,POL,2015,92.2554272741942
Poland,POL,2014,92.0340197113178
Poland,POL,2013,90.4175072415629
Portugal,PRT,2025,86.3988769792664
Portugal,PRT,2024,89.6615637070518
Portugal,PRT,2023,93.1358537072038
Portugal,PRT,2022,101.364146479435
Portugal,PRT,2021,85.8735452148975
Portugal,PRT,2020,76.5086407209215
Portugal,PRT,2019,86.7709889083586
Portugal,PRT,2018,86.7356954918399
Portugal,PRT,2017,84.8077923069539
Portugal,PRT,2016,79.5223464844001
Portugal,PRT,2015,80.6346756266443
Portugal,PRT,2014,80.220669072079
Portugal,PRT,2013,78.0305056874282
Puerto Rico (US),PRI,2025,90.4580438617492
Puerto Rico (US),PRI,2024,94.6225085555605
Puerto Rico (US),PRI,2023,101.657550951677
Puerto Rico (US),PRI,2022,98.2564691765992
Puerto Rico (US),PRI,2021,96.7453625315476
Puerto Rico (US),PRI,2020,103.509811317462
Puerto Rico (US),PRI,2019,107.571456836722
Puerto Rico (US),PRI,2018,106.001202479048
Puerto Rico (US),PRI,2017,113.131649032582
Puerto Rico (US),PRI,2016,110.274045470098
Puerto Rico (US),PRI,2015,108.880634192821
Puerto Rico (US),PRI,2014,102.385456504805
Puerto Rico (US),PRI,2013,104.89224011713
Qatar,QAT,2025,
Qatar,QAT,2024,
Qatar,QAT,2023,
Qatar,QAT,2022,100.213647199618
Qatar,QAT,2021,92.7791585715125
Qatar,QAT,2020,90.0190948833102
Qatar,QAT,2019,90.0463755485388
Qatar,QAT,2018,91.838448978201
Qatar,QAT,2017,91.4945879195194
Qatar,QAT,2016,89.5476001199351
Qatar,QAT,2015,93.7076041736357
Qatar,QAT,2014,99.0343747414317
Qatar,QAT,2013,102.383208106327
Romania,ROU,2025,76.214786342907
Romania,ROU,2024,77.2149837939003
Romania,ROU,2023,83.3753324062231
Romania,ROU,2022,93.9496509383447
Romania,ROU,2021,87.0711965460145
Romania,ROU,2020,78.3616463562709
Romania,ROU,2019,84.9063630584793
Romania,ROU,2018,87.0911701095809
Romania,ROU,2017,87.1560645667801
Romania,ROU,2016,85.8925282906884
Romania,ROU,2015,83.5205767017155
Romania,ROU,2014,83.3751429575201
Romania,ROU,2013,81.3976131747183
Russian Federation,RUS,2025,33.7100508676248
Russian Federation,RUS,2024,39.4184058815423
Russian Federation,RUS,2023,41.3395116492933
Russian Federation,RUS,2022,42.7663082313349
Russian Federation,RUS,2021,50.5861954621752
Russian Federation,RUS,2020,45.9669082029127
Russian Federation,RUS,2019,49.2287536619033
Russian Federation,RUS,2018,51.5809003703964
Russian Federation,RUS,2017,46.8765243371311
Russian Federation,RUS,2016,46.5181198396096
Russian Federation,RUS,2015,49.3593493116887
Russian Federation,RUS,2014,47.8013412628116
Russian Federation,RUS,2013,46.287149400499
Rwanda,RWA,2025,56.673349749538
Rwanda,RWA,2024,71.6868069548772
Rwanda,RWA,2023,66.8925839339472
Rwanda,RWA,2022,60.9591709408266
Rwanda,RWA,2021,59.8007993935018
Rwanda,RWA,2020,44.3511840604967
Rwanda,RWA,2019,48.892715033759
Rwanda,RWA,2018,47.9830578657248
Rwanda,RWA,2017,54.2079656602139
Rwanda,RWA,2016,50.08973657056
Rwanda,RWA,2015,45.7348675761767
Rwanda,RWA,2014,44.4828257252622
Rwanda,RWA,2013,43.260980041775
Samoa,WSM,2025,70.6296323498584
Samoa,WSM,2024,79.5241475635456
Samoa,WSM,2023,80.8405125709078
Samoa,WSM,2022,60.8477789845035
Samoa,WSM,2021,59.7697795919357
Samoa,WSM,2020,77.4847998856019
Samoa,WSM,2019,83.3310795816457
Samoa,WSM,2018,78.9349684295151
Samoa,WSM,2017,74.0110807608335
Samoa,WSM,2016,75.2118174672901
Samoa,WSM,2015,74.6343550051873
Samoa,WSM,2014,80.5007740440855
Samoa,WSM,2013,77.877751737476
San Marino,SMR,2025,
San Marino,SMR,2024,
San Marino,SMR,2023,340.983400117352
San Marino,SMR,2022,370.43607698812
San Marino,SMR,2021,342.470171021559
San Marino,SMR,2020,304.903169667588
San Marino,SMR,2019,307.264770546858
San Marino,SMR,2018,309.487954987512
San Marino,SMR,2017,313.850322940524
San Marino,SMR,2016,320.146095231777
San Marino,SMR,2015,321.364011035718
San Marino,SMR,2014,
San Marino,SMR,2013,
Sao Tome and Principe,STP,2025,46.5686308941032
Sao Tome and Principe,STP,2024,44.2789124818003
Sao Tome and Principe,STP,2023,46.9745787336632
Sao Tome and Principe,STP,2022,64.9920379103896
Sao Tome and Principe,STP,2021,57.9403473155232
Sao Tome and Principe,STP,2020,48.6640079711896
Sao Tome and Principe,STP,2019,67.5747989988655
Sao Tome and Principe,STP,2018,79.2002901440524
Sao Tome and Principe,STP,2017,92.8973617603292
Sao Tome and Principe,STP,2016,100.395470605091
Sao Tome and Principe,STP,2015,112.659579338965
Sao Tome and Principe,STP,2014,114.769955102294
Sao Tome and Principe,STP,2013,83.4581625069125
Saudi Arabia,SAU,2025,57.9182238579808
Saudi Arabia,SAU,2024,56.4049374147889
Saudi Arabia,SAU,2023,55.7974682325487
Saudi Arabia,SAU,2022,56.8241647749332
Saudi Arabia,SAU,2021,50.8839263398787
Saudi Arabia,SAU,2020,47.533159225048
Saudi Arabia,SAU,2019,56.7938204886513
Saudi Arabia,SAU,2018,59.1029104697141
Saudi Arabia,SAU,2017,59.5319791578229
Saudi Arabia,SAU,2016,57.9216635110364
Saudi Arabia,SAU,2015,67.1052692300592
Saudi Arabia,SAU,2014,78.000111117736
Saudi Arabia,SAU,2013,80.2515014286783
Senegal,SEN,2025,71.0687063150657
Senegal,SEN,2024,68.2363510312865
Senegal,SEN,2023,71.5942815846823
Senegal,SEN,2022,79.3974220189679
Senegal,SEN,2021,69.3759939883832
Senegal,SEN,2020,60.0468716137065
Senegal,SEN,2019,64.2362506061005
Senegal,SEN,2018,61.7898394793183
Senegal,SEN,2017,57.8165678119905
Senegal,SEN,2016,54.1081692072139
Senegal,SEN,2015,58.1103376742017
Senegal,SEN,2014,58.4425289760992
Senegal,SEN,2013,60.6267663596737
Serbia,SRB,2025,112.923490609083
Serbia,SRB,2024,111.725028388916
Serbia,SRB,2023,114.49206464322
Serbia,SRB,2022,131.913292283516
Serbia,SRB,2021,112.342298324945
Serbia,SRB,2020,100.324460810129
Serbia,SRB,2019,107.577309546092
Serbia,SRB,2018,105.563713028559
Serbia,SRB,2017,102.740445166934
Serbia,SRB,2016,97.6906940431804
Serbia,SRB,2015,93.5281477663237
Serbia,SRB,2014,88.3815023270446
Serbia,SRB,2013,84.3322563766638
Seychelles,SYC,2025,172.28733997155
Seychelles,SYC,2024,175.872982613261
Seychelles,SYC,2023,183.842116553333
Seychelles,SYC,2022,191.578843890135
Seychelles,SYC,2021,183.77081501466
Seychelles,SYC,2020,153.48333156592
Seychelles,SYC,2019,173.407846880196
Seychelles,SYC,2018,185.7075372109
Seychelles,SYC,2017,197.442236417869
Seychelles,SYC,2016,180.866188390939
Seychelles,SYC,2015,187.475012467679
Seychelles,SYC,2014,213.354469426486
Seychelles,SYC,2013,196.517733268793
Sierra Leone,SLE,2025,49.0960746822456
Sierra Leone,SLE,2024,40.5454450723139
Sierra Leone,SLE,2023,55.286796968766
Sierra Leone,SLE,2022,45.054212809586
Sierra Leone,SLE,2021,42.1435161621354
Sierra Leone,SLE,2020,30.613100943757
Sierra Leone,SLE,2019,37.5619529967261
Sierra Leone,SLE,2018,37.3774603119412
Sierra Leone,SLE,2017,41.5213782343591
Sierra Leone,SLE,2016,43.0672126969961
Sierra Leone,SLE,2015,36.4823958242319
Sierra Leone,SLE,2014,51.1187772788807
Sierra Leone,SLE,2013,53.3627646114117
Singapore,SGP,2025,320.306025413626
Singapore,SGP,2024,313.299377202408
Singapore,SGP,2023,323.7012199919
Singapore,SGP,2022,330.246917062891
Singapore,SGP,2021,326.53325458764
Singapore,SGP,2020,331.080556828077
Singapore,SGP,2019,324.270088576625
Singapore,SGP,2018,325.725809994853
Singapore,SGP,2017,315.401433455385
Singapore,SGP,2016,301.338866227561
Singapore,SGP,2015,329.471398940262
Singapore,SGP,2014,360.467319166237
Singapore,SGP,2013,367.041780049019
Sint Maarten (Dutch part),SXM,2025,
Sint Maarten (Dutch part),SXM,2024,
Sint Maarten (Dutch part),SXM,2023,
Sint Maarten (Dutch part),SXM,2022,
Sint Maarten (Dutch part),SXM,2021,
Sint Maarten (Dutch part),SXM,2020,
Sint Maarten (Dutch part),SXM,2019,
Sint Maarten (Dutch part),SXM,2018,
Sint Maarten (Dutch part),SXM,2017,
Sint Maarten (Dutch part),SXM,2016,
Sint Maarten (Dutch part),SXM,2015,
Sint Maarten (Dutch part),SXM,2014,
Sint Maarten (Dutch part),SXM,2013,
Slovak Republic,SVK,2025,170.342496403331
Slovak Republic,SVK,2024,171.212800151635
Slovak Republic,SVK,2023,181.39087235645
Slovak Republic,SVK,2022,204.056318531151
Slovak Republic,SVK,2021,181.97948448512
Slovak Republic,SVK,2020,167.534173320366
Slovak Republic,SVK,2019,183.722608631236
Slovak Republic,SVK,2018,188.732964699496
Slovak Republic,SVK,2017,186.644687399549
Slovak Republic,SVK,2016,182.757379596201
Slovak Republic,SVK,2015,179.42602289503
Slovak Republic,SVK,2014,176.756316098132
Slovak Republic,SVK,2013,180.903136491458
Slovenia,SVN,2025,151.915368839135
Slovenia,SVN,2024,155.657928684474
Slovenia,SVN,2023,160.1596693009
Slovenia,SVN,2022,186.647076274632
Slovenia,SVN,2021,161.788727511439
Slovenia,SVN,2020,147.549008584942
Slovenia,SVN,2019,160.044275685249
Slovenia,SVN,2018,162.613493975851
Slovenia,SVN,2017,158.70213584467
Slovenia,SVN,2016,148.238448080388
Slovenia,SVN,2015,147.218367714503
Slovenia,SVN,2014,146.471705096746
Slovenia,SVN,2013,145.168789432403
Solomon Islands,SLB,2025,
Solomon Islands,SLB,2024,111.352972154204
Solomon Islands,SLB,2023,101.134531825762
Solomon Islands,SLB,2022,74.8355405899571
Solomon Islands,SLB,2021,67.4200567620007
Solomon Islands,SLB,2020,60.2204367377792
Solomon Islands,SLB,2019,82.9985659020552
Solomon Islands,SLB,2018,88.4949614655388
Solomon Islands,SLB,2017,82.1974922027324
Solomon Islands,SLB,2016,85.54984577725
Solomon Islands,SLB,2015,88.1884859107326
Solomon Islands,SLB,2014,93.4534073008692
Solomon Islands,SLB,2013,99.6074605551315
"Somalia, Fed. Rep.",SOM,2025,128.063438809135
"Somalia, Fed. Rep.",SOM,2024,130.325060583271
"Somalia, Fed. Rep.",SOM,2023,103.121007483117
"Somalia, Fed. Rep.",SOM,2022,90.7576203077526
"Somalia, Fed. Rep.",SOM,2021,79.0994411051355
"Somalia, Fed. Rep.",SOM,2020,75.6954102920723
"Somalia, Fed. Rep.",SOM,2019,70.2980591497227
"Somalia, Fed. Rep.",SOM,2018,73.8219230280706
"Somalia, Fed. Rep.",SOM,2017,68.6756490932841
"Somalia, Fed. Rep.",SOM,2016,74.3615625516249
"Somalia, Fed. Rep.",SOM,2015,76.4793322385239
"Somalia, Fed. Rep.",SOM,2014,81.7010414559322
"Somalia, Fed. Rep.",SOM,2013,83.3409991258378
South Africa,ZAF,2025,60.9110971393628
South Africa,ZAF,2024,61.646770473025
South Africa,ZAF,2023,65.6798759740707
South Africa,ZAF,2022,64.94713440234
South Africa,ZAF,2021,56.1647136277546
South Africa,ZAF,2020,50.7596590804177
South Africa,ZAF,2019,53.8979964081406
South Africa,ZAF,2018,54.4855451276341
South Africa,ZAF,2017,53.5359318293741
South Africa,ZAF,2016,55.8612575048782
South Africa,ZAF,2015,56.7266761447156
South Africa,ZAF,2014,59.4995740550593
South Africa,ZAF,2013,58.875027630051
South Sudan,SSD,2025,
South Sudan,SSD,2024,
South Sudan,SSD,2023,
South Sudan,SSD,2022,
South Sudan,SSD,2021,
South Sudan,SSD,2020,
South Sudan,SSD,2019,
South Sudan,SSD,2018,
South Sudan,SSD,2017,
South Sudan,SSD,2016,
South Sudan,SSD,2015,65.5513491845003
South Sudan,SSD,2014,64.6345178070809
South Sudan,SSD,2013,50.8112465907463
Spain,ESP,2025,69.4508260073781
Spain,ESP,2024,69.9502612382631
Spain,ESP,2023,71.7976366055733
Spain,ESP,2022,78.4657338703054
Spain,ESP,2021,66.524588943191
Spain,ESP,2020,59.4461280147076
Spain,ESP,2019,66.3662250440692
Spain,ESP,2018,67.0094103982921
Spain,ESP,2017,66.167446137857
Spain,ESP,2016,63.1886778507294
Spain,ESP,2015,63.5820412248232
Spain,ESP,2014,63.39926213895
Spain,ESP,2013,61.6687726441327
Sri Lanka,LKA,2025,41.8090026525048
Sri Lanka,LKA,2024,42.1196098331113
Sri Lanka,LKA,2023,43.3476681195134
Sri Lanka,LKA,2022,46.6826080179359
Sri Lanka,LKA,2021,41.2288463294978
Sri Lanka,LKA,2020,37.0891188568192
Sri Lanka,LKA,2019,49.4255238852768
Sri Lanka,LKA,2018,49.8093967520437
Sri Lanka,LKA,2017,47.1404098001494
Sri Lanka,LKA,2016,46.4715370250761
Sri Lanka,LKA,2015,46.9179708088698
Sri Lanka,LKA,2014,
Sri Lanka,LKA,2013,
St. Kitts and Nevis,KNA,2025,
St. Kitts and Nevis,KNA,2024,
St. Kitts and Nevis,KNA,2023,
St. Kitts and Nevis,KNA,2022,
St. Kitts and Nevis,KNA,2021,
St. Kitts and Nevis,KNA,2020,
St. Kitts and Nevis,KNA,2019,
St. Kitts and Nevis,KNA,2018,
St. Kitts and Nevis,KNA,2017,
St. Kitts and Nevis,KNA,2016,
St. Kitts and Nevis,KNA,2015,
St. Kitts and Nevis,KNA,2014,
St. Kitts and Nevis,KNA,2013,
St. Lucia,LCA,2025,
St. Lucia,LCA,2024,
St. Lucia,LCA,2023,
St. Lucia,LCA,2022,
St. Lucia,LCA,2021,
St. Lucia,LCA,2020,
St. Lucia,LCA,2019,
St. Lucia,LCA,2018,
St. Lucia,LCA,2017,
St. Lucia,LCA,2016,
St. Lucia,LCA,2015,
St. Lucia,LCA,2014,
St. Lucia,LCA,2013,
St. Martin (French part),MAF,2025,
St. Martin (French part),MAF,2024,
St. Martin (French part),MAF,2023,
St. Martin (French part),MAF,2022,
St. Martin (French part),MAF,2021,
St. Martin (French part),MAF,2020,
St. Martin (French part),MAF,2019,
St. Martin (French part),MAF,2018,
St. Martin (French part),MAF,2017,
St. Martin (French part),MAF,2016,
St. Martin (French part),MAF,2015,
St. Martin (French part),MAF,2014,
St. Martin (French part),MAF,2013,
St. Vincent and the Grenadines,VCT,2025,
St. Vincent and the Grenadines,VCT,2024,
St. Vincent and the Grenadines,VCT,2023,
St. Vincent and the Grenadines,VCT,2022,
St. Vincent and the Grenadines,VCT,2021,
St. Vincent and the Grenadines,VCT,2020,
St. Vincent and the Grenadines,VCT,2019,
St. Vincent and the Grenadines,VCT,2018,
St. Vincent and the Grenadines,VCT,2017,
St. Vincent and the Grenadines,VCT,2016,
St. Vincent and the Grenadines,VCT,2015,
St. Vincent and the Grenadines,VCT,2014,
St. Vincent and the Grenadines,VCT,2013,
Sudan,SDN,2025,2.38193028387697
Sudan,SDN,2024,1.99541210225008
Sudan,SDN,2023,2.47372878267665
Sudan,SDN,2022,2.69883443585856
Sudan,SDN,2021,4.12754863828426
Sudan,SDN,2020,9.95514507626151
Sudan,SDN,2019,26.1196204552625
Sudan,SDN,2018,21.8679187274323
Sudan,SDN,2017,17.8313898297102
Sudan,SDN,2016,15.2816698903461
Sudan,SDN,2015,18.3782728546541
Sudan,SDN,2014,20.8451090041313
Sudan,SDN,2013,26.8585245020134
Suriname,SUR,2025,
Suriname,SUR,2024,
Suriname,SUR,2023,
Suriname,SUR,2022,
Suriname,SUR,2021,
Suriname,SUR,2020,
Suriname,SUR,2019,
Suriname,SUR,2018,
Suriname,SUR,2017,
Suriname,SUR,2016,
Suriname,SUR,2015,
Suriname,SUR,2014,
Suriname,SUR,2013,
Sweden,SWE,2025,104.335210186728
Sweden,SWE,2024,105.967492313344
Sweden,SWE,2023,107.619709443974
Sweden,SWE,2022,107.111751826512
Sweden,SWE,2021,91.1102374413042
Sweden,SWE,2020,84.4745958141618
Sweden,SWE,2019,92.7511390290561
Sweden,SWE,2018,90.4087142361701
Sweden,SWE,2017,86.0693088740521
Sweden,SWE,2016,83.4519478574149
Sweden,SWE,2015,84.1730765958171
Sweden,SWE,2014,83.8229810483527
Sweden,SWE,2013,81.6402521329964
Switzerland,CHE,2025,147.162051317959
Switzerland,CHE,2024,130.354516041578
Switzerland,CHE,2023,129.7371945484
Switzerland,CHE,2022,136.235871048363
Switzerland,CHE,2021,128.004119652561
Switzerland,CHE,2020,121.451100609762
Switzerland,CHE,2019,123.022509832864
Switzerland,CHE,2018,123.499829706856
Switzerland,CHE,2017,122.948395589146
Switzerland,CHE,2016,122.941735178779
Switzerland,CHE,2015,116.370019931647
Switzerland,CHE,2014,119.230530793932
Switzerland,CHE,2013,132.800535321539
Syrian Arab Republic,SYR,2025,
Syrian Arab Republic,SYR,2024,
Syrian Arab Republic,SYR,2023,
Syrian Arab Republic,SYR,2022,35.4372421451582
Syrian Arab Republic,SYR,2021,59.002012246256
Syrian Arab Republic,SYR,2020,43.1916195452227
Syrian Arab Republic,SYR,2019,41.9994681765976
Syrian Arab Republic,SYR,2018,50.6591076441391
Syrian Arab Republic,SYR,2017,61.0508545098696
Syrian Arab Republic,SYR,2016,67.1119407366416
Syrian Arab Republic,SYR,2015,51.0862130409438
Syrian Arab Republic,SYR,2014,54.2644225207985
Syrian Arab Republic,SYR,2013,44.705254783599
Tajikistan,TJK,2025,
Tajikistan,TJK,2024,59.0899316296485
Tajikistan,TJK,2023,65.6347010367354
Tajikistan,TJK,2022,65.4355115893577
Tajikistan,TJK,2021,71.825937435383
Tajikistan,TJK,2020,55.7491040194954
Tajikistan,TJK,2019,56.0450159145896
Tajikistan,TJK,2018,55.8461114113303
Tajikistan,TJK,2017,53.7861046057767
Tajikistan,TJK,2016,55.7246446907573
Tajikistan,TJK,2015,49.9378160689555
Tajikistan,TJK,2014,54.6071596053705
Tajikistan,TJK,2013,71.7437428882341
Tanzania,TZA,2025,38.9715711395739
Tanzania,TZA,2024,41.3081068648568
Tanzania,TZA,2023,38.212034806339
Tanzania,TZA,2022,35.0034517101994
Tanzania,TZA,2021,29.9151840074048
Tanzania,TZA,2020,27.9630151969884
Tanzania,TZA,2019,33.0185892502311
Tanzania,TZA,2018,32.6426099043737
Tanzania,TZA,2017,33.1125919853124
Tanzania,TZA,2016,35.4204704002636
Tanzania,TZA,2015,40.7576808778314
Tanzania,TZA,2014,45.3560223433065
Tanzania,TZA,2013,48.6316275295495
Thailand,THA,2025,138.413686011523
Thailand,THA,2024,135.724935837766
Thailand,THA,2023,128.792359690165
Thailand,THA,2022,132.813458288082
Thailand,THA,2021,117.131472183199
Thailand,THA,2020,97.6624419371158
Thailand,THA,2019,109.689514715166
Thailand,THA,2018,120.841864730984
Thailand,THA,2017,120.891427433638
Thailand,THA,2016,120.57522728913
Thailand,THA,2015,124.839662152526
Thailand,THA,2014,130.905495444398
Thailand,THA,2013,132.462274174269
Timor-Leste,TLS,2025,
Timor-Leste,TLS,2024,95.4485030105899
Timor-Leste,TLS,2023,89.3046490972644
Timor-Leste,TLS,2022,97.621108820704
Timor-Leste,TLS,2021,99.8600009384765
Timor-Leste,TLS,2020,84.7503111042388
Timor-Leste,TLS,2019,70.6142440551536
Timor-Leste,TLS,2018,64.8191831225499
Timor-Leste,TLS,2017,58.6347507796182
Timor-Leste,TLS,2016,60.310621759226
Timor-Leste,TLS,2015,60.0769209292639
Timor-Leste,TLS,2014,82.7357773406823
Timor-Leste,TLS,2013,79.6341248298199
Togo,TGO,2025,
Togo,TGO,2024,
Togo,TGO,2023,59.9291777017427
Togo,TGO,2022,61.575092396894
Togo,TGO,2021,56.3775580757321
Togo,TGO,2020,55.0659513954403
Togo,TGO,2019,56.3398500747576
Togo,TGO,2018,57.5737388499452
Togo,TGO,2017,58.2088602526732
Togo,TGO,2016,66.4450409805081
Togo,TGO,2015,69.1281378813376
Togo,TGO,2014,70.9156517502517
Togo,TGO,2013,82.1477877564195
Tonga,TON,2025,
Tonga,TON,2024,77.5794710114187
Tonga,TON,2023,79.6239257000079
Tonga,TON,2022,70.1272718284375
Tonga,TON,2021,68.5461517477239
Tonga,TON,2020,81.849496682175
Tonga,TON,2019,88.045385533046
Tonga,TON,2018,86.1039702691392
Tonga,TON,2017,88.0434925855836
Tonga,TON,2016,87.7771750789587
Tonga,TON,2015,81.3902291563255
Tonga,TON,2014,74.7304254735603
Tonga,TON,2013,82.731581196292
Trinidad and Tobago,TTO,2025,
Trinidad and Tobago,TTO,2024,
Trinidad and Tobago,TTO,2023,
Trinidad and Tobago,TTO,2022,
Trinidad and Tobago,TTO,2021,
Trinidad and Tobago,TTO,2020,
Trinidad and Tobago,TTO,2019,
Trinidad and Tobago,TTO,2018,
Trinidad and Tobago,TTO,2017,
Trinidad and Tobago,TTO,2016,
Trinidad and Tobago,TTO,2015,
Trinidad and Tobago,TTO,2014,
Trinidad and Tobago,TTO,2013,
Tunisia,TUN,2025,101.446205451707
Tunisia,TUN,2024,106.298549204247
Tunisia,TUN,2023,112.128858013354
Tunisia,TUN,2022,116.095794384146
Tunisia,TUN,2021,93.6334140664079
Tunisia,TUN,2020,84.3333297071767
Tunisia,TUN,2019,102.332614725789
Tunisia,TUN,2018,103.871824260635
Tunisia,TUN,2017,95.8091979825804
Tunisia,TUN,2016,87.0926643641466
Tunisia,TUN,2015,87.2485306596052
Tunisia,TUN,2014,96.1071038558701
Tunisia,TUN,2013,98.9549566862038
Turkiye,TUR,2025,49.9346783626928
Turkiye,TUR,2024,54.5988061195916
Turkiye,TUR,2023,65.6832084738667
Turkiye,TUR,2022,79.8982722314341
Turkiye,TUR,2021,69.6088976086437
Turkiye,TUR,2020,60.389853117297
Turkiye,TUR,2019,62.5784589326239
Turkiye,TUR,2018,62.8251323851165
Turkiye,TUR,2017,56.1356585158689
Turkiye,TUR,2016,48.870183807987
Turkiye,TUR,2015,51.8749252596832
Turkiye,TUR,2014,54.30677404128
Turkiye,TUR,2013,53.0683530043043
Turkmenistan,TKM,2025,28.1660712907997
Turkmenistan,TKM,2024,28.7345237411748
Turkmenistan,TKM,2023,34.1794035540188
Turkmenistan,TKM,2022,37.8107225896924
Turkmenistan,TKM,2021,33.4124528498008
Turkmenistan,TKM,2020,29.9541700399769
Turkmenistan,TKM,2019,37.6560517756178
Turkmenistan,TKM,2018,41.6378669600992
Turkmenistan,TKM,2017,47.3983995269018
Turkmenistan,TKM,2016,58.2932324852085
Turkmenistan,TKM,2015,73.2280034158293
Turkmenistan,TKM,2014,102.760907500564
Turkmenistan,TKM,2013,109.48116584462
Turks and Caicos Islands,TCA,2025,
Turks and Caicos Islands,TCA,2024,
Turks and Caicos Islands,TCA,2023,
Turks and Caicos Islands,TCA,2022,
Turks and Caicos Islands,TCA,2021,
Turks and Caicos Islands,TCA,2020,
Turks and Caicos Islands,TCA,2019,
Turks and Caicos Islands,TCA,2018,
Turks and Caicos Islands,TCA,2017,
Turks and Caicos Islands,TCA,2016,
Turks and Caicos Islands,TCA,2015,
Turks and Caicos Islands,TCA,2014,
Turks and Caicos Islands,TCA,2013,
Tuvalu,TUV,2025,
Tuvalu,TUV,2024,
Tuvalu,TUV,2023,
Tuvalu,TUV,2022,
Tuvalu,TUV,2021,
Tuvalu,TUV,2020,
Tuvalu,TUV,2019,
Tuvalu,TUV,2018,
Tuvalu,TUV,2017,
Tuvalu,TUV,2016,
Tuvalu,TUV,2015,
Tuvalu,TUV,2014,
Tuvalu,TUV,2013,
Uganda,UGA,2025,50.1990176084385
Uganda,UGA,2024,42.6527889088562
Uganda,UGA,2023,33.3416963302219
Uganda,UGA,2022,34.5053019270937
Uganda,UGA,2021,41.7136307424781
Uganda,UGA,2020,37.0006923916369
Uganda,UGA,2019,39.3610539647435
Uganda,UGA,2018,36.6384055999567
Uganda,UGA,2017,36.8370529334101
Uganda,UGA,2016,31.2093620232119
Uganda,UGA,2015,37.6892983324358
Uganda,UGA,2014,36.0144010819085
Uganda,UGA,2013,43.1091548734687
Ukraine,UKR,2025,77.1802739924807
Ukraine,UKR,2024,79.6884673892276
Ukraine,UKR,2023,77.5096141935657
Ukraine,UKR,2022,87.3965139907244
Ukraine,UKR,2021,82.69796136345
Ukraine,UKR,2020,79.1564523761815
Ukraine,UKR,2019,90.5112342910763
Ukraine,UKR,2018,99.1998150718675
Ukraine,UKR,2017,104.034982911399
Ukraine,UKR,2016,105.521204913122
Ukraine,UKR,2015,107.806616298156
Ukraine,UKR,2014,100.691782483624
Ukraine,UKR,2013,94.0016694501782
United Arab Emirates,ARE,2025,
United Arab Emirates,ARE,2024,
United Arab Emirates,ARE,2023,199.044950127107
United Arab Emirates,ARE,2022,185.741660631894
United Arab Emirates,ARE,2021,182.909401076776
United Arab Emirates,ARE,2020,181.291940227998
United Arab Emirates,ARE,2019,163.822149025614
United Arab Emirates,ARE,2018,154.747042166299
United Arab Emirates,ARE,2017,165.476523652994
United Arab Emirates,ARE,2016,165.394966240337
United Arab Emirates,ARE,2015,164.286142899252
United Arab Emirates,ARE,2014,159.515630313713
United Arab Emirates,ARE,2013,157.398122639247
United Kingdom,GBR,2025,62.4573294634195
United Kingdom,GBR,2024,62.839052044584
United Kingdom,GBR,2023,64.9923841747803
United Kingdom,GBR,2022,69.1989264413981
United Kingdom,GBR,2021,58.53838629291
United Kingdom,GBR,2020,59.1598893030611
United Kingdom,GBR,2019,65.0035664177054
United Kingdom,GBR,2018,64.9097721959201
United Kingdom,GBR,2017,63.1899245764158
United Kingdom,GBR,2016,59.8395315138259
United Kingdom,GBR,2015,57.125044605439
United Kingdom,GBR,2014,58.8210228333296
United Kingdom,GBR,2013,61.7195395154583
United States,USA,2025,
United States,USA,2024,25.0160172978284
United States,USA,2023,24.9292981752847
United States,USA,2022,26.9078981557739
United States,USA,2021,25.2327260228331
United States,USA,2020,23.1399437509149
United States,USA,2019,26.2584806245428
United States,USA,2018,27.4453591302618
United States,USA,2017,27.1253382222874
United States,USA,2016,26.4525977865465
United States,USA,2015,27.6882139340768
United States,USA,2014,29.906569337428
United States,USA,2013,29.9413062848227
Uruguay,URY,2025,49.7171497188849
Uruguay,URY,2024,51.4582237554765
Uruguay,URY,2023,52.3273108387018
Uruguay,URY,2022,60.2026828336525
Uruguay,URY,2021,58.3150555063308
Uruguay,URY,2020,47.7318331202564
Uruguay,URY,2019,49.7448660724665
Uruguay,URY,2018,47.7913453459107
Uruguay,URY,2017,46.3779636198842
Uruguay,URY,2016,48.4705353074514
Uruguay,URY,2015,45.3282408087534
Uruguay,URY,2014,49.0876240632174
Uruguay,URY,2013,49.7178464746233
Uzbekistan,UZB,2025,57.4005392040216
Uzbekistan,UZB,2024,57.5295432552977
Uzbekistan,UZB,2023,63.102194304905
Uzbekistan,UZB,2022,60.0483582576289
Uzbekistan,UZB,2021,54.7477822134912
Uzbekistan,UZB,2020,53.1070769988551
Uzbekistan,UZB,2019,62.3003782302878
Uzbekistan,UZB,2018,61.395110017578
Uzbekistan,UZB,2017,41.0443062055515
Uzbekistan,UZB,2016,25.6926479568511
Uzbekistan,UZB,2015,27.1724545801626
Uzbekistan,UZB,2014,32.1925400076306
Uzbekistan,UZB,2013,37.5113183619111
Vanuatu,VUT,2025,
Vanuatu,VUT,2024,73.3835043414732
Vanuatu,VUT,2023,78.0648945040347
Vanuatu,VUT,2022,70.4738394846168
Vanuatu,VUT,2021,60.1426638378911
Vanuatu,VUT,2020,65.4819913449416
Vanuatu,VUT,2019,85.2923789349229
Vanuatu,VUT,2018,89.6801368961432
Vanuatu,VUT,2017,90.0680828139658
Vanuatu,VUT,2016,93.2943778278248
Vanuatu,VUT,2015,92.5427728613569
Vanuatu,VUT,2014,91.3913104611923
Vanuatu,VUT,2013,93.4638521005109
"Venezuela, RB",VEN,2025,25.0115313779011
"Venezuela, RB",VEN,2024,26.2373885733766
"Venezuela, RB",VEN,2023,28.0944323171165
"Venezuela, RB",VEN,2022,27.8980542310307
"Venezuela, RB",VEN,2021,29.2263872682484
"Venezuela, RB",VEN,2020,26.0905679013051
"Venezuela, RB",VEN,2019,58.1288399985284
"Venezuela, RB",VEN,2018,54.6332963725646
"Venezuela, RB",VEN,2017,42.6149425287356
"Venezuela, RB",VEN,2016,41.3927576601671
"Venezuela, RB",VEN,2015,60.377358490566
"Venezuela, RB",VEN,2014,64.0956340956341
"Venezuela, RB",VEN,2013,62.5819672131148
Viet Nam,VNM,2025,190.336808817292
Viet Nam,VNM,2024,173.885260216071
Viet Nam,VNM,2023,164.995585455876
Viet Nam,VNM,2022,183.153619147836
Viet Nam,VNM,2021,186.675832836814
Viet Nam,VNM,2020,163.245862814935
Viet Nam,VNM,2019,164.704215031408
Viet Nam,VNM,2018,164.663936775893
Viet Nam,VNM,2017,160.98008365887
Viet Nam,VNM,2016,145.409507973118
Viet Nam,VNM,2015,144.914228195237
Viet Nam,VNM,2014,135.410521454361
Viet Nam,VNM,2013,130.846354866743
Virgin Islands (U.S.),VIR,2025,
Virgin Islands (U.S.),VIR,2024,
Virgin Islands (U.S.),VIR,2023,
Virgin Islands (U.S.),VIR,2022,205.629280821918
Virgin Islands (U.S.),VIR,2021,180.297315287331
Virgin Islands (U.S.),VIR,2020,113.596594939702
Virgin Islands (U.S.),VIR,2019,155.4234409124
Virgin Islands (U.S.),VIR,2018,159.240377262299
Virgin Islands (U.S.),VIR,2017,157.696362677913
Virgin Islands (U.S.),VIR,2016,113.296471827278
Virgin Islands (U.S.),VIR,2015,84.7665847665848
Virgin Islands (U.S.),VIR,2014,164.291725105189
Virgin Islands (U.S.),VIR,2013,142.241840556447
West Bank and Gaza,PSE,2025,74.7604429402753
West Bank and Gaza,PSE,2024,74.5880913285342
West Bank and Gaza,PSE,2023,76.173457614931
West Bank and Gaza,PSE,2022,82.3949283869453
West Bank and Gaza,PSE,2021,73.0835496162129
West Bank and Gaza,PSE,2020,67.2881912475775
West Bank and Gaza,PSE,2019,68.9934922812035
West Bank and Gaza,PSE,2018,71.4012754506469
West Bank and Gaza,PSE,2017,68.4486607142857
West Bank and Gaza,PSE,2016,65.4225141833383
West Bank and Gaza,PSE,2015,70.7809681944405
West Bank and Gaza,PSE,2014,67.7398371659149
West Bank and Gaza,PSE,2013,66.2713181162369
"Yemen, Rep.",YEM,2025,
"Yemen, Rep.",YEM,2024,
"Yemen, Rep.",YEM,2023,
"Yemen, Rep.",YEM,2022,
"Yemen, Rep.",YEM,2021,
"Yemen, Rep.",YEM,2020,
"Yemen, Rep.",YEM,2019,
"Yemen, Rep.",YEM,2018,56.0778227215077
"Yemen, Rep.",YEM,2017,42.9699046721967
"Yemen, Rep.",YEM,2016,31.0815442908559
"Yemen, Rep.",YEM,2015,30.3676590844637
"Yemen, Rep.",YEM,2014,48.2430405122774
"Yemen, Rep.",YEM,2013,52.5118781367089
Zambia,ZMB,2025,
Zambia,ZMB,2024,62.5348874064443
Zambia,ZMB,2023,78.2418870451485
Zambia,ZMB,2022,69.2973154193203
Zambia,ZMB,2021,86.2085111934645
Zambia,ZMB,2020,79.2068494095955
Zambia,ZMB,2019,68.791204936096
Zambia,ZMB,2018,74.8883695274665
Zambia,ZMB,2017,71.5856946542566
Zambia,ZMB,2016,73.958561254616
Zambia,ZMB,2015,79.8652687573958
Zambia,ZMB,2014,76.1934997276313
Zambia,ZMB,2013,80.4562410213373
Zimbabwe,ZWE,2025,
Zimbabwe,ZWE,2024,41.5039527238816
Zimbabwe,ZWE,2023,40.2912612046942
Zimbabwe,ZWE,2022,43.6150764298492
Zimbabwe,ZWE,2021,34.9401169482991
Zimbabwe,ZWE,2020,31.8225698755474
Zimbabwe,ZWE,2019,36.5178684980287
Zimbabwe,ZWE,2018,54.55031658746
Zimbabwe,ZWE,2017,55.028317831061
Zimbabwe,ZWE,2016,51.2190376594477
Zimbabwe,ZWE,2015,56.7496526604333
Zimbabwe,ZWE,2014,54.6717592473918
Zimbabwe,ZWE,2013,58.6560737143829
