period,flow,reporterCode,partnerCode,primaryValue
2016,X,156,12,7647851142.0
2016,X,156,24,1680398624.0
2016,X,156,31,345883254.0
2016,X,156,32,7200837601.0
2016,X,156,36,37282496549.0
2016,X,156,50,14300635412.0
2016,X,156,76,21976152765.0
2016,X,156,124,27312227873.0
2016,X,156,144,4286880100.0
2016,X,156,152,12802834385.0
2016,X,156,170,6752372928.0
2016,X,156,192,1783014082.0
2016,X,156,214,1566927845.0
2016,X,156,218,2257103301.0
2016,X,156,251,24958617484.0
2016,X,156,276,65214030647.0
2016,X,156,288,4666604087.0
2016,X,156,344,287251662276.0
2016,X,156,360,32117494749.0
2016,X,156,364,16417272588.0
2016,X,156,368,7547857704.0
2016,X,156,376,8174292923.0
2016,X,156,380,26360471715.0
2016,X,156,384,1584526951.0
2016,X,156,392,129268487384.0
2016,X,156,404,5587646821.0
2016,X,156,410,93707103461.0
2016,X,156,414,3000886535.0
2016,X,156,446,3140991372.0
2016,X,156,458,37660220746.0
2016,X,156,484,32356651525.0
2016,X,156,496,988539201.0
2016,X,156,504,3078776968.0
2016,X,156,512,2147698465.0
2016,X,156,528,57447210217.0
2016,X,156,554,4762004124.0
2016,X,156,586,17232654059.0
2016,X,156,604,5989776624.0
2016,X,156,608,29836566657.0
2016,X,156,616,15094067047.0
2016,X,156,634,1515659122.0
2016,X,156,643,37339600736.0
2016,X,156,682,18650906502.0
2016,X,156,702,44495953063.0
2016,X,156,704,61094096781.0
2016,X,156,710,12849507644.0
2016,X,156,724,21310945566.0
2016,X,156,757,3198285713.0
2016,X,156,764,37182731174.0
2016,X,156,784,30066955630.0
2016,X,156,792,16686640520.0
2016,X,156,818,10436255851.0
2016,X,156,826,55664076103.0
2016,X,156,834,3566861307.0
2016,X,276,12,3589023332.242
2016,X,276,24,287303267.144
2016,X,276,31,368305953.167
2016,X,276,32,2877612441.936
2016,X,276,36,10016194463.68
2016,X,276,50,777431481.948
2016,X,276,76,9535607854.069
2016,X,276,124,10552836203.43
2016,X,276,144,353576673.606
2016,X,276,152,2720099705.231
2016,X,276,156,84528602948.704
2016,X,276,170,1597450623.864
2016,X,276,192,263610216.217
2016,X,276,214,251801217.426
2016,X,276,218,424801257.532
2016,X,276,251,111854017629.571
2016,X,276,288,338081067.349
2016,X,276,344,7553225317.927
2016,X,276,360,2697816988.623
2016,X,276,364,2893877940.215
2016,X,276,368,778289406.822
2016,X,276,376,4502275491.549
2016,X,276,380,67660840512.987
2016,X,276,384,217058698.04
2016,X,276,392,20389297054.078
2016,X,276,404,374653886.608
2016,X,276,410,19118860462.604
2016,X,276,414,1572497427.219
2016,X,276,446,171114803.686
2016,X,276,458,5267217641.952
2016,X,276,484,12334273312.302
2016,X,276,496,112206599.309
2016,X,276,504,2237304787.231
2016,X,276,512,932999051.353
2016,X,276,528,82835426605.493
2016,X,276,554,1214180679.662
2016,X,276,586,1300112636.494
2016,X,276,604,966146850.148
2016,X,276,608,2285658270.859
2016,X,276,616,60314723058.173
2016,X,276,634,2805891603.809
2016,X,276,643,24515883697.688
2016,X,276,682,8135237721.801
2016,X,276,702,7516224225.829
2016,X,276,704,2893450029.333
2016,X,276,710,9867231184.617
2016,X,276,724,44823249539.475
2016,X,276,757,56693388404.718
2016,X,276,764,4888211630.977
2016,X,276,784,16162224683.012
2016,X,276,792,24275917911.822
2016,X,276,818,4924653056.796
2016,X,276,826,94836231773.702
2016,X,276,834,153785482.768
2016,X,392,12,221554688.0
2016,X,392,24,31506043.0
2016,X,392,31,100350626.0
2016,X,392,32,631626148.0
2016,X,392,36,14104469909.0
2016,X,392,50,1582970883.0
2016,X,392,76,2791693420.0
2016,X,392,124,8162345902.0
2016,X,392,144,700235657.0
2016,X,392,152,1567389713.0
2016,X,392,156,113830233712.0
2016,X,392,170,950526981.0
2016,X,392,192,44577522.0
2016,X,392,214,272551549.0
2016,X,392,218,250291840.0
2016,X,392,251,6239737057.0
2016,X,392,276,17652733307.0
2016,X,392,288,124760910.0
2016,X,392,344,33624337741.0
2016,X,392,360,11327517557.0
2016,X,392,364,581629334.0
2016,X,392,368,345822015.0
2016,X,392,376,1972220086.0
2016,X,392,380,4708754971.0
2016,X,392,384,51011594.0
2016,X,392,404,743505368.0
2016,X,392,410,46235237668.0
2016,X,392,414,1696706819.0
2016,X,392,446,301139023.0
2016,X,392,458,12139372847.0
2016,X,392,484,10663064894.0
2016,X,392,496,277604192.0
2016,X,392,504,336692753.0
2016,X,392,512,2552099473.0
2016,X,392,528,11815202410.0
2016,X,392,554,2188685326.0
2016,X,392,586,1931660841.0
2016,X,392,604,715739028.0
2016,X,392,608,10345335886.0
2016,X,392,616,1694227542.0
2016,X,392,634,1539287488.0
2016,X,392,643,5100323266.0
2016,X,392,682,5030461803.0
2016,X,392,702,19841986378.0
2016,X,392,704,12990345953.0
2016,X,392,710,2230508672.0
2016,X,392,724,2858315006.0
2016,X,392,757,3127548243.0
2016,X,392,764,27398049558.0
2016,X,392,784,7996600865.0
2016,X,392,792,2861050748.0
2016,X,392,818,1143423218.0
2016,X,392,826,13659024323.0
2016,X,392,834,221086418.0
2016,X,826,12,559827390.0
2016,X,826,24,499717790.0
2016,X,826,31,524176155.0
2016,X,826,32,405736920.0
2016,X,826,36,5302224254.0
2016,X,826,50,279746748.0
2016,X,826,76,2550112752.0
2016,X,826,124,6241955139.0
2016,X,826,144,277933698.0
2016,X,826,152,609151529.0
2016,X,826,156,18142280186.0
2016,X,826,170,356070825.0
2016,X,826,192,34275685.0
2016,X,826,214,139395741.0
2016,X,826,218,54431135.0
2016,X,826,251,26461827772.0
2016,X,826,276,43797383589.0
2016,X,826,288,749660115.0
2016,X,826,344,9007045142.0
2016,X,826,360,716844032.0
2016,X,826,364,194583780.0
2016,X,826,368,301989688.0
2016,X,826,376,1482562733.0
2016,X,826,380,13123471995.0
2016,X,826,384,114411321.0
2016,X,826,392,6404653431.0
2016,X,826,404,418849343.0
2016,X,826,410,5958175134.0
2016,X,826,414,684322307.0
2016,X,826,446,56252498.0
2016,X,826,458,1756585003.0
2016,X,826,484,1710236646.0
2016,X,826,496,7602509.0
2016,X,826,504,1134649998.0
2016,X,826,512,656452430.0
2016,X,826,528,25484748059.0
2016,X,826,554,953242058.0
2016,X,826,586,843637984.0
2016,X,826,604,215019213.0
2016,X,826,608,540451192.0
2016,X,826,616,5684911042.0
2016,X,826,634,2569796724.0
2016,X,826,643,3479439027.0
2016,X,826,682,6615579983.0
2016,X,826,702,6180283399.0
2016,X,826,704,652080664.0
2016,X,826,710,2666484604.0
2016,X,826,724,13029685111.0
2016,X,826,757,19774332505.0
2016,X,826,764,1484152551.0
2016,X,826,784,9114574351.0
2016,X,826,792,6171969312.0
2016,X,826,818,1649185629.0
2016,X,826,834,143019588.0
2016,X,251,12,5622727167.0
2016,X,251,24,284154272.0
2016,X,251,31,141878629.0
2016,X,251,32,1261047758.0
2016,X,251,36,2471614607.0
2016,X,251,50,208769854.0
2016,X,251,76,4778134632.0
2016,X,251,124,3347443377.0
2016,X,251,144,100276849.0
2016,X,251,152,785710586.0
2016,X,251,156,17705737323.0
2016,X,251,170,696905575.0
2016,X,251,192,141831502.0
2016,X,251,214,159266548.0
2016,X,251,218,131269259.0
2016,X,251,276,78851327540.0
2016,X,251,288,303468451.0
2016,X,251,344,5991633905.0
2016,X,251,360,3019171913.0
2016,X,251,364,798965940.0
2016,X,251,368,350593783.0
2016,X,251,376,1492977447.0
2016,X,251,380,35717802263.0
2016,X,251,384,1187934477.0
2016,X,251,392,6915727029.0
2016,X,251,404,169204693.0
2016,X,251,410,4286615081.0
2016,X,251,414,413461974.0
2016,X,251,446,153625612.0
2016,X,251,458,1694197895.0
2016,X,251,484,4096242238.0
2016,X,251,496,10307729.0
2016,X,251,504,4729562880.0
2016,X,251,512,345090199.0
2016,X,251,528,17679116012.0
2016,X,251,554,589254047.0
2016,X,251,586,615688650.0
2016,X,251,604,352091389.0
2016,X,251,608,905805095.0
2016,X,251,616,9075840716.0
2016,X,251,634,2010297008.0
2016,X,251,643,5405700990.0
2016,X,251,682,4586098248.0
2016,X,251,702,6800777414.0
2016,X,251,704,1645183444.0
2016,X,251,710,2012412391.0
2016,X,251,724,36644577952.0
2016,X,251,757,16921663887.0
2016,X,251,764,1931668390.0
2016,X,251,784,4000982816.0
2016,X,251,792,7749140962.0
2016,X,251,818,1698504335.0
2016,X,251,826,34445925445.0
2016,X,251,834,140373202.0
2016,X,380,12,4107150135.297
2016,X,380,24,208439421.024
2016,X,380,31,299905357.622
2016,X,380,32,1275767283.979
2016,X,380,36,3950320205.635
2016,X,380,50,562432987.455
2016,X,380,76,3541615907.745
2016,X,380,124,4090435366.801
2016,X,380,144,260691707.327
2016,X,380,152,1013554693.428
2016,X,380,156,12234172739.915
2016,X,380,170,642255103.996
2016,X,380,192,345736444.938
2016,X,380,214,380014665.323
2016,X,380,218,221880371.614
2016,X,380,251,48692317107.914
2016,X,380,276,58311989573.424
2016,X,380,288,292426410.187
2016,X,380,344,6383984011.801
2016,X,380,360,1278717043.967
2016,X,380,364,1705828935.179
2016,X,380,368,684947334.287
2016,X,380,376,2774229414.994
2016,X,380,384,199987526.43
2016,X,380,392,6663466684.69
2016,X,380,404,233374226.285
2016,X,380,410,4412944474.003
2016,X,380,414,1211913428.341
2016,X,380,446,173218065.542
2016,X,380,458,1173300326.691
2016,X,380,484,4086884885.562
2016,X,380,496,34070522.895
2016,X,380,504,1782215325.458
2016,X,380,512,902563704.631
2016,X,380,528,10743217873.589
2016,X,380,554,522231032.539
2016,X,380,586,687352249.619
2016,X,380,604,597399030.679
2016,X,380,608,676010350.829
2016,X,380,616,12435978786.68
2016,X,380,634,1000404589.693
2016,X,380,643,7402632522.787
2016,X,380,682,4633172922.754
2016,X,380,702,2032951621.731
2016,X,380,704,1155081989.734
2016,X,380,710,1764089780.537
2016,X,380,724,23294604620.828
2016,X,380,757,21019072218.335
2016,X,380,764,1473790400.833
2016,X,380,784,6003330468.354
2016,X,380,792,10620981880.738
2016,X,380,818,3417105337.714
2016,X,380,826,24802558059.982
2016,X,380,834,86838481.316
2016,X,124,12,391136091.298
2016,X,124,24,40716586.035
2016,X,124,31,9799179.071
2016,X,124,32,232110196.271
2016,X,124,36,1472590753.17
2016,X,124,50,582315386.361
2016,X,124,76,1543171599.359
2016,X,124,144,205712870.755
2016,X,124,152,547360214.238
2016,X,124,156,15825077310.522
2016,X,124,170,591402057.655
2016,X,124,192,309425620.204
2016,X,124,214,114157804.819
2016,X,124,218,183752271.5
2016,X,124,251,2568564591.127
2016,X,124,276,2959241298.508
2016,X,124,288,190396955.643
2016,X,124,344,1755477936.537
2016,X,124,360,1100371260.527
2016,X,124,364,102409183.94
2016,X,124,368,96075153.42
2016,X,124,376,319232271.859
2016,X,124,380,1765720366.652
2016,X,124,384,50764314.717
2016,X,124,392,8085366338.364
2016,X,124,404,83025161.343
2016,X,124,410,3303839420.546
2016,X,124,414,125056843.591
2016,X,124,446,17209827.543
2016,X,124,458,535106151.526
2016,X,124,484,5758982841.5
2016,X,124,496,7615197.898
2016,X,124,504,259059196.598
2016,X,124,512,109266846.898
2016,X,124,528,2144786303.191
2016,X,124,554,346821046.214
2016,X,124,586,813811889.829
2016,X,124,604,576868669.099
2016,X,124,608,472365667.727
2016,X,124,616,465143406.382
2016,X,124,634,132180443.895
2016,X,124,643,454669855.894
2016,X,124,682,935083607.683
2016,X,124,702,1002085656.856
2016,X,124,704,398444570.696
2016,X,124,710,353741271.214
2016,X,124,724,1361713595.097
2016,X,124,757,992792948.861
2016,X,124,764,680089333.497
2016,X,124,784,1351141188.132
2016,X,124,792,869712003.328
2016,X,124,818,250474918.642
2016,X,124,826,12901539550.203
2016,X,124,834,65008429.102
2016,X,76,12,1063292078.0
2016,X,76,24,539731115.0
2016,X,76,31,11105651.0
2016,X,76,32,13417339572.0
2016,X,76,36,419793787.0
2016,X,76,50,1091413782.0
2016,X,76,124,2365967102.0
2016,X,76,144,160832526.0
2016,X,76,152,4080526602.0
2016,X,76,156,35133314867.0
2016,X,76,170,2231079816.0
2016,X,76,192,321439180.0
2016,X,76,214,580259646.0
2016,X,76,218,653583444.0
2016,X,76,251,2334633661.0
2016,X,76,276,4860766756.0
2016,X,76,288,213415083.0
2016,X,76,344,2261480735.0
2016,X,76,360,2211031256.0
2016,X,76,364,2232512050.0
2016,X,76,368,455498922.0
2016,X,76,376,424961925.0
2016,X,76,380,3321622069.0
2016,X,76,384,47031871.0
2016,X,76,392,4604146067.0
2016,X,76,404,58927299.0
2016,X,76,410,2881006714.0
2016,X,76,414,197832516.0
2016,X,76,446,312829.0
2016,X,76,458,1842205071.0
2016,X,76,484,3813037793.0
2016,X,76,496,1973496.0
2016,X,76,504,488509327.0
2016,X,76,512,492356482.0
2016,X,76,528,6954511332.0
2016,X,76,554,96784854.0
2016,X,76,586,433362449.0
2016,X,76,604,1948437570.0
2016,X,76,608,436271310.0
2016,X,76,616,427732756.0
2016,X,76,634,378007009.0
2016,X,76,643,2299894613.0
2016,X,76,682,2487253111.0
2016,X,76,702,1301983286.0
2016,X,76,704,1398745712.0
2016,X,76,710,1397021495.0
2016,X,76,724,2629667637.0
2016,X,76,757,850126486.0
2016,X,76,764,1714704337.0
2016,X,76,784,2235068415.0
2016,X,76,792,1446118810.0
2016,X,76,818,1772017724.0
2016,X,76,826,2868716506.0
2016,X,76,834,17981631.0
2016,X,643,12,4047603316.61
2016,X,643,24,596436273.45
2016,X,643,31,1568781077.18
2016,X,643,32,166385290.37
2016,X,643,36,65999537.03
2016,X,643,50,827032276.88
2016,X,643,76,2337851047.42
2016,X,643,124,423475172.43
2016,X,643,144,81137966.36
2016,X,643,152,43612861.67
2016,X,643,156,29953376571.07
2016,X,643,170,245006911.39
2016,X,643,192,245164486.55
2016,X,643,214,28877187.3
2016,X,643,218,200022865.51
2016,X,643,251,4983034452.14
2016,X,643,276,21452143276.48
2016,X,643,288,200444451.65
2016,X,643,344,708516383.45
2016,X,643,360,525490742.18
2016,X,643,364,1896414600.72
2016,X,643,368,921070214.0
2016,X,643,376,1467798315.31
2016,X,643,380,12284661747.14
2016,X,643,384,69271298.67
2016,X,643,392,9845579627.4
2016,X,643,404,130736225.25
2016,X,643,410,10878065453.65
2016,X,643,414,480442487.3
2016,X,643,446,60689.83
2016,X,643,458,1076522343.69
2016,X,643,484,1076685601.11
2016,X,643,496,1108016117.66
2016,X,643,504,725540427.45
2016,X,643,512,193334031.99
2016,X,643,528,31816200182.8
2016,X,643,554,77758406.67
2016,X,643,586,134966601.08
2016,X,643,604,218679007.32
2016,X,643,608,147201484.12
2016,X,643,616,9343550715.35
2016,X,643,634,24532745.61
2016,X,643,682,351886219.79
2016,X,643,702,2558773330.99
2016,X,643,704,1492051420.71
2016,X,643,710,202413314.26
2016,X,643,724,1978872465.61
2016,X,643,757,3063001942.57
2016,X,643,764,617179233.35
2016,X,643,784,994599206.15
2016,X,643,792,13763057805.97
2016,X,643,818,3844142156.35
2016,X,643,826,7061742982.92
2016,X,643,834,79273054.73
2016,X,410,12,1066248951.0
2016,X,410,24,552524623.0
2016,X,410,31,118289012.0
2016,X,410,32,795651280.0
2016,X,410,36,7500619024.0
2016,X,410,50,1158421309.0
2016,X,410,76,4456543019.0
2016,X,410,124,4884917212.0
2016,X,410,144,275511942.0
2016,X,410,152,1611306224.0
2016,X,410,156,124432940703.0
2016,X,410,170,853196415.0
2016,X,410,192,42138841.0
2016,X,410,214,308215275.0
2016,X,410,218,434241246.0
2016,X,410,251,2504098127.0
2016,X,410,276,6442852659.0
2016,X,410,288,215327552.0
2016,X,410,344,32778597167.0
2016,X,410,360,6608530303.0
2016,X,410,364,3716566540.0
2016,X,410,368,1439619514.0
2016,X,410,376,1271551152.0
2016,X,410,380,3163432701.0
2016,X,410,384,76686783.0
2016,X,410,392,24354463716.0
2016,X,410,404,162321838.0
2016,X,410,414,1405815989.0
2016,X,410,446,38495854.0
2016,X,410,458,7533346991.0
2016,X,410,484,9720803662.0
2016,X,410,496,208709530.0
2016,X,410,504,543570941.0
2016,X,410,512,615571910.0
2016,X,410,528,3820899185.0
2016,X,410,554,1305114534.0
2016,X,410,586,828672482.0
2016,X,410,604,1154988692.0
2016,X,410,608,7278419640.0
2016,X,410,616,2912118399.0
2016,X,410,634,535701937.0
2016,X,410,643,4768750644.0
2016,X,410,682,5643866680.0
2016,X,410,702,12458894152.0
2016,X,410,704,32630457303.0
2016,X,410,710,950180340.0
2016,X,410,724,2328644113.0
2016,X,410,757,566546885.0
2016,X,410,764,6481530807.0
2016,X,410,784,5869962291.0
2016,X,410,792,5385010409.0
2016,X,410,818,1768981477.0
2016,X,410,826,6922424909.0
2016,X,410,834,138982649.0
2016,X,484,12,170401243.0
2016,X,484,24,50398787.0
2016,X,484,31,8926802.0
2016,X,484,32,1402110415.0
2016,X,484,36,779002627.0
2016,X,484,50,3572909.0
2016,X,484,76,2991891931.0
2016,X,484,124,10393271506.0
2016,X,484,144,4398116.0
2016,X,484,152,1740887125.0
2016,X,484,156,5397418883.0
2016,X,484,170,3064201080.0
2016,X,484,192,323295674.0
2016,X,484,214,907293825.0
2016,X,484,218,449799887.0
2016,X,484,251,1900872270.0
2016,X,484,276,4116181488.0
2016,X,484,288,10844798.0
2016,X,484,344,586222780.0
2016,X,484,360,61428415.0
2016,X,484,364,16110.0
2016,X,484,368,17569619.0
2016,X,484,376,195771085.0
2016,X,484,380,1200525437.0
2016,X,484,384,1104795.0
2016,X,484,392,3768279804.0
2016,X,484,404,2183276.0
2016,X,484,410,2504543728.0
2016,X,484,414,99472770.0
2016,X,484,446,100630.0
2016,X,484,458,444649251.0
2016,X,484,504,9363355.0
2016,X,484,512,14086385.0
2016,X,484,528,1568410515.0
2016,X,484,554,84008537.0
2016,X,484,586,20803752.0
2016,X,484,604,1388005185.0
2016,X,484,608,62015452.0
2016,X,484,616,239178057.0
2016,X,484,634,13595192.0
2016,X,484,643,170927256.0
2016,X,484,682,125716917.0
2016,X,484,702,822375318.0
2016,X,484,704,218447121.0
2016,X,484,710,333450422.0
2016,X,484,724,3265238350.0
2016,X,484,757,883610384.0
2016,X,484,764,491830982.0
2016,X,484,784,282698330.0
2016,X,484,792,233571449.0
2016,X,484,818,58995125.0
2016,X,484,826,3231326498.0
2016,X,484,834,2933231.0
2016,X,36,12,6237054.0
2016,X,36,24,4457423.0
2016,X,36,31,2813938.0
2016,X,36,32,124517516.0
2016,X,36,50,616109880.0
2016,X,36,76,747987780.0
2016,X,36,124,1315148043.0
2016,X,36,144,161818296.0
2016,X,36,152,340605515.0
2016,X,36,156,59992749592.0
2016,X,36,170,36422177.0
2016,X,36,192,1192694.0
2016,X,36,214,4908732.0
2016,X,36,218,14319625.0
2016,X,36,251,881248886.0
2016,X,36,276,1332603529.0
2016,X,36,288,88978597.0
2016,X,36,344,7207580834.0
2016,X,36,360,3975952956.0
2016,X,36,364,60744088.0
2016,X,36,368,27858613.0
2016,X,36,376,194513220.0
2016,X,36,380,517879027.0
2016,X,36,384,15815003.0
2016,X,36,392,26344514675.0
2016,X,36,404,50019475.0
2016,X,36,410,12770223384.0
2016,X,36,414,520560239.0
2016,X,36,446,65204271.0
2016,X,36,458,3504835402.0
2016,X,36,484,346186173.0
2016,X,36,496,11223365.0
2016,X,36,504,17329968.0
2016,X,36,512,368406083.0
2016,X,36,528,1772079428.0
2016,X,36,554,6462073528.0
2016,X,36,586,489914470.0
2016,X,36,604,46105552.0
2016,X,36,608,1431710950.0
2016,X,36,616,251000308.0
2016,X,36,634,416299462.0
2016,X,36,643,334468070.0
2016,X,36,682,1197313113.0
2016,X,36,702,4115666556.0
2016,X,36,704,2786239881.0
2016,X,36,710,726878830.0
2016,X,36,724,385848235.0
2016,X,36,757,780763232.0
2016,X,36,764,2640641524.0
2016,X,36,784,2145495439.0
2016,X,36,792,402402424.0
2016,X,36,818,308909464.0
2016,X,36,826,7504114602.0
2016,X,36,834,39086059.0
2016,X,724,12,3324512942.259
2016,X,724,24,167931643.968
2016,X,724,31,39020643.469
2016,X,724,32,942858798.148
2016,X,724,36,1500061500.885
2016,X,724,50,126255616.872
2016,X,724,76,2485130414.977
2016,X,724,124,1647606590.443
2016,X,724,144,74074220.385
2016,X,724,152,1545747670.312
2016,X,724,156,5398818229.497
2016,X,724,170,977840808.144
2016,X,724,192,1005916004.051
2016,X,724,214,607974470.615
2016,X,724,218,386583777.693
2016,X,724,251,43216459067.635
2016,X,724,276,32397303139.526
2016,X,724,288,210215707.11
2016,X,724,344,1056564888.55
2016,X,724,360,428915303.534
2016,X,724,364,398438358.911
2016,X,724,368,179818411.705
2016,X,724,376,1598968530.231
2016,X,724,380,22424319071.223
2016,X,724,384,263672873.222
2016,X,724,392,2660956111.915
2016,X,724,404,87755180.818
2016,X,724,410,1815804956.602
2016,X,724,414,393767011.391
2016,X,724,446,17421975.724
2016,X,724,458,674427839.26
2016,X,724,484,4532538582.377
2016,X,724,496,8756332.07
2016,X,724,504,7891637730.549
2016,X,724,512,474572548.284
2016,X,724,528,9138793892.91
2016,X,724,554,226364669.162
2016,X,724,586,270989074.58
2016,X,724,604,655624700.648
2016,X,724,608,407702782.593
2016,X,724,616,5323321669.052
2016,X,724,634,378244062.103
2016,X,724,643,1767916570.703
2016,X,724,682,2616668624.964
2016,X,724,702,610227165.921
2016,X,724,704,428706378.822
2016,X,724,710,1266007437.709
2016,X,724,757,4424378864.766
2016,X,724,764,619555563.837
2016,X,724,784,1941667489.804
2016,X,724,792,5731679016.289
2016,X,724,818,1533964145.95
2016,X,724,826,22219737253.51
2016,X,724,834,28070535.332
2016,X,360,12,133708897.0
2016,X,360,24,57713955.0
2016,X,360,31,1042380.0
2016,X,360,32,219553594.0
2016,X,360,36,3199006498.0
2016,X,360,50,1266688085.0
2016,X,360,76,1102041179.0
2016,X,360,124,732572062.0
2016,X,360,144,262228402.0
2016,X,360,152,143813166.0
2016,X,360,156,16785585024.0
2016,X,360,170,124974843.0
2016,X,360,192,12787444.0
2016,X,360,214,51826655.0
2016,X,360,218,57511271.0
2016,X,360,251,891541478.0
2016,X,360,276,2638679905.0
2016,X,360,288,109873593.0
2016,X,360,344,2144834094.0
2016,X,360,364,235194397.0
2016,X,360,368,91080094.0
2016,X,360,376,103159348.0
2016,X,360,380,1572117669.0
2016,X,360,384,52073786.0
2016,X,360,392,16101544919.0
2016,X,360,404,200781392.0
2016,X,360,410,7007623660.0
2016,X,360,414,121685823.0
2016,X,360,446,5071360.0
2016,X,360,458,7112008233.0
2016,X,360,484,815126411.0
2016,X,360,496,5672415.0
2016,X,360,504,95614814.0
2016,X,360,512,201899454.0
2016,X,360,528,3254915907.0
2016,X,360,554,366543144.0
2016,X,360,586,2018232586.0
2016,X,360,604,159092687.0
2016,X,360,608,5270872707.0
2016,X,360,616,370027192.0
2016,X,360,634,57545851.0
2016,X,360,643,1261604618.0
2016,X,360,682,1333074993.0
2016,X,360,702,11246431902.0
2016,X,360,704,3045496445.0
2016,X,360,710,727879981.0
2016,X,360,724,1579275490.0
2016,X,360,757,2199902333.0
2016,X,360,764,5392399348.0
2016,X,360,784,1612105635.0
2016,X,360,792,1024069768.0
2016,X,360,818,1110437906.0
2016,X,360,826,1590356852.0
2016,X,360,834,154452805.0
2016,X,682,12,573604427.137
2016,X,682,24,27714531.925
2016,X,682,31,2027710.444
2016,X,682,32,126698165.373
2016,X,682,36,318168917.903
2016,X,682,50,426588085.718
2016,X,682,76,415713711.701
2016,X,682,124,70490341.23
2016,X,682,144,73425094.055
2016,X,682,152,17028447.212
2016,X,682,156,4948566131.687
2016,X,682,170,29905461.992
2016,X,682,192,358176.394
2016,X,682,214,6618128.985
2016,X,682,218,14633759.315
2016,X,682,251,335549407.438
2016,X,682,276,226130652.782
2016,X,682,288,59949874.023
2016,X,682,344,253519012.161
2016,X,682,360,542475618.07
2016,X,682,364,575802.558
2016,X,682,368,406573946.224
2016,X,682,380,700601561.786
2016,X,682,384,66913644.562
2016,X,682,392,705342131.712
2016,X,682,404,252449550.254
2016,X,682,410,696380787.685
2016,X,682,414,1814572820.136
2016,X,682,458,1283079055.671
2016,X,682,484,95475745.051
2016,X,682,496,218159.561
2016,X,682,504,350175965.887
2016,X,682,512,801169652.388
2016,X,682,528,416738368.222
2016,X,682,554,98380894.317
2016,X,682,586,742506066.34
2016,X,682,604,86735227.573
2016,X,682,608,57284486.915
2016,X,682,616,347093728.665
2016,X,682,634,1671478816.939
2016,X,682,643,12388422.707
2016,X,682,702,2285423827.278
2016,X,682,704,599320052.081
2016,X,682,710,296003319.754
2016,X,682,724,564791634.303
2016,X,682,757,284734231.616
2016,X,682,764,567850402.038
2016,X,682,784,6853824254.286
2016,X,682,792,1573776670.89
2016,X,682,818,1567173743.732
2016,X,682,826,471656437.306
2016,X,682,834,129991894.688
2016,X,792,12,1830251772.0
2016,X,792,24,132353762.0
2016,X,792,31,1387885891.0
2016,X,792,32,130303952.0
2016,X,792,36,661502226.0
2016,X,792,50,340496167.0
2016,X,792,76,342379797.0
2016,X,792,124,778817238.0
2016,X,792,144,54910041.0
2016,X,792,152,222450353.0
2016,X,792,156,2378537723.0
2016,X,792,170,188570184.0
2016,X,792,192,6628995.0
2016,X,792,214,42157706.0
2016,X,792,218,38966389.0
2016,X,792,251,6313204146.0
2016,X,792,276,15164954450.0
2016,X,792,288,303185535.0
2016,X,792,344,409437649.0
2016,X,792,360,258839374.0
2016,X,792,364,5462153830.0
2016,X,792,368,8496075909.0
2016,X,792,376,3054604406.0
2016,X,792,380,7857667242.0
2016,X,792,384,119054901.0
2016,X,792,392,359198353.0
2016,X,792,404,137561609.0
2016,X,792,410,553437054.0
2016,X,792,414,441873110.0
2016,X,792,446,5665546.0
2016,X,792,458,329254474.0
2016,X,792,484,475730428.0
2016,X,792,496,25744263.0
2016,X,792,504,1489797501.0
2016,X,792,512,247989207.0
2016,X,792,528,3843717999.0
2016,X,792,554,97913949.0
2016,X,792,586,373931404.0
2016,X,792,604,88148699.0
2016,X,792,608,114061949.0
2016,X,792,616,2752851090.0
2016,X,792,634,486428533.0
2016,X,792,643,1792916121.0
2016,X,792,682,3264122558.0
2016,X,792,702,427215623.0
2016,X,792,704,242394767.0
2016,X,792,710,423282058.0
2016,X,792,724,5228613421.0
2016,X,792,757,2740007011.0
2016,X,792,764,184417276.0
2016,X,792,784,5542246979.0
2016,X,792,818,2832073457.0
2016,X,792,826,11961673292.0
2016,X,792,834,97388173.0
2016,X,528,12,934030780.391
2016,X,528,24,176803963.141
2016,X,528,31,128587355.356
2016,X,528,32,789105191.442
2016,X,528,36,2581093034.14
2016,X,528,50,216106345.543
2016,X,528,76,3633165842.296
2016,X,528,124,3404320402.931
2016,X,528,144,122490270.913
2016,X,528,152,649012155.288
2016,X,528,156,10697553312.572
2016,X,528,170,453103404.323
2016,X,528,192,173682901.505
2016,X,528,214,148727690.603
2016,X,528,218,314062879.23
2016,X,528,251,37957165245.493
2016,X,528,276,107318598650.316
2016,X,528,288,486915805.837
2016,X,528,344,2331624554.143
2016,X,528,360,1045169865.167
2016,X,528,364,781235573.292
2016,X,528,368,382210647.937
2016,X,528,376,2169237857.118
2016,X,528,380,19486358383.818
2016,X,528,384,179738929.187
2016,X,528,392,3679152298.589
2016,X,528,404,270497493.069
2016,X,528,410,4003846049.271
2016,X,528,414,579161830.233
2016,X,528,446,22247646.104
2016,X,528,458,1290306807.644
2016,X,528,484,2111233195.806
2016,X,528,496,17583217.51
2016,X,528,504,1127600641.118
2016,X,528,512,360802064.196
2016,X,528,554,457991425.504
2016,X,528,586,587356961.075
2016,X,528,604,321250341.203
2016,X,528,608,539308145.63
2016,X,528,616,11446634477.271
2016,X,528,634,431306410.237
2016,X,528,643,4766090931.937
2016,X,528,682,2362201070.046
2016,X,528,702,5362058333.762
2016,X,528,704,908218247.016
2016,X,528,710,2072726701.733
2016,X,528,724,13943900734.786
2016,X,528,757,6234346587.347
2016,X,528,764,1196675043.722
2016,X,528,784,3142269061.62
2016,X,528,792,5650619295.06
2016,X,528,818,1459693238.294
2016,X,528,826,42895466256.818
2016,X,528,834,118902484.113
2016,X,757,12,336284055.605
2016,X,757,24,19024929.092
2016,X,757,31,86762679.139
2016,X,757,32,674407675.115
2016,X,757,36,2371891555.297
2016,X,757,50,154117423.845
2016,X,757,76,1939425018.114
2016,X,757,124,3505302202.953
2016,X,757,144,214428733.014
2016,X,757,152,292009617.234
2016,X,757,156,27167184848.785
2016,X,757,170,475988794.338
2016,X,757,192,17887114.053
2016,X,757,214,28674562.339
2016,X,757,218,141306435.169
2016,X,757,251,17616812094.414
2016,X,757,276,43287250182.68
2016,X,757,288,34692720.429
2016,X,757,344,18561990005.258
2016,X,757,360,463748478.527
2016,X,757,364,505667283.543
2016,X,757,368,373397589.653
2016,X,757,376,1131356860.442
2016,X,757,380,14598072696.275
2016,X,757,384,29014425.057
2016,X,757,392,7622376464.116
2016,X,757,404,94421172.35
2016,X,757,410,2944054844.28
2016,X,757,414,461161021.182
2016,X,757,446,33717822.559
2016,X,757,458,1516867009.504
2016,X,757,484,1366520320.633
2016,X,757,496,8785386.349
2016,X,757,504,300492925.04
2016,X,757,512,281308590.188
2016,X,757,528,5239700697.93
2016,X,757,554,209376418.232
2016,X,757,586,367651188.182
2016,X,757,604,166213356.837
2016,X,757,608,372188847.21
2016,X,757,616,2205559478.353
2016,X,757,634,836038896.776
2016,X,757,643,2047071800.35
2016,X,757,682,2808185772.144
2016,X,757,702,6531226969.579
2016,X,757,704,550374962.721
2016,X,757,710,710921259.678
2016,X,757,724,5662606422.228
2016,X,757,764,2066163448.23
2016,X,757,784,4318956174.027
2016,X,757,792,2341200091.768
2016,X,757,818,881532099.311
2016,X,757,826,32446578974.372
2016,X,757,834,16287032.256
2016,X,616,12,304450803.0
2016,X,616,24,20844890.0
2016,X,616,31,60457906.0
2016,X,616,32,79220571.0
2016,X,616,36,559442316.0
2016,X,616,50,31244250.0
2016,X,616,76,363292683.0
2016,X,616,124,1385286379.0
2016,X,616,144,30249532.0
2016,X,616,152,95741280.0
2016,X,616,156,1911143149.0
2016,X,616,170,98382175.0
2016,X,616,192,48585494.0
2016,X,616,214,10345447.0
2016,X,616,218,12245332.0
2016,X,616,251,10784784195.0
2016,X,616,276,53033745348.0
2016,X,616,288,37391177.0
2016,X,616,344,377952964.0
2016,X,616,360,109537680.0
2016,X,616,364,89550289.0
2016,X,616,368,77170701.0
2016,X,616,376,572396072.0
2016,X,616,380,9421859848.0
2016,X,616,384,21545461.0
2016,X,616,392,591249949.0
2016,X,616,404,49634618.0
2016,X,616,410,506901434.0
2016,X,616,414,71382533.0
2016,X,616,446,2374549.0
2016,X,616,458,152684137.0
2016,X,616,484,531082207.0
2016,X,616,496,41981037.0
2016,X,616,504,309232237.0
2016,X,616,512,50494240.0
2016,X,616,528,8669197985.0
2016,X,616,554,137659343.0
2016,X,616,586,125457719.0
2016,X,616,604,56619008.0
2016,X,616,608,62593880.0
2016,X,616,634,81675800.0
2016,X,616,643,5787194484.0
2016,X,616,682,743075985.0
2016,X,616,702,632634799.0
2016,X,616,704,236008939.0
2016,X,616,710,557747142.0
2016,X,616,724,5429035639.0
2016,X,616,757,1931806145.0
2016,X,616,764,189041260.0
2016,X,616,784,658795074.0
2016,X,616,792,3121688903.0
2016,X,616,818,370259470.0
2016,X,616,826,12979529874.0
2016,X,616,834,30022238.0
2016,X,32,12,1163610478.5
2016,X,32,24,36826855.99
2016,X,32,31,1560372.68
2016,X,32,36,516589634.89
2016,X,32,50,489732449.37
2016,X,32,76,9039096959.29
2016,X,32,124,1147785166.14
2016,X,32,144,3816940.17
2016,X,32,152,2306087499.66
2016,X,32,156,4433497800.73
2016,X,32,170,528150724.64
2016,X,32,192,324237712.66
2016,X,32,214,143863497.93
2016,X,32,218,241349621.0
2016,X,32,251,367745256.9
2016,X,32,276,1271520126.47
2016,X,32,288,43861964.07
2016,X,32,344,235333162.86
2016,X,32,360,1243342508.36
2016,X,32,364,426476927.64
2016,X,32,368,98380633.02
2016,X,32,376,196429300.91
2016,X,32,380,1006318619.69
2016,X,32,384,21061236.69
2016,X,32,392,657635828.24
2016,X,32,404,23476830.15
2016,X,32,410,865957658.38
2016,X,32,414,21976840.52
2016,X,32,446,7929.48
2016,X,32,458,999702136.6
2016,X,32,484,780489365.44
2016,X,32,496,720398.26
2016,X,32,504,368735989.86
2016,X,32,512,42975490.48
2016,X,32,528,1182782189.09
2016,X,32,554,97056412.04
2016,X,32,586,245937178.48
2016,X,32,604,821401825.11
2016,X,32,608,357766107.94
2016,X,32,616,634912364.85
2016,X,32,634,8172522.71
2016,X,32,643,491720222.06
2016,X,32,682,664231276.98
2016,X,32,702,52121596.14
2016,X,32,704,2546175760.06
2016,X,32,710,810769273.21
2016,X,32,724,1647706470.9
2016,X,32,757,1137469356.25
2016,X,32,764,571889038.0
2016,X,32,784,240154896.06
2016,X,32,792,486655434.44
2016,X,32,818,1791668832.18
2016,X,32,826,697420902.74
2016,X,32,834,13666442.06
2016,X,784,12,374836964.793
2016,X,784,24,94133244.039
2016,X,784,31,178832042.226
2016,X,784,32,11587161.602
2016,X,784,36,325824950.465
2016,X,784,50,581200819.632
2016,X,784,76,39735328.904
2016,X,784,124,171546673.938
2016,X,784,144,389497225.143
2016,X,784,152,75702843.225
2016,X,784,156,3662748765.29
2016,X,784,170,18150656.14
2016,X,784,192,2656012.605
2016,X,784,214,8867816.98
2016,X,784,218,6275737.479
2016,X,784,251,560340986.843
2016,X,784,276,751645872.343
2016,X,784,288,202382551.674
2016,X,784,344,3744675021.886
2016,X,784,360,306457358.645
2016,X,784,364,8810492669.875
2016,X,784,368,5363999897.691
2016,X,784,380,1177002821.739
2016,X,784,384,67350427.599
2016,X,784,392,853063384.643
2016,X,784,404,637579425.729
2016,X,784,410,665550170.367
2016,X,784,414,2511372624.83
2016,X,784,446,118859.103
2016,X,784,458,552497743.031
2016,X,784,484,34654219.746
2016,X,784,496,3511126.408
2016,X,784,504,231496598.13
2016,X,784,512,5147874755.535
2016,X,784,528,1105048171.689
2016,X,784,554,56728357.681
2016,X,784,586,1290588351.757
2016,X,784,604,41046348.296
2016,X,784,608,169896615.52
2016,X,784,616,104333995.683
2016,X,784,634,2968905758.088
2016,X,784,643,484499357.749
2016,X,784,682,4762660868.234
2016,X,784,702,2453547971.309
2016,X,784,704,534847148.094
2016,X,784,710,515471400.535
2016,X,784,724,286229488.391
2016,X,784,757,7424957018.71
2016,X,784,764,775422767.838
2016,X,784,792,2802122483.195
2016,X,784,818,894254090.172
2016,X,784,826,2720625148.627
2016,X,784,834,424465720.677
2016,X,764,12,118242942.31
2016,X,764,24,155411659.78
2016,X,764,31,8002209.04
2016,X,764,32,981477567.8
2016,X,764,36,10309394244.13
2016,X,764,50,939653595.35
2016,X,764,76,1519866530.87
2016,X,764,124,1342263210.36
2016,X,764,144,431819057.05
2016,X,764,152,544191889.41
2016,X,764,156,23799611178.27
2016,X,764,170,194214968.11
2016,X,764,192,5477887.88
2016,X,764,214,82135757.26
2016,X,764,218,117825341.01
2016,X,764,251,1588294353.82
2016,X,764,276,4476503324.31
2016,X,764,288,202506985.29
2016,X,764,344,11471603809.48
2016,X,764,360,8176630658.38
2016,X,764,364,267701406.94
2016,X,764,368,111940135.27
2016,X,764,376,675876262.02
2016,X,764,380,1549205742.94
2016,X,764,384,299725793.42
2016,X,764,392,20481063239.12
2016,X,764,404,148786668.07
2016,X,764,410,4074026923.4
2016,X,764,414,333505489.47
2016,X,764,446,22026908.99
2016,X,764,458,9627281360.04
2016,X,764,484,2823300722.27
2016,X,764,496,12609972.94
2016,X,764,504,106719760.79
2016,X,764,512,578498203.86
2016,X,764,528,4224993773.9
2016,X,764,554,1434820449.79
2016,X,764,586,1014858046.44
2016,X,764,604,382177030.41
2016,X,764,608,6396339906.02
2016,X,764,616,386326889.83
2016,X,764,634,287207163.47
2016,X,764,643,577767127.25
2016,X,764,682,2213266399.47
2016,X,764,702,8226463326.6
2016,X,764,704,9427230121.51
2016,X,764,710,2103208316.92
2016,X,764,724,949677314.46
2016,X,764,757,4998948983.54
2016,X,764,784,2873529033.83
2016,X,764,792,1075406984.93
2016,X,764,818,770701695.91
2016,X,764,826,3850484137.66
2016,X,764,834,92489542.4
2016,X,376,24,13912000.0
2016,X,376,31,259879000.0
2016,X,376,32,107865000.0
2016,X,376,36,510447000.0
2016,X,376,50,752000.0
2016,X,376,76,747230000.0
2016,X,376,124,594581000.0
2016,X,376,144,78132000.0
2016,X,376,152,137255000.0
2016,X,376,156,3327625000.0
2016,X,376,170,88892000.0
2016,X,376,192,15375000.0
2016,X,376,214,25808000.0
2016,X,376,218,20069000.0
2016,X,376,251,1454002000.0
2016,X,376,276,1519514000.0
2016,X,376,288,49411000.0
2016,X,376,344,4435563000.0
2016,X,376,360,120837000.0
2016,X,376,380,958172000.0
2016,X,376,384,10766000.0
2016,X,376,392,759033000.0
2016,X,376,404,51867000.0
2016,X,376,410,580064000.0
2016,X,376,446,623000.0
2016,X,376,458,583175000.0
2016,X,376,484,380541000.0
2016,X,376,496,527000.0
2016,X,376,504,39621000.0
2016,X,376,528,2139523000.0
2016,X,376,554,52747000.0
2016,X,376,586,451000.0
2016,X,376,604,74405000.0
2016,X,376,608,110347000.0
2016,X,376,616,229034000.0
2016,X,376,643,620531000.0
2016,X,376,702,449969000.0
2016,X,376,704,1199908000.0
2016,X,376,710,267337000.0
2016,X,376,724,896090000.0
2016,X,376,757,1466214000.0
2016,X,376,764,409392000.0
2016,X,376,792,1297619000.0
2016,X,376,818,79148000.0
2016,X,376,826,3908937000.0
2016,X,376,834,10645000.0
2016,X,702,12,43026762.322
2016,X,702,24,78227019.658
2016,X,702,31,33886032.399
2016,X,702,32,164741341.676
2016,X,702,36,9370331469.904
2016,X,702,50,2620884448.291
2016,X,702,76,871097050.355
2016,X,702,124,743529615.413
2016,X,702,144,1449374769.299
2016,X,702,152,64417495.334
2016,X,702,156,44351818279.577
2016,X,702,170,75188132.987
2016,X,702,192,937289.211
2016,X,702,214,11547434.244
2016,X,702,218,37602983.555
2016,X,702,251,3297235311.847
2016,X,702,276,5734625188.513
2016,X,702,288,59769409.658
2016,X,702,344,43261080441.624
2016,X,702,360,26589985806.751
2016,X,702,364,115991942.548
2016,X,702,368,104296329.41
2016,X,702,376,698188424.967
2016,X,702,380,639492851.771
2016,X,702,384,23101228.819
2016,X,702,392,14562067510.082
2016,X,702,404,64860095.821
2016,X,702,410,14520548687.616
2016,X,702,414,199803258.936
2016,X,702,446,154379123.528
2016,X,702,458,35634043830.96
2016,X,702,484,1178618074.9
2016,X,702,496,53364427.597
2016,X,702,504,111732687.082
2016,X,702,512,212356203.159
2016,X,702,528,6905151232.746
2016,X,702,554,1454947130.272
2016,X,702,586,784883613.805
2016,X,702,604,79014807.079
2016,X,702,608,6508205678.172
2016,X,702,616,227653925.262
2016,X,702,634,142482065.18
2016,X,702,643,687087591.759
2016,X,702,682,785262787.666
2016,X,702,704,11353589328.771
2016,X,702,710,410819092.03
2016,X,702,724,367143418.908
2016,X,702,757,3564818099.411
2016,X,702,764,13765782331.831
2016,X,702,784,4078751024.403
2016,X,702,792,476999245.263
2016,X,702,818,282987132.811
2016,X,702,826,3141488196.725
2016,X,702,834,29321886.572
2016,X,364,12,23663105.0
2016,X,364,31,358627479.52
2016,X,364,32,1003363.0
2016,X,364,36,51015868.9
2016,X,364,50,82739398.0
2016,X,364,76,111867389.51
2016,X,364,124,64571240.85
2016,X,364,144,37501798.0
2016,X,364,152,567369.0
2016,X,364,156,8369572225.77
2016,X,364,170,1392113.0
2016,X,364,192,74035.0
2016,X,364,214,46504.0
2016,X,364,218,49652.0
2016,X,364,251,37625651.61
2016,X,364,276,319760573.73
2016,X,364,288,3632297.0
2016,X,364,344,519987326.89
2016,X,364,360,173157324.0
2016,X,364,368,6131482354.98
2016,X,364,380,460692529.17
2016,X,364,384,8201329.62
2016,X,364,392,1138565114.2
2016,X,364,404,56506698.25
2016,X,364,410,2877013130.93
2016,X,364,414,188639185.23
2016,X,364,446,113400.0
2016,X,364,458,86684365.14
2016,X,364,484,55959686.0
2016,X,364,496,99697.0
2016,X,364,504,42109640.0
2016,X,364,512,543998821.26
2016,X,364,528,127541971.89
2016,X,364,554,3079969.0
2016,X,364,586,795899616.37
2016,X,364,604,7420190.0
2016,X,364,608,28013457.0
2016,X,364,616,51505711.55
2016,X,364,634,103051589.49
2016,X,364,643,218952095.11
2016,X,364,682,234690.0
2016,X,364,702,309147484.0
2016,X,364,704,404100741.4
2016,X,364,710,43173980.52
2016,X,364,724,244082322.4
2016,X,364,757,16023010.68
2016,X,364,764,384819583.0
2016,X,364,784,7417421974.47
2016,X,364,792,3247487981.33
2016,X,364,818,207093885.0
2016,X,364,826,41425780.3
2016,X,364,834,31659413.23
2016,X,50,12,4437605.823
2016,X,50,24,1119635.766
2016,X,50,31,419926.812
2016,X,50,32,8996470.684
2016,X,50,36,672650732.421
2016,X,50,76,102202825.951
2016,X,50,124,1090741559.054
2016,X,50,144,41725507.475
2016,X,50,152,58731540.135
2016,X,50,156,920069669.097
2016,X,50,170,11958919.427
2016,X,50,192,418914.261
2016,X,50,214,2246942.494
2016,X,50,218,2281761.81
2016,X,50,251,1921653251.74
2016,X,50,276,5472993588.557
2016,X,50,288,1407131.384
2016,X,50,344,202762499.859
2016,X,50,360,46571950.268
2016,X,50,364,37640090.427
2016,X,50,368,1055565.919
2016,X,50,376,1097367.204
2016,X,50,380,1423147816.062
2016,X,50,384,14727292.486
2016,X,50,392,1080536017.615
2016,X,50,404,11845563.141
2016,X,50,410,257246426.822
2016,X,50,414,28449802.023
2016,X,50,446,1762091.221
2016,X,50,458,210036337.858
2016,X,50,484,150868656.605
2016,X,50,496,884500.358
2016,X,50,504,10249705.455
2016,X,50,512,21091291.351
2016,X,50,528,913251869.941
2016,X,50,554,68045166.358
2016,X,50,586,54474535.314
2016,X,50,604,35693600.432
2016,X,50,608,38452670.247
2016,X,50,616,725602687.253
2016,X,50,634,37220436.758
2016,X,50,643,367847539.602
2016,X,50,682,213784494.283
2016,X,50,702,121005995.788
2016,X,50,704,59719903.573
2016,X,50,710,88910603.383
2016,X,50,724,2049631530.542
2016,X,50,757,131652245.308
2016,X,50,764,46589469.945
2016,X,50,784,379427782.794
2016,X,50,792,690596158.501
2016,X,50,826,3712239310.808
2016,X,50,834,2233542.249
2016,X,608,12,2432460.0
2016,X,608,24,361640.0
2016,X,608,31,81527.0
2016,X,608,32,75960913.0
2016,X,608,36,486051410.0
2016,X,608,50,15346807.0
2016,X,608,76,88534551.0
2016,X,608,124,523916320.0
2016,X,608,144,32534952.0
2016,X,608,152,36474140.0
2016,X,608,156,6192432904.0
2016,X,608,170,10480837.0
2016,X,608,192,2927277.0
2016,X,608,214,7298387.0
2016,X,608,218,2873801.0
2016,X,608,251,726782606.0
2016,X,608,276,2293130298.0
2016,X,608,288,4476860.0
2016,X,608,344,6582766881.0
2016,X,608,360,592204268.0
2016,X,608,364,38926164.0
2016,X,608,368,14130931.0
2016,X,608,376,55653421.0
2016,X,608,380,162686606.0
2016,X,608,384,1960209.0
2016,X,608,392,11674107668.0
2016,X,608,404,4111083.0
2016,X,608,410,2095041078.0
2016,X,608,414,41247696.0
2016,X,608,446,26085780.0
2016,X,608,458,1189457375.0
2016,X,608,484,543418144.0
2016,X,608,496,2816740.0
2016,X,608,504,13648789.0
2016,X,608,512,7416955.0
2016,X,608,528,1715639524.0
2016,X,608,554,49720709.0
2016,X,608,586,43021492.0
2016,X,608,604,29519439.0
2016,X,608,616,80184704.0
2016,X,608,634,24890133.0
2016,X,608,643,48934714.0
2016,X,608,682,82459208.0
2016,X,608,702,3700590526.0
2016,X,608,704,746516790.0
2016,X,608,710,112994135.0
2016,X,608,724,178334693.0
2016,X,608,757,415620048.0
2016,X,608,764,2130029017.0
2016,X,608,784,303756108.0
2016,X,608,792,31609556.0
2016,X,608,818,7796830.0
2016,X,608,826,475800328.0
2016,X,608,834,543678.0
2016,X,704,12,271244601.3
2016,X,704,24,38735684.0
2016,X,704,31,5138595.05
2016,X,704,32,368616899.86
2016,X,704,36,2864858060.52
2016,X,704,50,554678742.38
2016,X,704,76,1332352708.86
2016,X,704,124,2652547172.57
2016,X,704,144,186731886.88
2016,X,704,152,805234359.05
2016,X,704,156,21950444543.67
2016,X,704,170,325094038.9
2016,X,704,214,74911502.23
2016,X,704,218,132203292.73
2016,X,704,251,3024879064.84
2016,X,704,276,5960516080.96
2016,X,704,288,290732998.09
2016,X,704,344,6088076565.76
2016,X,704,360,2617850586.73
2016,X,704,376,554091166.91
2016,X,704,380,3264814560.8
2016,X,704,384,120941799.35
2016,X,704,392,14671488768.19
2016,X,704,404,58315245.52
2016,X,704,410,11406058033.79
2016,X,704,414,73260714.39
2016,X,704,446,8030885.78
2016,X,704,458,3341986324.58
2016,X,704,484,1888365829.56
2016,X,704,496,19073376.87
2016,X,704,504,175812439.98
2016,X,704,512,28864606.89
2016,X,704,528,6011626551.51
2016,X,704,554,359910904.97
2016,X,704,586,435625445.63
2016,X,704,604,277474580.1
2016,X,704,608,2219874628.81
2016,X,704,616,597612619.83
2016,X,704,634,30353515.29
2016,X,704,643,1616085663.54
2016,X,704,682,394082586.73
2016,X,704,702,2419889198.94
2016,X,704,710,868783019.37
2016,X,704,724,2293647298.43
2016,X,704,757,593483299.66
2016,X,704,764,3690731565.78
2016,X,704,784,4999552550.55
2016,X,704,792,1328764249.34
2016,X,704,818,292881950.77
2016,X,704,826,4898076612.06
2016,X,704,834,28575800.97
2016,X,458,12,123581354.0
2016,X,458,24,149726868.0
2016,X,458,31,8358468.0
2016,X,458,32,195035213.0
2016,X,458,36,6445327279.0
2016,X,458,50,1240818291.0
2016,X,458,76,709846021.0
2016,X,458,124,704494446.0
2016,X,458,144,582649148.0
2016,X,458,152,164103908.0
2016,X,458,156,23753270471.0
2016,X,458,170,83600978.0
2016,X,458,192,17482021.0
2016,X,458,214,33328439.0
2016,X,458,218,16809798.0
2016,X,458,251,1415519928.0
2016,X,458,276,5373423992.0
2016,X,458,288,193789744.0
2016,X,458,344,9071549843.0
2016,X,458,360,6665869404.0
2016,X,458,364,521335061.0
2016,X,458,368,115894911.0
2016,X,458,380,965006320.0
2016,X,458,384,67704383.0
2016,X,458,392,15250309112.0
2016,X,458,404,172279605.0
2016,X,458,410,5491727107.0
2016,X,458,414,178245174.0
2016,X,458,446,27446010.0
2016,X,458,484,1890945765.0
2016,X,458,496,15758510.0
2016,X,458,504,68953460.0
2016,X,458,512,236075902.0
2016,X,458,528,5285787732.0
2016,X,458,554,731766972.0
2016,X,458,586,1170188775.0
2016,X,458,604,122405061.0
2016,X,458,608,3288388948.0
2016,X,458,616,286237388.0
2016,X,458,634,150259549.0
2016,X,458,643,529935793.0
2016,X,458,682,812912537.0
2016,X,458,702,27581069045.0
2016,X,458,704,5730266198.0
2016,X,458,710,695642924.0
2016,X,458,724,561828435.0
2016,X,458,757,676089331.0
2016,X,458,764,10628237217.0
2016,X,458,784,3030975704.0
2016,X,458,792,1728812780.0
2016,X,458,818,500486561.0
2016,X,458,826,2106217476.0
2016,X,458,834,256363307.0
2016,X,818,12,432043509.397
2016,X,818,24,15701246.612
2016,X,818,31,1402946.788
2016,X,818,32,7296257.081
2016,X,818,36,23670254.921
2016,X,818,50,64968919.006
2016,X,818,76,98077647.381
2016,X,818,124,55013968.256
2016,X,818,144,25370630.703
2016,X,818,152,6150065.814
2016,X,818,156,497558814.481
2016,X,818,170,7333409.59
2016,X,818,192,200565.281
2016,X,818,214,3610831.458
2016,X,818,218,1398155.223
2016,X,818,251,498373327.751
2016,X,818,276,542401501.398
2016,X,818,288,74025106.914
2016,X,818,344,28849596.442
2016,X,818,360,66446860.746
2016,X,818,364,10335514.273
2016,X,818,368,406165321.595
2016,X,818,376,51441514.826
2016,X,818,380,1494366586.646
2016,X,818,384,33499630.588
2016,X,818,392,49457204.005
2016,X,818,404,278363153.307
2016,X,818,410,29001864.987
2016,X,818,414,386754381.698
2016,X,818,446,99991.439
2016,X,818,458,65097267.582
2016,X,818,484,52180395.607
2016,X,818,496,72621.943
2016,X,818,504,340867051.802
2016,X,818,512,154227837.621
2016,X,818,528,327816330.915
2016,X,818,554,4636327.169
2016,X,818,586,123959471.018
2016,X,818,604,4645470.824
2016,X,818,608,6636680.531
2016,X,818,616,94931179.183
2016,X,818,634,285071743.512
2016,X,818,643,267977766.261
2016,X,818,682,1794301165.556
2016,X,818,702,126748601.027
2016,X,818,704,24318640.422
2016,X,818,710,213573468.8
2016,X,818,724,679645430.281
2016,X,818,757,493475350.085
2016,X,818,764,63034245.879
2016,X,818,784,2878682219.311
2016,X,818,792,1434547004.671
2016,X,818,826,1055836808.174
2016,X,818,834,29731034.151
2016,X,710,12,39632052.831
2016,X,710,24,564379112.129
2016,X,710,31,2547729.5
2016,X,710,32,165106042.742
2016,X,710,36,748389667.235
2016,X,710,50,120918462.841
2016,X,710,76,380934231.0
2016,X,710,124,382606767.268
2016,X,710,144,149044678.116
2016,X,710,152,54998754.511
2016,X,710,156,6916115670.67
2016,X,710,170,27110920.865
2016,X,710,192,10437033.399
2016,X,710,214,10921559.073
2016,X,710,218,12683183.747
2016,X,710,251,753873407.57
2016,X,710,276,5338865120.187
2016,X,710,288,336584464.429
2016,X,710,344,1765687154.248
2016,X,710,360,258954279.23
2016,X,710,364,22258501.423
2016,X,710,368,12130629.446
2016,X,710,376,330862889.403
2016,X,710,380,1144773285.456
2016,X,710,384,113972898.683
2016,X,710,392,3470195725.109
2016,X,710,404,557994755.652
2016,X,710,410,1332486157.068
2016,X,710,414,84666075.279
2016,X,710,446,906381.962
2016,X,710,458,494744016.432
2016,X,710,484,138578567.852
2016,X,710,496,336170.451
2016,X,710,504,145723814.698
2016,X,710,512,51010903.689
2016,X,710,528,1972641618.027
2016,X,710,554,83821685.595
2016,X,710,586,408548607.474
2016,X,710,604,25477442.534
2016,X,710,608,52953363.089
2016,X,710,616,136472761.316
2016,X,710,634,81518150.717
2016,X,710,643,283560508.121
2016,X,710,682,391396590.432
2016,X,710,702,452994890.758
2016,X,710,704,213711024.282
2016,X,710,724,875197588.746
2016,X,710,757,872349835.45
2016,X,710,764,488996782.767
2016,X,710,784,1446029772.524
2016,X,710,792,399110567.339
2016,X,710,818,211505625.806
2016,X,710,826,3176181793.635
2016,X,710,834,444542548.782
2016,X,344,12,305785329.747
2016,X,344,24,23181895.041
2016,X,344,31,20708382.879
2016,X,344,32,643616683.479
2016,X,344,36,4730613946.095
2016,X,344,50,1496986010.609
2016,X,344,76,1265478231.965
2016,X,344,124,2381506230.648
2016,X,344,144,514254865.415
2016,X,344,152,660783291.889
2016,X,344,156,285501328795.232
2016,X,344,170,501583884.869
2016,X,344,192,5156512.904
2016,X,344,214,94581184.054
2016,X,344,218,137194982.5
2016,X,344,251,4472489157.145
2016,X,344,276,8649424782.635
2016,X,344,288,190277854.488
2016,X,344,360,3184973406.294
2016,X,344,364,135535920.062
2016,X,344,368,120075130.901
2016,X,344,376,2117300699.629
2016,X,344,380,3351327976.876
2016,X,344,384,36408211.801
2016,X,344,392,15055656250.48
2016,X,344,404,173156767.419
2016,X,344,410,7674513418.091
2016,X,344,414,155713458.408
2016,X,344,446,5303967796.438
2016,X,344,458,3519372112.094
2016,X,344,484,3592115068.768
2016,X,344,496,27351013.147
2016,X,344,504,110348789.268
2016,X,344,512,127960475.85
2016,X,344,528,7398223899.889
2016,X,344,554,543587593.36
2016,X,344,586,529648817.446
2016,X,344,604,504704058.19
2016,X,344,608,3275348639.258
2016,X,344,616,1299699636.291
2016,X,344,634,109013139.924
2016,X,344,643,2024384143.556
2016,X,344,682,1078726311.647
2016,X,344,702,9383092019.207
2016,X,344,704,9355556306.757
2016,X,344,710,943125570.244
2016,X,344,724,1764231182.396
2016,X,344,757,9332791037.359
2016,X,344,764,10071897332.666
2016,X,344,784,6997892498.174
2016,X,344,792,1037757958.156
2016,X,344,818,541736182.912
2016,X,344,826,11189249715.242
2016,X,344,834,97640878.343
2016,X,170,12,1637828.0
2016,X,170,24,1718598.0
2016,X,170,31,90340.0
2016,X,170,32,176212111.0
2016,X,170,36,47576769.0
2016,X,170,50,223046.0
2016,X,170,76,994850410.0
2016,X,170,124,387533570.0
2016,X,170,144,366243.0
2016,X,170,152,670048012.0
2016,X,170,156,1127139682.0
2016,X,170,192,33516837.0
2016,X,170,214,283799113.0
2016,X,170,218,1199721004.0
2016,X,170,251,170894373.0
2016,X,170,276,475869035.0
2016,X,170,288,48710951.0
2016,X,170,344,99767993.0
2016,X,170,360,6630288.0
2016,X,170,364,2355497.0
2016,X,170,368,26286747.0
2016,X,170,376,275511080.0
2016,X,170,380,439125834.0
2016,X,170,384,104469273.0
2016,X,170,392,427631108.0
2016,X,170,404,480897.0
2016,X,170,410,402061675.0
2016,X,170,414,3287183.0
2016,X,170,446,89121.0
2016,X,170,458,95434037.0
2016,X,170,484,936877803.0
2016,X,170,504,5793810.0
2016,X,170,512,1668947.0
2016,X,170,528,1206369572.0
2016,X,170,554,14435826.0
2016,X,170,586,1471462.0
2016,X,170,604,1050798348.0
2016,X,170,608,12441174.0
2016,X,170,616,67726210.0
2016,X,170,634,874073.0
2016,X,170,643,73081399.0
2016,X,170,682,8530791.0
2016,X,170,702,66127578.0
2016,X,170,704,9525171.0
2016,X,170,710,41384599.0
2016,X,170,724,1159380592.0
2016,X,170,757,376208484.0
2016,X,170,764,48236849.0
2016,X,170,784,33267421.0
2016,X,170,792,761325820.0
2016,X,170,818,5858364.0
2016,X,170,826,481856736.0
2016,X,170,834,2062501.0
2016,X,586,12,21475570.0
2016,X,586,24,17136272.0
2016,X,586,31,61268381.0
2016,X,586,32,48250823.0
2016,X,586,36,247464259.0
2016,X,586,50,656160300.0
2016,X,586,76,35934636.0
2016,X,586,124,220070663.0
2016,X,586,144,237182563.0
2016,X,586,152,69194166.0
2016,X,586,156,1590858058.0
2016,X,586,170,36803861.0
2016,X,586,192,2667887.0
2016,X,586,214,12174037.0
2016,X,586,218,6931546.0
2016,X,586,251,372957514.0
2016,X,586,276,1186247112.0
2016,X,586,288,12946032.0
2016,X,586,344,149566169.0
2016,X,586,360,127688675.0
2016,X,586,364,35561941.0
2016,X,586,368,18590199.0
2016,X,586,380,667285240.0
2016,X,586,384,53441118.0
2016,X,586,392,171224781.0
2016,X,586,404,266202540.0
2016,X,586,410,249694225.0
2016,X,586,414,99016831.0
2016,X,586,446,151271.0
2016,X,586,458,151745764.0
2016,X,586,484,101179462.0
2016,X,586,496,256939.0
2016,X,586,504,17494456.0
2016,X,586,512,100226979.0
2016,X,586,528,650798124.0
2016,X,586,554,38939066.0
2016,X,586,604,26096990.0
2016,X,586,608,76262774.0
2016,X,586,616,174464021.0
2016,X,586,634,61693687.0
2016,X,586,643,144774176.0
2016,X,586,682,380435146.0
2016,X,586,702,67177855.0
2016,X,586,704,244013795.0
2016,X,586,710,163383856.0
2016,X,586,724,837343356.0
2016,X,586,757,20557333.0
2016,X,586,764,110168390.0
2016,X,586,784,784747188.0
2016,X,586,792,236873374.0
2016,X,586,818,103526138.0
2016,X,586,826,1557630409.0
2016,X,586,834,113645117.0
2016,X,152,12,3190293.0
2016,X,152,24,2477029.0
2016,X,152,31,21854.0
2016,X,152,32,739518089.921
2016,X,152,36,313942887.845
2016,X,152,50,15080507.0
2016,X,152,76,2956544570.89
2016,X,152,124,971725823.0
2016,X,152,144,9883560.0
2016,X,152,156,17348479286.977
2016,X,152,170,745779280.95
2016,X,152,192,35296207.902
2016,X,152,214,78575202.945
2016,X,152,218,430142439.726
2016,X,152,251,816429068.102
2016,X,152,276,706239605.438
2016,X,152,288,6552897.0
2016,X,152,344,104303162.246
2016,X,152,360,62960780.0
2016,X,152,364,16460594.0
2016,X,152,368,1837306.0
2016,X,152,376,85144614.0
2016,X,152,380,865499475.244
2016,X,152,384,576882.543
2016,X,152,392,5182945181.274
2016,X,152,404,3876283.216
2016,X,152,410,4202856051.185
2016,X,152,414,4909171.0
2016,X,152,446,103395.0
2016,X,152,458,121949724.345
2016,X,152,484,1207066545.986
2016,X,152,496,208643.0
2016,X,152,504,3521642.0
2016,X,152,512,64219958.0
2016,X,152,528,1670161115.74
2016,X,152,554,76410324.0
2016,X,152,586,16403757.0
2016,X,152,604,1528314073.049
2016,X,152,608,56190231.0
2016,X,152,616,78802939.0
2016,X,152,634,7684210.0
2016,X,152,643,508416045.826
2016,X,152,682,120614107.0
2016,X,152,702,76156272.7
2016,X,152,704,197492238.0
2016,X,152,710,90520687.0
2016,X,152,724,1401653132.432
2016,X,152,757,497603725.523
2016,X,152,764,308097240.0
2016,X,152,784,86576146.35
2016,X,152,792,235857032.0
2016,X,152,818,43050068.0
2016,X,152,826,621576395.434
2016,X,152,834,321035.545
2016,X,368,276,30000.0
2016,X,368,364,333530.0
2016,X,368,380,3521367.0
2016,X,368,643,14000.0
2016,X,368,702,79290788.0
2016,X,368,784,5237182.0
2016,X,368,792,7700.0
2016,X,368,818,200000.0
2016,X,604,12,1036582.4
2016,X,604,24,674239.52
2016,X,604,32,128351808.69
2016,X,604,36,259613359.44
2016,X,604,50,3881033.2
2016,X,604,76,1204534684.64
2016,X,604,124,1685251460.29
2016,X,604,144,459156.66
2016,X,604,152,1011872284.05
2016,X,604,156,8492299517.58
2016,X,604,170,712126911.33
2016,X,604,192,10617195.68
2016,X,604,214,83879779.43
2016,X,604,218,652619604.95
2016,X,604,251,249800207.66
2016,X,604,276,890316152.03
2016,X,604,288,5909250.21
2016,X,604,344,128674298.49
2016,X,604,360,41744835.7
2016,X,604,364,1817464.99
2016,X,604,368,6204.47
2016,X,604,376,7787270.31
2016,X,604,380,466270910.64
2016,X,604,384,237356.72
2016,X,604,392,1264692033.66
2016,X,604,404,106742.0
2016,X,604,410,1394414837.23
2016,X,604,414,1688044.81
2016,X,604,446,14893.75
2016,X,604,458,110601380.99
2016,X,604,484,465820494.84
2016,X,604,504,3488823.77
2016,X,604,512,12528470.52
2016,X,604,528,998820425.2
2016,X,604,554,24356398.05
2016,X,604,586,2443233.59
2016,X,604,608,160122695.36
2016,X,604,616,12327383.67
2016,X,604,634,393607.55
2016,X,604,643,90661675.18
2016,X,604,682,7317660.22
2016,X,604,702,39059660.32
2016,X,604,704,93170431.93
2016,X,604,710,106625994.91
2016,X,604,724,1221094236.64
2016,X,604,757,2571284975.76
2016,X,604,764,63000723.26
2016,X,604,784,430618366.73
2016,X,604,792,33757812.98
2016,X,604,818,8079651.42
2016,X,604,826,670870067.12
2016,X,604,834,214579.0
2016,X,554,12,484205391.554
2016,X,554,24,7926022.167
2016,X,554,31,36472583.895
2016,X,554,32,16173084.949
2016,X,554,36,5757640557.309
2016,X,554,50,151772283.81
2016,X,554,76,54096901.411
2016,X,554,124,415269874.274
2016,X,554,144,169377948.756
2016,X,554,152,89340744.74
2016,X,554,156,6563399643.371
2016,X,554,170,8641584.294
2016,X,554,192,26536328.933
2016,X,554,214,10999450.056
2016,X,554,218,6005841.515
2016,X,554,251,258849821.654
2016,X,554,276,471541121.174
2016,X,554,288,22510821.128
2016,X,554,344,553387988.408
2016,X,554,360,604245671.514
2016,X,554,364,105188672.356
2016,X,554,368,3879204.297
2016,X,554,376,14741536.218
2016,X,554,380,261849706.02
2016,X,554,384,13826860.951
2016,X,554,392,2070151658.548
2016,X,554,404,5626904.519
2016,X,554,410,1039215729.765
2016,X,554,414,46150364.549
2016,X,554,446,5708167.932
2016,X,554,458,554335751.894
2016,X,554,484,325015271.209
2016,X,554,496,7346887.183
2016,X,554,504,49725796.036
2016,X,554,512,60347473.272
2016,X,554,528,562431533.67
2016,X,554,586,59238103.587
2016,X,554,604,49979395.833
2016,X,554,608,440892657.323
2016,X,554,616,44469506.007
2016,X,554,634,20480218.376
2016,X,554,643,153403052.147
2016,X,554,682,356195456.818
2016,X,554,702,783158539.844
2016,X,554,704,358814763.346
2016,X,554,710,125052910.574
2016,X,554,724,188279013.633
2016,X,554,757,59881389.354
2016,X,554,764,574308836.085
2016,X,554,784,432361371.267
2016,X,554,792,70875360.196
2016,X,554,818,296462973.493
2016,X,554,826,1017896184.711
2016,X,554,834,3492226.62
2016,X,12,24,6933326.0
2016,X,12,31,147405.0
2016,X,12,32,44147377.0
2016,X,12,36,175839636.0
2016,X,12,50,869958.0
2016,X,12,76,1616165310.0
2016,X,12,124,1300743241.0
2016,X,12,144,8253.0
2016,X,12,156,333398312.0
2016,X,12,170,84.0
2016,X,12,192,217862466.0
2016,X,12,214,9565096.0
2016,X,12,218,286.0
2016,X,12,251,3424138889.0
2016,X,12,276,63438404.0
2016,X,12,288,2479339.0
2016,X,12,344,429806.0
2016,X,12,360,327410539.0
2016,X,12,364,2667.0
2016,X,12,368,360140.0
2016,X,12,380,5208346000.0
2016,X,12,384,8019957.0
2016,X,12,392,163749378.0
2016,X,12,404,3393439.0
2016,X,12,410,234525491.0
2016,X,12,414,220861.0
2016,X,12,458,102365589.0
2016,X,12,484,49518583.0
2016,X,12,504,499056202.0
2016,X,12,512,26332.0
2016,X,12,528,1470836701.0
2016,X,12,554,76773.0
2016,X,12,586,67633.0
2016,X,12,608,38161.0
2016,X,12,616,16249534.0
2016,X,12,634,1750980.0
2016,X,12,643,8068600.0
2016,X,12,682,7604700.0
2016,X,12,702,511482426.0
2016,X,12,704,567276.0
2016,X,12,710,291242.0
2016,X,12,724,3879164211.0
2016,X,12,757,92109430.0
2016,X,12,764,150427674.0
2016,X,12,784,20028665.0
2016,X,12,792,1344187409.0
2016,X,12,818,286544884.0
2016,X,12,826,1061292522.0
2016,X,12,834,6303195.0
2016,X,634,12,36591402.59
2016,X,634,24,20993724.223
2016,X,634,31,153768.093
2016,X,634,32,159029213.572
2016,X,634,36,259022536.433
2016,X,634,50,119664140.556
2016,X,634,76,302834218.41
2016,X,634,124,16745996.719
2016,X,634,144,34567450.515
2016,X,634,152,10249839.83
2016,X,634,156,4485831725.109
2016,X,634,170,6223020.041
2016,X,634,192,290163.732
2016,X,634,218,2921947.581
2016,X,634,251,301046278.389
2016,X,634,276,280453688.76
2016,X,634,288,12003874.411
2016,X,634,344,74755317.719
2016,X,634,360,369075771.341
2016,X,634,364,13512558.062
2016,X,634,368,64049913.67
2016,X,634,380,1104301041.447
2016,X,634,384,11028282.928
2016,X,634,392,10935048378.452
2016,X,634,404,79557998.099
2016,X,634,410,8972060110.675
2016,X,634,414,569322133.051
2016,X,634,446,25225.395
2016,X,634,458,665785890.628
2016,X,634,484,52704721.38
2016,X,634,504,52042649.402
2016,X,634,512,189480136.706
2016,X,634,528,145891714.681
2016,X,634,554,139065148.229
2016,X,634,586,697237776.995
2016,X,634,604,19482231.205
2016,X,634,608,306474481.47
2016,X,634,616,324217711.741
2016,X,634,643,10436508.171
2016,X,634,682,519204735.542
2016,X,634,702,3003114018.057
2016,X,634,704,176369971.611
2016,X,634,710,345394988.283
2016,X,634,724,549394928.807
2016,X,634,757,186827732.001
2016,X,634,764,2191794854.991
2016,X,634,784,3756759790.537
2016,X,634,792,379305728.008
2016,X,634,818,1113448014.191
2016,X,634,826,1875795823.961
2016,X,634,834,11262217.749
2016,X,414,12,10332414.107
2016,X,414,24,1317139.439
2016,X,414,31,1235241.674
2016,X,414,32,87660.648
2016,X,414,36,15882459.871
2016,X,414,50,6110553.859
2016,X,414,76,32541218.326
2016,X,414,124,3460438.633
2016,X,414,144,23953723.516
2016,X,414,152,258582.038
2016,X,414,156,500738837.664
2016,X,414,170,135235.852
2016,X,414,192,2376980.421
2016,X,414,214,29806.87
2016,X,414,218,28946.738
2016,X,414,251,11715485.946
2016,X,414,276,8657201.864
2016,X,414,288,2475141.291
2016,X,414,344,43959641.266
2016,X,414,360,112252975.819
2016,X,414,364,102249098.919
2016,X,414,368,264585869.868
2016,X,414,380,39198514.865
2016,X,414,384,1777961.585
2016,X,414,392,4734793.14
2016,X,414,404,1490995.202
2016,X,414,410,19936624.222
2016,X,414,458,43556252.757
2016,X,414,484,10953.446
2016,X,414,496,40717.309
2016,X,414,504,9328074.774
2016,X,414,512,144882777.78
2016,X,414,528,23981505.768
2016,X,414,554,83095.333
2016,X,414,586,127437448.783
2016,X,414,604,53748.303
2016,X,414,608,11670226.48
2016,X,414,616,1167747.805
2016,X,414,634,174263687.178
2016,X,414,643,165046364.278
2016,X,414,682,699620101.27
2016,X,414,702,40802061.602
2016,X,414,704,38243027.701
2016,X,414,710,26776268.671
2016,X,414,724,7100029.456
2016,X,414,757,26641032.818
2016,X,414,764,39945893.178
2016,X,414,784,546924512.864
2016,X,414,792,57890277.172
2016,X,414,818,62076398.951
2016,X,414,826,47811188.375
2016,X,414,834,1634435.387
2016,X,504,12,235994716.0
2016,X,504,24,18713086.0
2016,X,504,31,47480.0
2016,X,504,32,113087650.0
2016,X,504,36,78394520.0
2016,X,504,50,134381370.0
2016,X,504,76,590197568.0
2016,X,504,124,166985382.0
2016,X,504,144,251534.0
2016,X,504,152,13474906.0
2016,X,504,156,228397457.0
2016,X,504,170,10989703.0
2016,X,504,192,848524.0
2016,X,504,214,615643.0
2016,X,504,218,57214.0
2016,X,504,251,4827951401.0
2016,X,504,276,629382613.0
2016,X,504,288,87944142.0
2016,X,504,344,8333136.0
2016,X,504,360,24992188.0
2016,X,504,364,1250488.0
2016,X,504,368,16328997.0
2016,X,504,380,1062472957.0
2016,X,504,384,147588499.0
2016,X,504,392,188886452.0
2016,X,504,404,35032170.0
2016,X,504,410,85984326.0
2016,X,504,414,6695154.0
2016,X,504,446,12335.0
2016,X,504,458,9939255.0
2016,X,504,484,60360667.0
2016,X,504,496,44924.0
2016,X,504,512,7976522.0
2016,X,504,528,502832081.0
2016,X,504,554,51610908.0
2016,X,504,586,230849664.0
2016,X,504,604,41932797.0
2016,X,504,608,7457340.0
2016,X,504,616,194973598.0
2016,X,504,634,11223731.0
2016,X,504,643,185155991.0
2016,X,504,682,90218600.0
2016,X,504,702,248419157.0
2016,X,504,704,9825147.0
2016,X,504,710,66772571.0
2016,X,504,724,5336411067.0
2016,X,504,757,139372927.0
2016,X,504,764,16601725.0
2016,X,504,784,97610781.0
2016,X,504,792,758201661.0
2016,X,504,818,274132849.0
2016,X,504,826,669922107.0
2016,X,504,834,10075871.0
2016,X,218,12,13167657.0
2016,X,218,24,856264.0
2016,X,218,31,5596040.0
2016,X,218,32,217565947.0
2016,X,218,36,17571612.0
2016,X,218,50,3040846.0
2016,X,218,76,144761613.0
2016,X,218,124,77873407.0
2016,X,218,144,1499318.0
2016,X,218,152,1150556670.0
2016,X,218,156,656382017.0
2016,X,218,170,810457461.0
2016,X,218,192,14446537.0
2016,X,218,214,60526412.0
2016,X,218,251,282078664.0
2016,X,218,276,530649798.0
2016,X,218,288,461303.0
2016,X,218,344,21828785.0
2016,X,218,360,53210836.0
2016,X,218,364,22752633.0
2016,X,218,368,21201265.0
2016,X,218,376,5849974.0
2016,X,218,380,460932857.0
2016,X,218,384,367947.0
2016,X,218,392,319575896.0
2016,X,218,404,589214.0
2016,X,218,410,82465506.0
2016,X,218,414,36995523.0
2016,X,218,446,2618.0
2016,X,218,458,70462093.0
2016,X,218,484,168078956.0
2016,X,218,496,47797.0
2016,X,218,504,9401794.0
2016,X,218,512,565725.0
2016,X,218,528,422630662.0
2016,X,218,554,33608069.0
2016,X,218,586,14858055.0
2016,X,218,604,934224013.0
2016,X,218,608,14038606.0
2016,X,218,616,36499396.0
2016,X,218,634,6254823.0
2016,X,218,643,769213320.0
2016,X,218,682,78229360.0
2016,X,218,702,10454977.0
2016,X,218,704,1115943833.0
2016,X,218,710,12476533.0
2016,X,218,724,547332597.0
2016,X,218,757,20714990.0
2016,X,218,764,3908281.0
2016,X,218,784,31966771.0
2016,X,218,792,114711606.0
2016,X,218,818,13258586.0
2016,X,218,826,139302549.0
2016,X,218,834,103382.0
2016,X,214,24,54323.049
2016,X,214,32,1039864.913
2016,X,214,36,6237299.164
2016,X,214,50,3106983.319
2016,X,214,76,2938163.79
2016,X,214,124,769397897.182
2016,X,214,144,90282.054
2016,X,214,152,10604140.421
2016,X,214,156,143716305.5
2016,X,214,170,36563805.254
2016,X,214,192,72119742.912
2016,X,214,218,12202891.232
2016,X,214,251,47416726.529
2016,X,214,276,113403952.201
2016,X,214,288,171791.85
2016,X,214,360,8939484.908
2016,X,214,364,32000.0
2016,X,214,368,21101.772
2016,X,214,376,2368357.506
2016,X,214,380,60610763.929
2016,X,214,384,193.0
2016,X,214,392,15484318.984
2016,X,214,404,581226.5
2016,X,214,410,27021397.54
2016,X,214,414,27713.5
2016,X,214,458,5172154.22
2016,X,214,484,36089635.669
2016,X,214,496,6442.56
2016,X,214,504,63306.234
2016,X,214,528,215245542.694
2016,X,214,554,8587785.586
2016,X,214,586,778405.645
2016,X,214,604,9681012.997
2016,X,214,608,3211062.157
2016,X,214,616,15399826.742
2016,X,214,643,3220944.052
2016,X,214,682,639823.846
2016,X,214,702,16203122.815
2016,X,214,704,1776507.553
2016,X,214,710,15855529.027
2016,X,214,724,103357682.5
2016,X,214,757,340640560.661
2016,X,214,764,4394769.14
2016,X,214,784,9925274.756
2016,X,214,792,1395331.741
2016,X,214,818,198570.023
2016,X,214,826,216410428.592
2016,X,214,834,40288.9
2016,X,404,12,1208205.35
2016,X,404,24,736582.04
2016,X,404,31,29199.0
2016,X,404,32,12031.67
2016,X,404,36,21716364.65
2016,X,404,50,1323267.61
2016,X,404,76,4957506.26
2016,X,404,124,56465986.49
2016,X,404,144,2062870.9
2016,X,404,152,3498289.29
2016,X,404,156,99163557.86
2016,X,404,170,758008.95
2016,X,404,192,254723.17
2016,X,404,214,12119.83
2016,X,404,218,266043.95
2016,X,404,251,65708906.98
2016,X,404,276,116936590.33
2016,X,404,288,5266761.0
2016,X,404,344,13518597.24
2016,X,404,360,9208931.25
2016,X,404,364,17319103.66
2016,X,404,368,624678.78
2016,X,404,376,10488002.06
2016,X,404,380,36797040.58
2016,X,404,384,1568377.83
2016,X,404,392,40126346.99
2016,X,404,410,18425247.27
2016,X,404,414,9701768.52
2016,X,404,458,9570767.6
2016,X,404,484,12855578.08
2016,X,404,504,4125004.82
2016,X,404,512,11455315.86
2016,X,404,528,428670508.35
2016,X,404,554,2129294.36
2016,X,404,586,396755918.27
2016,X,404,604,27106.38
2016,X,404,608,12477601.23
2016,X,404,616,17781616.65
2016,X,404,634,12607325.12
2016,X,404,643,68949414.15
2016,X,404,682,66306201.69
2016,X,404,702,3516293.99
2016,X,404,704,6292065.74
2016,X,404,710,40893830.46
2016,X,404,724,22685731.57
2016,X,404,757,47749748.83
2016,X,404,764,17023219.32
2016,X,404,784,305289603.91
2016,X,404,792,22257193.54
2016,X,404,818,203220901.99
2016,X,404,826,370410966.69
2016,X,404,834,342963103.22
2016,X,192,12,2258341.86
2016,X,192,24,12338401.04
2016,X,192,31,39054.82
2016,X,192,32,7765768.18
2016,X,192,36,15477962.08
2016,X,192,50,56260.03
2016,X,192,76,66226383.37
2016,X,192,124,331454776.47
2016,X,192,152,4083328.58
2016,X,192,156,257626419.8
2016,X,192,170,4520623.89
2016,X,192,214,13622975.3
2016,X,192,218,156996.78
2016,X,192,251,34472904.82
2016,X,192,276,56297215.74
2016,X,192,288,281688.42
2016,X,192,344,39371793.46
2016,X,192,360,96048.8
2016,X,192,376,2717829.51
2016,X,192,380,22030280.57
2016,X,192,392,5624475.28
2016,X,192,410,1710805.81
2016,X,192,414,90137.04
2016,X,192,458,9026189.28
2016,X,192,484,41993971.2
2016,X,192,496,34200.0
2016,X,192,504,16298821.83
2016,X,192,512,6432.0
2016,X,192,528,93613246.65
2016,X,192,554,459175.01
2016,X,192,604,14239685.72
2016,X,192,608,5122814.8
2016,X,192,616,2905.46
2016,X,192,634,13589.02
2016,X,192,643,32382073.54
2016,X,192,682,960936.21
2016,X,192,702,40075469.56
2016,X,192,704,4958154.31
2016,X,192,710,1923575.64
2016,X,192,724,182997101.91
2016,X,192,757,15765539.78
2016,X,192,764,715623.14
2016,X,192,784,10877955.61
2016,X,192,792,10983853.25
2016,X,192,818,53760.0
2016,X,192,826,17766148.93
2016,X,512,12,12674030.069
2016,X,512,24,5052891.613
2016,X,512,31,78145.637
2016,X,512,32,208490215.306
2016,X,512,36,27309573.615
2016,X,512,50,49562479.284
2016,X,512,76,57731433.036
2016,X,512,124,8338040.862
2016,X,512,144,55150379.952
2016,X,512,152,10503078.379
2016,X,512,156,633217277.211
2016,X,512,170,287045.488
2016,X,512,192,10106.631
2016,X,512,214,1115646.193
2016,X,512,218,241295.167
2016,X,512,251,4551156.938
2016,X,512,276,14368555.274
2016,X,512,288,928353.623
2016,X,512,344,52167995.305
2016,X,512,360,39016136.931
2016,X,512,364,348073542.145
2016,X,512,368,2091130628.443
2016,X,512,380,52932739.059
2016,X,512,384,681094.867
2016,X,512,392,34797682.174
2016,X,512,404,267023923.952
2016,X,512,410,404540621.589
2016,X,512,414,213497075.714
2016,X,512,458,127194006.758
2016,X,512,484,3306967.193
2016,X,512,504,20150026.795
2016,X,512,528,314777846.833
2016,X,512,554,2874805.983
2016,X,512,586,1230066989.424
2016,X,512,604,1848704.645
2016,X,512,608,11859660.831
2016,X,512,616,2458413.303
2016,X,512,634,224981914.732
2016,X,512,643,1757045.356
2016,X,512,682,818043952.384
2016,X,512,702,122641372.577
2016,X,512,704,117625321.013
2016,X,512,710,812463094.629
2016,X,512,724,13867273.134
2016,X,512,757,143674.89
2016,X,512,764,32479864.437
2016,X,512,784,2102307085.175
2016,X,512,792,37245965.438
2016,X,512,818,52658174.715
2016,X,512,834,149329531.424
2016,X,24,12,1713780.06
2016,X,24,31,997726.9
2016,X,24,32,484425.02
2016,X,24,36,8549826.77
2016,X,24,50,2750.4
2016,X,24,76,75352985.669
2016,X,24,124,875520433.738
2016,X,24,144,13728.73
2016,X,24,152,3991863.18
2016,X,24,156,13927920685.317
2016,X,24,170,293265392.898
2016,X,24,192,2673996.93
2016,X,24,218,28378.48
2016,X,24,251,1182863351.576
2016,X,24,276,17877521.69
2016,X,24,288,51378326.838
2016,X,24,344,1369344.09
2016,X,24,360,376722071.522
2016,X,24,364,21066.71
2016,X,24,368,85753.65
2016,X,24,376,180051040.73
2016,X,24,380,493934005.315
2016,X,24,384,72489278.57
2016,X,24,392,19152970.851
2016,X,24,404,785044.35
2016,X,24,410,844778718.543
2016,X,24,414,904343.03
2016,X,24,446,41577444.81
2016,X,24,458,480789975.064
2016,X,24,484,144659.59
2016,X,24,504,110882.67
2016,X,24,512,205646.9
2016,X,24,528,594761375.252
2016,X,24,554,219420.84
2016,X,24,586,75101.78
2016,X,24,604,490216.85
2016,X,24,608,3094.06
2016,X,24,616,25303142.65
2016,X,24,634,118772.85
2016,X,24,643,625823.99
2016,X,24,682,1626527.2
2016,X,24,702,185088933.18
2016,X,24,704,28435038.543
2016,X,24,710,1351256494.454
2016,X,24,724,1950105311.688
2016,X,24,757,60094979.05
2016,X,24,764,43297499.53
2016,X,24,784,877093049.658
2016,X,24,792,6476427.28
2016,X,24,818,7565536.44
2016,X,24,826,440424803.342
2016,X,24,834,49916.73
2016,X,144,12,535043.0
2016,X,144,24,3566188.0
2016,X,144,31,46498653.0
2016,X,144,32,9515360.0
2016,X,144,36,165930165.0
2016,X,144,50,118865812.0
2016,X,144,76,44510986.0
2016,X,144,124,179304247.0
2016,X,144,152,39231133.0
2016,X,144,156,215492799.0
2016,X,144,170,11339110.0
2016,X,144,192,1542.0
2016,X,144,214,1412701.0
2016,X,144,218,9673519.0
2016,X,144,251,172202525.0
2016,X,144,276,509880914.0
2016,X,144,288,13328902.0
2016,X,144,344,156101610.0
2016,X,144,360,40502726.0
2016,X,144,364,173455011.0
2016,X,144,368,111696471.0
2016,X,144,376,93548799.0
2016,X,144,380,428848173.0
2016,X,144,384,4830256.0
2016,X,144,392,203818781.0
2016,X,144,404,13651641.0
2016,X,144,410,70869101.0
2016,X,144,414,32624589.0
2016,X,144,446,551018.0
2016,X,144,458,42196894.0
2016,X,144,484,132174242.0
2016,X,144,496,1079993.0
2016,X,144,504,6861396.0
2016,X,144,512,6539647.0
2016,X,144,528,208333910.0
2016,X,144,554,23969619.0
2016,X,144,586,66327802.0
2016,X,144,604,19013720.0
2016,X,144,608,15216227.0
2016,X,144,616,46264839.0
2016,X,144,634,14515869.0
2016,X,144,643,182243620.0
2016,X,144,682,74795613.0
2016,X,144,702,115467625.0
2016,X,144,704,96481886.0
2016,X,144,710,32918356.0
2016,X,144,724,87242112.0
2016,X,144,757,103550063.0
2016,X,144,764,36322025.0
2016,X,144,784,292867268.0
2016,X,144,792,154893917.0
2016,X,144,818,36939748.0
2016,X,144,826,1045080361.0
2016,X,144,834,8959887.0
2016,X,384,12,90084015.881
2016,X,384,24,6077545.983
2016,X,384,31,46849.267
2016,X,384,32,2377283.786
2016,X,384,36,8660508.311
2016,X,384,50,66279669.223
2016,X,384,76,44516977.212
2016,X,384,124,237877619.859
2016,X,384,144,2583999.635
2016,X,384,152,3499257.486
2016,X,384,156,71321008.905
2016,X,384,170,68176732.81
2016,X,384,214,1926219.087
2016,X,384,251,587775425.17
2016,X,384,276,548847345.076
2016,X,384,288,513806183.362
2016,X,384,344,443993.014
2016,X,384,360,59017836.726
2016,X,384,364,989846.864
2016,X,384,368,14728.069
2016,X,384,376,15517196.286
2016,X,384,380,236550452.755
2016,X,384,392,2764583.478
2016,X,384,404,1812758.837
2016,X,384,410,8962525.083
2016,X,384,414,24785.7
2016,X,384,458,309229913.361
2016,X,384,484,87216637.574
2016,X,384,496,30289.68
2016,X,384,504,23875322.367
2016,X,384,512,552118.12
2016,X,384,528,1253843039.238
2016,X,384,554,21207.106
2016,X,384,586,18863508.53
2016,X,384,604,1494900.941
2016,X,384,608,108485.09
2016,X,384,616,85097366.807
2016,X,384,634,655292.724
2016,X,384,643,2405116.194
2016,X,384,682,427251.127
2016,X,384,702,16518323.061
2016,X,384,704,551012873.287
2016,X,384,710,320863023.315
2016,X,384,724,374670221.334
2016,X,384,757,494955100.552
2016,X,384,764,8763944.095
2016,X,384,784,17957281.253
2016,X,384,792,148207714.26
2016,X,384,818,9158608.946
2016,X,384,826,319243014.304
2016,X,384,834,879264.233
2016,X,288,24,193075.0
2016,X,288,31,1347.0
2016,X,288,36,1710826.0
2016,X,288,50,58426.0
2016,X,288,76,200974423.0
2016,X,288,124,33525842.0
2016,X,288,152,45868.0
2016,X,288,156,941809716.0
2016,X,288,170,10933.0
2016,X,288,214,35543.0
2016,X,288,218,11297.0
2016,X,288,251,139589449.0
2016,X,288,276,147506965.0
2016,X,288,344,3742784.0
2016,X,288,360,4812503.0
2016,X,288,364,10485446.0
2016,X,288,368,443669.0
2016,X,288,376,2221651.0
2016,X,288,380,188722849.0
2016,X,288,384,33403357.0
2016,X,288,392,150870742.0
2016,X,288,404,102492.0
2016,X,288,410,15848476.0
2016,X,288,414,46048.0
2016,X,288,458,215020809.0
2016,X,288,484,188530.0
2016,X,288,504,3927457.0
2016,X,288,528,443038805.0
2016,X,288,554,3110040.0
2016,X,288,586,340165.0
2016,X,288,604,44864.0
2016,X,288,608,605121.0
2016,X,288,616,2008434.0
2016,X,288,634,41318.0
2016,X,288,643,122584.0
2016,X,288,682,953224.0
2016,X,288,702,47198104.0
2016,X,288,704,549265154.0
2016,X,288,710,350763476.0
2016,X,288,724,149081160.0
2016,X,288,757,1868671702.0
2016,X,288,764,316990.0
2016,X,288,784,1427346994.0
2016,X,288,792,100210076.0
2016,X,288,818,790710.0
2016,X,288,826,95175566.0
2016,X,288,834,468305.0
2016,X,834,12,514571.0
2016,X,834,24,4561488.0
2016,X,834,31,97.0
2016,X,834,32,1005785.0
2016,X,834,36,7579890.0
2016,X,834,50,7190202.0
2016,X,834,76,9079.0
2016,X,834,124,4662089.0
2016,X,834,144,774393.0
2016,X,834,152,330684.0
2016,X,834,156,354226346.0
2016,X,834,170,725918.0
2016,X,834,214,71674.0
2016,X,834,251,25755057.0
2016,X,834,276,115273832.0
2016,X,834,288,1330188.0
2016,X,834,344,30015710.0
2016,X,834,360,17194142.0
2016,X,834,364,6090.0
2016,X,834,368,2465611.0
2016,X,834,376,13191847.0
2016,X,834,380,42145584.0
2016,X,834,384,466110.0
2016,X,834,392,138528259.0
2016,X,834,404,313885916.0
2016,X,834,410,38912922.0
2016,X,834,414,751418.0
2016,X,834,458,13083184.0
2016,X,834,484,1218905.0
2016,X,834,504,2948247.0
2016,X,834,512,4179909.0
2016,X,834,528,63889477.0
2016,X,834,554,5599076.0
2016,X,834,586,14858354.0
2016,X,834,604,138.0
2016,X,834,608,2287087.0
2016,X,834,616,11346698.0
2016,X,834,634,1178500.0
2016,X,834,643,11084393.0
2016,X,834,682,13464011.0
2016,X,834,702,10492355.0
2016,X,834,704,149244615.0
2016,X,834,710,631420829.0
2016,X,834,724,15672419.0
2016,X,834,757,767936942.0
2016,X,834,764,9006873.0
2016,X,834,784,63479595.0
2016,X,834,792,2798746.0
2016,X,834,818,1034554.0
2016,X,834,826,22826827.0
2016,X,31,12,11240578.86
2016,X,31,24,157458.85
2016,X,31,32,46612.34
2016,X,31,36,181193.63
2016,X,31,50,350.0
2016,X,31,76,2881747.11
2016,X,31,124,98132437.62
2016,X,31,144,100.0
2016,X,31,156,382025192.15
2016,X,31,170,108007.18
2016,X,31,192,1141.0
2016,X,31,218,5591.26
2016,X,31,251,626433890.89
2016,X,31,276,610831399.01
2016,X,31,288,5507.22
2016,X,31,344,107872.16
2016,X,31,360,77457062.79
2016,X,31,364,49684567.15
2016,X,31,368,17780579.68
2016,X,31,376,664113138.21
2016,X,31,380,4333747050.97
2016,X,31,384,8899.4
2016,X,31,392,31749793.0
2016,X,31,404,4200.86
2016,X,31,410,122201.28
2016,X,31,414,210683.77
2016,X,31,458,81325076.98
2016,X,31,484,287989.73
2016,X,31,496,80747.82
2016,X,31,512,127278.91
2016,X,31,528,34865968.52
2016,X,31,554,82419.9
2016,X,31,586,1433210.42
2016,X,31,604,192686.58
2016,X,31,608,11609.0
2016,X,31,616,4821262.91
2016,X,31,634,107919.68
2016,X,31,643,409258371.64
2016,X,31,682,539525.92
2016,X,31,702,894435.47
2016,X,31,704,48899493.28
2016,X,31,710,278019.56
2016,X,31,724,495148703.29
2016,X,31,757,24900138.93
2016,X,31,764,123401367.22
2016,X,31,784,11578120.35
2016,X,31,792,1185663072.66
2016,X,31,818,11857625.18
2016,X,31,826,79942111.49
2016,X,31,834,939.8
2016,X,446,36,186619.0
2016,X,446,124,13652.0
2016,X,446,156,86005166.0
2016,X,446,251,256480.0
2016,X,446,276,169712.0
2016,X,446,344,397326736.0
2016,X,446,360,152870.0
2016,X,446,380,116159.0
2016,X,446,392,24350909.0
2016,X,446,410,489792.0
2016,X,446,458,954938.0
2016,X,446,528,72878.0
2016,X,446,554,9276.0
2016,X,446,608,543621.0
2016,X,446,702,1973199.0
2016,X,446,704,1234937.0
2016,X,446,724,56659.0
2016,X,446,757,21628.0
2016,X,446,764,308121.0
2016,X,446,826,45697.0
2016,X,496,24,280090.0
2016,X,496,31,1000.0
2016,X,496,36,1244881.0
2016,X,496,124,3718858.0
2016,X,496,144,200.0
2016,X,496,156,3883128125.0
2016,X,496,170,22111.0
2016,X,496,251,6939910.0
2016,X,496,276,43386472.0
2016,X,496,344,10482769.0
2016,X,496,360,3847716.0
2016,X,496,364,55400.0
2016,X,496,376,1323.0
2016,X,496,380,33579288.0
2016,X,496,392,14031747.0
2016,X,496,404,604299.0
2016,X,496,410,8470417.0
2016,X,496,414,138129.0
2016,X,496,458,2027519.0
2016,X,496,484,37960.0
2016,X,496,528,1777549.0
2016,X,496,554,19059.0
2016,X,496,586,92000.0
2016,X,496,604,14500.0
2016,X,496,608,238005.0
2016,X,496,616,299608.0
2016,X,496,634,266193.0
2016,X,496,643,55769058.0
2016,X,496,682,3994559.0
2016,X,496,702,16913245.0
2016,X,496,704,2856703.0
2016,X,496,710,62747.0
2016,X,496,724,334026.0
2016,X,496,757,1013835.0
2016,X,496,764,2785717.0
2016,X,496,784,3164735.0
2016,X,496,792,1758656.0
2016,X,496,818,457.0
2016,X,496,826,786875707.0
2016,M,156,12,331886154.0
2016,M,156,24,13966117080.0
2016,M,156,31,412081779.0
2016,M,156,32,5118095612.0
2016,M,156,36,70895012700.0
2016,M,156,50,869397551.0
2016,M,156,76,45855047246.0
2016,M,156,124,18336833947.0
2016,M,156,144,273444163.0
2016,M,156,152,18604963676.0
2016,M,156,156,128059540969.0
2016,M,156,170,2544629368.0
2016,M,156,192,273751892.0
2016,M,156,214,130262747.0
2016,M,156,218,939921953.0
2016,M,156,251,22511003294.0
2016,M,156,276,86109029796.0
2016,M,156,288,1309649870.0
2016,M,156,344,16700667258.0
2016,M,156,360,21414036371.0
2016,M,156,364,14827192366.0
2016,M,156,368,10663270913.0
2016,M,156,376,3172902895.0
2016,M,156,380,16713185425.0
2016,M,156,384,101381256.0
2016,M,156,392,145670688473.0
2016,M,156,404,97135495.0
2016,M,156,410,158974531293.0
2016,M,156,414,6370284298.0
2016,M,156,446,140337609.0
2016,M,156,458,49269636528.0
2016,M,156,484,10324735851.0
2016,M,156,496,3622600860.0
2016,M,156,504,553456726.0
2016,M,156,512,12041024465.0
2016,M,156,528,9809798270.0
2016,M,156,554,7140628702.0
2016,M,156,586,1912592895.0
2016,M,156,604,9490807798.0
2016,M,156,608,17395891173.0
2016,M,156,616,2537722070.0
2016,M,156,634,4012373868.0
2016,M,156,643,32260147552.0
2016,M,156,682,23626019106.0
2016,M,156,702,26014248910.0
2016,M,156,704,37171603826.0
2016,M,156,710,22228893549.0
2016,M,156,724,6135761960.0
2016,M,156,757,39945437599.0
2016,M,156,764,38532342814.0
2016,M,156,784,9994362641.0
2016,M,156,792,2785414654.0
2016,M,156,818,553212429.0
2016,M,156,826,18681446581.0
2016,M,156,834,315826807.0
2016,M,276,12,1456357547.668
2016,M,276,24,162631242.863
2016,M,276,31,1786230191.938
2016,M,276,32,1758049321.189
2016,M,276,36,2154596839.527
2016,M,276,50,5518078902.713
2016,M,276,76,8526959090.594
2016,M,276,124,4320495581.687
2016,M,276,144,645011931.879
2016,M,276,152,1418414496.443
2016,M,276,156,105738827124.119
2016,M,276,170,1390272387.127
2016,M,276,192,56821458.002
2016,M,276,214,204983599.341
2016,M,276,218,579724718.44
2016,M,276,251,72741341540.376
2016,M,276,288,235764875.277
2016,M,276,344,1698519515.526
2016,M,276,360,4285333426.213
2016,M,276,364,260004736.996
2016,M,276,368,646175302.664
2016,M,276,376,1882312917.407
2016,M,276,380,57198763742.27
2016,M,276,384,831435441.55
2016,M,276,392,25336101016.722
2016,M,276,404,181140525.857
2016,M,276,410,8640747797.652
2016,M,276,414,12690533.653
2016,M,276,446,42370430.984
2016,M,276,458,8489898253.39
2016,M,276,484,5794584751.625
2016,M,276,496,15131741.559
2016,M,276,504,1097513125.034
2016,M,276,512,44216708.265
2016,M,276,528,86310672633.753
2016,M,276,554,776528905.224
2016,M,276,586,1685168501.705
2016,M,276,604,1143781949.712
2016,M,276,608,3160972116.235
2016,M,276,616,51450158905.388
2016,M,276,634,261659507.504
2016,M,276,643,21044953392.16
2016,M,276,682,701054939.124
2016,M,276,702,5956701678.261
2016,M,276,704,9833397259.956
2016,M,276,710,6359692745.141
2016,M,276,724,30835217630.796
2016,M,276,757,49628719968.129
2016,M,276,764,6167092324.337
2016,M,276,784,1029074936.053
2016,M,276,792,17129469625.895
2016,M,276,818,1256346379.271
2016,M,276,826,39046631441.768
2016,M,276,834,189839259.293
2016,M,392,12,326346030.0
2016,M,392,24,20917559.0
2016,M,392,31,3247810.0
2016,M,392,32,753143931.0
2016,M,392,36,30432596105.0
2016,M,392,50,1216433680.0
2016,M,392,76,6738516478.0
2016,M,392,124,9180340439.0
2016,M,392,144,241019482.0
2016,M,392,152,5348533418.0
2016,M,392,156,156552583048.0
2016,M,392,170,645136754.0
2016,M,392,192,16175404.0
2016,M,392,214,88819201.0
2016,M,392,218,509108160.0
2016,M,392,251,10218936462.0
2016,M,392,276,22022455938.0
2016,M,392,288,184645887.0
2016,M,392,344,1950418550.0
2016,M,392,360,18214821840.0
2016,M,392,364,3330864097.0
2016,M,392,368,1086002933.0
2016,M,392,376,1302245294.0
2016,M,392,380,8752931955.0
2016,M,392,384,14486772.0
2016,M,392,404,58367155.0
2016,M,392,410,25019531161.0
2016,M,392,414,4241496904.0
2016,M,392,446,27518916.0
2016,M,392,458,17334411720.0
2016,M,392,484,5742034566.0
2016,M,392,496,17490807.0
2016,M,392,504,270687237.0
2016,M,392,512,1758877584.0
2016,M,392,528,2361559308.0
2016,M,392,554,2340521816.0
2016,M,392,586,263747096.0
2016,M,392,604,1322142783.0
2016,M,392,608,9026125180.0
2016,M,392,616,1148409456.0
2016,M,392,634,10880448253.0
2016,M,392,643,11273172462.0
2016,M,392,682,19570254430.0
2016,M,392,702,7465102895.0
2016,M,392,704,16237799931.0
2016,M,392,710,4211983149.0
2016,M,392,724,3691384331.0
2016,M,392,757,7651752390.0
2016,M,392,764,20139207493.0
2016,M,392,784,17298552509.0
2016,M,392,792,563327174.0
2016,M,392,818,140796923.0
2016,M,392,826,6511035349.0
2016,M,392,834,168748547.0
2016,M,826,12,907159803.0
2016,M,826,24,369342914.0
2016,M,826,31,140736075.0
2016,M,826,32,824595921.0
2016,M,826,36,7048291903.0
2016,M,826,50,3521073783.0
2016,M,826,76,3217232839.0
2016,M,826,124,13430490635.0
2016,M,826,144,906481676.0
2016,M,826,152,739585544.0
2016,M,826,156,59575883133.0
2016,M,826,170,621063007.0
2016,M,826,192,15753775.0
2016,M,826,214,205527380.0
2016,M,826,218,151546438.0
2016,M,826,251,35949856996.0
2016,M,826,276,88077491043.0
2016,M,826,288,256365212.0
2016,M,826,344,7615719031.0
2016,M,826,360,1795942150.0
2016,M,826,364,61836197.0
2016,M,826,368,9187707.0
2016,M,826,376,1349196238.0
2016,M,826,380,24155104768.0
2016,M,826,384,423850300.0
2016,M,826,392,12996368779.0
2016,M,826,404,398880756.0
2016,M,826,410,5949790323.0
2016,M,826,414,859228994.0
2016,M,826,446,8163243.0
2016,M,826,458,2227833519.0
2016,M,826,484,2535894214.0
2016,M,826,496,8056136.0
2016,M,826,504,870190315.0
2016,M,826,512,67799322.0
2016,M,826,528,47382169489.0
2016,M,826,554,1128869244.0
2016,M,826,586,1574706990.0
2016,M,826,604,421331300.0
2016,M,826,608,640392970.0
2016,M,826,616,12513333040.0
2016,M,826,634,1614706778.0
2016,M,826,643,5269647524.0
2016,M,826,682,1288369690.0
2016,M,826,702,2035406822.0
2016,M,826,704,5074516737.0
2016,M,826,710,9786575742.0
2016,M,826,724,21251195907.0
2016,M,826,757,26596303166.0
2016,M,826,764,3675903655.0
2016,M,826,784,1357286023.0
2016,M,826,792,12207456503.0
2016,M,826,818,827388240.0
2016,M,826,826,4502600363.0
2016,M,826,834,21001774.0
2016,M,251,12,3306012255.0
2016,M,251,24,1029963745.0
2016,M,251,31,981870520.0
2016,M,251,32,494831976.0
2016,M,251,36,949413800.0
2016,M,251,50,2730900524.0
2016,M,251,76,2980683471.0
2016,M,251,124,3190159504.0
2016,M,251,144,314838384.0
2016,M,251,152,1103785673.0
2016,M,251,156,51032597789.0
2016,M,251,170,419142608.0
2016,M,251,192,30047115.0
2016,M,251,214,169612451.0
2016,M,251,218,410419515.0
2016,M,251,276,94547302117.0
2016,M,251,288,320815854.0
2016,M,251,344,895594200.0
2016,M,251,360,1867212952.0
2016,M,251,364,1531894595.0
2016,M,251,368,176279009.0
2016,M,251,376,1379689269.0
2016,M,251,380,42036498071.0
2016,M,251,384,871328943.0
2016,M,251,392,10386995115.0
2016,M,251,404,98633896.0
2016,M,251,410,3598408084.0
2016,M,251,414,424266713.0
2016,M,251,446,14659462.0
2016,M,251,458,2400245071.0
2016,M,251,484,2735515083.0
2016,M,251,496,6090335.0
2016,M,251,504,4701496361.0
2016,M,251,512,22570100.0
2016,M,251,528,25537080352.0
2016,M,251,554,422156226.0
2016,M,251,586,859655473.0
2016,M,251,604,491992490.0
2016,M,251,608,935419076.0
2016,M,251,616,10032923506.0
2016,M,251,634,249735449.0
2016,M,251,643,6119262976.0
2016,M,251,682,4174521391.0
2016,M,251,702,2367822591.0
2016,M,251,704,4994268426.0
2016,M,251,710,1039848357.0
2016,M,251,724,35769294160.0
2016,M,251,757,15660339420.0
2016,M,251,764,2877216294.0
2016,M,251,784,1160398181.0
2016,M,251,792,7792753203.0
2016,M,251,818,545087122.0
2016,M,251,826,21536171341.0
2016,M,251,834,62817033.0
2016,M,380,12,4733282731.842
2016,M,380,24,452291731.414
2016,M,380,31,3231700950.459
2016,M,380,32,1085399170.253
2016,M,380,36,536993752.745
2016,M,380,50,1462846505.806
2016,M,380,76,3572872014.672
2016,M,380,124,1637037657.938
2016,M,380,144,375964715.124
2016,M,380,152,906689184.899
2016,M,380,156,30251449143.208
2016,M,380,170,620118458.022
2016,M,380,192,21599572.202
2016,M,380,214,54539325.032
2016,M,380,218,389723404.334
2016,M,380,251,36249046749.16
2016,M,380,276,66325179522.782
2016,M,380,288,247171766.609
2016,M,380,344,264218935.105
2016,M,380,360,1835815285.859
2016,M,380,364,1161403759.0
2016,M,380,368,3256434077.249
2016,M,380,376,1000101589.768
2016,M,380,384,328628210.419
2016,M,380,392,4444576657.323
2016,M,380,404,57592599.633
2016,M,380,410,3281988947.455
2016,M,380,414,1027921087.058
2016,M,380,446,6378282.503
2016,M,380,458,1060418897.837
2016,M,380,484,1188436982.801
2016,M,380,496,42171092.848
2016,M,380,504,925186346.976
2016,M,380,512,55546129.81
2016,M,380,528,22326284464.863
2016,M,380,554,272090990.216
2016,M,380,586,663022221.768
2016,M,380,604,482238565.937
2016,M,380,608,240282687.493
2016,M,380,616,9724773400.349
2016,M,380,634,1012294043.197
2016,M,380,643,11774070124.314
2016,M,380,682,2830669870.656
2016,M,380,702,289775427.085
2016,M,380,704,3285791372.869
2016,M,380,710,1472226325.468
2016,M,380,724,21925750568.07
2016,M,380,757,11745692203.822
2016,M,380,764,1560671315.307
2016,M,380,784,1047729117.585
2016,M,380,792,8262062850.247
2016,M,380,818,1700113333.427
2016,M,380,826,12448757527.408
2016,M,380,834,42500713.277
2016,M,124,12,1401165868.002
2016,M,124,24,2765426.34
2016,M,124,31,101770710.05
2016,M,124,32,1208425856.387
2016,M,124,36,1511269037.567
2016,M,124,50,1223503134.776
2016,M,124,76,2912289014.753
2016,M,124,124,2925833880.046
2016,M,124,144,263183668.778
2016,M,124,152,1273184629.667
2016,M,124,156,48575917684.254
2016,M,124,170,593899124.456
2016,M,124,192,293862823.854
2016,M,124,214,880275693.411
2016,M,124,218,205018097.819
2016,M,124,251,4476716410.583
2016,M,124,276,12994197336.444
2016,M,124,288,50727131.389
2016,M,124,344,222105927.494
2016,M,124,360,1222427389.117
2016,M,124,364,35116430.67
2016,M,124,368,1089052.638
2016,M,124,376,976091377.726
2016,M,124,380,5688657785.85
2016,M,124,384,319447088.071
2016,M,124,392,11919697539.971
2016,M,124,404,24370777.181
2016,M,124,410,8000212156.273
2016,M,124,414,11059090.749
2016,M,124,446,4483292.764
2016,M,124,458,1955799905.391
2016,M,124,484,25040059430.333
2016,M,124,496,1358029.423
2016,M,124,504,319012906.298
2016,M,124,512,23671908.397
2016,M,124,528,2768887260.984
2016,M,124,554,500146165.197
2016,M,124,586,274652391.868
2016,M,124,604,1854290376.584
2016,M,124,608,1022620074.734
2016,M,124,616,1448156171.912
2016,M,124,634,27340139.477
2016,M,124,643,703137454.351
2016,M,124,682,1286919495.375
2016,M,124,702,742709861.316
2016,M,124,704,3739338755.581
2016,M,124,710,641311753.459
2016,M,124,724,1778111128.669
2016,M,124,757,3394614518.7
2016,M,124,764,2376916329.01
2016,M,124,784,96597245.765
2016,M,124,792,1032274316.021
2016,M,124,818,779453289.139
2016,M,124,826,6230433065.31
2016,M,124,834,10326588.926
2016,M,76,12,1719064711.0
2016,M,76,24,75821599.0
2016,M,76,31,195750.0
2016,M,76,32,9445952013.0
2016,M,76,36,879697196.0
2016,M,76,50,129172970.0
2016,M,76,76,305372331.0
2016,M,76,124,1985034590.0
2016,M,76,144,50620751.0
2016,M,76,152,3043030748.0
2016,M,76,156,24414045617.0
2016,M,76,170,967902614.0
2016,M,76,192,55514412.0
2016,M,76,214,14591988.0
2016,M,76,218,149843275.0
2016,M,76,251,3789303136.0
2016,M,76,276,9405007975.0
2016,M,76,288,190783515.0
2016,M,76,344,493191068.0
2016,M,76,360,1283109225.0
2016,M,76,364,82645517.0
2016,M,76,368,118761579.0
2016,M,76,376,721483605.0
2016,M,76,380,3815241143.0
2016,M,76,384,47736596.0
2016,M,76,392,3693345332.0
2016,M,76,404,648290.0
2016,M,76,410,5695393257.0
2016,M,76,414,308450521.0
2016,M,76,446,2572909.0
2016,M,76,458,1222792893.0
2016,M,76,484,3668060766.0
2016,M,76,496,164988.0
2016,M,76,504,688673397.0
2016,M,76,512,101115938.0
2016,M,76,528,1871296629.0
2016,M,76,554,58824484.0
2016,M,76,586,46964270.0
2016,M,76,604,1296354291.0
2016,M,76,608,201404329.0
2016,M,76,616,506778733.0
2016,M,76,634,573336938.0
2016,M,76,643,2143694108.0
2016,M,76,682,1348509486.0
2016,M,76,702,438081220.0
2016,M,76,704,1664478495.0
2016,M,76,710,355810737.0
2016,M,76,724,2684844199.0
2016,M,76,757,1945576047.0
2016,M,76,764,1406435210.0
2016,M,76,784,391624788.0
2016,M,76,792,419279937.0
2016,M,76,818,100827408.0
2016,M,76,826,2360251407.0
2016,M,76,834,82361.0
2016,M,643,12,8313847.26
2016,M,643,24,14942.09
2016,M,643,31,449287392.67
2016,M,643,32,687885607.8
2016,M,643,36,484175897.97
2016,M,643,50,690707687.57
2016,M,643,76,2553013648.96
2016,M,643,124,798463197.6
2016,M,643,144,288261653.69
2016,M,643,152,600101451.96
2016,M,643,156,46332240945.26
2016,M,643,170,108083618.11
2016,M,643,192,34519930.58
2016,M,643,214,18670515.7
2016,M,643,218,1217779499.55
2016,M,643,251,9257957455.54
2016,M,643,276,22684926811.62
2016,M,643,288,57328228.23
2016,M,643,344,206871909.88
2016,M,643,360,2947081001.23
2016,M,643,364,306879238.61
2016,M,643,368,9.34
2016,M,643,376,791400741.35
2016,M,643,380,8935513982.48
2016,M,643,384,235545773.76
2016,M,643,392,7634698149.3
2016,M,643,404,144692309.01
2016,M,643,410,6219330071.23
2016,M,643,414,124757.64
2016,M,643,446,4207230.81
2016,M,643,458,1307320662.03
2016,M,643,484,750988374.74
2016,M,643,496,36014833.3
2016,M,643,504,571458209.2
2016,M,643,512,2535233.06
2016,M,643,528,3447785694.84
2016,M,643,554,152531825.81
2016,M,643,586,277539762.97
2016,M,643,604,94556509.91
2016,M,643,608,387623013.1
2016,M,643,616,4453107182.32
2016,M,643,634,34490136.89
2016,M,643,682,141574588.05
2016,M,643,702,555597551.56
2016,M,643,704,2516944882.19
2016,M,643,710,534591147.02
2016,M,643,724,2648241872.36
2016,M,643,757,2122455532.04
2016,M,643,764,1229310438.33
2016,M,643,784,285976928.74
2016,M,643,792,2344296979.38
2016,M,643,818,374702949.4
2016,M,643,826,3873781251.27
2016,M,643,834,48573651.44
2016,M,410,12,199970096.0
2016,M,410,24,173858249.0
2016,M,410,31,336574.0
2016,M,410,32,832577180.0
2016,M,410,36,15175004193.0
2016,M,410,50,293111944.0
2016,M,410,76,3443973992.0
2016,M,410,124,3939322504.0
2016,M,410,144,88543523.0
2016,M,410,152,3704297213.0
2016,M,410,156,86978908585.0
2016,M,410,170,432728648.0
2016,M,410,192,5716943.0
2016,M,410,214,83361556.0
2016,M,410,218,94245885.0
2016,M,410,251,5847825318.0
2016,M,410,276,18916821536.0
2016,M,410,288,30814100.0
2016,M,410,344,1614364298.0
2016,M,410,360,8285342821.0
2016,M,410,364,4647657172.0
2016,M,410,368,5036216151.0
2016,M,410,376,864786746.0
2016,M,410,380,5424653829.0
2016,M,410,384,14869326.0
2016,M,410,392,47466276076.0
2016,M,410,404,104476828.0
2016,M,410,414,7262270170.0
2016,M,410,446,4391510.0
2016,M,410,458,7507772875.0
2016,M,410,484,3695368088.0
2016,M,410,496,10355018.0
2016,M,410,504,158534456.0
2016,M,410,512,2367845447.0
2016,M,410,528,4229478207.0
2016,M,410,554,1098104001.0
2016,M,410,586,283010055.0
2016,M,410,604,1294385658.0
2016,M,410,608,3228541594.0
2016,M,410,616,541363335.0
2016,M,410,634,10081308811.0
2016,M,410,643,8640611776.0
2016,M,410,682,15741673408.0
2016,M,410,702,6806328623.0
2016,M,410,704,12495154372.0
2016,M,410,710,1331677222.0
2016,M,410,724,2004616365.0
2016,M,410,757,2359474444.0
2016,M,410,764,4562807725.0
2016,M,410,784,6941053373.0
2016,M,410,792,742403768.0
2016,M,410,818,62466020.0
2016,M,410,826,5211952867.0
2016,M,410,834,41649710.0
2016,M,484,12,20779305.0
2016,M,484,24,990001.0
2016,M,484,31,34836.0
2016,M,484,32,894556242.0
2016,M,484,36,527086698.0
2016,M,484,50,272709748.0
2016,M,484,76,4731704865.0
2016,M,484,124,9631920760.0
2016,M,484,144,185707189.0
2016,M,484,152,1334924430.0
2016,M,484,156,69524804211.0
2016,M,484,170,1097488585.0
2016,M,484,192,6306759.0
2016,M,484,214,146972788.0
2016,M,484,218,185373262.0
2016,M,484,251,3731393894.0
2016,M,484,276,13878937796.0
2016,M,484,288,1214927.0
2016,M,484,344,287560332.0
2016,M,484,360,1318827684.0
2016,M,484,364,20553195.0
2016,M,484,376,698553799.0
2016,M,484,380,5287949078.0
2016,M,484,384,102926074.0
2016,M,484,392,17751966226.0
2016,M,484,404,2109665.0
2016,M,484,410,13610612885.0
2016,M,484,414,60411.0
2016,M,484,446,1119452.0
2016,M,484,458,8159706516.0
2016,M,484,496,71094.0
2016,M,484,504,202306194.0
2016,M,484,512,2840453.0
2016,M,484,528,2021168737.0
2016,M,484,554,357906069.0
2016,M,484,586,192387330.0
2016,M,484,604,548045904.0
2016,M,484,608,2233278004.0
2016,M,484,616,791734991.0
2016,M,484,634,47410602.0
2016,M,484,643,1299622380.0
2016,M,484,682,110968219.0
2016,M,484,702,1271698588.0
2016,M,484,704,4012516297.0
2016,M,484,710,198453717.0
2016,M,484,724,4456244682.0
2016,M,484,757,1651530302.0
2016,M,484,764,5425543894.0
2016,M,484,784,225967763.0
2016,M,484,792,729764845.0
2016,M,484,818,59418783.0
2016,M,484,826,2125711844.0
2016,M,484,834,207430.0
2016,M,36,12,238592451.0
2016,M,36,24,9744317.0
2016,M,36,31,208222.0
2016,M,36,32,495975225.0
2016,M,36,36,668523643.0
2016,M,36,50,659789433.0
2016,M,36,76,561818069.0
2016,M,36,124,1563705755.0
2016,M,36,144,165727838.0
2016,M,36,152,397413188.0
2016,M,36,156,44241021648.0
2016,M,36,170,56735402.0
2016,M,36,192,8533375.0
2016,M,36,214,55747192.0
2016,M,36,218,22141424.0
2016,M,36,251,3359907915.0
2016,M,36,276,10079657771.0
2016,M,36,288,7531075.0
2016,M,36,344,691601255.0
2016,M,36,360,3668914225.0
2016,M,36,364,64106220.0
2016,M,36,368,66916.0
2016,M,36,376,592758024.0
2016,M,36,380,4397576701.0
2016,M,36,384,15294326.0
2016,M,36,392,14593655135.0
2016,M,36,404,22585971.0
2016,M,36,410,8099729825.0
2016,M,36,414,14896092.0
2016,M,36,446,12427180.0
2016,M,36,458,6912293944.0
2016,M,36,484,1866883025.0
2016,M,36,496,1274926.0
2016,M,36,504,49222765.0
2016,M,36,512,35145268.0
2016,M,36,528,1690297843.0
2016,M,36,554,5626678111.0
2016,M,36,586,258706067.0
2016,M,36,604,262863519.0
2016,M,36,608,578916656.0
2016,M,36,616,665721678.0
2016,M,36,634,255751496.0
2016,M,36,643,162807004.0
2016,M,36,682,324164937.0
2016,M,36,702,5219371655.0
2016,M,36,704,3332260132.0
2016,M,36,710,789235140.0
2016,M,36,724,1559578413.0
2016,M,36,757,2361698051.0
2016,M,36,764,10872745342.0
2016,M,36,784,1527027252.0
2016,M,36,792,740735652.0
2016,M,36,818,24910511.0
2016,M,36,826,5310179204.0
2016,M,36,834,4183374.0
2016,M,724,12,5007528372.667
2016,M,724,24,910706245.079
2016,M,724,31,557055037.134
2016,M,724,32,1687857411.885
2016,M,724,36,553884670.473
2016,M,724,50,2515939384.838
2016,M,724,76,3231066590.554
2016,M,724,124,1440995365.696
2016,M,724,144,124208211.083
2016,M,724,152,1545919970.093
2016,M,724,156,26378796779.487
2016,M,724,170,1118352627.124
2016,M,724,192,145180003.07
2016,M,724,214,130441557.19
2016,M,724,218,571374919.28
2016,M,724,251,34236443826.977
2016,M,724,276,40618307882.532
2016,M,724,288,97072691.471
2016,M,724,344,268201774.244
2016,M,724,360,1851636882.258
2016,M,724,364,995688079.496
2016,M,724,368,1393963890.478
2016,M,724,376,823366001.07
2016,M,724,380,19893876752.855
2016,M,724,384,417948912.047
2016,M,724,392,4036273879.936
2016,M,724,404,33239399.284
2016,M,724,410,2533951088.767
2016,M,724,414,62168501.835
2016,M,724,446,9379836.388
2016,M,724,458,712328797.819
2016,M,724,484,3805844564.326
2016,M,724,496,461867.127
2016,M,724,504,6254995209.397
2016,M,724,512,23993666.289
2016,M,724,528,13019946046.692
2016,M,724,554,173235969.068
2016,M,724,586,922049277.913
2016,M,724,604,1629257229.961
2016,M,724,608,229854703.358
2016,M,724,616,5538704345.995
2016,M,724,634,567014742.862
2016,M,724,643,3448258397.056
2016,M,724,682,3330977020.19
2016,M,724,702,361973890.613
2016,M,724,704,2611696124.777
2016,M,724,710,984184972.427
2016,M,724,757,3960469859.612
2016,M,724,764,1284255177.287
2016,M,724,784,367578397.125
2016,M,724,792,5633679398.423
2016,M,724,818,904397074.804
2016,M,724,826,12384465740.392
2016,M,724,834,18771694.301
2016,M,360,12,382214405.0
2016,M,360,24,235159764.0
2016,M,360,31,483052826.0
2016,M,360,32,1373635778.0
2016,M,360,36,5260854764.0
2016,M,360,50,68404276.0
2016,M,360,76,2402379953.0
2016,M,360,124,1383029909.0
2016,M,360,144,44303205.0
2016,M,360,152,83339009.0
2016,M,360,156,30800448755.0
2016,M,360,170,8214307.0
2016,M,360,192,1786413.0
2016,M,360,214,10382390.0
2016,M,360,218,48275335.0
2016,M,360,251,1362378124.0
2016,M,360,276,3159486086.0
2016,M,360,288,7549225.0
2016,M,360,344,1773783713.0
2016,M,360,360,120311296.0
2016,M,360,364,103405066.0
2016,M,360,368,104513.0
2016,M,360,376,109939524.0
2016,M,360,380,1387204505.0
2016,M,360,384,52607376.0
2016,M,360,392,12984774124.0
2016,M,360,404,10019984.0
2016,M,360,410,6674577343.0
2016,M,360,414,293118912.0
2016,M,360,446,13840774.0
2016,M,360,458,7200943798.0
2016,M,360,484,176954296.0
2016,M,360,496,11779068.0
2016,M,360,504,62334039.0
2016,M,360,512,61386761.0
2016,M,360,528,723615622.0
2016,M,360,554,660904202.0
2016,M,360,586,157255828.0
2016,M,360,604,59302713.0
2016,M,360,608,821806229.0
2016,M,360,616,143091397.0
2016,M,360,634,857449378.0
2016,M,360,643,850613451.0
2016,M,360,682,2725032569.0
2016,M,360,702,14548298535.0
2016,M,360,704,3228402149.0
2016,M,360,710,290806599.0
2016,M,360,724,484060870.0
2016,M,360,757,723751196.0
2016,M,360,764,8666933266.0
2016,M,360,784,1316222642.0
2016,M,360,792,311154336.0
2016,M,360,818,352143528.0
2016,M,360,826,893836776.0
2016,M,360,834,68895591.0
2016,M,682,12,9423211.779
2016,M,682,24,499733.958
2016,M,682,31,102666.795
2016,M,682,32,826182899.394
2016,M,682,36,1355276094.093
2016,M,682,50,354543109.845
2016,M,682,76,2663241195.714
2016,M,682,124,1031041022.133
2016,M,682,144,89759045.532
2016,M,682,152,154755393.444
2016,M,682,156,19776828187.671
2016,M,682,170,14384551.314
2016,M,682,192,2184802.731
2016,M,682,214,3588804.486
2016,M,682,218,113592675.324
2016,M,682,251,3579271674.084
2016,M,682,276,9010219529.427
2016,M,682,288,5054139.651
2016,M,682,344,17357888.364
2016,M,682,360,1648748194.266
2016,M,682,364,3268270.752
2016,M,682,368,6128540.994
2016,M,682,380,4444124755.149
2016,M,682,384,788000.985
2016,M,682,392,7371136413.909
2016,M,682,404,71900089.875
2016,M,682,410,6121656985.395
2016,M,682,414,443925354.906
2016,M,682,446,454133.901
2016,M,682,458,1049704778.796
2016,M,682,484,795309260.802
2016,M,682,496,3913604.892
2016,M,682,504,199040515.467
2016,M,682,512,1097908305.717
2016,M,682,528,1444741539.258
2016,M,682,554,405919174.065
2016,M,682,586,435398677.581
2016,M,682,604,25073898.009
2016,M,682,608,265397931.747
2016,M,682,616,978738556.755
2016,M,682,634,317617730.355
2016,M,682,643,718404098.004
2016,M,682,702,606837825.213
2016,M,682,704,1840111900.137
2016,M,682,710,721451301.813
2016,M,682,724,2329026377.946
2016,M,682,757,2392578724.053
2016,M,682,764,2947377817.551
2016,M,682,784,7561958785.77
2016,M,682,792,3075284910.768
2016,M,682,818,2074942060.341
2016,M,682,826,3180619175.769
2016,M,682,834,15103218.879
2016,M,792,12,470181861.0
2016,M,792,24,5987665.0
2016,M,792,31,328043925.0
2016,M,792,32,571535452.0
2016,M,792,36,633657232.0
2016,M,792,50,757614196.0
2016,M,792,76,1764443044.0
2016,M,792,124,1145524578.0
2016,M,792,144,100800652.0
2016,M,792,152,249989735.0
2016,M,792,156,24852474113.0
2016,M,792,170,968949859.0
2016,M,792,192,20027187.0
2016,M,792,214,14608063.0
2016,M,792,218,197291528.0
2016,M,792,251,7679138483.0
2016,M,792,276,22647552389.0
2016,M,792,288,182753126.0
2016,M,792,344,130401089.0
2016,M,792,360,1434130755.0
2016,M,792,364,4800638219.0
2016,M,792,368,894904399.0
2016,M,792,376,1424869991.0
2016,M,792,380,10701289088.0
2016,M,792,384,232990036.0
2016,M,792,392,4062898586.0
2016,M,792,404,13070086.0
2016,M,792,410,6468304311.0
2016,M,792,414,167171054.0
2016,M,792,446,63625.0
2016,M,792,458,2046167258.0
2016,M,792,484,895868360.0
2016,M,792,496,5175499.0
2016,M,792,504,920703920.0
2016,M,792,512,48092395.0
2016,M,792,528,3052393833.0
2016,M,792,554,71658777.0
2016,M,792,586,273550850.0
2016,M,792,604,60227010.0
2016,M,792,608,129597978.0
2016,M,792,616,3368728361.0
2016,M,792,634,286948813.0
2016,M,792,643,15467236736.0
2016,M,792,682,1839221563.0
2016,M,792,702,362271060.0
2016,M,792,704,1775570972.0
2016,M,792,710,1051912322.0
2016,M,792,724,5800683145.0
2016,M,792,757,2572062979.0
2016,M,792,764,1511099695.0
2016,M,792,784,3761060647.0
2016,M,792,818,1445112618.0
2016,M,792,826,5479965345.0
2016,M,792,834,27395998.0
2016,M,528,12,954267512.102
2016,M,528,24,172254148.0
2016,M,528,31,3736941.998
2016,M,528,32,1171953334.426
2016,M,528,36,1102051323.605
2016,M,528,50,1094738287.619
2016,M,528,76,4665095253.191
2016,M,528,124,1586022052.597
2016,M,528,144,155958280.788
2016,M,528,152,948550899.156
2016,M,528,156,35979810323.887
2016,M,528,170,957793350.145
2016,M,528,192,68951263.12
2016,M,528,214,212251708.657
2016,M,528,218,362915297.889
2016,M,528,251,16535827740.119
2016,M,528,276,73922456438.175
2016,M,528,288,883448253.118
2016,M,528,344,4661339895.408
2016,M,528,360,2632993320.38
2016,M,528,364,278344353.341
2016,M,528,368,1798149762.517
2016,M,528,376,1974701318.755
2016,M,528,380,9792377498.366
2016,M,528,384,1296380464.985
2016,M,528,392,7715169515.551
2016,M,528,404,471947612.756
2016,M,528,410,3291342810.629
2016,M,528,414,986098452.336
2016,M,528,446,4081909.143
2016,M,528,458,7069555430.978
2016,M,528,484,1604174563.309
2016,M,528,496,246176.584
2016,M,528,504,395233137.465
2016,M,528,512,82042673.023
2016,M,528,554,416741718.498
2016,M,528,586,421547096.87
2016,M,528,604,764767242.578
2016,M,528,608,1301839044.533
2016,M,528,616,8226995267.899
2016,M,528,634,463469198.381
2016,M,528,643,15141966250.956
2016,M,528,682,1761936151.845
2016,M,528,702,2878074393.137
2016,M,528,704,5610609019.05
2016,M,528,710,1312892371.143
2016,M,528,724,7638749439.497
2016,M,528,757,2800222545.347
2016,M,528,764,2792975211.91
2016,M,528,784,1089145298.391
2016,M,528,792,3045986445.829
2016,M,528,818,312869272.876
2016,M,528,826,23331701377.822
2016,M,528,834,55860689.544
2016,M,757,12,2839455.77
2016,M,757,24,28060.777
2016,M,757,31,93536347.56
2016,M,757,32,1147481050.124
2016,M,757,36,893769482.645
2016,M,757,50,446284582.862
2016,M,757,76,1237576341.5
2016,M,757,124,1036399106.204
2016,M,757,144,159555740.692
2016,M,757,152,527486849.433
2016,M,757,156,12496205317.167
2016,M,757,170,521003528.27
2016,M,757,192,34690636.871
2016,M,757,214,349080074.856
2016,M,757,218,90153195.839
2016,M,757,251,16329987453.896
2016,M,757,276,51706910487.895
2016,M,757,288,2383613998.335
2016,M,757,344,8300696084.977
2016,M,757,360,2390264384.272
2016,M,757,364,21529671.659
2016,M,757,368,40885194.746
2016,M,757,376,692628465.671
2016,M,757,380,19741263551.877
2016,M,757,384,509815479.338
2016,M,757,392,4010215542.45
2016,M,757,404,45669806.383
2016,M,757,410,843944356.45
2016,M,757,414,68877620.692
2016,M,757,446,6487971.745
2016,M,757,458,963267630.798
2016,M,757,484,982587362.771
2016,M,757,496,771730225.832
2016,M,757,504,230371548.989
2016,M,757,512,5878619.684
2016,M,757,528,5047294841.164
2016,M,757,554,97630914.516
2016,M,757,586,124939506.028
2016,M,757,604,2981188652.773
2016,M,757,608,512587547.84
2016,M,757,616,2002503322.055
2016,M,757,634,290992097.494
2016,M,757,643,1666943920.666
2016,M,757,682,446239228.78
2016,M,757,702,3494894529.083
2016,M,757,704,1489601670.684
2016,M,757,710,1108330462.566
2016,M,757,724,5178444770.625
2016,M,757,764,5019753278.126
2016,M,757,784,16322111533.581
2016,M,757,792,3054904385.566
2016,M,757,818,475183364.911
2016,M,757,826,19009034355.195
2016,M,757,834,629276977.342
2016,M,616,12,19039700.0
2016,M,616,24,2080597.0
2016,M,616,31,41585299.0
2016,M,616,32,713238413.0
2016,M,616,36,349262404.0
2016,M,616,50,1016053507.0
2016,M,616,76,891667749.0
2016,M,616,124,355906116.0
2016,M,616,144,90493939.0
2016,M,616,152,199577722.0
2016,M,616,156,23447666605.0
2016,M,616,170,127511773.0
2016,M,616,192,193535.0
2016,M,616,214,35587646.0
2016,M,616,218,193213345.0
2016,M,616,251,7344545662.0
2016,M,616,276,43177700956.0
2016,M,616,288,33325132.0
2016,M,616,344,70740080.0
2016,M,616,360,633251067.0
2016,M,616,364,143767507.0
2016,M,616,368,405305583.0
2016,M,616,376,339302395.0
2016,M,616,380,9609331611.0
2016,M,616,384,156541598.0
2016,M,616,392,2867728712.0
2016,M,616,404,27327866.0
2016,M,616,410,3342330694.0
2016,M,616,414,1401601.0
2016,M,616,446,3490123.0
2016,M,616,458,627377156.0
2016,M,616,484,521945753.0
2016,M,616,496,142148.0
2016,M,616,504,312926242.0
2016,M,616,512,10327038.0
2016,M,616,528,7047477398.0
2016,M,616,554,96663354.0
2016,M,616,586,299719827.0
2016,M,616,604,38144482.0
2016,M,616,608,331088539.0
2016,M,616,634,300135008.0
2016,M,616,643,11536965769.0
2016,M,616,682,604288422.0
2016,M,616,702,693889392.0
2016,M,616,704,1649982492.0
2016,M,616,710,298465809.0
2016,M,616,724,4117299770.0
2016,M,616,757,1437544799.0
2016,M,616,764,735554520.0
2016,M,616,784,122265560.0
2016,M,616,792,3089308905.0
2016,M,616,818,117985751.0
2016,M,616,826,4813797533.0
2016,M,616,834,32872945.0
2016,M,32,12,49469090.15
2016,M,32,24,10980451.46
2016,M,32,32,31084244.22
2016,M,32,36,159679210.69
2016,M,32,50,13124527.73
2016,M,32,76,13605497193.4
2016,M,32,124,345356797.83
2016,M,32,144,11125685.94
2016,M,32,152,684540132.99
2016,M,32,156,10473034582.69
2016,M,32,170,201009796.77
2016,M,32,192,14164309.95
2016,M,32,214,3370235.06
2016,M,32,218,274849021.41
2016,M,32,251,1552712201.59
2016,M,32,276,3053670596.75
2016,M,32,288,466.26
2016,M,32,344,14969404.2
2016,M,32,360,276018849.36
2016,M,32,364,3936403.67
2016,M,32,368,454.03
2016,M,32,376,117802562.12
2016,M,32,380,1436014094.9
2016,M,32,384,2302272.36
2016,M,32,392,953450913.03
2016,M,32,404,156504.21
2016,M,32,410,886926942.33
2016,M,32,414,14817700.17
2016,M,32,446,531388.54
2016,M,32,458,291570866.08
2016,M,32,484,1785338834.72
2016,M,32,496,3213.48
2016,M,32,504,107408326.19
2016,M,32,512,45597198.91
2016,M,32,528,429339025.01
2016,M,32,554,21783701.33
2016,M,32,586,55244310.05
2016,M,32,604,124886379.59
2016,M,32,608,102430374.93
2016,M,32,616,147011048.8
2016,M,32,634,276158046.16
2016,M,32,643,393791155.34
2016,M,32,682,245946160.22
2016,M,32,702,157465472.73
2016,M,32,704,350268706.98
2016,M,32,710,183007127.51
2016,M,32,724,920978895.71
2016,M,32,757,517135897.02
2016,M,32,764,1132251399.74
2016,M,32,784,70893789.66
2016,M,32,792,173311559.82
2016,M,32,818,8198630.2
2016,M,32,826,471498000.42
2016,M,32,834,1037510.27
2016,M,784,12,14620872.389
2016,M,784,24,956305699.012
2016,M,784,31,2442645.771
2016,M,784,32,177065144.175
2016,M,784,36,2117092377.87
2016,M,784,50,251525691.659
2016,M,784,76,1776800272.071
2016,M,784,124,1542535711.25
2016,M,784,144,180003982.251
2016,M,784,152,99154882.093
2016,M,784,156,22424486750.354
2016,M,784,170,103790774.716
2016,M,784,192,994622.399
2016,M,784,214,10680043.219
2016,M,784,218,44363714.417
2016,M,784,251,4454562294.316
2016,M,784,276,12594493776.97
2016,M,784,288,2038060299.346
2016,M,784,344,2779492651.281
2016,M,784,360,1167388254.352
2016,M,784,364,968592571.562
2016,M,784,368,1709396596.253
2016,M,784,380,5411372624.443
2016,M,784,384,24107783.152
2016,M,784,392,9659324704.2
2016,M,784,404,131062411.638
2016,M,784,410,4769820923.582
2016,M,784,414,923505662.682
2016,M,784,446,473410.814
2016,M,784,458,2704737284.355
2016,M,784,484,739516594.635
2016,M,784,496,5651.07
2016,M,784,504,132408879.682
2016,M,784,512,2431854510.733
2016,M,784,528,1286789963.487
2016,M,784,554,398841750.134
2016,M,784,586,700266993.325
2016,M,784,604,449919236.299
2016,M,784,608,432905726.961
2016,M,784,616,618800347.743
2016,M,784,634,581291047.658
2016,M,784,643,1107623983.537
2016,M,784,682,4473661884.529
2016,M,784,702,1642185349.126
2016,M,784,704,2642225399.938
2016,M,784,710,1487190329.923
2016,M,784,724,1621531152.058
2016,M,784,757,3846405015.924
2016,M,784,764,2619590852.6
2016,M,784,792,4661407900.174
2016,M,784,818,1833219343.545
2016,M,784,826,5196702275.1
2016,M,784,834,855226461.815
2016,M,764,12,245702132.84
2016,M,764,24,165395944.81
2016,M,764,31,240166033.44
2016,M,764,32,560568744.23
2016,M,764,36,3417690359.24
2016,M,764,50,55915207.86
2016,M,764,76,2162741149.04
2016,M,764,124,904718557.88
2016,M,764,144,39923256.14
2016,M,764,152,351070364.68
2016,M,764,156,42029998401.25
2016,M,764,170,71271595.14
2016,M,764,192,2616218.55
2016,M,764,214,20601808.04
2016,M,764,218,1279479.75
2016,M,764,251,2808161807.45
2016,M,764,276,5862103030.13
2016,M,764,288,2989921.83
2016,M,764,344,1599429847.05
2016,M,764,360,6325996046.06
2016,M,764,364,166993664.5
2016,M,764,368,15714.84
2016,M,764,376,393005807.41
2016,M,764,380,1886718942.68
2016,M,764,384,15187263.31
2016,M,764,392,30672854521.59
2016,M,764,404,16101825.59
2016,M,764,410,7282784671.1
2016,M,764,414,467801357.81
2016,M,764,446,9495640.5
2016,M,764,458,10791194620.95
2016,M,764,484,586888921.66
2016,M,764,496,12134727.71
2016,M,764,504,56997109.21
2016,M,764,512,93018868.67
2016,M,764,528,987586920.51
2016,M,764,554,587575081.31
2016,M,764,586,118590246.19
2016,M,764,604,68398945.0
2016,M,764,608,2711805753.52
2016,M,764,616,256519752.16
2016,M,764,634,2442687043.53
2016,M,764,643,1364085539.61
2016,M,764,682,4796323107.45
2016,M,764,702,6510857132.36
2016,M,764,704,4414543762.53
2016,M,764,710,733248092.85
2016,M,764,724,623224763.76
2016,M,764,757,4133178531.64
2016,M,764,764,2873670082.74
2016,M,764,784,5985372737.9
2016,M,764,792,299244499.2
2016,M,764,818,71832122.31
2016,M,764,826,2015929539.69
2016,M,764,834,28417709.15
2016,M,376,24,33000.0
2016,M,376,31,6259000.0
2016,M,376,32,139382000.0
2016,M,376,36,184921000.0
2016,M,376,50,45000000.0
2016,M,376,76,253533000.0
2016,M,376,124,283167000.0
2016,M,376,144,81689000.0
2016,M,376,152,85851000.0
2016,M,376,156,5896145000.0
2016,M,376,170,15214000.0
2016,M,376,192,1492000.0
2016,M,376,214,4947000.0
2016,M,376,218,6360000.0
2016,M,376,251,1690584000.0
2016,M,376,276,4069373000.0
2016,M,376,288,901000.0
2016,M,376,344,1977437000.0
2016,M,376,360,43116000.0
2016,M,376,380,2693661000.0
2016,M,376,384,302000.0
2016,M,376,392,2354222000.0
2016,M,376,404,7466000.0
2016,M,376,410,1313200000.0
2016,M,376,446,18650000.0
2016,M,376,458,13962000.0
2016,M,376,484,168806000.0
2016,M,376,496,11000.0
2016,M,376,504,16532000.0
2016,M,376,528,2700747000.0
2016,M,376,554,12272000.0
2016,M,376,586,1815000.0
2016,M,376,604,6325000.0
2016,M,376,608,74557000.0
2016,M,376,616,381043000.0
2016,M,376,643,938792000.0
2016,M,376,702,1519159000.0
2016,M,376,704,442365000.0
2016,M,376,710,75142000.0
2016,M,376,724,1577378000.0
2016,M,376,757,4288102000.0
2016,M,376,764,621054000.0
2016,M,376,792,2601458000.0
2016,M,376,818,57166000.0
2016,M,376,826,3669790000.0
2016,M,376,834,7495000.0
2016,M,702,12,109164320.414
2016,M,702,24,81406154.242
2016,M,702,31,471773.703
2016,M,702,32,77458045.523
2016,M,702,36,3793317495.733
2016,M,702,50,217311737.894
2016,M,702,76,1114271444.973
2016,M,702,124,1371822188.872
2016,M,702,144,95511815.861
2016,M,702,152,121476269.331
2016,M,702,156,40493113920.577
2016,M,702,170,253389939.688
2016,M,702,192,10631678.925
2016,M,702,214,45980355.515
2016,M,702,218,30891929.304
2016,M,702,251,8551692761.444
2016,M,702,276,8724937461.595
2016,M,702,288,136643058.257
2016,M,702,344,3218268150.262
2016,M,702,360,13994352109.25
2016,M,702,364,583137132.38
2016,M,702,368,489130683.06
2016,M,702,376,652521135.068
2016,M,702,380,3692160199.42
2016,M,702,384,16847724.083
2016,M,702,392,21291305019.544
2016,M,702,404,6634838.059
2016,M,702,410,17016596355.919
2016,M,702,414,2407855503.398
2016,M,702,446,9414512.34
2016,M,702,458,32235199873.177
2016,M,702,484,1931465148.773
2016,M,702,496,2252503.76
2016,M,702,504,113293615.816
2016,M,702,512,153081399.45
2016,M,702,528,3777611313.622
2016,M,702,554,596966111.011
2016,M,702,586,76943320.595
2016,M,702,604,51967849.084
2016,M,702,608,4693226652.482
2016,M,702,616,468763867.436
2016,M,702,634,2990865813.061
2016,M,702,643,2613897879.768
2016,M,702,682,8127039819.562
2016,M,702,704,3002346173.51
2016,M,702,710,641155872.64
2016,M,702,724,817899720.262
2016,M,702,757,7798499010.412
2016,M,702,764,7210451614.68
2016,M,702,784,7165166214.649
2016,M,702,792,561870762.11
2016,M,702,818,105160338.623
2016,M,702,826,5377039353.894
2016,M,702,834,30378000.546
2016,M,364,12,64483.0
2016,M,364,31,46769212.45
2016,M,364,32,315512587.87
2016,M,364,36,60598715.85
2016,M,364,50,39863449.27
2016,M,364,76,1208325006.44
2016,M,364,124,152264937.0
2016,M,364,144,147854762.31
2016,M,364,152,18282472.25
2016,M,364,156,10696326304.72
2016,M,364,170,4858249.95
2016,M,364,192,60557.0
2016,M,364,214,64000.0
2016,M,364,218,86784557.27
2016,M,364,251,956133098.83
2016,M,364,276,2533502018.65
2016,M,364,288,21955669.71
2016,M,364,344,89468983.42
2016,M,364,360,199370637.78
2016,M,364,368,63728944.36
2016,M,364,380,1226840760.5
2016,M,364,384,1654441.0
2016,M,364,392,546517533.91
2016,M,364,404,10697842.63
2016,M,364,410,3460089446.49
2016,M,364,414,54062642.84
2016,M,364,446,3100.0
2016,M,364,458,443038769.27
2016,M,364,484,3568405.17
2016,M,364,496,157980.0
2016,M,364,504,2117639.0
2016,M,364,512,68216931.41
2016,M,364,528,789473299.91
2016,M,364,554,118026895.45
2016,M,364,586,364465264.77
2016,M,364,604,2137173.75
2016,M,364,608,169152961.44
2016,M,364,616,44330883.41
2016,M,364,634,11196618.56
2016,M,364,643,1544081969.38
2016,M,364,682,4247367.0
2016,M,364,702,384705630.23
2016,M,364,704,41036229.9
2016,M,364,710,49701874.8
2016,M,364,724,349250661.6
2016,M,364,757,1150993580.46
2016,M,364,764,319615968.21
2016,M,364,784,5689197610.17
2016,M,364,792,2724541695.72
2016,M,364,818,19030231.71
2016,M,364,826,413118807.5
2016,M,364,834,1543297.6
2016,M,50,12,666159.16
2016,M,50,24,720.076
2016,M,50,31,176.862
2016,M,50,32,860678218.645
2016,M,50,36,642995621.565
2016,M,50,76,1308616217.906
2016,M,50,124,787752494.784
2016,M,50,144,132119575.184
2016,M,50,152,12235609.982
2016,M,50,156,11748171450.387
2016,M,50,170,822787.214
2016,M,50,192,298119.666
2016,M,50,214,4774588.702
2016,M,50,218,1450989.594
2016,M,50,251,214198575.409
2016,M,50,276,915223172.932
2016,M,50,288,1133687.167
2016,M,50,344,2801455009.652
2016,M,50,360,2037077567.911
2016,M,50,364,28856077.38
2016,M,50,368,305031.149
2016,M,50,376,942783.675
2016,M,50,380,464560304.156
2016,M,50,384,41399695.465
2016,M,50,392,1798008288.565
2016,M,50,404,5983069.282
2016,M,50,410,1425961855.046
2016,M,50,414,1182761447.066
2016,M,50,446,46892810.598
2016,M,50,458,1798766204.665
2016,M,50,484,7939524.165
2016,M,50,496,37.416
2016,M,50,504,114733725.507
2016,M,50,512,105545588.028
2016,M,50,528,217503476.451
2016,M,50,554,164203954.25
2016,M,50,586,672564714.45
2016,M,50,604,4320611.562
2016,M,50,608,24211387.76
2016,M,50,616,55730452.805
2016,M,50,634,126760301.167
2016,M,50,643,1575382712.321
2016,M,50,682,652141328.383
2016,M,50,702,5356003914.592
2016,M,50,704,678374644.104
2016,M,50,710,173346298.529
2016,M,50,724,171888899.759
2016,M,50,757,337372576.175
2016,M,50,764,1034638444.673
2016,M,50,784,1013492463.528
2016,M,50,792,328420850.329
2016,M,50,826,339545443.83
2016,M,50,834,9985490.541
2016,M,608,12,1987376.0
2016,M,608,24,78942.0
2016,M,608,31,1014051.0
2016,M,608,32,319518506.0
2016,M,608,36,967341048.0
2016,M,608,50,31167935.0
2016,M,608,76,444515259.0
2016,M,608,124,417998469.0
2016,M,608,144,17971664.0
2016,M,608,152,55382452.0
2016,M,608,156,15916070697.0
2016,M,608,170,12538380.0
2016,M,608,192,4082413.0
2016,M,608,214,3671294.0
2016,M,608,218,13905802.0
2016,M,608,251,1006009083.0
2016,M,608,276,2009690619.0
2016,M,608,288,751226.0
2016,M,608,344,2539519844.0
2016,M,608,360,4707531762.0
2016,M,608,364,1687259.0
2016,M,608,368,14551.0
2016,M,608,376,134907568.0
2016,M,608,380,511239625.0
2016,M,608,384,17500.0
2016,M,608,392,10196483013.0
2016,M,608,404,12541467.0
2016,M,608,410,5622545456.0
2016,M,608,414,1008791230.0
2016,M,608,446,29824829.0
2016,M,608,458,3417289862.0
2016,M,608,484,95212120.0
2016,M,608,496,127517.0
2016,M,608,504,2174702.0
2016,M,608,512,27370527.0
2016,M,608,528,536311162.0
2016,M,608,554,437797358.0
2016,M,608,586,113012229.0
2016,M,608,604,28583010.0
2016,M,608,616,37326019.0
2016,M,608,634,232715316.0
2016,M,608,643,191321771.0
2016,M,608,682,1078427188.0
2016,M,608,702,5596519301.0
2016,M,608,704,1982274479.0
2016,M,608,710,42760930.0
2016,M,608,724,438890967.0
2016,M,608,757,408794944.0
2016,M,608,764,6725804497.0
2016,M,608,784,613200276.0
2016,M,608,792,90580582.0
2016,M,608,818,19067007.0
2016,M,608,826,513396853.0
2016,M,608,834,4049780.0
2016,M,704,12,2608738.05
2016,M,704,24,12212363.05
2016,M,704,31,104946369.81
2016,M,704,32,2672225009.37
2016,M,704,36,2442138403.98
2016,M,704,50,52445566.68
2016,M,704,76,1722310359.49
2016,M,704,124,395470765.82
2016,M,704,144,103561319.18
2016,M,704,152,231738091.08
2016,M,704,156,50037690971.79
2016,M,704,170,9104146.41
2016,M,704,214,3584112.44
2016,M,704,218,10105175.38
2016,M,704,251,1159793333.96
2016,M,704,276,2850215353.21
2016,M,704,288,202545763.92
2016,M,704,344,1500283905.2
2016,M,704,360,2992477586.8
2016,M,704,376,688268618.35
2016,M,704,380,1427002190.24
2016,M,704,384,702960806.82
2016,M,704,392,15098322647.27
2016,M,704,404,4230351.77
2016,M,704,410,32193121477.04
2016,M,704,414,110359430.99
2016,M,704,446,11342548.19
2016,M,704,458,5174313152.2
2016,M,704,484,483937123.27
2016,M,704,496,39293889.65
2016,M,704,504,13658255.01
2016,M,704,512,45963871.22
2016,M,704,528,676890745.04
2016,M,704,554,356851767.16
2016,M,704,586,128842006.08
2016,M,704,604,76490395.65
2016,M,704,608,1060165372.98
2016,M,704,616,191745166.78
2016,M,704,634,181283041.92
2016,M,704,643,1136832982.72
2016,M,704,682,1165277420.74
2016,M,704,702,4768529248.93
2016,M,704,710,149497970.11
2016,M,704,724,451389936.48
2016,M,704,757,552194598.3
2016,M,704,764,8855140203.01
2016,M,704,784,450368926.73
2016,M,704,792,171383644.33
2016,M,704,818,21480441.77
2016,M,704,826,724366687.15
2016,M,704,834,145534804.87
2016,M,458,12,912813.0
2016,M,458,24,1065699.0
2016,M,458,31,233448.0
2016,M,458,32,1020014530.0
2016,M,458,36,3762046492.0
2016,M,458,50,190022275.0
2016,M,458,76,2037282914.0
2016,M,458,124,666605107.0
2016,M,458,144,59527935.0
2016,M,458,152,110260241.0
2016,M,458,156,34306465952.0
2016,M,458,170,29108641.0
2016,M,458,192,2336456.0
2016,M,458,214,4147959.0
2016,M,458,218,64221065.0
2016,M,458,251,2287389563.0
2016,M,458,276,5732436536.0
2016,M,458,288,164336722.0
2016,M,458,344,3053256317.0
2016,M,458,360,7092645712.0
2016,M,458,364,154825064.0
2016,M,458,368,105290667.0
2016,M,458,380,1387868965.0
2016,M,458,384,278672736.0
2016,M,458,392,13733979367.0
2016,M,458,404,12564289.0
2016,M,458,410,8838128061.0
2016,M,458,414,448139879.0
2016,M,458,446,13194673.0
2016,M,458,458,31948233.0
2016,M,458,484,373223363.0
2016,M,458,496,324690.0
2016,M,458,504,24652929.0
2016,M,458,512,264696482.0
2016,M,458,528,1694395982.0
2016,M,458,554,690312450.0
2016,M,458,586,171591885.0
2016,M,458,604,76497003.0
2016,M,458,608,1589887891.0
2016,M,458,616,183700609.0
2016,M,458,634,419905724.0
2016,M,458,643,969273913.0
2016,M,458,682,2559221697.0
2016,M,458,702,17453435331.0
2016,M,458,704,4535963673.0
2016,M,458,710,411199098.0
2016,M,458,724,499417888.0
2016,M,458,757,1718792210.0
2016,M,458,764,10208534484.0
2016,M,458,784,2335770709.0
2016,M,458,792,300068850.0
2016,M,458,818,121810210.0
2016,M,458,826,1579056423.0
2016,M,458,834,151713491.0
2016,M,818,12,317372056.384
2016,M,818,24,118278.359
2016,M,818,31,411126.499
2016,M,818,32,2031934190.241
2016,M,818,36,341111889.797
2016,M,818,50,28534579.43
2016,M,818,76,2128061233.655
2016,M,818,124,274260093.171
2016,M,818,144,32978956.023
2016,M,818,152,14975782.884
2016,M,818,156,8994896075.481
2016,M,818,170,9197786.275
2016,M,818,192,110695.081
2016,M,818,214,1665083.751
2016,M,818,218,13642527.514
2016,M,818,251,1663561201.256
2016,M,818,276,6056647793.518
2016,M,818,288,16437301.454
2016,M,818,344,61037176.264
2016,M,818,360,933936086.473
2016,M,818,364,17973741.012
2016,M,818,368,521258914.751
2016,M,818,376,44337654.438
2016,M,818,380,3323547775.05
2016,M,818,384,2677843.409
2016,M,818,392,1302026593.968
2016,M,818,404,297159758.61
2016,M,818,410,2419871292.666
2016,M,818,414,1411731597.719
2016,M,818,458,415531822.092
2016,M,818,484,64495193.058
2016,M,818,496,114754.376
2016,M,818,504,398257809.341
2016,M,818,512,86707397.375
2016,M,818,528,1002470264.02
2016,M,818,554,328878642.917
2016,M,818,586,106411247.074
2016,M,818,604,7089717.766
2016,M,818,608,17903532.766
2016,M,818,616,407989569.511
2016,M,818,634,1588751098.381
2016,M,818,643,2905229108.603
2016,M,818,682,2947330414.605
2016,M,818,702,186898317.839
2016,M,818,704,259386899.821
2016,M,818,710,125228727.735
2016,M,818,724,2288703145.174
2016,M,818,757,745758234.274
2016,M,818,764,880653533.921
2016,M,818,784,974238377.628
2016,M,818,792,3314919691.791
2016,M,818,826,1332365254.185
2016,M,818,834,3373760.521
2016,M,710,12,254026.175
2016,M,710,24,1277795554.604
2016,M,710,31,23917.257
2016,M,710,32,825258970.133
2016,M,710,36,746864706.599
2016,M,710,50,77360717.94
2016,M,710,76,1409820835.289
2016,M,710,124,342615292.011
2016,M,710,144,33170128.581
2016,M,710,152,99111079.094
2016,M,710,156,13605718881.555
2016,M,710,170,59970750.12
2016,M,710,192,2039769.72
2016,M,710,214,23369030.796
2016,M,710,218,6448705.989
2016,M,710,251,2262103074.345
2016,M,710,276,8873686176.718
2016,M,710,288,13186186.559
2016,M,710,344,288074874.346
2016,M,710,360,664586801.913
2016,M,710,364,17782104.18
2016,M,710,368,38256.33
2016,M,710,376,251766849.243
2016,M,710,380,1856940580.129
2016,M,710,384,24845784.932
2016,M,710,392,2567069879.486
2016,M,710,404,19886216.234
2016,M,710,410,1008856818.129
2016,M,710,414,32983606.11
2016,M,710,446,1861815.374
2016,M,710,458,779842159.725
2016,M,710,484,610233474.646
2016,M,710,496,67392.812
2016,M,710,504,80354042.272
2016,M,710,512,365294856.046
2016,M,710,528,1298044535.533
2016,M,710,554,131653230.828
2016,M,710,586,163462532.201
2016,M,710,604,31082270.431
2016,M,710,608,175600608.891
2016,M,710,616,655524939.444
2016,M,710,634,379445689.052
2016,M,710,643,258762696.488
2016,M,710,682,2850341630.459
2016,M,710,702,385681131.13
2016,M,710,704,1193951332.292
2016,M,710,710,365783210.013
2016,M,710,724,1331371118.806
2016,M,710,757,729712050.186
2016,M,710,764,2171595596.008
2016,M,710,784,1057686249.214
2016,M,710,792,434234074.322
2016,M,710,818,58758093.065
2016,M,710,826,2177022216.601
2016,M,710,834,24244160.447
2016,M,344,12,11554041.233
2016,M,344,24,2046031.646
2016,M,344,31,1662938.517
2016,M,344,32,239976433.606
2016,M,344,36,6102497360.393
2016,M,344,50,191245619.353
2016,M,344,76,2335877435.005
2016,M,344,124,1940518142.038
2016,M,344,144,123437489.087
2016,M,344,152,832261472.19
2016,M,344,156,251091938497.905
2016,M,344,170,48510560.079
2016,M,344,192,39139387.245
2016,M,344,214,15058826.319
2016,M,344,218,29082469.882
2016,M,344,251,5355147140.462
2016,M,344,276,6567951433.316
2016,M,344,288,9427953.185
2016,M,344,360,2353684851.872
2016,M,344,364,257340295.447
2016,M,344,368,3111646.13
2016,M,344,376,2445761571.952
2016,M,344,380,6126975392.794
2016,M,344,384,518817.83
2016,M,344,392,33514512805.161
2016,M,344,404,55327782.242
2016,M,344,410,25743598515.035
2016,M,344,414,36686296.025
2016,M,344,446,896707618.132
2016,M,344,458,11684646780.5
2016,M,344,484,699620858.166
2016,M,344,496,7479214.36
2016,M,344,504,100390970.78
2016,M,344,512,64372045.176
2016,M,344,528,2670043748.748
2016,M,344,554,481027764.599
2016,M,344,586,140383942.907
2016,M,344,604,143945582.55
2016,M,344,608,8713304370.713
2016,M,344,616,349525328.38
2016,M,344,634,88285091.943
2016,M,344,643,692492541.022
2016,M,344,682,487295225.495
2016,M,344,702,35457863157.559
2016,M,344,704,6995620402.939
2016,M,344,710,3883515875.808
2016,M,344,724,945286318.574
2016,M,344,757,18470765511.177
2016,M,344,764,11040778052.358
2016,M,344,784,3915484378.23
2016,M,344,792,361042476.466
2016,M,344,818,45533803.838
2016,M,344,826,6503219789.685
2016,M,344,834,28727624.315
2016,M,170,12,1283.0
2016,M,170,24,40027.0
2016,M,170,31,10644.0
2016,M,170,32,510921271.0
2016,M,170,36,45476079.0
2016,M,170,50,36292636.0
2016,M,170,76,2117351105.0
2016,M,170,124,760170771.0
2016,M,170,144,17576049.0
2016,M,170,152,721052130.0
2016,M,170,156,8631419857.0
2016,M,170,192,3501139.0
2016,M,170,214,38204198.0
2016,M,170,218,804784490.0
2016,M,170,251,828751115.0
2016,M,170,276,1707682450.0
2016,M,170,288,285597.0
2016,M,170,344,49692064.0
2016,M,170,360,181258251.0
2016,M,170,364,1017864.0
2016,M,170,368,288542.0
2016,M,170,376,142670994.0
2016,M,170,380,761287560.0
2016,M,170,384,2582168.0
2016,M,170,392,1115630175.0
2016,M,170,404,1780441.0
2016,M,170,410,888903888.0
2016,M,170,414,92528.0
2016,M,170,446,105593.0
2016,M,170,458,162554676.0
2016,M,170,484,3410737364.0
2016,M,170,496,3072.0
2016,M,170,504,38969989.0
2016,M,170,512,1392494.0
2016,M,170,528,311301732.0
2016,M,170,554,8600145.0
2016,M,170,586,41840824.0
2016,M,170,604,682253489.0
2016,M,170,608,39499748.0
2016,M,170,616,78265816.0
2016,M,170,634,11559441.0
2016,M,170,643,252156680.0
2016,M,170,682,35149405.0
2016,M,170,702,95579814.0
2016,M,170,704,470731845.0
2016,M,170,710,29534084.0
2016,M,170,724,918493809.0
2016,M,170,757,387037181.0
2016,M,170,764,291248174.0
2016,M,170,784,11965277.0
2016,M,170,792,237162745.0
2016,M,170,818,9925300.0
2016,M,170,826,415617755.0
2016,M,170,834,663195.0
2016,M,586,12,66153.0
2016,M,586,24,3026835.0
2016,M,586,31,155153.0
2016,M,586,32,309878055.0
2016,M,586,36,418824319.0
2016,M,586,50,48598016.0
2016,M,586,76,451681142.0
2016,M,586,124,771337891.0
2016,M,586,144,76689451.0
2016,M,586,152,21310691.0
2016,M,586,156,13680153113.0
2016,M,586,170,8688656.0
2016,M,586,192,20485.0
2016,M,586,214,452516.0
2016,M,586,218,324538.0
2016,M,586,251,443980395.0
2016,M,586,276,996461634.0
2016,M,586,288,3064558.0
2016,M,586,344,73469192.0
2016,M,586,360,2088830587.0
2016,M,586,364,323085524.0
2016,M,586,368,21003995.0
2016,M,586,380,527468699.0
2016,M,586,384,8222292.0
2016,M,586,392,1961395062.0
2016,M,586,404,403463166.0
2016,M,586,410,739450548.0
2016,M,586,414,1271957775.0
2016,M,586,446,49901.0
2016,M,586,458,944632236.0
2016,M,586,484,41461870.0
2016,M,586,504,287274960.0
2016,M,586,512,255848266.0
2016,M,586,528,388748553.0
2016,M,586,554,67982168.0
2016,M,586,604,2560866.0
2016,M,586,608,36449055.0
2016,M,586,616,85196571.0
2016,M,586,634,774255729.0
2016,M,586,643,258010575.0
2016,M,586,682,1843133472.0
2016,M,586,702,617684800.0
2016,M,586,704,280327276.0
2016,M,586,710,505154114.0
2016,M,586,724,252726000.0
2016,M,586,757,250521483.0
2016,M,586,764,920023154.0
2016,M,586,784,6202089915.0
2016,M,586,792,260077806.0
2016,M,586,818,122597390.0
2016,M,586,826,623119162.0
2016,M,586,834,26826986.0
2016,M,152,12,2252.82
2016,M,152,24,2634672.48
2016,M,152,31,14823.79
2016,M,152,32,2546840882.027
2016,M,152,36,356390609.275
2016,M,152,50,68879772.842
2016,M,152,76,4779292538.942
2016,M,152,124,607601865.236
2016,M,152,144,44427408.22
2016,M,152,156,14438623277.875
2016,M,152,170,796272704.575
2016,M,152,192,4557433.526
2016,M,152,214,16667474.592
2016,M,152,218,1008604408.992
2016,M,152,251,1898087936.592
2016,M,152,276,2281045635.84
2016,M,152,288,110309.74
2016,M,152,344,57339747.681
2016,M,152,360,168480781.616
2016,M,152,364,1111153.293
2016,M,152,368,78974.0
2016,M,152,376,143595982.852
2016,M,152,380,1089322129.033
2016,M,152,384,5580050.07
2016,M,152,392,1932272500.626
2016,M,152,404,4290849.12
2016,M,152,410,1737829671.89
2016,M,152,414,269923.77
2016,M,152,446,650233.26
2016,M,152,458,201503300.176
2016,M,152,484,2009690557.704
2016,M,152,496,19756.565
2016,M,152,504,11515772.313
2016,M,152,512,150698.1
2016,M,152,528,508759913.757
2016,M,152,554,90257955.253
2016,M,152,586,66440398.567
2016,M,152,604,1006056787.145
2016,M,152,608,59020067.94
2016,M,152,616,101299049.834
2016,M,152,634,16741048.39
2016,M,152,643,59114831.478
2016,M,152,682,16251053.498
2016,M,152,702,76994803.398
2016,M,152,704,690367110.247
2016,M,152,710,69443223.627
2016,M,152,724,1535164302.665
2016,M,152,757,259114442.62
2016,M,152,764,654448741.595
2016,M,152,784,62733652.488
2016,M,152,792,306224834.474
2016,M,152,818,8203179.313
2016,M,152,826,467321625.164
2016,M,152,834,485773.17
2016,M,604,12,54.83
2016,M,604,24,2531040.33
2016,M,604,31,218821.55
2016,M,604,32,909192713.96
2016,M,604,36,102803799.04
2016,M,604,50,50985504.0
2016,M,604,76,2127877007.99
2016,M,604,124,669130285.65
2016,M,604,144,23344120.85
2016,M,604,152,1152658804.8
2016,M,604,156,8226210065.26
2016,M,604,170,1178110679.26
2016,M,604,192,12756156.32
2016,M,604,214,12823864.97
2016,M,604,218,1100314295.47
2016,M,604,251,308607271.95
2016,M,604,276,1119704623.83
2016,M,604,288,43783.18
2016,M,604,344,16706870.68
2016,M,604,360,233300045.32
2016,M,604,364,1748803.91
2016,M,604,368,155584.81
2016,M,604,376,89682368.15
2016,M,604,380,741544017.48
2016,M,604,384,2195007.98
2016,M,604,392,1033372836.27
2016,M,604,404,120241.51
2016,M,604,410,1289639193.58
2016,M,604,414,58412.14
2016,M,604,446,30946.43
2016,M,604,458,188443796.64
2016,M,604,484,1675550177.31
2016,M,604,496,25126.46
2016,M,604,504,34081501.97
2016,M,604,512,2146976.05
2016,M,604,528,249375283.92
2016,M,604,554,62964243.79
2016,M,604,586,31646138.82
2016,M,604,604,24606960.8
2016,M,604,608,53302212.48
2016,M,604,616,70653744.93
2016,M,604,634,19599325.85
2016,M,604,643,289070791.31
2016,M,604,682,137162807.18
2016,M,604,702,92763278.73
2016,M,604,704,379020437.39
2016,M,604,710,36430787.23
2016,M,604,724,644107034.84
2016,M,604,757,155728609.87
2016,M,604,764,538650657.32
2016,M,604,784,73392920.206
2016,M,604,792,140753857.65
2016,M,604,818,5214744.13
2016,M,604,826,254828475.5
2016,M,604,834,1266.82
2016,M,554,12,129258.388
2016,M,554,24,2867.068
2016,M,554,31,772161.404
2016,M,554,32,126473788.621
2016,M,554,36,4534233617.519
2016,M,554,50,76881059.448
2016,M,554,76,141631730.833
2016,M,554,124,464309723.41
2016,M,554,144,37479832.04
2016,M,554,152,78434492.043
2016,M,554,156,7203337601.777
2016,M,554,170,16147732.534
2016,M,554,192,899288.353
2016,M,554,214,12728493.139
2016,M,554,218,57152114.234
2016,M,554,251,808906198.702
2016,M,554,276,1747366997.502
2016,M,554,288,7204220.703
2016,M,554,344,71896282.059
2016,M,554,360,469517783.515
2016,M,554,364,3426687.205
2016,M,554,368,1736.728
2016,M,554,376,77900117.06
2016,M,554,380,743292877.219
2016,M,554,384,313128.697
2016,M,554,392,2556766229.936
2016,M,554,404,2551016.536
2016,M,554,410,1532615089.507
2016,M,554,414,2830579.437
2016,M,554,446,522273.776
2016,M,554,458,936753722.367
2016,M,554,484,196768382.058
2016,M,554,496,442528.203
2016,M,554,504,71041593.244
2016,M,554,512,36651381.37
2016,M,554,528,385718157.387
2016,M,554,554,145193506.271
2016,M,554,586,50784152.492
2016,M,554,604,32230425.096
2016,M,554,608,84787278.025
2016,M,554,616,96246853.869
2016,M,554,634,154908228.707
2016,M,554,643,99699554.968
2016,M,554,682,494661448.282
2016,M,554,702,998801206.733
2016,M,554,704,455760506.109
2016,M,554,710,112346707.622
2016,M,554,724,277471150.489
2016,M,554,757,253418448.481
2016,M,554,764,1623141297.727
2016,M,554,784,769886781.783
2016,M,554,792,125480141.309
2016,M,554,818,7046052.71
2016,M,554,826,1017575626.423
2016,M,554,834,6470017.913
2016,M,12,24,637419.0
2016,M,12,31,119977.0
2016,M,12,32,1334976414.0
2016,M,12,36,16486469.0
2016,M,12,50,18719745.0
2016,M,12,76,1209131627.0
2016,M,12,124,519569927.0
2016,M,12,144,2599727.0
2016,M,12,152,7905810.0
2016,M,12,156,8409854958.0
2016,M,12,170,5971462.0
2016,M,12,192,2108230.0
2016,M,12,214,425484.0
2016,M,12,218,138357945.0
2016,M,12,251,4773926390.0
2016,M,12,276,3024539114.0
2016,M,12,288,845301.0
2016,M,12,344,10509388.0
2016,M,12,360,189664101.0
2016,M,12,364,22462032.0
2016,M,12,368,146763.0
2016,M,12,380,4645652697.0
2016,M,12,384,119653628.0
2016,M,12,392,476429725.0
2016,M,12,404,909805.0
2016,M,12,410,1091889240.0
2016,M,12,414,17052744.0
2016,M,12,458,146535225.0
2016,M,12,484,272205015.0
2016,M,12,496,912.0
2016,M,12,504,269640559.0
2016,M,12,512,74626536.0
2016,M,12,528,746295582.0
2016,M,12,554,390905060.0
2016,M,12,586,26953742.0
2016,M,12,604,16731791.0
2016,M,12,608,12953114.0
2016,M,12,616,459095919.0
2016,M,12,634,79060933.0
2016,M,12,643,588411409.0
2016,M,12,682,646461202.0
2016,M,12,702,57364379.0
2016,M,12,704,434023097.0
2016,M,12,710,62051802.0
2016,M,12,724,3566098160.0
2016,M,12,757,291559432.0
2016,M,12,764,172991756.0
2016,M,12,784,324338043.0
2016,M,12,792,1935230607.0
2016,M,12,818,476060577.0
2016,M,12,826,763486415.0
2016,M,12,834,8498710.0
2016,M,634,12,1977512.651
2016,M,634,31,203720.183
2016,M,634,32,33235090.804
2016,M,634,36,522354173.549
2016,M,634,50,46987649.921
2016,M,634,76,392588434.967
2016,M,634,124,327478547.717
2016,M,634,144,25442391.623
2016,M,634,152,11130883.008
2016,M,634,156,3315491355.405
2016,M,634,170,1965208.883
2016,M,634,192,3071266.25
2016,M,634,218,7472562.702
2016,M,634,251,1026677067.405
2016,M,634,276,2965460263.863
2016,M,634,288,948326.154
2016,M,634,344,18585055.477
2016,M,634,360,128455504.791
2016,M,634,364,83931752.253
2016,M,634,368,670566.05
2016,M,634,380,1285396170.255
2016,M,634,384,1368023.972
2016,M,634,392,2136364865.709
2016,M,634,404,6342081.033
2016,M,634,410,671970993.528
2016,M,634,414,172185333.522
2016,M,634,458,245861720.665
2016,M,634,484,187066561.183
2016,M,634,504,25705366.183
2016,M,634,512,369683626.759
2016,M,634,528,309370922.947
2016,M,634,554,26154636.423
2016,M,634,586,84815448.276
2016,M,634,604,2792642.154
2016,M,634,608,69691928.243
2016,M,634,616,130315433.489
2016,M,634,643,81318206.642
2016,M,634,682,1381454941.944
2016,M,634,702,356815977.262
2016,M,634,704,275409895.283
2016,M,634,710,102997062.855
2016,M,634,724,419190248.973
2016,M,634,757,858217763.95
2016,M,634,764,424665535.488
2016,M,634,784,2908445792.356
2016,M,634,792,535895730.001
2016,M,634,818,323638856.492
2016,M,634,826,1309300277.978
2016,M,634,834,4311169.173
2016,M,414,12,284681.738
2016,M,414,24,148762.399
2016,M,414,31,98750.25
2016,M,414,32,18758430.819
2016,M,414,36,532735198.148
2016,M,414,50,69028413.518
2016,M,414,76,287206787.437
2016,M,414,124,259296980.581
2016,M,414,144,38089593.894
2016,M,414,152,8519779.486
2016,M,414,156,4664539172.39
2016,M,414,170,10144600.167
2016,M,414,192,497530.372
2016,M,414,214,5752611.572
2016,M,414,218,14745158.582
2016,M,414,251,644323877.333
2016,M,414,276,1943775923.942
2016,M,414,288,1585996.985
2016,M,414,344,21793807.205
2016,M,414,360,190950923.645
2016,M,414,364,200679469.594
2016,M,414,368,125041.954
2016,M,414,380,1401848672.901
2016,M,414,384,138351.612
2016,M,414,392,2010107976.795
2016,M,414,404,4123704.012
2016,M,414,410,1347883969.507
2016,M,414,414,114157.949
2016,M,414,446,354158.683
2016,M,414,458,240124606.822
2016,M,414,484,255695444.038
2016,M,414,496,10867.458
2016,M,414,504,27370302.417
2016,M,414,512,212914149.361
2016,M,414,528,433475911.738
2016,M,414,554,56979046.417
2016,M,414,586,174465264.193
2016,M,414,604,4153533.265
2016,M,414,608,98802780.361
2016,M,414,616,143887595.621
2016,M,414,634,93506138.745
2016,M,414,643,101805835.655
2016,M,414,682,1521502978.375
2016,M,414,702,103987044.386
2016,M,414,704,493179476.921
2016,M,414,710,110040129.264
2016,M,414,724,359140598.04
2016,M,414,757,547307890.433
2016,M,414,764,447022929.743
2016,M,414,784,2797721497.974
2016,M,414,792,545972354.606
2016,M,414,818,418292484.186
2016,M,414,826,763592030.645
2016,M,414,834,244329.185
2016,M,504,12,616435672.0
2016,M,504,24,35496.0
2016,M,504,31,13854.0
2016,M,504,32,447057453.0
2016,M,504,36,27715898.0
2016,M,504,50,33608687.0
2016,M,504,76,654020857.0
2016,M,504,124,408981669.0
2016,M,504,144,8818125.0
2016,M,504,152,91111521.0
2016,M,504,156,3804065961.0
2016,M,504,170,24345303.0
2016,M,504,192,14260673.0
2016,M,504,214,399568.0
2016,M,504,218,9941260.0
2016,M,504,251,5513786750.0
2016,M,504,276,2452467957.0
2016,M,504,288,7376053.0
2016,M,504,344,23160240.0
2016,M,504,360,172665845.0
2016,M,504,364,444492.0
2016,M,504,368,598175.0
2016,M,504,380,2264122887.0
2016,M,504,384,10453066.0
2016,M,504,392,511520008.0
2016,M,504,404,8214005.0
2016,M,504,410,788474057.0
2016,M,504,414,25745159.0
2016,M,504,446,574004.0
2016,M,504,458,96200100.0
2016,M,504,484,84658315.0
2016,M,504,496,944.0
2016,M,504,512,19088660.0
2016,M,504,528,797521074.0
2016,M,504,554,66263123.0
2016,M,504,586,28940560.0
2016,M,504,604,25643780.0
2016,M,504,608,19420811.0
2016,M,504,616,361716212.0
2016,M,504,634,54369046.0
2016,M,504,643,1020936380.0
2016,M,504,682,799422545.0
2016,M,504,702,102795482.0
2016,M,504,704,270861586.0
2016,M,504,710,185203679.0
2016,M,504,724,6553540609.0
2016,M,504,757,262859612.0
2016,M,504,764,139218048.0
2016,M,504,784,665949420.0
2016,M,504,792,1849357694.0
2016,M,504,818,411378032.0
2016,M,504,826,796554759.0
2016,M,504,834,4658139.0
2016,M,218,24,3254.0
2016,M,218,32,265821456.0
2016,M,218,36,13697670.0
2016,M,218,50,11928842.0
2016,M,218,76,683254422.0
2016,M,218,124,219670324.0
2016,M,218,144,11111348.0
2016,M,218,152,425066501.0
2016,M,218,156,3090211505.0
2016,M,218,170,1308485600.0
2016,M,218,192,6654492.0
2016,M,218,214,13599638.0
2016,M,218,251,185537892.0
2016,M,218,276,438224499.0
2016,M,218,288,14879.0
2016,M,218,344,34697976.0
2016,M,218,360,82758864.0
2016,M,218,364,527669.0
2016,M,218,376,23995828.0
2016,M,218,380,286380996.0
2016,M,218,384,37755.0
2016,M,218,392,468251899.0
2016,M,218,404,912839.0
2016,M,218,410,552225316.0
2016,M,218,414,20566.0
2016,M,218,446,4164.0
2016,M,218,458,50642542.0
2016,M,218,484,524684949.0
2016,M,218,496,3690.0
2016,M,218,504,3051508.0
2016,M,218,512,279471.0
2016,M,218,528,181264608.0
2016,M,218,554,4944483.0
2016,M,218,586,7770219.0
2016,M,218,604,622666319.0
2016,M,218,608,15337601.0
2016,M,218,616,16846917.0
2016,M,218,634,2633346.0
2016,M,218,643,186401719.0
2016,M,218,682,14889077.0
2016,M,218,702,50331210.0
2016,M,218,704,145131719.0
2016,M,218,710,6203629.0
2016,M,218,724,323307187.0
2016,M,218,757,113111485.0
2016,M,218,764,121172431.0
2016,M,218,784,7354735.0
2016,M,218,792,46850545.0
2016,M,218,818,2169329.0
2016,M,218,826,79036322.0
2016,M,218,834,22.0
2016,M,214,12,257294.518
2016,M,214,24,1876157.033
2016,M,214,32,160487072.011
2016,M,214,36,7884075.773
2016,M,214,50,4755676.671
2016,M,214,76,847642778.645
2016,M,214,124,207010763.392
2016,M,214,144,2363430.03
2016,M,214,152,76065531.986
2016,M,214,156,2556988556.643
2016,M,214,170,368819862.168
2016,M,214,192,12626731.982
2016,M,214,218,72294456.083
2016,M,214,251,192100964.339
2016,M,214,276,322914265.598
2016,M,214,288,439764.479
2016,M,214,360,42792484.729
2016,M,214,364,244625.525
2016,M,214,368,91587.826
2016,M,214,376,26538899.102
2016,M,214,380,531930955.038
2016,M,214,384,3017904.866
2016,M,214,392,444950593.883
2016,M,214,404,45285.002
2016,M,214,410,313089736.401
2016,M,214,414,858.174
2016,M,214,458,34033620.068
2016,M,214,484,1072629647.472
2016,M,214,496,276.217
2016,M,214,504,4129839.435
2016,M,214,512,785204.443
2016,M,214,528,115220385.117
2016,M,214,554,12444272.437
2016,M,214,586,11460205.654
2016,M,214,604,82074102.507
2016,M,214,608,9574773.034
2016,M,214,616,15546210.855
2016,M,214,634,823765.064
2016,M,214,643,53942556.505
2016,M,214,682,8900365.799
2016,M,214,702,23978016.064
2016,M,214,704,72911890.168
2016,M,214,710,6753392.905
2016,M,214,724,655766483.591
2016,M,214,757,63731774.057
2016,M,214,764,103369350.174
2016,M,214,784,8717352.809
2016,M,214,792,49064383.126
2016,M,214,818,4006180.427
2016,M,214,826,194542688.365
2016,M,214,834,436780.043
2016,M,404,12,2967088.97
2016,M,404,24,591362.52
2016,M,404,31,1354057.74
2016,M,404,32,8398478.9
2016,M,404,36,28370843.5
2016,M,404,50,9834086.82
2016,M,404,76,43073574.68
2016,M,404,124,76953882.26
2016,M,404,144,12844081.98
2016,M,404,152,4202514.01
2016,M,404,156,3326468593.34
2016,M,404,170,309076.17
2016,M,404,192,118798.14
2016,M,404,214,22527.9
2016,M,404,218,910707.98
2016,M,404,251,213782111.2
2016,M,404,276,427362732.27
2016,M,404,288,2023606.22
2016,M,404,344,62385942.44
2016,M,404,360,447266291.1
2016,M,404,364,60470017.15
2016,M,404,368,6294.74
2016,M,404,376,49554652.76
2016,M,404,380,234004171.48
2016,M,404,384,765054.94
2016,M,404,392,812366358.85
2016,M,404,410,140083119.46
2016,M,404,414,1359717.66
2016,M,404,446,1975.5
2016,M,404,458,121451855.0
2016,M,404,484,22747366.97
2016,M,404,496,37827.27
2016,M,404,504,40462348.17
2016,M,404,512,56161895.18
2016,M,404,528,162754063.92
2016,M,404,554,6100113.35
2016,M,404,586,179164333.16
2016,M,404,604,421255.59
2016,M,404,608,6583854.33
2016,M,404,616,59347605.15
2016,M,404,634,77335559.74
2016,M,404,643,239150637.41
2016,M,404,682,682732288.18
2016,M,404,702,66978796.27
2016,M,404,704,58333904.1
2016,M,404,710,491475260.31
2016,M,404,724,108663175.5
2016,M,404,757,84832993.07
2016,M,404,764,118878017.68
2016,M,404,784,901798545.38
2016,M,404,792,130790806.17
2016,M,404,818,296151134.99
2016,M,404,826,329893180.8
2016,M,404,834,126238169.78
2016,M,192,12,251726376.99
2016,M,192,24,1938662.14
2016,M,192,32,421061232.33
2016,M,192,36,5884020.44
2016,M,192,50,2400744.03
2016,M,192,76,441121480.98
2016,M,192,124,277273450.69
2016,M,192,144,44616.1
2016,M,192,152,46073241.03
2016,M,192,156,2328160457.84
2016,M,192,170,70058649.52
2016,M,192,192,3143422.38
2016,M,192,214,68897381.92
2016,M,192,218,18906581.22
2016,M,192,251,226383523.5
2016,M,192,276,330853732.22
2016,M,192,344,3274567.29
2016,M,192,360,25430333.66
2016,M,192,364,3840950.83
2016,M,192,376,18124715.72
2016,M,192,380,413820303.77
2016,M,192,392,87344281.62
2016,M,192,404,115520.58
2016,M,192,410,65086938.23
2016,M,192,414,2897566.06
2016,M,192,458,29463315.38
2016,M,192,484,422388672.72
2016,M,192,504,1244277.65
2016,M,192,528,136055978.63
2016,M,192,554,28729672.85
2016,M,192,586,17816295.09
2016,M,192,604,4860782.11
2016,M,192,608,1134880.25
2016,M,192,616,80212689.14
2016,M,192,634,3105701.6
2016,M,192,643,191168273.62
2016,M,192,682,2187349.95
2016,M,192,702,2828614.32
2016,M,192,704,269920397.01
2016,M,192,710,6276919.11
2016,M,192,724,1133902137.94
2016,M,192,757,32465756.85
2016,M,192,764,12548193.24
2016,M,192,784,2237134.06
2016,M,192,792,20936407.43
2016,M,192,818,377005.96
2016,M,192,826,52395146.92
2016,M,192,834,16772.04
2016,M,512,12,26535.758
2016,M,512,31,299.09
2016,M,512,32,57623102.746
2016,M,512,36,279738690.038
2016,M,512,50,18262411.88
2016,M,512,76,540738939.63
2016,M,512,124,151477952.557
2016,M,512,144,9566477.683
2016,M,512,152,10863650.518
2016,M,512,156,3107101288.631
2016,M,512,170,639966.132
2016,M,512,192,192905.054
2016,M,512,214,656668.341
2016,M,512,218,702312.03
2016,M,512,251,444271941.81
2016,M,512,276,1042227973.82
2016,M,512,288,157570.857
2016,M,512,344,7816649.492
2016,M,512,360,392399904.866
2016,M,512,364,691932473.487
2016,M,512,368,79216302.363
2016,M,512,380,726808727.825
2016,M,512,384,181482.428
2016,M,512,392,1605396945.241
2016,M,512,404,16607891.873
2016,M,512,410,616894709.109
2016,M,512,414,63638225.742
2016,M,512,458,270136852.151
2016,M,512,484,76624365.015
2016,M,512,496,32364.106
2016,M,512,504,8687294.407
2016,M,512,528,272859959.838
2016,M,512,554,60518226.023
2016,M,512,586,109239527.23
2016,M,512,604,1913718.944
2016,M,512,608,20556583.325
2016,M,512,616,75879106.305
2016,M,512,634,222158125.649
2016,M,512,643,274721205.444
2016,M,512,682,831821701.469
2016,M,512,702,102688521.317
2016,M,512,704,117454080.456
2016,M,512,710,51995386.738
2016,M,512,724,206675430.034
2016,M,512,757,176012720.18
2016,M,512,764,316779792.036
2016,M,512,784,3457231777.276
2016,M,512,792,368400138.495
2016,M,512,818,159972700.817
2016,M,512,826,600442039.588
2016,M,512,834,20268565.146
2016,M,24,12,2479734.6
2016,M,24,24,27622895.29
2016,M,24,32,72919279.59
2016,M,24,36,6845143.98
2016,M,24,50,1822198.91
2016,M,24,76,663651355.52
2016,M,24,124,62055042.3
2016,M,24,144,3675071.18
2016,M,24,152,8915599.61
2016,M,24,156,1668366975.34
2016,M,24,170,1667219.89
2016,M,24,192,15736626.1
2016,M,24,214,316545.46
2016,M,24,218,411824.08
2016,M,24,251,430314804.13
2016,M,24,276,286455189.09
2016,M,24,288,1572180.59
2016,M,24,344,43177787.53
2016,M,24,360,169052289.96
2016,M,24,364,1717160.7
2016,M,24,368,74115.11
2016,M,24,376,70977833.0
2016,M,24,380,317104877.45
2016,M,24,384,3572772.2
2016,M,24,392,58860070.55
2016,M,24,404,5640852.62
2016,M,24,410,425751660.35
2016,M,24,414,2101174.35
2016,M,24,458,484408461.22
2016,M,24,484,130123951.64
2016,M,24,504,51193390.01
2016,M,24,512,9238465.73
2016,M,24,528,248966632.44
2016,M,24,554,20111284.12
2016,M,24,586,27498190.38
2016,M,24,604,944289.82
2016,M,24,608,217671.73
2016,M,24,616,19526645.2
2016,M,24,634,7867033.6
2016,M,24,643,604763532.7
2016,M,24,682,37876956.88
2016,M,24,702,538430454.08
2016,M,24,704,40626543.78
2016,M,24,710,688595771.49
2016,M,24,724,196666288.04
2016,M,24,757,87107112.75
2016,M,24,764,213741079.03
2016,M,24,784,231102118.16
2016,M,24,792,204254727.08
2016,M,24,818,44445040.1
2016,M,24,826,525087289.79
2016,M,24,834,125016.7
2016,M,144,12,15371.0
2016,M,144,31,4131.0
2016,M,144,32,5918141.0
2016,M,144,36,196280228.0
2016,M,144,50,29351156.0
2016,M,144,76,193154502.0
2016,M,144,124,251066679.0
2016,M,144,152,15475192.0
2016,M,144,156,4270755906.0
2016,M,144,170,539782.0
2016,M,144,192,36230.0
2016,M,144,214,370704.0
2016,M,144,218,8266291.0
2016,M,144,251,295038060.0
2016,M,144,276,435009806.0
2016,M,144,288,252082.0
2016,M,144,344,465914497.0
2016,M,144,360,379081114.0
2016,M,144,364,6989667.0
2016,M,144,368,539065.0
2016,M,144,376,80909459.0
2016,M,144,380,276149849.0
2016,M,144,384,2767099.0
2016,M,144,392,949828612.0
2016,M,144,404,3150673.0
2016,M,144,410,324415779.0
2016,M,144,414,17222221.0
2016,M,144,446,1036590.0
2016,M,144,458,642030231.0
2016,M,144,484,12807472.0
2016,M,144,496,2118026.0
2016,M,144,504,612518.0
2016,M,144,512,38293072.0
2016,M,144,528,113308173.0
2016,M,144,554,196024233.0
2016,M,144,586,304124956.0
2016,M,144,604,1271553.0
2016,M,144,608,26612624.0
2016,M,144,616,28016612.0
2016,M,144,634,30106469.0
2016,M,144,643,199601619.0
2016,M,144,682,135849829.0
2016,M,144,702,1030315717.0
2016,M,144,704,269571820.0
2016,M,144,710,199817043.0
2016,M,144,724,77595889.0
2016,M,144,757,274245761.0
2016,M,144,764,514463335.0
2016,M,144,784,1067272644.0
2016,M,144,792,69153112.0
2016,M,144,818,27571396.0
2016,M,144,826,445737885.0
2016,M,144,834,1136012.0
2016,M,384,12,6236727.373
2016,M,384,24,24034565.146
2016,M,384,31,628303.338
2016,M,384,32,30164381.941
2016,M,384,36,31937573.656
2016,M,384,50,15883540.052
2016,M,384,76,55337374.07
2016,M,384,124,28513433.638
2016,M,384,144,2419390.284
2016,M,384,152,1032085.152
2016,M,384,156,1493891291.35
2016,M,384,170,160497735.019
2016,M,384,192,44296.805
2016,M,384,214,57734.653
2016,M,384,218,259239.353
2016,M,384,251,1137562337.313
2016,M,384,276,277808149.503
2016,M,384,288,53728931.068
2016,M,384,344,6149362.352
2016,M,384,360,51838341.518
2016,M,384,364,1979041.103
2016,M,384,376,9088182.653
2016,M,384,380,200761605.908
2016,M,384,392,206327264.483
2016,M,384,404,2817930.422
2016,M,384,410,119662732.513
2016,M,384,414,3343085.229
2016,M,384,446,144163.282
2016,M,384,458,44132761.068
2016,M,384,484,8606122.374
2016,M,384,504,179260795.791
2016,M,384,512,927167.896
2016,M,384,528,234902878.425
2016,M,384,554,15693729.652
2016,M,384,586,59989844.953
2016,M,384,604,862914.353
2016,M,384,608,2690896.356
2016,M,384,616,27411597.563
2016,M,384,634,29979558.625
2016,M,384,643,59231893.146
2016,M,384,682,74640391.816
2016,M,384,702,12813033.224
2016,M,384,704,130353799.91
2016,M,384,710,114049651.135
2016,M,384,724,273185333.185
2016,M,384,757,34416416.505
2016,M,384,764,263508572.094
2016,M,384,784,54410768.073
2016,M,384,792,129306262.699
2016,M,384,818,41488254.533
2016,M,384,826,162476898.574
2016,M,384,834,860604.033
2016,M,288,12,2740628.0
2016,M,288,24,16267822.0
2016,M,288,31,17745.0
2016,M,288,32,28101637.0
2016,M,288,36,91188815.0
2016,M,288,50,745516.0
2016,M,288,76,273431119.0
2016,M,288,124,236689073.0
2016,M,288,144,4227002.0
2016,M,288,152,6862285.0
2016,M,288,156,1964589969.0
2016,M,288,170,2118328.0
2016,M,288,192,1610.0
2016,M,288,214,290771.0
2016,M,288,218,309164.0
2016,M,288,251,382154913.0
2016,M,288,276,440715477.0
2016,M,288,288,94551856.0
2016,M,288,344,146814443.0
2016,M,288,360,67167282.0
2016,M,288,364,1842530.0
2016,M,288,368,510869.0
2016,M,288,376,51484705.0
2016,M,288,380,205343146.0
2016,M,288,384,65993057.0
2016,M,288,392,152628144.0
2016,M,288,404,5009549.0
2016,M,288,410,278238661.0
2016,M,288,414,3033420.0
2016,M,288,446,2586.0
2016,M,288,458,141139290.0
2016,M,288,484,16215603.0
2016,M,288,496,2058.0
2016,M,288,504,89243349.0
2016,M,288,512,1205463.0
2016,M,288,528,268491984.0
2016,M,288,554,31023678.0
2016,M,288,586,8677889.0
2016,M,288,604,299090.0
2016,M,288,608,4704872.0
2016,M,288,616,20103739.0
2016,M,288,634,10593408.0
2016,M,288,643,69249527.0
2016,M,288,682,51723706.0
2016,M,288,702,54394905.0
2016,M,288,704,219281235.0
2016,M,288,710,332993119.0
2016,M,288,724,167090544.0
2016,M,288,757,48226639.0
2016,M,288,764,147811823.0
2016,M,288,784,288771439.0
2016,M,288,792,287915050.0
2016,M,288,818,63995985.0
2016,M,288,826,1106716966.0
2016,M,288,834,1406286.0
2016,M,834,12,7823991.0
2016,M,834,24,26245.0
2016,M,834,31,18628.0
2016,M,834,32,7072618.0
2016,M,834,36,64515119.0
2016,M,834,50,1704528.0
2016,M,834,76,27850669.0
2016,M,834,124,100870079.0
2016,M,834,144,3234934.0
2016,M,834,152,641590.0
2016,M,834,156,1638488109.0
2016,M,834,170,665297.0
2016,M,834,192,10611.0
2016,M,834,214,17131.0
2016,M,834,218,17249.0
2016,M,834,251,67932645.0
2016,M,834,276,191675198.0
2016,M,834,288,1255401.0
2016,M,834,344,51588988.0
2016,M,834,360,64642973.0
2016,M,834,364,10545483.0
2016,M,834,368,35954.0
2016,M,834,376,7774686.0
2016,M,834,380,87661846.0
2016,M,834,384,241800.0
2016,M,834,392,371008242.0
2016,M,834,404,267744424.0
2016,M,834,410,165313964.0
2016,M,834,414,1718919.0
2016,M,834,458,260466372.0
2016,M,834,484,4811667.0
2016,M,834,496,54762.0
2016,M,834,504,9373734.0
2016,M,834,512,17514151.0
2016,M,834,528,105461947.0
2016,M,834,554,3601829.0
2016,M,834,586,32218783.0
2016,M,834,604,12990.0
2016,M,834,608,3609891.0
2016,M,834,616,24373882.0
2016,M,834,634,20578377.0
2016,M,834,643,107386378.0
2016,M,834,682,220352043.0
2016,M,834,702,52639471.0
2016,M,834,704,19061865.0
2016,M,834,710,472210118.0
2016,M,834,724,31507822.0
2016,M,834,757,129784706.0
2016,M,834,764,78586365.0
2016,M,834,784,592311767.0
2016,M,834,792,65380528.0
2016,M,834,818,34841254.0
2016,M,834,826,155043584.0
2016,M,31,12,383263.83
2016,M,31,24,776.83
2016,M,31,32,12924032.08
2016,M,31,36,7815324.7
2016,M,31,50,8517398.54
2016,M,31,76,161953423.98
2016,M,31,124,13969402.29
2016,M,31,144,44190524.63
2016,M,31,152,3448790.44
2016,M,31,156,703805738.56
2016,M,31,170,160947.09
2016,M,31,192,69860.48
2016,M,31,214,73579.69
2016,M,31,218,21083090.71
2016,M,31,251,150258919.73
2016,M,31,276,387554520.27
2016,M,31,288,202501.22
2016,M,31,344,950628.12
2016,M,31,360,46098260.72
2016,M,31,364,171472653.87
2016,M,31,368,48362.91
2016,M,31,376,15622452.27
2016,M,31,380,331663548.6
2016,M,31,384,14413.24
2016,M,31,392,282649785.18
2016,M,31,404,691119.37
2016,M,31,410,72046108.37
2016,M,31,414,3530921.28
2016,M,31,446,6.47
2016,M,31,458,36393909.21
2016,M,31,484,20831833.87
2016,M,31,496,23282.13
2016,M,31,504,2837018.62
2016,M,31,512,99743.79
2016,M,31,528,75467320.02
2016,M,31,554,39994830.65
2016,M,31,586,5862240.31
2016,M,31,604,636225.6
2016,M,31,608,1435218.2
2016,M,31,616,70162684.14
2016,M,31,634,62316.15
2016,M,31,643,1640929837.5
2016,M,31,682,12101139.89
2016,M,31,702,201497784.26
2016,M,31,704,27197069.82
2016,M,31,710,6242152.32
2016,M,31,724,50049980.46
2016,M,31,757,48544601.87
2016,M,31,764,25425125.6
2016,M,31,784,57705308.71
2016,M,31,792,1181434716.13
2016,M,31,818,4884560.79
2016,M,31,826,495213887.77
2016,M,31,834,343273.43
2016,M,446,32,6295701.0
2016,M,446,36,109079258.0
2016,M,446,50,3604848.0
2016,M,446,76,48613029.0
2016,M,446,124,36895791.0
2016,M,446,144,1257210.0
2016,M,446,152,3237832.0
2016,M,446,156,3132426220.0
2016,M,446,170,477132.0
2016,M,446,192,2248762.0
2016,M,446,214,507355.0
2016,M,446,218,401568.0
2016,M,446,251,713544378.0
2016,M,446,276,198877409.0
2016,M,446,288,1261.0
2016,M,446,344,792045907.0
2016,M,446,360,32302946.0
2016,M,446,364,47133.0
2016,M,446,376,2638248.0
2016,M,446,380,703549466.0
2016,M,446,392,565657601.0
2016,M,446,404,1123300.0
2016,M,446,410,182372539.0
2016,M,446,446,406235.0
2016,M,446,458,70185462.0
2016,M,446,484,4461649.0
2016,M,446,504,1271234.0
2016,M,446,512,97987.0
2016,M,446,528,168577158.0
2016,M,446,554,36383248.0
2016,M,446,586,923974.0
2016,M,446,604,798262.0
2016,M,446,608,21456839.0
2016,M,446,616,6932747.0
2016,M,446,634,2922.0
2016,M,446,643,2033858.0
2016,M,446,682,41466075.0
2016,M,446,702,133247982.0
2016,M,446,704,48331815.0
2016,M,446,710,15667649.0
2016,M,446,724,45349833.0
2016,M,446,757,702104279.0
2016,M,446,764,104584913.0
2016,M,446,784,518318.0
2016,M,446,792,14142641.0
2016,M,446,818,621629.0
2016,M,446,826,152149858.0
2016,M,446,834,1599951.0
2016,M,496,12,2408.0
2016,M,496,31,142700.0
2016,M,496,32,1503179.0
2016,M,496,36,21947127.0
2016,M,496,50,6000948.0
2016,M,496,76,3971676.0
2016,M,496,124,19183572.0
2016,M,496,144,1215715.0
2016,M,496,152,809379.0
2016,M,496,156,1040232836.0
2016,M,496,170,44015.0
2016,M,496,192,41959.0
2016,M,496,214,93538.0
2016,M,496,218,518903.0
2016,M,496,251,19505066.0
2016,M,496,276,120024448.0
2016,M,496,344,14314007.0
2016,M,496,360,11758387.0
2016,M,496,364,84092.0
2016,M,496,376,906869.0
2016,M,496,380,31991101.0
2016,M,496,384,3009.0
2016,M,496,392,330608393.0
2016,M,496,404,12521.0
2016,M,496,410,197888962.0
2016,M,496,446,32500.0
2016,M,496,458,41075583.0
2016,M,496,484,9384277.0
2016,M,496,504,941674.0
2016,M,496,528,12818300.0
2016,M,496,554,8626395.0
2016,M,496,586,1299163.0
2016,M,496,604,160318.0
2016,M,496,608,4034171.0
2016,M,496,616,40754446.0
2016,M,496,634,25079.0
2016,M,496,643,861885671.0
2016,M,496,682,56716.0
2016,M,496,702,14745275.0
2016,M,496,704,40139187.0
2016,M,496,710,1509212.0
2016,M,496,724,14413858.0
2016,M,496,757,9996586.0
2016,M,496,764,30198935.0
2016,M,496,784,927841.0
2016,M,496,792,26000504.0
2016,M,496,818,361687.0
2016,M,496,826,28200834.0
2016,M,496,834,4868.0
2023,X,156,12,9457689464.0
2023,X,156,24,4141201134.0
2023,X,156,31,1715967.0
2023,X,156,32,10739158729.0
2023,X,156,36,73814238179.0
2023,X,156,50,22953015504.0
2023,X,156,76,59105409511.0
2023,X,156,124,45074269772.0
2023,X,156,144,3755454037.0
2023,X,156,152,19508027539.0
2023,X,156,170,12371570749.0
2023,X,156,192,503769277.0
2023,X,156,214,4335503580.0
2023,X,156,218,5861207557.0
2023,X,156,251,42112745547.0
2023,X,156,276,100565204356.0
2023,X,156,288,9226909089.0
2023,X,156,344,274519285068.0
2023,X,156,360,65195769414.0
2023,X,156,364,10034585057.0
2023,X,156,368,14286321780.0
2023,X,156,376,14985244934.0
2023,X,156,380,44522402808.0
2023,X,156,384,4208097072.0
2023,X,156,392,157499979155.0
2023,X,156,404,7879355154.0
2023,X,156,410,148982810996.0
2023,X,156,414,5224580255.0
2023,X,156,446,3762108361.0
2023,X,156,458,87369777322.0
2023,X,156,484,81463411165.0
2023,X,156,496,3470407580.0
2023,X,156,504,6454069521.0
2023,X,156,512,3798023173.0
2023,X,156,528,100195459698.0
2023,X,156,554,7868530022.0
2023,X,156,586,17298320975.0
2023,X,156,604,12110982799.0
2023,X,156,608,52400745910.0
2023,X,156,616,37167370901.0
2023,X,156,634,3636153018.0
2023,X,156,643,110935409106.0
2023,X,156,682,42855038497.0
2023,X,156,702,76945384255.0
2023,X,156,704,137607205249.0
2023,X,156,710,23650491937.0
2023,X,156,724,39705452813.0
2023,X,156,757,5776436893.0
2023,X,156,764,75732738143.0
2023,X,156,784,55683130074.0
2023,X,156,792,38872861571.0
2023,X,156,818,14934546799.0
2023,X,156,826,77911448112.0
2023,X,156,834,8091859941.0
2023,X,276,12,2341667521.518
2023,X,276,24,312086447.024
2023,X,276,31,647367451.752
2023,X,276,32,2815600442.653
2023,X,276,36,12856348023.604
2023,X,276,50,936504573.621
2023,X,276,76,14076463087.116
2023,X,276,124,13988731286.221
2023,X,276,144,204712164.493
2023,X,276,152,3733309923.157
2023,X,276,156,106869688999.974
2023,X,276,170,2173512521.546
2023,X,276,192,185142551.229
2023,X,276,214,414298440.524
2023,X,276,218,605476050.518
2023,X,276,251,130330913943.063
2023,X,276,288,276508435.502
2023,X,276,344,6887886122.863
2023,X,276,360,3737848112.734
2023,X,276,364,1317239919.453
2023,X,276,368,1339377714.048
2023,X,276,376,5881688889.215
2023,X,276,380,92853716302.724
2023,X,276,384,438985412.429
2023,X,276,392,22349338109.903
2023,X,276,404,295421085.332
2023,X,276,410,22357918996.561
2023,X,276,414,1254315261.729
2023,X,276,446,170595800.939
2023,X,276,458,6900534554.658
2023,X,276,484,20743576212.267
2023,X,276,496,195808756.817
2023,X,276,504,3556099280.547
2023,X,276,512,902198153.505
2023,X,276,528,121179828522.642
2023,X,276,554,1741069967.744
2023,X,276,586,1064040001.451
2023,X,276,604,1201980082.631
2023,X,276,608,2111520962.328
2023,X,276,616,98515801222.798
2023,X,276,634,1431702876.146
2023,X,276,643,9968465530.975
2023,X,276,682,8964202402.912
2023,X,276,702,8214570591.389
2023,X,276,704,3869576278.913
2023,X,276,710,10962398849.693
2023,X,276,724,58905787972.767
2023,X,276,757,75244010321.504
2023,X,276,764,5868744805.884
2023,X,276,784,9560118373.432
2023,X,276,792,33767609028.615
2023,X,276,818,5878948992.438
2023,X,276,826,86161909957.127
2023,X,276,834,202208042.958
2023,X,392,12,79210311.842
2023,X,392,24,48017314.815
2023,X,392,31,58552247.631
2023,X,392,32,901553408.141
2023,X,392,36,16748082386.396
2023,X,392,50,1746025753.881
2023,X,392,76,4241480762.765
2023,X,392,124,10901320812.248
2023,X,392,144,166843003.241
2023,X,392,152,2027555041.194
2023,X,392,156,126133117978.753
2023,X,392,170,974413960.127
2023,X,392,192,15842481.472
2023,X,392,214,361205775.727
2023,X,392,218,553057314.746
2023,X,392,251,7016716743.957
2023,X,392,276,19330258239.468
2023,X,392,288,101037217.271
2023,X,392,344,32501628523.841
2023,X,392,360,14421563388.658
2023,X,392,364,64051885.417
2023,X,392,368,845858972.776
2023,X,392,376,1311248096.693
2023,X,392,380,6060164773.181
2023,X,392,384,80267267.332
2023,X,392,404,946828523.985
2023,X,392,410,46906475347.111
2023,X,392,414,1945700546.553
2023,X,392,446,470384992.801
2023,X,392,458,13939096329.764
2023,X,392,484,13087490267.058
2023,X,392,496,766145590.277
2023,X,392,504,268865914.861
2023,X,392,512,1217417337.431
2023,X,392,528,13427502957.165
2023,X,392,554,2903388584.741
2023,X,392,586,1036105129.44
2023,X,392,604,793649525.568
2023,X,392,608,10128688350.616
2023,X,392,616,4193951295.973
2023,X,392,634,1409169375.967
2023,X,392,643,2851067353.65
2023,X,392,682,6344772574.968
2023,X,392,702,18805421963.25
2023,X,392,704,17141817337.156
2023,X,392,710,2506672268.361
2023,X,392,724,3273961383.547
2023,X,392,757,5338820226.395
2023,X,392,764,29328208701.463
2023,X,392,784,10385098965.998
2023,X,392,792,3981427594.586
2023,X,392,818,674599449.764
2023,X,392,826,12005056454.01
2023,X,392,834,556063486.687
2023,X,826,12,263557978.008
2023,X,826,24,364422404.503
2023,X,826,31,571328902.646
2023,X,826,32,505136407.573
2023,X,826,36,5865635240.052
2023,X,826,50,609544288.532
2023,X,826,76,3205396826.7
2023,X,826,124,7661782593.021
2023,X,826,144,174342784.203
2023,X,826,152,635363594.072
2023,X,826,156,34286412813.993
2023,X,826,170,672001435.378
2023,X,826,192,7596252.842
2023,X,826,214,189310893.033
2023,X,826,218,116862258.049
2023,X,826,251,29229533982.005
2023,X,826,276,39590607372.934
2023,X,826,288,444740523.364
2023,X,826,344,16152182455.715
2023,X,826,360,989156022.986
2023,X,826,364,78020995.662
2023,X,826,368,551860867.282
2023,X,826,376,1876743132.731
2023,X,826,380,12071983252.041
2023,X,826,384,214295197.32
2023,X,826,392,6978414563.86
2023,X,826,404,307943540.28
2023,X,826,410,6206041985.772
2023,X,826,414,819354176.385
2023,X,826,446,281624297.454
2023,X,826,458,2078410576.635
2023,X,826,484,1982497893.229
2023,X,826,496,25109081.347
2023,X,826,504,1065222634.62
2023,X,826,512,627807392.742
2023,X,826,528,36870866574.728
2023,X,826,554,1247798246.219
2023,X,826,586,578631349.935
2023,X,826,604,263694436.292
2023,X,826,608,769060236.126
2023,X,826,616,8214379782.674
2023,X,826,634,4528159565.083
2023,X,826,643,814337271.749
2023,X,826,682,5613230805.846
2023,X,826,702,7526408162.634
2023,X,826,704,927864249.231
2023,X,826,710,2105954256.196
2023,X,826,724,11710020723.586
2023,X,826,757,35631872142.581
2023,X,826,764,1957103694.535
2023,X,826,784,9211652136.516
2023,X,826,792,8142013795.029
2023,X,826,818,1950202403.729
2023,X,826,834,172391246.526
2023,X,251,12,4899959324.563
2023,X,251,24,353502496.97
2023,X,251,31,247888752.149
2023,X,251,32,951279340.541
2023,X,251,36,4012271043.954
2023,X,251,50,197752775.457
2023,X,251,76,4740497437.46
2023,X,251,124,4402324420.926
2023,X,251,144,149480992.886
2023,X,251,152,1096343465.386
2023,X,251,156,27837415123.089
2023,X,251,170,1160184220.486
2023,X,251,192,113242394.845
2023,X,251,214,205993410.552
2023,X,251,218,158502409.752
2023,X,251,276,90761299660.439
2023,X,251,288,280500173.895
2023,X,251,344,6303364698.2
2023,X,251,360,1343822430.665
2023,X,251,364,308489081.856
2023,X,251,368,362426557.209
2023,X,251,376,1985317067.616
2023,X,251,380,58396731179.508
2023,X,251,384,1489834310.99
2023,X,251,392,7504173276.177
2023,X,251,404,182857822.008
2023,X,251,410,6725446697.139
2023,X,251,414,865603048.541
2023,X,251,446,478415868.216
2023,X,251,458,1288916291.049
2023,X,251,484,3939537462.59
2023,X,251,496,67891634.922
2023,X,251,504,6873926777.802
2023,X,251,512,328080853.394
2023,X,251,528,25205651235.676
2023,X,251,554,571505758.43
2023,X,251,586,281107363.804
2023,X,251,604,315479215.32
2023,X,251,608,1231662301.169
2023,X,251,616,15907102062.64
2023,X,251,634,1633005529.616
2023,X,251,643,2226084341.588
2023,X,251,682,4402612604.961
2023,X,251,702,10961692196.687
2023,X,251,704,1321475499.166
2023,X,251,710,1942672317.782
2023,X,251,724,49041987986.288
2023,X,251,757,27410367669.019
2023,X,251,764,1874391676.118
2023,X,251,784,5646217742.515
2023,X,251,792,12934701090.612
2023,X,251,818,1906089233.433
2023,X,251,826,39631749915.87
2023,X,251,834,67463932.155
2023,X,380,12,3041549224.243
2023,X,380,24,473766699.28
2023,X,380,31,406048044.737
2023,X,380,32,1460285832.633
2023,X,380,36,5660945986.761
2023,X,380,50,600839372.712
2023,X,380,76,5799898396.33
2023,X,380,124,6828513380.12
2023,X,380,144,222548131.399
2023,X,380,152,1379513355.071
2023,X,380,156,20728303835.313
2023,X,380,170,959487120.504
2023,X,380,192,176753310.751
2023,X,380,214,657333777.781
2023,X,380,218,420402402.514
2023,X,380,251,68733503665.298
2023,X,380,276,80799805324.748
2023,X,380,288,202178263.245
2023,X,380,344,5393072969.194
2023,X,380,360,1502801801.343
2023,X,380,364,646180905.01
2023,X,380,368,970087148.198
2023,X,380,376,3649015432.823
2023,X,380,384,336239437.434
2023,X,380,392,8687651327.241
2023,X,380,404,149121198.143
2023,X,380,410,7225553710.096
2023,X,380,414,2387993508.229
2023,X,380,446,349225369.759
2023,X,380,458,1483033646.2
2023,X,380,484,6679194404.971
2023,X,380,496,83721844.246
2023,X,380,504,2997964737.234
2023,X,380,512,459902192.952
2023,X,380,528,20001191306.219
2023,X,380,554,728878778.141
2023,X,380,586,463223106.239
2023,X,380,604,653491544.884
2023,X,380,608,868774037.728
2023,X,380,616,21374698668.239
2023,X,380,634,2850161337.383
2023,X,380,643,5009628035.088
2023,X,380,682,5265632324.913
2023,X,380,702,3071137090.118
2023,X,380,704,1324871572.949
2023,X,380,710,2392323221.351
2023,X,380,724,35803963680.549
2023,X,380,757,32988836567.729
2023,X,380,764,2070918177.385
2023,X,380,784,7208949486.419
2023,X,380,792,15378840995.414
2023,X,380,818,3630952950.815
2023,X,380,826,28170667121.493
2023,X,380,834,156039737.578
2023,X,124,12,971333448.576
2023,X,124,24,42676610.886
2023,X,124,31,8182261.841
2023,X,124,32,300460841.791
2023,X,124,36,2352021332.208
2023,X,124,50,975369707.635
2023,X,124,76,3031437604.549
2023,X,124,144,110406051.909
2023,X,124,152,734029699.139
2023,X,124,156,22612235334.833
2023,X,124,170,913196324.812
2023,X,124,192,226072520.532
2023,X,124,214,219288851.111
2023,X,124,218,489632037.065
2023,X,124,251,3164752383.727
2023,X,124,276,5339547643.061
2023,X,124,288,208372345.725
2023,X,124,344,3637125266.941
2023,X,124,360,1728518658.35
2023,X,124,364,338350089.457
2023,X,124,368,281054629.315
2023,X,124,376,318157292.642
2023,X,124,380,1994016166.026
2023,X,124,384,97695644.39
2023,X,124,392,11736988181.798
2023,X,124,404,82077061.556
2023,X,124,410,5157611433.674
2023,X,124,414,105041214.797
2023,X,124,446,23963312.707
2023,X,124,458,910006923.059
2023,X,124,484,6571267868.285
2023,X,124,496,22778856.258
2023,X,124,504,590704234.39
2023,X,124,512,89833539.028
2023,X,124,528,5513765653.861
2023,X,124,554,340554134.901
2023,X,124,586,167150861.456
2023,X,124,604,1022152158.585
2023,X,124,608,925005941.745
2023,X,124,616,886850674.596
2023,X,124,634,168700588.548
2023,X,124,643,35938821.607
2023,X,124,682,1605308311.827
2023,X,124,702,1280514990.125
2023,X,124,704,576130988.22
2023,X,124,710,342362634.319
2023,X,124,724,1697516988.617
2023,X,124,757,3542935679.805
2023,X,124,764,799549400.259
2023,X,124,784,1539957914.015
2023,X,124,792,912135802.676
2023,X,124,818,293824850.512
2023,X,124,826,11282908106.828
2023,X,124,834,53922357.07
2023,X,76,12,2373913302.0
2023,X,76,24,409769293.0
2023,X,76,31,27665388.0
2023,X,76,32,16712209284.0
2023,X,76,36,712786968.0
2023,X,76,50,2105984306.0
2023,X,76,124,5772279323.0
2023,X,76,144,40142962.0
2023,X,76,152,7944784712.0
2023,X,76,156,104324811805.0
2023,X,76,170,3822571869.0
2023,X,76,192,220138343.0
2023,X,76,214,1067075215.0
2023,X,76,218,1110177865.0
2023,X,76,251,2975519909.0
2023,X,76,276,5646806466.0
2023,X,76,288,297101537.0
2023,X,76,344,1438416299.0
2023,X,76,360,4126775075.0
2023,X,76,364,2298109484.0
2023,X,76,368,1288662425.0
2023,X,76,376,661867476.0
2023,X,76,380,4085106804.0
2023,X,76,384,221966103.0
2023,X,76,392,6620217025.0
2023,X,76,404,126351494.0
2023,X,76,410,5640635083.0
2023,X,76,414,268028150.0
2023,X,76,446,2811310.0
2023,X,76,458,4066503324.0
2023,X,76,484,8571678431.0
2023,X,76,496,2867232.0
2023,X,76,504,1238351221.0
2023,X,76,512,1191451418.0
2023,X,76,528,12148381795.0
2023,X,76,554,116617662.0
2023,X,76,586,352370192.0
2023,X,76,604,3196094519.0
2023,X,76,608,1550999933.0
2023,X,76,616,1750837816.0
2023,X,76,634,363982418.0
2023,X,76,643,1343313932.0
2023,X,76,682,3203556626.0
2023,X,76,702,7459246165.0
2023,X,76,704,3722437150.0
2023,X,76,710,1642492859.0
2023,X,76,724,7858769806.0
2023,X,76,757,1384405347.0
2023,X,76,764,3349745364.0
2023,X,76,784,3165705594.0
2023,X,76,792,3381552524.0
2023,X,76,818,2314700830.0
2023,X,76,826,3343092336.0
2023,X,76,834,73250405.0
2023,X,410,12,284136437.0
2023,X,410,24,474761476.0
2023,X,410,31,243839784.0
2023,X,410,32,442731044.0
2023,X,410,36,17789485260.0
2023,X,410,50,1624853041.0
2023,X,410,76,4337681216.0
2023,X,410,124,8434174094.0
2023,X,410,144,210666235.0
2023,X,410,152,1246361509.0
2023,X,410,156,124655567747.0
2023,X,410,170,773826843.0
2023,X,410,192,35678974.0
2023,X,410,214,327265804.0
2023,X,410,218,768651658.0
2023,X,410,251,5619969249.0
2023,X,410,276,10312048824.0
2023,X,410,288,180895606.0
2023,X,410,344,25193087883.0
2023,X,410,360,9138629174.0
2023,X,410,364,183314167.0
2023,X,410,368,1195974426.0
2023,X,410,376,1913665832.0
2023,X,410,380,5001115304.0
2023,X,410,384,216600020.0
2023,X,410,392,28997021148.0
2023,X,410,404,269957296.0
2023,X,410,414,558443131.0
2023,X,410,446,19618774.0
2023,X,410,458,9754887002.0
2023,X,410,484,12216845185.0
2023,X,410,496,476434759.0
2023,X,410,504,392259695.0
2023,X,410,512,494614800.0
2023,X,410,528,6845754223.0
2023,X,410,554,2856219204.0
2023,X,410,586,914496912.0
2023,X,410,604,688866561.0
2023,X,410,608,9008417184.0
2023,X,410,616,9020966077.0
2023,X,410,634,764248037.0
2023,X,410,643,6122425926.0
2023,X,410,682,5316030539.0
2023,X,410,702,18751073370.0
2023,X,410,704,53473586565.0
2023,X,410,710,882122874.0
2023,X,410,724,3332223565.0
2023,X,410,757,1136719146.0
2023,X,410,764,7539783519.0
2023,X,410,784,4407280710.0
2023,X,410,792,8966786644.0
2023,X,410,818,1329073756.0
2023,X,410,826,6047599379.0
2023,X,410,834,308448253.0
2023,X,484,12,71417280.0
2023,X,484,24,3728407.0
2023,X,484,31,41104.0
2023,X,484,32,901221424.0
2023,X,484,36,1015436070.0
2023,X,484,50,5069208.0
2023,X,484,76,4318753782.0
2023,X,484,124,17731075690.0
2023,X,484,144,31767.0
2023,X,484,152,1258755472.0
2023,X,484,156,9151479722.0
2023,X,484,170,2743758462.0
2023,X,484,192,296417825.0
2023,X,484,214,808555189.0
2023,X,484,218,571117966.0
2023,X,484,251,1238001615.0
2023,X,484,276,8746321275.0
2023,X,484,288,1172216.0
2023,X,484,344,766748945.0
2023,X,484,360,91730471.0
2023,X,484,368,31058520.0
2023,X,484,376,150266194.0
2023,X,484,380,785073517.0
2023,X,484,384,4322147.0
2023,X,484,392,3846200470.0
2023,X,484,404,52145.0
2023,X,484,410,3806882258.0
2023,X,484,414,101725185.0
2023,X,484,446,844.0
2023,X,484,458,399796254.0
2023,X,484,496,400.0
2023,X,484,504,59958410.0
2023,X,484,512,11379264.0
2023,X,484,528,2193055083.0
2023,X,484,554,176149537.0
2023,X,484,586,57514740.0
2023,X,484,604,1299543625.0
2023,X,484,608,81247746.0
2023,X,484,616,390506972.0
2023,X,484,634,59196035.0
2023,X,484,643,19747655.0
2023,X,484,682,544859229.0
2023,X,484,702,967678707.0
2023,X,484,704,383015004.0
2023,X,484,710,251707718.0
2023,X,484,724,1498142444.0
2023,X,484,757,1721909559.0
2023,X,484,764,338213349.0
2023,X,484,784,512057061.0
2023,X,484,792,213282171.0
2023,X,484,818,44870570.0
2023,X,484,826,2889612053.0
2023,X,484,834,472323.0
2023,X,36,12,36618436.85
2023,X,36,24,8279669.127
2023,X,36,31,1608025.755
2023,X,36,32,292916570.486
2023,X,36,50,1263623854.72
2023,X,36,76,1279311526.228
2023,X,36,124,1632270425.583
2023,X,36,144,146577318.968
2023,X,36,152,421931164.299
2023,X,36,156,120219456120.135
2023,X,36,170,32777566.325
2023,X,36,192,3101.932
2023,X,36,214,12905203.491
2023,X,36,218,27225687.106
2023,X,36,251,1502745962.281
2023,X,36,276,1923262714.119
2023,X,36,288,68676410.809
2023,X,36,344,6458977550.521
2023,X,36,360,7477464250.685
2023,X,36,364,52018758.126
2023,X,36,368,344928168.724
2023,X,36,376,187269028.068
2023,X,36,380,568723229.426
2023,X,36,384,51589949.443
2023,X,36,392,36190353028.187
2023,X,36,404,130866355.402
2023,X,36,410,20904849457.501
2023,X,36,414,312389171.447
2023,X,36,446,72106066.43
2023,X,36,458,5735815469.283
2023,X,36,484,660123019.859
2023,X,36,496,32548423.323
2023,X,36,504,18341122.68
2023,X,36,512,394077629.99
2023,X,36,528,3460306566.657
2023,X,36,554,8264594026.237
2023,X,36,586,686157692.721
2023,X,36,604,117990029.308
2023,X,36,608,2262490726.103
2023,X,36,616,405986533.387
2023,X,36,634,660850013.943
2023,X,36,643,2590896.988
2023,X,36,682,789645987.006
2023,X,36,702,6627937845.152
2023,X,36,704,7824073994.63
2023,X,36,710,1100569131.947
2023,X,36,724,544122763.19
2023,X,36,757,1600118563.875
2023,X,36,764,4446453821.619
2023,X,36,784,3085372825.87
2023,X,36,792,857639546.964
2023,X,36,818,465245772.969
2023,X,36,826,3780439889.171
2023,X,36,834,40355759.723
2023,X,724,12,356388104.877
2023,X,724,24,123433514.265
2023,X,724,31,52792983.752
2023,X,724,32,1246492900.987
2023,X,724,36,1948332946.141
2023,X,724,50,184875406.578
2023,X,724,76,3342871134.933
2023,X,724,124,2322665114.011
2023,X,724,144,81161307.791
2023,X,724,152,1804518345.181
2023,X,724,156,8042715438.128
2023,X,724,170,1183609423.084
2023,X,724,192,938297392.983
2023,X,724,214,961335754.856
2023,X,724,218,620135571.078
2023,X,724,251,63198028874.819
2023,X,724,276,42267935775.882
2023,X,724,288,225857608.195
2023,X,724,344,878985822.138
2023,X,724,360,537260557.05
2023,X,724,364,233237430.123
2023,X,724,368,222346895.61
2023,X,724,376,2055143426.137
2023,X,724,380,34857585603.538
2023,X,724,384,333925117.36
2023,X,724,392,3011788770.845
2023,X,724,404,71357336.925
2023,X,724,410,1927646908.446
2023,X,724,414,278616968.224
2023,X,724,446,42028709.214
2023,X,724,458,631615977.933
2023,X,724,484,6024290489.12
2023,X,724,496,12544844.837
2023,X,724,504,12819541659.61
2023,X,724,512,238131010.569
2023,X,724,528,12949822245.422
2023,X,724,554,311197446.877
2023,X,724,586,196517167.462
2023,X,724,604,771143046.827
2023,X,724,608,880636878.579
2023,X,724,616,9781253029.652
2023,X,724,634,401171613.86
2023,X,724,643,920274666.011
2023,X,724,682,2762463453.055
2023,X,724,702,988418931.055
2023,X,724,704,560878176.744
2023,X,724,710,1626048479.916
2023,X,724,757,7128441766.723
2023,X,724,764,685002408.842
2023,X,724,784,1991814508.316
2023,X,724,792,9383036712.477
2023,X,724,818,1515690994.91
2023,X,724,826,24244334570.33
2023,X,724,834,61079087.398
2023,X,360,12,296834441.224
2023,X,360,24,162990070.321
2023,X,360,31,4885313.372
2023,X,360,32,202407607.534
2023,X,360,36,3176774968.281
2023,X,360,50,3586197610.216
2023,X,360,76,1277882549.889
2023,X,360,124,1300168638.018
2023,X,360,144,326832711.142
2023,X,360,152,312639104.66
2023,X,360,156,65036643202.563
2023,X,360,170,170808796.07
2023,X,360,192,8200646.249
2023,X,360,214,148999630.622
2023,X,360,218,106184171.001
2023,X,360,251,962312667.816
2023,X,360,276,2523283400.917
2023,X,360,288,156458752.315
2023,X,360,344,2651473706.184
2023,X,360,364,194459788.468
2023,X,360,368,292985334.477
2023,X,360,376,165757364.887
2023,X,360,380,2098323761.893
2023,X,360,384,155226607.149
2023,X,360,392,20787683641.363
2023,X,360,404,464437986.226
2023,X,360,410,10304777158.567
2023,X,360,414,253990056.254
2023,X,360,446,2837740.625
2023,X,360,458,12804353912.847
2023,X,360,484,2161004953.479
2023,X,360,496,10795596.639
2023,X,360,504,146948679.188
2023,X,360,512,337156243.84
2023,X,360,528,3869457869.827
2023,X,360,554,592873947.251
2023,X,360,586,3030721237.012
2023,X,360,604,367476362.291
2023,X,360,608,11040135399.934
2023,X,360,616,772086092.144
2023,X,360,634,713525758.807
2023,X,360,643,1144654244.776
2023,X,360,682,2078708837.771
2023,X,360,702,12607603597.107
2023,X,360,704,7544855981.797
2023,X,360,710,843091615.537
2023,X,360,724,2194417762.864
2023,X,360,757,2266559698.761
2023,X,360,764,7222872396.393
2023,X,360,784,2648715165.099
2023,X,360,792,1538388094.386
2023,X,360,818,1312345794.577
2023,X,360,826,1526743129.789
2023,X,360,834,282091599.009
2023,X,682,12,826615342.001
2023,X,682,24,20143324.83
2023,X,682,31,7604870.477
2023,X,682,32,22109160.514
2023,X,682,36,761420005.498
2023,X,682,50,636966661.142
2023,X,682,76,852759544.548
2023,X,682,124,37190747.604
2023,X,682,144,52184650.695
2023,X,682,152,183305192.217
2023,X,682,156,7610500551.071
2023,X,682,170,42753833.331
2023,X,682,192,16998247.042
2023,X,682,214,10318964.809
2023,X,682,218,16803572.647
2023,X,682,251,603587020.377
2023,X,682,276,458736309.065
2023,X,682,288,111435534.814
2023,X,682,344,278427779.439
2023,X,682,360,450890933.794
2023,X,682,364,4098.4
2023,X,682,368,1294685886.833
2023,X,682,380,736636411.184
2023,X,682,384,129203618.37
2023,X,682,392,600046446.066
2023,X,682,404,392354870.991
2023,X,682,410,1207007223.425
2023,X,682,414,2252260168.493
2023,X,682,458,700687857.949
2023,X,682,484,50820878.996
2023,X,682,496,685354.383
2023,X,682,504,751790558.272
2023,X,682,512,1219814242.838
2023,X,682,528,708225110.828
2023,X,682,554,123481082.78
2023,X,682,586,735704499.741
2023,X,682,604,30603411.502
2023,X,682,608,103396034.215
2023,X,682,616,197032722.541
2023,X,682,634,1070316219.375
2023,X,682,643,18617743.535
2023,X,682,702,2490476621.738
2023,X,682,704,599653685.542
2023,X,682,710,607622053.876
2023,X,682,724,725870167.72
2023,X,682,757,913441182.231
2023,X,682,764,889057987.107
2023,X,682,784,13758953649.359
2023,X,682,792,3072575478.386
2023,X,682,818,2627354814.316
2023,X,682,826,1009226889.169
2023,X,682,834,185217989.77
2023,X,792,12,2756022225.0
2023,X,792,24,129139280.0
2023,X,792,31,2796851265.0
2023,X,792,32,170532437.0
2023,X,792,36,944264046.0
2023,X,792,50,416840052.0
2023,X,792,76,823429120.0
2023,X,792,124,1627370715.0
2023,X,792,144,133352191.0
2023,X,792,152,304621034.0
2023,X,792,156,3306083517.0
2023,X,792,170,202629045.0
2023,X,792,192,62804794.0
2023,X,792,214,186009959.0
2023,X,792,218,92650456.0
2023,X,792,251,10296438852.0
2023,X,792,276,21083354319.0
2023,X,792,288,268448214.0
2023,X,792,344,868757213.0
2023,X,792,360,411217435.0
2023,X,792,364,3225774461.0
2023,X,792,368,12759358310.0
2023,X,792,376,5434606318.0
2023,X,792,380,12372778520.0
2023,X,792,384,269782139.0
2023,X,792,392,645189950.0
2023,X,792,404,263666768.0
2023,X,792,410,1041594965.0
2023,X,792,414,583124295.0
2023,X,792,446,1689095.0
2023,X,792,458,489872776.0
2023,X,792,484,1242497327.0
2023,X,792,496,105576785.0
2023,X,792,504,3060347102.0
2023,X,792,512,431748637.0
2023,X,792,528,7857412257.0
2023,X,792,554,122958553.0
2023,X,792,586,550463435.0
2023,X,792,604,227215874.0
2023,X,792,608,208806661.0
2023,X,792,616,5955208383.0
2023,X,792,634,799894161.0
2023,X,792,643,10906585102.0
2023,X,792,682,2621415516.0
2023,X,792,702,755244269.0
2023,X,792,704,425916895.0
2023,X,792,710,779379192.0
2023,X,792,724,9783655162.0
2023,X,792,757,2324579558.0
2023,X,792,764,280816585.0
2023,X,792,784,8572808888.0
2023,X,792,818,3352651094.0
2023,X,792,826,12463115637.0
2023,X,792,834,310890673.0
2023,X,528,12,718166938.622
2023,X,528,24,456098925.732
2023,X,528,31,171354205.664
2023,X,528,32,1308207611.343
2023,X,528,36,3540411484.832
2023,X,528,50,311127983.64
2023,X,528,76,4337453563.287
2023,X,528,124,3970152720.078
2023,X,528,144,94657215.508
2023,X,528,152,767200907.024
2023,X,528,156,19173147315.552
2023,X,528,170,840247180.743
2023,X,528,192,201789859.662
2023,X,528,214,219033839.706
2023,X,528,218,206119582.516
2023,X,528,251,57721841842.935
2023,X,528,276,163737654794.845
2023,X,528,288,1353014363.32
2023,X,528,344,2111487674.438
2023,X,528,360,1390428725.027
2023,X,528,364,490789918.873
2023,X,528,368,670291785.262
2023,X,528,376,2337635652.909
2023,X,528,380,29416373230.741
2023,X,528,384,395632272.784
2023,X,528,392,4759560483.059
2023,X,528,404,541594940.399
2023,X,528,410,10161782789.416
2023,X,528,414,669291451.761
2023,X,528,446,38690178.665
2023,X,528,458,1293405393.185
2023,X,528,484,2778730183.796
2023,X,528,496,64469670.488
2023,X,528,504,1485638987.809
2023,X,528,512,356978778.32
2023,X,528,554,781983634.234
2023,X,528,586,660091094.938
2023,X,528,604,331004393.234
2023,X,528,608,684332036.667
2023,X,528,616,20183816459.186
2023,X,528,634,770468832.743
2023,X,528,643,2407535338.712
2023,X,528,682,3877814694.926
2023,X,528,702,3533167895.506
2023,X,528,704,1396164959.939
2023,X,528,710,2776943226.292
2023,X,528,724,22762446460.167
2023,X,528,757,9465030652.618
2023,X,528,764,1331866782.979
2023,X,528,784,3920193616.081
2023,X,528,792,8349636146.14
2023,X,528,818,1664522579.395
2023,X,528,826,45414510860.698
2023,X,528,834,174114628.224
2023,X,757,12,247235366.42
2023,X,757,24,11266189.894
2023,X,757,31,118896412.617
2023,X,757,32,761563764.163
2023,X,757,36,2830969505.11
2023,X,757,50,110489715.405
2023,X,757,76,3126138702.958
2023,X,757,124,4379578375.997
2023,X,757,144,117439032.992
2023,X,757,152,372551560.035
2023,X,757,156,45163448765.534
2023,X,757,170,622168138.326
2023,X,757,192,6723263.703
2023,X,757,214,44965782.637
2023,X,757,218,124756901.53
2023,X,757,251,20106535670.563
2023,X,757,276,51147895607.663
2023,X,757,288,34043385.829
2023,X,757,344,15213139374.095
2023,X,757,360,446271705.338
2023,X,757,364,184795550.575
2023,X,757,368,191077666.368
2023,X,757,376,1216653756.049
2023,X,757,380,27017648469.165
2023,X,757,384,51729651.551
2023,X,757,392,8545987234.05
2023,X,757,404,90271151.76
2023,X,757,410,3574339632.555
2023,X,757,414,714028772.101
2023,X,757,446,83453047.625
2023,X,757,458,1293623377.398
2023,X,757,484,2234646310.503
2023,X,757,496,151405445.039
2023,X,757,504,448006508.104
2023,X,757,512,307305084.898
2023,X,757,528,7154008544.14
2023,X,757,554,253912027.085
2023,X,757,586,286275469.516
2023,X,757,604,137579582.609
2023,X,757,608,370533329.625
2023,X,757,616,3347890670.8
2023,X,757,634,886188369.716
2023,X,757,643,2878047258.264
2023,X,757,682,6768762039.718
2023,X,757,702,8587084510.599
2023,X,757,704,553855742.233
2023,X,757,710,655341713.517
2023,X,757,724,8590486698.152
2023,X,757,764,4163966806.788
2023,X,757,784,11115559752.154
2023,X,757,792,16301077903.091
2023,X,757,818,1290933691.865
2023,X,757,826,14712665693.103
2023,X,757,834,26444962.285
2023,X,616,12,587894173.0
2023,X,616,24,97899046.0
2023,X,616,31,160941360.0
2023,X,616,32,128655512.0
2023,X,616,36,1050661382.0
2023,X,616,50,80724341.0
2023,X,616,76,716479549.0
2023,X,616,124,1880900714.0
2023,X,616,144,22815580.0
2023,X,616,152,192948673.0
2023,X,616,156,3309540978.0
2023,X,616,170,134844768.0
2023,X,616,192,27059922.0
2023,X,616,214,53727401.0
2023,X,616,218,38433341.0
2023,X,616,251,23426166448.0
2023,X,616,276,106696778805.0
2023,X,616,288,117165465.0
2023,X,616,344,436884389.0
2023,X,616,360,147065539.0
2023,X,616,364,37861276.0
2023,X,616,368,206564676.0
2023,X,616,376,949578664.0
2023,X,616,380,17536511251.0
2023,X,616,384,82205686.0
2023,X,616,392,893762426.0
2023,X,616,404,20480528.0
2023,X,616,410,970967549.0
2023,X,616,414,119995622.0
2023,X,616,446,1463236.0
2023,X,616,458,265256657.0
2023,X,616,484,2475274987.0
2023,X,616,496,91815887.0
2023,X,616,504,940257631.0
2023,X,616,512,74951271.0
2023,X,616,528,17280455912.0
2023,X,616,554,219862169.0
2023,X,616,586,127974163.0
2023,X,616,604,78203665.0
2023,X,616,608,155818351.0
2023,X,616,634,114801503.0
2023,X,616,643,3950051176.0
2023,X,616,682,916551961.0
2023,X,616,702,286984503.0
2023,X,616,704,581468917.0
2023,X,616,710,975366936.0
2023,X,616,724,10519942682.0
2023,X,616,757,4396872411.0
2023,X,616,764,343662954.0
2023,X,616,784,1086124491.0
2023,X,616,792,5056341508.0
2023,X,616,818,349204223.0
2023,X,616,826,18964549829.0
2023,X,616,834,53157500.0
2023,X,32,12,895275956.99
2023,X,32,24,39021412.06
2023,X,32,31,3085760.88
2023,X,32,36,541042047.53
2023,X,32,50,456980049.41
2023,X,32,76,11856694694.54
2023,X,32,124,799922906.95
2023,X,32,144,3494664.65
2023,X,32,152,4940161145.71
2023,X,32,156,5173514945.26
2023,X,32,170,1283559012.69
2023,X,32,192,138810560.24
2023,X,32,214,334431239.89
2023,X,32,218,456639420.24
2023,X,32,251,342457568.35
2023,X,32,276,763964928.58
2023,X,32,288,89479890.97
2023,X,32,344,96781418.19
2023,X,32,360,974369842.09
2023,X,32,364,204430033.01
2023,X,32,368,240389908.77
2023,X,32,376,341151581.18
2023,X,32,380,803092096.18
2023,X,32,384,61083977.76
2023,X,32,392,658805136.28
2023,X,32,404,23816250.77
2023,X,32,410,1184802878.2
2023,X,32,414,46269302.69
2023,X,32,458,1256694456.3
2023,X,32,484,841802008.28
2023,X,32,496,6727374.73
2023,X,32,504,485161238.64
2023,X,32,512,110694860.66
2023,X,32,528,1559138215.58
2023,X,32,554,115997529.65
2023,X,32,586,117252970.17
2023,X,32,604,2554614988.95
2023,X,32,608,349076254.45
2023,X,32,616,368081144.39
2023,X,32,634,35611070.49
2023,X,32,643,268605148.19
2023,X,32,682,750010621.3
2023,X,32,702,84365338.15
2023,X,32,704,2093184113.69
2023,X,32,710,207156316.08
2023,X,32,724,1441107222.22
2023,X,32,757,1192801780.69
2023,X,32,764,267946043.32
2023,X,32,784,330600214.86
2023,X,32,792,578736092.37
2023,X,32,818,814948318.5
2023,X,32,826,603320102.21
2023,X,32,834,1316360.17
2023,X,784,12,962692142.116
2023,X,784,24,532716436.043
2023,X,784,31,1573180177.368
2023,X,784,32,96738135.779
2023,X,784,36,806581062.388
2023,X,784,50,1278723673.247
2023,X,784,76,572830588.853
2023,X,784,124,946889747.181
2023,X,784,144,741890380.492
2023,X,784,152,109079316.761
2023,X,784,156,9293878219.801
2023,X,784,170,87844266.87
2023,X,784,192,34974527.383
2023,X,784,214,32398379.839
2023,X,784,218,39942840.535
2023,X,784,251,1374128665.889
2023,X,784,276,1760282456.372
2023,X,784,288,659620021.741
2023,X,784,344,14374962864.616
2023,X,784,360,821321518.875
2023,X,784,364,5793991977.342
2023,X,784,368,22700763637.637
2023,X,784,376,1651159721.497
2023,X,784,380,1571643185.168
2023,X,784,384,395484207.23
2023,X,784,392,2127493738.068
2023,X,784,404,2272116517.85
2023,X,784,410,1302529375.785
2023,X,784,414,9897563065.154
2023,X,784,446,11367787.881
2023,X,784,458,1909179975.187
2023,X,784,484,444626480.725
2023,X,784,496,12522517.14
2023,X,784,504,769299427.157
2023,X,784,512,10914799952.225
2023,X,784,528,3809533018.694
2023,X,784,554,112820085.726
2023,X,784,586,4263595179.469
2023,X,784,604,54608465.228
2023,X,784,608,321769345.985
2023,X,784,616,526906875.674
2023,X,784,634,7887152547.566
2023,X,784,643,4492377530.526
2023,X,784,682,29464758708.178
2023,X,784,702,3341455091.376
2023,X,784,704,1068991119.115
2023,X,784,710,2443023411.373
2023,X,784,724,569532087.676
2023,X,784,757,11087245136.954
2023,X,784,764,1454389074.534
2023,X,784,792,18723105854.628
2023,X,784,818,4522433743.122
2023,X,784,826,2879249123.899
2023,X,784,834,1229056863.811
2023,X,764,12,104011354.622
2023,X,764,24,102883682.261
2023,X,764,31,12681836.864
2023,X,764,32,1540828162.597
2023,X,764,36,12214614480.082
2023,X,764,50,1140763056.097
2023,X,764,76,1820859503.411
2023,X,764,124,1903805628.162
2023,X,764,144,290873562.311
2023,X,764,152,477181540.008
2023,X,764,156,34173311557.793
2023,X,764,170,204555439.803
2023,X,764,192,4145558.203
2023,X,764,214,113175846.478
2023,X,764,218,265344382.644
2023,X,764,251,1975338454.922
2023,X,764,276,4555813581.521
2023,X,764,288,112736926.143
2023,X,764,344,11097128878.27
2023,X,764,360,10092102341.27
2023,X,764,364,135089976.384
2023,X,764,368,901349056.266
2023,X,764,376,784064410.517
2023,X,764,380,2098183696.734
2023,X,764,384,161528106.495
2023,X,764,392,24594124228.99
2023,X,764,404,194049230.168
2023,X,764,410,6073058405.756
2023,X,764,414,452832817.96
2023,X,764,446,49504293.934
2023,X,764,458,11965144908.165
2023,X,764,484,3704064267.582
2023,X,764,496,21139176.651
2023,X,764,504,107086022.212
2023,X,764,512,443547678.207
2023,X,764,528,5842645908.944
2023,X,764,554,1406887110.543
2023,X,764,586,854413824.05
2023,X,764,604,296837956.442
2023,X,764,608,7982177726.168
2023,X,764,616,596973056.496
2023,X,764,634,327478092.419
2023,X,764,643,820829717.43
2023,X,764,682,2732088534.085
2023,X,764,702,10240028034.305
2023,X,764,704,11217485530.873
2023,X,764,710,3529011311.209
2023,X,764,724,867567713.332
2023,X,764,757,4040044021.046
2023,X,764,784,3314907297.8
2023,X,764,792,1544957625.302
2023,X,764,818,667914133.609
2023,X,764,826,4076340020.342
2023,X,764,834,157765290.329
2023,X,376,31,178960000.0
2023,X,376,32,166261000.0
2023,X,376,36,465750000.0
2023,X,376,76,1359765000.0
2023,X,376,124,694411000.0
2023,X,376,144,94606000.0
2023,X,376,152,97217000.0
2023,X,376,156,3399990000.0
2023,X,376,170,104978000.0
2023,X,376,192,7987000.0
2023,X,376,214,28667000.0
2023,X,376,218,31725000.0
2023,X,376,251,1423884000.0
2023,X,376,276,2118594000.0
2023,X,376,288,14148000.0
2023,X,376,344,1828333000.0
2023,X,376,360,36935000.0
2023,X,376,380,1101376000.0
2023,X,376,384,33399000.0
2023,X,376,392,944679000.0
2023,X,376,404,39216000.0
2023,X,376,410,1077474000.0
2023,X,376,458,25244000.0
2023,X,376,484,414882000.0
2023,X,376,504,61664000.0
2023,X,376,528,2399324000.0
2023,X,376,554,85617000.0
2023,X,376,604,56727000.0
2023,X,376,608,287762000.0
2023,X,376,616,416877000.0
2023,X,376,643,589537000.0
2023,X,376,702,771643000.0
2023,X,376,704,171106000.0
2023,X,376,710,200199000.0
2023,X,376,724,958819000.0
2023,X,376,757,641526000.0
2023,X,376,764,326071000.0
2023,X,376,784,626573000.0
2023,X,376,792,1474790000.0
2023,X,376,818,258500000.0
2023,X,376,826,2111180000.0
2023,X,376,834,10287000.0
2023,X,702,12,46744590.06
2023,X,702,24,194372592.743
2023,X,702,31,33207695.885
2023,X,702,32,201147608.227
2023,X,702,36,15127850036.289
2023,X,702,50,3228400842.126
2023,X,702,76,1839531142.089
2023,X,702,124,1120054988.484
2023,X,702,144,1042235608.229
2023,X,702,152,226911104.443
2023,X,702,156,65585113403.036
2023,X,702,170,114157143.549
2023,X,702,192,403562.302
2023,X,702,214,16599369.981
2023,X,702,218,56828030.434
2023,X,702,251,3813206962.177
2023,X,702,276,8023692488.345
2023,X,702,288,63569085.191
2023,X,702,344,50413351714.906
2023,X,702,360,35368235700.34
2023,X,702,364,10000913.051
2023,X,702,368,85355168.902
2023,X,702,376,631560174.589
2023,X,702,380,1083643569.652
2023,X,702,384,31539327.677
2023,X,702,392,19345617901.024
2023,X,702,404,261986731.183
2023,X,702,410,20648914723.121
2023,X,702,414,398424071.02
2023,X,702,446,301819431.593
2023,X,702,458,44454014876.402
2023,X,702,484,2828833510.502
2023,X,702,496,174063039.71
2023,X,702,504,455676211.449
2023,X,702,512,278066359.072
2023,X,702,528,8351886416.625
2023,X,702,554,3389541285.175
2023,X,702,586,1409550841.955
2023,X,702,604,78722909.842
2023,X,702,608,10051806386.731
2023,X,702,616,460856681.796
2023,X,702,634,759959984.883
2023,X,702,643,138934643.166
2023,X,702,682,1158399488.265
2023,X,702,704,16654082898.76
2023,X,702,710,647229406.333
2023,X,702,724,408469593.173
2023,X,702,757,3880707598.371
2023,X,702,764,19097136793.491
2023,X,702,784,5396581470.228
2023,X,702,792,1102528333.533
2023,X,702,818,282744366.27
2023,X,702,826,3786548035.275
2023,X,702,834,167179090.781
2023,X,608,12,2579418.0
2023,X,608,24,1381391.0
2023,X,608,31,421559.0
2023,X,608,32,86438489.0
2023,X,608,36,561941531.0
2023,X,608,50,38297797.0
2023,X,608,76,207484925.0
2023,X,608,124,582996684.0
2023,X,608,144,15871043.0
2023,X,608,152,37836412.0
2023,X,608,156,10925417700.0
2023,X,608,170,24009130.0
2023,X,608,192,3809254.0
2023,X,608,214,21466171.0
2023,X,608,218,4102053.0
2023,X,608,251,680373833.0
2023,X,608,276,2486640766.0
2023,X,608,288,3641957.0
2023,X,608,344,8843731591.0
2023,X,608,360,748941349.0
2023,X,608,364,37671831.0
2023,X,608,368,4145515.0
2023,X,608,376,144006622.0
2023,X,608,380,264125835.0
2023,X,608,384,2039043.0
2023,X,608,392,10455788964.0
2023,X,608,404,3036599.0
2023,X,608,410,3533831874.0
2023,X,608,414,24343311.0
2023,X,608,446,10254022.0
2023,X,608,458,2183647959.0
2023,X,608,484,906709604.0
2023,X,608,496,3099235.0
2023,X,608,504,17176970.0
2023,X,608,512,4469793.0
2023,X,608,528,3088586285.0
2023,X,608,554,66811384.0
2023,X,608,586,22576810.0
2023,X,608,604,31868971.0
2023,X,608,616,225170453.0
2023,X,608,634,54716382.0
2023,X,608,643,52790136.0
2023,X,608,682,76320717.0
2023,X,608,702,3528073982.0
2023,X,608,704,1694890634.0
2023,X,608,710,121653495.0
2023,X,608,724,239018390.0
2023,X,608,757,561595853.0
2023,X,608,764,2931640278.0
2023,X,608,784,341966201.0
2023,X,608,792,69796043.0
2023,X,608,818,7560139.0
2023,X,608,826,512243065.0
2023,X,608,834,1512185.0
2023,X,704,12,237236672.577
2023,X,704,24,25466388.26
2023,X,704,31,39698873.091
2023,X,704,32,975763445.325
2023,X,704,36,5267685434.995
2023,X,704,50,926310734.059
2023,X,704,76,2437590965.689
2023,X,704,124,5614652284.399
2023,X,704,144,190769338.797
2023,X,704,152,1195058832.241
2023,X,704,156,60574277766.053
2023,X,704,170,519437864.527
2023,X,704,214,119565165.963
2023,X,704,218,138785450.757
2023,X,704,251,3084731983.911
2023,X,704,276,7395705135.615
2023,X,704,288,450498132.23
2023,X,704,344,9600023506.744
2023,X,704,360,5076377075.384
2023,X,704,368,276344234.947
2023,X,704,376,630333943.258
2023,X,704,380,4472791931.542
2023,X,704,384,330808752.865
2023,X,704,392,23313711801.392
2023,X,704,404,98332313.093
2023,X,704,410,23447750677.936
2023,X,704,414,69553454.55
2023,X,704,458,4862760371.185
2023,X,704,484,4433009517.555
2023,X,704,504,231982226.247
2023,X,704,528,10238667781.955
2023,X,704,554,648686654.453
2023,X,704,586,386539675.293
2023,X,704,604,439026028.443
2023,X,704,608,5148559399.359
2023,X,704,616,2450927489.742
2023,X,704,634,211591607.435
2023,X,704,643,1744271782.162
2023,X,704,682,1130240261.473
2023,X,704,702,4288268287.241
2023,X,704,710,763613696.203
2023,X,704,724,3308136035.985
2023,X,704,757,199854883.431
2023,X,704,764,6930981926.476
2023,X,704,784,4008707387.332
2023,X,704,792,1767941249.1
2023,X,704,818,432009737.316
2023,X,704,826,6341117740.113
2023,X,704,834,77934004.64
2023,X,458,12,94677353.236
2023,X,458,24,123031835.322
2023,X,458,31,26175931.325
2023,X,458,32,157866072.51
2023,X,458,36,10941691068.787
2023,X,458,50,2456836826.53
2023,X,458,76,1095884094.542
2023,X,458,124,915283759.741
2023,X,458,144,726982823.416
2023,X,458,152,133741279.545
2023,X,458,156,42145127266.666
2023,X,458,170,116888776.501
2023,X,458,192,6618340.755
2023,X,458,214,40022295.467
2023,X,458,218,64031933.786
2023,X,458,251,1472016624.139
2023,X,458,276,6701374980.898
2023,X,458,288,229754039.414
2023,X,458,344,19698224010.991
2023,X,458,360,11162555979.958
2023,X,458,364,411284986.205
2023,X,458,368,426027404.345
2023,X,458,380,1376447327.747
2023,X,458,384,115612340.531
2023,X,458,392,18791083935.164
2023,X,458,404,1184250394.387
2023,X,458,410,12251988521.681
2023,X,458,414,191071820.556
2023,X,458,446,30996342.952
2023,X,458,484,4103917218.27
2023,X,458,496,33539612.038
2023,X,458,504,136876044.058
2023,X,458,512,318114321.223
2023,X,458,528,7861578214.028
2023,X,458,554,1619167562.853
2023,X,458,586,961437752.864
2023,X,458,604,142698100.505
2023,X,458,608,5798651241.254
2023,X,458,616,703292564.01
2023,X,458,634,318275891.014
2023,X,458,643,619686071.58
2023,X,458,682,1503690660.379
2023,X,458,702,48092322740.089
2023,X,458,704,11404596586.733
2023,X,458,710,975607224.355
2023,X,458,724,1239418827.564
2023,X,458,757,796352927.848
2023,X,458,764,12873639854.988
2023,X,458,784,3120539496.905
2023,X,458,792,3844132643.957
2023,X,458,818,506671051.953
2023,X,458,826,1925328176.458
2023,X,458,834,445747485.413
2023,X,818,12,858805398.69
2023,X,818,24,21262511.241
2023,X,818,31,40915431.974
2023,X,818,32,205672341.579
2023,X,818,36,44696064.338
2023,X,818,50,160239957.821
2023,X,818,76,480820969.386
2023,X,818,124,525378701.549
2023,X,818,144,14816959.071
2023,X,818,152,6465340.362
2023,X,818,156,1086579853.294
2023,X,818,170,9259184.625
2023,X,818,192,5456460.286
2023,X,818,214,30992963.002
2023,X,818,218,7823158.431
2023,X,818,251,862295661.142
2023,X,818,276,820630110.704
2023,X,818,288,204150801.935
2023,X,818,344,35403706.416
2023,X,818,360,136656845.143
2023,X,818,364,2118175.983
2023,X,818,368,690313936.037
2023,X,818,376,145306314.971
2023,X,818,380,3254918557.013
2023,X,818,384,221788026.749
2023,X,818,392,83102718.002
2023,X,818,404,327263670.422
2023,X,818,410,392904854.554
2023,X,818,414,315669738.797
2023,X,818,446,238313.852
2023,X,818,458,99025742.726
2023,X,818,484,41692901.631
2023,X,818,496,33300.15
2023,X,818,504,828906915.737
2023,X,818,512,189606614.668
2023,X,818,528,926270329.083
2023,X,818,554,5105390.143
2023,X,818,586,146005306.768
2023,X,818,604,21967263.162
2023,X,818,608,12128418.167
2023,X,818,616,264190379.496
2023,X,818,634,44266216.339
2023,X,818,643,523956802.397
2023,X,818,682,2671806900.951
2023,X,818,702,202033974.659
2023,X,818,704,53342248.911
2023,X,818,710,123770582.261
2023,X,818,724,1616886785.769
2023,X,818,757,472285587.99
2023,X,818,764,60740072.831
2023,X,818,784,2223717332.195
2023,X,818,792,3643855575.539
2023,X,818,826,1212309985.542
2023,X,818,834,58953587.671
2023,X,710,12,21641636.999
2023,X,710,24,379293334.187
2023,X,710,31,2170626.72
2023,X,710,32,111846781.774
2023,X,710,36,1066744556.25
2023,X,710,50,308959870.758
2023,X,710,76,487132977.123
2023,X,710,124,438830408.143
2023,X,710,144,105701448.09
2023,X,710,152,50806495.896
2023,X,710,156,12482432179.635
2023,X,710,170,26836642.284
2023,X,710,192,2815301.332
2023,X,710,214,4954399.309
2023,X,710,218,23212624.067
2023,X,710,251,637583337.647
2023,X,710,276,7486777498.168
2023,X,710,288,365338752.039
2023,X,710,344,1482202466.181
2023,X,710,360,489497031.148
2023,X,710,364,16523851.885
2023,X,710,368,41363319.245
2023,X,710,376,212652846.847
2023,X,710,380,1102659674.428
2023,X,710,384,165410093.434
2023,X,710,392,5748079125.054
2023,X,710,404,611092523.198
2023,X,710,410,2050649931.812
2023,X,710,414,87805325.857
2023,X,710,446,29598.741
2023,X,710,458,743092269.64
2023,X,710,484,411853485.005
2023,X,710,496,16403775.913
2023,X,710,504,117617789.3
2023,X,710,512,48566602.992
2023,X,710,528,4297969854.624
2023,X,710,554,92120686.415
2023,X,710,586,241822462.049
2023,X,710,604,36662110.027
2023,X,710,608,64806253.652
2023,X,710,616,153781682.127
2023,X,710,634,76745866.153
2023,X,710,643,282766918.545
2023,X,710,682,435406620.338
2023,X,710,702,702235134.59
2023,X,710,704,366601780.039
2023,X,710,724,1596247166.834
2023,X,710,757,432157062.532
2023,X,710,764,433398144.589
2023,X,710,784,2533394472.596
2023,X,710,792,425675376.118
2023,X,710,818,55600151.479
2023,X,710,826,5307072881.642
2023,X,710,834,591353140.535
2023,X,344,12,34976349.385
2023,X,344,24,25289628.471
2023,X,344,31,68449806.622
2023,X,344,32,263809915.542
2023,X,344,36,3506642525.274
2023,X,344,50,831914280.378
2023,X,344,76,1656095187.481
2023,X,344,124,1731418895.0
2023,X,344,144,363874677.927
2023,X,344,152,657689058.388
2023,X,344,156,329897390109.449
2023,X,344,170,455587523.174
2023,X,344,192,3258534.004
2023,X,344,214,58426272.784
2023,X,344,218,240244369.266
2023,X,344,251,3720415151.764
2023,X,344,276,6482460883.105
2023,X,344,288,96662962.656
2023,X,344,360,3106008326.674
2023,X,344,364,22846653.273
2023,X,344,368,21317952.983
2023,X,344,376,2190206686.756
2023,X,344,380,2965418443.833
2023,X,344,384,18072544.453
2023,X,344,392,10784125954.67
2023,X,344,404,97072795.935
2023,X,344,410,9537471011.282
2023,X,344,414,134703958.983
2023,X,344,446,9652133717.203
2023,X,344,458,4839389328.527
2023,X,344,484,4580460766.33
2023,X,344,496,38894189.189
2023,X,344,504,210446168.441
2023,X,344,512,98398265.243
2023,X,344,528,9895173661.382
2023,X,344,554,414540059.498
2023,X,344,586,163131487.587
2023,X,344,604,452257290.211
2023,X,344,608,3628372152.058
2023,X,344,616,1561212110.115
2023,X,344,634,366372567.794
2023,X,344,643,2649171532.368
2023,X,344,682,1064991810.316
2023,X,344,702,8768858659.285
2023,X,344,704,14425164411.059
2023,X,344,710,558076239.567
2023,X,344,724,1543723342.415
2023,X,344,757,5206169784.925
2023,X,344,764,10337402456.189
2023,X,344,784,15556029771.64
2023,X,344,792,1535811183.263
2023,X,344,818,201722159.365
2023,X,344,826,7945205815.246
2023,X,344,834,99941842.058
2023,X,170,12,1347594.8
2023,X,170,24,2605855.15
2023,X,170,31,216792.01
2023,X,170,32,357426586.73
2023,X,170,36,98259072.18
2023,X,170,50,2146472.03
2023,X,170,76,1885420724.04
2023,X,170,124,672395801.09
2023,X,170,144,740103.39
2023,X,170,152,1040754918.89
2023,X,170,156,2469306485.48
2023,X,170,192,52905824.93
2023,X,170,214,577969011.69
2023,X,170,218,2014886226.94
2023,X,170,251,261073898.03
2023,X,170,276,586343548.18
2023,X,170,288,2666198.61
2023,X,170,344,364016699.35
2023,X,170,360,8367396.95
2023,X,170,368,58066320.0
2023,X,170,376,499205361.56
2023,X,170,380,814775153.01
2023,X,170,384,167936488.02
2023,X,170,392,676855199.74
2023,X,170,404,1261605.07
2023,X,170,410,824802033.83
2023,X,170,414,4477688.79
2023,X,170,446,687151.95
2023,X,170,458,320822242.14
2023,X,170,484,1878578601.4
2023,X,170,504,174871469.81
2023,X,170,512,2015733.69
2023,X,170,528,2042399893.83
2023,X,170,554,16111427.77
2023,X,170,586,1250855.88
2023,X,170,604,1136849305.35
2023,X,170,608,11610928.06
2023,X,170,616,946708760.94
2023,X,170,634,2882607.29
2023,X,170,643,68921838.61
2023,X,170,682,96820228.25
2023,X,170,702,187893284.7
2023,X,170,704,23323232.49
2023,X,170,710,76970301.91
2023,X,170,724,1154616154.1
2023,X,170,757,123161865.31
2023,X,170,764,33095707.76
2023,X,170,784,289365610.28
2023,X,170,792,848363147.56
2023,X,170,818,358006780.19
2023,X,170,826,453213315.97
2023,X,170,834,640606.98
2023,X,586,12,17220681.53
2023,X,586,24,16376775.966
2023,X,586,31,5635027.535
2023,X,586,32,45552469.575
2023,X,586,36,271394020.456
2023,X,586,50,690471652.055
2023,X,586,76,130401987.464
2023,X,586,124,361826823.186
2023,X,586,144,301364011.066
2023,X,586,152,64809630.119
2023,X,586,156,2743195846.783
2023,X,586,170,32252001.416
2023,X,586,192,41918.537
2023,X,586,214,9979264.757
2023,X,586,218,8533143.03
2023,X,586,251,484789959.727
2023,X,586,276,1517630411.391
2023,X,586,288,52936069.853
2023,X,586,344,54127459.18
2023,X,586,360,328164514.016
2023,X,586,364,9974430.462
2023,X,586,368,47753582.359
2023,X,586,380,1149124839.159
2023,X,586,384,57883571.871
2023,X,586,392,201930600.32
2023,X,586,404,303023756.813
2023,X,586,410,184916441.8
2023,X,586,414,127510968.503
2023,X,586,446,53312.222
2023,X,586,458,461958756.288
2023,X,586,484,131378210.929
2023,X,586,496,363703.956
2023,X,586,504,29520705.949
2023,X,586,512,173304941.11
2023,X,586,528,1443450723.447
2023,X,586,554,44159065.437
2023,X,586,604,24432026.439
2023,X,586,608,195290081.001
2023,X,586,616,372600390.373
2023,X,586,634,157832153.69
2023,X,586,643,88285874.179
2023,X,586,682,632055814.673
2023,X,586,702,83423280.608
2023,X,586,704,354745888.298
2023,X,586,710,197345139.307
2023,X,586,724,1415113424.211
2023,X,586,757,14897135.175
2023,X,586,764,179319491.008
2023,X,586,784,1403424797.75
2023,X,586,792,352078246.059
2023,X,586,818,103748074.266
2023,X,586,826,1975320289.964
2023,X,586,834,200626221.509
2023,X,152,12,7860994.32
2023,X,152,24,468359.12
2023,X,152,31,2560887.71
2023,X,152,32,882682104.346
2023,X,152,36,204617834.439
2023,X,152,50,40358521.72
2023,X,152,76,4241721466.88
2023,X,152,124,1320074486.068
2023,X,152,144,6040523.712
2023,X,152,156,35589329060.538
2023,X,152,170,698405160.783
2023,X,152,192,19917226.29
2023,X,152,214,161663775.746
2023,X,152,218,575553232.772
2023,X,152,251,1012774662.78
2023,X,152,276,1053498369.024
2023,X,152,288,24132192.15
2023,X,152,344,48685324.471
2023,X,152,360,152988745.822
2023,X,152,364,2430140.64
2023,X,152,368,3535565.264
2023,X,152,376,129094014.35
2023,X,152,380,879338765.221
2023,X,152,384,110361542.0
2023,X,152,392,6837152259.018
2023,X,152,404,2202733.37
2023,X,152,410,5697212692.17
2023,X,152,414,9566441.89
2023,X,152,446,46811.29
2023,X,152,458,298931551.995
2023,X,152,484,1694597895.127
2023,X,152,496,2422888.22
2023,X,152,504,39314768.62
2023,X,152,512,6601763.12
2023,X,152,528,1661216076.476
2023,X,152,554,58546120.571
2023,X,152,586,15324352.514
2023,X,152,604,1560534235.174
2023,X,152,608,199611858.03
2023,X,152,616,113265382.17
2023,X,152,634,7009901.49
2023,X,152,643,459445534.07
2023,X,152,682,73390367.17
2023,X,152,702,85853528.347
2023,X,152,704,321655763.96
2023,X,152,710,97368950.211
2023,X,152,724,1212443628.963
2023,X,152,757,678543531.719
2023,X,152,764,644295387.943
2023,X,152,784,176539592.716
2023,X,152,792,133353999.117
2023,X,152,818,11231083.84
2023,X,152,826,467183579.611
2023,X,152,834,10350573.322
2023,X,368,36,1033080.0
2023,X,368,156,198000.0
2023,X,368,276,70000.0
2023,X,368,364,327500.0
2023,X,368,380,450000.0
2023,X,368,410,351656300.0
2023,X,368,414,8720705.0
2023,X,368,504,18000.0
2023,X,368,512,2703155.0
2023,X,368,528,363229618.0
2023,X,368,586,823746.0
2023,X,368,634,969375.0
2023,X,368,682,6359803.0
2023,X,368,704,12000.0
2023,X,368,724,341381.0
2023,X,368,757,33152000.0
2023,X,368,784,2859195518.0
2023,X,368,792,18400.0
2023,X,368,818,44755700.0
2023,X,368,826,45000.0
2023,X,604,12,5223491.21
2023,X,604,24,27966.18
2023,X,604,32,194517010.87
2023,X,604,36,80329671.18
2023,X,604,50,21967796.42
2023,X,604,76,1727058564.85
2023,X,604,124,2987637612.23
2023,X,604,144,568036.96
2023,X,604,152,1947489594.29
2023,X,604,156,23155748030.08
2023,X,604,170,821816488.21
2023,X,604,192,12474461.52
2023,X,604,214,158593856.42
2023,X,604,218,1158948062.01
2023,X,604,251,346610710.06
2023,X,604,276,949255219.7
2023,X,604,288,21225759.98
2023,X,604,344,266053410.34
2023,X,604,360,62770780.64
2023,X,604,364,980220.84
2023,X,604,368,1266068.65
2023,X,604,376,11785458.47
2023,X,604,380,747651048.44
2023,X,604,384,54309303.28
2023,X,604,392,2215389299.45
2023,X,604,404,629927.44
2023,X,604,410,2344479138.32
2023,X,604,414,1696285.23
2023,X,604,446,19626.85
2023,X,604,458,245344720.97
2023,X,604,484,868628013.41
2023,X,604,504,15372495.24
2023,X,604,512,1521724.26
2023,X,604,528,1795841741.63
2023,X,604,554,21390292.76
2023,X,604,586,3262605.71
2023,X,604,608,91588911.81
2023,X,604,616,36591067.87
2023,X,604,634,620896.21
2023,X,604,643,78724984.94
2023,X,604,682,11905891.62
2023,X,604,702,71360520.31
2023,X,604,704,43910502.97
2023,X,604,710,28920277.37
2023,X,604,724,1879948421.71
2023,X,604,757,1656315484.14
2023,X,604,764,148481623.6
2023,X,604,784,1034895048.53
2023,X,604,792,198725650.27
2023,X,604,818,8476473.05
2023,X,604,826,1276595718.47
2023,X,604,834,626856.21
2023,X,554,12,599329528.586
2023,X,554,24,3180916.783
2023,X,554,31,12041129.531
2023,X,554,32,15392872.463
2023,X,554,36,5415713643.255
2023,X,554,50,325815417.792
2023,X,554,76,78249258.618
2023,X,554,124,577198299.933
2023,X,554,144,223931242.951
2023,X,554,152,118303936.732
2023,X,554,156,11310831742.942
2023,X,554,170,10309572.028
2023,X,554,192,6553918.799
2023,X,554,214,14398540.094
2023,X,554,218,3375541.88
2023,X,554,251,299761986.264
2023,X,554,276,409125522.134
2023,X,554,288,15318166.305
2023,X,554,344,666194157.981
2023,X,554,360,974400786.409
2023,X,554,364,1738564.852
2023,X,554,368,5893464.384
2023,X,554,376,12371823.444
2023,X,554,380,156196853.064
2023,X,554,384,21319221.829
2023,X,554,392,2329050051.407
2023,X,554,404,1230977.608
2023,X,554,410,1460926404.38
2023,X,554,414,70054029.792
2023,X,554,446,3376601.794
2023,X,554,458,785764933.782
2023,X,554,484,323692329.375
2023,X,554,496,7359149.171
2023,X,554,504,28491960.547
2023,X,554,512,63940378.933
2023,X,554,528,624678286.513
2023,X,554,586,12618326.623
2023,X,554,604,70041667.603
2023,X,554,608,439521283.033
2023,X,554,616,98959837.793
2023,X,554,634,30401760.53
2023,X,554,643,14427642.298
2023,X,554,682,632309508.838
2023,X,554,702,1042796676.501
2023,X,554,704,576645764.581
2023,X,554,710,102599242.482
2023,X,554,724,93122817.843
2023,X,554,757,56933317.243
2023,X,554,764,762600385.594
2023,X,554,784,605374421.949
2023,X,554,792,29115275.585
2023,X,554,818,130051632.087
2023,X,554,826,881981555.233
2023,X,554,834,2509543.899
2023,X,634,12,78493441.453
2023,X,634,24,11225489.087
2023,X,634,31,1133918.937
2023,X,634,32,106014462.199
2023,X,634,36,202317646.411
2023,X,634,50,2074672712.697
2023,X,634,76,17236375.949
2023,X,634,124,18189927.481
2023,X,634,144,18514386.324
2023,X,634,152,465959.838
2023,X,634,156,19279221977.108
2023,X,634,170,656948.066
2023,X,634,214,229269.914
2023,X,634,251,1555293205.745
2023,X,634,276,146947981.178
2023,X,634,288,18619265.622
2023,X,634,344,254049026.556
2023,X,634,360,710314402.274
2023,X,634,364,7244689.502
2023,X,634,368,127796327.134
2023,X,634,380,3434836183.86
2023,X,634,384,24569203.119
2023,X,634,392,7813037042.71
2023,X,634,404,30271017.132
2023,X,634,410,12318305492.298
2023,X,634,414,1913461458.106
2023,X,634,458,548155361.215
2023,X,634,484,43029173.291
2023,X,634,504,225317379.856
2023,X,634,512,628715609.751
2023,X,634,528,540806168.165
2023,X,634,554,19187039.414
2023,X,634,586,3345223471.964
2023,X,634,604,8975319.008
2023,X,634,608,125637240.079
2023,X,634,616,1076867610.51
2023,X,634,643,6950736.023
2023,X,634,682,609203914.651
2023,X,634,702,7082478599.615
2023,X,634,704,241605515.249
2023,X,634,710,120402990.485
2023,X,634,724,1179267347.8
2023,X,634,757,485769835.731
2023,X,634,764,2482313705.309
2023,X,634,784,4241850109.414
2023,X,634,792,449236683.452
2023,X,634,818,92565615.894
2023,X,634,826,1683061986.59
2023,X,634,834,20723867.734
2023,X,414,12,15809699.099
2023,X,414,24,2999768.559
2023,X,414,31,25782.394
2023,X,414,32,92051.612
2023,X,414,36,2003972.409
2023,X,414,50,4032565.05
2023,X,414,76,969304.09
2023,X,414,124,5481962.063
2023,X,414,144,18181138.989
2023,X,414,152,27003.152
2023,X,414,156,590899280.056
2023,X,414,170,470824.934
2023,X,414,192,17253.37
2023,X,414,214,3893.402
2023,X,414,218,217382.695
2023,X,414,251,16707193.361
2023,X,414,276,11032722.753
2023,X,414,288,7996386.815
2023,X,414,344,32655580.256
2023,X,414,360,23058930.356
2023,X,414,364,20921547.079
2023,X,414,368,384340463.643
2023,X,414,380,42843701.719
2023,X,414,384,5987716.933
2023,X,414,392,6310654.443
2023,X,414,404,5324477.86
2023,X,414,410,14159463.094
2023,X,414,458,61178649.618
2023,X,414,484,590153.147
2023,X,414,496,976.606
2023,X,414,504,3135734.881
2023,X,414,512,98196239.885
2023,X,414,528,19624038.318
2023,X,414,554,95033.515
2023,X,414,586,341560153.409
2023,X,414,604,10452.938
2023,X,414,608,8841609.877
2023,X,414,616,6678867.401
2023,X,414,634,241295413.512
2023,X,414,643,1031214.39
2023,X,414,682,705432211.832
2023,X,414,702,41035711.317
2023,X,414,704,90398370.995
2023,X,414,710,4859336.772
2023,X,414,724,14222675.535
2023,X,414,757,20233404.557
2023,X,414,764,16901515.136
2023,X,414,784,1300168029.358
2023,X,414,792,53014159.639
2023,X,414,818,120060859.42
2023,X,414,826,26679413.315
2023,X,414,834,2381300.354
2023,X,504,12,64505755.112
2023,X,504,24,14255873.637
2023,X,504,31,102071.012
2023,X,504,32,330647263.92
2023,X,504,36,225760408.35
2023,X,504,50,407153255.113
2023,X,504,76,1203883027.06
2023,X,504,124,279976316.81
2023,X,504,144,1064995.127
2023,X,504,152,58260421.338
2023,X,504,156,350385900.603
2023,X,504,170,34318816.811
2023,X,504,192,1303068.323
2023,X,504,214,5326815.773
2023,X,504,218,113203.042
2023,X,504,251,8698159679.617
2023,X,504,276,1815612511.212
2023,X,504,288,90189556.364
2023,X,504,344,475480504.693
2023,X,504,360,5504196.246
2023,X,504,364,1397.927
2023,X,504,368,2717956.146
2023,X,504,376,60947347.341
2023,X,504,380,2201714488.783
2023,X,504,384,469645742.01
2023,X,504,392,174850879.027
2023,X,504,404,6601080.646
2023,X,504,410,42770497.793
2023,X,504,414,21400418.827
2023,X,504,446,1657.417
2023,X,504,458,25417715.193
2023,X,504,484,324906547.659
2023,X,504,496,279852.387
2023,X,504,512,13466043.289
2023,X,504,528,920935137.86
2023,X,504,554,53928721.64
2023,X,504,586,492862191.058
2023,X,504,604,60006757.981
2023,X,504,608,13551181.412
2023,X,504,616,416238340.962
2023,X,504,634,27712755.393
2023,X,504,643,98481107.368
2023,X,504,682,97111372.42
2023,X,504,702,95148611.61
2023,X,504,704,5503122.605
2023,X,504,710,28092254.824
2023,X,504,724,9570844883.528
2023,X,504,757,205297293.956
2023,X,504,764,37492624.912
2023,X,504,784,208189026.198
2023,X,504,792,1167969367.067
2023,X,504,818,52161109.671
2023,X,504,826,1892365421.43
2023,X,504,834,49865343.816
2023,X,218,12,135549697.3
2023,X,218,24,496283.9
2023,X,218,31,8188318.3
2023,X,218,32,256992023.7
2023,X,218,36,15381508.7
2023,X,218,50,1423156.4
2023,X,218,76,116152714.3
2023,X,218,124,346776362.1
2023,X,218,144,1892983.7
2023,X,218,152,978394907.5
2023,X,218,156,5672881876.3
2023,X,218,170,775949971.3
2023,X,218,192,17233835.7
2023,X,218,214,127483115.2
2023,X,218,251,331825501.7
2023,X,218,276,415769299.8
2023,X,218,288,3838968.9
2023,X,218,344,44882422.5
2023,X,218,360,209205874.8
2023,X,218,368,78496158.3
2023,X,218,376,8870588.2
2023,X,218,380,629334288.2
2023,X,218,384,53339440.4
2023,X,218,392,227118677.0
2023,X,218,404,139379.0
2023,X,218,410,80208552.5
2023,X,218,414,24161154.8
2023,X,218,458,325371787.0
2023,X,218,484,203534583.7
2023,X,218,496,1151.0
2023,X,218,504,44985010.7
2023,X,218,512,11640908.4
2023,X,218,528,852856134.3
2023,X,218,554,39508290.3
2023,X,218,586,229747.5
2023,X,218,604,974808196.9
2023,X,218,608,11170020.9
2023,X,218,616,79393150.8
2023,X,218,634,28887261.6
2023,X,218,643,923610726.5
2023,X,218,682,131542240.4
2023,X,218,702,14859184.4
2023,X,218,704,53057997.8
2023,X,218,710,13380136.0
2023,X,218,724,853976720.8
2023,X,218,757,342293325.1
2023,X,218,764,59255705.1
2023,X,218,784,600837743.9
2023,X,218,792,202767619.6
2023,X,218,818,1635621.6
2023,X,218,826,282961149.3
2023,X,218,834,46033.8
2023,X,214,12,337281.316
2023,X,214,24,82381.596
2023,X,214,32,2708779.07
2023,X,214,36,19555296.892
2023,X,214,50,2610569.12
2023,X,214,76,28499027.405
2023,X,214,124,65167690.55
2023,X,214,144,909000.851
2023,X,214,152,17562781.198
2023,X,214,156,290368224.969
2023,X,214,170,53828056.184
2023,X,214,192,49870031.626
2023,X,214,218,26256335.835
2023,X,214,251,68427544.424
2023,X,214,276,144123242.584
2023,X,214,288,52204.411
2023,X,214,344,21807413.954
2023,X,214,360,30364255.338
2023,X,214,368,291738.516
2023,X,214,376,1902558.966
2023,X,214,380,61800780.587
2023,X,214,384,2053199.595
2023,X,214,392,36526069.277
2023,X,214,404,200092.193
2023,X,214,410,236215567.047
2023,X,214,414,23224.06
2023,X,214,446,140869.649
2023,X,214,458,21281016.297
2023,X,214,484,54829500.586
2023,X,214,496,5172.05
2023,X,214,504,817840.621
2023,X,214,528,350507693.885
2023,X,214,554,10001982.936
2023,X,214,586,348230.49
2023,X,214,604,11662940.592
2023,X,214,608,6431013.044
2023,X,214,616,4071690.465
2023,X,214,634,115856.94
2023,X,214,643,2199708.96
2023,X,214,682,600089.499
2023,X,214,702,28880466.061
2023,X,214,704,4479997.268
2023,X,214,710,1077588.565
2023,X,214,724,94948175.316
2023,X,214,757,807827867.851
2023,X,214,764,6093174.83
2023,X,214,784,33554308.278
2023,X,214,792,11954184.728
2023,X,214,818,548282.022
2023,X,214,826,95048317.714
2023,X,214,834,21667.0
2023,X,404,12,1681338.046
2023,X,404,24,2774516.252
2023,X,404,31,1279113.613
2023,X,404,32,16432.001
2023,X,404,36,25659917.137
2023,X,404,50,4361447.93
2023,X,404,76,1105011.768
2023,X,404,124,16728198.779
2023,X,404,144,2293006.294
2023,X,404,152,293375.245
2023,X,404,156,206629732.795
2023,X,404,170,342792.063
2023,X,404,192,163.677
2023,X,404,214,240270.966
2023,X,404,218,224131.356
2023,X,404,251,112815591.333
2023,X,404,276,113991197.863
2023,X,404,288,9013920.687
2023,X,404,344,12042441.547
2023,X,404,360,4076983.619
2023,X,404,364,47995566.373
2023,X,404,368,8282045.177
2023,X,404,376,6294241.874
2023,X,404,380,47623841.352
2023,X,404,384,6198808.86
2023,X,404,392,62553252.557
2023,X,404,410,35728256.628
2023,X,404,414,20497322.475
2023,X,404,446,42822.6
2023,X,404,458,16679657.932
2023,X,404,484,9909835.778
2023,X,404,504,4495781.696
2023,X,404,512,20938056.14
2023,X,404,528,544199390.703
2023,X,404,554,1730423.561
2023,X,404,586,563223524.139
2023,X,404,604,1587975.896
2023,X,404,608,3310610.656
2023,X,404,616,24391184.856
2023,X,404,634,17471121.615
2023,X,404,643,34048641.848
2023,X,404,682,129364349.261
2023,X,404,702,8042961.623
2023,X,404,704,22033597.437
2023,X,404,710,53188802.137
2023,X,404,724,63157981.837
2023,X,404,757,33377613.64
2023,X,404,764,28571742.136
2023,X,404,784,399075710.022
2023,X,404,792,20910542.384
2023,X,404,818,222756520.348
2023,X,404,826,390223104.552
2023,X,404,834,487644065.082
2023,X,512,12,107316418.558
2023,X,512,24,7836673.59
2023,X,512,31,337895.968
2023,X,512,32,15245045.49
2023,X,512,36,121994436.74
2023,X,512,50,82321903.642
2023,X,512,76,203530621.268
2023,X,512,124,67677061.012
2023,X,512,144,13198845.233
2023,X,512,152,6243854.347
2023,X,512,156,597241699.976
2023,X,512,170,7589162.537
2023,X,512,192,3339.402
2023,X,512,214,33195196.307
2023,X,512,218,2385505.848
2023,X,512,251,112918982.918
2023,X,512,276,72017445.921
2023,X,512,288,32273963.539
2023,X,512,344,107511630.521
2023,X,512,360,159074447.085
2023,X,512,364,553698922.41
2023,X,512,368,129559294.986
2023,X,512,380,180166010.121
2023,X,512,384,21100468.107
2023,X,512,392,95263547.315
2023,X,512,404,327338009.891
2023,X,512,410,324810392.209
2023,X,512,414,427429117.667
2023,X,512,446,68397.919
2023,X,512,458,276047456.005
2023,X,512,484,55566205.375
2023,X,512,496,5115.735
2023,X,512,504,148581053.083
2023,X,512,528,258640889.062
2023,X,512,554,3142299.085
2023,X,512,586,144418210.437
2023,X,512,604,1257224.966
2023,X,512,608,13911823.125
2023,X,512,616,20167573.44
2023,X,512,634,740361161.39
2023,X,512,643,22007289.953
2023,X,512,682,2940513425.827
2023,X,512,702,466896100.7
2023,X,512,704,191468553.667
2023,X,512,710,1442068101.774
2023,X,512,724,201129841.038
2023,X,512,757,6060626.779
2023,X,512,764,118462610.998
2023,X,512,784,3760125983.712
2023,X,512,792,287194522.307
2023,X,512,818,1016625727.928
2023,X,512,826,251061955.394
2023,X,512,834,83069836.021
2023,X,24,12,20083.52
2023,X,24,31,79966.27
2023,X,24,32,657.51
2023,X,24,36,200725.23
2023,X,24,50,124117783.323
2023,X,24,76,629998316.19
2023,X,24,124,712079056.759
2023,X,24,144,2080.0
2023,X,24,152,30120.02
2023,X,24,156,17957559722.512
2023,X,24,170,11070.63
2023,X,24,192,961447.99
2023,X,24,218,74578.64
2023,X,24,251,1807779555.514
2023,X,24,276,304624477.949
2023,X,24,288,41896720.58
2023,X,24,344,11743276.89
2023,X,24,360,1118854247.339
2023,X,24,368,1998.0
2023,X,24,376,9735958.32
2023,X,24,380,918256529.505
2023,X,24,384,26026069.67
2023,X,24,392,3674309.67
2023,X,24,404,57856.14
2023,X,24,410,463.0
2023,X,24,414,17656.66
2023,X,24,446,195242.2
2023,X,24,458,787778930.953
2023,X,24,484,11773143.8
2023,X,24,496,2649983.6
2023,X,24,504,6697970.7
2023,X,24,512,308791.84
2023,X,24,528,2426101145.243
2023,X,24,554,172.0
2023,X,24,586,85790.448
2023,X,24,608,10610.15
2023,X,24,616,33963159.55
2023,X,24,634,1283983.19
2023,X,24,643,67048.9
2023,X,24,682,796146.23
2023,X,24,702,638168275.443
2023,X,24,704,135448307.323
2023,X,24,710,448289311.464
2023,X,24,724,2792399564.705
2023,X,24,757,200768.73
2023,X,24,764,173230.734
2023,X,24,784,1154347228.648
2023,X,24,792,11895639.604
2023,X,24,818,23862966.68
2023,X,24,826,568896259.808
2023,X,24,834,899439.6
2023,X,144,12,1732564.394
2023,X,144,24,2178777.08
2023,X,144,31,51367714.976
2023,X,144,32,8810300.152
2023,X,144,36,229457114.83
2023,X,144,50,176930569.847
2023,X,144,76,73386204.055
2023,X,144,124,296438042.376
2023,X,144,152,47496738.096
2023,X,144,156,268569049.302
2023,X,144,170,12144255.817
2023,X,144,192,127556.418
2023,X,144,214,7248467.419
2023,X,144,218,9664567.016
2023,X,144,251,311804462.226
2023,X,144,276,603886449.217
2023,X,144,288,12182709.44
2023,X,144,344,177912579.455
2023,X,144,360,56110490.76
2023,X,144,364,44236858.3
2023,X,144,368,130502119.056
2023,X,144,376,181993311.504
2023,X,144,380,684271371.139
2023,X,144,384,4061870.164
2023,X,144,392,192705803.227
2023,X,144,404,46595494.279
2023,X,144,410,76982068.137
2023,X,144,414,22134334.866
2023,X,144,446,1838374.757
2023,X,144,458,66714530.404
2023,X,144,484,186042938.202
2023,X,144,496,1395274.202
2023,X,144,504,13387916.244
2023,X,144,512,10878834.743
2023,X,144,528,348147153.312
2023,X,144,554,26564758.032
2023,X,144,586,136443135.291
2023,X,144,604,35769929.854
2023,X,144,608,14914190.486
2023,X,144,616,62813508.775
2023,X,144,634,18183560.533
2023,X,144,643,146421560.611
2023,X,144,682,131364931.023
2023,X,144,702,151492839.021
2023,X,144,704,38603301.747
2023,X,144,710,39303465.707
2023,X,144,724,90492088.067
2023,X,144,757,187987681.992
2023,X,144,764,50154263.352
2023,X,144,784,390134483.263
2023,X,144,792,197632855.797
2023,X,144,818,33663130.826
2023,X,144,826,861107526.437
2023,X,144,834,11344098.26
2023,X,384,12,52838417.642
2023,X,384,24,363404907.879
2023,X,384,31,2181.323
2023,X,384,32,1133078.586
2023,X,384,36,14852772.504
2023,X,384,50,68375433.932
2023,X,384,76,107908993.144
2023,X,384,124,228010222.113
2023,X,384,144,2902970.312
2023,X,384,152,174767.661
2023,X,384,156,776713193.46
2023,X,384,170,98095.948
2023,X,384,214,3967275.247
2023,X,384,218,165502.401
2023,X,384,251,672987236.804
2023,X,384,276,650013101.961
2023,X,384,288,295413222.323
2023,X,384,344,41081.148
2023,X,384,360,310156924.771
2023,X,384,368,13666.666
2023,X,384,376,51776715.582
2023,X,384,380,214386673.066
2023,X,384,392,1916423.318
2023,X,384,404,22168869.118
2023,X,384,410,573623.278
2023,X,384,414,1704931.504
2023,X,384,458,912415908.851
2023,X,384,484,116084959.107
2023,X,384,504,39791562.132
2023,X,384,512,989907.058
2023,X,384,528,2112201700.277
2023,X,384,554,9.891
2023,X,384,586,121423359.699
2023,X,384,604,2599751.843
2023,X,384,608,51417.826
2023,X,384,616,139422182.88
2023,X,384,634,697214.41
2023,X,384,643,58261075.769
2023,X,384,682,5193414.925
2023,X,384,702,6910066.695
2023,X,384,704,912234597.991
2023,X,384,710,436846697.3
2023,X,384,724,379541491.156
2023,X,384,757,1946508565.488
2023,X,384,764,266730.806
2023,X,384,784,51416272.364
2023,X,384,792,296473504.853
2023,X,384,818,62227617.742
2023,X,384,826,489532553.168
2023,X,384,834,4456166.09
2023,X,288,12,5041526.679
2023,X,288,24,18695637.546
2023,X,288,31,201071.381
2023,X,288,32,421796.164
2023,X,288,36,10856832.453
2023,X,288,50,38068.154
2023,X,288,76,523247653.887
2023,X,288,124,855487729.09
2023,X,288,144,179902.293
2023,X,288,152,57127.589
2023,X,288,156,1376604967.39
2023,X,288,170,1999.853
2023,X,288,192,147851.904
2023,X,288,214,1173946.871
2023,X,288,218,16706.888
2023,X,288,251,162458685.674
2023,X,288,276,153607735.997
2023,X,288,344,26016388.792
2023,X,288,360,9196385.459
2023,X,288,364,19.975
2023,X,288,368,357416.735
2023,X,288,376,2838185.742
2023,X,288,380,621431440.27
2023,X,288,384,251892934.564
2023,X,288,392,115764674.419
2023,X,288,404,2294957.367
2023,X,288,410,32275443.825
2023,X,288,414,97273.832
2023,X,288,458,268725930.229
2023,X,288,484,4591009.127
2023,X,288,504,3548499.87
2023,X,288,512,606655.676
2023,X,288,528,664142738.918
2023,X,288,554,10641029.132
2023,X,288,586,3342547.601
2023,X,288,604,6235006.989
2023,X,288,608,192265.821
2023,X,288,616,38997947.35
2023,X,288,634,362626.293
2023,X,288,643,10979458.801
2023,X,288,682,3692831.762
2023,X,288,702,11571773.143
2023,X,288,704,89067160.628
2023,X,288,710,1973761603.855
2023,X,288,724,218269770.595
2023,X,288,757,3079227627.335
2023,X,288,764,2088345.941
2023,X,288,784,1713456901.431
2023,X,288,792,337720510.379
2023,X,288,818,10390212.28
2023,X,288,826,303598429.947
2023,X,288,834,1787226.901
2023,X,834,12,1765091.34
2023,X,834,24,2658300.01
2023,X,834,31,80089.84
2023,X,834,36,4326592.27
2023,X,834,50,24408228.76
2023,X,834,76,199690.13
2023,X,834,124,4137926.84
2023,X,834,144,3700509.8
2023,X,834,152,6081.77
2023,X,834,156,427892622.56
2023,X,834,170,345579.48
2023,X,834,192,437502.55
2023,X,834,214,286197.59
2023,X,834,218,3049.98
2023,X,834,251,28080070.5
2023,X,834,276,68010789.87
2023,X,834,288,5283668.42
2023,X,834,344,45948898.17
2023,X,834,360,33776429.98
2023,X,834,364,350654.8
2023,X,834,368,265915.64
2023,X,834,376,13367961.69
2023,X,834,380,47411989.12
2023,X,834,384,567933.48
2023,X,834,392,67945305.09
2023,X,834,404,176519757.84
2023,X,834,410,19467079.38
2023,X,834,414,4054114.1
2023,X,834,446,94394.45
2023,X,834,458,14425267.66
2023,X,834,484,2837107.74
2023,X,834,504,19157033.09
2023,X,834,512,16268651.82
2023,X,834,528,113042327.43
2023,X,834,554,739838.01
2023,X,834,586,84689445.08
2023,X,834,604,20660.1
2023,X,834,608,2082874.19
2023,X,834,616,89244174.15
2023,X,834,634,26721632.48
2023,X,834,643,5999749.07
2023,X,834,682,18225857.21
2023,X,834,702,142027824.44
2023,X,834,704,134136156.44
2023,X,834,710,1123455080.19
2023,X,834,724,24648446.07
2023,X,834,757,465880339.27
2023,X,834,764,3898658.91
2023,X,834,784,686436289.48
2023,X,834,792,22186327.05
2023,X,834,818,4783582.18
2023,X,834,826,19598271.16
2023,X,31,12,1551182.73
2023,X,31,24,158884.02
2023,X,31,36,29251893.63
2023,X,31,50,1959795.42
2023,X,31,76,148389.65
2023,X,31,124,1405719.49
2023,X,31,144,908.0
2023,X,31,152,734.76
2023,X,31,156,78739104.75
2023,X,31,170,462151.82
2023,X,31,214,146336.62
2023,X,31,251,133219503.23
2023,X,31,276,907922975.04
2023,X,31,288,59815.1
2023,X,31,344,2342714.65
2023,X,31,360,150790422.76
2023,X,31,364,14307387.06
2023,X,31,368,19486971.64
2023,X,31,376,1401607251.88
2023,X,31,380,15208067598.85
2023,X,31,384,1307.57
2023,X,31,392,16861364.18
2023,X,31,404,408247.52
2023,X,31,410,526334.69
2023,X,31,414,459533.47
2023,X,31,458,39697431.66
2023,X,31,484,297005.74
2023,X,31,496,231557.7
2023,X,31,504,101673.37
2023,X,31,512,800575.82
2023,X,31,528,44220364.01
2023,X,31,554,24152.0
2023,X,31,586,6884392.99
2023,X,31,604,87932.72
2023,X,31,616,11559381.15
2023,X,31,634,2402905.19
2023,X,31,643,1196411310.07
2023,X,31,682,4902520.3
2023,X,31,702,95131094.43
2023,X,31,704,345757148.66
2023,X,31,710,328378.4
2023,X,31,724,785367760.83
2023,X,31,757,175375114.69
2023,X,31,764,26122180.04
2023,X,31,784,74200280.91
2023,X,31,792,5359328066.92
2023,X,31,818,1000806.05
2023,X,31,826,447984531.14
2023,X,31,834,1295.0
2023,X,446,36,118503.996
2023,X,446,124,813736.355
2023,X,446,156,94944565.745
2023,X,446,251,1008208.271
2023,X,446,276,13369.686
2023,X,446,344,1030565327.215
2023,X,446,380,462326.982
2023,X,446,392,420583.128
2023,X,446,410,464412.705
2023,X,446,458,303334.559
2023,X,446,484,322072.582
2023,X,446,528,1464319.258
2023,X,446,608,1324416.57
2023,X,446,634,16129.443
2023,X,446,643,87438.156
2023,X,446,682,25551.038
2023,X,446,702,6134763.034
2023,X,446,704,13895865.631
2023,X,446,710,62132.796
2023,X,446,757,393211.639
2023,X,446,764,157222.821
2023,X,446,784,196677.688
2023,X,446,826,849499.227
2023,X,496,31,315500.0
2023,X,496,32,342215.143
2023,X,496,36,3603529.058
2023,X,496,124,1520245.763
2023,X,496,152,18929.181
2023,X,496,156,13845433962.033
2023,X,496,218,12090000.0
2023,X,496,251,11374299.523
2023,X,496,276,14776119.398
2023,X,496,344,10468624.86
2023,X,496,360,50302.6
2023,X,496,364,34755892.051
2023,X,496,368,495777.6
2023,X,496,376,819.0
2023,X,496,380,98994844.098
2023,X,496,392,14992886.118
2023,X,496,410,150013350.031
2023,X,496,458,1220784.666
2023,X,496,484,77150.0
2023,X,496,528,3766418.042
2023,X,496,554,228682.665
2023,X,496,586,884259.3
2023,X,496,604,12523.75
2023,X,496,608,107867.399
2023,X,496,616,1116185.822
2023,X,496,634,1157403.826
2023,X,496,643,111187883.399
2023,X,496,682,452532.503
2023,X,496,702,42056425.209
2023,X,496,704,5567578.477
2023,X,496,710,671052.63
2023,X,496,724,1278242.922
2023,X,496,757,666311691.835
2023,X,496,764,1372838.792
2023,X,496,784,6507924.738
2023,X,496,792,2996424.971
2023,X,496,818,18156717.722
2023,X,496,826,7393699.566
2023,X,496,834,65122.393
2023,M,156,12,846611118.0
2023,M,156,24,18911371439.0
2023,M,156,31,240.0
2023,M,156,32,6650923296.0
2023,M,156,36,155641227077.0
2023,M,156,50,1026025745.0
2023,M,156,76,122490613944.0
2023,M,156,124,43919904880.0
2023,M,156,144,356117157.0
2023,M,156,152,43001665654.0
2023,M,156,156,104296025695.0
2023,M,156,170,6428127166.0
2023,M,156,192,358430905.0
2023,M,156,214,630102919.0
2023,M,156,218,7795626315.0
2023,M,156,251,37325511216.0
2023,M,156,276,106207382759.0
2023,M,156,288,1820338116.0
2023,M,156,344,13670964399.0
2023,M,156,360,74165820433.0
2023,M,156,364,4586125362.0
2023,M,156,368,35465804985.0
2023,M,156,376,8394550449.0
2023,M,156,380,27225406681.0
2023,M,156,384,1068286636.0
2023,M,156,392,160476326794.0
2023,M,156,404,227690721.0
2023,M,156,410,161739432075.0
2023,M,156,414,17164696149.0
2023,M,156,446,81499758.0
2023,M,156,458,102905056591.0
2023,M,156,484,18735661189.0
2023,M,156,496,13117942876.0
2023,M,156,504,979878060.0
2023,M,156,512,31278984461.0
2023,M,156,528,16900891367.0
2023,M,156,554,13478704346.0
2023,M,156,586,3455489371.0
2023,M,156,604,25515610682.0
2023,M,156,608,19482886283.0
2023,M,156,616,4858997952.0
2023,M,156,634,20927686406.0
2023,M,156,643,129205577995.0
2023,M,156,682,64361164116.0
2023,M,156,702,31436968040.0
2023,M,156,704,92135781833.0
2023,M,156,710,31971826161.0
2023,M,156,724,8867632751.0
2023,M,156,757,53974386288.0
2023,M,156,764,50546010192.0
2023,M,156,784,39309210624.0
2023,M,156,792,4522861512.0
2023,M,156,818,881336270.0
2023,M,156,826,20059363553.0
2023,M,156,834,688014039.0
2023,M,276,12,1649353057.512
2023,M,276,24,117139745.512
2023,M,276,31,861389962.915
2023,M,276,32,993558948.233
2023,M,276,36,5269498770.524
2023,M,276,50,8536928349.61
2023,M,276,76,8811873126.004
2023,M,276,124,7246004714.992
2023,M,276,144,966750771.09
2023,M,276,152,1594670887.312
2023,M,276,156,175604709805.683
2023,M,276,170,1738324633.615
2023,M,276,192,72305699.787
2023,M,276,214,330001065.218
2023,M,276,218,702229931.185
2023,M,276,251,76214118797.763
2023,M,276,288,195869122.658
2023,M,276,344,1329477341.055
2023,M,276,360,4872190629.917
2023,M,276,364,267171736.154
2023,M,276,368,1713175909.8
2023,M,276,376,2955523243.948
2023,M,276,380,77791758579.393
2023,M,276,384,736856186.897
2023,M,276,392,28316752925.085
2023,M,276,404,229660870.718
2023,M,276,410,15047524080.217
2023,M,276,414,758741394.834
2023,M,276,446,11862790.534
2023,M,276,458,12566768395.893
2023,M,276,484,11346385309.181
2023,M,276,496,19338048.782
2023,M,276,504,2998366191.653
2023,M,276,512,559032137.458
2023,M,276,528,106681617994.576
2023,M,276,554,765655370.476
2023,M,276,586,2582928825.886
2023,M,276,604,1498362744.152
2023,M,276,608,5344131659.29
2023,M,276,616,88131696784.219
2023,M,276,634,719389785.563
2023,M,276,643,4241584655.717
2023,M,276,682,2698301873.464
2023,M,276,702,6850009311.731
2023,M,276,704,14594843892.931
2023,M,276,710,12672113769.707
2023,M,276,724,42103971180.165
2023,M,276,757,58582839689.952
2023,M,276,764,9489736412.607
2023,M,276,784,5995988792.938
2023,M,276,792,26548189089.4
2023,M,276,818,1513531288.99
2023,M,276,826,39924454766.23
2023,M,276,834,190474771.966
2023,M,392,12,488700984.064
2023,M,392,24,2520502.244
2023,M,392,31,12881115.128
2023,M,392,32,840286220.124
2023,M,392,36,65227422987.037
2023,M,392,50,1578271936.095
2023,M,392,76,11051314602.519
2023,M,392,124,14545497923.305
2023,M,392,144,248270568.103
2023,M,392,152,7781025294.98
2023,M,392,156,173927505377.526
2023,M,392,170,836479974.273
2023,M,392,192,8680510.871
2023,M,392,214,114744415.158
2023,M,392,218,1244874797.662
2023,M,392,251,10675571974.469
2023,M,392,276,22468109042.814
2023,M,392,288,141669301.368
2023,M,392,344,1524525440.852
2023,M,392,360,24442403888.537
2023,M,392,364,30949769.396
2023,M,392,368,30063431.21
2023,M,392,376,1496968884.532
2023,M,392,380,12272961362.087
2023,M,392,384,14733143.971
2023,M,392,404,85435663.855
2023,M,392,410,31003708622.261
2023,M,392,414,9150500098.899
2023,M,392,446,12878521.83
2023,M,392,458,20212911100.559
2023,M,392,484,5689422661.025
2023,M,392,496,32759492.829
2023,M,392,504,300637623.52
2023,M,392,512,2499063525.972
2023,M,392,528,3360706800.775
2023,M,392,554,2694540671.877
2023,M,392,586,239318681.465
2023,M,392,604,2552379309.025
2023,M,392,608,10351094454.053
2023,M,392,616,1086443589.495
2023,M,392,634,9231134105.113
2023,M,392,643,7406450861.012
2023,M,392,682,34712953419.808
2023,M,392,702,8602885609.295
2023,M,392,704,25798058806.164
2023,M,392,710,7310188632.28
2023,M,392,724,5109793214.472
2023,M,392,757,8453878485.27
2023,M,392,764,25711865534.528
2023,M,392,784,36956171820.269
2023,M,392,792,1107088347.988
2023,M,392,818,242322291.442
2023,M,392,826,7166577220.431
2023,M,392,834,119566564.57
2023,M,826,12,1968964560.246
2023,M,826,24,750336303.988
2023,M,826,31,306360834.981
2023,M,826,32,1109918844.39
2023,M,826,36,4678606134.072
2023,M,826,50,4254205871.131
2023,M,826,76,4814481881.417
2023,M,826,124,14003262157.15
2023,M,826,144,826037916.496
2023,M,826,152,750283307.173
2023,M,826,156,99220998768.775
2023,M,826,170,704085528.018
2023,M,826,192,16603382.127
2023,M,826,214,187259094.202
2023,M,826,218,341851078.594
2023,M,826,251,40637589845.677
2023,M,826,276,74926196626.889
2023,M,826,288,353895767.607
2023,M,826,344,2174175256.013
2023,M,826,360,2815608872.211
2023,M,826,364,33904219.643
2023,M,826,368,21239361.745
2023,M,826,376,2106427470.101
2023,M,826,380,30321984538.93
2023,M,826,384,502700248.216
2023,M,826,392,14852943795.168
2023,M,826,404,502579127.909
2023,M,826,410,8021194946.503
2023,M,826,414,3302082005.992
2023,M,826,446,6404427.331
2023,M,826,458,3881185672.423
2023,M,826,484,5936362072.674
2023,M,826,496,11262720.621
2023,M,826,504,2255879793.83
2023,M,826,512,86852142.161
2023,M,826,528,27188064632.872
2023,M,826,554,964656759.253
2023,M,826,586,2124184634.83
2023,M,826,604,1704025635.981
2023,M,826,608,1899427730.973
2023,M,826,616,19032432687.334
2023,M,826,634,1894116724.963
2023,M,826,643,353054160.086
2023,M,826,682,3221376625.564
2023,M,826,702,2833399971.905
2023,M,826,704,9222458850.604
2023,M,826,710,9112030620.692
2023,M,826,724,26513234682.969
2023,M,826,757,13586563392.427
2023,M,826,764,5021486199.564
2023,M,826,784,3033628855.185
2023,M,826,792,15551425945.984
2023,M,826,818,1682879973.868
2023,M,826,826,11617025220.398
2023,M,826,834,24968111.161
2023,M,251,12,7904812039.861
2023,M,251,24,1872101106.132
2023,M,251,31,250452272.425
2023,M,251,32,422184977.18
2023,M,251,36,2127711014.164
2023,M,251,50,4231221646.577
2023,M,251,76,4355503243.711
2023,M,251,124,4606052009.241
2023,M,251,144,495257037.27
2023,M,251,152,1322411190.418
2023,M,251,156,79401485383.01
2023,M,251,170,644467333.527
2023,M,251,192,19868926.045
2023,M,251,214,221531101.133
2023,M,251,218,510174175.16
2023,M,251,251,7750172884.75
2023,M,251,276,99965917407.501
2023,M,251,288,407899949.216
2023,M,251,344,678722728.447
2023,M,251,360,2311460435.479
2023,M,251,364,45647493.042
2023,M,251,368,1868552709.844
2023,M,251,376,1613581835.176
2023,M,251,380,58450804660.629
2023,M,251,384,1086407164.654
2023,M,251,392,10714795526.378
2023,M,251,404,158044966.728
2023,M,251,410,13942022895.633
2023,M,251,414,3610337421.75
2023,M,251,446,7499918.772
2023,M,251,458,3666761792.905
2023,M,251,484,3118127605.601
2023,M,251,496,13622428.742
2023,M,251,504,8131317328.38
2023,M,251,512,162785434.098
2023,M,251,528,36215515027.875
2023,M,251,554,464361217.392
2023,M,251,586,1437724045.513
2023,M,251,604,819520804.999
2023,M,251,608,1123969082.544
2023,M,251,616,18112334422.98
2023,M,251,634,1511900522.684
2023,M,251,643,3991359620.354
2023,M,251,682,5934939404.655
2023,M,251,702,3083699274.092
2023,M,251,704,7073048969.034
2023,M,251,710,1511735154.995
2023,M,251,724,55701114064.993
2023,M,251,757,19568895338.837
2023,M,251,764,3938331060.536
2023,M,251,784,2654397834.139
2023,M,251,792,12423301900.797
2023,M,251,818,1226455582.199
2023,M,251,826,28685143201.295
2023,M,251,834,50741861.506
2023,M,380,12,15220727194.32
2023,M,380,24,912045688.857
2023,M,380,31,13000406539.735
2023,M,380,32,1072196902.787
2023,M,380,36,890499591.828
2023,M,380,50,1774475288.887
2023,M,380,76,4924562647.544
2023,M,380,124,2007802129.782
2023,M,380,144,634317856.091
2023,M,380,152,816952333.919
2023,M,380,156,52605419634.291
2023,M,380,170,1095334831.584
2023,M,380,192,21035085.154
2023,M,380,214,62063905.116
2023,M,380,218,681942865.525
2023,M,380,251,48673595899.42
2023,M,380,276,95035378701.439
2023,M,380,288,764644604.191
2023,M,380,344,516358236.772
2023,M,380,360,2684087035.592
2023,M,380,364,162940811.281
2023,M,380,368,4154753006.971
2023,M,380,376,1077800796.907
2023,M,380,384,379293811.959
2023,M,380,392,5880639843.646
2023,M,380,404,54515945.161
2023,M,380,410,6233195354.238
2023,M,380,414,567275567.507
2023,M,380,446,20627227.386
2023,M,380,458,1597568844.548
2023,M,380,484,1288306167.136
2023,M,380,496,87753976.025
2023,M,380,504,2137017548.913
2023,M,380,512,121769734.212
2023,M,380,528,39118013154.111
2023,M,380,554,201748410.311
2023,M,380,586,1183467120.792
2023,M,380,604,802039322.491
2023,M,380,608,355369371.612
2023,M,380,616,17916414408.373
2023,M,380,634,3248775450.591
2023,M,380,643,4391406471.333
2023,M,380,682,6475975037.91
2023,M,380,702,731500120.363
2023,M,380,704,4792911784.379
2023,M,380,710,2509639840.497
2023,M,380,724,35737128918.77
2023,M,380,757,19461785198.432
2023,M,380,764,2308427527.493
2023,M,380,784,2356229633.589
2023,M,380,792,12485774564.533
2023,M,380,818,2846987448.515
2023,M,380,826,9466627446.328
2023,M,380,834,87341970.511
2023,M,124,12,167225788.748
2023,M,124,24,106024.212
2023,M,124,31,1660274.573
2023,M,124,32,1005306801.624
2023,M,124,36,2400628359.96
2023,M,124,50,1658196864.124
2023,M,124,76,6806813691.356
2023,M,124,124,4384930037.497
2023,M,124,144,374369944.695
2023,M,124,152,1777336672.972
2023,M,124,156,66087387913.469
2023,M,124,170,1026398175.542
2023,M,124,192,584868489.856
2023,M,124,214,229855458.004
2023,M,124,218,518116429.786
2023,M,124,251,6410077051.627
2023,M,124,276,18443507461.053
2023,M,124,288,73965911.934
2023,M,124,344,299524088.03
2023,M,124,360,2082872019.636
2023,M,124,364,26900977.424
2023,M,124,368,577357.588
2023,M,124,376,1070891767.902
2023,M,124,380,9551045642.944
2023,M,124,384,315337469.232
2023,M,124,392,15331260428.137
2023,M,124,404,34366081.106
2023,M,124,410,10299000917.758
2023,M,124,414,309191266.652
2023,M,124,446,6927611.013
2023,M,124,458,2582295622.258
2023,M,124,484,34224211966.739
2023,M,124,496,2293497.423
2023,M,124,504,577772142.239
2023,M,124,512,82363137.211
2023,M,124,528,3234293653.283
2023,M,124,554,742050087.804
2023,M,124,586,459404881.225
2023,M,124,604,3481223765.987
2023,M,124,608,1606533417.692
2023,M,124,616,2186445701.792
2023,M,124,634,147931218.642
2023,M,124,643,52391722.381
2023,M,124,682,1587160886.755
2023,M,124,702,1063676034.428
2023,M,124,704,9826393089.757
2023,M,124,710,2038928690.439
2023,M,124,724,2946072559.014
2023,M,124,757,6240345467.385
2023,M,124,764,3600274376.947
2023,M,124,784,598595855.082
2023,M,124,792,2109358800.883
2023,M,124,818,634217759.688
2023,M,124,826,6975658285.945
2023,M,124,834,15263318.793
2023,M,76,12,1918434414.0
2023,M,76,24,732394540.0
2023,M,76,31,390243.0
2023,M,76,32,12419263153.0
2023,M,76,36,2116727544.0
2023,M,76,50,214909540.0
2023,M,76,76,357988319.0
2023,M,76,124,3626408977.0
2023,M,76,144,78837019.0
2023,M,76,152,4457202079.0
2023,M,76,156,55980490153.0
2023,M,76,170,2420710708.0
2023,M,76,192,2322573.0
2023,M,76,214,33934159.0
2023,M,76,218,108682189.0
2023,M,76,251,5683048278.0
2023,M,76,276,13623879395.0
2023,M,76,288,440659699.0
2023,M,76,344,783691549.0
2023,M,76,360,1588571166.0
2023,M,76,364,3974730.0
2023,M,76,368,2530279.0
2023,M,76,376,1421018122.0
2023,M,76,380,6093134514.0
2023,M,76,384,158496053.0
2023,M,76,392,5399083156.0
2023,M,76,404,1889988.0
2023,M,76,410,5050818381.0
2023,M,76,414,429424240.0
2023,M,76,446,3154773.0
2023,M,76,458,1545058335.0
2023,M,76,484,5777204653.0
2023,M,76,496,2673192.0
2023,M,76,504,1486955622.0
2023,M,76,512,726826807.0
2023,M,76,528,2968662719.0
2023,M,76,554,92540370.0
2023,M,76,586,138705927.0
2023,M,76,604,1659034383.0
2023,M,76,608,325631072.0
2023,M,76,616,893863326.0
2023,M,76,634,746613248.0
2023,M,76,643,11134261884.0
2023,M,76,682,3673749277.0
2023,M,76,702,981018906.0
2023,M,76,704,3152756646.0
2023,M,76,710,605512996.0
2023,M,76,724,4199324904.0
2023,M,76,757,2817340417.0
2023,M,76,764,2112670081.0
2023,M,76,784,1254789837.0
2023,M,76,792,1211982669.0
2023,M,76,818,542768010.0
2023,M,76,826,2939762133.0
2023,M,76,834,1653800.0
2023,M,410,12,3152860157.0
2023,M,410,24,10554.0
2023,M,410,31,2974268.0
2023,M,410,32,1628343027.0
2023,M,410,36,32822523020.0
2023,M,410,50,648872329.0
2023,M,410,76,6724277150.0
2023,M,410,124,6194049040.0
2023,M,410,144,118487748.0
2023,M,410,152,7572011698.0
2023,M,410,156,142853875178.0
2023,M,410,170,1068108317.0
2023,M,410,192,6822265.0
2023,M,410,214,148684821.0
2023,M,410,218,196086837.0
2023,M,410,251,8067767704.0
2023,M,410,276,23609954570.0
2023,M,410,288,29171355.0
2023,M,410,344,1831449099.0
2023,M,410,360,12145901207.0
2023,M,410,364,3722704.0
2023,M,410,368,7899268453.0
2023,M,410,376,1542811626.0
2023,M,410,380,8330524091.0
2023,M,410,384,6685476.0
2023,M,410,392,47646785980.0
2023,M,410,404,53434020.0
2023,M,410,414,9658962238.0
2023,M,410,446,3766843.0
2023,M,410,458,15237141905.0
2023,M,410,484,7630702445.0
2023,M,410,496,62790077.0
2023,M,410,504,177799845.0
2023,M,410,512,5365274952.0
2023,M,410,528,8061944665.0
2023,M,410,554,1740447202.0
2023,M,410,586,257410644.0
2023,M,410,604,2936508370.0
2023,M,410,608,4645088721.0
2023,M,410,616,1103361087.0
2023,M,410,634,14998929499.0
2023,M,410,643,8889358507.0
2023,M,410,682,32762549192.0
2023,M,410,702,11178515825.0
2023,M,410,704,25941782185.0
2023,M,410,710,3489438373.0
2023,M,410,724,2490988658.0
2023,M,410,757,3253041728.0
2023,M,410,764,7366589010.0
2023,M,410,784,16422761476.0
2023,M,410,792,1438598222.0
2023,M,410,818,630378105.0
2023,M,410,826,5147256414.0
2023,M,410,834,68305075.0
2023,M,484,12,52899779.0
2023,M,484,24,88284.0
2023,M,484,31,72298.0
2023,M,484,32,1007875933.0
2023,M,484,36,747132217.0
2023,M,484,50,650161638.0
2023,M,484,76,13419124237.0
2023,M,484,124,13099382731.0
2023,M,484,144,315119543.0
2023,M,484,152,2020552123.0
2023,M,484,156,114677688964.0
2023,M,484,170,2227491450.0
2023,M,484,192,7593233.0
2023,M,484,214,281769940.0
2023,M,484,218,145687556.0
2023,M,484,251,5038720271.0
2023,M,484,276,21232291974.0
2023,M,484,288,1407625.0
2023,M,484,344,872246052.0
2023,M,484,360,2811307870.0
2023,M,484,364,684019.0
2023,M,484,368,895.0
2023,M,484,376,1061860030.0
2023,M,484,380,8585492302.0
2023,M,484,384,112330613.0
2023,M,484,392,20713038714.0
2023,M,484,404,7053733.0
2023,M,484,410,19532224911.0
2023,M,484,414,102993.0
2023,M,484,446,18473139.0
2023,M,484,458,12130080611.0
2023,M,484,496,17064.0
2023,M,484,504,399549386.0
2023,M,484,512,35063165.0
2023,M,484,528,2388558566.0
2023,M,484,554,508649829.0
2023,M,484,586,296786743.0
2023,M,484,604,1356789801.0
2023,M,484,608,3376117649.0
2023,M,484,616,3715505105.0
2023,M,484,634,123289669.0
2023,M,484,643,1859500284.0
2023,M,484,682,231682800.0
2023,M,484,702,2877455157.0
2023,M,484,704,11582346630.0
2023,M,484,710,1017139266.0
2023,M,484,724,6263512012.0
2023,M,484,757,2370533322.0
2023,M,484,764,8755813111.0
2023,M,484,784,688365848.0
2023,M,484,792,1772686481.0
2023,M,484,818,90233851.0
2023,M,484,826,2776350204.0
2023,M,484,834,606245.0
2023,M,36,12,179362678.683
2023,M,36,24,268423.099
2023,M,36,31,111181862.491
2023,M,36,32,502705485.824
2023,M,36,36,638225370.029
2023,M,36,50,962168353.602
2023,M,36,76,1022326666.319
2023,M,36,124,2774047347.795
2023,M,36,144,232457964.599
2023,M,36,152,280508900.027
2023,M,36,156,71820697468.717
2023,M,36,170,113614523.416
2023,M,36,192,8010501.229
2023,M,36,214,56814720.297
2023,M,36,218,19753592.041
2023,M,36,251,5131222740.071
2023,M,36,276,12504216786.19
2023,M,36,288,9646513.52
2023,M,36,344,644896786.803
2023,M,36,360,3825584181.578
2023,M,36,364,19655214.356
2023,M,36,368,337260.997
2023,M,36,376,547008579.956
2023,M,36,380,6666042022.297
2023,M,36,384,14556011.486
2023,M,36,392,18108748780.338
2023,M,36,404,35065387.315
2023,M,36,410,18096560870.864
2023,M,36,414,1528797.568
2023,M,36,446,3032715.27
2023,M,36,458,12790999311.025
2023,M,36,484,2971281567.419
2023,M,36,496,575098.572
2023,M,36,504,154992157.435
2023,M,36,512,141338719.071
2023,M,36,528,2208596211.964
2023,M,36,554,5285384204.564
2023,M,36,586,297806010.305
2023,M,36,604,102655679.905
2023,M,36,608,698148633.772
2023,M,36,616,1307110788.337
2023,M,36,634,332336556.483
2023,M,36,643,8607372.569
2023,M,36,682,702750071.509
2023,M,36,702,11047896332.766
2023,M,36,704,6558068079.298
2023,M,36,710,1117448547.198
2023,M,36,724,2218499155.274
2023,M,36,757,2914985331.915
2023,M,36,764,13083316343.515
2023,M,36,784,933141065.554
2023,M,36,792,991161882.284
2023,M,36,818,61043008.786
2023,M,36,826,5589011871.215
2023,M,36,834,7715368.019
2023,M,724,12,6733763707.322
2023,M,724,24,2683057547.11
2023,M,724,31,969358120.813
2023,M,724,32,1656729784.953
2023,M,724,36,947268670.429
2023,M,724,50,3952531436.323
2023,M,724,76,8048707303.583
2023,M,724,124,3067898469.773
2023,M,724,144,232605621.199
2023,M,724,152,1337796736.355
2023,M,724,156,47555396152.749
2023,M,724,170,1242565067.914
2023,M,724,192,128944323.57
2023,M,724,214,138451561.133
2023,M,724,218,966252987.794
2023,M,724,251,41257453327.677
2023,M,724,276,49573324239.73
2023,M,724,288,196413607.479
2023,M,724,344,265214673.046
2023,M,724,360,3274413045.101
2023,M,724,364,98577470.91
2023,M,724,368,1794364413.389
2023,M,724,376,1048101624.138
2023,M,724,380,29732633971.759
2023,M,724,384,511678462.318
2023,M,724,392,5011172746.803
2023,M,724,404,73912617.927
2023,M,724,410,4021223405.984
2023,M,724,414,603988615.803
2023,M,724,446,1859166.947
2023,M,724,458,1758918820.266
2023,M,724,484,6067115992.392
2023,M,724,496,2121298.552
2023,M,724,504,9764063201.584
2023,M,724,512,248118811.265
2023,M,724,528,21025798935.922
2023,M,724,554,217250694.68
2023,M,724,586,1574614291.276
2023,M,724,604,2039117454.722
2023,M,724,608,438093192.659
2023,M,724,616,9184094812.428
2023,M,724,634,628754297.399
2023,M,724,643,3380075163.791
2023,M,724,682,3679305019.931
2023,M,724,702,476020476.01
2023,M,724,704,4792697216.397
2023,M,724,710,1672380073.523
2023,M,724,757,5110527326.616
2023,M,724,764,1547885724.409
2023,M,724,784,1057722437.075
2023,M,724,792,9847435374.328
2023,M,724,818,1671674873.394
2023,M,724,826,11578462799.09
2023,M,724,834,32032525.906
2023,M,360,12,562213683.0
2023,M,360,24,1196054636.0
2023,M,360,31,250781160.0
2023,M,360,32,1390466387.0
2023,M,360,36,9302679672.0
2023,M,360,50,94977952.0
2023,M,360,76,4856802482.0
2023,M,360,124,2152383689.0
2023,M,360,144,43107235.0
2023,M,360,152,182068870.0
2023,M,360,156,63386612864.0
2023,M,360,170,24069203.0
2023,M,360,192,1151851.0
2023,M,360,214,33708807.0
2023,M,360,218,205678034.0
2023,M,360,251,1679164823.0
2023,M,360,276,4715955469.0
2023,M,360,288,26002163.0
2023,M,360,344,2528763644.0
2023,M,360,360,91907828.0
2023,M,360,364,11721914.0
2023,M,360,368,32612019.0
2023,M,360,376,21960408.0
2023,M,360,380,1937360407.0
2023,M,360,384,254400789.0
2023,M,360,392,16541739849.0
2023,M,360,404,27463197.0
2023,M,360,410,10554619662.0
2023,M,360,414,234104735.0
2023,M,360,446,2495295.0
2023,M,360,458,10786491461.0
2023,M,360,484,370167320.0
2023,M,360,496,5872786.0
2023,M,360,504,28880514.0
2023,M,360,512,1849392920.0
2023,M,360,528,949584171.0
2023,M,360,554,1135033274.0
2023,M,360,586,309239272.0
2023,M,360,604,77827756.0
2023,M,360,608,1491466772.0
2023,M,360,616,237745156.0
2023,M,360,634,938097001.0
2023,M,360,643,2442213069.0
2023,M,360,682,4068441407.0
2023,M,360,702,18420496899.0
2023,M,360,704,5367065225.0
2023,M,360,710,1402583359.0
2023,M,360,724,645445639.0
2023,M,360,757,757631524.0
2023,M,360,764,10273672577.0
2023,M,360,784,2403852724.0
2023,M,360,792,619599404.0
2023,M,360,818,203950754.0
2023,M,360,826,1176502782.0
2023,M,360,834,35677399.0
2023,M,682,12,48409500.39
2023,M,682,24,26051.733
2023,M,682,31,5835745.721
2023,M,682,32,882754384.598
2023,M,682,36,1152205327.728
2023,M,682,50,466084536.081
2023,M,682,76,3588516183.087
2023,M,682,124,1732384325.49
2023,M,682,144,127313060.017
2023,M,682,152,120383939.924
2023,M,682,156,43346593974.202
2023,M,682,170,120032055.133
2023,M,682,192,1383753.299
2023,M,682,214,20968746.409
2023,M,682,218,185606016.427
2023,M,682,251,4430906961.761
2023,M,682,276,9124958534.543
2023,M,682,288,6856997.962
2023,M,682,344,1762619586.335
2023,M,682,360,2733919143.919
2023,M,682,364,248634.66
2023,M,682,368,20471502.155
2023,M,682,380,5874597416.602
2023,M,682,384,10388229.874
2023,M,682,392,8184916784.177
2023,M,682,404,141759987.389
2023,M,682,410,6031709699.874
2023,M,682,414,423265253.952
2023,M,682,446,550586.92
2023,M,682,458,1886861256.295
2023,M,682,484,1559652278.875
2023,M,682,496,650208.517
2023,M,682,504,159794713.338
2023,M,682,512,3870223004.044
2023,M,682,528,2835413448.581
2023,M,682,554,757572736.527
2023,M,682,586,715125879.189
2023,M,682,604,24016167.133
2023,M,682,608,201761917.623
2023,M,682,616,1499702012.107
2023,M,682,634,357128122.805
2023,M,682,643,3702054374.115
2023,M,682,702,1588073532.565
2023,M,682,704,2744519743.387
2023,M,682,710,772202852.695
2023,M,682,724,2480277909.993
2023,M,682,757,6612462667.222
2023,M,682,764,3669729881.857
2023,M,682,784,13347356296.716
2023,M,682,792,2623356968.816
2023,M,682,818,5268015191.5
2023,M,682,826,4540372763.557
2023,M,682,834,31370459.216
2023,M,792,12,1452400041.0
2023,M,792,24,15359406.0
2023,M,792,31,1440074501.0
2023,M,792,32,737507918.0
2023,M,792,36,1168778161.0
2023,M,792,50,665082764.0
2023,M,792,76,4139999154.0
2023,M,792,124,1304857051.0
2023,M,792,144,103307617.0
2023,M,792,152,215770519.0
2023,M,792,156,45047968463.0
2023,M,792,170,835057634.0
2023,M,792,192,19568156.0
2023,M,792,214,28961145.0
2023,M,792,218,61260729.0
2023,M,792,251,11547689385.0
2023,M,792,276,28687775486.0
2023,M,792,288,363428225.0
2023,M,792,344,663432959.0
2023,M,792,360,1888458277.0
2023,M,792,364,2180642033.0
2023,M,792,368,1498191911.0
2023,M,792,376,1641071173.0
2023,M,792,380,14994186139.0
2023,M,792,384,321333089.0
2023,M,792,392,5466846911.0
2023,M,792,404,22399034.0
2023,M,792,410,9487978167.0
2023,M,792,414,104453415.0
2023,M,792,446,322773.0
2023,M,792,458,4139184387.0
2023,M,792,484,1229267004.0
2023,M,792,496,2808046.0
2023,M,792,504,1360235354.0
2023,M,792,512,1008897394.0
2023,M,792,528,4420492233.0
2023,M,792,554,50891414.0
2023,M,792,586,455500911.0
2023,M,792,604,294420693.0
2023,M,792,608,305225956.0
2023,M,792,616,5074133486.0
2023,M,792,634,543024226.0
2023,M,792,643,45599586714.0
2023,M,792,682,3039173465.0
2023,M,792,702,406063136.0
2023,M,792,704,2716859110.0
2023,M,792,710,1164466718.0
2023,M,792,724,9507243383.0
2023,M,792,757,19914078828.0
2023,M,792,764,2169937543.0
2023,M,792,784,11530204869.0
2023,M,792,818,3647447624.0
2023,M,792,826,6523078010.0
2023,M,792,834,34489080.0
2023,M,528,12,2002495053.629
2023,M,528,24,2803631840.121
2023,M,528,31,34491698.033
2023,M,528,32,1470933399.384
2023,M,528,36,2109973497.219
2023,M,528,50,1425535266.998
2023,M,528,76,8943985133.678
2023,M,528,124,4588766408.06
2023,M,528,144,305036354.114
2023,M,528,152,1592032491.872
2023,M,528,156,53664834507.145
2023,M,528,170,1323299968.473
2023,M,528,192,37179313.372
2023,M,528,214,346133303.73
2023,M,528,218,696279494.821
2023,M,528,251,23216814847.911
2023,M,528,276,109374718166.486
2023,M,528,288,589469460.135
2023,M,528,344,5146373118.027
2023,M,528,360,3138784257.668
2023,M,528,364,29340390.519
2023,M,528,368,5253038381.658
2023,M,528,376,1913391387.293
2023,M,528,380,16173249493.848
2023,M,528,384,1936641269.562
2023,M,528,392,9493182516.995
2023,M,528,404,657857366.972
2023,M,528,410,5309077738.072
2023,M,528,414,670126483.078
2023,M,528,446,14009063.293
2023,M,528,458,5678475887.747
2023,M,528,484,1842925711.432
2023,M,528,496,2718859.676
2023,M,528,504,678175147.174
2023,M,528,512,55223530.59
2023,M,528,554,600862954.099
2023,M,528,586,831155959.607
2023,M,528,604,1464114679.424
2023,M,528,608,2450342297.351
2023,M,528,616,14788159877.557
2023,M,528,634,2762333283.645
2023,M,528,643,5672027079.514
2023,M,528,682,4083578241.636
2023,M,528,702,4596822603.192
2023,M,528,704,8279545352.597
2023,M,528,710,2396347449.057
2023,M,528,724,11996208072.991
2023,M,528,757,4916748687.939
2023,M,528,764,4206223844.519
2023,M,528,784,1907527522.677
2023,M,528,792,5566555740.8
2023,M,528,818,1124287551.621
2023,M,528,826,33630691340.778
2023,M,528,834,104849680.622
2023,M,757,12,129349303.397
2023,M,757,24,636726.469
2023,M,757,31,187539498.029
2023,M,757,32,1262026865.794
2023,M,757,36,5644109075.903
2023,M,757,50,1116363230.35
2023,M,757,76,1808830501.859
2023,M,757,124,6652641017.811
2023,M,757,144,306800623.254
2023,M,757,152,711691206.076
2023,M,757,156,20478766240.603
2023,M,757,170,465476417.041
2023,M,757,192,48224194.789
2023,M,757,214,884657740.058
2023,M,757,218,480361272.543
2023,M,757,251,21707645961.252
2023,M,757,276,66308263787.685
2023,M,757,288,3419328314.157
2023,M,757,344,4843532352.956
2023,M,757,360,2681851634.191
2023,M,757,364,19626069.343
2023,M,757,368,459737.725
2023,M,757,376,646683119.808
2023,M,757,380,28413925024.357
2023,M,757,384,1937084954.278
2023,M,757,392,7664221604.797
2023,M,757,404,83759236.083
2023,M,757,410,2840232299.509
2023,M,757,414,21202077.108
2023,M,757,446,11980476.466
2023,M,757,458,1088240095.867
2023,M,757,484,2852773219.563
2023,M,757,496,841674788.303
2023,M,757,504,368601421.863
2023,M,757,512,34904252.574
2023,M,757,528,6556121566.61
2023,M,757,554,91005393.261
2023,M,757,586,259898449.227
2023,M,757,604,2424702793.139
2023,M,757,608,1754676943.832
2023,M,757,616,3596837005.549
2023,M,757,634,314477925.289
2023,M,757,643,3968177673.176
2023,M,757,682,810439988.725
2023,M,757,702,3922746980.509
2023,M,757,704,1915747893.242
2023,M,757,710,4222749648.144
2023,M,757,724,10357926491.652
2023,M,757,764,4099465056.834
2023,M,757,784,10438697454.775
2023,M,757,792,2450848790.838
2023,M,757,818,540804739.867
2023,M,757,826,6976294617.142
2023,M,757,834,459508438.968
2023,M,616,12,106058021.0
2023,M,616,24,1976892.0
2023,M,616,31,73415924.0
2023,M,616,32,499991565.0
2023,M,616,36,608191196.0
2023,M,616,50,3301714066.0
2023,M,616,76,3009437724.0
2023,M,616,124,982962582.0
2023,M,616,144,210430995.0
2023,M,616,152,181897799.0
2023,M,616,156,51523648202.0
2023,M,616,170,1264790038.0
2023,M,616,192,6358404.0
2023,M,616,214,41546634.0
2023,M,616,218,239609280.0
2023,M,616,251,12198914237.0
2023,M,616,276,73912545350.0
2023,M,616,288,53266871.0
2023,M,616,344,169792048.0
2023,M,616,360,1569603697.0
2023,M,616,364,48824438.0
2023,M,616,368,44768.0
2023,M,616,376,550560602.0
2023,M,616,380,18208825663.0
2023,M,616,384,191877902.0
2023,M,616,392,6235586762.0
2023,M,616,404,50451956.0
2023,M,616,410,10427840786.0
2023,M,616,414,293283248.0
2023,M,616,446,1816024.0
2023,M,616,458,1382354132.0
2023,M,616,484,1060361893.0
2023,M,616,496,4085916.0
2023,M,616,504,1081581446.0
2023,M,616,512,99979085.0
2023,M,616,528,15052940341.0
2023,M,616,554,138199603.0
2023,M,616,586,803825448.0
2023,M,616,604,171904196.0
2023,M,616,608,589560768.0
2023,M,616,634,1225552056.0
2023,M,616,643,2665876649.0
2023,M,616,682,7627092598.0
2023,M,616,702,620909985.0
2023,M,616,704,4958493214.0
2023,M,616,710,872593316.0
2023,M,616,724,7893647221.0
2023,M,616,757,2733221852.0
2023,M,616,764,1464265640.0
2023,M,616,784,567632889.0
2023,M,616,792,8183852952.0
2023,M,616,818,397002022.0
2023,M,616,826,6634712088.0
2023,M,616,834,214800110.0
2023,M,32,12,106954007.86
2023,M,32,31,29.58
2023,M,32,32,34549608.89
2023,M,32,36,359976943.56
2023,M,32,50,27007124.69
2023,M,32,76,17295443374.55
2023,M,32,124,409384415.09
2023,M,32,144,12626813.62
2023,M,32,152,733340720.26
2023,M,32,156,14477565628.23
2023,M,32,170,388784023.07
2023,M,32,192,4286926.12
2023,M,32,214,5553113.51
2023,M,32,218,336027031.53
2023,M,32,251,1096265129.64
2023,M,32,276,2783719688.97
2023,M,32,288,724088.5
2023,M,32,344,18298086.51
2023,M,32,360,334047577.71
2023,M,32,364,663174.89
2023,M,32,368,147063.77
2023,M,32,376,184069907.41
2023,M,32,380,1811258015.73
2023,M,32,384,1751339.67
2023,M,32,392,1222156868.29
2023,M,32,404,613417.72
2023,M,32,410,668356726.12
2023,M,32,414,12677961.35
2023,M,32,446,667866.55
2023,M,32,458,298871324.19
2023,M,32,484,1561659415.81
2023,M,32,496,1282.2
2023,M,32,504,467084048.29
2023,M,32,512,15375337.3
2023,M,32,528,702505882.29
2023,M,32,554,21162335.85
2023,M,32,586,60177766.95
2023,M,32,604,232339304.19
2023,M,32,608,117613676.33
2023,M,32,616,256520825.73
2023,M,32,634,112960117.02
2023,M,32,643,139817857.06
2023,M,32,682,273655110.5
2023,M,32,702,125428233.57
2023,M,32,704,1393286602.28
2023,M,32,710,152891340.94
2023,M,32,724,1261093758.78
2023,M,32,757,548293091.7
2023,M,32,764,1799019012.98
2023,M,32,784,196936628.21
2023,M,32,792,310552122.03
2023,M,32,818,267867462.57
2023,M,32,826,602262355.26
2023,M,32,834,116457.76
2023,M,784,12,10714326.388
2023,M,784,24,1586225999.691
2023,M,784,31,68291953.84
2023,M,784,32,356249349.831
2023,M,784,36,3422871816.299
2023,M,784,50,820465850.36
2023,M,784,76,3786966618.81
2023,M,784,124,2579906946.14
2023,M,784,144,274221073.826
2023,M,784,152,199831297.159
2023,M,784,156,77419156210.182
2023,M,784,170,464069174.126
2023,M,784,192,3422070.957
2023,M,784,214,30197006.051
2023,M,784,218,635749367.407
2023,M,784,251,8584648473.368
2023,M,784,276,11298662859.085
2023,M,784,288,3254002919.245
2023,M,784,344,3822065615.137
2023,M,784,360,3759953351.766
2023,M,784,364,453102918.007
2023,M,784,368,5651169461.214
2023,M,784,376,665166359.111
2023,M,784,380,10073225232.96
2023,M,784,384,77503099.704
2023,M,784,392,15171997163.08
2023,M,784,404,841047145.276
2023,M,784,410,4642107023.673
2023,M,784,414,2551818606.448
2023,M,784,446,11179390.392
2023,M,784,458,3008957920.152
2023,M,784,484,2113734040.497
2023,M,784,496,524662.044
2023,M,784,504,209196506.583
2023,M,784,512,2975842475.309
2023,M,784,528,1953582113.68
2023,M,784,554,655464978.213
2023,M,784,586,3656974967.385
2023,M,784,604,1164704431.122
2023,M,784,608,806374999.241
2023,M,784,616,1746549848.069
2023,M,784,634,2115980033.916
2023,M,784,643,6447189609.542
2023,M,784,682,7870108774.653
2023,M,784,702,2432029653.58
2023,M,784,704,11053924926.421
2023,M,784,710,5022254957.227
2023,M,784,724,2260435904.766
2023,M,784,757,11209525120.246
2023,M,784,764,5547852159.034
2023,M,784,792,17655819581.594
2023,M,784,818,2417192926.087
2023,M,784,826,8817346677.713
2023,M,784,834,1572809484.079
2023,M,764,12,180717503.302
2023,M,764,24,794224563.041
2023,M,764,31,36550485.887
2023,M,764,32,333144826.999
2023,M,764,36,6839812236.366
2023,M,764,50,93953703.732
2023,M,764,76,4445356996.149
2023,M,764,124,1030147756.518
2023,M,764,144,124132925.454
2023,M,764,152,714038831.986
2023,M,764,156,70826519916.39
2023,M,764,170,101553550.553
2023,M,764,192,2745612.399
2023,M,764,214,32550279.792
2023,M,764,218,56572740.847
2023,M,764,251,3354528145.75
2023,M,764,276,6182076373.159
2023,M,764,288,84393723.059
2023,M,764,344,2612318864.837
2023,M,764,360,8278424713.039
2023,M,764,364,7713832.018
2023,M,764,368,104363.13
2023,M,764,376,440996058.043
2023,M,764,380,2963175880.35
2023,M,764,384,1441837.454
2023,M,764,392,31195062515.689
2023,M,764,404,29074630.148
2023,M,764,410,8671065374.463
2023,M,764,414,613902228.257
2023,M,764,446,7488281.828
2023,M,764,458,13117789449.579
2023,M,764,484,1037195474.663
2023,M,764,496,67089489.969
2023,M,764,504,71858184.187
2023,M,764,512,1230898745.772
2023,M,764,528,1021640256.419
2023,M,764,554,838199672.587
2023,M,764,586,260943648.638
2023,M,764,604,195935467.509
2023,M,764,608,3104059342.804
2023,M,764,616,466679639.029
2023,M,764,634,3423919374.497
2023,M,764,643,686756155.116
2023,M,764,682,6149455606.134
2023,M,764,702,8127971629.453
2023,M,764,704,7737509352.575
2023,M,764,710,556895204.202
2023,M,764,724,776711561.076
2023,M,764,757,4981038158.812
2023,M,764,764,4142856140.568
2023,M,764,784,15747307446.489
2023,M,764,792,438639195.795
2023,M,764,818,58743594.421
2023,M,764,826,2667469940.061
2023,M,764,834,71011704.929
2023,M,376,12,33524000.0
2023,M,376,24,18000.0
2023,M,376,31,11054000.0
2023,M,376,32,462706000.0
2023,M,376,36,239862000.0
2023,M,376,50,224380000.0
2023,M,376,76,617044000.0
2023,M,376,124,439597000.0
2023,M,376,144,154638000.0
2023,M,376,152,152393000.0
2023,M,376,156,16329326000.0
2023,M,376,170,30344000.0
2023,M,376,192,134000.0
2023,M,376,214,12937000.0
2023,M,376,218,11490000.0
2023,M,376,251,2100029000.0
2023,M,376,276,5648600000.0
2023,M,376,288,4565000.0
2023,M,376,344,1201245000.0
2023,M,376,360,258053000.0
2023,M,376,380,3541319000.0
2023,M,376,384,18054000.0
2023,M,376,392,1744555000.0
2023,M,376,404,17470000.0
2023,M,376,410,2215262000.0
2023,M,376,446,9881000.0
2023,M,376,458,392115000.0
2023,M,376,484,538403000.0
2023,M,376,496,93000.0
2023,M,376,504,134367000.0
2023,M,376,528,1645109000.0
2023,M,376,554,17230000.0
2023,M,376,586,42428000.0
2023,M,376,604,17435000.0
2023,M,376,608,237350000.0
2023,M,376,616,1193037000.0
2023,M,376,643,2341781000.0
2023,M,376,702,567342000.0
2023,M,376,704,1148793000.0
2023,M,376,710,108022000.0
2023,M,376,724,1899190000.0
2023,M,376,757,1399221000.0
2023,M,376,764,900242000.0
2023,M,376,784,739391000.0
2023,M,376,792,5272399000.0
2023,M,376,818,371389000.0
2023,M,376,826,2044611000.0
2023,M,376,834,14227000.0
2023,M,702,12,383112265.323
2023,M,702,24,494090469.587
2023,M,702,31,107653737.192
2023,M,702,32,128048970.141
2023,M,702,36,6896455486.538
2023,M,702,50,132731680.911
2023,M,702,76,5814885938.948
2023,M,702,124,2056927937.617
2023,M,702,144,93466649.587
2023,M,702,152,82297767.474
2023,M,702,156,58787854635.819
2023,M,702,170,67354049.601
2023,M,702,192,10364464.836
2023,M,702,214,66484311.72
2023,M,702,218,45917350.37
2023,M,702,251,13791275654.217
2023,M,702,276,10058904782.651
2023,M,702,288,39410378.175
2023,M,702,344,2207747043.199
2023,M,702,360,15982229655.236
2023,M,702,364,3146971.824
2023,M,702,368,752223166.748
2023,M,702,376,776497772.844
2023,M,702,380,5630356838.887
2023,M,702,384,74166035.443
2023,M,702,392,21194256086.882
2023,M,702,404,10495068.07
2023,M,702,410,25659661845.782
2023,M,702,414,1826299338.253
2023,M,702,446,20619985.058
2023,M,702,458,47607337598.164
2023,M,702,484,2453135810.186
2023,M,702,496,310932.389
2023,M,702,504,212740828.179
2023,M,702,512,614884296.546
2023,M,702,528,2832938578.41
2023,M,702,554,725185443.335
2023,M,702,586,193358426.835
2023,M,702,604,60431092.372
2023,M,702,608,4894035509.923
2023,M,702,616,610381927.589
2023,M,702,634,5644952065.042
2023,M,702,643,3578317847.698
2023,M,702,682,6724229040.145
2023,M,702,704,4884252002.861
2023,M,702,710,410633973.407
2023,M,702,724,1737205366.512
2023,M,702,757,8348374802.193
2023,M,702,764,12016985940.147
2023,M,702,784,12234778270.557
2023,M,702,792,681630770.043
2023,M,702,818,105728563.04
2023,M,702,826,8439729703.6
2023,M,702,834,12890905.442
2023,M,608,12,78294519.0
2023,M,608,24,15480282.0
2023,M,608,31,871.0
2023,M,608,32,436067796.0
2023,M,608,36,3960173055.0
2023,M,608,50,94809662.0
2023,M,608,76,1586373435.0
2023,M,608,124,995749220.0
2023,M,608,144,12961131.0
2023,M,608,152,118742846.0
2023,M,608,156,30942921448.0
2023,M,608,170,13726234.0
2023,M,608,192,4291170.0
2023,M,608,214,8597552.0
2023,M,608,218,8971300.0
2023,M,608,251,1303491330.0
2023,M,608,276,2274099184.0
2023,M,608,288,2089471.0
2023,M,608,344,2104897614.0
2023,M,608,360,12284549788.0
2023,M,608,364,383977.0
2023,M,608,368,385405997.0
2023,M,608,376,348315260.0
2023,M,608,380,991540103.0
2023,M,608,384,612.0
2023,M,608,392,10950071163.0
2023,M,608,404,4224152.0
2023,M,608,410,8890704004.0
2023,M,608,414,386173496.0
2023,M,608,446,127491077.0
2023,M,608,458,6275923395.0
2023,M,608,484,387720747.0
2023,M,608,496,254312.0
2023,M,608,504,30097825.0
2023,M,608,512,140708460.0
2023,M,608,528,598768670.0
2023,M,608,554,457564899.0
2023,M,608,586,153618257.0
2023,M,608,604,76346724.0
2023,M,608,616,143553777.0
2023,M,608,634,438346904.0
2023,M,608,643,166720563.0
2023,M,608,682,2396765732.0
2023,M,608,702,7388068346.0
2023,M,608,704,4974904973.0
2023,M,608,710,77436366.0
2023,M,608,724,702339051.0
2023,M,608,757,393606662.0
2023,M,608,764,8188007145.0
2023,M,608,784,1599258606.0
2023,M,608,792,156209003.0
2023,M,608,818,92925691.0
2023,M,608,826,836080215.0
2023,M,608,834,5904526.0
2023,M,704,12,3895591.134
2023,M,704,24,201565576.518
2023,M,704,31,400092460.143
2023,M,704,32,2470199147.247
2023,M,704,36,8558582395.309
2023,M,704,50,129973174.202
2023,M,704,76,4671733491.34
2023,M,704,124,630245934.186
2023,M,704,144,39773860.433
2023,M,704,152,374889002.296
2023,M,704,156,110654552124.605
2023,M,704,170,23739408.999
2023,M,704,214,8933438.815
2023,M,704,218,50226263.05
2023,M,704,251,1631680060.213
2023,M,704,276,3688432004.584
2023,M,704,288,282547144.456
2023,M,704,344,1613785807.598
2023,M,704,360,8731295578.052
2023,M,704,368,78127848.921
2023,M,704,376,2053442966.32
2023,M,704,380,1626661206.325
2023,M,704,384,1017503004.142
2023,M,704,392,21612574127.484
2023,M,704,404,34506201.662
2023,M,704,410,52385724378.034
2023,M,704,414,5857085952.365
2023,M,704,458,7806272934.203
2023,M,704,484,831745693.002
2023,M,704,504,22582448.126
2023,M,704,528,681968296.658
2023,M,704,554,680220336.819
2023,M,704,586,318834218.622
2023,M,704,604,47023460.07
2023,M,704,608,2654079701.503
2023,M,704,616,373570553.535
2023,M,704,634,285576865.717
2023,M,704,643,1887759073.542
2023,M,704,682,1553634148.383
2023,M,704,702,4716715918.588
2023,M,704,710,403180742.545
2023,M,704,724,623359095.977
2023,M,704,757,639687895.214
2023,M,704,764,11792443015.552
2023,M,704,784,676666975.203
2023,M,704,792,468137503.495
2023,M,704,818,54674244.558
2023,M,704,826,793379704.545
2023,M,704,834,211700708.027
2023,M,458,12,23642443.577
2023,M,458,24,25365726.114
2023,M,458,31,360912.486
2023,M,458,32,1646647903.297
2023,M,458,36,7616482658.359
2023,M,458,50,328780411.286
2023,M,458,76,2732673323.893
2023,M,458,124,926599814.867
2023,M,458,144,78117625.287
2023,M,458,152,302221430.809
2023,M,458,156,56708868760.368
2023,M,458,170,318599275.518
2023,M,458,192,9585403.64
2023,M,458,214,22650724.592
2023,M,458,218,359256362.465
2023,M,458,251,2323181942.846
2023,M,458,276,7211171435.925
2023,M,458,288,226364763.215
2023,M,458,344,3342762959.35
2023,M,458,360,13222041071.884
2023,M,458,364,46764353.075
2023,M,458,368,97911355.713
2023,M,458,380,1762676365.211
2023,M,458,384,881030414.387
2023,M,458,392,15555690350.175
2023,M,458,404,22902036.058
2023,M,458,410,12095702025.704
2023,M,458,414,618024887.567
2023,M,458,446,16624509.661
2023,M,458,458,104114847.279
2023,M,458,484,671720278.986
2023,M,458,496,428311.602
2023,M,458,504,42711275.987
2023,M,458,512,800225225.931
2023,M,458,528,1117342258.756
2023,M,458,554,913915277.806
2023,M,458,586,448333774.493
2023,M,458,604,182908169.636
2023,M,458,608,2120866912.027
2023,M,458,616,336171400.107
2023,M,458,634,603111626.563
2023,M,458,643,2498356473.151
2023,M,458,682,9572718210.55
2023,M,458,702,31528337811.313
2023,M,458,704,6010653661.328
2023,M,458,710,764550043.439
2023,M,458,724,688154111.433
2023,M,458,757,1581650153.344
2023,M,458,764,11940675899.253
2023,M,458,784,5567639584.13
2023,M,458,792,614577112.789
2023,M,458,818,228212073.309
2023,M,458,826,1867013831.169
2023,M,458,834,79872402.421
2023,M,818,12,12743967.181
2023,M,818,24,21396.429
2023,M,818,31,386662.011
2023,M,818,32,1111114826.653
2023,M,818,36,513307755.528
2023,M,818,50,56976066.223
2023,M,818,76,3092178259.159
2023,M,818,124,440154818.746
2023,M,818,144,30199226.944
2023,M,818,152,19942681.521
2023,M,818,156,13230940112.038
2023,M,818,170,124861244.157
2023,M,818,192,1129847.905
2023,M,818,214,3135339.95
2023,M,818,218,1874346.529
2023,M,818,251,1658914909.394
2023,M,818,276,4165523031.832
2023,M,818,288,15334795.578
2023,M,818,344,55735361.978
2023,M,818,360,1557967486.499
2023,M,818,364,3299720.766
2023,M,818,368,182143634.583
2023,M,818,376,2499438087.772
2023,M,818,380,3291796108.826
2023,M,818,384,29339564.174
2023,M,818,392,819835266.707
2023,M,818,404,310917803.857
2023,M,818,410,1554945360.505
2023,M,818,414,2253017649.735
2023,M,818,446,500655.324
2023,M,818,458,687258076.966
2023,M,818,484,201065700.496
2023,M,818,496,4108.393
2023,M,818,504,23053204.536
2023,M,818,512,717580738.679
2023,M,818,528,1130367440.539
2023,M,818,554,142964075.406
2023,M,818,586,90277029.763
2023,M,818,604,13711467.949
2023,M,818,608,12686266.539
2023,M,818,616,504819613.062
2023,M,818,634,27843236.244
2023,M,818,643,5035196642.53
2023,M,818,682,5520947526.062
2023,M,818,702,242293424.883
2023,M,818,704,552923157.658
2023,M,818,710,101177615.693
2023,M,818,724,1534898660.118
2023,M,818,757,1036511890.725
2023,M,818,764,762084369.555
2023,M,818,784,2306716766.036
2023,M,818,792,2815778034.733
2023,M,818,826,1862765047.036
2023,M,818,834,9038259.253
2023,M,710,12,199915394.986
2023,M,710,24,355550398.439
2023,M,710,31,285246.36
2023,M,710,32,253850283.464
2023,M,710,36,1055168645.873
2023,M,710,50,116593430.607
2023,M,710,76,1433935408.98
2023,M,710,124,359278946.004
2023,M,710,144,31799056.338
2023,M,710,152,130812138.962
2023,M,710,156,21914518794.096
2023,M,710,170,96300424.161
2023,M,710,192,1891070.311
2023,M,710,214,7508871.681
2023,M,710,218,16272586.43
2023,M,710,251,2119610351.353
2023,M,710,276,8683380934.396
2023,M,710,288,178119892.381
2023,M,710,344,93268909.593
2023,M,710,360,969848917.852
2023,M,710,364,1741614.349
2023,M,710,368,4451970.511
2023,M,710,376,191303018.181
2023,M,710,380,2408545610.812
2023,M,710,384,41047218.171
2023,M,710,392,2705285450.937
2023,M,710,404,20098315.31
2023,M,710,410,993408683.829
2023,M,710,414,235165937.137
2023,M,710,446,2196496.134
2023,M,710,458,1240504904.701
2023,M,710,484,702468713.179
2023,M,710,496,61436.26
2023,M,710,504,118713803.358
2023,M,710,512,2555988225.233
2023,M,710,528,1608497955.758
2023,M,710,554,112699178.081
2023,M,710,586,182014560.892
2023,M,710,604,16981501.275
2023,M,710,608,158560487.066
2023,M,710,616,1277947317.355
2023,M,710,634,355683254.784
2023,M,710,643,522809944.307
2023,M,710,682,3098380304.311
2023,M,710,702,826594814.719
2023,M,710,704,1028303298.712
2023,M,710,710,427141454.602
2023,M,710,724,1766074619.53
2023,M,710,757,631609743.642
2023,M,710,764,3495862251.061
2023,M,710,784,3996574326.467
2023,M,710,792,913977507.47
2023,M,710,818,112730214.635
2023,M,710,826,1825403364.536
2023,M,710,834,76726609.118
2023,M,344,12,2997676.715
2023,M,344,24,22118938.983
2023,M,344,31,19558677.601
2023,M,344,32,140768791.074
2023,M,344,36,7986130771.004
2023,M,344,50,130488409.739
2023,M,344,76,1244694010.161
2023,M,344,124,3878539351.086
2023,M,344,144,177511229.869
2023,M,344,152,813673054.162
2023,M,344,156,261936191241.694
2023,M,344,170,327483995.889
2023,M,344,192,43737689.054
2023,M,344,214,18967571.851
2023,M,344,218,33239914.682
2023,M,344,251,6982173560.756
2023,M,344,276,7983178353.911
2023,M,344,288,45106247.114
2023,M,344,360,2982763309.12
2023,M,344,364,2876092.219
2023,M,344,368,2613841.497
2023,M,344,376,2470607216.764
2023,M,344,380,5462853245.916
2023,M,344,384,439932.198
2023,M,344,392,34031955351.325
2023,M,344,404,17544082.135
2023,M,344,410,28851500143.386
2023,M,344,414,62840855.085
2023,M,344,446,1734065401.324
2023,M,344,458,19186945959.696
2023,M,344,484,440905014.734
2023,M,344,496,2741300.252
2023,M,344,504,455151391.561
2023,M,344,512,174036258.306
2023,M,344,528,2297034015.767
2023,M,344,554,518888070.638
2023,M,344,586,52983935.469
2023,M,344,604,215878973.322
2023,M,344,608,11318021670.7
2023,M,344,616,284784659.349
2023,M,344,634,1231702455.718
2023,M,344,643,8260172307.307
2023,M,344,682,292202255.941
2023,M,344,702,44466322345.077
2023,M,344,704,17110052452.591
2023,M,344,710,2629607801.114
2023,M,344,724,848937023.178
2023,M,344,757,18348317341.692
2023,M,344,764,11563890637.417
2023,M,344,784,14546879384.957
2023,M,344,792,894768504.118
2023,M,344,818,56658937.332
2023,M,344,826,17641078078.892
2023,M,344,834,72371098.972
2023,M,170,12,124852016.71
2023,M,170,24,2884.19
2023,M,170,31,99688.12
2023,M,170,32,1410647145.05
2023,M,170,36,50887327.3
2023,M,170,50,104245171.97
2023,M,170,76,4044885376.62
2023,M,170,124,1049621188.03
2023,M,170,144,17654031.9
2023,M,170,152,739127164.46
2023,M,170,156,13566844921.21
2023,M,170,192,2110505.75
2023,M,170,214,41529643.32
2023,M,170,218,760314482.4
2023,M,170,251,2074162878.92
2023,M,170,276,2347034550.08
2023,M,170,288,884085.91
2023,M,170,344,39512083.04
2023,M,170,360,256994980.84
2023,M,170,364,537305.55
2023,M,170,368,186883.99
2023,M,170,376,95327082.51
2023,M,170,380,1109196724.66
2023,M,170,384,5015408.79
2023,M,170,392,1360791503.1
2023,M,170,404,1424202.7
2023,M,170,410,856919432.89
2023,M,170,414,46804.48
2023,M,170,446,165575.27
2023,M,170,458,175485975.96
2023,M,170,484,3090354965.12
2023,M,170,504,84800372.83
2023,M,170,512,8990243.91
2023,M,170,528,606930318.37
2023,M,170,554,21394737.28
2023,M,170,586,46295589.84
2023,M,170,604,794096659.46
2023,M,170,608,49143671.89
2023,M,170,616,162145926.84
2023,M,170,634,933212.14
2023,M,170,643,325758294.93
2023,M,170,682,51765250.69
2023,M,170,702,142324241.23
2023,M,170,704,824266051.33
2023,M,170,710,39340005.36
2023,M,170,724,1256349392.54
2023,M,170,757,451932830.03
2023,M,170,764,323897140.73
2023,M,170,784,44007045.77
2023,M,170,792,256194266.97
2023,M,170,818,18818274.47
2023,M,170,826,704647589.3
2023,M,170,834,444225.49
2023,M,586,12,10877473.475
2023,M,586,24,37211.391
2023,M,586,31,1312427.338
2023,M,586,32,164862549.927
2023,M,586,36,951227878.349
2023,M,586,50,58594371.701
2023,M,586,76,439287939.809
2023,M,586,124,375070901.085
2023,M,586,144,61850279.04
2023,M,586,152,21716342.175
2023,M,586,156,11694818859.582
2023,M,586,170,5257210.846
2023,M,586,192,211508.573
2023,M,586,214,3315309.551
2023,M,586,218,159252.347
2023,M,586,251,254847547.783
2023,M,586,276,765338657.298
2023,M,586,288,7467949.262
2023,M,586,344,46187373.633
2023,M,586,360,3492729707.156
2023,M,586,364,943287190.362
2023,M,586,368,219145170.723
2023,M,586,380,329458378.727
2023,M,586,384,61575138.116
2023,M,586,392,1015022271.694
2023,M,586,404,497161247.769
2023,M,586,410,815573000.995
2023,M,586,414,1918968249.904
2023,M,586,446,20.577
2023,M,586,458,768179170.31
2023,M,586,484,69362152.373
2023,M,586,496,11325.882
2023,M,586,504,542620137.098
2023,M,586,512,688367380.334
2023,M,586,528,360007721.014
2023,M,586,554,16526459.584
2023,M,586,586,42409.605
2023,M,586,604,2574567.387
2023,M,586,608,22336614.205
2023,M,586,616,132889718.722
2023,M,586,634,3297014418.196
2023,M,586,643,885599039.813
2023,M,586,682,4475565398.194
2023,M,586,702,1112330389.427
2023,M,586,704,274086597.489
2023,M,586,710,412154806.351
2023,M,586,724,155948648.662
2023,M,586,757,155203212.763
2023,M,586,764,833603138.117
2023,M,586,784,4821391337.505
2023,M,586,792,250833844.68
2023,M,586,818,212538320.684
2023,M,586,826,560249897.046
2023,M,586,834,117725226.336
2023,M,152,12,94621.03
2023,M,152,24,2772.36
2023,M,152,31,1619.35
2023,M,152,32,5531698507.452
2023,M,152,36,582391012.469
2023,M,152,50,192480736.709
2023,M,152,76,8825939174.856
2023,M,152,124,812521548.289
2023,M,152,144,44788797.706
2023,M,152,152,16310185.697
2023,M,152,156,19817773763.283
2023,M,152,170,1186235596.682
2023,M,152,192,3578780.344
2023,M,152,214,17742619.328
2023,M,152,218,1126370996.661
2023,M,152,251,1174194213.964
2023,M,152,276,2809153303.231
2023,M,152,288,161428.806
2023,M,152,344,59047245.296
2023,M,152,360,351153943.473
2023,M,152,364,1062505.28
2023,M,152,368,218338.068
2023,M,152,376,102625265.555
2023,M,152,380,1442997443.508
2023,M,152,384,263751.95
2023,M,152,392,2480339263.903
2023,M,152,404,2535886.124
2023,M,152,410,1488957832.889
2023,M,152,414,20708.8
2023,M,152,446,161112.54
2023,M,152,458,177628650.352
2023,M,152,484,1681448125.785
2023,M,152,496,14346.62
2023,M,152,504,58924946.685
2023,M,152,512,9885622.16
2023,M,152,528,540281779.684
2023,M,152,554,115106637.798
2023,M,152,586,68300343.146
2023,M,152,604,1770587321.632
2023,M,152,608,59410625.522
2023,M,152,616,236041837.286
2023,M,152,634,11436302.678
2023,M,152,643,49030270.772
2023,M,152,682,253607268.465
2023,M,152,702,94317609.629
2023,M,152,704,1201178956.737
2023,M,152,710,75627766.714
2023,M,152,724,1840636778.882
2023,M,152,757,307328266.939
2023,M,152,764,600457111.288
2023,M,152,784,74563222.454
2023,M,152,792,371922104.204
2023,M,152,818,29569449.606
2023,M,152,826,519985137.902
2023,M,152,834,1294565.3
2023,M,368,12,550250.0
2023,M,368,31,27560.0
2023,M,368,32,49952117.0
2023,M,368,36,10750301.0
2023,M,368,50,33710.0
2023,M,368,76,489796627.0
2023,M,368,124,153686146.0
2023,M,368,144,51159616.0
2023,M,368,152,175608.0
2023,M,368,156,4345465220.0
2023,M,368,170,15287000.0
2023,M,368,214,66325.0
2023,M,368,218,62179372.0
2023,M,368,251,142319803.0
2023,M,368,276,541422276.0
2023,M,368,344,2678.0
2023,M,368,360,37673651.0
2023,M,368,364,3732072221.0
2023,M,368,380,131591130.0
2023,M,368,392,631299476.0
2023,M,368,404,302159.0
2023,M,368,410,856328632.0
2023,M,368,414,107832494.0
2023,M,368,458,257285279.0
2023,M,368,484,167388970.0
2023,M,368,504,15200.0
2023,M,368,512,28790184.0
2023,M,368,528,29286795.0
2023,M,368,554,4009367.0
2023,M,368,586,9042708.0
2023,M,368,604,156760.0
2023,M,368,608,963706.0
2023,M,368,616,3477249.0
2023,M,368,634,6817103.0
2023,M,368,643,15997520.0
2023,M,368,682,390024019.0
2023,M,368,702,55345732.0
2023,M,368,704,53770224.0
2023,M,368,710,17688835.0
2023,M,368,724,151457045.0
2023,M,368,757,66270791.0
2023,M,368,764,540961232.0
2023,M,368,784,975534710.0
2023,M,368,792,343091889.0
2023,M,368,818,204571437.0
2023,M,368,826,112497550.0
2023,M,604,12,2070718.83
2023,M,604,24,4940.56
2023,M,604,31,506.24
2023,M,604,32,2663162272.82
2023,M,604,36,189442347.06
2023,M,604,50,105983233.33
2023,M,604,76,3744729913.23
2023,M,604,124,1213672701.73
2023,M,604,144,40805248.39
2023,M,604,152,1326244216.87
2023,M,604,156,13442596716.1
2023,M,604,170,1247548594.21
2023,M,604,192,992144.88
2023,M,604,214,13805284.03
2023,M,604,218,1184578272.87
2023,M,604,251,392170748.03
2023,M,604,276,1144012444.97
2023,M,604,288,6367845.94
2023,M,604,344,28839230.23
2023,M,604,360,507921909.37
2023,M,604,364,1123409.93
2023,M,604,368,525.39
2023,M,604,376,69073205.05
2023,M,604,380,784619746.59
2023,M,604,384,3192671.52
2023,M,604,392,1099973797.62
2023,M,604,404,2793165.58
2023,M,604,410,837259361.52
2023,M,604,446,1042713.81
2023,M,604,458,223159609.59
2023,M,604,484,1769758594.55
2023,M,604,496,29571.37
2023,M,604,504,51937940.2
2023,M,604,512,1404408.66
2023,M,604,528,238384130.41
2023,M,604,554,76881753.02
2023,M,604,586,34753496.35
2023,M,604,604,24948441.25
2023,M,604,608,63401528.56
2023,M,604,616,121492811.31
2023,M,604,634,9202321.34
2023,M,604,643,331188718.0
2023,M,604,682,39415422.68
2023,M,604,702,86792847.72
2023,M,604,704,691722833.07
2023,M,604,710,53889011.97
2023,M,604,724,793260339.01
2023,M,604,757,149027894.0
2023,M,604,764,452505539.13
2023,M,604,784,48813840.36
2023,M,604,792,286776988.17
2023,M,604,818,33735113.03
2023,M,604,826,312918568.52
2023,M,604,834,22146.34
2023,M,554,12,120055.88
2023,M,554,24,2592.676
2023,M,554,31,93658.73
2023,M,554,32,130491979.244
2023,M,554,36,5454434848.932
2023,M,554,50,150938170.566
2023,M,554,76,182745074.874
2023,M,554,124,473408477.567
2023,M,554,144,39711503.494
2023,M,554,152,62268734.228
2023,M,554,156,10459476861.956
2023,M,554,170,20258914.392
2023,M,554,192,751351.594
2023,M,554,214,18540308.601
2023,M,554,218,69040521.322
2023,M,554,251,1078134441.294
2023,M,554,276,2235019908.132
2023,M,554,288,10818294.718
2023,M,554,344,58006322.159
2023,M,554,360,810195441.666
2023,M,554,364,2029453.636
2023,M,554,368,5100.608
2023,M,554,376,154825274.676
2023,M,554,380,1164634297.906
2023,M,554,384,1633169.688
2023,M,554,392,3439195117.964
2023,M,554,404,3030683.432
2023,M,554,410,3792248085.129
2023,M,554,414,7581964.553
2023,M,554,446,96377.908
2023,M,554,458,2029278063.506
2023,M,554,484,390427223.034
2023,M,554,496,306980.938
2023,M,554,504,54764677.07
2023,M,554,512,10266227.914
2023,M,554,528,462434690.455
2023,M,554,554,106984669.717
2023,M,554,586,57252546.763
2023,M,554,604,30199059.573
2023,M,554,608,113877216.435
2023,M,554,616,258761713.42
2023,M,554,634,21731521.169
2023,M,554,643,1300097.415
2023,M,554,682,141786256.597
2023,M,554,702,2779489908.976
2023,M,554,704,942213925.503
2023,M,554,710,115913006.222
2023,M,554,724,439493989.93
2023,M,554,757,366865891.031
2023,M,554,764,1849972086.076
2023,M,554,784,95833294.742
2023,M,554,792,176660112.938
2023,M,554,818,7913989.807
2023,M,554,826,1330864232.1
2023,M,554,834,1908843.849
2023,M,634,12,2766870.31
2023,M,634,24,54782.34
2023,M,634,31,666544.265
2023,M,634,32,50808964.61
2023,M,634,36,499640162.284
2023,M,634,50,79107732.051
2023,M,634,76,340332231.012
2023,M,634,124,344143611.21
2023,M,634,144,28799602.209
2023,M,634,152,14042781.69
2023,M,634,156,4549029732.103
2023,M,634,170,5185259.307
2023,M,634,214,2321987.325
2023,M,634,218,29545686.843
2023,M,634,251,962597042.813
2023,M,634,276,1761609038.724
2023,M,634,288,1135703.365
2023,M,634,344,89190370.727
2023,M,634,360,277075411.176
2023,M,634,364,134466215.019
2023,M,634,368,8297150.13
2023,M,634,380,2024411902.31
2023,M,634,384,1083577.741
2023,M,634,392,989371090.544
2023,M,634,404,22863125.083
2023,M,634,410,768789949.921
2023,M,634,414,388200117.602
2023,M,634,458,244988974.631
2023,M,634,484,229355270.956
2023,M,634,504,49214839.248
2023,M,634,512,841617587.071
2023,M,634,528,384133922.631
2023,M,634,554,36124598.719
2023,M,634,586,167618772.946
2023,M,634,604,5921473.322
2023,M,634,608,66546099.775
2023,M,634,616,230352074.174
2023,M,634,643,11255136.204
2023,M,634,682,195707569.374
2023,M,634,702,482332418.898
2023,M,634,704,514559863.407
2023,M,634,710,144159481.081
2023,M,634,724,343644159.965
2023,M,634,757,852792834.104
2023,M,634,764,299952939.005
2023,M,634,784,761699117.059
2023,M,634,792,818848818.808
2023,M,634,818,50996049.841
2023,M,634,826,1024181959.598
2023,M,634,834,33000953.816
2023,M,414,12,169628.693
2023,M,414,24,4053414.431
2023,M,414,31,846776.148
2023,M,414,32,68410674.018
2023,M,414,36,458065895.451
2023,M,414,50,137259628.471
2023,M,414,76,334231932.836
2023,M,414,124,236605012.408
2023,M,414,144,41584299.096
2023,M,414,152,15397708.065
2023,M,414,156,7428851609.414
2023,M,414,170,10980652.428
2023,M,414,192,385645.242
2023,M,414,214,6168002.69
2023,M,414,218,36037735.46
2023,M,414,251,993624008.478
2023,M,414,276,1647080675.07
2023,M,414,288,432986.965
2023,M,414,344,29922797.691
2023,M,414,360,362284133.472
2023,M,414,364,297328122.525
2023,M,414,368,24705946.266
2023,M,414,380,1461831088.844
2023,M,414,384,2013117.062
2023,M,414,392,2299951892.343
2023,M,414,404,28064425.1
2023,M,414,410,486386223.69
2023,M,414,446,226427.691
2023,M,414,458,228695487.385
2023,M,414,484,348856152.943
2023,M,414,496,46758.985
2023,M,414,504,52224186.834
2023,M,414,512,305515434.27
2023,M,414,528,454859231.123
2023,M,414,554,83053024.097
2023,M,414,586,248443294.876
2023,M,414,604,6266853.197
2023,M,414,608,48338975.179
2023,M,414,616,369114311.496
2023,M,414,634,116532935.968
2023,M,414,643,59633322.677
2023,M,414,682,1945225795.533
2023,M,414,702,137166556.507
2023,M,414,704,472031710.112
2023,M,414,710,150905035.187
2023,M,414,724,391017303.538
2023,M,414,757,1063407537.106
2023,M,414,764,582127288.456
2023,M,414,784,3384429627.788
2023,M,414,792,737373395.523
2023,M,414,818,411314277.616
2023,M,414,826,841668645.967
2023,M,414,834,6247193.132
2023,M,504,12,64173141.174
2023,M,504,24,12861967.358
2023,M,504,31,1235721.201
2023,M,504,32,582741523.579
2023,M,504,36,48552234.215
2023,M,504,50,69335957.645
2023,M,504,76,1557165900.446
2023,M,504,124,706490364.211
2023,M,504,144,22380543.66
2023,M,504,152,40698481.788
2023,M,504,156,7503233186.28
2023,M,504,170,221326911.947
2023,M,504,192,364104.488
2023,M,504,214,1219019.112
2023,M,504,218,26345189.305
2023,M,504,251,7466680472.549
2023,M,504,276,3489724212.051
2023,M,504,288,6104487.773
2023,M,504,344,21269291.709
2023,M,504,360,205410822.71
2023,M,504,364,3418816.06
2023,M,504,368,3095054.164
2023,M,504,376,177377298.204
2023,M,504,380,3398650004.899
2023,M,504,384,32746660.614
2023,M,504,392,469685196.7
2023,M,504,404,17885629.326
2023,M,504,410,662882522.365
2023,M,504,414,135692579.124
2023,M,504,446,81714.268
2023,M,504,458,193894382.51
2023,M,504,484,173805481.317
2023,M,504,496,142275.517
2023,M,504,512,222913179.611
2023,M,504,528,798038700.705
2023,M,504,554,35214530.001
2023,M,504,586,47844717.194
2023,M,504,604,38543331.724
2023,M,504,608,37033236.75
2023,M,504,616,872503156.687
2023,M,504,634,231364529.748
2023,M,504,643,895864321.128
2023,M,504,682,2339498189.544
2023,M,504,702,428018667.895
2023,M,504,704,405077074.859
2023,M,504,710,229886713.991
2023,M,504,724,11074140252.468
2023,M,504,757,363370101.026
2023,M,504,764,180526942.373
2023,M,504,784,1301651651.618
2023,M,504,792,3609250680.022
2023,M,504,818,923958486.742
2023,M,504,826,843045854.622
2023,M,504,834,32874753.321
2023,M,218,12,5419.0
2023,M,218,24,2088.1
2023,M,218,31,5.9
2023,M,218,32,553729659.6
2023,M,218,36,52224262.5
2023,M,218,50,42134262.1
2023,M,218,76,1232256152.3
2023,M,218,124,677675317.8
2023,M,218,144,13966647.9
2023,M,218,152,572302531.1
2023,M,218,156,6401107180.4
2023,M,218,170,2288596619.2
2023,M,218,192,891428.6
2023,M,218,214,28889724.3
2023,M,218,251,238630845.0
2023,M,218,276,632148575.2
2023,M,218,288,265581.7
2023,M,218,344,128679184.0
2023,M,218,360,178220861.9
2023,M,218,364,1107234.5
2023,M,218,368,24108.8
2023,M,218,376,34932862.9
2023,M,218,380,819637317.2
2023,M,218,384,156437.5
2023,M,218,392,778133947.4
2023,M,218,404,1185019.5
2023,M,218,410,853187308.3
2023,M,218,414,15286.5
2023,M,218,446,20081.2
2023,M,218,458,101583659.5
2023,M,218,484,738731996.2
2023,M,218,496,3152.4
2023,M,218,504,12329419.9
2023,M,218,512,3944492.2
2023,M,218,528,185717509.9
2023,M,218,554,3972276.4
2023,M,218,586,20838363.2
2023,M,218,604,1074798202.6
2023,M,218,608,24119388.2
2023,M,218,616,48765624.7
2023,M,218,634,1218522.2
2023,M,218,643,157145135.4
2023,M,218,682,53590149.7
2023,M,218,702,54747326.9
2023,M,218,704,242860053.0
2023,M,218,710,10302043.4
2023,M,218,724,741145724.6
2023,M,218,757,114770637.4
2023,M,218,764,361471647.1
2023,M,218,784,18691403.0
2023,M,218,792,103694371.2
2023,M,218,818,9965562.2
2023,M,218,826,223596216.6
2023,M,218,834,733238.3
2023,M,214,12,54079300.704
2023,M,214,24,5296.757
2023,M,214,31,158650.086
2023,M,214,32,345363938.962
2023,M,214,36,38463385.914
2023,M,214,50,20499562.316
2023,M,214,76,1214621304.418
2023,M,214,124,343207252.214
2023,M,214,144,4989761.078
2023,M,214,152,145943421.543
2023,M,214,156,5153208750.199
2023,M,214,170,709119549.449
2023,M,214,192,6772418.164
2023,M,214,218,149207810.865
2023,M,214,251,274038026.421
2023,M,214,276,551827831.862
2023,M,214,288,3401821.443
2023,M,214,344,35992049.7
2023,M,214,360,209565781.307
2023,M,214,364,209347.115
2023,M,214,368,40.703
2023,M,214,376,16768974.22
2023,M,214,380,976665367.146
2023,M,214,384,12988791.181
2023,M,214,392,573175844.516
2023,M,214,404,94953.632
2023,M,214,410,337996533.8
2023,M,214,414,27.499
2023,M,214,446,4012.262
2023,M,214,458,36935854.821
2023,M,214,484,1175713738.652
2023,M,214,496,3392.809
2023,M,214,504,17859256.736
2023,M,214,512,35766007.199
2023,M,214,528,371654258.792
2023,M,214,554,18803184.541
2023,M,214,586,17253461.248
2023,M,214,604,146954281.475
2023,M,214,608,25694592.039
2023,M,214,616,71078178.693
2023,M,214,634,343845.989
2023,M,214,643,53072719.418
2023,M,214,682,17447389.454
2023,M,214,702,17498350.676
2023,M,214,704,118357909.32
2023,M,214,710,44562606.084
2023,M,214,724,1169526534.348
2023,M,214,757,105571523.56
2023,M,214,764,136791461.103
2023,M,214,784,6236404.21
2023,M,214,792,245805298.443
2023,M,214,818,38486197.728
2023,M,214,826,276316182.644
2023,M,214,834,550400.602
2023,M,404,12,6841466.931
2023,M,404,24,9669619.969
2023,M,404,31,67062290.573
2023,M,404,32,29216136.766
2023,M,404,36,100182587.315
2023,M,404,50,20064612.84
2023,M,404,76,225613429.494
2023,M,404,124,130027159.283
2023,M,404,144,35600138.071
2023,M,404,152,8928306.506
2023,M,404,156,3275330387.447
2023,M,404,170,241522.469
2023,M,404,192,17156.4
2023,M,404,214,448529.361
2023,M,404,218,223757.615
2023,M,404,251,263646386.985
2023,M,404,276,284831012.757
2023,M,404,288,3331298.848
2023,M,404,344,58560921.839
2023,M,404,360,294046719.582
2023,M,404,364,28448944.724
2023,M,404,368,6446975.045
2023,M,404,376,37169879.979
2023,M,404,380,156223411.245
2023,M,404,384,21578600.558
2023,M,404,392,695412834.937
2023,M,404,410,201334554.983
2023,M,404,414,46357846.129
2023,M,404,446,115.19
2023,M,404,458,859857672.748
2023,M,404,484,23134480.672
2023,M,404,496,10.722
2023,M,404,504,54525031.789
2023,M,404,512,227373768.749
2023,M,404,528,311601896.029
2023,M,404,554,2120535.588
2023,M,404,586,185262147.955
2023,M,404,604,717378.906
2023,M,404,608,5564958.172
2023,M,404,616,38271464.798
2023,M,404,634,59820505.802
2023,M,404,643,590394502.633
2023,M,404,682,1035770552.268
2023,M,404,702,159506227.46
2023,M,404,704,59468384.516
2023,M,404,710,548325944.004
2023,M,404,724,74163235.67
2023,M,404,757,67229955.454
2023,M,404,764,139196812.877
2023,M,404,784,2936642435.55
2023,M,404,792,203833930.664
2023,M,404,818,353733395.948
2023,M,404,826,281432474.531
2023,M,404,834,307211711.482
2023,M,512,12,400504.551
2023,M,512,24,445531.859
2023,M,512,31,16874340.676
2023,M,512,32,127503159.748
2023,M,512,36,390886761.417
2023,M,512,50,13990819.224
2023,M,512,76,1224124445.418
2023,M,512,124,75294335.383
2023,M,512,144,85297916.642
2023,M,512,152,6927404.41
2023,M,512,156,2826744944.861
2023,M,512,170,2216062.415
2023,M,512,192,514.954
2023,M,512,214,103895.969
2023,M,512,218,2309472.038
2023,M,512,251,159913713.664
2023,M,512,276,669636487.899
2023,M,512,288,82018.205
2023,M,512,344,18290273.053
2023,M,512,360,360637606.718
2023,M,512,364,319718033.31
2023,M,512,368,472070977.155
2023,M,512,380,407812600.142
2023,M,512,384,507750.324
2023,M,512,392,1272395730.128
2023,M,512,404,46051144.271
2023,M,512,410,384058303.69
2023,M,512,414,1741107141.618
2023,M,512,446,9243.173
2023,M,512,458,334702051.492
2023,M,512,484,22991659.262
2023,M,512,496,11383.615
2023,M,512,504,36620317.238
2023,M,512,528,464387356.881
2023,M,512,554,33407547.412
2023,M,512,586,473834912.132
2023,M,512,604,248866.059
2023,M,512,608,19861976.562
2023,M,512,616,44535204.092
2023,M,512,634,2155193731.348
2023,M,512,643,490021580.507
2023,M,512,682,4794850546.462
2023,M,512,702,242005094.55
2023,M,512,704,65446239.169
2023,M,512,710,58294897.178
2023,M,512,724,225419820.193
2023,M,512,757,91767227.425
2023,M,512,764,558006901.597
2023,M,512,784,10208046140.071
2023,M,512,792,505379338.611
2023,M,512,818,323181760.222
2023,M,512,826,387377546.858
2023,M,512,834,90780093.486
2023,M,24,12,22527840.26
2023,M,24,24,528708.24
2023,M,24,31,358469.6
2023,M,24,32,113169527.51
2023,M,24,36,17243228.45
2023,M,24,50,1389207.91
2023,M,24,76,588889549.96
2023,M,24,124,57362976.99
2023,M,24,144,1398321.11
2023,M,24,152,1053362.89
2023,M,24,156,2510127233.56
2023,M,24,170,3119798.85
2023,M,24,192,364554.49
2023,M,24,214,126179.39
2023,M,24,218,611973.8
2023,M,24,251,389412994.73
2023,M,24,276,362184335.12
2023,M,24,288,24782042.88
2023,M,24,344,38742938.31
2023,M,24,360,242253978.79
2023,M,24,364,502877.62
2023,M,24,368,1240.93
2023,M,24,376,10316221.99
2023,M,24,380,530062263.91
2023,M,24,384,34208437.62
2023,M,24,392,201856587.65
2023,M,24,404,3928062.74
2023,M,24,410,668389006.63
2023,M,24,414,1753003.08
2023,M,24,446,2368409.61
2023,M,24,458,189814850.89
2023,M,24,484,46877105.47
2023,M,24,504,18324675.08
2023,M,24,512,662651.67
2023,M,24,528,532745933.71
2023,M,24,554,5706602.26
2023,M,24,586,14357734.79
2023,M,24,604,131326.81
2023,M,24,608,894259.7
2023,M,24,616,103803063.85
2023,M,24,634,16107544.93
2023,M,24,643,88426596.21
2023,M,24,682,168742457.01
2023,M,24,702,199674772.68
2023,M,24,704,17787948.51
2023,M,24,710,487300808.97
2023,M,24,724,218409751.4
2023,M,24,757,18451118.41
2023,M,24,764,137101773.09
2023,M,24,784,1001735717.1
2023,M,24,792,165611717.07
2023,M,24,818,29301844.05
2023,M,24,826,630237068.11
2023,M,24,834,770689.24
2023,M,144,12,4508860.164
2023,M,144,24,49549.26
2023,M,144,31,672.347
2023,M,144,32,5575774.423
2023,M,144,36,185517739.789
2023,M,144,50,67356551.181
2023,M,144,76,46743514.822
2023,M,144,124,125129325.001
2023,M,144,152,7095978.398
2023,M,144,156,3103025309.575
2023,M,144,170,1229871.099
2023,M,144,192,432223.256
2023,M,144,214,292716.556
2023,M,144,218,1340299.746
2023,M,144,251,197253575.457
2023,M,144,276,258759079.372
2023,M,144,288,186089.022
2023,M,144,344,190628597.703
2023,M,144,360,373466993.835
2023,M,144,364,6557310.696
2023,M,144,368,94736846.26
2023,M,144,376,100509659.382
2023,M,144,380,246095549.896
2023,M,144,384,1763999.216
2023,M,144,392,190212341.989
2023,M,144,404,3322939.117
2023,M,144,410,210139128.182
2023,M,144,414,46643624.308
2023,M,144,446,108520.494
2023,M,144,458,741463948.577
2023,M,144,484,11130183.822
2023,M,144,496,1484.557
2023,M,144,504,1725666.69
2023,M,144,512,355078093.888
2023,M,144,528,90223772.413
2023,M,144,554,252735156.896
2023,M,144,586,325783080.288
2023,M,144,604,136500.112
2023,M,144,608,23223183.861
2023,M,144,616,24247473.785
2023,M,144,634,50072932.868
2023,M,144,643,395039368.658
2023,M,144,682,287211152.416
2023,M,144,702,873238232.859
2023,M,144,704,189124915.267
2023,M,144,710,247719224.683
2023,M,144,724,93520737.636
2023,M,144,757,99306693.461
2023,M,144,764,254101321.072
2023,M,144,784,1558920458.858
2023,M,144,792,149565858.987
2023,M,144,818,39104285.383
2023,M,144,826,207317643.33
2023,M,144,834,8524.714
2023,M,384,12,122162821.808
2023,M,384,24,8768367.291
2023,M,384,31,2387.75
2023,M,384,32,78909021.503
2023,M,384,36,47381689.058
2023,M,384,50,21845585.39
2023,M,384,76,161360754.115
2023,M,384,124,79733429.485
2023,M,384,144,3090209.617
2023,M,384,152,154851370.045
2023,M,384,156,2796680233.293
2023,M,384,170,263482536.745
2023,M,384,192,248448.625
2023,M,384,214,207788.65
2023,M,384,218,84988146.679
2023,M,384,251,1052921287.818
2023,M,384,276,578912495.309
2023,M,384,288,218837731.198
2023,M,384,344,10980062.185
2023,M,384,360,107513290.725
2023,M,384,364,3127695.681
2023,M,384,376,29058000.995
2023,M,384,380,340270599.54
2023,M,384,392,304636576.323
2023,M,384,404,6646516.866
2023,M,384,410,225031495.492
2023,M,384,414,7735679.263
2023,M,384,446,31927.465
2023,M,384,458,84899758.975
2023,M,384,484,39907132.231
2023,M,384,504,426316516.666
2023,M,384,512,24448595.204
2023,M,384,528,370613036.914
2023,M,384,554,25353473.069
2023,M,384,586,72452606.548
2023,M,384,604,53315116.411
2023,M,384,608,4326902.917
2023,M,384,616,101019498.646
2023,M,384,634,29782051.523
2023,M,384,643,499079414.72
2023,M,384,682,220091559.877
2023,M,384,702,35993569.086
2023,M,384,704,377834423.575
2023,M,384,710,189105548.547
2023,M,384,724,287238665.091
2023,M,384,757,53384115.775
2023,M,384,764,143383241.725
2023,M,384,784,149468606.234
2023,M,384,792,313043890.782
2023,M,384,818,227845959.639
2023,M,384,826,365375769.161
2023,M,384,834,222725.304
2023,M,288,12,81073136.401
2023,M,288,24,27837190.184
2023,M,288,31,174944.855
2023,M,288,32,60742819.913
2023,M,288,36,116087558.04
2023,M,288,50,3416563.699
2023,M,288,76,248678320.623
2023,M,288,124,287890250.533
2023,M,288,144,4992580.21
2023,M,288,152,9357998.158
2023,M,288,156,3072821844.794
2023,M,288,170,20670984.118
2023,M,288,192,9809.963
2023,M,288,214,80040.757
2023,M,288,218,471150.598
2023,M,288,251,270573017.136
2023,M,288,276,233753936.726
2023,M,288,344,81879226.874
2023,M,288,360,102710608.687
2023,M,288,364,284140.359
2023,M,288,368,2848.494
2023,M,288,376,26283518.284
2023,M,288,380,173899503.758
2023,M,288,384,143399410.877
2023,M,288,392,140114655.125
2023,M,288,404,5598760.533
2023,M,288,410,233802242.591
2023,M,288,414,17904153.778
2023,M,288,446,561662.984
2023,M,288,458,123034226.705
2023,M,288,484,16219588.652
2023,M,288,496,9863.888
2023,M,288,504,123757113.136
2023,M,288,512,21380934.382
2023,M,288,528,1574255177.819
2023,M,288,554,13344425.695
2023,M,288,586,30153623.878
2023,M,288,604,313117.611
2023,M,288,608,4397215.585
2023,M,288,616,76502288.403
2023,M,288,634,22189365.995
2023,M,288,643,1051877127.101
2023,M,288,682,265328266.19
2023,M,288,702,99778272.36
2023,M,288,704,278620373.517
2023,M,288,710,311199373.797
2023,M,288,724,237540503.09
2023,M,288,757,365885980.047
2023,M,288,764,94391595.585
2023,M,288,784,620866426.625
2023,M,288,792,217622975.184
2023,M,288,818,240399204.498
2023,M,288,826,504751586.137
2023,M,288,834,3094893.157
2023,M,834,12,6485162.58
2023,M,834,24,12697.49
2023,M,834,31,299183.43
2023,M,834,32,917364.55
2023,M,834,36,71802353.95
2023,M,834,50,6875298.03
2023,M,834,76,64645336.01
2023,M,834,124,81837227.04
2023,M,834,144,5231242.41
2023,M,834,152,5707958.46
2023,M,834,156,4158672216.327
2023,M,834,170,571241.04
2023,M,834,192,50266.29
2023,M,834,214,49023.35
2023,M,834,218,143424.01
2023,M,834,251,70239870.171
2023,M,834,276,216454299.9
2023,M,834,288,651310.77
2023,M,834,344,77738016.05
2023,M,834,360,65113962.68
2023,M,834,364,7551443.71
2023,M,834,368,78056.24
2023,M,834,376,12279391.23
2023,M,834,380,129793903.58
2023,M,834,384,1136662.35
2023,M,834,392,649528007.07
2023,M,834,404,408887411.16
2023,M,834,410,262686668.07
2023,M,834,414,97270945.64
2023,M,834,446,3212.4
2023,M,834,458,243295043.47
2023,M,834,484,25196499.23
2023,M,834,504,92262468.45
2023,M,834,512,100323338.63
2023,M,834,528,105214502.87
2023,M,834,554,3387383.58
2023,M,834,586,105254741.93
2023,M,834,604,9193.09
2023,M,834,608,3756865.89
2023,M,834,616,57943210.86
2023,M,834,634,63532352.91
2023,M,834,643,384388430.3
2023,M,834,682,919154635.88
2023,M,834,702,156538527.03
2023,M,834,704,60109029.32
2023,M,834,710,555507913.494
2023,M,834,724,86442184.76
2023,M,834,757,99940036.91
2023,M,834,764,159232773.51
2023,M,834,784,1417855481.232
2023,M,834,792,328148819.057
2023,M,834,818,54417144.54
2023,M,834,826,197332733.541
2023,M,31,12,598893.4
2023,M,31,24,1907594.86
2023,M,31,31,3930710.96
2023,M,31,32,55749834.79
2023,M,31,36,11688971.33
2023,M,31,50,23921787.5
2023,M,31,76,207490515.14
2023,M,31,124,29050580.02
2023,M,31,144,63609631.66
2023,M,31,152,4730414.8
2023,M,31,156,3022810537.85
2023,M,31,170,1441157.78
2023,M,31,192,335839.23
2023,M,31,214,466612.42
2023,M,31,218,42257045.77
2023,M,31,251,403135615.76
2023,M,31,276,910364976.83
2023,M,31,288,25468.86
2023,M,31,344,2754219.27
2023,M,31,360,73318364.98
2023,M,31,364,473082617.26
2023,M,31,368,120372.29
2023,M,31,376,41912400.5
2023,M,31,380,477787262.45
2023,M,31,384,295875.84
2023,M,31,392,435287669.83
2023,M,31,404,3138836.51
2023,M,31,410,428091137.81
2023,M,31,414,197442.56
2023,M,31,446,13764.39
2023,M,31,458,54427837.9
2023,M,31,484,53839155.01
2023,M,31,496,244498.75
2023,M,31,504,5806791.68
2023,M,31,512,326435.97
2023,M,31,528,113014257.85
2023,M,31,554,47353966.6
2023,M,31,586,20116814.4
2023,M,31,604,2043877.09
2023,M,31,608,7901567.8
2023,M,31,616,149566932.29
2023,M,31,634,5515389.09
2023,M,31,643,3160252295.18
2023,M,31,682,25931365.02
2023,M,31,702,24604791.62
2023,M,31,704,136336199.98
2023,M,31,710,8485038.62
2023,M,31,724,103138353.88
2023,M,31,757,73830622.38
2023,M,31,764,66902185.83
2023,M,31,784,58978000.8
2023,M,31,792,2289983021.39
2023,M,31,818,12599827.81
2023,M,31,826,342873658.38
2023,M,31,834,789950.81
2023,M,446,12,4121.095
2023,M,446,24,388667.893
2023,M,446,32,8091964.534
2023,M,446,36,369393399.946
2023,M,446,50,3411937.817
2023,M,446,76,137302431.925
2023,M,446,124,52128899.214
2023,M,446,144,7708156.632
2023,M,446,152,7076647.219
2023,M,446,156,5021399739.878
2023,M,446,170,1807497.23
2023,M,446,192,29244993.013
2023,M,446,214,10518974.982
2023,M,446,218,8462150.872
2023,M,446,251,2824461914.479
2023,M,446,276,211199635.785
2023,M,446,288,458.616
2023,M,446,344,892385229.996
2023,M,446,360,231598914.337
2023,M,446,364,159617.843
2023,M,446,368,2671.209
2023,M,446,376,5869549.536
2023,M,446,380,2078360871.781
2023,M,446,384,178702.991
2023,M,446,392,1064551243.785
2023,M,446,404,337022.001
2023,M,446,410,178776524.339
2023,M,446,414,38589.722
2023,M,446,446,2500.561
2023,M,446,458,105108825.053
2023,M,446,484,24158261.573
2023,M,446,496,24571.798
2023,M,446,504,3320745.037
2023,M,446,512,4106880.719
2023,M,446,528,70798606.318
2023,M,446,554,42740761.936
2023,M,446,586,3994293.589
2023,M,446,604,2604381.368
2023,M,446,608,17240104.135
2023,M,446,616,19540468.478
2023,M,446,634,4123.452
2023,M,446,643,6503117.636
2023,M,446,682,31702478.358
2023,M,446,702,121537806.374
2023,M,446,704,358193686.136
2023,M,446,710,42462185.201
2023,M,446,724,81631480.769
2023,M,446,757,1194471412.882
2023,M,446,764,192545664.494
2023,M,446,784,26756096.811
2023,M,446,792,25612007.859
2023,M,446,818,1929661.969
2023,M,446,826,309623962.678
2023,M,446,834,5787532.424
2023,M,496,12,6160.511
2023,M,496,31,396865.055
2023,M,496,32,7272834.827
2023,M,496,36,57490489.011
2023,M,496,50,9304114.749
2023,M,496,76,9555164.569
2023,M,496,124,35169125.567
2023,M,496,144,1572327.056
2023,M,496,152,5138083.241
2023,M,496,156,3749873737.518
2023,M,496,170,383289.334
2023,M,496,192,86985.693
2023,M,496,214,127557.418
2023,M,496,218,285876.95
2023,M,496,251,93423440.388
2023,M,496,276,211312226.562
2023,M,496,288,11291.371
2023,M,496,344,7254722.526
2023,M,496,360,36231669.811
2023,M,496,364,1010731.057
2023,M,496,376,2225368.3
2023,M,496,380,90103693.653
2023,M,496,384,11027.797
2023,M,496,392,716318522.266
2023,M,496,404,393091.782
2023,M,496,410,415157208.881
2023,M,496,414,26190.994
2023,M,496,446,329.211
2023,M,496,458,59112141.697
2023,M,496,484,19937878.288
2023,M,496,504,1354300.164
2023,M,496,512,3288.107
2023,M,496,528,22952279.792
2023,M,496,554,12490275.194
2023,M,496,586,3917067.859
2023,M,496,604,184202.763
2023,M,496,608,6168583.639
2023,M,496,616,94380724.275
2023,M,496,634,292535.955
2023,M,496,643,2386280236.578
2023,M,496,682,6373565.002
2023,M,496,702,35819186.373
2023,M,496,704,114807622.505
2023,M,496,710,5562827.945
2023,M,496,724,23857574.045
2023,M,496,757,27894793.478
2023,M,496,764,53405543.398
2023,M,496,784,4079586.053
2023,M,496,792,95906910.486
2023,M,496,818,877465.98
2023,M,496,826,58414856.76
2023,M,496,834,161551.478
