iso3,year,country_name,trade_pct_of_gdp,merchandise_exports_current_usd,merchandise_imports_current_usd,merchandise_export_price_index,high_tech_exports_pct_of_manuf_exports,logistics_performance_index_overall,logistics_performance_index_customs,logistics_performance_index_infrastructure,logistics_performance_index_timeliness,container_port_traffic_teu,air_freight_million_ton_km,rail_freight_million_ton_km,gdp_current_usd,gdp_growth_annual_pct,gdp_per_capita_ppp_current_intl,inflation_cpi_annual_pct,official_exchange_rate_lcu_per_usd
AFE,2025,Africa Eastern and Southern,51.9948174671171,282558617021.505,337797896850.751,,,,,,,,,,1358694050872.54,3.7430158719504,4840.26519950124,4.27011140706666,
AFE,2024,Africa Eastern and Southern,54.2032707213253,268640444436.979,316759908953.424,,5.80004415840251,,,,,,,,1252564134751.16,2.78793146807502,4635.1250488764,4.77085731915833,
AFE,2023,Africa Eastern and Southern,56.2837209179998,259682846154.149,317249000995.91,,5.70485089555019,,,,,,4761.1887073734,,1179121535535.41,1.94138157772015,4496.7448983176,7.39918558080627,
AFE,2022,Africa Eastern and Southern,57.1173763714306,273195683896.1,321133617054.095,,6.31626908307209,2.61818181818182,2.32727272727273,2.51818181818182,2.86363636363636,,4775.11352267,,1226461319482.05,3.66802914041513,4359.59140659761,10.8834775726018,
AFE,2021,Africa Eastern and Southern,54.5513323505808,254311908041.606,264410991675.013,,5.17659971140957,,,,,,4266.475686441,,1113059797223.9,4.45264295607002,4022.27765875061,6.82472709282067,
AFE,2020,Africa Eastern and Southern,49.343584646059,181819330427.085,208951770381.039,,6.06672333608635,,,,,,3296.16681816516,,938546103425.609,-2.93076411386527,3707.03361237873,5.19162942092851,
AFE,2019,Africa Eastern and Southern,53.2143102862768,200386281280.558,248992408799.438,,6.89072067037365,,,,,,3732.43122926741,,1019354194063.69,1.93559262617022,3804.53383380234,4.10285075461156,
AFE,2018,Africa Eastern and Southern,54.8680901684044,222870786318.612,259851947386.137,,6.65484646076465,2.49222222222222,2.35111111111111,2.23777777777778,2.78722222222222,,3526.787055136,,1021971569379.4,2.70620741957582,3727.71078455171,4.6898064677633,
AFE,2017,Africa Eastern and Southern,51.7606954571189,197516652469.442,233884713973.192,,5.87046676239,,,,,,3607.12387761026,,979240640383.155,2.67886266771569,3843.02837944545,6.22137528933118,
AFE,2016,Africa Eastern and Southern,52.8801706650962,166906940483.164,216299768893.243,,6.19016973876958,2.57862257142857,2.43592966666667,2.39223871428571,2.98876361904762,,2870.64683913375,,832661416653.091,2.2925005812875,3639.49647625541,6.44687722255584,
AFE,2015,Africa Eastern and Southern,54.9454145770714,179027319698.455,252537247960.846,,6.34435208562863,,,,,,2739.36693923474,,909905339457.167,2.93390345864022,3539.42826462333,5.09856164363687,
AFE,2014,Africa Eastern and Southern,59.9253647268059,227276629846.633,285823217052.041,,5.08994254039155,2.46972818181818,2.28828313636364,2.28484236363636,2.86477840909091,,2722.61327188447,,998727180531.477,3.91636174876319,3513.89449077924,5.52581923392517,
AFE,2013,Africa Eastern and Southern,61.4883241423663,236623710546.587,284523543599.182,,5.1662861499004,,,,,,2642.20198198919,,981203198866.08,4.63400008423696,3373.42876553653,5.74883133553454,
AFW,2025,Africa Western and Central,,204102000000.0,163339000000.0,,,,,,,,,,852526995230.254,4.6000999560392,7184.66448266193,1.65781767585277,
AFW,2024,Africa Western and Central,,168940000000.0,148433000000.0,,,,,,,,,,737366967283.718,4.59618335068083,6840.33388231922,3.60804426950566,
AFW,2023,Africa Western and Central,,163602000000.0,158306000000.0,,2.94363862736927,,,,,8917517.0,67.454964093,,938480674635.085,3.64459087867006,6538.81203828952,5.22116801324002,
AFW,2022,Africa Western and Central,,169725000000.0,165795000000.0,,3.65745855168626,2.47333333333333,2.30666666666667,2.29333333333333,2.66666666666667,8186999.0,53.2228555385675,,1063748247138.21,4.47710763731639,6232.32301367722,7.94925143524016,
AFW,2021,Africa Western and Central,,140228000000.0,141451000000.0,,3.61135675259108,,,,,8567214.0,28.163338741,,1026670180885.97,2.54547274764256,5702.13488630478,3.74556782333009,
AFW,2020,Africa Western and Central,,114264000000.0,111120000000.0,,,,,,,8100808.0,,,963688197941.774,-3.71879330346492,5423.59440539157,2.49037783931949,
AFW,2019,Africa Western and Central,,140454000000.0,134997000000.0,,5.41563991342256,,,,,8562750.13,32.2950492034015,,1026527768676.04,3.28314241472725,5491.68793497457,1.98309228487232,
AFW,2018,Africa Western and Central,,143604000000.0,123466000000.0,,5.60513367335303,2.41333333333333,2.19190476190476,2.17285714285714,2.76,7919906.59,39.6632286707762,,777805844264.864,2.89995418634321,5188.36799985052,1.78404994832044,
AFW,2017,Africa Western and Central,,116364000000.0,106181000000.0,,4.74520205459785,,,,,7328156.16,41.3291975825265,,694206358825.098,2.30276059142707,5035.76239103569,1.72548602374731,
AFW,2016,Africa Western and Central,,99561000000.0,116507000000.0,,3.81493188981793,2.34997684210526,2.27004347368421,2.17705631578947,2.67086942105263,6464269.34,39.6039806860625,,699979485002.844,0.176171718599761,4972.62385940911,1.48741550755546,
AFW,2015,Africa Western and Central,,119940000000.0,129107000000.0,,5.08608635837725,,,,,6722792.36,42.8863101229897,,778037497377.313,2.93291103762179,5063.90537463052,2.13081738058791,
AFW,2014,Africa Western and Central,,193817000000.0,155676000000.0,,6.91145261312007,2.4518314,2.2637115,2.25296835,2.805924,6567432.71,70.8181919847372,,904094866776.536,5.69152337171586,5121.42199081437,1.76843582146224,
AFW,2013,Africa Western and Central,,181951000000.0,149957000000.0,,,,,,,6257040.55,65.8331921811429,,844187976557.843,6.04665420359198,4867.13076339912,2.43920076104126,
ARB,2025,Arab World,,1592317964283.2,1478489241707.38,,,,,,,,,,3797527236194.65,3.67757993848036,19783.1661012207,1.76646490894206,
ARB,2024,Arab World,65.3540912329816,1496696435409.8,1334215239641.06,,,,,,,63523118.0,,,3745043769553.0,2.00521809439076,18963.7188719868,2.30890057183497,
ARB,2023,Arab World,87.0390451286186,1484423001226.84,1190449262370.51,,4.99038793369506,,,,,,31179.1556831582,,3617895070373.04,1.6487292798157,18535.5718250448,4.00025877060152,
ARB,2022,Arab World,86.5555785491757,1625474779536.16,1130596079141.89,,4.51226573559797,2.79375,2.5375,2.71875,3.0875,59050012.0,30814.578188729,,3752344988903.0,6.99667634282584,17982.9465916669,5.17222088647606,
ARB,2021,Arab World,79.4427227325945,1186554922531.46,929967612232.014,,4.55397572743265,,,,,55703156.0,33656.0842245168,,3090113052044.16,4.43140396719774,16056.1999979133,2.86833027751015,
ARB,2020,Arab World,74.6177547295619,820601107847.493,761571504238.621,,4.28763295576777,,,,,56449299.0,27266.178097892,,2608795934173.51,-5.28641417078185,14338.4686513157,1.44703656998741,
ARB,2019,Arab World,78.9788655191864,1092675429477.58,879393945411.597,,2.01000921478305,,,,,56681948.755,31621.8505242479,,2969429771610.46,1.74949238304778,15767.3970459926,1.33601568147656,
ARB,2018,Arab World,79.7757157396393,1156760897942.77,817079261089.252,,2.08864617985239,2.67809523809524,2.43761904761905,2.60666666666667,3.05142857142857,53256790.65,31869.1803896217,,2924906594129.03,2.67038341212846,15578.8139057756,2.30874696703938,
ARB,2017,Arab World,79.3120733083958,911317272336.128,790350504126.802,,1.74695367888917,,,,,52487666.3,30342.7250758281,,2615263227679.8,1.33126991214532,14494.5144598753,2.06932928164424,
ARB,2016,Arab World,75.8691580956355,802116283576.181,780929869719.778,,1.84332772288158,2.7123212,2.45373625,2.5712075,3.1183767,51001164.79,27869.6950203519,,2540369856563.15,3.57245633977796,13880.772630407,2.22799991129428,
ARB,2015,Arab World,81.4958468431887,874070982892.36,852175307396.096,,2.82924081496499,,,,,50742570.79,25918.4579033048,,2584151265962.58,3.34998278420424,14353.7312174047,1.83135233156369,
ARB,2014,Arab World,86.2419614087605,1261753136181.34,917866743833.092,,3.89479723477961,2.6422202,2.4617355,2.5457637,2.97231515,49757928.71,24698.8996924264,,2940745822078.8,2.58777358070404,15837.4560557778,2.89947905006057,
ARB,2013,Arab World,88.444009575381,1385800519969.3,911115255575.202,,1.88711715017269,,,,,47103819.89,22234.0136372668,,2887116130913.48,2.58564644333576,16054.0404163092,3.25423910998847,
CSS,2025,Caribbean small states,,30029000000.0,31172000000.0,,,,,,,,,,95141207521.3621,7.97505570265018,42963.806092907,1.21577537737425,
CSS,2024,Caribbean small states,,31086000000.0,28356000000.0,,4.36134895566411e-05,,,,,,,,90434300483.4678,13.3281652583601,38670.9082440011,2.73620751873313,
CSS,2023,Caribbean small states,,25315000000.0,28593000000.0,,0.0107137915815651,,,,,2327876.0,,,79594075306.6477,8.80514656985758,32879.5234896983,4.10449281822017,
CSS,2022,Caribbean small states,,29240000000.0,22289000000.0,,3.55434662517716e-05,2.6,2.4,2.5,3.0,2560779.0,,,78475897832.9531,14.7413556305504,28945.6087800083,5.82838638517959,
CSS,2021,Caribbean small states,,16800000000.0,20244000000.0,,0.208705084041073,,,,,2581532.0,,,62692425791.373,7.23640467044548,23495.1590735021,2.22891330700344,
CSS,2020,Caribbean small states,,11496000000.0,15350000000.0,,2.13757674717723,,,,,2254742.375,,,53339533047.3726,-9.27326845637317,20169.8826381617,0.121434644614894,
CSS,2019,Caribbean small states,,12590000000.0,20744000000.0,,0.791078006128451,,,,,2409594.25,79.7936645225828,,62185048912.3359,0.865089017714141,22156.1172344598,1.00054293027237,
CSS,2018,Caribbean small states,,15690000000.0,20529000000.0,,1.4246814588278,2.43666666666667,2.55,2.29333333333333,2.64333333333333,2063791.5,74.7335022099658,,61251232769.8672,1.31016136681117,21259.1014637807,1.20715793367008,
CSS,2017,Caribbean small states,,13867000000.0,18227000000.0,,5.14053461686951,,,,,1764394.0,,,59854333034.3488,-0.750655745538538,20796.7249890991,1.6992957045984,
CSS,2016,Caribbean small states,,12203000000.0,18668000000.0,,1.37220240323149,2.60512433333333,2.47629,2.43161533333333,2.94553033333333,2102717.0,,,58077597799.5106,-3.08739815275796,19976.866124705,0.402621696824957,
CSS,2015,Caribbean small states,,15425000000.0,20760000000.0,,0.0,,,,,2397450.0,,,62546622822.0285,-0.064034306514273,20632.6575710473,-0.852705497033039,
CSS,2014,Caribbean small states,,20001000000.0,23871000000.0,,0.0,2.685049,2.72966,2.5679665,2.9685415,2447464.0,76.45617486,,64139344973.1037,2.59734828019873,21219.9395191324,1.14542060958206,
CSS,2013,Caribbean small states,,24833000000.0,25044000000.0,,0.0,,,,,2411647.0,77.05199862,,62057809452.4886,1.56870134511247,20901.494764246,1.08324168178149,
CEB,2025,Central Europe and the Baltics,113.271260668201,1358958000000.0,1406713000000.0,,,,,,,,,,2762562481345.2,2.36701156809835,52849.0502475199,3.81419531520146,
CEB,2024,Central Europe and the Baltics,116.411463865097,1253385000000.0,1292867000000.0,,15.8901065059609,,,,,8044284.0,,,2463134865871.42,2.09534007010555,50542.6280755689,2.75760909424279,
CEB,2023,Central Europe and the Baltics,123.593323935313,1250705000000.0,1269771000000.0,,14.2723787172478,,,,,7470068.0,496.218263047,,2273564082260.43,0.720328299990356,48014.3414866347,9.44284140088564,
CEB,2022,Central Europe and the Baltics,139.865222966994,1199775000000.0,1309761000000.0,,14.028032202435,3.35454545454545,3.10909090909091,3.25454545454545,3.63636363636364,7458394.0,471.76771382,,1954028005289.23,4.03989151407053,45264.7376182599,14.6081439492433,
CEB,2021,Central Europe and the Baltics,125.549790020179,1103793000000.0,1147902000000.0,,12.7268181785903,,,,,6769300.0,219.627277,7973.3,1926387937049.61,6.57271679525719,40122.3609600588,3.83984491500146,
CEB,2020,Central Europe and the Baltics,114.658290296243,903219000000.0,898476000000.0,,13.7343203962619,,,,,6445797.0,154.099411842344,7623.5,1678297364952.0,-3.30110758026468,36454.227425867,1.67244096855756,
CEB,2019,Central Europe and the Baltics,121.363027524657,916319000000.0,934029000000.0,,13.1530999268657,,,,,6676099.0,351.15340896,10624.909,1684322326510.05,4.03232614160713,35861.647806839,2.6645613342544,
CEB,2018,Central Europe and the Baltics,123.819489952608,925336000000.0,948657000000.0,,13.0513421828624,3.21545454545455,3.05181818181818,3.06272727272727,3.60181818181818,6497688.0,305.88687,10584.08,1656387103225.12,4.95337220818838,32302.4166123144,2.53445424186598,
CEB,2017,Central Europe and the Baltics,123.351908262836,829023000000.0,832842000000.0,,12.9462929286337,,,,,5661145.0,258.60434,11344.565,1467504296996.79,5.10713071566526,29977.3227104648,2.07593553673859,
CEB,2016,Central Europe and the Baltics,120.335518840543,732799000000.0,723808000000.0,,13.1132118974382,3.30313409090909,3.13055354545455,3.14998845454545,3.69708772727273,5076244.0,190.546780646509,10527.534,1321564300745.06,2.80724942330426,27864.3615159753,-0.0549995416705683,
CEB,2015,Central Europe and the Baltics,119.413536753998,712006000000.0,709456000000.0,,13.14070776062,,,,,4732259.0,153.047416682,10009.615,1297144243677.59,4.0016836383322,26201.341579345,-0.464499004645003,
CEB,2014,Central Europe and the Baltics,119.875145053471,803759000000.0,804000000000.0,,12.6224853142914,3.316988,3.05980690909091,3.11839127272727,3.84582245454546,4965671.0,165.63870558,10158.0,1467454376587.2,3.26192805394494,24971.5268286455,0.0538213132399802,
CEB,2013,Central Europe and the Baltics,117.682890583218,765939000000.0,768206000000.0,,12.46661517079,,,,,4639965.0,135.89104478,9722.0,1420225996416.23,0.667909229803371,23869.112331393,1.4382978723404,
EAR,2025,Early-demographic dividend,52.5380925469247,3118307759443.03,3687110075317.86,,,,,,,,,,16406032169247.4,4.3721639998719,14620.932240004,3.20550474112603,
EAR,2024,Early-demographic dividend,52.0353099458386,2959405285663.19,3476768063825.36,,14.1394689787771,,,,,135788454.0,,,15648921855175.6,3.86155873347995,13811.1555049488,3.28955985952768,
EAR,2023,Early-demographic dividend,53.2990617607256,2879338892692.7,3373509294656.64,,12.6410955409151,,,,,127271389.0,21848.5540026323,,14791485754640.0,4.12336017326531,13077.74159237,5.88585897042164,
EAR,2022,Early-demographic dividend,58.8508086269123,3095572511687.28,3519370869296.43,,11.5219673106217,2.74651162790698,2.53023255813954,2.61162790697674,3.08604651162791,123298415.0,22073.8214413224,,13943279396110.6,6.02429179462496,12179.6777105287,7.19861615609867,
EAR,2021,Early-demographic dividend,53.2736946311421,2564458063784.54,2896249548413.23,,11.0271853002407,,,,,120691035.0,19991.8450460238,,12689608907980.0,7.50689561708779,10723.3712238292,4.12676744440695,
EAR,2020,Early-demographic dividend,47.2001890217132,1892438336595.94,2147630743754.97,,12.7691347994557,,,,,113573009.25,15458.046879593,,10818113835119.8,-4.28342682037605,9606.79804230566,2.96354992076065,
EAR,2019,Early-demographic dividend,52.0274235296136,2220702439126.87,2517783175459.62,,11.0582945974906,,,,,116353409.16,20155.2979524131,,11681340567084.1,2.27263621294111,9858.57637742462,2.76252019386111,
EAR,2018,Early-demographic dividend,54.444959648588,2309928601238.53,2631162305009.81,,10.4704494413741,2.63297872340425,2.41765957446808,2.47808510638298,3.0436170212766,116163856.01,19057.0445127029,,11470147555427.1,3.61280978921729,9528.54183592407,3.97561015740694,
EAR,2017,Early-demographic dividend,50.5259971027819,2072835735293.73,2402562521463.4,,10.3687391772078,,,,,108839494.63,17221.324022734,,11321429912094.9,4.49000658496557,9044.20137999894,3.32817337461305,
EAR,2016,Early-demographic dividend,48.5155028452785,1841118602713.74,2135519410592.79,,8.63584309374085,2.65887832,2.47334982,2.50204374,3.04981676,99968509.703,13940.6546517936,,10435095271533.5,4.14710614319185,8575.49198142062,3.52317317628473,
EAR,2015,Early-demographic dividend,50.8388085111414,1902333890471.4,2285167344047.26,,8.6171315164409,,,,,96478254.333,12668.692722275,,10141599371579.2,4.25265763904281,8264.59584216122,3.12900274473925,
EAR,2014,Early-demographic dividend,54.8164945216542,2330882949617.0,2536530415884.8,,8.14720494691045,2.69526668,2.51560164,2.49788588,3.03656612,94481339.628,13271.7687436829,,10547017467024.3,3.99422690284999,8157.89125851157,4.07392957476225,
EAR,2013,Early-demographic dividend,56.4796489623229,2382045515875.69,2517607648892.05,,7.76377171655685,,,,,91971548.918,12791.7810471402,,10342396461018.3,4.03848297590133,7927.02682343953,4.82778705505169,
EAS,2025,East Asia & Pacific,63.838293587838,9227717347348.79,7795774000000.0,,,,,,,,,,33656980597208.2,3.99734138634533,29302.8935831596,1.9133344329508,
EAS,2024,East Asia & Pacific,58.3569037736715,8447124317965.78,7326246000000.0,,34.6550067290869,,,,,527447343.0,,,32200466782431.1,3.72534172801831,27438.5129211192,2.27673550782623,
EAS,2023,East Asia & Pacific,57.1466583666313,8000362301148.81,7101368000000.0,,33.7195733488147,,,,,493553514.0,71444.0250636841,,31597454903562.8,4.07119548974431,25752.2654674716,4.25155508842779,
EAS,2022,East Asia & Pacific,59.6939018282108,8514168320489.45,7728913000000.0,,35.0490318752358,3.3,3.11052631578947,3.32105263157895,3.48421052631579,483991467.0,53801.039576467,,31457553986143.5,3.05155877820648,23800.6462225106,5.51812928576938,
EAS,2021,East Asia & Pacific,54.8600151200911,7974034300157.78,7134695000000.0,,35.2749910969289,,,,,474255609.0,65329.5644799525,,31866900585287.8,6.48037639158159,21598.5847592384,2.47710241465447,
EAS,2020,East Asia & Pacific,50.0180622255219,6336918238533.62,5577192000000.0,,35.8856232980323,,,,,446808797.0,55974.689204367,,27716337916114.1,-0.0906651751610497,19443.1770050374,0.846900734607273,
EAS,2019,East Asia & Pacific,52.9754541230876,6371018239817.21,5857400000000.0,,33.9652390029445,,,,,449604952.96,73216.7309771281,,27555988315218.6,4.04090596808282,19109.0873516499,1.71437095763401,
EAS,2018,East Asia & Pacific,55.1170354905828,6500482244690.48,6072236000000.0,,34.5031889587469,3.14761904761905,3.0052380952381,3.05095238095238,3.48857142857143,438609764.494,76282.1364401458,,26967805751611.4,4.81200310102888,18016.3685078978,2.368549058067,
EAS,2017,East Asia & Pacific,54.1226392740164,6011228226274.03,5402258000000.0,,33.8543063722907,,,,,418291954.142,72869.4626689043,10812.5,24764692848732.2,5.03667021498299,16890.8665756057,1.80034222468621,
EAS,2016,East Asia & Pacific,52.1899349115895,5426277204255.37,4719038000000.0,,28.0872013354694,3.13744447619048,2.97903957142857,3.01786271428571,3.538727,392804715.259,68376.1739722159,9767.0,23197528991928.0,4.63114688285732,16099.1896220041,1.27699365720306,
EAS,2015,East Asia & Pacific,55.8290520469976,5632022212000.0,4935619000000.0,,28.037785224942,,,,,381849327.243,66620.2655819429,9768.0,22388696608294.0,4.75890325549717,15521.9186158598,0.795279630579839,
EAS,2014,East Asia & Pacific,61.3573190938721,6052694227834.89,5743290000000.0,,27.2380364214853,3.18375385,3.0670525,3.1574989,3.47692115,375417614.341,64344.0425670436,9724.0,22461065423931.7,4.9189377834641,15032.999332664,2.51087633253696,
EAS,2013,East Asia & Pacific,62.3827545888117,5911983711091.44,5761695365332.7,,28.0198767609066,,,,,356807781.973,60230.7443840539,,21719346361874.9,5.26825336357302,14440.0641260505,2.58268766141795,
EAP,2025,East Asia & Pacific (excluding high income),46.8838486059509,5420163370499.86,4189666000000.0,,,,,,,,,,23247334500847.4,4.9444935536329,25083.7806139111,2.06264825470915,
EAP,2024,East Asia & Pacific (excluding high income),46.5944318064169,5033027344036.85,4013621000000.0,,27.9673410189957,,,,,392011819.0,,,22248728139844.3,4.95407477892253,23283.4130214757,2.18151273615189,
EAP,2023,East Asia & Pacific (excluding high income),45.0719101583305,4739871323997.92,3864839000000.0,,29.386725870435,,,,,362532718.0,32420.323839129,,21645526054900.4,5.26014161362973,21686.0963057574,5.88585897042164,
EAP,2022,East Asia & Pacific (excluding high income),46.8418898134075,5003407342012.15,4120392000000.0,,30.1036197644287,2.95833333333333,2.725,2.875,3.2,351482333.0,23630.82362446,,21564016559632.4,3.54917734794495,19923.1740251324,5.66964369895446,
EAP,2021,East Asia & Pacific (excluding high income),44.766996321658,4593988314025.96,3904050000000.0,,31.1714827909387,,,,,338516581.0,24727.94448706,,21231427856677.9,7.72023040471529,17966.100209993,2.69891859529198,
EAP,2020,East Asia & Pacific (excluding high income),40.8339837931559,3625177247802.06,3014254000000.0,,32.5917223143377,,,,,314886452.0,22429.372355544,,17805087162972.8,1.34340856610488,16013.4753426599,2.40629214387011,
EAP,2019,East Asia & Pacific (excluding high income),42.9152669023519,3545561242359.84,3120942000000.0,,31.6997845111062,,,,,313654908.08,32192.1423368956,,17503400404142.2,5.88489228328295,15683.1259243092,1.94257500833107,
EAP,2018,East Asia & Pacific (excluding high income),45.0911503213632,3532798241487.42,3202637000000.0,,32.1469883431412,2.81538461538462,2.64230769230769,2.60923076923077,3.19230769230769,302049237.711,32170.2189858064,,16902232225491.5,6.53800447051142,14588.5359546838,3.19834755924996,
EAP,2017,East Asia & Pacific (excluding high income),44.7887416524977,3220292220125.8,2787788000000.0,,31.6874546559451,,,,,286917882.91,29703.0383488036,,15115746338831.4,6.66666534648019,13488.4527615171,2.91263557371478,
EAP,2016,East Asia & Pacific (excluding high income),43.4835710369408,2924014199873.47,2394691000000.0,,29.9442773980428,2.787426,2.64641130769231,2.57655438461538,3.21501192307692,268455477.763,26840.4050450967,,13844229287201.0,6.50852874508779,12742.0507041478,1.91731090233378,
EAP,2015,East Asia & Pacific (excluding high income),46.0529922248111,3101417212000.0,2492731000000.0,,29.9760092787883,,,,,258493471.943,25827.6174174929,,13549001701885.3,6.66372817923681,12146.4355160965,1.22393195511119,
EAP,2014,East Asia & Pacific (excluding high income),51.1629888239809,3234266221081.01,2842762000000.0,,29.2485484479005,2.85316438461538,2.69489884615385,2.74193261538462,3.17251415384615,246961684.738,24608.0806732139,,13004796624150.5,7.0222319266325,11753.5559132772,3.14299050879095,
EAP,2013,East Asia & Pacific (excluding high income),52.7859645889392,3073180210069.84,2837329000000.0,,30.4749168220328,,,,,232446228.498,22571.516766054,,12047618706549.4,7.31723526739178,11177.095575401,2.91354193603992,
TEA,2025,East Asia & Pacific (IDA & IBRD countries),46.885138586695,5419586370955.0,4187026000000.0,,,,,,,,,,23218679986475.4,4.94449693162349,25366.6056330139,1.9133344329508,
TEA,2024,East Asia & Pacific (IDA & IBRD countries),46.5969410075874,5032704344474.04,4011482000000.0,,27.9673410189957,,,,,392011819.0,,,22221295178065.7,4.95413752144529,23545.5187860765,2.20662023268446,
TEA,2023,East Asia & Pacific (IDA & IBRD countries),45.0742111093105,4739586324410.96,3862665000000.0,,29.3867258704351,,,,,362532718.0,32423.261029129,,21618798469116.3,5.2600647393007,21929.8374430801,5.93194206291787,
TEA,2022,East Asia & Pacific (IDA & IBRD countries),46.8441335658356,5003298342461.29,4119257000000.0,,30.1036197644287,2.95833333333333,2.725,2.875,3.2,351482333.0,23634.48850446,,21537381722236.2,3.5491103392587,20146.7246328844,5.82115811213955,
TEA,2021,East Asia & Pacific (IDA & IBRD countries),44.7686717712859,4593941314441.98,3903671000000.0,,31.1714827909387,,,,,338516581.0,24731.25451666,,21205167482133.0,7.71993890573823,18167.4009161466,2.6124818577648,
TEA,2020,East Asia & Pacific (IDA & IBRD countries),40.8363715971787,3625106248128.03,3013688000000.0,,32.5917223143377,,,,,314886452.0,22432.088905544,,17783125335539.1,1.34329202401489,16192.8182039717,2.3931623931624,
TEA,2019,East Asia & Pacific (IDA & IBRD countries),42.918052350245,3545299242665.47,3118262000000.0,,31.6997845111062,,,,,313676634.14,32193.3820458956,,17481840638100.6,5.88481120447702,15858.9260387373,1.93321335810515,
TEA,2018,East Asia & Pacific (IDA & IBRD countries),45.093748242271,3532560241793.52,3200239000000.0,,32.1476146925281,2.81538461538462,2.64230769230769,2.60923076923077,3.19230769230769,302076903.814,32180.0760078064,,16881439039177.6,6.53783889633732,14752.3323183285,2.91740978470444,
TEA,2017,East Asia & Pacific (IDA & IBRD countries),44.7914695374145,3218543220299.96,2784232000000.0,,31.6872715086133,,,,,286943428.372,29710.7268393926,,15097175319188.0,6.66638400332221,13640.2597987988,2.88291164981213,
TEA,2016,East Asia & Pacific (IDA & IBRD countries),43.4865598949252,2921033199936.27,2391039000000.0,,29.9457277883319,2.787426,2.64641130769231,2.57655438461538,3.21501192307692,268485000.749,26849.8933955557,,13827255558413.7,6.50841250220505,12885.9507494662,1.75711158908291,
TEA,2015,East Asia & Pacific (IDA & IBRD countries),46.0564247795521,3097282212000.0,2488150000000.0,,29.9765387538543,,,,,258526800.723,25835.1228917969,,13532365705740.1,6.66374638813893,12284.0283710403,1.08648629940414,
TEA,2014,East Asia & Pacific (IDA & IBRD countries),51.1666030744471,3229934221079.65,2837456000000.0,,29.2482182403149,2.85316438461538,2.69489884615385,2.74193261538462,3.17251415384615,246994174.811,24615.008355335,,12988820106481.0,7.02222532623085,11887.1086298281,3.37040697371653,
TEA,2013,East Asia & Pacific (IDA & IBRD countries),52.7892262513015,3069373116462.38,2832961819438.05,,30.4749168220328,,,,,232475339.873,22575.747630054,,12032819510378.6,7.3170154101466,11304.571018183,2.92758351575671,
EMU,2025,Euro area,87.3240296135247,6331772000000.0,6090147000000.0,,,,,,,,,,18010000307247.0,1.41107242318353,67483.0829954093,2.46705543774613,0.88496895841236
EMU,2024,Euro area,88.6423241807433,5940224000000.0,5694832000000.0,,21.2927417839223,,,,,94517241.0,,,16601464538082.4,0.938707263867073,65966.8442234144,2.2564981433876,0.923889546117607
EMU,2023,Euro area,92.1561685782896,5994274000000.0,5867095000000.0,,19.8727288982796,,,,,89280869.0,33358.8291940564,,15957338405375.8,0.460070365687699,63831.250436355,5.94643667725823,0.924839558470698
EMU,2022,Euro area,100.761322940431,5997948000000.0,6252939000000.0,,19.7793499145552,3.63333333333333,3.43809523809524,3.63333333333333,3.79523809523809,93783645.0,34277.940625526,,14578675912327.5,3.66468497532753,60679.2730178163,8.54686993188458,0.949623753156941
EMU,2021,Euro area,88.5555185521565,5528621000000.0,5377211000000.0,,16.8960290879227,,,,,96394219.0,33884.029326724,7366.6,15008955622791.4,6.44349747359811,53780.959568799,2.52692009066166,0.84549413889045
EMU,2020,Euro area,81.3265191323919,4554829000000.0,4264945000000.0,,16.3735922304896,,,,,90824769.0,26850.5684129143,7268.0,13338044901392.1,-6.04374915754508,49280.0229070473,0.219064904841985,0.875506396987998
EMU,2019,Euro area,88.1241601253515,4887349000000.0,4625801000000.0,,16.8091240614721,,,,,93774272.0,31157.4144194713,8480.0,13658286442179.9,1.63208944796722,50791.823466043,1.44565976888253,0.893276257067409
EMU,2018,Euro area,87.9677965821851,5047112000000.0,4806548000000.0,,16.1150778357508,3.48666666666667,3.31571428571429,3.44761904761905,3.81285714285714,92252084.0,31432.8952796518,8691.0,13937879176171.9,1.78229304985051,47318.5743379282,1.70349794744479,0.846772667108111
EMU,2017,Euro area,86.3221003349213,4610220000000.0,4323784000000.0,,16.5716125155628,,,,,88274181.0,31281.2670635479,8486.0,12901130483442.4,2.62315671239708,45355.7249821481,1.38145871407216,0.885205508269372
EMU,2016,Euro area,83.3034421746615,4203161000000.0,3884352000000.0,,18.1690749385581,3.59372571428571,3.40867042857143,3.54761790476191,3.9922020952381,83752902.0,28005.6544125883,9111.0,12177215800581.1,1.80681433573471,43249.5569026614,0.148684907627373,0.903421436257263
EMU,2015,Euro area,84.3015191376678,4177450000000.0,3885618000000.0,,17.7270742398643,,,,,81058798.0,27731.629597157,8439.0,11880603228444.5,2.14894477032594,40769.9816660802,-0.104633261008479,0.901296423367096
EMU,2014,Euro area,82.9707940474164,4801474000000.0,4526575000000.0,,16.9443379301978,3.53340819047619,3.39997690476191,3.502622,3.91741757142857,81618629.0,27912.7684810256,8829.0,13739142693292.4,1.45371535311074,39644.1377115733,0.199343826570844,0.752728196932603
EMU,2013,Euro area,82.5307901176785,4717080000000.0,4475574000000.0,,16.7747162048155,,,,,78432588.0,27506.8290002242,8494.0,13413105856914.7,-0.168322337087545,38583.3726880613,1.21999342274306,0.752945122701996
ECS,2025,Europe & Central Asia,81.8204655273109,9968926924734.38,10086239327580.1,,,,,,,,,,32268612230366.9,1.703297097267,54129.367938537,3.74577316751945,
ECS,2024,Europe & Central Asia,82.8433175700461,9338611759324.65,9251572265914.79,,21.4401395883421,,,,,128218609.0,,,29371366035247.0,1.61092975636407,52686.8964371402,2.75760909424279,
ECS,2023,Europe & Central Asia,86.1529497756613,9350565717215.31,9374194799743.9,,20.1997080018931,,,,,121182892.0,51491.4116211114,,27758730809930.4,1.04695405528739,50482.8793630789,7.12042212089904,
ECS,2022,Europe & Central Asia,93.4423112505241,9550581459647.82,9767295724983.46,,19.9529011514084,3.32391304347826,3.12608695652174,3.26086956521739,3.55217391304348,125268168.0,53208.5886573234,,25850174701132.2,3.42810235027954,47853.0774254467,11.1136121878761,
ECS,2021,Europe & Central Asia,83.185632647397,8666052666658.54,8502898848982.82,,16.1185067998469,,,,,130817664.0,58442.035142368,7973.3,25606138714522.2,6.82460720354004,42434.0454804633,3.19017771027094,
ECS,2020,Europe & Central Asia,77.0551056464571,7001390175613.99,6875778203073.54,,15.8823236398999,,,,,123618427.0,45233.3744516563,7623.5,22340802078287.1,-5.37584934879737,38111.8684660125,1.19998396936019,
ECS,2019,Europe & Central Asia,83.1535716756117,7552357920639.64,7345468626822.29,,16.2425518612592,,,,,127352149.316,55261.8720619299,10270.0,23089828216899.5,1.83149788108096,38621.8354876282,1.76373586528841,
ECS,2018,Europe & Central Asia,83.3239056919053,7779597703324.83,7531417887962.53,,15.5908841088694,3.24042553191489,3.03489361702128,3.1331914893617,3.6468085106383,123295871.7492,53981.4134493388,9637.54,23360537744962.4,2.18261664657453,36005.7438495717,2.01321972250342,
ECS,2017,Europe & Central Asia,81.1416996166471,7035913305254.17,6857288457546.82,,16.058775425341,,,,,117198531.5142,51926.8175326939,10362.0,21814876277943.7,2.96168679697557,34259.0681434047,1.91558846458249,
ECS,2016,Europe & Central Asia,78.3753533735528,6376320811397.21,6187676783785.43,,18.2490539711162,3.22612140425532,3.0326664893617,3.15875627659574,3.61666653191489,110285661.0132,46350.9710187811,9455.0,20560352355734.8,1.90825385031148,32525.5820200401,0.388838296895799,
ECS,2015,Europe & Central Asia,78.6789943100016,6473955025198.4,6175468823619.96,,17.995846095164,,,,,106329490.6132,43944.4511324686,8468.0,20639397476661.5,2.07832382006356,31109.553754665,0.36804684232536,
ECS,2014,Europe & Central Asia,78.2842685472163,7562557231594.52,7225770113320.0,,17.1254799470948,3.25684406382979,3.08767044680851,3.17710795744681,3.65364855319149,108979977.631,43950.9887118896,9596.0,23959718523184.4,1.94365333398217,30669.0359768491,0.620490636732421,
ECS,2013,Europe & Central Asia,78.4783811592383,7578586288318.05,7224410486158.02,,17.0500442278072,,,,,104196751.813,42534.4820572535,8930.0,23610195160751.0,0.876266761669413,29897.045564884,1.73403963519162,
ECA,2025,Europe & Central Asia (excluding high income),61.2226152031593,584922026448.701,796247072860.26,,,,,,,,,,2815874458069.5,4.20093767131738,30030.257867286,5.62208788068338,
ECA,2024,Europe & Central Asia (excluding high income),64.7847278825453,572152412244.226,733260621556.747,,10.6742938681977,,,,,,,,2454291731125.3,4.05695234474402,29265.2526450133,4.6705297488997,
ECA,2023,Europe & Central Asia (excluding high income),72.2995707258912,560396116441.298,728568134465.096,,9.23649820514439,,,,,,10187.610068838,,2141252006536.72,5.05062997543834,27766.6698723474,9.07365149809048,
ECA,2022,Europe & Central Asia (excluding high income),82.1952392128498,561001904616.136,688285573844.918,,8.30282546039937,2.72,2.50666666666667,2.55333333333333,3.02666666666667,,11687.5146139574,,1819829713206.56,3.11188050867233,25303.5664518492,13.8875841659221,
ECA,2021,Europe & Central Asia (excluding high income),73.197085076504,501810892769.25,572667009156.162,,6.38586667375973,,,,,,12629.762558728,3123.5,1670530886782.34,9.27987062914227,22179.1768626,6.91756771076075,
ECA,2020,Europe & Central Asia (excluding high income),65.2674804509648,375199161622.599,459382583575.334,,7.64839896827252,,,,,,8975.39858856,2747.0,1435629650684.1,0.29079640989535,19846.6527118457,2.74615078213777,
ECA,2019,Europe & Central Asia (excluding high income),71.0255690842484,415834030566.848,476391336227.831,,6.96427680642572,,,,,,8670.01842174313,2865.0,1500446538705.77,2.61922676231219,19511.551470697,2.64328192719554,
ECA,2018,Europe & Central Asia (excluding high income),72.0679891452876,408732791333.872,478594343925.201,,6.07680188530108,2.656875,2.4475,2.4375,3.16125,,6249.296761544,2598.0,1465381526737.36,3.78753357770429,18367.137563627,2.56572880132719,
ECA,2017,Europe & Central Asia (excluding high income),66.3429884847379,360971650587.44,453528070445.51,,6.39260139021208,,,,,,5124.778309146,3125.5,1497595120805.31,6.00896760124667,17699.3753418621,4.60357355778867,
ECA,2016,Europe & Central Asia (excluding high income),61.4568548156496,310894496537.867,385753305250.324,,7.20975529695264,2.498787625,2.2855611875,2.387088125,2.946979625,,4436.04942354385,3255.5,1459048873589.79,2.85797309720172,16799.3211787397,2.13492713939121,
ECA,2015,Europe & Central Asia (excluding high income),61.6783647418943,331556379162.296,404475844568.494,,9.45923507054735,,,,,,3774.70016680818,3754.625,1521842301869.27,3.4855285083172,16195.6209216632,4.02768573742726,
ECA,2014,Europe & Central Asia (excluding high income),64.6838803393192,431938984292.62,499623787366.029,,10.3780743299298,2.6635915,2.442532375,2.51803225,3.0405503125,,3205.38671307594,3987.75,1745687745481.27,3.25564045264228,15901.4609578232,3.06881210379543,
ECA,2013,Europe & Central Asia (excluding high income),64.5251936232523,446636106326.125,540430873628.438,,10.6769523550631,,,,,,2491.99200624933,3022.0,1818186938934.41,6.55722402169654,15374.7781290301,4.59787897363136,
TEC,2025,Europe & Central Asia (IDA & IBRD countries),55.6517930110373,1604004467647.34,1777334759291.23,,,,,,,,,,7077191807196.39,2.84310557858637,39498.078452217,5.10146571652018,
TEC,2024,Europe & Central Asia (IDA & IBRD countries),60.2919957606793,1562775154386.74,1655498114314.75,,12.0784010459184,,,,,,,,6147416367408.77,4.03167528195137,38191.6752565419,4.23056936260083,
TEC,2023,Europe & Central Asia (IDA & IBRD countries),65.6593833412684,1540164111000.2,1630691305681.24,,10.7692093508033,,,,,,11803.458758838,,5535571828711.02,3.8319198777364,35927.6578826571,9.36187249769015,
TEC,2022,Europe & Central Asia (IDA & IBRD countries),72.6918504065243,1685728767995.11,1581137918606.74,,,2.835,2.61,2.675,3.125,,13006.0614539574,,5264957389633.5,1.97113681599863,33113.9262458023,13.8522590144267,
TEC,2021,Europe & Central Asia (IDA & IBRD countries),70.0495786932915,1487036512752.38,1413188034386.26,,8.68771350415942,,,,,23902992.0,18735.015055728,3990.0,4627341470532.29,7.59725679517675,29918.4650718143,5.10641129002836,
TEC,2020,Europe & Central Asia (IDA & IBRD countries),62.9043943187098,1102430678306.75,1115413977822.16,,9.11886155218753,,,,,22416249.0,13432.65047156,3279.0,3913694661148.13,-1.44509752100556,25868.6126368479,2.73249209419427,
TEC,2019,Europe & Central Asia (IDA & IBRD countries),67.4494050119772,1229546140527.48,1158232625534.31,,9.91984086433087,,,,,22652523.0,15473.9158017431,3418.3,4176304236875.06,2.83114768378128,25430.3956536262,2.67599202639893,
TEC,2018,Europe & Central Asia (IDA & IBRD countries),69.0547727880078,1246916856262.21,1160521372850.78,,9.21889657863637,2.7647619047619,2.53952380952381,2.55571428571429,3.25809523809524,20918836.0142,13336.009711544,3489.0,4086887247276.34,3.81479272946348,23563.3304708478,2.611223782638,
TEC,2017,Europe & Central Asia (IDA & IBRD countries),64.6082733747908,1066550741135.16,1070400943428.53,,9.58193827445625,,,,,18789609.0142,12196.928029146,3931.0,3925651486138.39,4.37963852941809,21984.7587570527,3.13106248590115,
TEC,2016,Europe & Central Asia (IDA & IBRD countries),61.8690279724338,900335911734.531,902268360957.346,,11.0532111356172,2.61614176190476,2.39601628571429,2.47691776190476,3.04911052380952,16511367.0142,10461.4475351904,3434.0,3500968563901.72,1.89511334774663,20628.8913915183,1.19887282892596,
TEC,2015,Europe & Central Asia (IDA & IBRD countries),62.4942417165777,970990295040.041,913569552750.65,,11.9386770362261,,,,,15673228.0142,8657.56299868418,4261.25,3645031517122.17,1.46022367131448,20056.3348730479,3.86763469978395,
TEC,2014,Europe & Central Asia (IDA & IBRD countries),62.9818829516057,1261601378842.08,1166411885681.04,,10.8123506648659,2.77509652380952,2.52694514285714,2.59978185714286,3.20588219047619,17815833.614,7747.78798165594,4987.5,4663476749067.68,2.30298411904455,20267.2299705629,2.53187831406913,
TEC,2013,Europe & Central Asia (IDA & IBRD countries),61.9465793952155,1281517225074.37,1219109288806.04,,10.1540404857422,,,,,17375583.614,6847.36595902933,4392.8,4934304443297.29,3.37336805240554,19832.6527414874,3.38485646137119,
EUU,2025,European Union,90.139339730175,7663970000000.0,7406848000000.0,,,,,,,,,,21243212570163.3,1.53795434836212,65503.0695908092,2.46705543774613,
EUU,2024,European Union,91.6412129770423,7174752000000.0,6909054000000.0,,20.6188532892774,,,,,101354155.0,,,19501078750999.4,1.08657885620458,63808.066483507,2.43531202435314,
EUU,2023,European Union,95.2184322373871,7222915000000.0,7070133000000.0,,19.2319864118603,,,,,95631045.0,34175.0390395104,,18659279022583.3,0.4380089249495,61545.8225542114,6.29942487419125,
EUU,2022,European Union,103.704297824246,7180222000000.0,7499518000000.0,,19.1226868783818,3.61851851851852,3.41111111111111,3.5962962962963,3.80740740740741,100328193.0,35042.905774526,,17023620598906.4,3.56455510630462,58573.2066494976,8.83369886749452,
EUU,2021,European Union,91.2027987709932,6640506000000.0,6497793000000.0,,16.3762623617225,,,,,102903861.0,34449.730445731,10299.0,17495257191725.6,6.37773717070797,51968.4388292725,2.55450699642041,
EUU,2020,European Union,83.8178435756324,5475897000000.0,5154106000000.0,,16.0640989857127,,,,,96930306.0,27300.7565480053,8969.6,15504058553907.7,-5.57888122067428,47566.4351629128,0.476498852725065,
EUU,2019,European Union,90.5535167755498,5825391000000.0,5544411000000.0,,16.3474975402082,,,,,99990193.0,32487.0026311868,10541.9545,15809077129406.2,1.87525498889181,48588.1245287343,1.63052260754335,
EUU,2018,European Union,90.4287934541118,5992948000000.0,5752013000000.0,,15.7431113654678,3.51925925925926,3.33592592592593,3.46111111111111,3.86333333333333,98188428.0,32723.3196496518,10792.0,16092407006604.4,2.04641967934145,45055.2034320701,1.7386086198818,
EUU,2017,European Union,88.7153593417555,5466719000000.0,5161125000000.0,,16.1441697742565,,,,,93732821.0,32295.7002135479,10507.0,14871316217995.7,2.81810835521954,43031.1203352541,1.42910743319306,
EUU,2016,European Union,85.7843525287716,4969739000000.0,4621872000000.0,,17.6610241071234,3.59299633333333,3.41412603703704,3.53365588888889,3.9652492962963,88721964.0,28880.7246255883,10527.534,13988150566298.6,1.91997902907598,40893.5798433019,0.183334861123765,
EUU,2015,European Union,86.6784730245276,4929051000000.0,4609273000000.0,,17.3691608920022,,,,,85820040.0,28471.856739033,10009.615,13656255577702.6,2.37195113797821,38551.9915387682,-0.0616446800641672,
EUU,2014,European Union,85.4945619031171,5653032000000.0,5348796000000.0,,16.6066251718165,3.54286218518518,3.37910362962963,3.47357533333333,3.95684133333333,86647962.0,28755.7275396056,10158.0,15763599531004.8,1.63271198328248,37363.3590587896,0.199343826570844,
EUU,2013,European Union,84.7802574446217,5536175000000.0,5258989000000.0,,16.4670922058535,,,,,83271268.0,28221.6599030041,9470.0,15398511081475.3,-0.0330372559639187,36288.950981602,1.21999342274306,
HPC,2025,Heavily indebted poor countries (HIPC),50.204455015635,279708000000.0,306764000000.0,,,,,,,,,,1285481386975.21,5.82575819723698,3833.88968092125,3.40373458279055,
HPC,2024,Heavily indebted poor countries (HIPC),51.5872154598548,232367000000.0,272361000000.0,,,,,,,,,,1147966586426.9,5.12099358552982,3620.11674779792,4.60621098127101,
HPC,2023,Heavily indebted poor countries (HIPC),52.0229954587253,212745000000.0,271498000000.0,,2.87255864272873,,,,,,4252.0457917383,,1060851525652.8,3.48241783540763,3458.77171509896,7.12697482131851,
HPC,2022,Heavily indebted poor countries (HIPC),55.5523209026046,198762000000.0,258595000000.0,,2.82225730476539,2.42916666666667,2.24166666666667,2.24583333333333,2.6375,,3976.27766137457,,1002950189402.75,4.89961676353468,3315.17526375206,9.65914753785069,
HPC,2021,Heavily indebted poor countries (HIPC),51.0652963892432,179357000000.0,216148000000.0,,2.99175070808375,,,,,,3889.374215814,,924437668151.095,4.35683661926664,3038.71814072197,4.37012190478157,
HPC,2020,Heavily indebted poor countries (HIPC),47.2342916899179,141053000000.0,178471000000.0,,3.27604574374644,,,,,,,,816212465074.075,0.00307772049912103,2819.59419004653,3.47617372722187,
HPC,2019,Heavily indebted poor countries (HIPC),53.1389262447371,137695000000.0,196088000000.0,,4.27542239771657,,,,,,2628.86208256093,,811080887285.088,4.20365615145262,2821.57243709207,2.83514555687506,
HPC,2018,Heavily indebted poor countries (HIPC),53.823698549324,149155000000.0,195324000000.0,,4.69685283353274,2.41542857142857,2.25514285714286,2.16142857142857,2.71657142857143,,2251.87040227301,,790361943446.387,4.18286148680316,2696.73763647632,3.01748181031406,
HPC,2017,Heavily indebted poor countries (HIPC),52.3811635150435,131101000000.0,179944000000.0,,4.10680264495261,,,,,,2232.62065745406,,735134788678.557,5.06377966448277,2592.16399013282,4.5783374121255,
HPC,2016,Heavily indebted poor countries (HIPC),53.528320197967,110418000000.0,175513000000.0,,4.44337043823805,2.40625119444444,2.29110394444444,2.18982891666667,2.77951602777778,,1656.10942148881,,677053478623.394,4.30006123912206,2504.43302840509,4.38389195513915,
HPC,2015,Heavily indebted poor countries (HIPC),56.2610131196304,114716000000.0,193710000000.0,,4.58604140067402,,,,,,1409.54022344994,,674525283733.803,4.90646824015406,2409.44112302463,3.55075967356746,
HPC,2014,Heavily indebted poor countries (HIPC),58.6179714546922,134668000000.0,204335000000.0,,5.86970900812559,2.41567837837838,2.29991327027027,2.21052716216216,2.75480202702703,,1205.64157289699,,705379811037.148,5.45421217506326,2351.41516067081,4.40535234185293,
HPC,2013,Heavily indebted poor countries (HIPC),59.7803635812952,131768000000.0,201338000000.0,,5.53492357037715,,,,,,1105.34181598919,,667216081741.819,6.16437839840991,2202.5394120085,5.16189898581494,
IBD,2025,IBRD only,49.2964763371863,9466854000000.0,8751407000000.0,,,,,,,,,,43056359078690.0,4.30532305518705,22330.2081478905,3.68256369784336,
IBD,2024,IBRD only,49.7665350065376,8957700000000.0,8313769000000.0,,21.5421713332233,,,,,531024714.0,,,40766443406773.0,4.4256614810418,21007.2920507601,3.54713144937457,
IBD,2023,IBRD only,49.7580293079394,8568007000000.0,8024663000000.0,,21.6034121814296,,,,,487005049.0,53553.9560263441,,39083500948084.9,4.63911789010562,19714.3753441925,5.87451911590197,
IBD,2022,IBRD only,53.751444616711,9090826000000.0,8376704000000.0,,21.7721507242456,2.86111111111111,2.61481481481481,2.73703703703704,3.15,469975508.0,46123.507787613,,37847494888632.6,3.76945565506477,18226.9940818677,9.10437983075437,
IBD,2021,IBRD only,50.7074421878126,8088897000000.0,7489275000000.0,,21.4466556161632,,,,,458278119.0,51225.806884745,,35868904968937.8,7.62447663420478,16390.9943192501,4.27166381536798,
IBD,2020,IBRD only,45.4695172579891,6197624000000.0,5698246000000.0,,22.969138597962,,,,,425134116.625,42886.445690109,,30194051534423.9,-1.28694758331594,14525.8229564665,2.41513094083414,
IBD,2019,IBRD only,48.1676862711543,6503303000000.0,6200966000000.0,,21.6745307705103,,,,,425651544.81,57456.5094574096,3821.8,31370912490347.0,3.98803326580348,14477.6913232968,2.51105615927257,
IBD,2018,IBRD only,50.0664021195698,6608933000000.0,6373679000000.0,,21.6085929957486,2.77155172413793,2.52637931034483,2.58655172413793,3.21431034482759,411521455.9172,56338.6350456218,,30727224343894.0,4.86157952405858,13663.8085391697,3.20720069534783,
IBD,2017,IBRD only,47.7847883496778,5927538000000.0,5662526000000.0,,21.3985911075716,,,,,389499997.8762,52244.6405489238,4282.0,28849480049390.9,5.16179362572515,12768.4504770933,3.32389447576097,
IBD,2016,IBRD only,46.4096165856145,5271334000000.0,4909029000000.0,,20.8142186253741,2.75520366101695,2.52415271186441,2.58570452542373,3.18324176271187,361593717.3002,46396.7532514164,4634.3779585,26134891989406.5,4.44703872345713,12105.084712321,2.12081713361588,
IBD,2015,IBRD only,48.3704857405775,5578253000000.0,5189127000000.0,,21.0296894303992,,,,,350721017.8942,43786.6899017811,5479.2605,25941217987927.1,4.31854010648796,11653.9139209744,3.09551722027242,
IBD,2014,IBRD only,51.7110184178103,6369170000000.0,6070531000000.0,,19.8881623618979,2.8375417368421,2.6077801754386,2.66885157894737,3.22290903508772,341591075.787,42130.9072462905,6377.2495,27552867783541.2,4.78001444086,11533.9124619433,3.50379093139812,
IBD,2013,IBRD only,52.9805424614267,6289231723882.06,6130228121066.97,,19.9645263940384,,,,,324012698.029,39139.9113554517,,26787319485055.1,5.21442724745644,11182.4466216474,3.89555152647667,
IBT,2025,IDA & IBRD total,49.065709620698,10031913303216.4,9471883792452.19,,,,,,,,,,46251403468584.1,4.33570580325535,17699.533752673,3.51074539609587,
IBT,2024,IDA & IBRD total,49.6374181053919,9456234471167.88,8963667981854.82,,21.0003839044919,,,,,561309690.0,,,43660232631553.3,4.42022565074735,16713.4152377213,3.62770736940927,
IBT,2023,IDA & IBRD total,49.6848537038012,9029814449643.02,8662302144422.24,,20.9155723865362,,,,,514875197.0,59338.4457250416,,42011330091982.8,4.52590057203417,15756.333387375,6.09114152504141,
IBT,2022,IDA & IBRD total,53.6126039380313,9551831688035.32,9056649533421.57,,21.0830211149594,2.69255319148936,2.47553191489362,2.54042553191489,2.98085106382979,498332945.0,52392.6118868369,,40927482641799.6,3.8271063174832,14655.7063384128,9.08963911525032,
IBT,2021,IDA & IBRD total,50.5268193017185,8493957705400.97,8093578565622.69,,20.8097089699083,,,,,487715877.0,56117.828558989,,38735463663158.6,7.35158119263311,13235.8358387854,4.25936417542868,
IBT,2020,IDA & IBRD total,45.3752250141849,6526606332237.12,6158050599685.49,,22.3271036646516,,,,,453737978.625,46590.4616651191,,32817339931222.2,-1.32331489746059,11830.5520689244,2.8981937602627,
IBT,2019,IDA & IBRD total,48.1943922259065,6867380657832.6,6727276472866.65,,21.0153528043444,,,,,456680951.92,61404.6847456814,,34074782748271.7,3.98475924215585,11821.5980307367,2.6806827895334,
IBT,2018,IDA & IBRD total,50.0259433028452,6972838142216.33,6893723448396.0,,20.9094571278866,2.60491228070175,2.40298245614035,2.40359649122807,2.99473684210526,441652849.5282,59885.6339372007,,33140778408492.4,4.82460273989518,11193.8922004109,3.08668284239473,
IBT,2017,IDA & IBRD total,47.7085660947481,6244339488898.46,6125551606989.31,,20.6335679516198,,,,,417240791.9162,55754.8651449556,,31121226985041.1,5.07330968455011,10517.9115303629,3.33787586109568,
IBT,2016,IDA & IBRD total,46.3456042919222,5543341261298.81,5336446514327.07,,20.1127166508206,2.58694207017544,2.4091718245614,2.40646786842105,2.98995420175439,386959636.7532,49241.2309169665,,28299821225498.5,4.35480936392952,9998.93004547592,2.81495791361944,
IBT,2015,IDA & IBRD total,48.3501035890442,5866673112030.53,5644480227487.37,,20.3493292673544,,,,,375193769.6372,46345.7463173601,,28118750119954.2,4.25326636645823,9655.82965949454,3.12900274473925,
IBT,2014,IDA & IBRD total,51.6764501721181,6731920526145.11,6569984791712.92,,19.451828184139,2.63636264347826,2.44403794782609,2.45036506086957,3.00595543478261,364569149.495,44664.8023495325,,29793136753560.6,4.82932919233134,9559.55307429185,3.52566203758282,
IBT,2013,IDA & IBRD total,52.9561369014683,6637360052661.42,6608537599143.82,,19.4595933775191,,,,,345143990.467,41697.299386573,,28868139569390.0,5.23089944476254,9261.99127308513,4.3411548980431,
IDB,2025,IDA blend,,191597000000.0,236390000000.0,,,,,,,,,,1270032242274.1,4.57673954149303,8089.58949895873,2.40069559361747,
IDB,2024,IDA blend,,174565000000.0,214803000000.0,,2.93827749171859,,,,,,,,1123047633991.39,4.11563151662068,7676.22430731754,3.45053028131019,
IDB,2023,IDA blend,,169237000000.0,213163000000.0,,2.63129210988352,,,,,9190825.0,894.99627784,,1277421993702.09,2.87508782353444,7337.37829292445,4.56457719814894,
IDB,2022,IDA blend,,175851000000.0,237686000000.0,,2.23871050864284,2.4875,2.3625,2.3125,2.8,9318817.0,857.921422889387,,1461048245644.69,4.82256296455954,7020.87499158066,6.64110132423665,
IDB,2021,IDA blend,,146467000000.0,213471000000.0,,2.21001284410545,,,,,9264213.0,485.93646728,,1373195862361.12,4.36009454869888,6382.99566586346,3.46677876951929,
IDB,2020,IDA blend,,116223000000.0,152992000000.0,,3.02234859381788,,,,,8904238.0,325.5022766,,1262159381015.61,-3.22553173097771,6037.07966729885,2.1039488213608,
IDB,2019,IDA blend,,150227000000.0,184412000000.0,,4.20498894131318,,,,,9007836.4,771.541711819972,,1357319294877.02,3.06868522671206,6080.97764858023,1.9999797664804,
IDB,2018,IDA blend,,148178000000.0,178813000000.0,,3.01927131070922,2.515,2.308,2.361,2.812,8979543.5,802.464645338073,,1127900531096.51,3.8983413977238,5828.40490784309,2.48030843191907,
IDB,2017,IDA blend,,124126000000.0,154484000000.0,,3.18455179066617,,,,,8646882.9,808.278722031205,,1067274924059.64,2.82463712924834,5809.93468689794,1.14765339305816,
IDB,2016,IDA blend,,106688000000.0,149396000000.0,,4.34253449619083,2.5327187,2.4246304,2.4799384,2.8135832,7839758.4,715.756090372502,,1047494187995.75,2.37410124286114,5538.16909802133,1.65038994431573,
IDB,2015,IDA blend,,129037000000.0,161211000000.0,,3.25636241507465,,,,,7997308.0,697.430667784449,,1116256560392.48,3.9277692964975,5515.47646431582,1.37488542621447,
IDB,2014,IDA blend,,191331000000.0,188119000000.0,,3.8845856939865,2.529118,2.1327645,2.2685287,3.0244608,7941653.8,728.79746978206,,1175043316339.54,5.8248246616925,5420.95553989071,1.20139964481058,
IDB,2013,IDA blend,,176817000000.0,181261000000.0,,2.80515427125446,,,,,7407521.9,837.34618137158,,1081001766014.43,5.73609715250456,5159.72220632205,2.58117037252936,
IDX,2025,IDA only,47.9762341437422,374954448038.687,484002532098.083,,,,,,,,,,1925012147619.92,4.86860827326892,4969.26059674433,3.55071913108936,
IDX,2024,IDA only,50.9208098591496,325070841698.348,434628443215.593,,,,,,,,,,1770741590788.96,4.57659622486648,4713.40465729198,4.25632834866278,
IDX,2023,IDA only,51.770857039518,293439578886.109,424091860527.555,,4.02524226381698,,,,,,4889.4934208575,,1650407150195.89,3.3073554888398,4496.94705641825,7.12142371831339,
IDX,2022,IDA only,54.7122721955176,285809500853.87,441831796985.334,,3.04090279701422,2.459375,2.26875,2.265625,2.740625,,5411.18267633457,,1618939507522.38,4.31005230149408,4283.22697886502,9.57337118555953,
IDX,2021,IDA only,52.2120688058905,259230587008.924,390376219513.535,,2.71256236715177,,,,,,4406.085206964,,1493362831859.7,3.64269213685422,3916.20866525795,4.37012190478157,
IDX,2020,IDA only,47.9015176024508,213401596856.622,306624521335.813,,,,,,,,3378.51369841016,,1361129015782.66,-0.335170512912143,3654.22824941863,3.94180326908065,
IDX,2019,IDA only,53.2117386493399,214417525370.454,341828686155.122,,2.88370151665823,,,,,,3176.63357645185,,1346550963047.7,4.82130049368115,3606.52665630147,3.09261003373251,
IDX,2018,IDA only,53.9877514985178,216276507326.582,340975820680.77,,3.29676260888043,2.41434782608696,2.26804347826087,2.18217391304348,2.75760869565217,,2744.53424624076,,1285653533501.84,4.85450921076745,3416.83013920597,3.01748181031406,
IDX,2017,IDA only,51.7159715984422,193157902134.096,308422067945.632,,2.71490182618325,,,,,,2701.94587400056,,1204472011590.63,5.22907858100467,3200.53150907702,4.31421134623784,
IDX,2016,IDA only,51.1612035099634,165640894702.399,278103516471.625,,3.86689075827045,2.37838206666667,2.25498386666667,2.15514191111111,2.77572628888889,,2128.72157517758,,1117435048096.23,4.18372892932952,3065.4706565733,3.74103082110771,
IDX,2015,IDA only,54.0527767202776,159433422899.306,294230427259.374,,3.84802565806341,,,,,,1861.62574779456,,1061275571634.61,3.01701813615682,2919.08337097541,3.40274327737188,
IDX,2014,IDA only,57.6348749768095,171263678482.031,310811315482.633,,,2.41980510416667,2.3144426875,2.22879489583333,2.74446775,,1805.09763345992,,1065225653679.88,4.9923958045545,2827.90306589683,4.40535234185293,
IDX,2013,IDA only,58.9218205005689,171200524026.535,296197322755.248,,3.89357238624503,,,,,,1720.04184974971,,999818318320.414,5.10918682572196,2663.1658352383,5.16189898581494,
IDA,2025,IDA total,,565680866284.773,720002087138.797,,,,,,,,,,3195044389894.02,4.72576659326165,6044.38020226913,3.36462189317825,
IDA,2024,IDA total,47.2468719474343,498928637514.996,649107897720.926,,,,,,,,,,2893789224780.35,4.35048943307154,5736.82650018978,3.89084237884105,
IDA,2023,IDA total,48.3344601786916,462103740102.857,636977363506.631,,3.52475945609378,,,,,,5784.4896986975,,2927829143897.98,3.09487183510299,5480.71341421774,7.10220928557059,
IDA,2022,IDA total,51.0580808931251,461164488507.157,679395826299.477,,2.74019254983447,2.465,2.2875,2.275,2.7525,,6269.10409922396,,3079987753167.07,4.56135207487173,5233.90210267334,8.6807215073403,
IDA,2021,IDA total,47.2302506408838,405174433802.885,603776570438.362,,2.53824522008949,,,,,,4892.021674244,,2866558694220.81,3.99322003260568,4773.92168551026,4.17270582217659,
IDA,2020,IDA total,43.6542866402809,329169470630.501,459403807667.781,,2.82012254961391,,,,,,3704.01597501016,,2623288396798.27,-1.76868159241481,4484.60914126436,3.47617372722187,
IDA,2019,IDA total,48.6888132254431,364375315506.156,526182275083.764,,3.36726334593079,,,,,31029407.11,3948.17528827182,,2703870257924.72,3.94468113264645,4471.40790689188,2.74447528387472,
IDA,2018,IDA total,49.2769085354828,364149048763.698,519664263953.109,,3.20071380694015,2.43232142857143,2.27517857142857,2.21410714285714,2.76732142857143,30131393.611,3546.99889157883,,2413554064598.36,4.37406543309571,4262.01562307117,2.84578376094084,
IDA,2017,IDA total,46.2974245040847,316927987708.096,462699784081.014,,2.8678972065751,,,,,27740794.04,3510.22459603177,,2271746935650.27,4.00703084076721,4118.62497080602,3.85067166284727,
IDA,2016,IDA total,45.1666203000795,272026160762.696,427443775778.803,,3.99513500892068,2.40644327272727,2.28582869090909,2.21419581818182,2.78260936363636,25365919.453,2844.47766555008,,2164929236091.98,3.25606924193475,3936.8435950964,3.21988689395718,
IDA,2015,IDA total,47.9747033496365,288445651381.734,455423110893.348,,3.67361457656457,,,,,24472751.743,2559.05641557901,,2177532132027.09,3.48188857013798,3837.55848007475,3.15783117980915,
IDA,2014,IDA total,,363101554960.44,499140885316.07,,,2.43865215517241,2.28311886206897,2.23564555172414,2.7927424137931,22978073.708,2533.89510324198,,2240268970019.42,5.41564567632231,3746.32688217288,3.52566203758282,
IDA,2013,IDA total,,348378054790.456,477684625831.894,,3.52577131762144,,,,,21131292.438,2557.38803112129,,2080820084334.84,5.42734561353254,3547.86418149291,4.88516387595471,
LTE,2025,Late-demographic dividend,50.7613707484667,8296464003192.53,6714094160161.92,,,,,,,,,,31873985161936.8,4.45332355682564,30341.9195453314,3.74577316751945,
LTE,2024,Late-demographic dividend,52.1835999931237,7740338502090.93,6323233363271.31,,27.7744216444057,,,,,460766564.0,,,29983452735875.0,4.52553873018407,28387.5107480613,2.90379501424778,
LTE,2023,Late-demographic dividend,54.729354341428,7364436187959.96,6050383007241.72,,25.6185576373681,,,,,424378890.0,68499.214173174,,28909440099233.0,4.43253867675644,26493.0363633708,5.86910359896119,
LTE,2022,Late-demographic dividend,57.7448694959449,7754609585011.93,6264254432996.24,,25.6238921041828,3.01025641025641,2.80769230769231,2.92307692307692,3.24102564102564,411204006.0,60513.3037246,,28553586772075.8,3.28975241103197,24507.588755014,9.10437983075437,
LTE,2021,Late-demographic dividend,55.463392645272,6901145827578.7,5792401756439.39,,23.9686724822302,,,,,400524483.0,69403.891250063,,27284909409699.1,7.59396655185003,22189.7622837471,3.49505757399448,
LTE,2020,Late-demographic dividend,51.3902275348393,5382743622978.61,4465084611220.8,,24.7027245102459,,,,,372905989.0,58637.744946452,2836.0,22869846935930.6,0.235409361022192,19505.7754934772,1.93694126694223,
LTE,2019,Late-demographic dividend,52.7358799610063,5519459094715.11,4686688376157.41,,23.3635588075168,,,,,370408579.425,72743.7152753891,3007.41987616355,23366922633045.5,4.74723356857159,19218.2518104829,2.16993433856378,
LTE,2018,Late-demographic dividend,53.6837369630127,5573544224709.56,4728021556325.67,,23.3930476668414,2.89372093023256,2.71116279069767,2.74581395348837,3.28790697674419,355397953.4642,72680.864635143,3186.0,22907807978183.2,5.44116105376224,17905.342700049,2.4744634711843,
LTE,2017,Late-demographic dividend,52.8629223980797,4915889553074.53,4200649127255.22,,23.6322408968581,,,,,338366276.1142,68899.2054689367,3574.0,20889290528064.1,5.26224829988129,16562.7921410844,2.17727572689262,
LTE,2016,Late-demographic dividend,51.9769685997932,4412717120395.32,3682585435534.11,,23.7901040990554,2.90023404878049,2.69919729268293,2.75783885365854,3.31349356097561,318794804.0142,63145.2590360195,3424.0,18841938118214.3,4.44982415289267,15659.959825366,1.10920805807027,
LTE,2015,Late-demographic dividend,53.7494233668566,4694912149509.62,3826299559147.72,,23.6565064943007,,,,,309739375.1142,59497.1325417552,4105.5623085,18797219516598.6,4.70954361182743,15136.7777684968,1.5579071134626,
LTE,2014,Late-demographic dividend,56.7446558829141,5306714773919.57,4467030082724.18,,22.1778390750086,2.945706125,2.7354224,2.8338789,3.3180159,299141043.214,55736.2626742275,4251.9,19998109363135.1,5.27993047692303,15041.7476596817,2.04461481539342,
LTE,2013,Late-demographic dividend,57.7353164276769,5229812765262.35,4477021352955.42,,21.9667192780963,,,,,281549396.614,50908.6797352625,4351.731506,19233517996185.8,5.62973223892911,14491.7139526302,2.68229684085039,
LCN,2025,Latin America & Caribbean,49.1445739335766,1668494642104.72,1657899503661.75,,,,,,,,,,7395989651242.09,2.32153204967842,23901.1707987798,2.30758626602756,
LCN,2024,Latin America & Caribbean,49.651989177217,1573693748978.55,1560530551308.26,,13.110093738095,,,,,63967895.0,,,7088767706234.51,2.25497168830525,23059.8669505445,3.46497037946077,
LCN,2023,Latin America & Caribbean,48.7349861200831,1504295144470.59,1516046443349.79,,12.447676963365,,,,,58606519.0,6767.731218849,,6909980461601.21,2.20678468368602,22098.0252204992,4.63202285403356,
LCN,2022,Latin America & Caribbean,56.0021722062466,1523915472448.16,1605879318398.97,,12.744693638487,2.692,2.476,2.552,3.024,58521490.0,7029.36803836,,6147092422711.93,4.09058657203177,20844.4102356927,8.08552554700602,
LCN,2021,Latin America & Caribbean,52.5995209680724,1302609286631.66,1320744947569.87,,12.5768626683984,,,,,59129924.0,5783.07554266,,5383564425117.23,7.07608139571873,18696.3210341683,3.87805442411131,
LCN,2020,Latin America & Caribbean,45.9729489898563,1023827836561.32,955614839990.03,,14.7587204462791,,,,,52894527.625,5262.002892836,,4627829769474.15,-6.85943781930433,16661.9080916866,1.49389017299587,
LCN,2019,Latin America & Caribbean,47.7094272418949,1130014603333.19,1135724468583.2,,13.8367611790492,,,,,54038532.72,6283.61601152258,,5473792638347.11,0.317364964426716,17324.1729899166,2.18225589066245,
LCN,2018,Latin America & Caribbean,48.1938853908126,1159443328827.29,1179960642681.03,,14.0136906535697,2.66434782608696,2.47,2.46695652173913,3.04782608695652,53572052.86,6374.18770479386,,5581213957025.26,1.22291785556858,16898.8640028537,2.37951733360489,
LCN,2017,Latin America & Caribbean,44.3407066193727,1065720429512.22,1067045439802.66,,14.4947533555152,,,,,49946626.42,6056.98148858369,,5715231248363.46,1.55352771899284,16199.364491975,2.19201010962985,
LCN,2016,Latin America & Caribbean,44.0364978465737,952154407130.726,976036981461.034,,14.9759591954987,2.664341375,2.47623966666667,2.459838,3.05038966666667,46771094.78,5688.79569881503,,5148783766945.08,-0.730974962811146,15549.1391285062,1.65038994431573,
LCN,2015,Latin America & Caribbean,44.9920220039287,987746690060.911,1076069660962.46,,13.8022414008836,,,,,47907364.88,5806.7599891007,,5289417937086.3,0.239853960080666,15285.773622415,1.86148302863371,
LCN,2014,Latin America & Caribbean,44.6454658978727,1161078975882.74,1209187334030.72,,13.2401771781707,2.76907182608696,2.60985969565217,2.55832795652174,3.10408213043478,47014004.4,5994.18898204547,,6218059801942.29,1.19675253046894,15495.9060086098,3.38341272749477,
LCN,2013,Latin America & Caribbean,45.1932463665487,1193535821098.74,1217184706700.31,,13.2129312429455,,,,,46701397.4,6050.69742639828,,6252125316234.8,2.71733038737128,15176.4504991539,2.5286478853837,
LAC,2025,Latin America & Caribbean (excluding high income),47.5458401566158,1365180000000.0,1399647000000.0,,,,,,,,,,6523496128943.99,2.21490070818977,22825.2477825485,3.1702688841681,
LAC,2024,Latin America & Caribbean (excluding high income),47.6810222439611,1287158000000.0,1318016000000.0,,13.6326447447379,,,,,44012266.0,,,6266421572816.08,1.99001515816749,22069.8710887458,3.83540271728533,
LAC,2023,Latin America & Caribbean (excluding high income),46.6885214236554,1235625000000.0,1269259000000.0,,12.6986947308167,,,,,39525478.0,5053.445771249,,6114807611697.98,2.12680994822227,21242.4747751205,5.08677483158112,
LAC,2022,Latin America & Caribbean (excluding high income),53.6356242101676,1246814000000.0,1348173000000.0,,13.4561363277774,2.63529411764706,2.4,2.48823529411765,2.98235294117647,39193430.0,4766.9151186,,5425723261080.83,3.97595959337909,20076.1307172179,8.81109209279587,
LAC,2021,Latin America & Caribbean (excluding high income),50.7322215415369,1062213000000.0,1102348000000.0,,12.9180605463775,,,,,39676095.0,4287.96218966,,4694652116377.4,6.85451332312384,17991.1283749974,4.27166381536798,
LAC,2020,Latin America & Caribbean (excluding high income),44.08622590916,838611000000.0,804914000000.0,,14.8740480194043,,,,,35003318.25,3696.002318836,,4034164122634.89,-6.79640022295334,16054.1366206643,2.52663500084706,
LAC,2019,Latin America & Caribbean (excluding high income),45.6898614931401,938991000000.0,951115000000.0,,14.7392095786186,,,,,36159924.5,4897.99778,,4821625109314.74,0.182794027991264,16684.388146346,2.50460959460401,
LAC,2018,Latin America & Caribbean (excluding high income),46.0914631070807,957412000000.0,985881000000.0,,15.0265879355699,2.618125,2.3675,2.4125,3.04375,36164557.0,5030.37217858389,,4918723143160.92,1.15229755041935,16293.062992205,3.40250179472038,
LAC,2017,Latin America & Caribbean (excluding high income),41.9460888966417,879089000000.0,892496000000.0,,15.5370365413055,,,,,33025609.0,4724.76860555969,,5076766505994.78,1.58746258230468,15597.769702594,3.36296514855608,
LAC,2016,Latin America & Caribbean (excluding high income),41.7275651975771,783799000000.0,813003000000.0,,15.9721223410079,2.58347176470588,2.38647994117647,2.38681529411765,2.96864358823529,30686072.0,4093.41827071803,,4551782151517.8,-0.977477793493975,14977.4937919238,2.8217078474766,
LAC,2015,Latin America & Caribbean (excluding high income),42.5717730430544,812742000000.0,900796000000.0,,14.7986724197631,,,,,31231612.0,4239.7753022007,,4703989762871.3,0.0699385356183484,14757.6873661759,3.15783117980915,
LAC,2014,Latin America & Caribbean (excluding high income),41.6045161865212,951573000000.0,1009216000000.0,,13.9062743223018,2.73468623529412,2.55688152941176,2.50552047058824,3.06687247058823,30399760.0,4250.28186010759,,5620010717338.88,1.11641330983845,15005.1637128891,3.43816659958601,
LAC,2013,Latin America & Caribbean (excluding high income),42.0602810847558,973487000000.0,1010125000000.0,,13.8509969521536,,,,,30514240.0,4331.74533829617,,5644127674357.65,2.72471630094604,14710.2116615333,2.76789666082002,
TLA,2025,Latin America & the Caribbean (IDA & IBRD countries),48.6249860556184,1546132000000.0,1569351000000.0,,,,,,,,,,7050566084338.85,2.356382434447,23773.0633533423,2.30758626602756,
TLA,2024,Latin America & the Caribbean (IDA & IBRD countries),47.8473408046123,1458047000000.0,1477053000000.0,,13.156797351287,,,,,60917597.0,,,6755669283863.94,2.27782988064618,22938.8544443974,3.62770736940927,
TLA,2023,Latin America & the Caribbean (IDA & IBRD countries),46.8914803379704,1393588000000.0,1435446000000.0,,12.5029553892424,,,,,55343919.0,6743.998746249,,6590712953369.3,2.28058560829545,21989.4422117221,4.70881783212245,
TLA,2022,Latin America & the Caribbean (IDA & IBRD countries),54.712654058513,1411296000000.0,1521076000000.0,,12.7958329396666,2.71304347826087,2.48695652173913,2.5695652173913,3.04347826086957,54952380.0,7010.31423592,,5853946060777.18,4.12386672781881,20743.0336304211,8.27477490232654,
TLA,2021,Latin America & the Caribbean (IDA & IBRD countries),51.480809635132,1206433000000.0,1250621000000.0,,12.6187736404352,,,,,55481910.0,5760.75730066,,5119629917733.74,7.27596087772766,18609.1190317645,4.26105127422813,
TLA,2020,Latin America & the Caribbean (IDA & IBRD countries),45.584991563533,948125000000.0,903529000000.0,,14.6610997612607,,,,,49576777.625,5248.581138836,,4388400203662.59,-6.78167389936947,16583.0599942302,1.76751592356698,
TLA,2019,Latin America & the Caribbean (IDA & IBRD countries),47.1463833583721,1045884000000.0,1071374000000.0,,13.8642948174923,,,,,50520828.75,6269.90748652258,,5230913289241.76,0.295159946142377,17246.6439522841,2.09604635327807,
TLA,2018,Latin America & the Caribbean (IDA & IBRD countries),47.5294369954004,1072750000000.0,1111938000000.0,,14.0986283959978,2.69285714285714,2.48095238095238,2.49,3.09,50279223.5,6356.42647479386,,5347169359023.49,1.30772581346528,16835.0994009151,2.32414485367921,
TLA,2017,Latin America & the Caribbean (IDA & IBRD countries),43.4961514522708,985994000000.0,1005742000000.0,,14.4503438820671,,,,,47039362.0,6009.04776855969,,5482938029714.53,1.62136105748272,16139.0519900545,2.8227580554717,
TLA,2016,Latin America & the Caribbean (IDA & IBRD countries),43.2734558050234,880502000000.0,918570000000.0,,14.7770121573875,2.67489986363636,2.47271827272727,2.45465072727273,3.08050427272727,43632645.0,5662.617480661,,4922127744500.54,-0.748991632597836,15481.5179391867,2.53781710390567,
TLA,2015,Latin America & the Caribbean (IDA & IBRD countries),44.2186743132725,912388000000.0,1012837000000.0,,13.8775325984287,,,,,44595392.0,5785.66761311358,,5068412682233.61,0.189496368114675,15215.4636356711,2.92482169718974,
TLA,2014,Latin America & the Caribbean (IDA & IBRD countries),43.7324853212886,1071450000000.0,1138005000000.0,,13.2992820671409,2.79037866666667,2.6120999047619,2.58374147619048,3.13101319047619,43722586.0,5976.69952204547,,6005472855928.78,1.24870826294293,15428.7435739268,3.4282641481078,
TLA,2013,Latin America & the Caribbean (IDA & IBRD countries),44.1969122597268,1100955000000.0,1144543000000.0,,13.2751292360577,,,,,43465242.0,6033.62214639829,,6044199922527.12,2.8059330343136,15108.0937491948,2.74483621896186,
LDC,2025,Least developed countries: UN classification,43.6656571524012,311480401825.569,376942548091.603,,,,,,,,,,1653686211542.1,4.30000841303122,4685.23358097877,3.36462189317825,
LDC,2024,Least developed countries: UN classification,47.1182053512855,280927628040.488,341109859616.394,,,,,,,,,,1542009429614.64,3.87232968748361,4468.51455719252,4.6850965426577,
LDC,2023,Least developed countries: UN classification,48.4806753409352,261068274668.058,338776114633.624,,7.93361780633589,,,,,,4485.1216610023,,1459140154701.04,3.05090811063616,4289.01547703069,7.12697482131851,
LDC,2022,Least developed countries: UN classification,51.037908122287,267572447313.92,360859716984.58,,7.53810870753638,2.42083333333333,2.19583333333333,2.22916666666667,2.69583333333333,,5007.27316301457,,1471699265269.38,4.71510989192116,4093.48384874803,9.45801281304023,
LDC,2021,Least developed countries: UN classification,50.8303393232299,237023706499.012,312626306030.914,,5.49005518050659,,,,,,4015.943868494,,1302642870995.53,2.75579291386683,3723.8118415625,4.15649125482107,
LDC,2020,Least developed countries: UN classification,46.4206022472537,187836594031.428,248932462998.374,,5.82377281093014,,,,,,3173.10757741016,,1179620504897.32,-0.181011978205504,3497.11693341957,4.33296874711709,
LDC,2019,Least developed countries: UN classification,50.4527081523106,199051275838.888,275382357410.233,,8.82703615761591,,,,,,2843.21978739075,,1169533458405.7,4.82459913567837,3443.68736951097,3.32255881256925,
LDC,2018,Least developed countries: UN classification,51.296524258874,208206306915.82,274525292399.14,,6.31694371682838,2.38648648648649,2.22540540540541,2.12783783783784,2.73378378378378,,2379.27040461907,,1117321176649.3,4.65270171918264,3246.95099345522,3.46147484973729,
LDC,2017,Least developed countries: UN classification,46.9382092798438,180118069775.392,247088107550.473,,4.77190703863489,,,,,,2357.28876355656,,1045823616290.85,4.50257523548829,3024.93057589483,4.5725365531752,
LDC,2016,Least developed countries: UN classification,46.8248015740668,151196263294.182,221826393960.824,,5.1027205873741,2.38803922222222,2.27898844444444,2.16342588888889,2.78063797222222,,1754.54161000175,,953366743642.222,3.79797989969202,2896.67735160872,5.34414600997244,
LDC,2015,Least developed countries: UN classification,50.5099680483005,151401605985.448,241735741603.689,,5.42125833054885,,,,,,1511.23216504686,,945963113669.267,2.75018770897304,2765.88867497381,3.40274327737188,
LDC,2014,Least developed countries: UN classification,55.8863531063786,186268185033.601,258166354230.971,,,2.39611481578947,2.28816278947368,2.19811802631579,2.76041765789474,,1476.08187931992,,993293176451.796,5.34524804033678,2702.2962858493,4.40535234185293,
LDC,2013,Least developed countries: UN classification,58.5658416313382,195521821264.259,241594411684.309,,,,,,,,1396.90736374971,,924587754781.973,6.06991554579403,2539.25421035997,5.52412877994266,
LMY,2025,Low & middle income,48.5081450811431,8835319388967.7,8333338377903.17,,,,,,,,,,41478597585191.8,4.53280075988324,16517.6822374018,3.54555214890893,
LMY,2024,Low & middle income,48.857226972032,8297681076547.03,7893706802564.18,,21.9454661756562,,,,,534127883.0,,,39490940514619.9,4.42439890311286,15561.275392703,3.83540271728533,
LMY,2023,Low & middle income,48.5167070458831,7894859368796.38,7604869600287.25,,21.8813392202389,,,,,489807714.0,56027.9290100416,,38155314219988.0,4.65212132351984,14678.6819432627,6.15623852560203,
LMY,2022,Low & middle income,52.0932710272132,8265410149220.97,8001559685176.42,,22.0861335951613,2.64578313253012,2.43012048192771,2.49156626506024,2.93734939759036,474026928.0,48825.2982495169,,37082867531465.4,4.00803776152725,13642.9925221372,8.81109209279587,
LMY,2021,Low & middle income,48.6099949167732,7366956671494.16,7114048424584.98,,22.6110411430865,,,,,462204523.0,48535.673161389,,35394243111591.4,7.37033958733097,12281.3196390022,4.25936417542868,
LMY,2020,Low & middle income,43.4647217872405,5691715384963.14,5410532576064.03,,24.2548153747534,,,,,430052686.25,40577.1568521192,,30018039872473.6,-1.15067064256841,11034.820011849,3.02272119663759,
LMY,2019,Low & middle income,46.2116657620281,5948827086236.85,5935005005366.38,,22.7142518749825,,,,,432853877.21,53225.2302601589,,31024374981412.2,4.09130986730312,11029.3134153796,2.76252019386111,
LMY,2018,Low & middle income,48.0514199619347,6021327006259.9,6095403772370.71,,22.7163266431854,2.56490384615385,2.36105769230769,2.36201923076923,2.95548076923077,418631598.7252,51455.2166689907,,30124203119691.2,4.92164615265142,10467.1783406202,3.24056932930569,
LMY,2017,Low & middle income,45.862490243703,5435179801799.14,5405151130162.96,,22.219655328026,,,,,395194965.7542,47361.4027713666,,28319199325293.0,5.26386453553506,9853.32966712243,3.66699702675925,
LMY,2016,Low & middle income,44.4827294473618,4861628571349.1,4723480931762.78,,21.3423111579883,2.54831003846154,2.37565944230769,2.37585594230769,2.94875941346154,367182137.1672,41617.022244918,,25917599955464.9,4.64827928186369,9380.76664339474,3.10485077431451,
LMY,2015,Low & middle income,46.5943555360391,5133328855632.02,5033784245262.42,,21.600461074974,,,,,355025638.7572,39890.2507082672,,25659752659960.1,4.65256634204385,9043.07606506986,3.1937715520338,
LMY,2014,Low & middle income,50.3147512075439,5788387568892.97,5786504968131.01,,21.0577518320264,2.59824391509434,2.41218794339623,2.41339958490566,2.95656329245283,342854694.622,38356.7447408935,,26519136607008.2,5.13797592071302,8910.8697619141,3.58922016616663,
LMY,2013,Low & middle income,51.8941031224946,5680386901076.06,5806520979468.71,,21.2869090283051,,,,,323964274.992,35609.5717696909,,25380075062402.9,5.61734235164751,8611.34857853396,4.76502404779142,
MEA,2025,"Middle East, North Africa, Afghanistan & Pakistan",57.2254672936052,1791018314836.27,1701861555652.14,,,,,,,,,,5135569539885.64,2.74495660378074,16920.6041192154,2.08420853585036,
MEA,2024,"Middle East, North Africa, Afghanistan & Pakistan",61.0598278907482,1697710811182.66,1553704584006.73,,,,,,,75809537.0,,,5103019931842.71,2.3285702387722,16325.7848019477,2.12615766885021,
MEA,2023,"Middle East, North Africa, Afghanistan & Pakistan",77.2958898928231,1669084513135.07,1393931208528.38,,8.64979869903245,,,,,70748568.0,32219.3708729582,,4902253052059.01,2.29073324961962,15835.6934912997,4.22522603168918,
MEA,2022,"Middle East, North Africa, Afghanistan & Pakistan",78.0406746623736,1821562384478.65,1360170342717.14,,6.86014133738195,2.88823529411765,2.70588235294118,2.87058823529412,3.15294117647059,68545391.0,31778.304163259,,5035779695254.83,6.44954466678931,15209.8028931552,5.17222088647606,
MEA,2021,"Middle East, North Africa, Afghanistan & Pakistan",70.9546601141757,1341571407901.71,1138387439723.19,,7.20363228614641,,,,,65139478.0,34709.8148247478,,4315472921456.39,5.030413314914,13587.0461822659,2.86833027751015,
MEA,2020,"Middle East, North Africa, Afghanistan & Pakistan",67.1468231229496,936035859452.816,911432629423.839,,7.27090363460122,,,,,64802117.0,28403.575353467,,3592277157538.87,-3.55690005451382,12317.4334238378,1.44703656998741,
MEA,2019,"Middle East, North Africa, Afghanistan & Pakistan",71.365230706302,1237563860956.18,1046117673552.46,,4.21707787261526,,,,,64908320.225,32883.0870908816,,4022588786208.41,1.58096878672049,12993.5487745863,1.33601568147656,
MEA,2018,"Middle East, North Africa, Afghanistan & Pakistan",73.0683551775496,1343484169643.85,1003661116988.47,,4.07059509414233,2.72954545454545,2.48727272727273,2.69318181818182,3.12636363636364,64532486.85,33284.8978834197,,4053744446046.43,2.4028056194,12979.5651648011,1.94579304594437,
MEA,2017,"Middle East, North Africa, Afghanistan & Pakistan",70.8332724780908,1083809479157.14,964544100337.286,,3.72344908885812,,,,,64221822.2,31814.2307980903,,3798189271504.22,2.07681939089466,12291.2967053183,2.06932928164424,
MEA,2016,"Middle East, North Africa, Afghanistan & Pakistan",68.0044137925242,954402981241.767,937008249684.569,,3.7840364635464,2.85329133333333,2.57459661904762,2.73241742857143,3.26513061904762,61684143.7,28994.5742213129,,3627179370571.64,4.50367765418986,11766.0537713669,2.5395603776654,
MEA,2015,"Middle East, North Africa, Afghanistan & Pakistan",72.2907785951083,1027976675303.24,1001528724605.2,,4.69319806536124,,,,,60564826.0,26985.1886336531,,3561595503548.09,2.77014189000649,11858.737321371,1.6859921764201,
MEA,2014,"Middle East, North Africa, Afghanistan & Pakistan",76.8005490635889,1446384539153.51,1091498970377.73,,4.9506868476965,2.77704995,2.5985416,2.674783,3.1359668,59316307.3,25675.6471864869,,3958172789906.38,3.06417065422428,12854.9361932143,2.64755321246189,
MEA,2013,"Middle East, North Africa, Afghanistan & Pakistan",78.8425781479977,1564404643963.78,1072125208984.31,,3.17798518064928,,,,,56280950.94,23487.2704729211,,3918727955940.41,2.37318436266814,12968.6273731577,3.25423910998847,
MNA,2025,"Middle East, North Africa, Afghanistan & Pakistan (excluding high income)",56.5007572334311,468213954660.697,582508413013.036,,,,,,,,,,2132889870483.32,1.99549507789871,11613.8367941991,2.69360940778798,
MNA,2024,"Middle East, North Africa, Afghanistan & Pakistan (excluding high income)",56.0097175246672,463051741367.296,541218773687.32,,,,,,,32208832.0,,,2197681462518.61,2.26137020265979,11251.4824664853,4.04611455313434,
MNA,2023,"Middle East, North Africa, Afghanistan & Pakistan (excluding high income)",56.1774153986252,446475032247.543,492030291066.109,,,,,,,,1307.8588522752,,2094194824252.19,2.89591827095839,10901.0467534385,6.09114152504141,
MNA,2022,"Middle East, North Africa, Afghanistan & Pakistan (excluding high income)",57.6424669457763,491784435186.146,510846119068.271,,,2.36666666666667,2.21111111111111,2.16666666666667,2.81111111111111,24551982.0,1136.044609579,,2165681910516.43,4.3206385298363,10392.539527173,8.30646124447623,
MNA,2021,"Middle East, North Africa, Afghanistan & Pakistan (excluding high income)",49.3831362501559,359742998205.999,433323524257.395,,,,,,,,1172.608854059,,1944658742702.15,4.33211957315503,9431.95407996758,5.21404940513043,
MNA,2020,"Middle East, North Africa, Afghanistan & Pakistan (excluding high income)",44.4596178295708,234626825507.435,356624891206.899,,2.82044227426752,,,,,23277269.0,923.859185958,,1672646665964.66,-2.61983985761596,8908.77995047244,2.41513094083414,
MNA,2019,"Middle East, North Africa, Afghanistan & Pakistan (excluding high income)",51.6201392609727,330599261642.475,421088200734.12,,,,,,,23851400.6,1195.64342842434,,1838491544905.83,1.39546116127963,8778.03575397246,2.65388100453608,
MNA,2018,"Middle East, North Africa, Afghanistan & Pakistan (excluding high income)",54.4511655444978,379522415378.001,430866897527.372,,,2.46428571428571,2.22428571428571,2.40071428571429,2.88142857142857,23855289.1,1246.3560374197,,1881940334175.63,2.09831066371866,8758.88619048046,4.36615064471282,
MNA,2017,"Middle East, North Africa, Afghanistan & Pakistan (excluding high income)",48.1154433116357,313761620976.47,394290116023.683,,2.06538199642529,,,,,24013232.7,1309.54472609029,,1882187717766.39,3.40247234432427,8422.84811875949,4.64865184428512,
MNA,2016,"Middle East, North Africa, Afghanistan & Pakistan (excluding high income)",43.2297330579095,265745179177.725,360173012960.239,,2.0159793104579,2.52247761538462,2.22836976923077,2.35508723076923,2.96931576923077,21644970.7,993.65845922487,,1852920687942.14,5.56210361617076,8092.10109141065,3.69725926870481,
MNA,2015,"Middle East, North Africa, Afghanistan & Pakistan (excluding high income)",46.8158395636334,276746617343.989,390198789850.536,,1.97359334856545,,,,,20851923.0,1001.69723165307,,1784466385695.77,1.11561157880718,7983.20274158377,2.04361764300244,
MNA,2014,"Middle East, North Africa, Afghanistan & Pakistan (excluding high income)",51.0175092414005,384933470725.162,460815364425.337,,,2.49005366666667,2.31394308333333,2.31145566666667,2.88019658333333,21725476.3,1082.57872848687,,1923472432973.06,2.39697080828884,8288.28434058384,2.91692692067458,
MNA,2013,"Middle East, North Africa, Afghanistan & Pakistan (excluding high income)",53.5205479974748,414681681913.206,455976369247.401,,,,,,,19952334.94,1182.06469692112,,1933842437518.53,1.12317022582226,8395.01342234919,4.82462314269537,
TMN,2025,"Middle East, North Africa, Afghanistan & Pakistan (IDA & IBRD)",56.3025998438537,464748000000.0,572638000000.0,,,,,,,,,,2115722770483.32,1.9829526200861,11663.1088560566,1.84166666666702,
TMN,2024,"Middle East, North Africa, Afghanistan & Pakistan (IDA & IBRD)",55.8354753976199,459624000000.0,532048000000.0,,,,,,,32208832.0,,,2181664562518.61,2.43947657943453,11299.4554855773,3.32890533415537,
TMN,2023,"Middle East, North Africa, Afghanistan & Pakistan (IDA & IBRD)",55.9898772984083,443170000000.0,483693000000.0,,,,,,,,1307.8588522752,,2075559724252.19,2.92442456913298,10935.8526423683,7.70665764216232,
TMN,2022,"Middle East, North Africa, Afghanistan & Pakistan (IDA & IBRD)",57.410925835179,488144000000.0,502190000000.0,,,2.36666666666667,2.21111111111111,2.16666666666667,2.81111111111111,24551982.0,1136.044609579,,2146516410516.43,4.3223956322189,10423.5410952844,8.78598837999588,
TMN,2021,"Middle East, North Africa, Afghanistan & Pakistan (IDA & IBRD)",49.1614362771883,357080000000.0,425981000000.0,,,,,,,,1172.608854059,,1926549742702.15,4.31282389000222,9459.39324551382,5.46019980671871,
TMN,2020,"Middle East, North Africa, Afghanistan & Pakistan (IDA & IBRD)",44.2460732794613,232890000000.0,350582000000.0,,2.83482966815987,,,,,23277269.0,923.859185958,,1657114965964.66,-2.55101546183431,8930.22848745875,3.73003191530476,
TMN,2019,"Middle East, North Africa, Afghanistan & Pakistan (IDA & IBRD)",51.4556020560939,328152000000.0,413953000000.0,,,,,,,23851400.6,1195.64342842434,,1821358044905.83,1.39572055452479,8794.54554024921,3.00538949390383,
TMN,2018,"Middle East, North Africa, Afghanistan & Pakistan (IDA & IBRD)",54.2906367333293,376713000000.0,423566000000.0,,,2.46428571428571,2.22428571428571,2.40071428571429,2.88142857142857,23855289.1,1246.35603741971,,1865663734175.63,2.1052660162653,8777.18379304779,4.46231108475481,
TMN,2017,"Middle East, North Africa, Afghanistan & Pakistan (IDA & IBRD)",47.9228742230016,311439000000.0,387609000000.0,,2.0783745743808,,,,,24013232.7,1309.54472609029,,1866059717766.39,3.41861623376329,8439.42507416986,4.97595150553833,
TMN,2016,"Middle East, North Africa, Afghanistan & Pakistan (IDA & IBRD)",43.0195526643715,263778000000.0,354070000000.0,,2.02722729872054,2.52247761538462,2.22836976923077,2.35508723076923,2.96931576923077,21644970.7,993.65845922487,,1837515287942.14,5.53604079765444,8106.62351993508,3.7651191635658,
TMN,2015,"Middle East, North Africa, Afghanistan & Pakistan (IDA & IBRD)",46.5888738607617,274698000000.0,383587000000.0,,1.98251361667323,,,,,20851923.0,1001.69723165307,,1770493985695.77,1.09556855918702,7998.90783225537,2.52932817254229,
TMN,2014,"Middle East, North Africa, Afghanistan & Pakistan (IDA & IBRD)",50.8591376770535,382084000000.0,453007000000.0,,,2.49005366666667,2.31394308333333,2.31145566666667,2.88019658333333,21725476.3,1082.57872848687,,1909482732973.06,2.41712951869309,8308.6884422822,3.77123895800744,
TMN,2013,"Middle East, North Africa, Afghanistan & Pakistan (IDA & IBRD)",53.3997897262907,411612000000.0,448250000000.0,,,,,,,19952334.94,1182.06469692112,,1920326937518.54,1.09589599784469,8416.69989829338,5.07042922798113,
MIC,2025,Middle income,48.5199870997703,8729681893577.85,8180543702832.44,,,,,,,,,,40836798203180.8,4.52178755917781,18286.062189255,3.45723998944321,
MIC,2024,Middle income,48.8661070059471,8205896077606.31,7757292916701.66,,22.0223927226762,,,,,533747883.0,,,38887384674053.3,4.43845841319835,17196.0137583471,3.6045220384796,
MIC,2023,Middle income,48.5426145637276,7811053252440.01,7468536921222.96,,22.0540742259649,,,,,489318714.0,51932.557345539,,37598001937865.0,4.70121337251241,16185.7324491801,6.083192685419,
MIC,2022,Middle income,52.1324902381454,8197486034382.65,7873696803673.45,,22.2553119509347,2.70289855072464,2.49130434782609,2.54782608695652,3.00434782608696,473237930.0,45026.6292838069,,36531426959364.9,4.01198144032888,15004.3015492181,8.32008377271927,
MIC,2021,Middle income,48.5808482414615,7298937046765.98,7005663117781.02,,22.763258060863,,,,,461024956.0,44768.23369198,,34913762453380.2,7.4508617815507,13477.1480288886,4.14298201176246,
MIC,2020,Middle income,43.4244387758133,5637624351846.15,5313087869777.69,,24.4247166022239,,,,,428572219.25,37647.1037155956,,29584575558650.2,-1.17178883495949,12079.8107551627,2.65664643301128,
MIC,2019,Middle income,46.1634221530883,5894940059290.85,5830095092419.14,,22.8432130593995,,,,,430597671.37,50730.9695178625,,30585555169458.0,4.09328498445664,12055.2305751237,2.72643037388832,
MIC,2018,Middle income,47.9992304684682,5960154411830.46,5995083773227.47,,22.8757572945635,2.62084337349398,2.41807228915663,2.42939759036144,3.03734939759036,416377460.1852,49309.6824148343,,29703780736503.7,4.94307020212865,11419.0517766851,3.24056932930569,
MIC,2017,Middle income,45.83238971325,5382991934423.57,5311714993355.93,,22.3654584957335,,,,,393336628.7242,45238.9460386488,,27920575307382.3,5.29620389044459,10729.0911624779,3.32817337461305,
MIC,2016,Middle income,44.4639809714772,4819007792651.0,4636215701469.84,,21.4831383207434,2.58993465882353,2.40905298823529,2.43641583529412,2.98020025882353,365591878.4572,40066.0140720039,,25537051889993.7,4.69349170335944,10196.7880995871,2.66824816969082,
MIC,2015,Middle income,46.6285407470635,5088103163302.38,4929263689440.8,,21.7306881351067,,,,,353239154.5272,38589.920303533,,25243424508586.8,4.73712887124695,9820.72395143208,3.12900274473925,
MIC,2014,Middle income,50.3358181754801,5735881590127.84,5670227140454.01,,21.1602791793148,2.66018654117647,2.45417549411765,2.47753165882353,3.01651885882353,341007034.232,37296.5223440236,,26093245096359.9,5.16076456655694,9671.00352305342,3.53436856147324,
MIC,2013,Middle income,51.9151583785186,5626276896428.26,5694904844659.99,,21.3761109630098,,,,,322271801.462,34649.4422776909,,24981032983624.9,5.64337115018114,9343.61753474664,4.34337131279521,
NAC,2025,North America,,2739939000000.0,4085240000000.0,,,,,,,,,,33099237425506.2,2.12972384862783,87503.8500858099,,
NAC,2024,North America,28.4572777615195,2629503000000.0,3932615000000.0,,22.9048957552251,,,,,66101528.0,,,31577283688683.4,2.73606791647842,83936.752895039,2.6655545188319,
NAC,2023,North America,28.5011567254601,2588160000000.0,3740289000000.0,,20.7855540471378,,,,,60721504.0,44799.265384,,30016713196347.4,2.85945132916503,80719.1784418153,3.99766999081457,
NAC,2022,North America,30.3426534884109,2666823000000.0,3959076000000.0,,19.505284183953,3.9,3.85,4.1,3.95,68267335.0,49070.417943,,28262944669046.3,2.68881207167273,76573.2242678601,7.40280048696867,
NAC,2021,North America,28.40765855321,2263770000000.0,3442845000000.0,,19.1869887593758,,,,,68044278.0,49244.645648,1334785.357,25755312987896.8,6.13640923701173,69953.4846892959,4.04652602445635,
NAC,2020,North America,26.4003671798299,1815775000000.0,2828770000000.0,,18.9741145048983,,,,,59357037.0,43099.261011,1273057.9925,23037855330882.0,-2.31236247885967,62835.859730555,0.97529201430706,
NAC,2019,North America,29.6820125642233,2092005000000.0,3031556000000.0,,18.3886618779205,,,,,61240655.0,45607.3057204471,1401598.7645,23291134417156.9,2.53036581365198,63726.4244981566,1.88073954968807,
NAC,2018,North America,30.8037677802852,2116313000000.0,3084428000000.0,,17.9315914511507,3.81,3.69,3.9,4.02,59761861.324,45467.299596,1485381.662,22389072713237.7,2.94789312072024,61572.5551251195,2.3554044847046,
NAC,2017,North America,30.3815241361135,1966956000000.0,2853222000000.0,,18.3925391291283,,,,,56577838.324,44432.5369020232,1432637.5,21268513812514.6,2.50284500298896,58871.9709502921,1.86349706609469,
NAC,2016,North America,29.788965160778,1841021000000.0,2664071000000.0,,20.9801250128256,3.9614395,3.8522785,4.1468125,4.12996,52672486.324,40904.1461365747,1355749.5,20339809161640.9,1.7574135378599,56828.1306348304,1.34517137635811,
NAC,2015,North America,30.9872768987244,1912656000000.0,2746359000000.0,,20.222886473906,,,,,52329947.324,39941.055393067,1480119.0,19858183921200.2,2.76110438770922,55636.5583277606,0.621934248247613,
NAC,2014,North America,32.8641757557362,2096854000000.0,2888828000000.0,,19.3650672787881,3.8866615,3.668273,4.1194545,4.156904,50087043.324,40309.5142519445,1558402.5,19420303676809.0,2.54944716424754,54217.981826617,1.76442944229339,
NAC,2013,North America,32.7126044055607,2037923000000.0,2805849000000.0,,19.257588660692,,,,,48107682.461,39059.8645187503,1463810.0,18733732587414.4,2.13349689819631,52403.725561475,1.20156227672124,
OED,2025,OECD members,,14508424000000.0,15863275000000.0,,,,,,,,,,72543267888365.3,1.77005853071937,64192.5290195702,2.8397963180572,
OED,2024,OECD members,56.884203306257,13651058000000.0,14866566000000.0,,22.3582936779876,,,,,276685362.0,,,68279421598473.9,1.78218444615328,62344.5282358954,2.75237849043039,
OED,2023,OECD members,58.0872109260643,13595177000000.0,14845360000000.0,,20.8188661176172,,,,,260237616.0,121065.612548442,,65416979138062.7,1.78937161232169,60110.0117808511,5.67767862615429,
OED,2022,OECD members,62.7210761175953,13836612000000.0,15796168000000.0,,20.789299373054,3.63421052631579,3.47105263157895,3.68157894736842,3.81315789473684,272540668.0,128944.026682909,,61286449816069.9,3.15854809219758,57187.962137387,8.23803240697186,
OED,2021,OECD members,55.391612459278,12486008000000.0,13605225000000.0,,18.4130655022104,,,,,276808687.0,130953.836787414,11345.601,59666281326989.0,6.09471533648059,51208.8336430486,2.81528975687994,
OED,2020,OECD members,51.2170212483167,10171104000000.0,10981613000000.0,,18.1983325697112,,,,,256566186.0,108805.261396371,11328.849,53331159716240.7,-3.86432916323412,46740.8086032469,0.73285164517586,
OED,2019,OECD members,55.6720668830735,11043739000000.0,11844303000000.0,,17.8986733013728,,,,,264872470.0,120004.13819971,13186.5,54485019277771.0,1.85301586905177,47570.5817937553,1.74071267870181,
OED,2018,OECD members,56.3322811447414,11352571000000.0,12191795000000.0,,17.6301342994664,3.58105263157895,3.39921052631579,3.56342105263158,3.91157894736842,259908757.0,121294.710831925,11776.0,53918014151383.0,2.38931017293615,45552.1691703746,1.93246766472803,
OED,2017,OECD members,54.9880584110509,10448571000000.0,11140177000000.0,,17.8418829752645,,,,,247401531.0,119062.866738259,11653.0,50962966454996.4,2.61204188490709,43837.9941397017,1.82264336059067,
OED,2016,OECD members,53.1067266686986,9560614000000.0,10161449000000.0,,19.6175005259239,3.64776884210526,3.45757744736842,3.61998044736842,3.99802013157895,232620257.0,107845.219367117,11661.0,48791020854023.8,1.85463774155879,42194.5993013631,0.443258157565783,
OED,2015,OECD members,54.1818728245643,9677569000000.0,10330148000000.0,,19.2879655820763,,,,,226938624.0,105433.689590116,10812.0,47849615079402.5,2.53080900311944,40803.1637657329,0.338705695410168,
OED,2014,OECD members,55.225064307929,10920677000000.0,11657597000000.0,,18.6027764153227,3.59425986842105,3.47285686842105,3.59278926315789,3.95875644736842,224216439.0,106118.338925017,11992.0,50718548398932.9,2.23873423415506,39648.7998426481,0.624517311086569,
OED,2013,OECD members,55.1482491389613,10848316000000.0,11510359000000.0,,18.5901889952796,,,,,215028610.0,103103.632199101,11177.0,49637322451829.6,1.62369645988187,38465.3652201016,1.45156526398378,
OSS,2025,Other small states,148.580102427747,68503208337.9501,104183385883.606,,,,,,,,,,228636677706.691,2.88340086402312,30603.52331318,2.8063054227931,
OSS,2024,Other small states,147.565086619662,64711001523.5457,97019104206.5198,,23.6543945438106,,,,,,,,208356256433.884,2.76881258067121,29435.9436697315,2.08742660145219,
OSS,2023,Other small states,152.142105318558,63849436814.4044,95110329560.0213,,20.2143698041542,,,,,,,,196776788550.521,3.20030722043091,28078.9991073003,5.51293808804143,
OSS,2022,Other small states,164.282417815032,70765091135.7341,99415700435.8372,,18.4233480816265,3.025,2.9375,2.8875,3.3625,,,,181929859029.679,4.39868942923867,26366.0682220046,7.46811935414937,
OSS,2021,Other small states,148.020858407982,61989690997.2299,84347433766.5411,,17.1573200741743,,,,,,,,172054189148.087,7.99114438236406,23632.4052569572,2.4284453278932,
OSS,2020,Other small states,132.264679163186,46158714903.0471,63672938667.2451,,18.4938360075631,,,,,,,,146178019948.381,-5.76450168062843,21325.8197228572,0.712593443137932,
OSS,2019,Other small states,136.482720392668,50130506177.2853,72469669039.7775,,19.3461594016192,,,,,5805329.0,485.164528,,158537272264.689,4.24191171511896,22412.7863144945,1.6420600176894,
OSS,2018,Other small states,134.418960043832,52096019529.0859,74969356104.6798,,18.2809019286748,2.78083333333333,2.66166666666667,2.65916666666667,3.2,6286203.06,541.164397143,,158084162753.728,4.36915856791936,20741.7433269318,2.611223782638,
OSS,2017,Other small states,132.246471813015,44562286177.2853,65804899658.8242,,18.5586580772873,,,,,6063476.8,,,143284638053.643,5.06269393757441,19691.3798753284,1.76041559180605,
OSS,2016,Other small states,129.826030756064,39749863351.8006,57837147139.4482,,15.6101082704592,2.73543136363636,2.66120063636364,2.56922818181818,3.189131,5996428.58,,,128159306240.899,4.11324521484462,18493.8882839728,0.642702771527304,
OSS,2015,Other small states,132.386994472753,39773000000.0,53891000000.0,,18.0286603093489,,,,,5788474.67,,,121433689793.067,3.35379601684932,17488.4955632328,0.953206658777607,
OSS,2014,Other small states,132.53604384433,49497002714.6814,62363578776.1059,,17.0032298056365,2.77805881818182,2.73939390909091,2.69086281818182,2.93289936363636,5652568.38,,,135415534454.347,2.10170241796435,17531.7045830042,1.34186494340162,
OSS,2013,Other small states,133.898210170303,49993889778.3934,58924383477.6264,,17.5084211276994,,,,,5341699.51,,,130969031866.96,0.795058059250948,17088.6545364404,2.78056658954988,
PSS,2025,Pacific island small states,,2153298324.18301,6451000000.0,,,,,,,,,,13005809518.6945,3.31927523064815,8735.40490937936,1.43420860934971,
PSS,2024,Pacific island small states,107.346037482762,2079288070.58824,6043000000.0,,10.3600095462616,,,,,,,,12328647285.5226,3.66740238652645,8326.23496459608,2.45545072159028,
PSS,2023,Pacific island small states,109.830148087361,1846255785.62091,6047000000.0,,2.63199120143856,,,,,,199.19901574,,11293798175.2794,7.23510889764707,7936.59949609073,7.92164684826777,
PSS,2022,Pacific island small states,100.616717744541,1768244977.77778,5493000000.0,,2.13804180824002,2.55,2.35,2.4,2.75,,134.04406054,,10469882963.8981,8.33511772575022,7180.81206636261,6.37906506708423,
PSS,2021,Pacific island small states,79.8740108393576,1532212277.12418,4392000000.0,,1.85208936506718,,,,,,,,9575143114.30798,-2.62004384629151,6133.27337662878,2.47788271992717,
PSS,2020,Pacific island small states,77.822496086836,1500207843.13725,3688000000.0,,,,,,,,,,9428309122.8276,-10.2465615365926,6252.22494912732,0.386388224517504,
PSS,2019,Pacific island small states,102.576795339028,1745241790.84967,5055000000.0,,5.17036291294267,,,,,605131.14,112.932789735584,,10750020320.3809,1.1632387186459,7165.90094273522,1.40719939417024,
PSS,2018,Pacific island small states,98.125759164639,1839254815.68627,4947000000.0,,4.89861459645863,2.46,2.59,2.305,2.83,891804.814,122.814762754,,10918390849.5149,2.72310809047187,7139.03071502657,2.89621932270298,
PSS,2017,Pacific island small states,94.5921922530943,1688233892.81046,4605000000.0,,3.87997810367245,,,,,885807.372,116.167316581,,10408975105.1516,3.88507048124241,7000.92315451758,1.58394248575812,
PSS,2016,Pacific island small states,95.963446575804,1611223223.52941,4419000000.0,,5.09687592718522,2.3667535,2.4659215,2.226438,2.6838125,817138.749,101.497829095,,9660620527.27464,3.74906305678715,6692.51509338411,1.07339388853343,
PSS,2015,Pacific island small states,99.3961792263783,1530212000.0,4157000000.0,,4.18143918610907,,,,,787938.723,96.8426294220511,,9199527864.78686,3.97583679136102,6544.93295835299,0.648242939254492,
PSS,2014,Pacific island small states,105.458447205918,2095290287.5817,5374000000.0,,3.43271185495949,2.5662655,2.4463385,2.466692,2.966692,877275.811,91.027332,,9395064505.28979,3.57900775268514,6149.29075354571,1.45142452367373,
PSS,2013,Pacific island small states,114.122728521592,1846645130.44465,4968395817.49049,,,,,,,853454.873,81.61638,,8650287218.9751,3.24964380089334,5510.99169054014,1.60563054554341,
PST,2025,Post-demographic dividend,,13941036000000.0,15398616000000.0,,,,,,,,,,67379697065259.9,1.6533096131564,70762.8697352539,2.37284807226549,
PST,2024,Post-demographic dividend,58.8537356684392,13078341000000.0,14338806000000.0,,25.6959639034948,,,,,292860991.0,,,63619224251453.8,1.77944527022298,68602.7221788617,2.44091572720697,
PST,2023,Post-demographic dividend,59.8589012445174,12982245000000.0,14231655000000.0,,24.0195580249936,,,,,278058393.0,122851.784059429,,61116976921687.7,1.79595440239152,66141.2204578245,5.06713865364213,
PST,2022,Post-demographic dividend,64.0136764662262,13323434000000.0,15179648000000.0,,24.2417334879861,3.60555555555556,3.44166666666667,3.66388888888889,3.75833333333333,291175131.0,119129.154920739,,57655583144884.1,2.86042677787768,62753.8932833714,7.87737003690613,
PST,2021,Post-demographic dividend,56.99335205027,12185504000000.0,13286457000000.0,,22.53715011326,,,,,297555849.0,129344.808273959,11684.8005,56312999693620.9,5.82057405938134,56629.4428654399,2.50835221473776,
PST,2020,Post-demographic dividend,52.5392087365205,9890195000000.0,10779609000000.0,,22.2135840181582,,,,,279853843.0,108164.319341828,13403.410352995,50460094948336.7,-4.03866257492757,51537.373786735,0.632267331911716,
PST,2019,Post-demographic dividend,57.1581640584494,10733955000000.0,11595277000000.0,,21.4960243399052,,,,,288293611.0,126077.985092777,13922.84,51425400491830.9,1.82164159324701,52370.2542762053,1.61963190184048,
PST,2018,Post-demographic dividend,58.1259195879656,11102325000000.0,11949521000000.0,,21.2836528465565,3.58171428571429,3.41114285714286,3.56285714285714,3.91914285714286,285463593.0,129850.796391201,11776.0,50874931441807.4,2.28758807836371,49962.2979159075,1.7386086198818,
PST,2017,Post-demographic dividend,56.8542093440197,10265228000000.0,10920722000000.0,,21.2969221191825,,,,,273378267.0,126972.718363343,11653.0,48003116664049.3,2.47944817538426,47917.2002572694,1.73079959118896,
PST,2016,Post-demographic dividend,54.8892265401051,9392311000000.0,9970066000000.0,,20.6970805666526,3.61836208571429,3.43543502857143,3.61846174285714,3.95654448571429,257873035.0,118019.946258475,12447.0,46016102013930.7,1.80639608099386,46063.9050098288,0.607397074641719,
PST,2015,Post-demographic dividend,56.5047321015269,9525538000000.0,10148122000000.0,,20.4688473016377,,,,,253640811.0,115714.647861948,12431.0,44970537111944.2,2.25737860257307,44546.0963862777,0.36804684232536,
PST,2014,Post-demographic dividend,58.1583291449941,10772497000000.0,11515675000000.0,,19.8188585701074,3.572267,3.45420388571428,3.5924036,3.92843977142857,256329499.0,115940.754576008,12313.0,47527207893966.3,2.08004088630904,43411.3900505967,0.906794000434246,
PST,2013,Post-demographic dividend,58.3350337514479,10756233000000.0,11442486000000.0,,19.9568682009575,,,,,247054097.0,112078.809874974,11812.0,46537786135637.6,1.52350189398453,42229.5192425336,1.40858109183009,
PRE,2025,Pre-demographic dividend,,383707353798.201,373793748669.417,,,,,,,,,,1665770125125.75,3.57431469085844,5479.27016520918,3.27823540357584,
PRE,2024,Pre-demographic dividend,,363918709317.799,349801883027.349,,,,,,,,,,1516630881743.9,3.328621675752,5273.74958372838,4.19081721344523,
PRE,2023,Pre-demographic dividend,,353207858021.667,338227670452.806,,,,,,,,577.9198282583,,1679661211478.96,2.44455093685518,5104.66442026997,7.10220928557059,
PRE,2022,Pre-demographic dividend,,378999121641.851,330626665057.709,,,2.39,2.175,2.205,2.605,,772.326059308568,,1857970259244.7,4.63522422118558,4928.85608108048,8.77567482988523,
PRE,2021,Pre-demographic dividend,,293805746062.289,267813442534.446,,,,,,,,482.446571564,,1632692476237.58,2.29076410791771,4513.80668611347,4.22278962033194,
PRE,2020,Pre-demographic dividend,,214270288741.052,232431113853.806,,,,,,,,262.651820674164,,1493808964934.18,-4.15455315541389,4218.05030973207,3.39862928518853,
PRE,2019,Pre-demographic dividend,,284955073575.422,277013519084.629,,,,,,,12317569.57,544.967396425727,,1634623930442.19,3.16086400453494,4352.82966303927,2.56908784664759,
PRE,2018,Pre-demographic dividend,,308411593308.76,255147851957.488,,,2.38818181818182,2.17878787878788,2.13181818181818,2.71212121212121,11324554.64,556.952250287786,,1372992333739.42,2.65801624793845,4176.86774565947,2.80203783510174,
PRE,2017,Pre-demographic dividend,,239013324847.445,220486877222.143,,,,,,,10464432.93,527.298246221766,,1234012453109.89,1.65401035196942,3989.14375352913,4.5783374121255,
PRE,2016,Pre-demographic dividend,,187501562320.329,216136734813.617,,,2.40239665625,2.2751925625,2.19516884375,2.786553375,8731319.1,472.696685288613,,1179646343672.88,2.48790883634129,3896.2312231132,4.38389195513915,
PRE,2015,Pre-demographic dividend,,225713413473.307,263134205197.063,,,,,,,9538612.12,475.149712061945,,1327649722440.53,3.04225473776046,3913.25090988398,3.25472688117631,
PRE,2014,Pre-demographic dividend,,360003201796.706,310499733526.525,,,2.39432245454545,2.24485775757576,2.19391145454545,2.7774343030303,9554312.53,561.04178350106,,1564268518633.72,5.17291765109749,4093.62823738977,3.53436856147324,
PRE,2013,Pre-demographic dividend,,360912839325.144,307946520596.904,,,,,,,8769054.5,635.006192170329,,1476570945874.25,6.11185150793546,3973.57917729424,4.63161619729461,
SST,2025,Small states,,100882264470.442,141378070966.373,,,,,,,,,,337311651764.509,4.39108110908893,30378.738821689,2.25357866335894,
SST,2024,Small states,139.812410499294,98253267890.0119,130992357059.51,,22.1775597559594,,,,,,,,311165525991.05,6.06796967493719,28670.4071711442,2.34358922540366,
SST,2023,Small states,143.741785064328,90998135399.2434,129371706269.227,,18.8923531897034,,,,,,,,287664662032.448,5.02859646200615,26458.0570471367,5.06713865364213,
SST,2022,Small states,153.293868856844,101822031853.199,126446197093.455,,17.262037225276,2.82,2.68,2.69333333333333,3.16,,,,270875639826.53,7.42838535135735,24383.6349520917,6.27689319447544,
SST,2021,Small states,137.26856660282,79754069910.677,108390792404.795,,16.3039052166026,,,,,,,,244321758053.768,7.29421049896773,21262.5948218682,2.41070312174393,
SST,2020,Small states,122.619796574394,58686815897.9165,82282160284.2898,,17.7368117259021,,,,,,,,208945862118.581,-6.9752973416568,19051.8795832025,0.598986330824643,
SST,2019,Small states,129.340648955305,63972606501.2704,97955051978.36,,17.7382378596599,,,,,8820054.39,677.890982258167,,231472341497.406,3.11127439080343,20323.7922400186,1.30544966502392,
SST,2018,Small states,127.48258048696,69294747606.3463,100069714649.411,,16.7559628023524,2.68235294117647,2.63352941176471,2.55294117647059,3.05823529411765,9241799.374,738.712662106966,,230253786373.11,3.38174135854818,19049.4199396395,2.13062774274025,
SST,2017,Small states,125.094362889319,59873552865.9025,88327031399.1726,,17.2103719384656,,,,,8713678.172,,,213547946193.144,3.2130480541305,18258.768305634,1.74989677484705,
SST,2016,Small states,123.059966417898,53342223012.3652,80779280258.831,,14.2554853212453,2.6649140625,2.60212,2.500577,3.0802910625,8916284.329,,,195897524567.684,1.764520691762,17272.5709423263,0.644075340346552,
SST,2015,Small states,125.683403607042,56722819672.5199,78816781584.8096,,16.0863146957782,,,,,8973863.393,,,193179840479.883,2.25069098311559,16774.1299419601,0.552796026277853,
SST,2014,Small states,127.011472136925,71655391953.4752,91636077224.992,,15.4099269005545,2.7374184,2.699022,2.6445872,2.94215733333333,8977308.191,,,208949943932.74,2.33382759269183,16893.6577903224,1.20139964481058,
SST,2013,Small states,128.77490331214,77042380151.5298,89068889547.353,,15.9929317259662,,,,,8606801.383,601.01694062,,201677128538.424,1.16517400770937,16461.5609359913,1.75232737350762,
SAS,2025,South Asia,44.6187059771453,510581000000.0,864531000000.0,,,,,,,,,,4578021773987.28,7.12381420637792,11562.1850810909,3.10423966443212,
SAS,2024,South Asia,44.3926979482562,505350000000.0,822407000000.0,,18.0603332993274,,,,,35034508.0,,,4364256137661.4,6.75761201913679,10594.5335959681,3.72320611944934,
SAS,2023,South Asia,45.1297122216899,489914000000.0,774430000000.0,,14.5382086501992,,,,,32373732.0,2231.224667084,,4073084906363.46,6.7848640413625,9771.04591690011,6.38250790219375,
SAS,2022,South Asia,49.3870182903706,520347000000.0,845728000000.0,,12.3449225173683,2.825,2.625,2.525,3.125,29777404.0,2777.366704712,,3834471492016.05,7.10115392414392,8899.31392332671,7.18461996730069,
SAS,2021,South Asia,44.0145414114752,454901000000.0,693863000000.0,,9.94475395872662,,,,,30083501.0,1423.5538067,,3717045071947.61,9.24659959756499,7815.21278442871,5.33853088974918,
SAS,2020,South Asia,36.9884537737575,321855000000.0,454654000000.0,,10.7017864742681,,,,,27344771.0,1235.872594056,,3172770463540.28,-4.98750173652559,6796.23874125937,5.6602199868936,
SAS,2019,South Asia,39.8164418526697,377620000000.0,581299000000.0,,9.84298512358337,,,,,27971268.2,2507.109704625,,3318484576408.75,4.09454306534288,6910.69627919166,3.62894965885467,
SAS,2018,South Asia,43.1541039748074,377651000000.0,613912000000.0,,8.39822041157965,2.61833333333333,2.445,2.435,3.02,27025800.5,3200.31542183,,3159841615195.03,6.39366632555758,6482.04601810231,3.33139516437678,
SAS,2017,South Asia,40.3089858984264,348085000000.0,537475000000.0,,6.60446743502232,,,,,24316833.0,2880.1647065743,,3075955433025.62,6.78411966009934,5925.07961165666,4.14162852223217,
SAS,2016,South Asia,39.793803445458,311223000000.0,437666000000.0,,6.79710349179522,2.6590482,2.4543882,2.5214648,3.0291098,21927807.0,2363.36322651475,327767.0,2679313169084.49,7.96912333644603,5584.92915657948,4.45355240327602,
SAS,2015,South Asia,42.3320491860179,312387000000.0,464722000000.0,,7.1733229367,,,,,19653732.0,2283.44233275463,694.0,2414503392327.99,7.68973935190233,5218.51028720282,4.72755869604727,
SAS,2014,South Asia,48.7343658963128,366170000000.0,533961000000.0,,9.17965208180513,2.660716,2.45449283333333,2.3715835,2.94357066666667,18425859.0,2449.29629814,333243.5,2323062261802.12,7.24547986703887,4988.74207154808,6.82864780544374,
SAS,2013,South Asia,53.1281840147581,355924000000.0,529698000000.0,,8.33948846850876,,,,,16542111.0,2350.46378,525.0,2111097580244.47,6.23326513053635,4798.77253358533,8.15339493090692,
TSA,2025,South Asia (IDA & IBRD),44.6187059771453,510581000000.0,864531000000.0,,,,,,,,,,4578021773987.28,7.12381420637792,11562.1850810909,3.10423966443212,
TSA,2024,South Asia (IDA & IBRD),44.3926979482562,505350000000.0,822407000000.0,,18.0603332993274,,,,,35034508.0,,,4364256137661.4,6.75761201913679,10594.5335959681,3.72320611944934,
TSA,2023,South Asia (IDA & IBRD),45.1297122216899,489914000000.0,774430000000.0,,14.5382086501992,,,,,32373732.0,2231.224667084,,4073084906363.46,6.7848640413625,9771.04591690011,6.38250790219375,
TSA,2022,South Asia (IDA & IBRD),49.3870182903706,520347000000.0,845728000000.0,,12.3449225173683,2.825,2.625,2.525,3.125,29777404.0,2777.366704712,,3834471492016.05,7.10115392414392,8899.31392332671,7.18461996730069,
TSA,2021,South Asia (IDA & IBRD),44.0145414114752,454901000000.0,693863000000.0,,9.94475395872662,,,,,30083501.0,1423.5538067,,3717045071947.61,9.24659959756499,7815.21278442871,5.33853088974918,
TSA,2020,South Asia (IDA & IBRD),36.9884537737575,321855000000.0,454654000000.0,,10.7017864742681,,,,,27344771.0,1235.872594056,,3172770463540.28,-4.98750173652559,6796.23874125937,5.6602199868936,
TSA,2019,South Asia (IDA & IBRD),39.8164418526697,377620000000.0,581299000000.0,,9.84298512358337,,,,,27971268.2,2507.109704625,,3318484576408.75,4.09454306534288,6910.69627919166,3.62894965885467,
TSA,2018,South Asia (IDA & IBRD),43.1541039748074,377651000000.0,613912000000.0,,8.39822041157965,2.61833333333333,2.445,2.435,3.02,27025800.5,3200.31542183,,3159841615195.03,6.39366632555758,6482.04601810231,3.33139516437678,
TSA,2017,South Asia (IDA & IBRD),40.3089858984264,348085000000.0,537475000000.0,,6.60446743502232,,,,,24316833.0,2880.1647065743,,3075955433025.62,6.78411966009934,5925.07961165666,4.14162852223217,
TSA,2016,South Asia (IDA & IBRD),39.793803445458,311223000000.0,437666000000.0,,6.79710349179522,2.6590482,2.4543882,2.5214648,3.0291098,21927807.0,2363.36322651475,327767.0,2679313169084.49,7.96912333644603,5584.92915657948,4.45355240327602,
TSA,2015,South Asia (IDA & IBRD),42.3320491860179,312387000000.0,464722000000.0,,7.1733229367,,,,,19653732.0,2283.44233275463,694.0,2414503392327.99,7.68973935190233,5218.51028720282,4.72755869604727,
TSA,2014,South Asia (IDA & IBRD),48.7343658963128,366170000000.0,533961000000.0,,9.17965208180513,2.660716,2.45449283333333,2.3715835,2.94357066666667,18425859.0,2449.29629814,333243.5,2323062261802.12,7.24547986703887,4988.74207154808,6.82864780544374,
TSA,2013,South Asia (IDA & IBRD),53.1281840147581,355924000000.0,529698000000.0,,8.33948846850876,,,,,16542111.0,2350.46378,525.0,2111097580244.47,6.23326513053635,4798.77253358533,8.15339493090692,
SSF,2025,Sub-Saharan Africa,,486797890518.341,501155229910.99,,,,,,,,,,2211221046102.8,4.13928145259649,5785.99485616741,3.40373458279055,
SSF,2024,Sub-Saharan Africa,55.6767656030774,437619594123.253,465196239946.715,,5.99721188493197,,,,,,,,1989931102034.87,3.6161279249573,5525.75233957231,4.30009584697999,
SSF,2023,Sub-Saharan Africa,57.2937339567699,423323764452.812,475586576757.946,,4.98071111879055,,,,,,4828.6436714664,,2117602210170.5,2.71446691675897,5321.71824656475,6.69759990789845,
SSF,2022,Sub-Saharan Africa,58.9994035836065,442952930185.365,486976833048.019,,5.65495103794118,2.53461538461538,2.31538461538462,2.38846153846154,2.75,,4828.33637820857,,2290209566620.26,4.03371066956886,5116.63828770479,9.45801281304023,
SSF,2021,Sub-Saharan Africa,55.7521813274626,394505282765.29,405916159068.196,,4.77013649949947,,,,,,4294.639025182,,2139729978109.87,3.58194129290288,4702.40563604418,4.43905481215002,
SSF,2020,Sub-Saharan Africa,51.0745605520284,296109548065.738,320112637329.655,,5.44674251211467,,,,,,3317.40936916516,,1902234301367.38,-3.29212615874913,4403.53684898304,3.39862928518853,
SSF,2019,Sub-Saharan Africa,55.5340525464606,340922016107.385,384053676640.135,,6.47952703878281,,,,,18008297.23,3764.72627847081,,2045881962739.73,2.54913933046186,4490.30405465511,2.867588034469,
SSF,2018,Sub-Saharan Africa,56.5842311852533,366459427068.637,383280042176.657,,6.39112856173008,2.44974358974359,2.26538461538462,2.20282051282051,2.7725641025641,17496796.6,3566.45028380677,,1799777413644.27,2.79433082130898,4322.1640935143,3.91133439990729,
SSF,2017,Sub-Saharan Africa,54.178721135165,313775155300.367,340001783419.34,,5.59661200271894,,,,,16138326.83,3648.45307519279,,1673446999208.25,2.5074548530006,4328.54321994519,5.18618655524149,
SSF,2016,Sub-Saharan Africa,55.085361908726,266389160154.686,332857988458.143,,5.55682447683809,2.47001585,2.357133725,2.290027075,2.837763875,14757846.29,2910.25081981981,,1532640901655.94,1.31700355850863,4182.68569754759,5.30264297710325,
SSF,2015,Sub-Saharan Africa,57.32544429518,298993629085.313,381662351386.964,,6.05056632051188,,,,,15892693.9,2782.25324935773,,1687942836834.48,2.93344601140815,4160.91431522566,3.47238752883652,
SSF,2014,Sub-Saharan Africa,60.7765795646876,421477199427.822,441577272202.203,,5.61850665457081,2.46120590476191,2.27658235714286,2.26966426190476,2.8367525,15885219.77,2793.43146386921,,1902822047308.01,4.72713989905584,4169.294742664,4.4038027171436,
SSF,2013,Sub-Saharan Africa,62.3322006918368,418806884144.873,434528043742.394,,5.19465314804802,,,,,15333379.04,2708.03517417033,,1825391175423.92,5.27451055861322,3982.34394141301,4.88516387595471,
SSA,2025,Sub-Saharan Africa (excluding high income),,486248205763.315,499633897438.822,,,,,,,,,,2208834023249.31,4.13764837892776,5783.20341637366,3.45723998944321,
SSA,2024,Sub-Saharan Africa (excluding high income),55.5427006162854,437062649572.813,463748900188.151,,6.0324365194789,,,,,,,,1987702493350.57,3.61639391196729,5523.13654766133,4.36115246518962,
SSA,2023,Sub-Saharan Africa (excluding high income),57.1531452365655,422782810091.138,474134287178.947,,5.00364696188968,,,,,,4827.4658114664,,2115430662235.11,2.71209038880693,5319.19071695846,7.05298238454736,
SSA,2022,Sub-Saharan Africa (excluding high income),58.8521146696301,442416083913.216,485611869865.83,,5.57258308905764,2.53461538461538,2.31538461538462,2.38846153846154,2.75,,4826.63357820857,,2288209678021.0,4.02837470360804,5114.2870977928,9.52526628622843,
SSA,2021,Sub-Saharan Africa (excluding high income),55.6113533048507,394041471657.294,404782367813.754,,4.77467234685162,,,,,,4293.841265182,,2138242804315.06,3.58478965187514,4700.31298645118,4.25936417542868,
SSA,2020,Sub-Saharan Africa (excluding high income),50.961904883829,295677384780.675,319107689078.671,,5.45444298041925,,,,,,3316.65180916516,,1900851749615.81,-3.28342298905326,4401.29051079121,3.48393567493204,
SSA,2019,Sub-Saharan Africa (excluding high income),55.4043844435003,340403752974.474,382885765849.898,,6.4997586058957,,,,,17853873.83,3762.31858847081,,2044013272643.0,2.54617045203717,4487.75384887465,3.10773229242274,
SSA,2018,Sub-Saharan Africa (excluding high income),56.4421879581311,365890041279.858,382007490575.487,,6.3965159934941,2.44974358974359,2.26538461538462,2.20282051282051,2.7725641025641,17390758.4,3558.65728380677,,1797993099717.5,2.7922269325805,4319.74082132637,4.09297819300637,
SSA,2017,Sub-Saharan Africa (excluding high income),54.0211228466299,313227320277.849,338697352473.092,,5.46466076912813,,,,,16033754.13,3619.10807519279,,1671771628567.24,2.50327515080239,4326.20517226218,5.19795180719179,
SSA,2016,Sub-Saharan Africa (excluding high income),54.9463073627742,265928488307.469,331817026468.858,,5.56600785298753,2.47001585,2.357133725,2.290027075,2.837763875,14625631.69,2890.12781981981,,1531072388307.79,1.30783035327565,4180.46925435658,5.43051966119156,
SSA,2015,Sub-Saharan Africa (excluding high income),57.181559971836,298578729927.515,380671465873.978,,6.04118307986154,,,,,15764890.8,2763.01825735773,,1686510433482.35,2.92864568387523,4158.97555168855,3.39401538410559,
SSA,2014,Sub-Saharan Africa (excluding high income),60.6079000465894,420937721401.964,440433420199.101,,5.61613672473217,2.46120590476191,2.27658235714286,2.26966426190476,2.8367525,15734522.97,2761.12046786921,,1901434469437.93,4.72767581662336,4167.38905433612,4.40535234185293,
SSA,2013,Sub-Saharan Africa (excluding high income),62.1838544865555,418229053242.732,433446453668.994,,5.17344154494633,,,,,15198040.94,2681.78918217033,,1824058015016.54,5.27788752698235,3980.63024861462,4.90520875694557,
TSS,2025,Sub-Saharan Africa (IDA & IBRD countries),,486797890518.341,501155229910.99,,,,,,,,,,2211221046102.8,4.13928145259648,5785.99485616742,3.40373458279055,
TSS,2024,Sub-Saharan Africa (IDA & IBRD countries),55.6767656030774,437619594123.253,465196239946.715,,5.99721188493197,,,,,,,,1989931102034.87,3.61612792495724,5525.75233957231,4.30009584697999,
TSS,2023,Sub-Saharan Africa (IDA & IBRD countries),57.2937339567699,423323764452.812,475586576757.946,,4.98071111879055,,,,,,4828.6436714664,,2117602210170.5,2.71446691675898,5321.71824656475,6.69759990789845,
TSS,2022,Sub-Saharan Africa (IDA & IBRD countries),58.9994035836065,442952930185.365,486976833048.019,,5.65495103794118,2.53461538461538,2.31538461538462,2.38846153846154,2.75,,4828.33637820857,,2290209566620.26,4.03371066956888,5116.63828770479,9.45801281304023,
TSS,2021,Sub-Saharan Africa (IDA & IBRD countries),55.7521813274626,394505282765.29,405916159068.196,,4.77013649949947,,,,,,4294.639025182,,2139729978109.87,3.58194129290288,4702.40563604418,4.43905481215002,
TSS,2020,Sub-Saharan Africa (IDA & IBRD countries),51.0745605520284,296109548065.738,320112637329.655,,5.44674251211467,,,,,,3317.40936916516,,1902234301367.38,-3.29212615874916,4403.53684898304,3.39862928518853,
TSS,2019,Sub-Saharan Africa (IDA & IBRD countries),55.5340525464606,340922016107.385,384053676640.135,,6.4795270387828,,,,,18008297.23,3764.72627847081,,2045881962739.73,2.5491393304619,4490.30405465511,2.867588034469,
TSS,2018,Sub-Saharan Africa (IDA & IBRD countries),56.5842311852533,366459427068.637,383280042176.657,,6.39112856173008,2.44974358974359,2.26538461538462,2.20282051282051,2.7725641025641,17496796.6,3566.45028380677,,1799777413644.27,2.7943308213089,4322.1640935143,3.91133439990729,
TSS,2017,Sub-Saharan Africa (IDA & IBRD countries),54.178721135165,313775155300.367,340001783419.34,,5.59661200271894,,,,,16138326.83,3648.45307519279,,1673446999208.25,2.50745485300064,4328.54321994519,5.18618655524149,
TSS,2016,Sub-Saharan Africa (IDA & IBRD countries),55.085361908726,266389160154.686,332857988458.143,,5.55682447683809,2.47001585,2.357133725,2.290027075,2.837763875,14757846.29,2910.25081981981,,1532640901655.94,1.31700355850862,4182.68569754759,5.30264297710325,
TSS,2015,Sub-Saharan Africa (IDA & IBRD countries),57.32544429518,298993629085.313,381662351386.964,,6.05056632051188,,,,,15892693.9,2782.25324935773,,1687942836834.48,2.93344601140815,4160.91431522566,3.47238752883652,
TSS,2014,Sub-Saharan Africa (IDA & IBRD countries),60.7765795646876,421477199427.822,441577272202.203,,5.61850665457081,2.46120590476191,2.27658235714286,2.26966426190476,2.8367525,15885219.77,2793.4314638692,,1902822047308.01,4.72713989905583,4169.294742664,4.4038027171436,
TSS,2013,Sub-Saharan Africa (IDA & IBRD countries),62.3322006918368,418806884144.873,434528043742.394,,5.19465314804802,,,,,15333379.04,2708.03517417033,,1825391175423.92,5.27451055861317,3982.34394141301,4.88516387595471,
WLD,2025,World,68.4920790757033,26386782360229.6,26694236727714.7,,,,,,,,,,118350166039396.0,2.92127318539153,25703.7416091769,3.0414132155654,
WLD,2024,World,56.7228465365692,24622126055009.9,24913694736586.3,147.6,24.7171414918448,,,,,913279048.0,,,111669432109121.0,2.90001340156714,24544.4750035019,3.01447576977999,
WLD,2023,World,58.0658951471515,24020257385719.3,24377917596282.0,144.2,22.9709762694695,,,,,853611611.0,213781.672499153,,107348614073350.0,2.85938493335973,23381.6927256577,5.79944107391962,
WLD,2022,World,62.1470721214396,25037933627192.0,25757106247227.4,150.3,22.9132724356618,3.0,2.8,2.92158273381295,3.24244604316547,850416540.0,202493.42146133,,102862471365575.0,3.44001097265647,22005.9139557162,8.08169507021982,
WLD,2021,World,56.498994335193,22400021018447.9,22646300693349.0,134.5,21.5461137848745,,,,,844570038.0,219227.32846961,,98780038374127.0,6.48508887596752,19865.9266203614,3.47540320289875,
WLD,2020,World,51.8676146705359,17734593054238.5,17932309754404.6,106.5,21.8427264551879,,,,,791062136.625,182526.184876548,,86388502867289.2,-2.88621185457086,17910.1867404411,1.90509722047501,
WLD,2019,World,55.8007220789098,19101899445690.9,19386547613568.7,114.7,20.7366379066473,,,,,803124175.651,219524.447845005,,88796498078977.7,2.680308747553,18132.2535880815,2.20607305781525,
WLD,2018,World,56.989700265917,19643736517947.3,19873852702407.7,118.0,20.5150391469208,2.86625,2.673,2.72275,3.2364375,784294634.3772,222156.700779335,,87310840056717.8,3.28663086462807,17293.9495577393,2.44258329692817,
WLD,2017,World,55.4551756398449,17825250671274.5,18026092763085.8,107.1,20.5593657967249,,,,,746691932.4302,213628.647172062,,82110104984460.0,3.44658623167955,16429.0103801342,2.22314331448899,
WLD,2016,World,53.7908953963337,16128622859301.6,16257038042766.5,96.9,20.0970161366908,2.88372565625,2.705333025,2.754722325,3.26868570625,700903754.3662,195588.275094034,,77084966373474.0,2.78974074234593,15735.7039704622,1.59691227583204,
WLD,2015,World,55.6181865121386,16646105654420.3,16781397236356.2,100.0,19.952545606551,,,,,684527381.9602,188363.416312345,,75839351828606.2,3.12721325699906,15282.0825133037,1.43702380935655,
WLD,2014,World,58.0267788162164,19104312260943.4,19134763983129.7,114.8,19.0676364063462,2.8942791625,2.72586955,2.766284775,3.25307479375,675126025.766,185517.109461419,,80243543597078.9,3.16849193058366,15115.2509558725,2.39371597209796,
WLD,2013,World,58.6308037331573,19055464803010.8,19045659618752.6,114.4,18.9880529036619,,,,,643970054.627,176421.557813547,,78171001460419.0,2.88974765617324,14712.1789510363,2.65167342916577,
AFG,2025,Afghanistan,,926000000.0,3606000000.0,,,,,,,,,,,,,,
AFG,2024,Afghanistan,83.763025087768,919000000.0,3477000000.0,99.1,,,,,,,,,17778508875.7396,1.87319280045979,2236.19907311431,-6.60118564073726,
AFG,2023,Afghanistan,66.9995780621951,896000000.0,3768000000.0,82.2,,,,,,,0.794172,,17152234636.8715,2.26694373649188,2203.53761869487,-4.64470870797775,
AFG,2022,Afghanistan,72.8854696086536,615000000.0,4232000000.0,78.2,,1.9,2.1,1.7,2.3,,2.444208,,14497243872.1337,-6.24017199240269,2122.65936199211,13.7121023720065,
AFG,2021,Afghanistan,51.4117163747271,770000000.0,5160000000.0,139.8,,,,,,,12.020124731,,14259995441.0759,-20.7388393676343,2144.16657002819,5.13320340824963,
AFG,2020,Afghanistan,46.7098945514103,777000000.0,6538000000.0,144.2,,,,,,,19.878902393,,19955929052.1496,-2.35110067203466,2561.98176058622,5.60188791482224,76.8135364354897
AFG,2019,Afghanistan,,864000000.0,6777000000.0,160.8,0.0,,,,,,20.0142059549175,,18799444490.1128,3.91160341625552,2583.48533239877,2.30237251516834,77.7379491783367
AFG,2018,Afghanistan,,875000000.0,7407000000.0,161.8,0.0,1.95,1.73,1.81,2.38,,29.5593487980126,,18053222687.4126,1.18922812944517,2432.27670083336,0.626149149168847,72.083247177304
AFG,2017,Afghanistan,,723000000.0,7065000000.0,133.9,,,,,,,21.462556513,,18753456497.8159,2.6470032027451,2335.79586234454,4.97595150553833,68.0269040822312
AFG,2016,Afghanistan,,596000000.0,6534000000.0,105.6,,2.141282,2.011147,1.835473,2.611203,,29.010880897,,18116572395.0772,2.26031420279821,2213.1814410479,4.38389195513915,67.8660857692308
AFG,2015,Afghanistan,,571000000.0,7723000000.0,100.0,,,,,,,33.102038592,,19134221644.7325,1.45131466066431,2284.07584789349,-0.661709164713742,61.1434615416667
AFG,2014,Afghanistan,,570000000.0,7729000000.0,85.5,,2.069573,2.163453,1.818951,2.482138,,34.283472,,20497128555.6972,2.72454336219565,2224.49074815215,4.67399603536345,57.2475
AFG,2013,Afghanistan,,515000000.0,8554000000.0,79.0,,,,,,,84.621216,,20146416757.5987,5.60074465863221,2133.24127098647,7.38577178397855,55.3775
ALB,2025,Albania,79.5328146239161,4347000000.0,10280000000.0,,,,,,,,,,30540188271.3421,3.78893836241024,28220.7950617158,2.14618551167388,
ALB,2024,Albania,79.4546360752224,4000000000.0,9612000000.0,201.5,1.52935344981595,,,,,,,,27037474263.2977,4.04592845095348,26701.7649330157,2.21587375089992,93.1233333333333
ALB,2023,Albania,82.3524933990723,4374000000.0,8694000000.0,224.2,0.682326849473647,,,,,184017.0,,,23491242727.4082,4.01541716935742,24847.5057998051,4.75834555150038,100.645
ALB,2022,Albania,84.6980435944865,4309000000.0,8399000000.0,176.0,0.0596409977568037,2.5,2.4,2.7,2.5,132965.0,,,19017247013.8821,4.8268006234359,22138.4966146921,6.72520271530059,113.041666666667
ALB,2021,Albania,75.5904040905009,3559000000.0,7718000000.0,163.6,0.419509988977299,,,,,144129.0,,25.1151187,18031989573.0294,8.96957619074095,18212.794718288,2.04147163139545,103.52
ALB,2020,Albania,59.5206994391875,2506000000.0,5570000000.0,126.4,0.285854495639881,,,,,138477.0,,26.039,15241458744.5927,-3.31375636888916,16287.6136733864,1.62088661717021,108.65
ALB,2019,Albania,75.382128932689,2716000000.0,5897000000.0,131.0,0.128427412960995,,,,,145762.0,0.0,43.0,15585111614.0376,2.06257790176122,16442.0254754945,1.41109078954242,109.850833333333
ALB,2018,Albania,75.6940783717425,2870000000.0,5925000000.0,129.1,0.0447019828200661,2.66,2.35,2.29,3.2,134526.0,0.0,20.4,15379508329.7568,3.67141928098908,15055.3473824585,2.02805963071135,107.989166666667
ALB,2017,Albania,76.7873817898989,2292000000.0,5271000000.0,111.9,0.0884579218158484,,,,,118270.0,,25.3,13258268435.6048,3.28317593330073,14110.6720568255,1.98666133171194,119.1
ALB,2016,Albania,74.0144504546815,1959000000.0,4613000000.0,113.6,0.784313365143227,2.412498,2.234391,1.980952,3.050476,118829.0,,8.8,11988668784.6628,3.90893551362245,13055.8912586429,1.27543168367423,124.1425
ALB,2015,Albania,71.2794476606014,1917000000.0,4302000000.0,100.0,1.63419036731371,,,,,104000.0,,23.124,11470171826.9575,2.2277040745779,12386.6003347481,1.89617402592356,125.961666666667
ALB,2014,Albania,75.0212023084129,2429000000.0,5222000000.0,105.2,0.257234804303144,,,,,99350.0,,39.887,13296322588.1684,2.24022695382642,11787.8702732821,1.62586504402614,105.48
ALB,2013,Albania,75.7506185619748,2339000000.0,4920000000.0,137.3,0.890238022251303,,,,,108670.0,0.0,23.0,12796985886.1478,1.7072283175406,10882.042303638,1.93762080205223,105.669166666667
DZA,2025,Algeria,38.9789440161631,45400000000.0,50100000000.0,,,,,,,,,,287031225987.736,3.815543719231,18586.2607480579,1.41835151429016,131.605925
DZA,2024,Algeria,40.1345741170703,49067000000.0,45335000000.0,141.9,,,,,,1827788.0,,,269322281664.773,3.69999999907979,17646.332598878,4.04611455313434,134.053241666667
DZA,2023,Algeria,43.7397984507007,55555000000.0,42842000000.0,160.2,,,,,,1545930.0,8.583081,,247923887214.655,4.10000000005964,16838.3550419037,9.32217375928322,135.842933333333
DZA,2022,Algeria,51.1900893683897,65715000000.0,38868000000.0,189.6,,2.5,2.3,2.1,2.6,1530969.0,9.763907999,,225581644702.568,3.60000000094915,15833.5847271335,9.26551551551553,141.994975
DZA,2021,Algeria,46.8370592599607,38637000000.0,37466000000.0,111.4,,,,,,,12.694836,,186231205262.082,3.79999999900707,14496.8654697299,7.22606307415477,135.064058333333
DZA,2020,Algeria,40.3897565625388,21932000000.0,35547000000.0,63.3,,,,,,1541273.0,15.638799,,164873415325.201,-4.99999999908597,12676.5130564294,2.41513094083414,126.7768
DZA,2019,Algeria,46.5068426081672,35312000000.0,44632000000.0,101.9,,,,,,1793990.0,25.641745,908.0,193459662090.677,0.899999999219148,13892.5333446205,1.95176821052892,119.353558333333
DZA,2018,Algeria,52.4361676779223,41797000000.0,46330000000.0,120.6,,2.45,2.13,2.42,2.76,1844422.0,28.28048,1026.0,194554483655.528,1.40000000088281,13727.1266357859,4.26999020467084,116.593791666667
DZA,2017,Algeria,49.8208161712587,35191000000.0,46059000000.0,101.5,0.960396672710236,,,,,1725198.0,24.80375,1009.0,189880896903.073,1.49999999895587,13493.560749484,5.59111590961664,110.973016666667
DZA,2016,Algeria,49.7609327925216,30026000000.0,47089000000.0,86.6,0.489614088330072,2.769683,2.368421,2.577318,3.079681,1831056.0,21.591025,885.0,180763839522.151,3.90000000017621,13437.8460232169,6.39769480268757,109.443066666667
DZA,2015,Algeria,53.2046225904145,34668000000.0,51702000000.0,100.0,0.233281066486999,,,,,1694426.0,21.9016451671492,1011.0,187493855609.345,3.20000000089023,13807.3515841478,4.78444700693889,100.691433333333
DZA,2014,Algeria,56.9235419669867,60061000000.0,58580000000.0,173.2,0.328391631416688,2.649451,2.714286,2.540816,3.040816,1660660.0,21.6623331878,928.0,238942664192.59,4.09999999866501,14694.143827383,2.91692692067458,80.5790166666667
DZA,2013,Algeria,59.151008157244,64974000000.0,55028000000.0,187.4,0.569890657847322,,,,,1508774.0,17.5024186277313,,229701430292.157,2.60000000061164,14370.820661674,3.25423910998847,79.3684
ASM,2025,American Samoa,,394000000.0,678000000.0,,,,,,,,,,,,,,1.0
ASM,2024,American Samoa,,382000000.0,711000000.0,107.4,,,,,,,,,,,,,1.0
ASM,2023,American Samoa,,395000000.0,636000000.0,111.0,,,,,,,,,,,,,1.0
ASM,2022,American Samoa,124.684270952928,383000000.0,642000000.0,107.3,,,,,,,,,871000000.0,1.73501577287065,,,1.0
ASM,2021,American Samoa,136.8,314000000.0,784000000.0,88.2,,,,,,,,,750000000.0,-0.782472613458523,,,1.0
ASM,2020,American Samoa,154.368932038835,409000000.0,766000000.0,114.8,,,,,,,,,721000000.0,4.41176470588236,,,1.0
ASM,2019,American Samoa,156.568778979907,353000000.0,712000000.0,99.1,,,,,,76200.0,,,647000000.0,-0.487804878048777,,,1.0
ASM,2018,American Samoa,171.830985915493,377000000.0,653000000.0,105.9,,,,,,90245.0,,,639000000.0,2.6711185308848,,,1.0
ASM,2017,American Samoa,161.437908496732,397000000.0,595000000.0,111.2,,,,,,92270.0,,,612000000.0,-6.98757763975155,,,1.0
ASM,2016,American Samoa,159.165424739195,388000000.0,655000000.0,108.0,,,,,,65970.0,,,671000000.0,-1.67938931297709,,,1.0
ASM,2015,American Samoa,162.407132243685,379000000.0,675000000.0,100.0,,,,,,70288.0,,,673000000.0,3.14960629921259,,,1.0
ASM,2014,American Samoa,174.805598755832,346000000.0,611000000.0,91.4,,,,,,57025.0,0.011652,,643000000.0,1.76282051282051,,,1.0
ASM,2013,American Samoa,173.824451410658,388000000.0,479000000.0,107.7,,,,,,56600.0,0.010932,,638000000.0,-2.5,,,1.0
AND,2025,Andorra,,277000000.0,2183000000.0,,,,,,,,,,4500982731.80784,3.86803450687808,79566.7925868466,,0.887144250370588
AND,2024,Andorra,,259000000.0,2039000000.0,296.2,,,,,,,,,4044249678.65625,3.8491605039052,75394.8581564469,,0.924367447270267
AND,2023,Andorra,,252000000.0,1995000000.0,245.0,21.4346319155008,,,,,,,,3785067331.88242,2.58355480961319,71789.7907855414,,0.924709622987356
AND,2022,Andorra,,386000000.0,1864000000.0,253.4,13.3076613572665,,,,,,,,3380612573.4825,9.56461225648184,68459.2247863103,,0.950915533962108
AND,2021,Andorra,,164000000.0,1563000000.0,185.8,24.3806762508654,,,,,,,,3324647529.41855,8.28677879049404,59332.2029100127,,0.845376564367945
AND,2020,Andorra,,167000000.0,1495000000.0,162.7,23.0406088299837,,,,,,,,2891001149.40079,-11.1839399355384,52095.8414004627,,
AND,2019,Andorra,,,1539000000.0,141.2,32.5215915853416,,,,,,,,3155149347.92156,2.01554763848308,57475.0692842215,,
AND,2018,Andorra,,129000000.0,1609000000.0,146.4,28.4603950348388,,,,,,,,3218419896.93333,1.58876549046354,55244.6554088177,,
AND,2017,Andorra,,118000000.0,1478000000.0,134.1,23.2513189546623,,,,,,,,3000162081.22353,0.346071889630295,53084.8639640903,,
AND,2016,Andorra,,97000000.0,1354000000.0,110.2,24.4309106376305,,,,,,,,2896610479.86771,3.70967806978986,53110.1426260689,,
AND,2015,Andorra,,90000000.0,1294000000.0,100.0,22.6455691893207,,,,,,,,2789881258.60547,1.43414039522716,50733.2390023674,,
AND,2014,Andorra,,95000000.0,1556000000.0,107.1,20.6864866224754,,,,,,,,3271685596.52156,2.50446552114518,48505.6017355504,,
AND,2013,Andorra,,,,102.6,23.5947866942069,,,,,,,,3193512950.0157,-3.54759651549344,45609.2307235645,,
AGO,2025,Angola,34.6466403704517,32492000000.0,14965000000.0,,,,,,,,,,122174889423.635,3.13353542450008,10251.3457063657,20.1620197572331,911.99303781631
AGO,2024,Angola,49.8489506740963,39250000000.0,13946000000.0,118.8,16.6897206933082,,,,,709221.0,,,103080538044.058,4.95267860425956,9963.59020874287,28.2404948915772,869.846189590008
AGO,2023,Angola,53.6070126498686,39506000000.0,15696000000.0,119.1,23.4714139423334,,,,,662054.0,70.707651,,106042349567.303,1.32016587081031,9549.79313920752,13.6441017767715,685.020237761449
AGO,2022,Angola,56.5380722280743,51275000000.0,17803000000.0,154.5,22.0635039995781,2.1,1.7,2.1,2.1,678333.0,60.34331,,128233959333.275,3.55749206675667,9373.4083091956,21.3552901320822,460.567511631462
AGO,2021,Angola,62.5287705320674,34472000000.0,11379000000.0,103.9,16.1269540436105,,,,,628348.0,31.03638,,78283923543.8237,1.09058369944815,8720.18768742123,25.7542948841891,631.441955506727
AGO,2020,Angola,54.6604030683749,22135000000.0,9338000000.0,66.7,23.3946213847164,,,,,590128.0,28.89977,,58512033805.8981,-5.27349128300007,7782.15153413853,22.271539247051,578.25878028011
AGO,2019,Angola,60.3713068739603,35432000000.0,13962000000.0,106.8,27.4965016903098,,,,,700123.0,68.04358,,81193813808.0382,-1.05523414494337,8621.65930812477,17.080954143438,364.825804980887
AGO,2018,Angola,58.2698953890633,40758000000.0,15798000000.0,122.8,23.3127754550372,2.05,1.57,1.86,2.59,618238.0,78.15964,,90506061877.2765,-0.506697543616156,8370.22875787099,19.6289379701521,252.855747731297
AGO,2017,Angola,44.9963253203189,34613000000.0,14463000000.0,104.3,19.3839506955365,,,,,735431.0,67.32035,,85629598654.1906,-0.164688656961076,8125.70639391928,29.8444799015679,165.915950691498
AGO,2016,Angola,46.3256130571521,27589000000.0,13040000000.0,83.1,12.9883050935056,2.241183,1.796833,2.133789,2.589369,572298.0,43.940435,,60770049747.3832,-0.233076954805284,7882.51370525255,30.6944150806719,163.656434116579
AGO,2015,Angola,54.9793808780995,33181000000.0,20693000000.0,100.0,12.6044858942473,,,,,814965.0,46.043,,102543067840.819,0.763177710914789,8067.48584683702,9.35597215533784,120.060701665019
AGO,2014,Angola,69.5801424480502,59170000000.0,28580000000.0,178.3,,2.54298,2.368421,2.105263,3.023951,1141081.0,65.517,,153449860495.966,4.65572356315585,9017.69018159709,7.28038730361121,98.3024168556335
AGO,2013,Angola,77.3498013719917,68247000000.0,26331000000.0,205.7,,,,,,1006332.0,70.431,,148845200696.335,4.88306129688392,8504.09532069445,8.77781429332624,96.5182794791526
ATG,2025,Antigua and Barbuda,,32000000.0,938000000.0,,,,,,,,,,2338196296.2963,4.99803998431987,35832.4795485115,1.36873527521954,2.7
ATG,2024,Antigua and Barbuda,,33000000.0,823000000.0,47.5,0.0,,,,,28000.0,,,2162366666.66667,2.54044193946544,33351.5904481886,6.19886698842116,2.7
ATG,2023,Antigua and Barbuda,,31000000.0,844000000.0,44.3,0.0,,,,,29000.0,,,2054096296.2963,3.86550160079324,31892.5519402733,5.06713865364213,2.7
ATG,2022,Antigua and Barbuda,118.302584056113,22000000.0,820000000.0,32.9,0.0,2.9,2.2,2.7,3.4,28000.0,0.701661,,1857114814.81481,8.49776342254205,29761.8058055292,7.53107834634288,2.7
ATG,2021,Antigua and Barbuda,101.074960584779,19000000.0,596000000.0,29.1,0.0,,,,,29000.0,,,1602125925.92593,8.17286311186622,25745.4958067746,2.06299638545334,2.7
ATG,2020,Antigua and Barbuda,94.289529886499,22000000.0,498000000.0,33.9,0.0,,,,,28000.0,,,1411637037.03704,-18.8687765208148,22370.0918693813,0.625989707046719,2.7
ATG,2019,Antigua and Barbuda,137.537783631991,38000000.0,701000000.0,57.6,0.0,,,,,27657.0,0.18092731080894,,1726448148.14815,3.1722219373937,26550.589844733,1.43135598182984,2.7
ATG,2018,Antigua and Barbuda,130.655152659419,26000000.0,699000000.0,36.9,0.613426844678628,,,,,28826.0,0.29449120996578,,1661529629.62963,6.71200487159726,24524.2137953887,1.20715793367008,2.7
ATG,2017,Antigua and Barbuda,127.664323582144,21000000.0,554000000.0,30.7,0.375050371986813,,,,,17311.0,0.322269,,1534855555.55556,2.71272657973627,21422.0021576627,2.43248789041363,2.7
ATG,2016,Antigua and Barbuda,132.025917905085,61000000.0,478000000.0,88.4,0.0260556980755776,,,,,16193.0,0.54918681,,1489603703.7037,4.1203675438061,21320.4375067809,-0.489437796230499,2.7
ATG,2015,Antigua and Barbuda,130.071549851721,66000000.0,449000000.0,100.0,0.0,,,,,14949.0,0.52654536,,1437485185.18519,1.42161997595372,20985.4388292177,0.968993458825638,2.7
ATG,2014,Antigua and Barbuda,141.546161057996,99000000.0,532000000.0,149.5,0.0,,,,,14443.0,0.591624,,1378707407.40741,2.19829188738797,21671.4737856616,1.08944157435355,2.7
ATG,2013,Antigua and Barbuda,,69000000.0,503000000.0,103.1,0.0,,,,,24842.0,0.592524,,1325496296.2963,-0.600982329599361,21760.5232864254,1.05949782356169,2.7
ARG,2025,Argentina,30.364633685192,87111000000.0,75791000000.0,,,,,,,,,,683097891618.597,4.36733330217022,32586.6312086783,,1240.85125
ARG,2024,Argentina,27.929760849367,79703000000.0,60776000000.0,140.4,3.85019697474113,,,,,1471434.0,,,638365455340.04,-1.34293072157739,30475.3876517556,219.883929014578,914.694883333333
ARG,2023,Argentina,26.6769512482215,66988000000.0,73826000000.0,118.0,5.44959440578319,,,,,1490437.0,136.4759,,649461687959.174,-1.85578803046339,30246.4069577192,133.488935594175,296.258041666667
ARG,2022,Argentina,31.5801792606256,88703000000.0,81740000000.0,156.2,4.75157524338594,2.8,2.7,2.8,3.1,1667161.0,130.623464,,633993756301.08,6.02074537534855,29804.0832363731,72.430757531824,130.61655
ARG,2021,Argentina,33.078689567466,77934000000.0,63184000000.0,137.2,4.42289139264312,,,,,1798923.0,88.267613,,486564085480.036,10.4418119882506,26300.274261175,48.4093786255199,94.9907416666667
ARG,2020,Argentina,30.203698807416,54884000000.0,42356000000.0,96.7,6.90388925607922,,,,,1705390.0,81.12423,,385740508436.965,-9.9004848136464,22393.3479575353,42.0150947376509,70.5391666666667
ARG,2019,Argentina,32.6306150458499,65116000000.0,49124000000.0,114.7,5.21279058881723,,,,,1833964.0,280.283172,,447754683615.225,-2.00086100285785,23516.8261980886,53.5483043492339,48.1478916666667
ARG,2018,Argentina,30.7625359549926,61781000000.0,65482000000.0,108.8,5.40298410146417,2.89,2.42,2.77,3.37,2184625.0,311.720805,,524819892360.176,-2.61739646282038,24410.3919063335,34.2772237131003,28.0949916666667
ARG,2017,Argentina,25.2896011376779,58644000000.0,66937000000.0,103.3,9.20544177021613,,,,,1809153.0,305.102,8377.0,643628393281.364,2.81850297775918,23385.0740904917,,16.5627069251411
ARG,2016,Argentina,26.0938878488799,57910000000.0,55852000000.0,102.0,8.9823994804111,2.962629,2.628572,2.856412,3.470985,1713267.0,254.181413504,8529.0,557532320662.955,-2.08032784377811,20105.761359796,,14.7581750873396
ARG,2015,Argentina,22.4862260889792,56784000000.0,60205000000.0,100.0,9.22572828013488,,,,,1734397.0,243.7725665,8274.0,594749285413.212,2.73115982828944,19899.1499275245,,9.23318552472429
ARG,2014,Argentina,28.4067936452275,68405000000.0,65735000000.0,120.5,7.06113490427245,2.986475,2.546248,2.831158,3.492036,1738744.0,261.60894,8893.0,526319673731.638,-2.51261532081394,19487.4181748868,,8.07527599281334
ARG,2013,Argentina,29.3339290021037,75963000000.0,74442000000.0,133.8,7.45820744914312,,,,,2176939.0,268.710767897573,9746.0,552025140252.246,2.40532378079436,19928.989490167,,5.45935266465704
ARM,2025,Armenia,101.705936395702,8395000000.0,13035000000.0,,,,,,,,,,29243452882.3545,7.2,24754.2118320452,3.30693341072904,387.010152166483
ARM,2024,Armenia,150.064726588742,13092000000.0,17067000000.0,884.0,23.6403270515259,,,,,,,,25955275380.0321,5.90000000046228,22856.32510991,0.269511978259125,392.729551399084
ARM,2023,Armenia,123.418750077627,8552000000.0,12758000000.0,576.9,20.9051560207484,,,,,,15.680592,,24185982215.6543,8.29999999959539,21551.7793903081,1.98041877615554,392.476302158971
ARM,2022,Armenia,103.878629213508,5360000000.0,8769000000.0,361.5,21.8475283435373,2.5,2.5,2.6,2.7,,2.381267,,19513506553.1251,12.5999999997766,19158.3333506542,8.64091108973855,435.6661796523
ARM,2021,Armenia,79.2489057647112,3023000000.0,5357000000.0,203.9,5.95671993684786,,,,,,1.347896,,13878908628.9378,5.80000000065645,15921.705281964,7.18483629443371,503.769674961652
ARM,2020,Armenia,70.1213571368789,2544000000.0,4559000000.0,171.4,7.14063667161287,,,,,,0.11692,840.0,12641698583.2152,-7.19999999920631,14706.3173043422,1.21143577838465,489.008858590915
ARM,2019,Armenia,97.847004865327,2640000000.0,5514000000.0,178.0,9.79110110537429,,,,,,0.3265,860.0,13619290539.2116,7.59999999853918,14975.7539538157,1.44344660770698,480.44512876712
ARM,2018,Armenia,92.473107021212,2412000000.0,4963000000.0,162.4,7.10147421496599,2.61,2.57,2.48,2.9,,0.0,730.0,12457940694.7395,5.19999999965324,12877.4937543553,2.52023382001638,482.987946590235
ARM,2017,Armenia,87.202376539837,2245000000.0,4189000000.0,151.4,7.56330477959628,,,,,,,689.46,11527458709.0158,7.50000000164144,12066.0043093819,0.969553268816138,482.716393849129
ARM,2016,Armenia,76.0779674593548,1792000000.0,3273000000.0,120.7,6.13769143045383,2.205513,1.946664,2.216773,2.604003,,,658.0,10546136235.5219,0.199999999825991,10570.2720413936,-1.403607559009,480.488150777966
ARM,2015,Armenia,71.6820743427575,1485000000.0,3239000000.0,100.0,5.65181437686726,,,,,,,640.0,10553337518.414,3.19999999896625,9756.84084836026,3.73169119261693,477.918306576099
ARM,2014,Armenia,75.778866962639,1519000000.0,4401000000.0,102.3,3.02163379158599,2.672723,2.625,2.375,3.0,,0.0,786.0,11609513246.7958,3.60000000058993,9736.2349746279,2.98130868933672,415.919789204938
ARM,2013,Armenia,77.5550481598824,1480000000.0,4477000000.0,99.6,3.02784829241324,,,,,,0.999996,851.0,11121464437.0415,3.3,9454.87852836557,5.78966778544651,409.625749270293
ABW,2025,Aruba,,216000000.0,1604000000.0,,,,,,,,,,,,,,1.79
ABW,2024,Aruba,164.138645148918,163000000.0,1490000000.0,49.9,,,,,,64800.0,,,4167588070.29217,6.81077669324554,51712.1531358934,,1.79
ABW,2023,Aruba,153.719158343959,167000000.0,1403000000.0,47.4,6.86800836378335,,,,,64753.0,,,3746573413.07565,9.51636022347185,47521.8765471843,,1.79
ABW,2022,Aruba,160.558140997897,208000000.0,1387000000.0,55.3,7.12514654462656,,,,,64771.0,,,3326671314.7742,10.6079607621246,41863.2739964163,,1.79
ABW,2021,Aruba,139.510902584073,123000000.0,1064000000.0,32.8,4.81705330254684,,,,,57062.0,,,2889305033.55975,14.833691976226,35207.1709088639,,1.79
ABW,2020,Aruba,123.24050373078,87000000.0,863000000.0,22.6,6.7561753872818,,,,,53171.0,,,2461056053.22795,-23.9400592677491,28733.6045108643,,1.79
ABW,2019,Aruba,137.923249273411,131000000.0,1206000000.0,36.9,4.95360767044503,,,,,63870.0,,,3347561738.94591,1.22914408896015,38554.7167828184,4.25746204335427,1.79
ABW,2018,Aruba,138.824972245657,194000000.0,1232000000.0,52.3,8.51650729790994,,,,,58500.0,,,3276187709.49721,3.21247111920076,39287.0597126122,3.6260414135296,1.79
ABW,2017,Aruba,138.716620095236,135000000.0,1124000000.0,37.8,6.6179822555614,,,,,31689.0,,,3092427932.96089,3.49342985290626,37524.9149203557,-1.02828178762012,1.79
ABW,2016,Aruba,136.887263320827,284000000.0,1138000000.0,82.9,4.04238531863215,,,,,31323.0,,,2983637430.1676,1.23433537363427,36117.5352619835,-0.93119598707956,1.79
ABW,2015,Aruba,140.493001133496,330000000.0,1250000000.0,100.0,4.96898579074605,,,,,35342.0,,,2962906703.91061,3.61147906591042,35972.8596619304,0.474763597342641,1.79
ABW,2014,Aruba,156.491052864098,259000000.0,1350000000.0,76.0,7.32285526890136,,,,,29628.0,,,2790849720.67039,1.42609951155575,35657.287197053,0.421440918881214,1.79
ABW,2013,Aruba,155.731904522973,279000000.0,1377000000.0,85.5,5.14004404663994,,,,,30988.0,,,2727849162.01117,6.43146080719245,35901.6459605583,-2.37206524252261,1.79
AUS,2025,Australia,45.9014493880126,337582000000.0,310631000000.0,,,,,,,,,,1798518933689.21,1.35039785076631,71934.4033931263,2.87403791660173,1.5519978866485
AUS,2024,Australia,47.1453811065195,340827000000.0,296340000000.0,181.6,25.1586416457084,,,,,9579396.0,,,1757022451652.83,1.37340773365975,72117.8826659555,3.16656665428797,1.51535803855596
AUS,2023,Australia,49.044339318428,371407000000.0,287406000000.0,197.9,25.2582777120781,,,,,9283435.0,1188.14685942814,,1734451264655.6,3.58382100798981,72272.7092136683,5.59701792296707,1.50519106560509
AUS,2022,Australia,45.6946418805752,412683000000.0,309189000000.0,219.9,25.8318704116272,3.7,3.7,4.1,3.6,9377619.0,1196.58506186,,1695627535475.8,4.25304559238732,66103.1797066957,6.59409658717841,1.44166445896522
AUS,2021,Australia,40.2022359390595,344864000000.0,261165000000.0,183.7,22.3940766008599,,,,,9254828.0,1244.7647,453091.00602501,1560617493202.69,2.00694844335034,58327.4146842325,2.86391284709318,1.33122425957081
AUS,2020,Australia,44.499564103879,250823000000.0,211824000000.0,133.6,21.4757898705835,,,,,8470466.0,1316.50942,447434.67411552,1333336461648.09,-0.133531904304775,54184.1614486854,0.846900734607273,1.45308511847016
AUS,2019,Australia,46.0016827052171,271005000000.0,221564000000.0,144.4,21.2199332352628,,,,,8778913.0,1931.1555305,443004.62783715,1398349602956.35,2.19401703622717,52885.8313816377,1.610770929127,1.43850654421382
AUS,2018,Australia,43.5732253645218,257098000000.0,235386000000.0,137.0,18.1371018191307,3.75,3.87,3.97,3.98,8667914.0,2027.63710989603,441273.24126364,1433144978761.67,2.87417039499501,50371.233830782,1.91140002818579,1.33841214646451
AUS,2017,Australia,42.0354135251854,231131000000.0,228780000000.0,123.1,18.0967924595604,,,,,7991508.0,1982.586170817,431307.31114667,1330890554614.09,2.29331030192918,48564.8286592372,1.94864309065653,1.30475807671592
AUS,2016,Australia,40.813402217321,192505000000.0,196270000000.0,102.6,20.6275044745549,3.793385,3.543957,3.816468,4.044528,7830344.0,1868.73262766,413490.0,1211588128417.61,2.75564065529868,47446.2103030951,1.27699365720306,1.34521397601947
AUS,2015,Australia,41.4947506939901,187684000000.0,208501000000.0,100.0,19.6921472541598,,,,,7731627.0,1907.05190944687,401600.0,1356805839935.9,2.16434780647852,46464.5867627929,1.50836803138463,1.33109026245502
AUS,2014,Australia,42.2993095385282,239975000000.0,237352000000.0,127.9,18.9961304703814,3.810776,3.853854,3.99996,4.002407,7442016.0,1925.77200862967,367700.0,1474677007565.64,2.60118978187332,47108.5906459966,2.48792932080492,1.10936329281692
AUS,2013,Australia,41.100511881056,252981000000.0,242140000000.0,134.8,18.0075143774834,,,,,7304610.0,1984.693734,319000.0,1583737461925.39,2.65445302592404,46123.4750962848,2.44988248109259,1.03584309652054
AUT,2025,Austria,107.01983926573,222029000000.0,228386000000.0,,,,,,,,,,579470021095.418,0.615747280959056,76777.5421537618,3.52719439956928,0.88496895841236
AUT,2024,Austria,108.825777834405,214132000000.0,211719000000.0,140.1,18.4525766859019,,,,,,,,534790720466.822,-0.659089573171372,75774.4136543206,2.93791574279376,0.923889546117607
AUT,2023,Austria,115.152914822732,224056000000.0,226251000000.0,146.7,15.9232697881169,,,,,,207.835176,,516670509628.876,-0.786244288594673,74261.1961105071,7.81413417002831,0.924839558470698
AUT,2022,Austria,123.579578652902,211929000000.0,233519000000.0,138.8,14.9141702472602,4.0,3.7,3.9,4.3,,205.311831,,473221298968.216,5.33096379400371,72286.6352565355,8.54686993188458,0.949623753156941
AUT,2021,Austria,111.032932124165,202806000000.0,219520000000.0,132.8,11.017122140568,,,,,,125.155714,21780.869,480466363176.806,4.92309171717903,62968.8538770186,2.7666666666667,0.84549413889045
AUT,2020,Austria,99.9482141095975,169418000000.0,172449000000.0,110.9,12.2718957660446,,,,,,74.560823,20498.028,434397601557.696,-6.31825509209936,58523.0337816246,1.38191063351854,0.875506396987998
AUT,2019,Austria,108.207284904426,178670000000.0,184758000000.0,117.0,11.4825348767666,,,,,,320.036527,21736.0,442983642371.842,1.75497619649288,60354.9279422121,1.53089564152644,0.893276257067409
AUT,2018,Austria,108.377969971828,184815000000.0,193722000000.0,121.0,11.6500759838374,4.03,3.71,4.18,4.25,,373.511,21996.241,452582294972.775,2.48422114080024,56636.4953030542,1.99837981429549,0.846772667108111
AUT,2017,Austria,105.556066755438,168026000000.0,175755000000.0,110.0,12.8851997037889,,,,,285900.0,391.268,22256.0,414926138132.691,2.27224992038207,53869.8321183556,2.08126911385587,0.885205508269372
AUT,2016,Austria,101.573494597172,152090000000.0,157697000000.0,99.6,14.4532591877111,4.097985,3.790874,4.07841,4.371814,285900.0,387.739,21361.0,393687359770.273,2.11721964494312,52397.8635176674,0.891591752655362,0.903421436257263
AUT,2015,Austria,103.11758174626,152728000000.0,156046000000.0,100.0,15.0327319949068,,,,,285900.0,351.379,20814.0,379546097300.633,1.30352331826198,49549.3162311441,0.89656333526032,0.901296423367096
AUT,2014,Austria,104.49673998926,178223000000.0,182076000000.0,116.7,15.4904490132481,3.648587,3.531243,3.63611,4.03734,285900.0,369.955,20746.0,438556021078.034,0.755798850316665,48355.4977624407,1.60581182954474,0.752728196932603
AUT,2013,Austria,104.985374015367,175156000000.0,183277000000.0,114.7,15.3690648693427,,,,,285900.0,326.399,19564.0,426580502769.417,-0.250726423318454,47519.8522796571,2.00015616900597,0.752945122701996
AZE,2025,Azerbaijan,79.8295815452306,25043000000.0,24380000000.0,,,,,,,,,,75937647058.8235,1.44985591122698,26112.5306828203,5.62208788068338,1.7
AZE,2024,Azerbaijan,82.5675246316515,26554000000.0,21058000000.0,161.6,2.91095088102775,,,,,,,,74426000000.0,4.15806800428062,25146.3588844273,2.21217188919901,1.7
AZE,2023,Azerbaijan,83.5358861156321,33899000000.0,17285000000.0,206.8,4.17224487630151,,,,,,1434.48067,,72428470588.2353,1.35447749115767,23671.0936895744,8.78543049849081,1.7
AZE,2022,Azerbaijan,86.9822732541779,38147000000.0,14540000000.0,232.9,3.9129441620027,,,,,,2853.2951,,78807470588.2353,4.71468033247649,22548.5145929929,13.8522590144267,1.7
AZE,2021,Azerbaijan,76.286865687015,22208000000.0,11703000000.0,135.6,2.09710423147129,,,,,,3173.72377,5316.0,54825411764.7059,5.61644027150554,20111.3756952109,6.65029912708779,1.7
AZE,2020,Azerbaijan,72.0178676487811,13733000000.0,10732000000.0,83.7,7.06727951722298,,,,,,2030.37809,4861.0,42693000000.0,-4.19896065333343,15163.5703327282,2.75980947008127,1.7
AZE,2019,Azerbaijan,85.8181454084561,19635000000.0,13668000000.0,119.9,4.95159340426308,,,,,,1620.43791,5152.0,48174235294.1176,2.47980879185565,16675.3179361558,2.61057182799215,1.7
AZE,2018,Azerbaijan,91.6725765369825,20317000000.0,11466000000.0,124.0,4.34552506108911,,,,,,44.0886,4492.0,47112470051.7701,1.50040167167313,15282.9995232298,2.26854690373999,1.70001666666667
AZE,2017,Azerbaijan,90.4023156823216,15481000000.0,8783000000.0,94.4,3.30108229906783,,,,,,61.6255,4633.0,40866627351.9817,0.153614661745507,14315.9296431061,12.9359184187335,1.72115480222734
AZE,2016,Azerbaijan,90.0773187345677,13108000000.0,8489000000.0,80.1,2.8122107826307,,,,,,732.789755,5192.0,37866996882.9157,-3.06359842251706,14535.8020210633,12.4433748584372,1.59572157270424
AZE,2015,Azerbaijan,72.6015079073189,16592000000.0,9217000000.0,100.0,3.89922506760974,,,,,,686.94149,6210.0,53076235354.746,1.04954641215085,15075.2726347911,4.02768573742726,1.02456381855059
AZE,2014,Azerbaijan,69.4832251953347,28260000000.0,9188000000.0,171.7,7.72948174405788,2.448376,2.571429,2.714286,2.571429,,385.14865,7371.0,75239785452.1022,2.79758521448559,17563.6122454385,1.37344181533176,0.7843475
AZE,2013,Azerbaijan,74.6758447629851,31703000000.0,10321000000.0,193.5,13.7739672073665,,,,,,17.9216,7958.0,74160560123.6902,5.84341590483928,17267.5118919538,2.41571745279419,0.784541075268817
BHS,2025,"Bahamas, The",,711000000.0,5520000000.0,,,,,,,,,,,,,,1.0
BHS,2024,"Bahamas, The",79.2424586933455,689000000.0,4944000000.0,159.1,0.0,,,,,1540740.0,,,15832800000.0,3.37866553336166,41257.7650774105,0.409162489083286,1.0
BHS,2023,"Bahamas, The",76.5494751592857,736000000.0,4188000000.0,160.6,0.0138247645369376,,,,,1469256.0,18.5711226,,15271300000.0,3.04824180553773,39122.340470849,3.05291578969743,1.0
BHS,2022,"Bahamas, The",75.9829601059237,586000000.0,3840000000.0,130.4,0.0,2.7,2.7,2.5,3.0,1702995.0,15.83292024,,13896800000.0,10.8779009410268,36785.5703317271,5.60540633583044,1.0
BHS,2021,"Bahamas, The",65.9325413308964,543000000.0,3483000000.0,134.2,0.261199965818234,,,,,1761742.0,,,12037000000.0,17.5861390037409,31064.6822166194,2.90491262928478,1.0
BHS,2020,"Bahamas, The",53.4207580670063,335000000.0,2205000000.0,85.0,3.044762602524,,,,,1429694.0,,,10363200000.0,-20.0893664891399,27204.625909518,0.0385210980054558,1.0
BHS,2019,"Bahamas, The",68.7866234842208,537000000.0,3321000000.0,127.5,1.20544876600952,,,,,1528297.0,0.0,,13277000000.0,-0.838585871193203,36116.0002025353,2.49123527368046,1.0
BHS,2018,"Bahamas, The",72.1542685971043,513000000.0,3521000000.0,130.2,1.96644185119308,2.53,2.68,2.41,2.75,1182836.0,0.0,,12819200000.0,2.39795510823548,35227.7619063243,2.26586346678736,1.0
BHS,2017,"Bahamas, The",68.334284038596,473000000.0,3428000000.0,81.7,7.8029534837207,,,,,920652.0,0.173580024,,12446900000.0,3.3713988456489,34282.1710357791,1.51820700736147,1.0
BHS,2016,"Bahamas, The",67.212921580015,403000000.0,2975000000.0,99.3,2.10443665797755,2.749937,2.654794,2.721296,2.928102,1261778.0,0.17480365,,11880900000.0,-1.15650811269629,32285.2760366069,-0.346376929989397,1.0
BHS,2015,"Bahamas, The",69.6779752652565,443000000.0,3162000000.0,100.0,0.0,,,,,1468380.0,0.17273088,,11837600000.0,0.997411675486745,32137.5784729905,1.86148302863371,1.0
BHS,2014,"Bahamas, The",80.5370272284116,690000000.0,3790000000.0,180.1,0.0,2.910966,3.001736,2.740867,3.19439,1465283.0,0.176256,,11139100000.0,1.8469701294558,31726.1740873862,1.51375643050831,1.0
BHS,2013,"Bahamas, The",84.5484138879077,811000000.0,3366000000.0,207.2,0.0,,,,,1430000.0,0.145272,,10475300000.0,-2.86320081549439,30294.4768305201,0.722414784530551,1.0
BHR,2025,Bahrain,,26456000000.0,16451000000.0,,,,,,,,,,48965725531.9149,3.48137573668635,70996.7821254802,-0.137708855447902,0.376
BHR,2024,Bahrain,157.480869430187,24278000000.0,15610000000.0,149.3,,,,,,409382.0,,,47210732712.766,2.89710543153512,67230.1000247874,0.919635459817651,0.376
BHR,2023,Bahrain,157.447854682297,24814000000.0,15367000000.0,152.5,0.387343644517371,,,,,404097.0,895.44023,,46192260638.2979,3.87811614845566,64223.977053306,0.0746206782192256,0.376
BHR,2022,Bahrain,167.141241152535,30194000000.0,15537000000.0,183.5,0.569959196315979,3.5,3.3,3.6,4.1,383435.0,899.09347,,46458191489.3617,6.18016125475185,61667.8791526737,3.62574104304482,0.376
BHR,2021,Bahrain,153.799316485108,22369000000.0,14188000000.0,137.2,0.59059004344565,,,,,404904.0,523.2992,,40840212765.9574,4.35004091668986,54954.6757895532,-0.60631938514085,0.376
BHR,2020,Bahrain,135.460985012931,14066000000.0,12683000000.0,86.0,8.97366105587992,,,,,464010.0,191.96251,,35837632978.7234,-5.9113629524152,53436.0316999712,-2.31770629331379,0.376
BHR,2019,Bahrain,135.417543398211,18120000000.0,13256000000.0,111.6,4.44849833564378,,,,,418933.0,311.15413,,40446808510.6383,2.05287774418655,56599.5214364411,1.00582004702137,0.376
BHR,2018,Bahrain,144.075372574535,18044000000.0,14871000000.0,111.1,0.449030020826873,2.93,2.67,2.72,3.29,432207.0,420.98375,,39567978723.4043,2.05258864979861,51993.1307818652,2.08766938046978,0.376
BHR,2017,Bahrain,136.429239810394,15376000000.0,13145000000.0,94.3,0.624948582667465,,,,,400307.0,390.39,,37204813829.7872,4.95383534123657,50184.5005767301,1.38671830576406,0.376
BHR,2016,Bahrain,132.822997902774,12785000000.0,11579000000.0,77.2,1.05834005006869,3.314021,3.141082,3.095094,3.583449,424602.0,387.310813088,,33884680851.0638,3.81499327422425,47428.9018907649,2.78679347602044,0.376
BHR,2015,Bahrain,147.916060172904,16540000000.0,12408000000.0,100.0,0.935614309270697,,,,,379817.0,240.107004,,32523297872.3404,2.50787205267615,48034.2468880503,1.84862742374977,0.376
BHR,2014,Bahrain,168.57585814186,20130000000.0,12216000000.0,123.5,1.49913895991035,3.083116,3.29,3.04,2.8,442941.0,258.367992,,34772526595.7447,4.30885692657077,54299.0564613228,2.64755321246189,0.376
BHR,2013,Bahrain,184.58950884485,21930000000.0,9997000000.0,134.8,0.592038996188625,,,,,429823.0,265.615452,,33823324468.0851,5.29262224906203,56310.3117458189,3.30001156888442,0.376
BGD,2025,Bangladesh,27.9505840425563,48167000000.0,69373000000.0,,,,,,,,,,456319229255.578,3.48990671836833,10153.7083791829,8.7687628116114,121.920836605034
BGD,2024,Bangladesh,26.7780758040478,47246000000.0,67880000000.0,145.7,,,,,,3353732.0,,,450119432068.852,4.22325911250161,9660.77962818873,10.4657482763412,115.603653796648
BGD,2023,Bangladesh,30.9829714104596,44237000000.0,66863000000.0,136.4,,,,,,3225732.0,98.850129524,,437415333018.291,5.77511237007889,9155.31731992295,9.8835030377921,106.309484297483
BGD,2022,Bangladesh,33.7799672705735,51405000000.0,88234000000.0,158.6,,2.6,2.3,2.3,3.0,3200236.0,933.42104484,,460131689083.083,7.09982877575158,8449.20977931373,7.69695437176898,91.7454544396961
BGD,2021,Bangladesh,27.7240047036631,44223000000.0,80448000000.0,136.4,,,,,,3271732.0,83.737427,,416271647911.014,6.93867912442445,7441.06913961254,5.54565430773473,85.08376325
BGD,2020,Bangladesh,26.271447376215,33605000000.0,52804000000.0,103.7,,,,,,2897709.0,117.785203056,,373979442362.193,3.44801755122445,6640.58437331062,5.69107474746211,84.8713916666667
BGD,2019,Bangladesh,31.5780544912404,39337000000.0,59094000000.0,121.4,,,,,,3145919.0,168.660713625,,351231654603.692,7.88191515117722,6047.12401504125,5.59199639930629,84.4535225
BGD,2018,Bangladesh,32.5146317240884,39252000000.0,60495000000.0,121.1,0.539452073551698,2.58,2.3,2.39,2.92,2946955.0,50.616612,,321362752441.78,7.31941263014136,5490.15881865179,5.54362139486476,83.4662019166666
BGD,2017,Bangladesh,29.9997306724343,35851000000.0,52836000000.0,110.6,0.426450633403232,,,,,2583549.0,61.74997781,,293732446624.596,6.59024999794057,4882.60692615639,5.70207015717239,80.4375416666667
BGD,2016,Bangladesh,31.3341501346142,34894000000.0,44772000000.0,107.8,0.242933626284075,2.663902,2.567212,2.48,2.901212,2387953.0,53.97916179,1053.0,265224515675.034,7.11347821270093,4579.13228682862,5.51352572692995,78.4680916666667
BGD,2015,Bangladesh,42.0859963070382,32379000000.0,42047000000.0,100.0,0.307867105131918,,,,,2066344.0,57.0095471847824,694.0,195146608978.131,6.55263987816197,4212.23578089428,6.19428022984984,77.9469083333333
BGD,2014,Bangladesh,44.5140801968096,30405000000.0,41119000000.0,93.9,,2.56334,2.090909,2.114545,3.18,1782007.0,207.73842,677.0,172886611653.786,6.0610593588495,3972.50647733491,6.99163889220849,77.6414083333333
BGD,2013,Bangladesh,46.2964027228174,29114000000.0,37085000000.0,90.0,0.299089378482049,,,,,1584873.0,225.1869,525.0,149998957434.186,6.01360565834344,3691.10431102117,7.53040640913172,78.103235
BRB,2025,Barbados,,428000000.0,2229000000.0,,,,,,,,,,8016550000.0,2.70000021764021,25893.8676913012,0.846576563196289,2.0
BRB,2024,Barbados,,461000000.0,2154000000.0,95.4,19.9263557583818,,,,,,,,7597571450.0,3.3669492581395,24539.6254147583,1.4464366430616,2.0
BRB,2023,Barbados,,461000000.0,2124000000.0,96.0,18.4336134860133,,,,,101300.0,,,7223248150.0,1.81419817804516,23176.0027148492,3.18718905472632,2.0
BRB,2022,Barbados,,498000000.0,2151000000.0,103.6,17.0117393061682,,,,,97000.0,,,6886644900.0,15.9453206225473,21952.2087434223,,2.0
BRB,2021,Barbados,,350000000.0,1674000000.0,72.7,17.1559663528192,,,,,93899.0,,,5948900600.0,8.0198770096479,17686.7469386289,,2.0
BRB,2020,Barbados,,345000000.0,1497000000.0,71.6,20.3038221331687,,,,,89460.0,,,5403246950.0,-17.4059314651747,16543.717996277,,2.0
BRB,2019,Barbados,,444000000.0,1581000000.0,92.4,13.6921297160453,,,,,98435.0,,,6166710800.0,0.241099789148677,19986.8728665755,1.67662473276988,2.0
BRB,2018,Barbados,,448000000.0,1578000000.0,93.1,,,,,,100952.0,,,6001101550.0,-0.252085325827849,19774.263591082,3.1060057242059,2.0
BRB,2017,Barbados,,485000000.0,1600000000.0,100.8,,,,,,107098.0,,,5847381600.0,0.654655602860373,18969.5916506588,4.66018463955995,2.0
BRB,2016,Barbados,,517000000.0,1622000000.0,107.1,,,,,,105321.0,,,5679029450.0,1.41632446821541,19190.5381580991,1.28192813061895,2.0
BRB,2015,Barbados,,483000000.0,1618000000.0,100.0,,,,,,86508.0,,,5699619150.0,-0.772620078410995,19190.4652295469,-1.11278992510958,2.0
BRB,2014,Barbados,,474000000.0,1739000000.0,98.6,,,,,,78432.0,,,5684901000.0,0.807325350394564,18807.6302608779,1.76950322089729,2.0
BRB,2013,Barbados,,457000000.0,1759000000.0,95.6,,,,,,74923.0,,,5660059700.0,0.195322007310409,19008.4857500321,1.81410436049096,2.0
BLR,2025,Belarus,112.107625821378,41395000000.0,48370000000.0,,,,,,,,,,93397215864.198,1.29999999999998,34715.9778689211,6.59877945951182,3.069175
BLR,2024,Belarus,128.242832314614,40344000000.0,45714000000.0,150.7,,,,,,,,,78591839299.7087,4.34999638140579,33166.3827902975,5.78531910428005,3.24619166666667
BLR,2023,Belarus,131.584674884961,39840000000.0,43092000000.0,148.9,,,,,,,5.5725,,72478760370.4258,4.12654007153881,30859.5916206484,5.0005990309131,3.00735
BLR,2022,Belarus,120.024207576094,38220000000.0,38311000000.0,142.8,,2.7,2.6,2.7,3.1,,5.0069,,73775179924.603,-4.65839591328999,28424.9893656867,15.209675274081,2.6261
BLR,2021,Belarus,136.014167877476,39762000000.0,41387000000.0,148.6,6.01576846359853,,,,,,2.2573,44478.2,69673747131.87,2.43886210234947,27611.1801135157,9.46028389623099,2.538675
BLR,2020,Belarus,118.934176146534,29179000000.0,32767000000.0,109.0,5.09812592249613,,,,,,1.882857,42420.4,61371673344.7424,-0.672742918585868,24872.3066744528,5.54814357456519,2.439575
BLR,2019,Belarus,130.850406102184,32955000000.0,39477000000.0,123.2,4.49711309551307,,,,,,2.8839,48205.4,64410170653.4569,1.44645548204305,22301.5932411839,5.59815595039848,2.09178333333333
BLR,2018,Belarus,139.393736250171,33726000000.0,38409000000.0,126.0,4.28389065938672,2.57,2.35,2.44,3.18,,1.9004,52573.7,60031026576.26,3.14919758275296,20025.9815543598,4.87230220550686,2.03760833333333
BLR,2017,Belarus,133.367754723012,29267000000.0,34231000000.0,109.4,4.60498280955259,,,,,,1.9151,48538.0,54725405751.1559,2.53218349471909,18413.747563367,6.03183725177795,1.93234166666667
BLR,2016,Belarus,125.209322899662,23414000000.0,27464000000.0,87.5,4.87527975282095,2.399232,2.062392,2.099684,3.040923,,1.266,41107.0,47723545321.259,-2.5264464460425,17832.4778855815,11.8365807653497,1.98956283333333
BLR,2015,Belarus,115.914826201946,26758000000.0,29941000000.0,100.0,4.47973558121156,,,,,,1.807,40785.0,56454769844.7632,-3.82957056812593,18133.5313085883,13.5344897649734,1.59259883333333
BLR,2014,Belarus,110.651424367582,36081000000.0,40502000000.0,134.8,4.16956289134921,2.638168,2.500757,2.554074,3.047282,,1.821996,44997.0,78813069120.9984,1.65112470228097,19037.8847440186,18.1195543526734,1.02241025
BLR,2013,Belarus,119.815965235724,37558000000.0,42948000000.0,140.4,4.60453619126972,,,,,,1.695996,43818.0,75527558966.4473,0.998719299661161,19014.0529737698,18.3122610377873,0.88800525
BEL,2025,Belgium,152.917788719365,568105000000.0,537701000000.0,,,,,,,,,,725466462859.646,0.983117967125935,74675.607672673,2.46705543774613,0.88496895841236
BEL,2024,Belgium,159.023481148927,554582000000.0,525986000000.0,135.0,20.3921453422236,,,,,12395047.0,,,670983130618.828,1.09775383828703,74224.5510568017,3.14349136500041,0.923889546117607
BEL,2023,Belgium,165.987440736442,578515000000.0,564974000000.0,143.1,18.6668227645892,,,,,11482434.0,1831.4766060564,,650779364363.737,1.56125539542029,72629.6179311762,4.04901077613941,0.924839558470698
BEL,2022,Belgium,191.053418131592,638282000000.0,625041000000.0,157.8,22.8179135173265,4.0,3.9,4.1,4.2,12334925.0,1687.38336494,,591474463578.602,4.02460852835887,68878.9167847285,9.597511728725,0.949623753156941
BEL,2021,Belgium,177.381912201075,551478000000.0,526615000000.0,139.0,21.3799638763737,,,,,13095258.0,1827.413026121,,598522422241.851,6.25445686466593,60669.2137746534,2.44024851144084,0.84549413889045
BEL,2020,Belgium,156.950121282783,422655000000.0,396061000000.0,106.5,15.2618615789713,,,,,12697162.0,1265.065943534,,529694473501.791,-4.7929839083518,56120.0958420466,0.740791812220344,0.875506396987998
BEL,2019,Belgium,165.46547893199,446910000000.0,428878000000.0,112.6,14.1440138847213,,,,,12389876.0,1353.426977272,,536726344405.489,2.4428900448156,56712.469571978,1.43681956996438,0.893276257067409
BEL,2018,Belgium,168.277692877218,468213000000.0,455188000000.0,118.0,11.7058640594516,4.04,3.66,3.98,4.41,11503695.0,1285.344187,,542638913427.921,1.87796847383565,52466.7330784599,2.05316499865178,0.846772667108111
BEL,2017,Belgium,166.904078237791,429645000000.0,409220000000.0,108.3,11.4917903557909,,,,,10783850.0,1574.378609,,500908767351.53,1.47446761556785,50256.0631772784,2.12597086002616,0.885205508269372
BEL,2016,Belgium,159.057696611945,398134000000.0,379409000000.0,100.3,13.3312451633933,4.108538,3.829699,4.053557,4.426187,10321506.0,1505.4059084,,474271566739.729,1.19350273007754,48414.5518065681,1.97385264653163,0.903421436257263
BEL,2015,Belgium,155.068682045926,396841000000.0,375530000000.0,100.0,12.3351739681226,,,,,10059579.0,1479.9763156,,461044767544.531,1.47416433731927,46071.914889496,0.561429152790158,0.901296423367096
BEL,2014,Belgium,158.571610953523,472192000000.0,453700000000.0,119.0,11.9393517315379,4.04466,3.801493,4.098801,4.390126,9895013.0,1596.3044,,537987419164.351,1.76554038149924,45147.6429534057,0.340002833356922,0.752728196932603
BEL,2013,Belgium,157.573622782434,468760000000.0,451677000000.0,118.1,10.6406117548271,,,,,9528054.0,1560.81076,,524097026598.55,0.305494549070232,43864.1204196838,1.1130959402754,0.752945122701996
BLZ,2025,Belize,,444000000.0,1431000000.0,,,,,,,,,,3326500000.0,2.74831731763744,14965.7521203147,1.06281547952896,2.0
BLZ,2024,Belize,108.972446521476,482000000.0,1455000000.0,95.4,0.000191087699111545,,,,,,,,3203631800.0,3.50466435023895,14367.3539278152,3.28955985952768,2.0
BLZ,2023,Belize,106.400505850771,488000000.0,1341000000.0,96.1,0.0,,,,,21279.0,3.44778828,,3052362650.0,0.500127941638667,13741.2085585188,4.38984017487675,2.0
BLZ,2022,Belize,107.840250086037,518000000.0,1381000000.0,102.7,0.000182431620336189,,,,,47264.0,3.3824544,,2846604350.0,9.25051329530994,13459.0765078205,6.27689319447544,2.0
BLZ,2021,Belize,98.9824369429997,422000000.0,1061000000.0,81.7,0.191639909392131,,,,,42478.0,,,2428606250.0,17.9899244143607,11716.3267818656,3.23563659237071,2.0
BLZ,2020,Belize,81.6431433128545,289000000.0,787000000.0,57.3,0.938240933761362,,,,,36993.0,,,2047284600.0,-13.5228997055506,9638.89513695889,0.121434644614894,2.0
BLZ,2019,Belize,102.441856907677,425000000.0,986000000.0,83.6,0.0,,,,,44510.0,0.0,,2381187850.0,4.25658710030072,10499.962073199,0.187069385181424,2.0
BLZ,2018,Belize,100.989214362975,451000000.0,958000000.0,70.2,0.0665460206063414,,,,,47729.0,0.0,,2285915050.0,0.822068592512508,9497.23480443418,0.269982622646335,2.0
BLZ,2017,Belize,97.7072571800462,457000000.0,916000000.0,66.9,8.17033581469156e-05,,,,,44381.0,3.746059438,,2266028250.0,-1.83323729057784,9120.65338346029,1.14765339305816,2.0
BLZ,2016,Belize,96.4998358304218,443000000.0,953000000.0,83.0,0.0,,,,,46040.0,2.689022193,,2239604950.0,-0.0187414958130319,9399.03567052789,0.663427167917601,2.0
BLZ,2015,Belize,104.070958799941,538000000.0,991000000.0,100.0,0.0,,,,,48141.0,2.463420011,,2193095150.0,2.7602602736023,9538.38691146009,-0.861584009427748,2.0
BLZ,2014,Belize,107.112517468788,589000000.0,962000000.0,107.8,0.0,,,,,43593.0,3.00429486,,2138242200.0,3.89226067249989,9489.91221371385,1.20139964481058,2.0
BLZ,2013,Belize,108.672614067831,609000000.0,928000000.0,114.2,0.0,,,,,40978.0,1.19620662,,2035191450.0,4.06646561608865,9525.83089030578,0.50974776898322,2.0
BEN,2025,Benin,37.1169356248994,3988000000.0,4951000000.0,,,,,,,,,,24566420903.5337,8.07408453688336,4816.87504692826,1.10155247902978,581.92848104034
BEN,2024,Benin,40.6398022401523,4024000000.0,4835000000.0,225.3,30.5389584270212,,,,,,,,21482643706.4249,7.45311566226201,4441.00443511982,1.16093089640415,606.345297609063
BEN,2023,Benin,44.6631308180211,4050000000.0,5252000000.0,241.8,4.41801513975982,,,,,,,,19673291004.1444,6.3527773854442,4133.3701351778,2.73870078406075,606.654982255763
BEN,2022,Benin,44.3815928877424,3719000000.0,4914000000.0,222.1,4.28715620621521,2.9,2.7,2.5,2.7,,,,17425405090.862,6.25294705373625,3843.54493453525,1.35077863583527,622.912348249567
BEN,2021,Benin,48.0548608324409,3642000000.0,4508000000.0,217.0,2.69844689930495,,,,,,,,17687623530.3355,7.1554516457574,3464.2886286745,1.73353962694036,554.607798864163
BEN,2020,Benin,44.8332333768726,2996000000.0,3555000000.0,178.4,1.84364942977986,,,,,,,,15686741883.934,3.84879240030133,3244.58772756805,3.02272119663759,574.294549649056
BEN,2019,Benin,63.68133231423,3052000000.0,3932000000.0,181.8,1.48291431982405,,,,,510895.6,,,14391686313.4641,6.86568662848335,3148.97969597838,0.732849371241066,585.950813757166
BEN,2018,Benin,61.7951944903448,3344000000.0,4375000000.0,199.6,2.84228678612343,2.75,2.56,2.5,3.42,321750.0,,,14262408089.9261,6.69725362180888,2965.30628143664,0.919170717886054,555.446458398235
BEN,2017,Benin,61.4765969588474,2216000000.0,3494000000.0,132.3,4.67071840547035,,,,,333000.0,,,12701655836.9467,5.67156195150444,2885.89383987721,0.0432648555103608,580.656749587853
BEN,2016,Benin,58.9869283378276,1774000000.0,2872000000.0,105.6,1.24487830227425,2.428125,2.19715,2.391474,2.690662,310500.0,0.006442778,,11821065853.3838,3.33967342629693,2842.0246258376,-0.793310145785624,592.605615063006
BEN,2015,Benin,56.7563131849476,1682000000.0,2561000000.0,100.0,1.62543807696831,,,,,288000.0,0.805347336,,11388160996.7738,1.77815106030278,2725.33724817144,0.218785923536245,591.21169798261
BEN,2014,Benin,65.2682749404551,2560000000.0,3828000000.0,152.8,4.13534388145926,2.560822,2.643939,2.351515,2.851515,344850.0,0.553884,,13284527846.9081,6.35767909791932,2670.41561399187,-0.548757550948181,493.757329875319
BEN,2013,Benin,59.2001918331875,1982000000.0,3010000000.0,116.8,1.27585565497432,,,,,341500.0,1.265124,,12517845123.9315,7.19143372144946,2511.65309588333,0.428888888888884,493.899623852233
BMU,2025,Bermuda,,43000000.0,1245000000.0,,,,,,,,,,,,,,1.0
BMU,2024,Bermuda,80.2060884448408,68000000.0,1270000000.0,350.8,14.3007432825453,,,,,,,,9194499000.0,1.88822861970388,118727.973294368,,1.0
BMU,2023,Bermuda,77.6465295570053,22000000.0,1179000000.0,108.0,14.9372818212848,,,,,,,,8602360000.0,4.33447280353832,113596.12110365,,1.0
BMU,2022,Bermuda,77.9770526954316,34000000.0,1192000000.0,99.6,12.5402908347027,,,,,,,,7767884000.0,6.25695521240877,104909.257552793,,1.0
BMU,2021,Bermuda,72.9270921395872,29000000.0,1055000000.0,136.6,8.07436049658355,,,,,,,,7290037000.0,4.76497899668355,92319.6714861222,,1.0
BMU,2020,Bermuda,70.5898221728952,19000000.0,904000000.0,88.3,5.48239418215182,,,,,,,,6887364000.0,-6.97162571479863,85146.4006275696,,1.0
BMU,2019,Bermuda,77.5601016506443,27000000.0,1118000000.0,141.0,6.94052678775144,,,,,4006.0,,,7423465000.0,0.307106461240664,90984.4576708318,,1.0
BMU,2018,Bermuda,77.5552703807388,18000000.0,1101000000.0,77.2,17.0559413120716,,,,,4437.324,,,7225977000.0,-0.432801300339307,85978.2177227009,,1.0
BMU,2017,Bermuda,72.3924284503794,18000000.0,1095000000.0,85.4,21.7890121439319,,,,,4437.324,,,7142316000.0,3.61141983706115,85680.9701917217,,1.0
BMU,2016,Bermuda,72.7499093828891,19000000.0,977000000.0,98.5,48.7853656585815,,,,,4437.324,,,6899911000.0,-0.657206304259205,80412.1834895484,,1.0
BMU,2015,Bermuda,73.2954985174785,22000000.0,934000000.0,100.0,27.1615560732563,,,,,4437.324,,,6654541000.0,0.775529699568978,75943.4642970922,,1.0
BMU,2014,Bermuda,76.5167474588353,22000000.0,962000000.0,85.5,28.6041247114545,,,,,4437.324,,,6413988000.0,-3.70106759364258,71988.5383627822,,1.0
BMU,2013,Bermuda,76.2701066974999,12000000.0,1012000000.0,56.7,12.6000042320837,,,,,4485.461,,,6465756000.0,-0.279708545423034,71519.6398526584,,1.0
BTN,2025,Bhutan,,800000000.0,2181000000.0,,,,,,,,,,3579320145.13077,8.00502716233098,19594.0028382994,3.55513663074987,87.1584483507393
BTN,2024,Bhutan,79.3625417953324,747000000.0,1448000000.0,136.0,,,,,,,,,3346603858.7495,7.49856206754038,17762.4053956096,2.76131569624098,83.669281580941
BTN,2023,Bhutan,81.7366278539811,641000000.0,1313000000.0,116.7,0.0107261524845822,,,,,,0.501684,,3012896789.79753,4.63215702969933,16228.5169143762,4.22934419929251,82.5992764460784
BTN,2022,Bhutan,85.5712165226139,724000000.0,1511000000.0,131.7,0.0122179939865199,2.5,2.7,2.2,2.6,,7.33702986,,2898227743.75576,5.21386783786224,15061.4232582306,5.6391667139637,78.6044905829916
BTN,2021,Bhutan,77.5824482709826,784000000.0,1220000000.0,142.8,,,,,,,0.358154,,2768802960.11204,4.42136738945015,13458.812666743,7.3468144053353,73.9180128154351
BTN,2020,Bhutan,71.8303510394637,651000000.0,899000000.0,118.6,0.0818080898528299,,,,,,0.510072,,2457604333.90927,-10.2183974208569,12475.048003428,5.62936522632508,74.0995668836052
BTN,2019,Bhutan,76.1235167041505,674000000.0,981000000.0,122.8,0.0586540724500387,,,,,,0.318844,,2735683570.46155,5.75514851246506,12909.1009840399,2.72643037388832,70.4203405359551
BTN,2018,Bhutan,79.7397203296083,606000000.0,1048000000.0,110.3,0.0945189011247493,2.17,2.14,1.91,2.49,,0.690916,,2583335721.85904,3.50187185732737,11969.5615003305,2.72396386183713,68.3894670935422
BTN,2017,Bhutan,76.7884016850221,573000000.0,1029000000.0,104.3,0.48623381410229,,,,,,0.530672,,2591358009.20276,2.08684522733067,11677.4142659974,4.95508366985129,65.1215686450659
BTN,2016,Bhutan,76.3847528498375,525000000.0,1002000000.0,95.5,1.60332899746079,2.321436,2.209524,1.955844,2.695238,,0.65910068,,2357504760.78592,8.47594339232963,11273.2823807676,3.21988689395718,67.1953128073894
BTN,2015,Bhutan,89.6391604595496,549000000.0,1061000000.0,100.0,,,,,,,0.538041372,,2187815803.36833,6.66080128866197,10213.8139608922,4.54814395082205,64.1519444632786
BTN,2014,Bhutan,87.9342562013295,583000000.0,932000000.0,106.2,,2.29013,2.090909,2.182645,2.282645,,0.922884,,2089079570.58285,5.88108550658288,9323.39448941386,8.27106093949328,61.0295144607843
BTN,2013,Bhutan,95.0525382780424,544000000.0,909000000.0,99.0,,,,,,,0.635292,,1943696951.65411,1.73634039505693,8666.91063590069,8.77638345268213,58.5978454166667
BOL,2025,Bolivia,,9701000000.0,10029000000.0,,,,,,,,,,64768947525.3256,-1.58237567348246,12873.0394876629,19.517120804733,6.91
BOL,2024,Bolivia,46.9778716148403,9059000000.0,9904000000.0,103.8,8.79395083358911,,,,,,,,54881327452.9667,-1.12335595517212,12896.3370149215,5.09976568317427,6.91
BOL,2023,Bolivia,49.6083255594597,10911000000.0,11496000000.0,125.0,8.16517022638076,,,,,,19.89050384,,52340206946.4544,2.51636590154891,12902.7509503368,2.57688800489192,6.91
BOL,2022,Bolivia,57.5249335789631,13924000000.0,11896000000.0,159.6,5.51769748718287,2.4,2.1,2.4,2.4,,20.720432,,50959081953.6903,3.74741781241461,12304.7789380156,1.74632872945969,6.91
BOL,2021,Bolivia,47.6670843158984,11030000000.0,9121000000.0,126.4,4.54888314317125,,,,,,20.27706066,,47877892402.3155,10.0290488827886,11202.4409836707,0.737383721452275,6.91
BOL,2020,Bolivia,37.5164342446486,7015000000.0,7080000000.0,80.4,4.32521785105525,,,,,,17.95563766,,42313784081.042,-12.7194690092717,9580.98962081658,0.940742153381849,6.91
BOL,2019,Bolivia,45.8209732749024,8757000000.0,9784000000.0,100.4,3.45205028026195,,,,,,22.980404,,49056643589.0014,1.50672102666863,11005.3541169156,1.83954504969026,6.91
BOL,2018,Bolivia,46.9261953417368,8965000000.0,9996000000.0,102.7,5.04855572806383,2.36,2.32,2.15,2.74,,13.7284774028928,,48414038842.2576,2.86808404814794,10758.4075594003,2.27205987230155,6.91
BOL,2017,Bolivia,45.5761123650708,7846000000.0,9288000000.0,89.9,5.87150676063352,,,,,,9.48554381985556,,45927439594.7902,4.19520633364647,10420.3923250933,2.8227580554717,6.91
BOL,2016,Bolivia,56.4010345026573,7082000000.0,8427000000.0,81.2,4.45996657268455,2.251462,1.967352,2.109668,2.791455,,9.008756313,,33941126193.9219,4.26392086992173,9242.02728323222,3.62321431764138,6.91
BOL,2015,Bolivia,67.9328451905248,8726000000.0,9766000000.0,100.0,6.40259447870096,,,,,,9.93479748637544,,33000198248.9146,4.85718718508603,8757.31777115049,4.05961041135645,6.91
BOL,2014,Bolivia,85.2644695625131,12300000000.0,10519000000.0,141.0,8.0579025832244,2.480758,2.397991,2.171007,2.596118,,8.78072557707694,,32996188017.3661,5.46056949136766,8628.94266128246,5.76660074579144,6.91
BOL,2013,Bolivia,81.2309075267174,11657000000.0,9338000000.0,133.6,9.36490977549173,,,,,,7.993202,,30659338885.6729,6.79601141268498,8068.72017230447,5.73640023719607,6.91
BIH,2025,Bosnia and Herzegovina,95.1215717200063,9813000000.0,17328000000.0,,,,,,,,,,32599982936.3931,2.12861913138053,25814.2641520511,,1.73592901689708
BIH,2024,Bosnia and Herzegovina,94.7601778509961,8890000000.0,15847000000.0,173.8,6.16317357059664,,,,,,,,29737363103.0492,3.22679979810856,25148.0128390147,,1.80756356165183
BIH,2023,Bosnia and Herzegovina,99.6330317954442,9232000000.0,15355000000.0,181.4,4.96705366555243,,,,,,,,27592361498.4057,1.99439414850893,23376.3069324282,6.1059011284828,1.80920280030082
BIH,2022,Bosnia and Herzegovina,110.205283719751,9674000000.0,15376000000.0,189.4,5.22474917760104,3.0,2.7,2.6,3.2,,,,24534663636.1778,4.22681333390325,21651.3043527017,14.0208440826771,1.85932587706093
BIH,2021,Bosnia and Herzegovina,96.7391144408744,8614000000.0,13029000000.0,169.5,5.31622200242201,,,,,,,,23672712121.2671,7.39164256472846,18286.6614977175,1.98163900587622,1.65360615435868
BIH,2020,Bosnia and Herzegovina,82.5216467994007,6155000000.0,9873000000.0,120.8,4.61445247367362,,,,,,,1040.0,20226038369.9191,-3.01509335460439,16369.9392465531,-1.0512960076349,1.71697049519219
BIH,2019,Bosnia and Herzegovina,94.516125154246,6578000000.0,11159000000.0,128.6,5.26613568987605,,,,,,0.0,1275.0,20482608984.3316,2.88585242083978,16428.7132755213,0.56278215406123,1.74708646136073
BIH,2018,Bosnia and Herzegovina,98.4320694182631,7182000000.0,11630000000.0,140.6,5.25474301922066,2.81,2.63,2.42,3.21,,0.0,1187.9,20484058033.1144,3.82900399349064,14858.6247595644,1.41710814018034,1.65698544113543
BIH,2017,Bosnia and Herzegovina,96.6458803566861,6402000000.0,10504000000.0,125.4,5.44354933849204,,,,,,,1130.1,18326373135.6099,3.24409895306594,13627.0836811249,0.810039425333895,1.73535271327691
BIH,2016,Bosnia and Herzegovina,88.2440340022738,5328000000.0,9146000000.0,104.0,2.73442380884611,2.596254,2.692308,2.607002,2.940335,,,1142.0,17116926553.8513,3.24225822231566,12899.4451443422,-1.58400833333336,1.76813902429915
BIH,2015,Bosnia and Herzegovina,88.291992587588,5098000000.0,8986000000.0,100.0,2.96381994739358,,,,,,8.7e-05,1286.0,16404348361.0926,4.28413016137854,11845.4600112171,-1.03602303425474,1.76349164694686
BIH,2014,Bosnia and Herzegovina,90.5522780395662,5892000000.0,10988000000.0,115.2,2.49515315112739,2.747618,2.408796,2.554351,3.443667,,0.000408,1313.0,18558734107.1478,1.15384793371298,11167.8524537099,-0.897194054194333,1.474169186794
BIH,2013,Bosnia and Herzegovina,87.9312380280562,5687000000.0,10295000000.0,112.0,2.40453152014227,,,,,,0.000528,1243.0,18179109209.3892,2.34985873172397,10808.2876334613,-0.0930456838317588,1.47305132263235
BWA,2025,Botswana,69.5446677858652,5119000000.0,6395000000.0,,,,,,,,,,19928479839.4476,-0.733898323852287,20697.9104661898,2.6597506179431,13.5023833333333
BWA,2024,Botswana,69.4453508747185,4665000000.0,7216000000.0,73.6,,,,,,,,,19286251067.5078,-2.77988981666252,20612.4785435561,2.81835131676251,13.5631333333333
BWA,2023,Botswana,70.1128327324509,5763000000.0,6506000000.0,91.3,0.539469030954736,,,,,,0.282,,19413614554.6944,3.20806812224438,21029.4218686605,5.0676154934383,13.5963833333333
BWA,2022,Botswana,86.0696039867252,8327000000.0,8145000000.0,131.9,0.502381294093243,3.1,3.0,3.1,3.3,,0.049842,,20321150599.1523,5.48601706446772,19973.6684436048,11.665567478802,12.3688083333333
BWA,2021,Botswana,91.0478497403998,7420000000.0,8400000000.0,117.5,0.330785941453264,,,,,,0.063317,,18750182236.2211,11.9162724376008,17960.6254447437,7.24097765588442,11.0872583333333
BWA,2020,Botswana,80.3250344865506,4262000000.0,6516000000.0,67.2,0.405712803492277,,,,,,,,14960251607.8135,-8.72888243996397,15292.2624673252,1.8903591682421,11.4562416666667
BWA,2019,Botswana,83.0929813601175,5237000000.0,6564000000.0,82.9,0.36524715857455,,,,,,0.675495,,16725908148.5481,3.0317733945467,15960.0156143903,2.77286442863321,10.7558666666667
BWA,2018,Botswana,87.4551039946493,6575000000.0,6306000000.0,104.1,0.61107528423043,,,,,,0.113606,,17031943186.1353,4.18869237159223,15785.819633781,3.23801558947715,10.199975
BWA,2017,Botswana,81.9239513763494,5870000000.0,5329000000.0,92.9,0.957704009113018,,,,,,0.14564,,16105155856.7708,4.11437856445083,15700.6650479641,3.30828076768219,10.3474166666667
BWA,2016,Botswana,100.464689766026,7366000000.0,6143000000.0,116.6,0.424915581396886,3.045458,3.049388,2.95539,3.71874,,,,15082637184.0496,7.20442475914267,16228.1231235664,2.81495791361944,10.9011583333333
BWA,2015,Botswana,112.900891016005,6316000000.0,7238000000.0,100.0,0.697217599549073,,,,,,,,13530748844.505,-4.85132507409779,14143.6940733728,3.06203169580558,10.1289916666667
BWA,2014,Botswana,119.497541791464,8510000000.0,8078000000.0,134.8,0.257049739471429,2.492775,2.384615,2.233136,2.940828,,0.107736,,15470088500.7414,5.69714422072884,15003.3197518349,4.40225309243427,8.97608333333333
BWA,2013,Botswana,125.78303991122,7911000000.0,8352000000.0,125.2,0.399203014010107,,,,,,0.141492,,14271738933.2042,11.1029068737822,13621.1494726695,5.88460707056817,8.39890833333333
BRA,2025,Brazil,35.2914822615074,348278000000.0,293696000000.0,,,,,,,,,,2279920092492.13,2.2857464902475,23433.2897595431,5.01675279604836,5.58728623856661
BRA,2024,Brazil,35.5845239386244,337046000000.0,277954000000.0,180.4,11.1103644206652,,,,,13893906.0,,,2185821610689.31,3.41931516501906,22370.9182253225,4.36746407652337,5.3889349057096
BRA,2023,Brazil,33.6662298301438,339696000000.0,252710000000.0,181.9,9.849149349554,,,,,11613563.0,1387.08273,,2191131765684.63,3.24165532906981,21193.0721417478,4.59356282283204,4.99437976287199
BRA,2022,Brazil,38.8160659763397,334136000000.0,292245000000.0,178.9,9.11134627987528,3.2,2.9,3.2,3.5,11683239.0,1433.9491,,1951923942083.32,3.01669435393015,19873.7032623309,9.28010608956873,5.16397029102111
BRA,2021,Brazil,37.6563307598082,280815000000.0,234690000000.0,150.3,9.00155420026002,,,,,11801530.0,1294.48671,,1670647398904.9,4.76260437908608,18075.7060049068,8.30165975585673,5.39440078962503
BRA,2020,Brazil,32.3020785437939,209180000000.0,166336000000.0,112.0,11.3500942678804,,,,,10450632.0,1209.70683,,1476107231310.49,-3.2767587964736,16101.6183063466,3.21176803803376,5.15517878751281
BRA,2019,Brazil,28.8902578698964,221127000000.0,193162000000.0,118.4,14.0668052120423,,,,,10704669.0,1521.14944,,1873288205059.69,1.22077782360842,16069.8380152627,3.73297621216894,3.9444710972507
BRA,2018,Brazil,28.8762033763866,231890000000.0,192840000000.0,124.1,14.7442418256611,2.99,2.41,2.93,3.51,10061925.0,1845.64776,,1916933898010.99,1.783666761634,15463.7426393889,3.66485028376729,3.65382536145755
BRA,2017,Brazil,24.3197343743057,214988000000.0,165855000000.0,115.1,14.3118892236086,,,,,9380502.0,1736.549227,,2063514977365.65,1.32286905404399,14559.0488897004,3.44637335032669,3.19138944630048
BRA,2016,Brazil,24.5336820777006,179526000000.0,145248000000.0,96.1,16.0001642772964,3.087984,2.757184,3.110258,3.391947,8804079.0,1513.832873341,,1795693482853.01,-3.27591690782192,14309.2061489274,8.73914352329393,3.49131342157271
BRA,2015,Brazil,26.95362593736,186782000000.0,180460000000.0,100.0,14.4858996246715,,,,,9263315.0,1493.939,,1802212206814.5,-3.54576339269425,14821.4383174534,9.02990102416136,3.32690438276879
BRA,2014,Brazil,24.6854058131291,220923000000.0,240763000000.0,118.3,12.3711688680768,2.943951,2.481013,2.927419,3.387455,9436275.0,1596.774,,2456043727198.85,0.503955740242247,15827.3081625514,6.32904015516139,2.35295196276669
BRA,2013,Brazil,25.7859573274674,232544000000.0,252282000000.0,124.5,11.9698618012495,,,,,9214483.0,1637.382,,2472819535557.21,3.00482266944432,15722.3335242901,6.20431066640101,2.15608915126311
VGB,2025,British Virgin Islands,,,,,,,,,,,,,,,,,
VGB,2024,British Virgin Islands,,,,56.1,,,,,,,,,,,,,
VGB,2023,British Virgin Islands,,,,88.0,,,,,,,,,,,,,
VGB,2022,British Virgin Islands,,,,85.9,,,,,,,,,,,,,
VGB,2021,British Virgin Islands,,,,75.8,,,,,,,,,,,,,
VGB,2020,British Virgin Islands,,,,66.2,,,,,,,,,,,,,
VGB,2019,British Virgin Islands,,,,89.0,,,,,,45955.97,,,,,,,
VGB,2018,British Virgin Islands,,,,80.2,,,,,,56317.36,,,,,,,
VGB,2017,British Virgin Islands,,,,98.6,,,,,,49149.42,,,,,,,
VGB,2016,British Virgin Islands,,,,98.5,,,,,,52542.78,,,,,,,
VGB,2015,British Virgin Islands,,,,100.0,,,,,,27221.88,,,,,,,
VGB,2014,British Virgin Islands,,,,100.3,,,,,,27154.4,,,,,,,
VGB,2013,British Virgin Islands,,,,96.0,,,,,,27154.4,,,,,,,
BRN,2025,Brunei Darussalam,123.609124931602,10498000000.0,6036000000.0,,,,,,,,,,15031980994.1121,0.66956214816436,92429.9262686398,-0.302994414446762,1.307595108858
BRN,2024,Brunei Darussalam,132.58743952196,11258000000.0,7295000000.0,177.3,1.06433459453488,,,,,,,,15340808592.48,4.05251709306727,90009.8912498003,-0.388674165036461,1.33603327650724
BRN,2023,Brunei Darussalam,136.86343465048,11241000000.0,7484000000.0,176.6,1.01925056768477,,,,,99000.0,45.91011,,15095084656.1634,1.12764418162719,85102.6867427911,0.35706431153689,1.34307960114934
BRN,2022,Brunei Darussalam,146.973965879597,14230000000.0,9184000000.0,224.3,1.04425960383175,,,,,104000.0,30.667,,16681536466.7183,-1.62833154515108,81788.7819525501,3.68225030604216,1.37895639652216
BRN,2021,Brunei Darussalam,147.123112375318,11058000000.0,8575000000.0,174.3,1.36091758514108,,,,,110430.0,23.07942,,14006496617.4458,-1.59076260099606,78248.797127611,1.73341388450593,1.34380696297339
BRN,2020,Brunei Darussalam,110.291003658452,6608000000.0,5343000000.0,104.2,1.33895704916391,,,,,106174.0,40.227,,12005799653.9835,1.1335733495246,69787.9632795717,1.94031996607184,1.37970342971399
BRN,2019,Brunei Darussalam,108.509658357959,7039000000.0,5103000000.0,110.9,8.09397013891129,,,,,117901.0,122.45694,,13469235364.7032,3.86884436177075,69353.6799514849,-0.390522069165529,1.36421851405475
BRN,2018,Brunei Darussalam,93.8980617666778,6574000000.0,4164000000.0,103.5,0.04242971199202,2.71,2.62,2.46,3.17,113125.0,129.352,,13566908391.0895,0.0523710418528935,65148.8264035521,1.02505179290212,1.34891856542537
BRN,2017,Brunei Darussalam,85.1768604269985,5571000000.0,3085000000.0,87.6,29.8494711484063,,,,,104747.0,132.612,,12128168045.1245,1.32872661057823,61657.6802725444,-1.2605056462896,1.38089116405281
BRN,2016,Brunei Darussalam,87.319801332806,4875000000.0,2679000000.0,76.7,13.5766744202278,2.870492,2.781818,2.747727,3.192208,98606.0,124.259,,11400266044.6651,-2.47791771833224,56679.5185221407,-0.278693265753083,1.38134687688286
BRN,2015,Brunei Darussalam,89.8961882533585,6353000000.0,3229000000.0,100.0,19.0919306854245,,,,,102798.0,115.147,,12930296870.1247,-0.392383749502031,62707.8264437741,-0.488347420743522,1.37491084459887
BRN,2014,Brunei Darussalam,102.421000963035,10509000000.0,3599000000.0,165.4,8.5604591412129,,,,,106168.0,115.389,,17097797386.0336,-2.50788727590711,81225.5485449793,-0.207108731719822,1.2670401230814
BRN,2013,Brunei Darussalam,110.939599584216,11447000000.0,3612000000.0,180.2,16.2873491919089,,,,,111817.0,127.595004,,18094148098.6536,-2.12478292664558,83237.1470879654,0.389205053123632,1.25116566976059
BGR,2025,Bulgaria,102.514263507931,48318000000.0,60894000000.0,,,,,,,,,,130777235529.606,3.0963663917961,44451.1001576913,4.58084355235697,1.73519166666667
BGR,2024,Bulgaria,110.226317731322,47888000000.0,55001000000.0,183.7,13.4299683659831,,,,,296350.0,,,113349149166.793,3.38708962009333,41969.595471884,2.44651943006079,1.80784166666667
BGR,2023,Bulgaria,119.899505851916,47980000000.0,53634000000.0,189.1,12.0578944173221,,,,,282160.0,0.626,,102204457334.822,1.68151075832925,38829.297423161,9.44284140088564,1.80896666666667
BGR,2022,Bulgaria,138.844872770267,49925000000.0,57959000000.0,196.8,10.3826775418569,3.2,3.1,3.1,3.5,254854.0,0.86071,,90510784777.6397,4.08386398118941,36320.2814407535,15.3252589264367,1.86014166666667
BGR,2021,Bulgaria,121.214091012604,41157000000.0,46210000000.0,162.2,10.9244735738213,,,,,245160.0,0.058087,4658.0,84378926047.3002,7.82817310703665,30958.9830238332,3.29774435299506,1.653775
BGR,2020,Bulgaria,110.423903082333,31954000000.0,35056000000.0,125.9,11.3032725784223,,,,,254571.0,1.022,4503.0,70490478088.1395,-3.13323543125917,27351.8659900682,1.67244096855756,1.71633333333333
BGR,2019,Bulgaria,125.260415075086,33340000000.0,37663000000.0,131.4,10.8523101760506,,,,,261934.0,1.257,3901.6,68511235459.4907,3.79331964589196,26765.556194772,3.10372944796771,1.74704166666667
BGR,2018,Bulgaria,129.166502231244,33617000000.0,37856000000.0,132.5,10.3728902592084,3.03,2.94,2.76,3.31,241716.0,1.375,3792.0,66100606676.6544,2.33015054210419,23997.7941525242,2.81454473824838,1.65704166666667
BGR,2017,Bulgaria,129.634433774038,31438000000.0,34184000000.0,123.9,9.63608854549453,,,,,228545.0,1.71896,3931.0,59170671046.4798,2.74592737750996,22317.2366242463,2.06159619443141,1.73545833333333
BGR,2016,Bulgaria,122.805519071127,26572000000.0,28933000000.0,104.7,8.98610305298707,2.807685,2.4,2.351053,3.309184,206111.0,1.76924764650873,3434.0,53932152153.5457,3.02662820096305,20745.9250164072,-0.798649886453617,1.76804166666667
BGR,2015,Bulgaria,126.736652288689,25371000000.0,29205000000.0,100.0,8.45026671335107,,,,,201050.0,1.53095,3650.0,50768512172.9373,3.39755351999294,18896.1145714262,-0.104633261008479,1.7644
BGR,2014,Bulgaria,130.248372124871,29245000000.0,34651000000.0,115.3,7.57800086773203,3.157151,2.75,2.9375,4.037054,195456.0,1.722,3439.0,57083817239.8145,0.949449772002041,17990.7860607342,-1.4181838026484,1.47418333333333
BGR,2013,Bulgaria,129.688685003845,29579000000.0,34303000000.0,116.6,8.29440219336705,,,,,180446.0,1.731,3246.0,55822115861.1854,-0.542753400392826,16893.7939132873,0.890093540913096,1.47356666666667
BFA,2025,Burkina Faso,65.0029506969427,11076000000.0,7572000000.0,,,,,,,,,,27627297461.3181,5.29461839319283,3071.62546744866,-0.586235316330579,581.92848104034
BFA,2024,Burkina Faso,60.492898852298,5640000000.0,6433000000.0,259.4,1.64548901950889,,,,,,,,23136514855.7646,4.83395810163883,2901.04214238045,4.19081721344523,606.345297609063
BFA,2023,Burkina Faso,63.1530435873964,4467000000.0,5894000000.0,205.5,3.79784659837351,,,,,,1.4746,,20106062971.6533,3.00027415814125,2761.57633646549,0.742910428668918,606.569750165917
BFA,2022,Burkina Faso,67.5202901331655,4518000000.0,5504000000.0,207.8,1.5289989764953,2.3,2.0,2.3,2.4,,0.047313,,18622421394.6133,1.62673258211919,2644.82146127902,14.2902354303358,623.759700911182
BFA,2021,Burkina Faso,62.4203586607795,5043000000.0,4614000000.0,232.0,2.25653916783306,,,,,,0.115892,,19697516284.3787,6.94252492572348,2486.43093147762,3.65326761825509,554.530675033104
BFA,2020,Burkina Faso,60.7397786403239,4372000000.0,4126000000.0,201.1,3.40123479951733,,,,,,,,17725010532.5268,2.01077262406221,2380.72282781802,1.88470066518847,575.586004510945
BFA,2019,Burkina Faso,60.4086928753226,3239000000.0,4284000000.0,148.9,25.7871512116805,,,,,,0.04808,,16032813503.3707,5.88920497068135,2232.16282016585,-3.23338933983322,585.911013180369
BFA,2018,Burkina Faso,60.5956256236488,3254000000.0,4301000000.0,149.6,5.88092859304184,2.62,2.41,2.43,3.04,,0.104614,,15890066221.2882,6.60456906812341,2073.3235382155,1.95594302672532,555.446458398226
BFA,2017,Burkina Faso,59.2687802020168,2875000000.0,3861000000.0,132.1,5.75853107563762,,,,,,0.022108182,,14106955615.3442,6.20348941121868,2042.40295259917,1.48299897161326,580.656749587858
BFA,2016,Burkina Faso,57.8931727994406,2509000000.0,3345000000.0,115.3,5.94496725526008,2.73081,2.551724,2.668512,3.132258,,0.022020102,,12833363045.3367,5.95797670754024,1881.75893134407,0.441041448058809,592.605615063022
BFA,2015,Burkina Faso,59.0891813101662,2176000000.0,3080000000.0,100.0,4.96027740230027,,,,,,0.055868736,,11832159315.6298,3.9212287937935,1691.57935387408,0.724838981070517,591.21169798261
BFA,2014,Burkina Faso,58.8235624937426,2453000000.0,3576000000.0,112.7,11.0587712923066,2.6383,2.5,2.348214,3.205357,,0.05088,,13943016076.7436,4.32684561452976,1661.31773793757,-0.258089517535291,493.757329875312
BFA,2013,Burkina Faso,64.0358513024234,2356000000.0,4365000000.0,108.2,14.0169615252893,,,,,,0.062208,,13444300485.8412,5.79258484509867,1642.89213125776,0.533738507090536,493.899623852237
BDI,2025,Burundi,,332000000.0,1188000000.0,,,,,,,,,,3364713864.08488,4.24010529884178,1248.05425025467,34.1339985744832,2943.1375
BDI,2024,Burundi,,175000000.0,1074000000.0,145.4,,,,,,,,,3037579858.38142,4.11227376394912,1193.03528498996,20.2124925027847,2885.24549799567
BDI,2023,Burundi,,210000000.0,1198000000.0,175.4,1.30508367041098,,,,,,,,3419558408.35408,3.25476897326196,1147.42440486734,26.9414835762453,2574.05174879329
BDI,2022,Burundi,,207000000.0,1260000000.0,172.7,1.11792409166671,,,,,,,,4020736756.64256,2.31770122350822,1101.23579609841,18.8008786664945,2034.30663430472
BDI,2021,Burundi,,163000000.0,1025000000.0,133.6,0.250001784207837,,,,,,,,3425127990.70519,3.23707479372925,1032.38274081999,8.40453845076341,1975.95088138768
BDI,2020,Burundi,,162000000.0,909000000.0,134.2,0.120495501588776,,,,,,,,3188355943.63513,0.306443811651718,946.413218223156,7.32110643415521,1915.04617583333
BDI,2019,Burundi,,180000000.0,887000000.0,150.3,0.470990947883211,,,,,,,,2871555326.31029,4.45934202358784,868.423731660834,-0.686772170797359,1845.62289069697
BDI,2018,Burundi,,180000000.0,793000000.0,150.5,25.9363254766862,2.06,1.69,1.95,2.17,,,,2913411408.44783,5.34224473186408,823.013102241659,-2.81469807668465,1782.876875
BDI,2017,Burundi,,172000000.0,755000000.0,143.3,1.66362151202897,,,,,,,,2831362208.34039,3.83185757061784,791.393494929898,16.0525353030392,1729.055
BDI,2016,Burundi,,125000000.0,616000000.0,103.6,3.1959825567903,2.509776,2.016976,1.98495,3.449404,,,,2618093125.14687,3.20017470408993,764.282221636915,5.55768961400965,1654.62666666667
BDI,2015,Burundi,,121000000.0,857000000.0,100.0,3.49266770916697,,,,,,,,2810532912.49975,-0.404525595204191,722.032898379933,5.54468891259779,1571.89833333333
BDI,2014,Burundi,,132000000.0,769000000.0,110.2,1.45729832506366,2.565735,2.6,2.4,2.76,,,,2705826648.21019,4.24490803087248,724.371954183273,4.40535234185293,1546.68666666667
BDI,2013,Burundi,,94000000.0,811000000.0,78.6,0.308296619366683,,,,,,,,2451624637.67157,4.92392485117456,687.370968311715,7.93795807492418,1555.09083333333
CPV,2025,Cabo Verde,95.3284601191981,96000000.0,2043000000.0,,,,,,,,,,3056630435.32463,6.29698518253096,12165.2989335356,2.34333897365163,97.8631517010164
CPV,2024,Cabo Verde,96.9022561569006,78000000.0,1869000000.0,112.7,,,,,,89382.0,,,2713721857.39153,6.98888280991075,11184.7207350908,1.04817001091965,101.922010798199
CPV,2023,Cabo Verde,95.0324943346692,51000000.0,1705000000.0,82.9,1.15215005835922,,,,,83828.0,0.094055,,2504525537.51069,4.7947613911073,10250.5950245626,3.72437517668748,101.804812544702
CPV,2022,Cabo Verde,96.9941368513357,49000000.0,1876000000.0,72.3,3.47654000154602,,,,,82871.0,0.0299871,,2247003344.34242,15.843675684642,9479.57079016694,7.93092925430087,104.863065846367
CPV,2021,Cabo Verde,77.4550586265341,56000000.0,1353000000.0,83.9,2.03802142478556,,,,,79754.0,0.016159056,,2051842618.70539,7.03353010694514,7685.41921393669,1.86215297494647,93.2180924116109
CPV,2020,Cabo Verde,78.3934545931901,53000000.0,1144000000.0,79.1,0.760204522523159,,,,,76139.0,0.031316,,1821565613.68613,-20.8052758990735,6852.57669930355,0.605795808395385,96.7957427869885
CPV,2019,Cabo Verde,103.602656463726,62000000.0,1463000000.0,93.0,1.3232793350624,,,,,91683.0,0.049965,,2252177124.32402,6.94782634051859,8645.75646859343,1.10666674296063,98.4951785878976
CPV,2018,Cabo Verde,105.867524052105,76000000.0,1651000000.0,114.0,9.64098963151736e-05,,,,,84041.0,0.048636,,2205099506.99994,3.70696458310842,7916.42115326174,1.25699566690509,93.4135789085279
CPV,2017,Cabo Verde,100.052133904219,52000000.0,1265000000.0,76.2,,,,,,74554.0,,,1996741539.95088,4.5513148102974,7935.76176281072,0.784415251101334,97.8069377715121
CPV,2016,Cabo Verde,95.3781398609533,55000000.0,1022000000.0,82.1,,,,,,62112.0,,,1849789985.99572,4.28071482662371,7350.75358726727,-1.40781637091706,99.6881136363636
CPV,2015,Cabo Verde,94.0084870167993,67000000.0,604000000.0,100.0,,,,,,52789.0,,,1749857620.35329,0.936026507808833,6773.48679969386,0.131187999024545,99.3856935425685
CPV,2014,Cabo Verde,91.3038524117221,80000000.0,768000000.0,119.7,0.00295369278971465,,,,,54112.0,1.882368,,2041930125.42979,0.696666840118581,6416.83301150977,-0.238778144990624,83.0345
CPV,2013,Cabo Verde,86.1698600308418,69000000.0,725000000.0,103.1,,,,,,49084.0,1.941924,,2028910915.16446,0.632136727385131,6367.28001322501,1.50654285701407,83.0725
KHM,2025,Cambodia,136.089748673383,31274000000.0,33885000000.0,,,,,,,,,,51267065842.9641,5.34932084572877,8542.6965378612,2.35127105896507,4013.43310400666
KHM,2024,Cambodia,143.447009703011,26661000000.0,28699000000.0,311.6,5.26214140574212,,,,,1030000.0,,,46352647037.2406,6.0158145735202,7981.50816402382,0.808042016536654,4072.39723921642
KHM,2023,Cambodia,134.206842395931,23186000000.0,24381000000.0,274.8,12.9853431148883,,,,,797778.0,2.441464,,42335646895.7984,5.00733043811898,7436.85544015287,2.12746796594194,4110.65274641577
KHM,2022,Cambodia,145.873632761406,22472000000.0,29805000000.0,263.2,6.56222598236463,2.4,2.2,2.1,2.7,750148.0,4.0637916,,39994532959.6074,5.12990110773977,6917.7197730003,5.34370264895437,4102.03786482335
KHM,2021,Cambodia,146.179846509715,19307000000.0,28583000000.0,226.0,2.98063279368018,,,,,732387.0,,,36790163687.4421,3.08984284148661,6225.53265474741,2.92073477592949,4098.72279505888
KHM,2020,Cambodia,122.105396346568,17716000000.0,19114000000.0,207.5,2.28307484240574,,,,,641842.0,,,34818073901.4851,-3.55572193406549,5942.45380373929,2.9402951426397,4092.78321900878
KHM,2019,Cambodia,115.736679072448,14825000000.0,20279000000.0,173.5,1.19402155927369,,,,,639211.0,0.68860716,,36685356407.7206,7.93695013588524,6153.99439528427,1.94257500833107,4061.14896313364
KHM,2018,Cambodia,118.43765541305,12700000000.0,17489000000.0,148.7,1.40927888070578,2.58,2.37,2.14,3.16,537107.0,0.67645,,33145892168.8958,8.77622376224463,5616.98087023303,2.45908515380146,4051.16690028162
KHM,2017,Cambodia,121.155451298689,11278000000.0,14283000000.0,132.0,1.74238685693004,,,,,459835.0,0.876,,29355665909.7905,8.07503915535979,5050.06356615113,2.91263557371478,4050.5799859191
KHM,2016,Cambodia,122.704555602667,10069000000.0,12371000000.0,117.9,1.8586809100055,2.80059,2.615385,2.362919,3.304648,400187.0,1.441695,,26556545153.3573,7.90550116130704,4748.12428521528,3.01913975139128,4058.69457885305
KHM,2015,Cambodia,122.109596815379,8542000000.0,13261000000.0,100.0,1.53516035451456,,,,,392000.0,2.30126,,24174170369.0738,7.20703472529512,4433.64393500572,1.22393195511119,4067.75
KHM,2014,Cambodia,124.454908526693,6846000000.0,10692000000.0,80.0,0.50562837571876,2.741407,2.666667,2.583333,2.75,330000.0,1.75384,,22041463967.9009,8.00032074618566,4117.78868309006,3.85568861424207,4037.5
KHM,2013,Cambodia,124.887552768657,6666000000.0,9555000000.0,78.1,1.21285515161475,,,,,286450.0,1.07095376052747,,19807135252.8649,7.8574997554252,3890.94841205221,2.94162509547349,4027.25
CMR,2025,Cameroon,33.3842706629963,5100000000.0,9400000000.0,,,,,,,,,,58933453923.761,3.20000015616144,5787.85440270861,3.40373458279055,581.92848104034
CMR,2024,Cameroon,34.4031785915423,5364000000.0,8245000000.0,145.7,,,,,,350000.0,,,53296694320.2057,3.52472308052245,5597.10321648993,4.53331349711606,606.345297609063
CMR,2023,Cameroon,37.8903321242578,4927000000.0,8231000000.0,121.7,2.10363029161033,,,,,348470.0,0.017701,,48814501547.4313,3.34756290750219,5415.22890256369,7.38281384280984,606.569750165917
CMR,2022,Cameroon,41.2866025594679,5584000000.0,7874000000.0,137.9,3.28864706003967,2.1,2.1,2.1,2.1,338412.0,0.020147,,44347206072.5513,3.7367840056412,5188.15515765322,6.24767713343861,623.759700911182
CMR,2021,Cameroon,36.7308347188558,4317000000.0,6981000000.0,106.5,2.15123166966613,,,,,360512.0,0.026099,874.050746,45011937346.8384,3.33885747179505,4793.55628200196,2.27185762503637,554.530675033104
CMR,2020,Cameroon,33.7388313623871,3132000000.0,5521000000.0,77.4,3.08382242415572,,,,,421854.0,0.024731,955.515,40773241177.0505,0.259932915907115,4365.44704128392,2.43760882182236,575.586004510945
CMR,2019,Cameroon,43.3785132480415,4084000000.0,6583000000.0,100.7,5.11907584621214,,,,,370493.0,0.031566,974.087,39667757527.6578,3.47505998194981,4241.11174920592,2.45280214062732,585.911013180369
CMR,2018,Cameroon,40.587602877028,3803000000.0,5656000000.0,93.7,7.02536411453841,2.6,2.46,2.57,2.57,378758.0,0.066817,812.416,39955552189.795,3.95551423892049,4010.76360069526,1.0688581131292,555.446458398226
CMR,2017,Cameroon,39.1990216052629,3233000000.0,4796000000.0,79.6,6.01740401782352,,,,,386367.0,,841.569,36098547033.1655,3.54117654926007,3767.43072883824,0.64040914988195,580.656749587858
CMR,2016,Cameroon,40.6386315268268,3305000000.0,5206000000.0,81.4,5.61841773540935,2.151499,2.090909,2.205693,2.286961,370000.0,,,33814337044.3765,4.53579423678801,3626.99932028578,0.874190383288856,592.605615063022
CMR,2015,Cameroon,45.5401468279393,4058000000.0,6045000000.0,100.0,4.85732535277837,,,,,379915.0,,,32210233020.4569,5.66695298703932,3497.66067563959,2.676235314199,591.21169798261
CMR,2014,Cameroon,50.8323893087648,5145000000.0,7553000000.0,126.8,6.84155124571043,2.296616,1.857143,1.853742,2.795748,333555.0,,,36386544706.0806,5.71981814509198,3422.26128158344,1.85489850366777,493.757329875312
CMR,2013,Cameroon,49.6745363462134,4515000000.0,6649000000.0,111.4,3.20435302185327,,,,,339268.0,0.0,,33728621180.3231,4.99552916130783,3238.86829843733,2.05034718001741,493.899623852237
CAN,2025,Canada,63.5105049692227,554676000000.0,577441000000.0,,,,,,,,,,2319899772425.92,1.74268536175708,66745.8248561648,2.07232411149103,1.39810565893901
CAN,2024,Canada,65.1214987304374,567744000000.0,573098000000.0,138.7,16.7779029827711,,,,,6394038.0,,,2270076189683.46,2.04626605401701,65482.9454728344,2.38158383281173,1.36935976604092
CAN,2023,Canada,66.5745425015033,570079000000.0,570873000000.0,139.1,16.3717954388263,,,,,6102646.0,2036.406681,,2196593836347.42,1.95308552199025,64962.1919440095,3.87900159788426,1.3499086407939
CAN,2022,Canada,66.9531620692051,601632000000.0,586133000000.0,146.9,15.1489765380468,4.0,4.0,4.3,4.1,7075877.0,3097.628821,,2200562785046.32,4.69541985045903,64217.0443455227,6.80280115341613,1.30155477474355
CAN,2021,Canada,62.2468612630348,509441000000.0,506476000000.0,124.2,16.33762888714,,,,,7169607.0,3240.0,430170.0,2022377950896.78,5.95052804984759,56995.0952020711,3.39519318527528,1.2538769021268
CAN,2020,Canada,61.1566883386797,390821000000.0,420934000000.0,95.3,16.7587089775244,,,,,6298023.0,2306.166349,444032.0,1655686966881.99,-5.03823342794087,48590.748859725,0.716999632307827,1.34115267222386
CAN,2019,Canada,66.1713422730605,448817000000.0,462993000000.0,109.5,17.1309209127166,,,,,7000133.0,3109.04305844707,446081.0,1743728952156.85,1.90843193887251,50499.0822425462,1.94926902411593,1.32679336266012
CAN,2018,Canada,66.59982627163,452313000000.0,469106000000.0,110.3,15.4222842964733,3.73,3.6,3.75,3.96,6763247.0,2482.0,445546.0,1725330736237.69,2.74296341402246,49982.6446255492,2.26822567248103,1.29581792813534
CAN,2017,Canada,65.1009087910845,420665000000.0,443651000000.0,102.6,14.3488055729531,,,,,6377236.0,2840.9851350232,420143.0,1649269496514.62,3.03383491841392,48317.500303004,1.59688412852977,1.29793584646039
CAN,2016,Canada,65.3636199818813,389991000000.0,412940000000.0,95.1,14.0996116936098,3.930707,3.952071,4.141614,4.009393,5727822.0,2246.22709557467,396806.0,1527996250640.92,1.03855091989323,46470.6925239685,1.42875954701085,1.3256151637482
CAN,2015,Canada,66.1648355844224,410062000000.0,430124000000.0,100.0,14.8286795335378,,,,,5828525.0,2074.830881067,412985.0,1556510380200.23,0.64997101491096,44668.1361640155,1.12524136094277,1.27878620362554
CAN,2014,Canada,64.3785976132125,476300000000.0,475319000000.0,116.2,14.6664530922053,3.855498,3.608017,4.054256,4.177313,5447571.0,2084.318163,414069.0,1805751688808.98,2.87346675579731,45758.1466048816,1.90663590717861,1.10474713237886
CAN,2013,Canada,62.2315329073432,458318000000.0,475777000000.0,111.8,15.4941329115402,,,,,5260202.0,1946.30559714895,386266.0,1846583831414.43,2.32581356612762,44300.7302100096,0.938291897815317,1.03013736373016
CYM,2025,Cayman Islands,,25000000.0,2109000000.0,,,,,,,,,,,,,,0.83333
CYM,2024,Cayman Islands,,68000000.0,1985000000.0,91.0,85.5232283869582,,,,,46658.0,,,7765336505.34319,3.75641197192778,92201.086358256,,0.83333
CYM,2023,Cayman Islands,,55000000.0,1832000000.0,82.6,47.701413334623,,,,,,,,7308564549.28678,5.80436961198644,88395.1826392376,,0.83333
CYM,2022,Cayman Islands,,38000000.0,1796000000.0,50.9,56.6467051908622,,,,,40829.0,,,6653516041.43929,5.66079366938135,82193.1801927387,,0.83333
CYM,2021,Cayman Islands,,17000000.0,1536000000.0,13.2,67.7653374620884,,,,,,,,6060813808.15072,4.86941655353661,74160.4914000191,,0.83333
CYM,2020,Cayman Islands,105.472790158919,21000000.0,1338000000.0,29.6,69.5994743298033,,,,,,,,5655357984.24218,-4.95480696516726,66118.6540859028,,0.83333
CYM,2019,Cayman Islands,114.838539695171,50000000.0,1428000000.0,77.2,,,,,,,,,5941896607.58643,3.91563534249416,72697.3672861884,,0.83333
CYM,2018,Cayman Islands,117.117123372744,41000000.0,1251000000.0,63.6,,,,,,,,,5530178440.71376,4.26726745249641,71811.8917405219,,0.83333
CYM,2017,Cayman Islands,117.436583687346,39000000.0,1098000000.0,58.8,,,,,,61940.0,,,5166281305.12522,3.18404592334522,68017.6758327335,,0.83333
CYM,2016,Cayman Islands,,58000000.0,1023000000.0,90.1,,,,,,60718.0,,,4909322237.28895,3.23997433895669,65680.0748270553,-0.62525835861814,0.83333
CYM,2015,Cayman Islands,,65000000.0,986000000.0,100.0,,,,,,54607.0,,,4708167232.66893,2.8331222262961,64009.3167970419,-2.34752770165615,0.83333
CYM,2014,Cayman Islands,,48000000.0,1023000000.0,72.5,,,,,,46720.0,,,4562853611.41445,2.65452798451271,63560.5141777232,1.27397911533388,0.83333
CYM,2013,Cayman Islands,,51000000.0,980000000.0,78.5,,,,,,46118.0,,,4405796023.18409,1.27933101999021,63648.2539137692,2.16061146813391,0.83333
CAF,2025,Central African Republic,52.9067459083503,255000000.0,573000000.0,,,,,,,,,,3066109226.40165,4.49950000393781,1313.8765680523,1.00198012768088,581.92848104034
CAF,2024,Central African Republic,46.4318999802251,121000000.0,533000000.0,143.8,8.29978042191414,,,,,,,,2751494281.06887,1.49999999847535,1264.93671692975,1.47733600718744,606.345297609063
CAF,2023,Central African Republic,43.480570208358,171000000.0,435000000.0,200.9,1.87856696826495,,,,,,,,2555492085.94725,0.69996840076054,1258.13048389217,2.97913852618937,606.569750165917
CAF,2022,Central African Republic,45.23357000162,164000000.0,423000000.0,193.1,37.2974046773952,2.5,2.4,2.6,2.6,,,,2382618615.01694,0.453901876447787,1217.6567661451,5.58316735183247,623.759700911182
CAF,2021,Central African Republic,44.159119995104,150000000.0,458000000.0,174.5,7.66912447024762,,,,,,,,2516498412.46384,0.982919996264229,1128.55237996459,4.25936417542868,554.530675033104
CAF,2020,Central African Republic,49.5210200011921,134000000.0,506000000.0,158.3,0.67083835551212,,,,,,,,2326720900.38047,0.899999996857062,1066.29005423151,1.71015659523153,575.586004510945
CAF,2019,Central African Republic,50.0658000014868,148000000.0,613000000.0,175.4,95.6179350728442,,,,,,,,2221301351.43918,3.09999999999999,984.843183678857,2.68537355266787,585.911013180369
CAF,2018,Central African Republic,49.6602000024318,164000000.0,606000000.0,182.6,29.0193180633593,2.15,2.24,1.93,2.33,,,,2220979146.11241,3.78944359275462,905.817788941094,1.61215686991555,555.446458398226
CAF,2017,Central African Republic,57.1435457117119,140000000.0,488000000.0,164.1,22.0763616198396,,,,,,,,2072349972.6818,4.52727821346231,883.810734876066,4.18072331871267,580.656749587858
CAF,2016,Central African Republic,50.53064402191,115000000.0,399000000.0,135.3,11.77186175421,,,,,,,,1825018144.65595,4.75031684122342,826.013301383169,4.94543276106518,592.605615063022
CAF,2015,Central African Republic,53.1451477769621,86000000.0,346000000.0,100.0,5.26842789146861,,,,,,,,1695825714.19282,4.33712103020231,768.870887999174,1.40297017136816,591.21169798261
CAF,2014,Central African Republic,53.0950920179825,99000000.0,406000000.0,116.5,,2.360932,2.470238,2.497619,2.474603,,,,1894813389.40325,0.0810705153264877,698.963738923072,14.898684179755,493.757329875312
CAF,2013,Central African Republic,38.3992875721315,116000000.0,213000000.0,137.1,0.289135277016258,,,,,,,,1691544110.18543,-36.3919770983887,709.853481245446,6.98879341970198,493.899623852237
TCD,2025,Chad,46.1321498031281,4000000000.0,2200000000.0,,,,,,,,,,21472835225.4338,5.58988021765651,2902.7406157583,-3.9119812440659,581.92848104034
TCD,2024,Chad,44.5559353847423,4500000000.0,2100000000.0,186.6,,,,,,,,,19906706689.7582,4.95210484607125,2766.98134913811,8.89950732263754,606.345297609063
TCD,2023,Chad,46.8626488759728,4604000000.0,2088000000.0,190.9,,,,,,,,,18352937976.2179,3.99861309461539,2703.06889886705,10.8363568399843,606.569750165917
TCD,2022,Chad,47.9883784319429,4422000000.0,1707000000.0,183.4,,,,,,,,,17828508289.6049,4.12969897668356,2623.702025997,5.78802687843616,623.759700911182
TCD,2021,Chad,43.9465041015895,2711000000.0,1639000000.0,112.4,,,,,,,,,16871937697.5854,0.293442648033434,2435.07274651099,-0.77284437035914,554.530675033104
TCD,2020,Chad,40.6428170621932,1808000000.0,1586000000.0,75.0,,,,,,,,,14932897821.2387,-0.393646582380399,2185.99034173537,4.46414437232861,575.586004510945
TCD,2019,Chad,46.6777247152768,2588000000.0,1924000000.0,107.3,,,,,,,,,14905517742.8454,5.38282202874814,2351.65339767739,-0.971939175419401,585.911013180369
TCD,2018,Chad,46.7384317860183,2670000000.0,1971000000.0,110.7,,2.42,2.15,2.37,2.62,,,,15327000248.8701,5.74111580758154,2227.81335372611,4.27462198610545,555.446458398226
TCD,2017,Chad,43.2900613852468,2621000000.0,1851000000.0,108.6,,,,,,,,,13349041408.7152,-1.61746922820204,2097.14425483604,-1.5370996298084,580.656749587858
TCD,2016,Chad,43.9580149331537,2090000000.0,2465000000.0,86.6,,2.164453,2.077259,2.074374,2.254151,,,,13026289835.7789,-4.12250332637034,2120.08751553857,-0.792440525236102,592.605615063022
TCD,2015,Chad,48.5114982079885,2426000000.0,3700000000.0,100.0,,,,,,,,,14559599499.5011,3.30415979779805,2377.51137185751,4.37712665065654,591.21169798261
TCD,2014,Chad,40.8116269859319,4194000000.0,4400000000.0,173.9,,2.52968,2.462963,2.333333,3.023148,,0.471912,,18144336903.7175,2.06283074361411,2133.18441198787,1.6819731392567,493.757329875312
TCD,2013,Chad,51.5308164549816,3800000000.0,3000000000.0,157.6,,,,,,,0.456396,,17865316886.3315,2.83821524730293,2110.24705136988,0.222671564624551,493.899623852237
CHI,2025,Channel Islands,,,,,,,,,,,,,,,,,0.759473957338607
CHI,2024,Channel Islands,,,,,,,,,,,,,,,,,0.782414580986262
CHI,2023,Channel Islands,,,,,,,,,,,,,12507320838.3932,3.71500590367266,,,0.804538906734353
CHI,2022,Channel Islands,,,,,,,,,,,,,11308272505.183,5.34196140375869,,,0.811301715827773
CHI,2021,Channel Islands,,,,,,,,,,,,,11157540109.8939,9.93680136985076,,,0.727064944688323
CHI,2020,Channel Islands,,,,,,,,,,,,,9439810769.23077,-8.89677926591959,,,0.779999576697153
CHI,2019,Channel Islands,,,,,,,,,,,,,10031864649.0819,1.57335596156342,,,0.783445110011929
CHI,2018,Channel Islands,,,,,,,,,,,,,10026394043.6136,1.1222435658518,,,0.749531540259847
CHI,2017,Channel Islands,,,,,,,,,,,,,9170044517.20264,1.80648131383585,,,0.776976682344123
CHI,2016,Channel Islands,,,,,,,,,,,,,9168857222.32574,1.21302407657195,,,0.740634463697084
CHI,2015,Channel Islands,,,,,,,,,,,,,10109273770.329,0.374367083829384,,,0.654545478931426
CHI,2014,Channel Islands,,,,,,,,,,,,,10527973277.6068,2.42710178482311,,,0.607729626878255
CHI,2013,Channel Islands,,,,,,,,,,,,,9594745810.67159,0.493931120528785,,,0.639660577613477
CHL,2025,Chile,64.984377042281,107005000000.0,92663000000.0,,,,,,,,,,357371159574.862,2.45925474781374,37774.0879069903,4.21293601694293,951.329454191033
CHL,2024,Chile,63.9577465302563,99164000000.0,84261000000.0,159.9,8.31650307450688,,,,,4474125.0,,,329260633698.726,2.80512637106611,36070.892945837,4.29763891572524,943.572167421488
CHL,2023,Chile,60.6766444736157,92972000000.0,85250000000.0,149.9,10.7195633423709,,,,,4322878.0,1499.03535,,335802745366.38,0.677024831595858,33173.5278418356,7.58168251407962,840.066526651499
CHL,2022,Chile,75.2334197533759,98477000000.0,104691000000.0,158.7,6.93672684116693,3.0,3.0,2.8,3.2,4203293.0,2017.92232,,301099244104.003,2.06391864254198,30918.9258262719,11.643866711056,873.314189543014
CHL,2021,Chile,64.8399924791736,94601000000.0,92393000000.0,152.5,12.4417748590856,,,,,4335451.0,1283.99841,,315507493783.262,11.3374032409913,29106.6356522053,4.52456838259144,758.955378658977
CHL,2020,Chile,58.1687693933374,74023000000.0,59207000000.0,119.3,15.9750583433893,,,,,4217172.0,1458.39578,3585.4572606123,254103710483.324,-6.1396969411886,25357.0056990873,3.04549084804326,792.727206103169
CHL,2019,Chile,57.6069157856537,68794000000.0,69855000000.0,110.9,7.63288202076965,,,,,4641633.0,1232.41109,3079.8397523271,278308438545.118,0.644223402631923,25613.9095717623,2.55754475703327,702.897422561529
CHL,2018,Chile,58.1770513035882,74839000000.0,74612000000.0,120.6,6.91141099413123,3.32,3.27,3.21,3.8,4661486.0,1226.44199,3816.070253512,295857562991.709,3.99002947789977,25305.0903462611,2.43488981353057,641.276813066395
CHL,2017,Chile,56.0261586393213,68823000000.0,65230000000.0,110.9,7.1060964752424,,,,,4407502.0,1237.960141,3760.2204401392,276154259981.097,1.35769537343957,24295.223766602,2.18271846868519,648.833792598261
CHL,2016,Chile,56.0578603070995,60718000000.0,59376000000.0,97.9,8.42437955941115,3.248442,3.190476,2.771319,3.711495,4170283.0,1441.23,4076.755917,249344863928.438,1.753038749071,23256.5036042211,3.78619355893118,676.957736044657
CHL,2015,Chile,59.3491105681231,62035000000.0,62388000000.0,100.0,6.72253052606446,,,,,3956842.0,1392.236,4085.724617,242450355830.884,2.15194249981184,22468.3125745547,4.34877353217044,654.124084254196
CHL,2014,Chile,65.6346274347707,75065000000.0,72852000000.0,121.0,7.09179365119211,3.255786,3.172736,3.172441,3.591146,3957585.0,1553.479,4103.932874,259560978224.359,1.79264947139259,22553.6161787372,4.71867527854672,570.34821612744
CHL,2013,Chile,65.1432877063737,76770000000.0,79353000000.0,123.8,6.69462231509352,,,,,3853407.0,1512.319,3981.463012,277395018842.417,3.30850824710085,22201.0660684337,1.7895555398459,495.272877645503
CHN,2025,China,37.9563878652312,3771842000000.0,2582896000000.0,,,,,,,,,,19498039388042.6,4.95994886240992,29333.3311051433,0.0595646916565403,7.18984737402171
CHN,2024,China,37.9560601372544,3575795000000.0,2583218000000.0,157.3,26.2777380479223,,,,,299703800.0,,,18729668435848.0,4.95830378788091,27139.5181633767,0.218128938439177,7.19749110789917
CHN,2023,China,36.7391496938394,3379044000000.0,2556941000000.0,148.6,26.5682136542881,,,,,278759834.0,26170.3716,,18270356654533.2,5.41600334492955,25200.068112272,0.234836828893051,7.08399842343631
CHN,2022,China,37.512555678171,3544434000000.0,2706507000000.0,155.9,27.7650612563156,3.7,3.3,4.0,3.7,268790000.0,18964.4442,,18316765021690.2,3.13385438394069,23028.4517927066,1.97357555739051,6.73715811237119
CHN,2021,China,36.6428789643754,3316022000000.0,2679412000000.0,145.9,30.2190732796596,,,,,256945700.0,20961.2116,,18201698719564.0,8.57038414981781,20843.2978347377,0.981015135544882,6.44897518024316
CHN,2020,China,34.337778473884,2589952000000.0,2065964000000.0,113.9,31.2766154241293,,,,,240480000.0,19264.2436,,14996414166715.1,2.33950385203023,18267.4783455827,2.41942189457782,6.90076726944925
CHN,2019,China,35.4544350281407,2499457000000.0,2078386000000.0,109.9,30.8186302968419,,,,,237570000.0,25394.5878,3018200.0,14560167101283.4,6.06737806333672,17600.8907568493,2.89923416358227,6.90838500992901
CHN,2018,China,36.8943843914718,2486695000000.0,2135748000000.0,109.4,31.5481478595353,3.61,3.29,3.75,3.84,229127700.0,25256.2071,2882100.0,14147765772963.8,6.757806142324,16298.2050619109,2.07479039965576,6.61595717735439
CHN,2017,China,36.95085261586,2263346000000.0,1843792000000.0,99.6,30.9118639785891,,,,,218712874.0,23323.6147,2696220.0,12537559062282.9,6.89123916636191,15022.4371883124,1.59313600071436,6.75875508633597
CHN,2016,China,36.177170692978,2097632000000.0,1587925000000.0,92.3,30.2545232296357,3.661104,3.318883,3.752359,3.896284,202830580.0,21304.5851,2379230.0,11456024084962.0,6.7736886867727,14157.2514988004,2.00000182191943,6.6444778294468
CHN,2015,China,38.6971848362625,2273468000000.0,1679566000000.0,100.0,30.4312672747562,,,,,195509165.0,19805.63,2375430.0,11280814787468.9,6.98162255562367,13463.3331511105,1.43702380935655,6.22748867298455
CHN,2014,China,44.0684564812532,2342293000000.0,1959233000000.0,103.0,29.7037271802947,3.531463,3.205138,3.669272,3.866815,187291913.0,17822.581,2753020.0,10674533168257.4,7.46100735778161,12941.5964809146,1.92164162788521,6.14343409448867
CHN,2013,China,45.9160413795571,2209005000000.0,1949990000000.0,97.2,31.5855813292794,,,,,176607144.0,16053.7331,2917390.0,9743124247267.24,7.77842954757257,12228.3736084197,2.62105001748115,6.19575834608231
COL,2025,Colombia,35.3689564685036,50086000000.0,70502000000.0,,,,,,,,,,457410034202.523,2.64201548985928,22640.4224606513,5.14222911946201,4053.13583333333
COL,2024,Colombia,36.3179938785373,49564000000.0,64105000000.0,138.9,9.02469704912672,,,,,5188127.0,,,420504033143.211,1.49330728771066,22439.4001359818,6.60908593728228,4074.43416666667
COL,2023,Colombia,40.1333165322581,49545000000.0,62797000000.0,138.8,8.59989159781141,,,,,4503448.0,1936.477467333,,366901643683.302,0.841819555752039,21281.7475207548,11.7359044948689,4325.955
COL,2022,Colombia,48.2826551123359,56999000000.0,77413000000.0,159.7,8.40182637186439,2.9,2.5,2.9,3.2,4480670.0,1730.409,,345632492851.448,7.32827729427979,20854.002999162,10.1772313546166,4256.19416666667
COL,2021,Colombia,40.0591463936128,40287000000.0,61101000000.0,112.9,8.20914960906244,,,,,4901510.0,1605.222381,,318524633225.395,10.8011981904878,17383.0901728295,3.49505757399448,3744.24416666667
COL,2020,Colombia,34.0555709680101,31008000000.0,43489000000.0,86.9,9.91355157220335,,,,,4272689.0,1496.604491452,,270348342541.465,-7.18591413760859,15519.2101694656,2.52663500084706,3693.27583333333
COL,2019,Colombia,37.558533980839,39489000000.0,52703000000.0,110.6,9.04845616228861,,,,,4316862.0,1547.674684,,323031701192.84,3.18685539245533,16181.5908990662,3.52301932741447,3281.62219381788
COL,2018,Colombia,36.5347527968973,41774000000.0,51233000000.0,117.0,7.22139251354653,2.94,2.61,2.67,3.17,4181330.0,1350.008974,,334198218098.276,2.56432428277704,15239.4049488277,3.24056932930569,2955.70396997842
COL,2017,Colombia,35.2829149424588,36897000000.0,46076000000.0,103.4,8.96236276389192,,,,,3877937.0,1273.568638,,311866875156.879,1.35936086788746,14400.6139849314,4.31431325695011,2951.48691120161
COL,2016,Colombia,36.202652984202,31757000000.0,44889000000.0,89.0,10.1857957756345,2.612351,2.207971,2.429151,3.231435,3452348.0,1142.854709203,,282720100286.228,2.08738250162794,14026.8399931053,7.51346024627675,3055.255
COL,2015,Colombia,38.3607641184453,35691000000.0,54058000000.0,100.0,9.8493456203733,,,,,3843103.0,1316.795809466,,293492370193.166,2.95590137527523,13332.0555048211,4.9898311584953,2741.78166666667
COL,2014,Colombia,37.4874656411103,54857000000.0,64029000000.0,153.7,8.11983496308117,2.639637,2.587416,2.442362,2.87381,3409344.0,1315.40395631937,,381240864422.407,4.49903000110972,13355.3624162195,2.89883787761738,2001.105
COL,2013,Colombia,37.9866487978457,58824000000.0,59397000000.0,164.8,7.76843663280142,,,,,3068565.0,1222.15686718904,,382093697077.685,5.13399351995672,12779.8865818318,2.01699224310383,1868.895
COM,2025,Comoros,40.8852246183221,48000000.0,371000000.0,,,,,,,,,,1814920856.27026,3.7544428489181,4238.26133409182,3.24909332306433,435.376187289973
COM,2024,Comoros,41.4806352919635,30000000.0,358000000.0,175.7,,,,,,,,,1610082688.26617,3.30071498500033,4047.95264193561,5.05192609588218,454.523861252
COM,2023,Comoros,44.4398634497089,31000000.0,358000000.0,184.8,3.13907204820087,,,,,,,,1465977684.31307,3.1866131800554,3896.71858176845,8.37373955490996,454.991236691823
COM,2022,Comoros,50.3887704882382,54000000.0,348000000.0,321.9,0.307330846524193,,,,,,,,1279542248.96288,2.45381174550259,3712.34821507981,12.5320314570999,467.184261187176
COM,2021,Comoros,42.0677236496077,34000000.0,327000000.0,203.8,0.206883909574449,,,,,,,,1299039312.22277,2.04245238320844,3449.0435745318,-0.00441793682346988,415.955849148122
COM,2020,Comoros,33.7299346157491,21000000.0,280000000.0,122.4,0.574929085819981,,,,,,,,1225039196.61091,-0.195556841918759,3261.59496762747,0.786641929499151,430.720912236792
COM,2019,Comoros,42.2680785350184,39000000.0,265000000.0,232.4,3.03044600733887,,,,,54358.54,,,1195019531.9011,1.76078023564568,3312.74957050545,3.58213544469211,439.463110317875
COM,2018,Comoros,42.996153341343,41000000.0,243000000.0,244.5,0.172607880378736,2.56,2.62,2.25,2.8,55032.5,,,1188797449.38584,3.64245114733689,3304.54845189026,2.15155084413033,416.584843798676
COM,2017,Comoros,40.164358921352,39000000.0,253000000.0,230.2,27.3981291524228,,,,,52673.2,,,1077439756.59451,3.81576287489548,3347.45652997484,-0.237362224154613,435.492562190889
COM,2016,Comoros,37.1328797158337,31000000.0,219000000.0,181.6,0.230530375770608,2.57914,2.632571,2.36412,2.819472,73309.69,,,1012835493.19325,3.3204465548877,3139.05160740463,0.797517430888487,444.454211297254
COM,2015,Comoros,37.8049520714563,17000000.0,214000000.0,100.0,3.22701996783337,,,,,76096.89,,,966029600.862227,1.14735632260047,2949.47342240993,-0.11717388419007,443.408773486957
COM,2014,Comoros,39.2358265722767,26000000.0,278000000.0,153.0,2.12626127048387,2.402136,2.579085,2.3,2.371569,68894.84,,,1149587562.06748,2.10665760321017,2937.61167612379,7.54755379096711,370.317997406489
COM,2013,Comoros,39.2433304243612,21000000.0,284000000.0,114.4,,,,,,67847.03,,,1116223107.03168,4.46624729869704,2832.52867837395,-4.29487331536756,370.424717889175
COD,2025,"Congo, Dem. Rep.",87.3342878785207,32100000000.0,28100000000.0,,,,,,,,,,91030531316.9936,5.75924471639999,1919.82250200565,,2693.24060103248
COD,2024,"Congo, Dem. Rep.",94.2484870645646,29900000000.0,26600000000.0,346.1,,,,,,,,,75716176105.0704,6.1025294442863,1823.27705135453,,
COD,2023,"Congo, Dem. Rep.",86.7400581798289,27727000000.0,25529000000.0,320.9,0.199611665225369,,,,,,0.4797615474,,69843655425.2929,8.5334898318451,1732.04870835091,,2340.03570436145
COD,2022,"Congo, Dem. Rep.",85.8221691879958,15672000000.0,11407000000.0,181.3,0.723158681595087,2.5,2.3,2.3,2.8,,1.0971708,,70422346142.2023,9.31116944064918,1589.91203243059,,2006.70821944055
COD,2021,"Congo, Dem. Rep.",75.3870523860732,21412000000.0,7214000000.0,247.7,0.0782346689876282,,,,,,0.948713924,192.0,59067289573.5102,6.42961005647355,1402.38560295221,,1989.39147122828
COD,2020,"Congo, Dem. Rep.",61.0284707727916,14230000000.0,6938000000.0,164.6,0.506820617005321,,,,,,0.962586878523834,171.257609,46691989748.9186,0.775427992354622,1088.7890035637,,1851.12216183261
COD,2019,"Congo, Dem. Rep.",60.9143523742792,13382000000.0,8825000000.0,154.6,0.782215715734939,,,,,42211.0,0.7512,158.0,46845900350.0332,0.555384294580819,1056.17206659241,,1647.76012727639
COD,2018,"Congo, Dem. Rep.",72.5591739081336,20004000000.0,7930000000.0,231.1,0.246252589446654,2.43,2.37,2.12,2.69,55599.0,0.915105,188.0536,46659954092.4862,6.07168870646615,1048.86502855672,,1622.52350162292
COD,2017,"Congo, Dem. Rep.",65.9184525277578,12296000000.0,5803000000.0,141.2,0.18434368848256,,,,,52066.0,0.228606,194.0,37537521565.5308,4.24121047272719,990.545051394781,,1464.41793163743
COD,2016,"Congo, Dem. Rep.",68.0083342860132,7193000000.0,5492000000.0,82.4,0.310225164953757,2.375762,2.223113,2.009918,2.943389,59133.0,0.058456882,174.0,38600224214.4728,0.393832798154563,950.022298158597,2.88585107289988,1010.30275716866
COD,2015,"Congo, Dem. Rep.",57.7539236163245,8685000000.0,8068000000.0,100.0,2.60447930484844,,,,,45000.0,0.0858397685950413,133.0,40179574490.3032,6.35973756164829,910.393131638657,0.74419899478147,925.984961280393
COD,2014,"Congo, Dem. Rep.",74.1131729382021,7915000000.0,7087000000.0,91.0,,1.878857,1.77743,1.834573,2.037745,73265.0,0.084444,148.0,38352980552.8665,7.30227750870263,859.356816141236,1.24303889760803,925.226282531997
COD,2013,"Congo, Dem. Rep.",72.5557545139014,6200000000.0,6300000000.0,72.7,,,,,,67965.0,0.081984,174.0,34891189160.3002,17.5159124688348,760.64987993962,0.808223101487111,919.565907354881
COG,2025,"Congo, Rep.",91.6690172364453,7500000000.0,7900000000.0,,,,,,,,,,16306633778.765,3.08292728120063,7248.44439070757,2.40069559361747,581.92848104034
COG,2024,"Congo, Rep.",93.1881220839752,7859000000.0,5218000000.0,91.3,,,,,,1046064.0,,,15719986076.6464,2.09998918002519,7003.66225819816,3.09143630919166,606.345297609063
COG,2023,"Congo, Rep.",96.2103944039618,9465000000.0,4698000000.0,88.8,3.15972234574724,,,,,1001000.0,,,15321055822.5167,1.90686426346754,6855.92386613313,4.30174563591016,606.569750165917
COG,2022,"Congo, Rep.",98.1613366922001,8870000000.0,3632000000.0,102.9,4.32722654163177,2.6,2.3,2.1,2.9,1000000.0,,,15817030154.6941,1.47535613247133,6646.44331964568,3.04344334698478,623.759700911182
COG,2021,"Congo, Rep.",85.5462031552188,7512000000.0,2352000000.0,87.1,6.53711247460385,,,,,1003734.0,,,14825690210.9157,1.01507036990908,6263.21161292636,1.7156427545126,554.530675033104
COG,2020,"Congo, Rep.",69.3066247188397,4893000000.0,1908000000.0,56.4,4.54987327780387,,,,,930000.0,,,11468687464.0046,-6.26777227963225,4770.96449758365,1.79537147083108,575.586004510945
COG,2019,"Congo, Rep.",91.5757547930374,5576000000.0,2242000000.0,64.7,6.34219069474197,,,,,921000.0,4.15110874340146,,13976637779.9763,1.12447391976529,5719.59977338291,2.20607305781525,585.911013180369
COG,2018,"Congo, Rep.",100.583216779714,11155000000.0,3486000000.0,129.5,2.52474361763104,2.49,2.27,2.07,2.95,739000.0,4.59716061898045,,14773900288.5135,-2.30431780125842,5593.19370578686,1.15277896375523,555.446458398226
COG,2017,"Congo, Rep.",94.6170952583422,8252000000.0,4560000000.0,95.7,2.00657411112222,,,,,650000.0,4.59716061898045,,11834473039.3645,-5.59477371915547,4444.63900215824,0.450063823285546,580.656749587858
COG,2016,"Congo, Rep.",122.259818284021,7901000000.0,11270000000.0,91.2,1.15950410511852,2.376768,2.0,2.59596,2.573449,562889.0,4.52411089880374,,10931328150.8478,-8.68524343913786,4016.04908525318,3.19056179723773,592.605615063022
COG,2015,"Congo, Rep.",117.320721558581,8623000000.0,10550000000.0,100.0,0.926253889837264,,,,,571860.0,4.36693937329617,,12434793867.3568,0.415193061293763,4715.13431581624,3.16909796750829,591.21169798261
COG,2014,"Congo, Rep.",104.197620103417,8673000000.0,10099000000.0,100.6,1.09085986257553,2.077149,1.5,1.833333,2.583333,619892.0,1.992936,,17919321078.0284,6.64606540928447,5733.18393561256,0.912139545450097,493.757329875312
COG,2013,"Congo, Rep.",93.0028633915235,10453000000.0,8372000000.0,121.3,,,,,,574159.0,2.384004,,17958720699.0868,-0.712434451876447,5833.86336651436,4.63161619729461,493.899623852237
CRI,2025,Costa Rica,71.4919046503354,26431000000.0,27482000000.0,,,,,,,,,,102904921157.478,4.56033547844829,33814.7696296148,-0.073671440596217,503.496832373272
CRI,2024,Costa Rica,69.8533786394509,21688000000.0,26484000000.0,230.2,22.8587994049653,,,,,1717439.0,,,96715644330.6612,4.08292444182048,31552.1489834288,-0.412853001047069,515.109771921403
CRI,2023,Costa Rica,71.4380310340536,19025000000.0,24039000000.0,201.9,24.177789153066,,,,,1658363.0,7.1761,,87512637055.7736,4.79187732359398,29247.8937202355,0.525193508693455,544.050775505632
CRI,2022,Costa Rica,79.0523903153884,16597000000.0,22685000000.0,176.2,21.9748960011818,2.9,2.8,2.7,3.2,1594323.0,7.23739652,,71001226360.8008,5.46119455235068,26891.9730070246,8.27477490232654,647.135817631363
CRI,2021,Costa Rica,70.103693305909,15494000000.0,20728000000.0,164.4,16.9670005542705,,,,,1523198.0,2.16644,,65588938787.0243,8.21817953969082,24083.5988182437,1.72647755109241,620.784720014081
CRI,2020,Costa Rica,59.7463550719484,12319000000.0,14942000000.0,130.8,15.681961032421,,,,,1509599.0,1.613892,,62806591554.7345,-4.14159340574358,22245.4328793441,0.724911478131376,584.900854962304
CRI,2019,Costa Rica,65.4194732486775,11864000000.0,17573000000.0,125.9,17.5649349958823,,,,,1300785.0,10.8,,64753504730.018,2.70813912948329,23461.2875330597,2.09604635327807,587.294595686124
CRI,2018,Costa Rica,66.7874137887726,11495000000.0,18289000000.0,122.0,18.4668840173132,2.79,2.63,2.49,3.16,1492791.0,11.13032,,62567765946.2665,2.85285959760458,21548.8700973441,2.22111461526581,576.97250124808
CRI,2017,Costa Rica,65.0719536997344,10769000000.0,16796000000.0,114.3,18.4952181840988,,,,,1489326.0,10.552031,,60516044660.7496,4.15769914676933,20499.3442145104,1.62590692991732,567.51309030978
CRI,2016,Costa Rica,62.178478293067,10361000000.0,15456000000.0,110.0,18.4424705219172,2.64897,2.325641,2.317628,2.975127,1338979.0,6.027344,,58847019587.626,4.20432320775184,19201.7453161516,-0.0174788505908217,544.73936722902
CRI,2015,Costa Rica,60.7535621474841,9422000000.0,16273000000.0,100.0,16.9840779616817,,,,,1343841.0,9.28416,,56441920888.425,3.65208093006359,17525.1404835991,0.801982005099623,534.565769969278
CRI,2014,Costa Rica,65.1912422181011,11250000000.0,17509000000.0,119.4,36.5061833752317,2.700719,2.389128,2.432331,3.038596,1298579.0,11.8182973850146,,52016408816.1842,3.54210997703849,16393.8095308303,4.51920098516954,538.317200279058
CRI,2013,Costa Rica,64.0664108162845,11480000000.0,18127000000.0,121.9,43.4415513820508,,,,,1245174.0,13.537781,,50949668762.8328,2.49476596233289,15232.0771293804,5.23133614174428,499.766832565284
CIV,2025,Cote d'Ivoire,54.5579069336573,28471000000.0,19275000000.0,,,,,,,,,,99773555666.1988,6.4999999999999,8208.90898574972,0.125038772593104,581.92848104034
CIV,2024,Cote d'Ivoire,51.2649845400983,20549000000.0,17219000000.0,172.8,5.25759412069948,,,,,1802000.0,,,87113179149.284,6.0195346193922,7680.36980823038,3.45053028131019,606.345297609063
CIV,2023,Cote d'Ivoire,48.8170039103332,18350000000.0,18842000000.0,157.3,4.41310726011773,,,,,1476195.0,3.098073,,80780312569.1646,6.60000045209176,7243.14676270142,4.36972254867474,606.569750165917
CIV,2022,Cote d'Ivoire,52.8663910413483,16429000000.0,17889000000.0,140.7,3.55657032872416,,,,,1083605.0,3.83294,,70922824813.9102,6.39988362730921,6718.37891572875,5.23352856100843,623.759700911182
CIV,2021,Cote d'Ivoire,45.1140327762435,15334000000.0,13966000000.0,131.4,3.86336645370502,,,,,1042418.0,4.028365,,72794636653.7793,7.06253713446816,6045.20480490881,4.15919657911798,554.530675033104
CIV,2020,Cote d'Ivoire,41.9426318190526,12454000000.0,10527000000.0,106.6,5.11294024947147,,,,,979517.0,4.317833,,63027852805.4204,0.699728593494228,5543.85096318939,2.41252617189053,575.586004510945
CIV,2019,Cote d'Ivoire,44.6604105830795,12718000000.0,10483000000.0,108.9,11.2315188507649,,,,,994646.0,9.166862,,60382894697.3557,6.72137167584978,5516.39055126829,0.790855512053661,585.911013180369
CIV,2018,Cote d'Ivoire,46.0375087102874,11912000000.0,10970000000.0,101.9,6.55999280073843,3.08,2.78,2.89,3.23,924596.0,4.16026898442412,,58522477786.6889,4.84314605889178,4945.62520575915,0.401297817263547,555.446458398226
CIV,2017,Cote d'Ivoire,48.6625074729482,11853000000.0,9614000000.0,101.5,7.01554066796367,,,,,907646.0,5.41940666666667,,52512343996.69,7.41076242592504,4690.17801861096,0.685881065304603,580.656749587858
CIV,2016,Cote d'Ivoire,47.5655783613535,10876000000.0,8581000000.0,93.0,8.59367223098391,2.602573,2.666667,2.463248,2.706679,885750.0,1.20223033825879,,48407761036.8238,7.17275963956332,4530.64849808487,0.723178457513308,592.605615063022
CIV,2015,Cote d'Ivoire,52.7153604615931,11730000000.0,10406000000.0,100.0,7.2097220855326,,,,,927379.0,0.983368072842825,,45815005169.2651,7.19494942728191,4403.64296618998,1.25149954781468,591.21169798261
CIV,2014,Cote d'Ivoire,53.6804175610344,12951000000.0,11118000000.0,110.4,11.3886788789026,2.761981,2.33324,2.40873,3.31321,991767.0,4.71912,,48843005613.7091,9.37199994240375,4074.21445539789,0.448682076766141,493.757329875312
CIV,2013,Cote d'Ivoire,58.3526792527234,12049000000.0,12721000000.0,102.8,4.35929659540354,,,,,983188.0,4.563948,,42760235484.6093,10.7602131311256,3619.01790854865,2.58117037252936,493.899623852237
HRV,2025,Croatia,100.986286636193,28386000000.0,50611000000.0,,,,,,,,,,105060182186.274,3.40307537181749,50946.1671131832,3.69153459605729,0.88496895841236
HRV,2024,Croatia,104.912403236133,26015000000.0,46956000000.0,200.8,11.6739199311189,,,,,532451.0,,,92981894167.9687,3.82578440126859,49550.8073348367,2.97200477643626,0.923889546117607
HRV,2023,Croatia,107.277801631602,24960000000.0,43451000000.0,193.1,11.0335908814715,,,,,555336.0,0.14608,,85621337533.3348,3.76204092717136,47759.6272293173,7.94128177586822,0.924839558470698
HRV,2022,Croatia,125.410793782261,25467000000.0,44623000000.0,197.0,12.0638540428638,3.3,3.0,3.0,3.2,544015.0,0.19011,,71196460236.6301,7.29479114889533,42125.1926231817,10.7805806758686,7.1597415
HRV,2021,Croatia,102.327614281062,21878000000.0,34527000000.0,169.3,9.60673351412275,,,,,379623.0,0.14853,3172.0,69002262504.9821,12.6312741312741,36930.076102199,2.55450699642041,6.36008316666667
HRV,2020,Croatia,89.5475327132272,17193000000.0,26830000000.0,133.0,9.68004103299381,,,,,376981.0,0.17935,3279.0,57959824238.1808,-8.31046995309319,31594.0082486835,0.154811374562106,6.6140555
HRV,2019,Croatia,101.395111645358,17180000000.0,28160000000.0,132.9,8.28927083536396,,,,,348435.0,0.4406,2911.0,61467261345.012,3.10247285336254,33063.9987060793,0.771820346498112,6.62254516666667
HRV,2018,Croatia,99.0845893099948,17402000000.0,28203000000.0,134.6,8.83753101502131,3.1,2.98,3.01,3.59,302126.0,0.52979,2743.0,61668280700.0968,2.91107146210912,29789.4340021154,1.50012501041747,6.27902525
HRV,2017,Croatia,97.2452344566878,16069000000.0,24829000000.0,124.3,8.73810136016396,,,,,288235.0,0.58275,2592.0,56182225079.1072,3.2840626939789,27887.4600052514,1.12937210282347,6.623831
HRV,2016,Croatia,92.1393432283564,13813000000.0,21903000000.0,106.9,14.4016994474882,3.160829,3.074242,2.989697,3.389019,246596.0,0.65658,2160.0,52650804052.1394,3.46613146011039,25802.8242312486,-1.12500000000002,6.80599016666667
HRV,2015,Croatia,90.6517861027716,12925000000.0,20571000000.0,100.0,10.7066240086763,,,,,229279.0,0.77532,2183.0,50999271058.5849,2.32056679330526,23749.8280957224,-0.464499004645003,6.85830375
HRV,2014,Croatia,85.2166354640278,13835000000.0,22809000000.0,107.0,10.4390521916801,3.052949,2.947368,2.922822,3.368421,211910.0,0.97639,2119.0,59607109597.2123,-0.559537666687092,22706.2761364179,-0.215196159576176,5.74816541666667
HRV,2013,Croatia,80.919621854334,12659000000.0,22022000000.0,98.0,12.493497088882,,,,,187284.0,1.47223,2086.0,59846869998.8711,-0.132561080066893,22430.1102453055,2.21658206429779,5.70488016666667
CUB,2025,Cuba,,1620000000.0,8746000000.0,,,,,,,,,,,,,,
CUB,2024,Cuba,124.863238865053,1607000000.0,8757000000.0,48.0,,,,,,,,,,-1.06173273220524,,,
CUB,2023,Cuba,120.533878427187,1583000000.0,8973000000.0,47.3,,,,,,281140.0,5.16135,,,-1.92937123169681,,,
CUB,2022,Cuba,93.8607755890525,2170000000.0,9833000000.0,64.8,7.87558913182664,2.2,2.0,2.2,2.6,261080.0,3.2208822,,,1.77465227724316,,,
CUB,2021,Cuba,80.0237703083904,1966000000.0,8431000000.0,58.7,70.086566034141,,,,,246352.0,22.318242,,,1.25448735650322,,,
CUB,2020,Cuba,15.6829868097474,1703000000.0,7230000000.0,50.8,9.82889880376058,,,,,255362.0,13.421754,,107352000000.0,-10.9494359030206,,,
CUB,2019,Cuba,22.8208911354416,2062000000.0,9901000000.0,61.6,17.416999745281,,,,,322431.0,13.708525,,103427600000.0,-0.163087223606624,,,
CUB,2018,Cuba,27.0835484486147,2373000000.0,11484000000.0,70.8,11.4989160660893,2.2,2.03,2.04,2.46,349722.0,17.76123,,100050036100.0,2.24794852913217,,,
CUB,2017,Cuba,26.2224363787618,2402000000.0,10172000000.0,71.7,21.1108836158782,,,,,332240.0,47.76014,,96850649700.0,1.80979178380274,,,
CUB,2016,Cuba,27.2691132420785,2317000000.0,10270000000.0,69.2,35.0033320156303,2.346459,2.375156,2.3125,2.510156,325319.0,26.0034145040302,,91370407900.0,0.512843095700745,,,
CUB,2015,Cuba,31.6138124793419,3350000000.0,11702000000.0,100.0,,,,,,330713.0,20.9196451071138,,87132800000.0,4.4383335888395,,,
CUB,2014,Cuba,39.2741528539069,4857000000.0,13037000000.0,145.0,,2.179734,2.170939,1.842105,2.448222,230836.0,17.313204,,80656100000.0,1.04757663187654,,,
CUB,2013,Cuba,44.3238969253902,5283000000.0,14707000000.0,157.7,,,,,,263886.0,16.930008,,77148000000.0,2.74760256257211,,,
CUW,2025,Curacao,,397000000.0,2327000000.0,,,,,,,,,,,,,,1.79
CUW,2024,Curacao,,491000000.0,2057000000.0,103.6,,,,,,98100.0,,,3561178212.2905,5.02690015475606,32740.7736763943,,1.79
CUW,2023,Curacao,,495000000.0,1828000000.0,103.2,,,,,,98051.0,,,3281419329.60894,4.20199929761131,30676.8522403072,,1.79
CUW,2022,Curacao,,562000000.0,2024000000.0,119.7,,,,,,100835.0,,,3075180837.98883,6.90600055461097,28636.1483744106,,1.79
CUW,2021,Curacao,,344000000.0,1483000000.0,72.8,,,,,,92640.0,,,2739594357.5419,4.18371018614259,24905.7684266978,,1.79
CUW,2020,Curacao,,271000000.0,1209000000.0,55.3,,,,,,89305.0,,,2534327597.76536,-18.4384696124769,21722.0174102902,,1.79
CUW,2019,Curacao,,398000000.0,1461000000.0,84.7,,,,,,,,,3026124134.07821,-3.20613230348162,25396.9967729561,2.62220783425059,1.79
CUW,2018,Curacao,155.268858771687,586000000.0,1757000000.0,125.6,,,,,,96738.0,,,3046364804.46927,-2.10411133101029,24623.0413085512,2.58368756641814,1.79
CUW,2017,Curacao,139.812449543914,425000000.0,1469000000.0,89.6,,,,,,93921.0,,,3033433240.22346,-1.2762081008495,24321.7467432044,1.58558801700345,1.79
CUW,2016,Curacao,139.052979137029,419000000.0,1432000000.0,90.4,,,,,,98278.0,,,3024690167.59777,-1.06770848655277,23649.5914937775,-0.0472079848940293,1.79
CUW,2015,Curacao,148.313815925541,466000000.0,1532000000.0,100.0,,,,,,90016.0,,,3058779217.87709,0.458151544160046,24037.6486252583,-0.476542049801405,1.79
CUW,2014,Curacao,164.35981815222,702000000.0,1819000000.0,151.6,,,,,,89193.0,,,3059406983.24022,-0.637397373327133,24347.7604866101,1.4987396961643,1.79
CUW,2013,Curacao,166.406149086576,705000000.0,1906000000.0,151.3,,,,,,87452.0,,,3033568603.35196,-0.635696907591139,24821.7962782173,1.33232086152117,1.79
CYP,2025,Cyprus,189.496102105437,6186000000.0,15290000000.0,,,,,,,,,,41225787247.3309,3.77325347982725,64574.62109375,0.126528851920189,0.88496895841236
CYP,2024,Cyprus,190.40287092076,5526000000.0,13521000000.0,134.1,18.0329234506901,,,,,386498.0,,,37634551820.7367,3.94076934447787,63006.765625,1.80023018624824,0.923889546117607
CYP,2023,Cyprus,190.740957956519,5061000000.0,14146000000.0,152.3,18.7419533928829,,,,,389864.0,0.369485,,35075440602.5202,3.62045368236082,59874.734375,3.54134188751646,0.924839558470698
CYP,2022,Cyprus,205.753530252705,4512000000.0,12213000000.0,136.9,17.6595981229011,3.2,2.9,2.8,3.5,371740.0,0.166,,31218047043.8386,8.73854684881674,55876.3828125,8.39548297993334,0.949623753156941
CYP,2021,Cyprus,176.82773681987,3963000000.0,10397000000.0,120.3,15.9690026786633,,,,,319131.0,0.105655573,,30372637513.1352,11.3975590801512,47632.5703125,2.44608867175474,0.84549413889045
CYP,2020,Cyprus,160.66871645997,3063000000.0,8761000000.0,93.0,12.2448277312995,,,,,390504.0,0.328962,,25555082266.6429,-3.22063018637567,42569.06640625,-0.638422797978861,0.875506396987998
CYP,2019,Cyprus,150.50616312951,3453000000.0,9127000000.0,104.8,19.874215891301,,,,,389962.0,0.14,,26196660680.1176,5.87559583386607,44393.72265625,0.250370996758493,0.893276257067409
CYP,2018,Cyprus,147.623567410054,5052000000.0,10815000000.0,153.3,19.8567940881369,3.15,3.05,2.89,3.62,416502.0,0.021,,25754011492.2204,6.27166360056404,40262.48828125,1.43549119531759,0.846772667108111
CYP,2017,Cyprus,148.013355558135,3288000000.0,9231000000.0,99.8,13.3499611387371,,,,,345016.0,0.34031950189,,22946583375.5506,5.75083236554525,37768.08984375,0.531766496174467,0.885205508269372
CYP,2016,Cyprus,139.022098457248,2965000000.0,7830000000.0,90.0,13.3285149968646,2.999061,3.111111,3.0,3.79341,360841.0,0.285895446767606,,21046452117.3759,6.57359080924678,35247.0390625,-1.42916666666665,0.903421436257263
CYP,2015,Cyprus,137.276426477193,3295000000.0,7023000000.0,100.0,12.7108239034115,,,,,308639.0,0.23060058,,19909269064.8473,3.41892038889013,31380.220703125,-2.0969976905312,0.901296423367096
CYP,2014,Cyprus,130.84436307939,3163000000.0,7996000000.0,96.0,14.5282633236727,3.000577,2.877876,2.871428,3.307692,307878.0,6.588588,,23225912183.4991,-1.77605867728616,29892.75,-1.35498885446315,0.752728196932603
CYP,2013,Cyprus,120.926200639389,2019000000.0,6314000000.0,61.3,13.0833984575068,,,,,277276.0,11.592996,,23959708956.2926,-6.58747751118347,30415.8359375,-0.399357676464425,0.752945122701996
CZE,2025,Czechia,128.039437374276,283617000000.0,253343000000.0,,,,,,,,,,391026962800.475,2.58046673293437,60487.2877495391,2.45996367838865,21.882
CZE,2024,Czechia,131.466608125579,263126000000.0,233176000000.0,166.6,22.4045215279558,,,,,,,,347082562221.377,1.25131096245923,57625.0961715706,2.43531202435314,23.2168333333333
CZE,2023,Czechia,131.892598295876,255549000000.0,231908000000.0,161.9,20.302723987427,,,,,,0.040745454,,345059295659.911,0.0475803308973752,56062.3957561294,10.6612601372427,22.1980833333333
CZE,2022,Czechia,144.011494109397,242015000000.0,236663000000.0,153.3,21.8353618959526,3.3,3.0,3.0,3.7,,0.08832,,301831228325.556,2.8471706583814,52946.9660854462,15.1001651468371,23.357
CZE,2021,Czechia,137.378116302868,226564000000.0,211972000000.0,143.5,20.3560909262553,,,,,,0.47308,16326.011,290972714482.313,4.02901832055149,47796.0337408466,3.83984491500146,21.6781666666667
CZE,2020,Czechia,128.780430305965,191911000000.0,171100000000.0,121.6,22.58251525965,,,,,,4.323665454,15250.611,251109660602.536,-5.30487955463876,44839.4822099455,3.1612952849781,23.21025
CZE,2019,Czechia,138.154609993871,199128000000.0,179039000000.0,126.1,20.7104130233292,,,,,,22.73254,16179.68,256794209028.77,3.56577658128261,45614.0171132532,2.84787595918041,22.93225
CZE,2018,Czechia,145.141717890789,202238000000.0,184659000000.0,128.1,19.5549977904499,3.68,3.29,3.46,4.13,,25.22637,16564.19,251992360762.236,2.83030588267866,41638.1831076596,2.14949494949493,21.7299166666667
CZE,2017,Czechia,147.750834854762,182142000000.0,163352000000.0,115.4,17.8292568189487,,,,,,27.81465,15842.778,221563575696.217,5.17356529967881,39346.030564257,2.4505339846014,23.3763333333333
CZE,2016,Czechia,148.547004664435,162692000000.0,143040000000.0,103.0,16.8728021438796,3.674309,3.580444,3.357148,3.944818,,25.294469,15618.690243,198160659303.939,2.58087013921376,36445.0485732064,0.683504209385703,24.4399166666667
CZE,2015,Czechia,154.018400997633,157878000000.0,141364000000.0,100.0,17.7344072038512,,,,,,26.71765,15261.102013,189107698561.919,4.95875848915604,34093.0280593748,0.309364548494975,24.59875
CZE,2014,Czechia,156.415122826886,175021000000.0,154237000000.0,110.9,17.3712318028821,3.492416,3.238095,3.28524,3.734156,,30.81553,14574.0,210911285077.683,2.24521219862635,32743.489773169,0.343988589646794,20.7575
CZE,2013,Czechia,145.502230624961,162274000000.0,144259000000.0,102.8,17.334368506368,,,,,,19.929,13965.0,213024360541.119,-0.0418124160447491,31013.0082933831,1.4382978723404,19.5705833333333
DNK,2025,Denmark,129.222304332118,148379000000.0,136227000000.0,,,,,,,,,,462526660468.393,2.92843280014236,83218.071525634,1.89367372703044,6.62182508333333
DNK,2024,Denmark,131.765030975207,133335000000.0,122842000000.0,139.6,17.6194498489345,,,,,935848.0,,,424524722037.047,3.47783593140312,80937.8001363997,1.37220049768926,6.89448141666666
DNK,2023,Denmark,129.625337431278,129140000000.0,120336000000.0,136.3,17.1321575837404,,,,,926423.0,,,404651706117.557,0.604587766175584,77425.3867230346,3.30517811237606,6.88970258583334
DNK,2022,Denmark,131.995824909071,131702000000.0,129201000000.0,138.0,15.988289228272,4.1,4.1,4.1,4.1,1079406.0,,,400114306337.077,0.443832614908331,78554.1217617983,7.6965669988926,7.0761518625
DNK,2021,Denmark,112.321472697291,125945000000.0,120307000000.0,131.9,13.9247982031326,,,,,1054552.0,,,406110162088.054,6.50025445756295,69327.998216527,1.85304543989689,6.2871130825
DNK,2020,Denmark,104.433432671151,108454000000.0,98298000000.0,113.6,13.2343925466707,,,,,933622.0,,,355631021931.621,-1.78010601831291,62682.2899474389,0.420711974110025,6.54215220416667
DNK,2019,Denmark,111.891475065653,111076000000.0,98184000000.0,116.4,12.039996737934,,,,,880039.0,,,345401473012.615,1.71140093932736,60594.966400191,0.75813157251162,6.669446615
DNK,2018,Denmark,108.813985501909,109696000000.0,102754000000.0,114.9,12.3547301877073,3.99,3.92,3.96,4.41,833857.0,,2592.0,355293374912.393,1.8600074900921,57233.6231685618,0.813609467455631,6.31461878666667
DNK,2017,Denmark,104.215676920442,102506000000.0,92957000000.0,107.4,12.4279222825429,,,,,820139.0,,2653.0,331610593961.988,3.05647723922718,55271.5976002659,1.14713216957602,6.60289346561404
DNK,2016,Denmark,101.452783808643,95326000000.0,85513000000.0,99.9,14.8833242354843,3.815794,3.819922,3.745903,3.924305,715076.0,,2575.0,312181849372.233,3.07304549209093,51820.9521305491,0.250000000000031,6.73171825724638
DNK,2015,Denmark,105.130362453899,95457000000.0,85623000000.0,100.0,17.1655001970314,,,,,753643.0,,2603.0,301758922337.637,2.10441456445301,48897.2099776611,0.452034153691575,6.72790683129629
DNK,2014,Denmark,103.210859225139,111493000000.0,99572000000.0,116.8,15.7179605296799,3.78252,3.789988,3.816178,4.385104,750598.0,,2453.0,352832602064.452,1.27799983192831,47879.5955558233,0.56402054044954,5.61246666666667
DNK,2013,Denmark,103.612813249189,110949000000.0,97348000000.0,116.2,15.822591156063,,,,,752489.0,,2448.0,344631016965.12,1.39267343161971,46869.1932887749,0.789071780078062,5.61631168617622
DJI,2025,Djibouti,206.296043192215,6090000000.0,6264000000.0,,,,,,,,,,4624533092.31886,6.4954610524268,8451.96838146073,-0.313731799533481,177.721
DJI,2024,Djibouti,241.237463098287,5169000000.0,5546000000.0,4081.3,,,,,,1293000.0,,,4152145939.98458,6.98048467276334,7821.62138070711,2.1120116728497,177.721
DJI,2023,Djibouti,285.902043800644,4785000000.0,5295000000.0,3782.4,3.27550022198031,,,,,886831.0,,,3898447007.38798,6.80733529403308,7231.79450192575,1.44905087029086,177.721
DJI,2022,Djibouti,302.285409231545,4608000000.0,5091000000.0,3650.1,3.02417742085029,2.7,2.6,2.3,3.6,635000.0,,,3562814908.76149,5.16653702854374,6620.28103140186,5.17222088647606,177.721
DJI,2021,Djibouti,263.477728733891,3829000000.0,3972000000.0,3032.9,2.62827621175548,,,,,692000.0,,,3392796953.08939,4.40715667561153,5960.10807396825,1.18086783934059,177.721
DJI,2020,Djibouti,225.744871323723,2785000000.0,2911000000.0,2163.1,,,,,,860000.0,,,3144136196.6228,1.2021151728969,5527.00185229888,1.77900535643955,177.721
DJI,2019,Djibouti,320.93923036418,3996000000.0,4138000000.0,3136.2,,,,,,917000.0,,,3088851450.30694,5.54508081154978,5398.00036773984,3.31763203299603,177.721
DJI,2018,Djibouti,300.398900523844,3522000000.0,3603000000.0,2717.8,,2.63,2.35,2.79,3.15,859000.0,,,2913464658.08768,4.77433934943193,5083.11077030183,0.138836400011405,177.721
DJI,2017,Djibouti,305.967966403468,3162000000.0,3576000000.0,2461.1,,,,,,928000.0,,,2762581334.22612,5.458091517212,4676.71336058903,0.577285724560661,177.721
DJI,2016,Djibouti,213.071998607921,1732000000.0,2327000000.0,1332.4,,2.32254,2.374478,2.297812,2.690058,987400.0,,,2604955228.70117,7.1234323372872,4431.56588556176,2.4025290543489,177.721
DJI,2015,Djibouti,268.363456254629,134000000.0,871000000.0,100.0,,,,,,910165.0,,,2424391785.43897,7.30898563450799,4263.96288890455,-0.522166521445793,177.721
DJI,2014,Djibouti,298.564535821251,129000000.0,803000000.0,98.5,,2.149867,2.2,2.0,2.742111,864027.0,,,2220637966.25047,7.19298728463697,3978.34667092554,1.34186494340162,177.721
DJI,2013,Djibouti,347.720317058403,120000000.0,719000000.0,91.3,,,,,,787867.0,,,2044440443.16654,,3762.2819610399,2.70603242872186,177.721
DMA,2025,Dominica,,24000000.0,259000000.0,,,,,,,,,,723859259.259259,3.05243763087539,22713.1288027433,2.53385126107135,2.7
DMA,2024,Dominica,,29000000.0,262000000.0,94.4,,,,,,,,,688881481.481481,2.052738472526,21331.6193698018,2.73620751873313,2.7
DMA,2023,Dominica,,22000000.0,302000000.0,71.8,2.88328233207454,,,,,,,,659311111.111111,3.65221012208734,20302.7023497562,5.08677483158112,2.7
DMA,2022,Dominica,,22000000.0,266000000.0,73.7,27.5946626639549,,,,,,,,623062962.962963,10.3968076616121,18799.1022306558,2.88490226829353,2.7
DMA,2021,Dominica,,20000000.0,230000000.0,66.6,3.30533077770519,,,,,,,,562911111.111111,5.37983838954712,15808.9743503945,2.22891330700344,2.7
DMA,2020,Dominica,,16000000.0,213000000.0,54.2,1.69441012466024,,,,,7401.0,,,528944444.444444,-15.7064024545862,14243.7623123898,1.22026442242476,2.7
DMA,2019,Dominica,,19000000.0,319000000.0,61.3,16.9050650080085,,,,,7409.0,,,644259259.259259,3.94809757938053,16020.5944720217,1.50462353858141,2.7
DMA,2018,Dominica,,10000000.0,302000000.0,33.9,5.33180863920164,,,,,7393.0,,,628244444.444444,2.964010610466,15069.8972415303,0.98919111918989,2.7
DMA,2017,Dominica,,12000000.0,198000000.0,39.1,8.33001817629596,,,,,7425.0,,,563355555.555555,-7.5443637547282,12696.1956612622,0.296252889279487,2.7
DMA,2016,Dominica,,18000000.0,214000000.0,59.0,9.62334924307427,,,,,7361.0,,,612711111.111111,1.44724556489263,12945.0029571643,0.141816225732312,2.7
DMA,2015,Dominica,,30000000.0,214000000.0,100.0,,,,,,7361.0,,,583177777.777778,-3.37338262476895,12092.7315992676,-0.84382698463833,2.7
DMA,2014,Dominica,,36000000.0,230000000.0,120.6,,,,,,7744.0,,,572255555.555555,2.33521742067693,12083.292631482,0.799250372687492,2.7
DMA,2013,Dominica,,35000000.0,203000000.0,116.4,5.9405399263642,,,,,7469.0,,,545325925.925926,0.0045039972976042,11286.2696974861,-0.0464116468805992,2.7
DOM,2025,Dominican Republic,51.4949057079303,15579000000.0,29752000000.0,,,,,,,,,,127407463759.043,2.11739113534632,28721.0964580217,3.8731176804813,61.9865666666667
DOM,2024,Dominican Republic,51.7835143952326,13872000000.0,29808000000.0,146.9,7.68868351413961,,,,,2110608.0,,,124282245638.568,4.95352204492849,27581.6606581871,3.30223338951227,59.5651333333333
DOM,2023,Dominican Republic,49.8436131764417,12950000000.0,28813000000.0,137.2,6.03092939982151,,,,,2101589.0,,,120456239153.739,2.19229848237939,25861.2335511855,4.78561281021135,56.1576
DOM,2022,Dominican Republic,54.3781976712844,13750000000.0,30913000000.0,145.6,6.01879055876862,2.6,2.6,2.7,3.1,2043326.0,,,113478103598.499,5.23795652902595,24621.9061494267,8.81109209279587,55.1409916666667
DOM,2021,Dominican Republic,51.9500227303115,12486000000.0,24282000000.0,132.2,8.48005001549177,,,,,2184754.0,,,94850719516.7127,14.0124289062207,22053.4589869955,8.24300347981809,57.2211166666667
DOM,2020,Dominican Republic,44.7331613466756,10302000000.0,17105000000.0,109.1,8.72741174344453,,,,,1781945.0,,,78546672406.8291,-7.92905234231061,18998.3069667315,3.78103179915517,56.5245333333334
DOM,2019,Dominican Republic,50.912982200697,11193000000.0,20268000000.0,118.5,6.34761176426535,,,,,1894225.0,0.0,,89146130744.723,4.8940301149584,19766.7628586981,1.81060377042959,51.2948583333333
DOM,2018,Dominican Republic,52.3351709577013,10638000000.0,20197000000.0,112.7,6.39815706280082,2.66,2.41,2.36,2.98,1906487.0,0.0,,84994732049.3461,7.09751640210159,17994.8382742736,3.56443426013508,49.5099928571429
DOM,2017,Dominican Republic,50.7595355508472,10135000000.0,17734000000.0,107.3,8.35627149926946,,,,,1770295.0,,,79070274743.1658,3.93386176401576,16846.2072320323,3.27955694678546,47.5343581962482
DOM,2016,Dominican Republic,51.7306571245477,9840000000.0,17399000000.0,104.2,4.42181482516597,2.62728,2.387879,2.289697,3.062424,1486227.0,,,75552902635.7075,6.71974078681295,16282.1899127514,1.61416607245223,46.0644439393939
DOM,2015,Dominican Republic,52.3471238667007,9442000000.0,16907000000.0,100.0,3.96684697463683,,,,,1367055.0,,,70966782572.4386,6.98771131236387,14804.0974069659,0.836746346724557,45.0454990740741
DOM,2014,Dominican Republic,55.6601041506633,9899000000.0,17273000000.0,104.8,4.30505041159946,2.860551,2.584387,2.610672,3.178105,1265132.0,,,67014329099.5549,7.11122629673892,13464.7925609074,2.99864226125219,43.5496726190476
DOM,2013,Dominican Republic,56.8137658014945,9651000000.0,16873000000.0,102.2,4.45453776202669,,,,,1446902.0,0.0,,62555417414.582,4.93473300709881,12413.910018356,4.830950967408,41.7945034252297
ECU,2025,Ecuador,59.3567812036511,37152000000.0,32648000000.0,,,,,,,,,,130320560400.0,3.72594857272087,16756.6539631307,0.710469324989076,1.0
ECU,2024,Ecuador,57.4436448205751,34421000000.0,29491000000.0,187.8,9.99836390672699,,,,,2567040.0,,,123802374000.0,-1.94409022506859,15848.3400023446,1.54732515615369,1.0
ECU,2023,Ecuador,57.1626938264309,31126000000.0,30902000000.0,169.8,7.27423385399254,,,,,2604311.0,120.00972,,120792801000.0,1.8328406107788,15907.3619798807,2.21568764237058,1.0
ECU,2022,Ecuador,61.880792818786,32658000000.0,33049000000.0,178.2,6.71157923405729,,,,,2333272.0,9.09828,,116133121000.0,5.86842354862311,15195.6639594842,3.46616972213077,1.0
ECU,2021,Ecuador,53.261275610573,26699000000.0,25690000000.0,145.7,4.84096317381331,,,,,2370031.0,4.29491,,107179074000.0,9.42189269033631,13507.4445638375,0.133251386096389,1.0
ECU,2020,Ecuador,43.9893109378389,20355000000.0,17918000000.0,111.0,4.28192759486423,,,,,2294564.0,10.604353816,,95865473000.0,-9.24509619165865,11526.8013009278,-0.338872392562139,1.0
ECU,2019,Ecuador,48.0828494933307,22329000000.0,22564000000.0,121.8,5.52377825962259,,,,,2127042.0,50.80511,,107595830000.0,0.1654044646003,12543.0148243925,0.266012515466155,1.0
ECU,2018,Ecuador,48.0093476154836,21628000000.0,23177000000.0,118.0,5.29990873788448,2.88,2.8,2.72,3.19,2212486.0,64.20469,,107478961000.0,1.04429460679607,12186.8846084388,-0.224103246005552,1.0
ECU,2017,Ecuador,43.6177233172817,19122000000.0,20010000000.0,104.3,7.95691634892711,,,,,1990210.0,57.68029,,104467486000.0,5.97039880954841,11793.4797426944,0.417335588666825,1.0
ECU,2016,Ecuador,40.5344917996647,16798000000.0,16324000000.0,91.6,9.19247360777488,2.779081,2.63938,2.46921,3.232686,1907090.0,60.17416,,97671433000.0,-0.687954245877947,10881.4890706732,1.72826463324533,1.0
ECU,2015,Ecuador,47.8280397077826,18331000000.0,21518000000.0,100.0,7.68854403605136,,,,,1866808.0,64.037777,,97209558000.0,0.119692109287612,10877.7507461388,3.96664623255358,1.0
ECU,2014,Ecuador,61.4263766217565,25724000000.0,27726000000.0,140.3,5.63721536881617,2.710986,2.487281,2.497314,3.177934,1772533.0,82.101,,102717794000.0,4.22606520388456,11835.6091276538,3.58922016616663,1.0
ECU,2013,Ecuador,63.4333003342414,24848000000.0,27146000000.0,135.6,5.2356622825582,,,,,1642336.0,112.059962,,96570334000.0,7.21123653679159,11295.6127804419,2.72177577710371,1.0
EGY,2025,"Egypt, Arab Rep.",51.334347878828,51403000000.0,97539000000.0,,,,,,,,,,365254630179.737,4.39201068570188,20204.0130500153,14.0735136645934,49.2277558333333
EGY,2024,"Egypt, Arab Rep.",39.6007520873733,42247000000.0,86083000000.0,198.0,3.81290087814207,,,,,8581339.0,,,389059910593.1,2.3991692678251,19121.874936645,28.2705899322083,45.29926
EGY,2023,"Egypt, Arab Rep.",40.4504007720031,42081000000.0,83210000000.0,197.1,3.16286878393567,,,,,8360875.0,492.65497,,395926071447.591,3.76028052279247,18540.1079077988,33.8847763115546,30.6264136980311
EGY,2022,"Egypt, Arab Rep.",36.9831048772713,51280000000.0,95670000000.0,239.4,3.40204987508041,3.1,2.8,3.0,3.6,7646643.0,512.368573,,476747720364.742,6.58784560870467,17524.0240491999,13.8956609775178,19.1604397412204
EGY,2021,"Egypt, Arab Rep.",29.8569734808122,41310000000.0,74550000000.0,193.4,3.17081927055814,,,,,7226065.0,589.483009,,424671765455.704,3.29064601193245,15579.0160861551,5.21404940513043,15.6445272777113
EGY,2020,"Egypt, Arab Rep.",32.1262555667523,27078000000.0,60488000000.0,126.2,2.55490106145901,,,,,7564385.0,438.908903264,,383817841547.099,3.55016483883115,15231.865417764,5.04493288977539,15.7591729166667
EGY,2019,"Egypt, Arab Rep.",41.1240171551108,29000000000.0,70991000000.0,135.8,2.34526584104617,,,,,7403472.0,483.4138791,,318678815489.749,5.55209307084222,13363.732696323,9.15279959324804,16.7705818428763
EGY,2018,"Egypt, Arab Rep.",45.9110196733959,27624000000.0,72000000000.0,129.4,0.862813543464706,2.82,2.6,2.82,3.19,6701763.0,437.625328,,262588632526.73,5.33110861887155,12329.2446781436,14.4014657807422,17.7672904218107
EGY,2017,"Egypt, Arab Rep.",42.8321343581608,25604000000.0,61627000000.0,119.4,0.565232575837901,,,,,6337413.0,403.828739,,248362771739.13,4.18122099961562,11124.7351098149,29.5066083940039,17.7825335150636
EGY,2016,"Egypt, Arab Rep.",30.2465490514505,25468000000.0,55789000000.0,119.3,0.504375385317036,3.184964,2.74962,3.07241,3.627932,5887541.0,374.357162291,,332441717791.411,4.34664345601914,10665.6676499685,13.813606214829,10.0254007885465
EGY,2015,"Egypt, Arab Rep.",34.8459429600229,21349000000.0,63574000000.0,100.0,0.795057681508592,,,,,6490063.0,377.360014527,,329366576819.407,4.37201907781687,10903.3368231185,10.370490343517,7.69125833333333
EGY,2014,"Egypt, Arab Rep.",36.9201877934272,26853000000.0,66786000000.0,125.2,1.25266602348327,2.965911,2.852413,2.86127,2.992103,6979807.0,418.691607425321,,305595408895.265,2.91591188052836,10256.4367553616,10.0702154687481,7.07760856060606
EGY,2013,"Egypt, Arab Rep.",40.373038056332,29018000000.0,66180000000.0,135.6,0.534837648013577,,,,,6456469.0,386.683474639046,,288434108527.132,2.18546605363386,10511.3931678495,9.46971981064921,6.870325
SLV,2025,El Salvador,88.1580664327311,6429000000.0,17848000000.0,,,,,,,,,,36708110000.0,3.90594189242583,14101.1774819291,0.257570528307203,1.0
SLV,2024,El Salvador,85.6825726575292,6311000000.0,15804000000.0,117.0,5.47333119441725,,,,,255017.0,,,34879730000.0,2.5904637107794,13258.1805042704,0.853782292567288,1.0
SLV,2023,El Salvador,79.8122651787866,6498000000.0,15648000000.0,118.0,6.40401071272118,,,,,256043.0,27.80159,,33565430000.0,3.35508721646165,12667.4662875421,4.04554694222477,1.0
SLV,2022,El Salvador,88.7011372097555,7115000000.0,17108000000.0,129.2,7.8500188873406,2.7,2.4,2.2,3.2,242307.0,12.21965,,31870110000.0,2.9546041089332,11874.0814242931,7.19861615609867,1.0
SLV,2021,El Salvador,81.8450759800765,6395000000.0,14617000000.0,116.1,7.17516150721425,,,,,294326.0,11.25641,,29043140000.0,11.9047617015957,10809.713399518,3.46692585313082,1.0
SLV,2020,El Salvador,66.4595069497083,4805000000.0,9888000000.0,87.2,6.37122274852995,,,,,228334.0,7.144167272,,24921190000.0,-7.893101359867,9392.68913817943,-0.371590212324095,1.0
SLV,2019,El Salvador,76.0420130991468,5905000000.0,11602000000.0,107.2,5.14076264668843,,,,,249472.0,13.107,,26881140000.0,2.43747159065784,9756.7521864595,0.0753241350024612,1.0
SLV,2018,El Salvador,75.6336168879956,5905000000.0,11464000000.0,107.2,6.12699337415169,2.58,2.3,2.25,3.1,230989.0,10.73322,,26020850000.0,2.4124442237792,9203.76216310773,1.09033000581892,1.0
SLV,2017,El Salvador,74.3046511916519,5760000000.0,10572000000.0,104.6,5.73736147193314,,,,,209903.0,13.765785,,24979190000.0,2.24761908134138,8965.2189086345,1.0123540331558,1.0
SLV,2016,El Salvador,72.8190933731491,5420000000.0,9826000000.0,98.4,5.37320139679434,2.705726,2.373656,2.249288,3.289727,202165.0,13.155752,,24191430000.0,2.53906241135864,8455.61614773975,0.60404908699661,1.0
SLV,2015,El Salvador,76.5602707370519,5509000000.0,10293000000.0,100.0,4.97701394933062,,,,,190708.0,13.873884,,23438240000.0,2.40000008852115,7933.73697858999,-0.731384487387957,1.0
SLV,2014,El Salvador,78.1044257477935,5302000000.0,10514000000.0,96.2,5.65258610761317,2.960467,2.932304,2.633917,2.753175,179577.0,16.40872,,22593470000.0,1.70870628357073,7503.71105811981,1.14134467538233,1.0
SLV,2013,El Salvador,80.4511944908271,5491000000.0,10772000000.0,99.7,5.65538655234915,,,,,180634.0,15.65233,,21990960000.0,2.23562439198375,7092.58852133297,0.757669184522973,1.0
GNQ,2025,Equatorial Guinea,74.9321719146879,2600000000.0,1700000000.0,,,,,,,,,,12823210425.9217,-5.84678505700693,16133.1056143137,,581.92848104034
GNQ,2024,Equatorial Guinea,74.2894990329407,2979000000.0,1517000000.0,54.2,,,,,,,,,13254388261.1258,0.39622552095193,17072.4273818835,2.92140227309103,606.345297609063
GNQ,2023,Equatorial Guinea,60.6886626813037,3157000000.0,1538000000.0,57.6,,,,,,,0.79992,,12541814272.8021,-7.4250553172124,16997.002016833,2.85949506037322,606.569750165917
GNQ,2022,Equatorial Guinea,81.8130161368099,6661000000.0,1786000000.0,114.3,,,,,,,2.358102,,13687643435.6249,3.22350831658598,18137.114494644,4.78671704710803,623.759700911182
GNQ,2021,Equatorial Guinea,76.9666485998527,3845000000.0,1746000000.0,70.1,,,,,,,,,12215878032.7166,0.860269956382069,16821.4486470413,-0.0971007664640198,554.530675033104
GNQ,2020,Equatorial Guinea,77.9278846441807,2859000000.0,1547000000.0,51.9,,,,,,,2.781249,,9893816007.7398,-4.79108083383294,13677.110587517,4.76669523944228,575.586004510945
GNQ,2019,Equatorial Guinea,94.8787924253545,5268000000.0,2100000000.0,95.9,,,,,,13851.0,0.288954,,11364133549.7478,-5.48182537893445,16451.3641478324,1.53027528964189,585.911013180369
GNQ,2018,Equatorial Guinea,103.645681622953,6052000000.0,2944000000.0,110.3,,2.32,1.91,1.88,2.75,14716.0,0.0,,13097012133.6159,-6.23654406734575,18413.1294204577,1.06007410662171,555.446458398226
GNQ,2017,Equatorial Guinea,102.428258251803,4970000000.0,2842000000.0,88.8,,,,,,13301.0,0.418783315,,12200913878.9827,-5.66750850486686,18434.7708571004,0.74435474661241,580.656749587858
GNQ,2016,Equatorial Guinea,92.6007307237942,4137000000.0,3183000000.0,74.6,,1.87919,1.875,1.5,2.319196,14281.0,0.358277746,,11240808847.8878,-8.81641723219757,16649.4757672359,1.41193915479015,592.605615063022
GNQ,2015,Equatorial Guinea,98.8780591680756,5699000000.0,3525000000.0,100.0,,,,,,13212.0,0.46165020845874,,13185496881.0174,-9.11004114881537,19478.7010123338,1.67663085315988,591.21169798261
GNQ,2014,Equatorial Guinea,104.379198671388,12643000000.0,5487000000.0,230.3,,2.354636,2.347222,2.111111,2.861111,10000.0,0.31788,,21765453081.9826,0.415066301596866,27177.271665026,4.30999866149107,493.757329875312
GNQ,2013,Equatorial Guinea,106.893284926066,14043000000.0,5758000000.0,255.6,,,,,,9687.0,0.36126,,21948834283.7856,-4.13319850131583,27909.5175876754,2.94887694639662,493.899623852237
ERI,2025,Eritrea,,631000000.0,524000000.0,,,,,,,,,,,,,,15.075
ERI,2024,Eritrea,,573000000.0,533000000.0,115.4,,,,,,,,,,,,,15.075
ERI,2023,Eritrea,,481000000.0,499000000.0,96.8,,,,,,,,,,,,,15.075
ERI,2022,Eritrea,,598000000.0,519000000.0,120.4,,,,,,,,,,,,,15.075
ERI,2021,Eritrea,,500000000.0,369000000.0,100.3,,,,,,,,,,,,,15.075
ERI,2020,Eritrea,,583000000.0,349000000.0,117.0,,,,,,,,,,,,,15.075
ERI,2019,Eritrea,,530000000.0,565000000.0,106.2,,,,,,27452.8,0.0,,,,,,15.075
ERI,2018,Eritrea,,669000000.0,1065000000.0,134.2,,2.09,2.13,1.86,2.08,37259.65,0.0,,,,,,15.075
ERI,2017,Eritrea,,583000000.0,1026000000.0,116.9,,,,,,12551.97,,,,,,,15.075
ERI,2016,Eritrea,,436000000.0,957000000.0,87.5,,2.171842,2.006993,2.062937,2.49662,12551.97,,,,,,,15.35
ERI,2015,Eritrea,,499000000.0,1020000000.0,100.0,,,,,,12551.97,,,,,,,15.375
ERI,2014,Eritrea,,630000000.0,1130000000.0,126.4,,2.084755,1.898889,1.676667,2.787778,22527.11,,,,,,,15.375
ERI,2013,Eritrea,,316000000.0,1040000000.0,63.0,,,,,,19202.06,,,,,,,15.375
EST,2025,Estonia,155.759916645579,20980000000.0,25298000000.0,,,,,,,,,,47030833798.5866,0.584308464789387,52105.5093433416,4.82920753628342,0.88496895841236
EST,2024,Estonia,151.037702410455,18795000000.0,22451000000.0,146.7,18.382980141257,,,,,261822.0,,,43130419829.35,-0.0900428648493801,50395.7686402966,3.5194118998392,0.923889546117607
EST,2023,Estonia,154.592617111149,19617000000.0,22858000000.0,153.0,16.581160524959,,,,,221405.0,,,41470344395.1086,-2.74421914571231,48848.1421016254,9.15922507983982,0.924839558470698
EST,2022,Estonia,175.68711950524,22859000000.0,26763000000.0,178.1,18.0186438315616,3.6,3.2,3.5,4.1,288208.0,,,38226641740.29,-1.22616966587796,48029.83322897,19.3982634080616,0.949623753156941
EST,2021,Estonia,160.471922305927,21560000000.0,23613000000.0,168.0,20.6301155577085,,,,,226689.0,,2128.0,37201101170.5847,8.25488044580031,44247.4198971873,4.65316673847473,0.84549413889045
EST,2020,Estonia,137.392641283846,16340000000.0,17324000000.0,127.3,20.6216264338951,,,,,213928.0,,1729.0,31820771493.8974,-2.88380751483778,40672.1340402132,-0.44453109767983,0.875506396987998
EST,2019,Estonia,140.352147998549,16101000000.0,18025000000.0,125.4,16.9644248677655,,,,,241361.0,0.0,2155.0,31873748770.0313,3.72664943466884,40586.3784378888,2.27725931243522,0.893276257067409
EST,2018,Estonia,143.485224864735,17017000000.0,19140000000.0,132.6,18.2045260067525,3.31,3.32,3.1,3.8,239576.0,0.0,2594.0,31222632740.7247,3.69969756161726,37120.9879761677,3.43632688420446,0.846772667108111
EST,2017,Estonia,144.635650944133,14559000000.0,16674000000.0,113.4,17.9646942764807,,,,,229905.0,,2325.0,27469461919.1189,5.63467248963991,34506.6486942506,3.41723549488054,0.885205508269372
EST,2016,Estonia,147.7462327097,13171000000.0,14959000000.0,102.6,21.9072583684186,3.363489,3.411825,3.17635,4.07753,204177.0,0.003,2339.0,24561027787.7896,3.09301920751959,31947.7769107437,0.148684907627373,0.903421436257263
EST,2015,Estonia,148.507157123558,12836000000.0,14521000000.0,100.0,22.7144676294333,,,,,209154.0,0.870362136,3114.0,23311847750.9394,1.83815262882932,29712.6299473728,-0.49232600654737,0.901296423367096
EST,2014,Estonia,157.953944842229,16042000000.0,18296000000.0,125.0,23.652438820507,3.34592,3.395238,3.338095,3.552381,261069.0,0.900996,3256.0,27055689003.0038,3.32278988182702,29403.6584494815,-0.10617514652171,0.752728196932603
EST,2013,Estonia,164.601632156916,16320000000.0,18464000000.0,127.1,20.6761148166196,,,,,253855.0,0.108996,4722.0,25451032780.7573,1.75649379621869,27831.1526234213,2.78056658954988,0.752945122701996
SWZ,2025,Eswatini,,2370000000.0,2090000000.0,,,,,,,,,,5160679612.81734,4.1939175580556,12529.2796629252,,17.8889209208377
SWZ,2024,Eswatini,107.480621053879,2327000000.0,2072000000.0,128.7,,,,,,,,,4858885840.77236,3.03162462475916,11822.961305357,,18.3176868310856
SWZ,2023,Eswatini,99.7246110815617,2096000000.0,2039000000.0,116.2,0.285307158606886,,,,,,,,4621191261.84214,3.53257662836211,11309.1967529876,,18.4535924917449
SWZ,2022,Eswatini,92.5715871298334,1991000000.0,2124000000.0,109.9,0.31591177017993,,,,,,0.029225,,4746660273.50829,0.386070835562705,10633.7069148254,,16.3622830559282
SWZ,2021,Eswatini,89.9313874866569,2068000000.0,2123000000.0,114.5,0.325445621132478,,,,,,0.037413,,4807069277.20114,4.23621913615419,9990.43491951205,,14.7834351395784
SWZ,2020,Eswatini,84.0140188426878,1752000000.0,1605000000.0,96.8,0.342192841190398,,,,,,0.015399,,4134677809.50096,-2.95183453409287,9329.30453360939,,16.4702558654325
SWZ,2019,Eswatini,86.6407948477595,2002000000.0,1832000000.0,110.9,0.274607103354208,,,,,,0.043615,,4617018958.69086,6.43186888691574,9248.32206714455,2.59801620311077,14.4517892288824
SWZ,2018,Eswatini,85.4927768173538,1842000000.0,1858000000.0,101.9,0.925351559868595,,,,,,0.056064,,4643751059.28203,0.0653956557843571,8535.25593160454,4.81506167461513,13.2339264715833
SWZ,2017,Eswatini,86.8801420302976,1801000000.0,1612000000.0,99.7,0.293249799871917,,,,,,,,4462640651.49219,3.52095345987983,8584.31100767837,6.22137528933118,13.3238014244992
SWZ,2016,Eswatini,89.3584874439935,1633000000.0,1476000000.0,90.3,0.200467504294285,,,,,,,,3722306116.72872,2.94916821059911,8484.12117278345,7.8472745908568,14.7096108855267
SWZ,2015,Eswatini,88.2620944023684,1812000000.0,1412000000.0,100.0,0.233042561514838,,,,,,,,3908217914.21824,1.70425806017289,8391.07006084602,4.95124493704919,12.7589308811644
SWZ,2014,Eswatini,91.6200186943398,2004000000.0,1690000000.0,111.0,0.0817708731291131,,,,,,,,4285065665.03168,2.05738179246586,8365.743287389,5.68134885776447,10.8526555687831
SWZ,2013,Eswatini,85.2034551274939,1895000000.0,1693000000.0,105.0,0.0978614085814442,,,,,,,,4463396204.01995,4.09458522119226,8231.15139767951,5.62130623468948,9.65505606913526
ETH,2025,Ethiopia,33.4597826561314,7585000000.0,23012000000.0,,,,,,,,,,126358758448.356,9.7715182202934,3621.67487597821,13.2296432836809,
ETH,2024,Ethiopia,17.4004358586815,5472000000.0,18605000000.0,158.0,,,,,,,,,149740297952.375,7.61277447616879,3292.3093336937,21.0377460577711,82.6013363504764
ETH,2023,Ethiopia,20.5982015071406,3468000000.0,17251000000.0,121.8,3.75062055802087,,,,,,4015.45864,,135874093203.18,6.59424599054353,3063.42789983124,30.2188278135278,54.6009480676569
ETH,2022,Ethiopia,26.5954996964257,3970000000.0,18663000000.0,138.8,3.21026574936058,,,,,,3752.8862,,123140304665.399,5.32175988485454,2844.47188098448,33.8898797100898,51.7562150334169
ETH,2021,Ethiopia,24.3450574655662,3949000000.0,15973000000.0,137.7,8.54658883162268,,,,,,3716.82165,,109070960370.972,5.64153069324176,2588.41310213778,26.8395221557722,43.73377831884
ETH,2020,Ethiopia,24.0061143414049,3258000000.0,13115000000.0,113.2,13.1014525306681,,,,,,2897.1341,,98676811061.9985,6.05953089248577,2406.78938480121,20.3563468559061,34.9271654040404
ETH,2019,Ethiopia,28.8152939292608,2741000000.0,14554000000.0,95.2,9.42339221070521,,,,,,2450.27296,,91834517113.6386,8.36408573111346,2242.44488312932,15.8096321719344,29.06975
ETH,2018,Ethiopia,31.1993689777881,2704000000.0,15305000000.0,93.8,13.6451525613537,,,,,,2089.27754,,83337901071.9697,6.81614778557282,2095.3175782979,13.8330356586661,27.4293865941667
ETH,2017,Ethiopia,31.1036494929016,3022000000.0,15761000000.0,106.8,5.83937193918337,,,,,,2076.18502,,76366081766.6667,9.56418965754014,2004.74755633129,10.6871150284238,23.8661044574125
ETH,2016,Ethiopia,34.8990210816111,2789000000.0,16429000000.0,98.3,6.82740269371127,2.376767,2.598943,2.117674,2.370804,,1500.14753,,68475871209.607,9.43348265981905,1857.54946515224,6.62813337230924,21.7315472222222
ETH,2015,Ethiopia,39.6561241449515,2914000000.0,16702000000.0,100.0,6.19452786285451,,,,,,1228.73832,,62103418181.8182,10.3924630141307,1632.61818006837,9.56889955968623,20.57684875
ETH,2014,Ethiopia,40.7410841498626,3275000000.0,15357000000.0,115.0,9.13096030297245,2.593625,2.420833,2.166667,3.166667,,950.1573,,55612228233.5179,10.2574929627477,1484.63145566608,6.89001951597192,19.585789907695
ETH,2013,Ethiopia,41.4717870807625,2973000000.0,12072000000.0,107.5,1.85035715422211,,,,,,790.74339,,47648276605.0123,10.5822700502552,1252.86896408004,7.46402192944517,18.6266289575478
FRO,2025,Faroe Islands,,2063000000.0,1666000000.0,,,,,,,,,,,,,,6.62182508333333
FRO,2024,Faroe Islands,105.752803037623,1779000000.0,1495000000.0,175.7,,,,,,,,,4052937169.76536,0.843716851362103,82089.2832575392,,6.89448141666666
FRO,2023,Faroe Islands,113.336400780359,1842000000.0,1704000000.0,181.8,,,,,,,,,3943131022.2291,3.15873872329266,79784.0760936327,,6.88970258583334
FRO,2022,Faroe Islands,122.86334141193,1755000000.0,1666000000.0,173.2,,,,,,,,,3615241800.50058,3.86099981669155,75266.2952690413,,7.0761518625
FRO,2021,Faroe Islands,103.488037146112,1598000000.0,1474000000.0,157.7,,,,,,,,,3699551717.10561,5.06636291600633,68433.2144298182,,6.2871130825
FRO,2020,Faroe Islands,96.2241937518396,1286000000.0,1250000000.0,125.6,,,,,,,,,3271813311.5831,-1.63732118017028,61655.542982019,,6.54215220416667
FRO,2019,Faroe Islands,108.623245950251,1429000000.0,1228000000.0,139.1,,,,,,31214.33,,,3266432734.22819,4.53851028676189,62225.8459648561,,6.669446615
FRO,2018,Faroe Islands,106.874664759521,1271000000.0,1227000000.0,124.1,,,,,,35039.3,,,3188600927.46688,2.76370952267429,58931.9758558052,,6.31461878666667
FRO,2017,Faroe Islands,107.238908370178,1329000000.0,1100000000.0,130.3,,,,,,34942.61,,,2980057377.87967,3.51201367488443,56417.3562497037,,6.60289346561404
FRO,2016,Faroe Islands,104.552703002397,1202000000.0,980000000.0,117.7,,,,,,33520.26,,,2813278868.78208,1.38644795938293,54319.4020922519,,6.73171825724638
FRO,2015,Faroe Islands,105.610671594387,1023000000.0,910000000.0,100.0,,,,,,33506.52,,,2573905971.05459,0.958001934486234,53685.4650513354,,6.72790683129629
FRO,2014,Faroe Islands,106.142539193387,1110000000.0,1051000000.0,108.5,,,,,,35753.08,,,2914012679.27277,5.43214206841004,53199.5123811889,,5.61246666666667
FRO,2013,Faroe Islands,114.062282820929,1087000000.0,1115000000.0,105.8,,,,,,32168.71,,,2690110520.92548,5.85614389735763,49781.873438729,,5.61631168617622
FJI,2025,Fiji,,1126000000.0,3251000000.0,,,,,,,,,,6198013062.06553,3.19546862124029,16337.5722970567,-1.38326833934224,2.29903333333333
FJI,2024,Fiji,118.962880886427,1133000000.0,3096000000.0,127.0,2.99874841417736,,,,,,,,5968125909.27126,3.53085896076352,15472.737444718,3.89084237884105,2.2683
FJI,2023,Fiji,126.282134510517,1068000000.0,3100000000.0,119.7,1.64679784443044,,,,,,156.079891,,5476673518.13788,9.44245856738313,14656.2474506851,2.97544080604539,2.250125
FJI,2022,Fiji,119.213746657784,1055000000.0,2997000000.0,118.4,2.24124587754453,2.3,2.3,2.2,2.3,,106.19618976,,4977861885.60316,17.7451269773594,12980.234013809,6.07882431529725,2.2014069869585
FJI,2021,Fiji,87.2159321837078,815000000.0,2116000000.0,91.6,1.90912873666526,,,,,,6.39867,,4158873156.17978,-4.3459619989752,10322.4279638854,1.53454853751592,2.07063333333333
FJI,2020,Fiji,78.0763651830605,826000000.0,1731000000.0,87.7,10.850874908157,,,,,,21.804,,4227719873.3865,-17.1835352599354,10716.2914367663,-1.70014167847318,2.16880492424242
FJI,2019,Fiji,110.696192117501,1033000000.0,2734000000.0,114.2,5.67997543305016,,,,,145782.4,108.9135,,5344907153.46698,-0.581946590349759,12978.0990352704,1.79388647514555,2.16039311531464
FJI,2018,Fiji,103.235419948556,1041000000.0,2720000000.0,117.0,3.80322248838358,2.35,2.41,2.4,2.54,279465.5,106.8282,,5581425327.44397,3.812350939512,12984.2072545454,4.08147637644543,2.08737978924997
FJI,2017,Fiji,97.0216625258442,956000000.0,2420000000.0,106.9,3.53488889969416,,,,,276943.9,102.59573,,5353469174.47838,5.35336434979577,12585.2777064526,3.34757834757831,2.06687530381454
FJI,2016,Fiji,97.1744905841206,926000000.0,2316000000.0,103.7,2.84203358700427,2.316186,2.331843,2.245696,2.602839,244524.4,86.955,,4930213644.36653,2.44565202449249,11765.5379751413,3.86322538221278,2.09469593918508
FJI,2015,Fiji,101.189048956211,895000000.0,2081000000.0,100.0,2.40088359260218,,,,,255214.0,83.6865043020511,,4682479893.97558,4.50120064471365,11519.3012049449,1.37488542621447,2.09762981633101
FJI,2014,Fiji,110.812306063192,1373000000.0,3250000000.0,153.6,2.64858094690686,2.545003,2.4,2.47,2.97,329096.8,78.513996,,4857104768.86844,5.60351397766961,10516.2596989681,0.519306474579107,1.88734535831922
FJI,2013,Fiji,126.348386724849,1108000000.0,2826000000.0,123.4,2.37789871805637,,,,,324269.9,69.333,,4189967998.51424,4.7342203729816,8842.15172885423,2.91354193603992,1.84147661706532
FIN,2025,Finland,83.3959439712015,84045000000.0,84865000000.0,,,,,,,,,,317039368819.607,0.173444509584499,65884.4876972259,0.337874659400574,0.88496895841236
FIN,2024,Finland,83.4510295550974,78037000000.0,80985000000.0,130.4,9.28522659633957,,,,,1317452.0,,,298729432711.719,0.374566568538427,65137.1816928289,1.56568906231616,0.923889546117607
FIN,2023,Finland,85.5141847218915,82561000000.0,83102000000.0,138.0,9.71402259549133,,,,,1368831.0,816.39281,,295191741637.26,-1.28973484453397,63466.8356113767,6.25064322154763,0.924839558470698
FIN,2022,Finland,94.5625340522667,86069000000.0,97329000000.0,143.9,9.62392843667484,4.2,4.0,4.2,4.3,1446004.0,788.58557,,280253099309.34,0.763041912763526,62133.1375219912,7.12350773301412,0.949623753156941
FIN,2021,Finland,79.7892781913782,81996000000.0,86013000000.0,137.1,10.2937538536253,,,,,1409037.0,750.28925,10749.0,294223210496.119,2.67634641498897,56790.3766177692,2.19457432339998,0.84549413889045
FIN,2020,Finland,72.1845955995888,66220000000.0,68268000000.0,110.7,9.98230025285834,,,,,1496192.0,480.37919,10138.0,270000311606.226,-2.49103605535707,53296.5792798852,0.290554555653239,0.875506396987998
FIN,2019,Finland,80.5641502947367,73468000000.0,73716000000.0,122.8,9.21470120593618,,,,,1628170.0,1067.31511,10270.0,267014821129.411,1.34973845741737,52276.1115723992,1.02409392963431,0.893276257067409
FIN,2018,Finland,79.1436148422846,75869000000.0,78624000000.0,126.8,9.01765355032152,3.97,3.82,4.0,4.28,1594271.0,957.63859,11175.0,273869255596.078,1.19297759742292,49248.6775395866,1.08382098409296,0.846772667108111
FIN,2017,Finland,75.9387822310041,68073000000.0,70586000000.0,113.8,9.6573147330322,,,,,1630089.0,852.01263,10362.0,253846138440.0,3.30337003591039,47234.8528600939,0.754015047084438,0.885205508269372
FIN,2016,Finland,71.7222101178859,57908000000.0,60841000000.0,96.8,10.052829776298,3.920745,4.005364,4.007231,4.141268,1509479.0,761.85394,9455.0,238777818792.608,2.57193414898754,44562.4011072067,0.356684500891695,0.903421436257263
FIN,2015,Finland,71.9618253787014,59817000000.0,60430000000.0,100.0,10.1842827866076,,,,,1413646.0,713.484,8468.0,233210733506.25,0.466503766322674,42257.8593791297,-0.207928839905177,0.901296423367096
FIN,2014,Finland,74.6277719754196,74333000000.0,76765000000.0,124.3,10.0525206084322,3.623035,3.892006,3.518235,3.799397,1426630.0,667.07538,9596.0,273478528954.901,-0.4780684247837,41547.0984485393,1.0411962117843,0.752728196932603
FIN,2013,Finland,77.485171771574,74437000000.0,77570000000.0,124.5,9.02643257926868,,,,,1472143.0,660.802462,9470.0,270268036626.275,-0.979741024949618,41325.8052072321,1.4782861568881,0.752945122701996
FRA,2025,France,67.1923772838849,683095000000.0,786434000000.0,,,,,,,,,,3366315927447.33,0.840949955479587,63975.353585864,0.943770212469976,0.88496895841236
FRA,2024,France,68.1081875443744,640518000000.0,751836000000.0,126.2,23.1371073769038,,,,,5371045.0,,,3160442622465.08,1.19046798275883,62524.5434134804,1.99904942291463,0.923889546117607
FRA,2023,France,70.6261450610225,651122000000.0,788177000000.0,128.6,22.3835449721792,,,,,4869539.0,4301.69,,3056250648138.29,1.43921494437743,60927.0361517867,4.8783572650844,0.924839558470698
FRA,2022,France,75.9630077981996,620461000000.0,823216000000.0,122.6,21.9264611257156,3.9,3.7,3.8,4.1,5593633.0,4090.1,,2794788137066.94,2.71676264185913,57012.0586826676,5.22236748369725,0.949623753156941
FRA,2021,France,63.788482630872,585021000000.0,715082000000.0,115.6,22.305003085565,,,,,5522541.0,4107.03,35751.3,2966433692008.09,6.88233783360239,52517.3354905855,1.64233141038394,0.84549413889045
FRA,2020,France,58.8388907240647,488637000000.0,581297000000.0,96.5,21.1920405248012,,,,,4435697.0,2467.943,31281.8,2647926055110.05,-7.44064589948231,49481.8044309655,0.476498852725065,0.875506396987998
FRA,2019,France,66.4289607281749,570951000000.0,654658000000.0,112.8,26.9265976407414,,,,,4992918.0,4522.586,33893.1,2722793515171.76,2.02744646419237,51130.4723140578,1.10825492288294,0.893276257067409
FRA,2018,France,66.8022607812266,582222000000.0,676441000000.0,115.0,25.9347849255776,3.84,3.59,4.0,4.15,5051326.0,4443.789,33835.6,2781576320884.39,1.64590872395887,46381.0590629457,1.85081508315493,0.846772667108111
FRA,2017,France,65.3958481559711,535298000000.0,619334000000.0,105.7,26.0180218998669,,,,,4964947.0,4260.597,35464.9,2588868323334.71,2.08361485997399,44469.1458856805,1.03228275064681,0.885205508269372
FRA,2016,France,63.3427564383351,501179000000.0,567657000000.0,99.0,27.9331801598168,3.900953,3.713518,4.011015,4.24684,4471870.0,4155.407,34699.8,2470407619777.13,0.860031075424033,42880.2351355431,0.183334861123765,0.903421436257263
FRA,2015,France,63.5046871956484,506264000000.0,570758000000.0,100.0,28.2116908505326,,,,,4463203.0,4098.31,36328.056893,2442483452642.5,1.06675474783462,40905.1767750994,0.0375143805125182,0.901296423367096
FRA,2014,France,62.1992669379507,581393000000.0,676617000000.0,114.8,27.4702736686884,3.847305,3.647901,3.982774,4.174037,4424205.0,4151.293,32596.0,2861236112552.42,0.997832947295251,40218.1258637776,0.50775882293799,0.752728196932603
FRA,2013,France,61.8192338733962,580963000000.0,681467000000.0,114.7,27.1817177565412,,,,,4285777.0,4327.126,32230.0,2816077607875.26,0.781756446231,39583.3520435045,0.863715497861804,0.752945122701996
PYF,2025,French Polynesia,,175000000.0,2453000000.0,,,,,,,,,,,,,,105.864431541948
PYF,2024,French Polynesia,64.4688665693732,159000000.0,2291000000.0,124.7,1.92522086808869,,,,,,,,6323716355.05009,1.12638897730247,,,110.306338907421
PYF,2023,French Polynesia,71.672203765227,244000000.0,2302000000.0,197.0,0.90861411457913,,,,,,,,6137447782.87066,2.77284077155413,,,110.34717131744
PYF,2022,French Polynesia,69.5264023221442,131000000.0,2196000000.0,106.3,9.98209639170277,,,,,84772.0,,,5622688338.06317,2.9373470716322,,,113.474367224106
PYF,2021,French Polynesia,52.9788183937695,113000000.0,1994000000.0,72.5,23.2822467980556,,,,,80220.0,,,5994931236.42282,3.36590242421546,,,100.880222566186
PYF,2020,French Polynesia,45.8331834386023,72000000.0,1698000000.0,55.8,10.292610755327,,,,,79480.0,,,5574821989.38239,-10.5738138632489,,,104.710608186968
PYF,2019,French Polynesia,63.3061124024003,133000000.0,2102000000.0,96.8,30.8189587432752,,,,,87575.0,,,6022276196.13871,2.68946658143334,,,106.588933804405
PYF,2018,French Polynesia,65.0146628512067,148000000.0,2232000000.0,117.2,10.7052602292096,,,,,83288.0,,,6135116253.33452,1.80687498305207,,,101.046821879543
PYF,2017,French Polynesia,54.5776905038178,153000000.0,1637000000.0,113.0,13.2913476438458,,,,,,,,5833352692.7995,4.29263363103487,,,105.633078151149
PYF,2016,French Polynesia,53.6164949427793,173000000.0,1491000000.0,140.4,22.2084033244462,,,,,,,,5497036476.8031,2.30219823670438,,,107.806815805024
PYF,2015,French Polynesia,55.6304686354336,130000000.0,1527000000.0,100.0,11.8209633425529,,,,,69088.0,,,5325846361.81186,1.80334081452726,,,107.553234404315
PYF,2014,French Polynesia,56.2324578944225,170000000.0,1765000000.0,137.4,15.5573341746788,,,,,69296.0,,,6151996560.84289,0.593554452942286,,,89.8243353779009
PYF,2013,French Polynesia,56.0619675585513,151000000.0,1801000000.0,121.6,7.91305566319335,,,,,69341.0,,,6031827122.60663,0.398801414346934,,,89.8502214987385
GAB,2025,Gabon,84.8918905135603,11600000000.0,4000000000.0,,,,,,,,,,21427119323.2764,2.47287961498321,22218.341068445,1.76766609003481,581.92848104034
GAB,2024,Gabon,92.0468055146014,13000000000.0,4000000000.0,123.1,,,,,,180878.0,,,20895684425.6752,3.39403899521831,21541.4112646776,1.17311998381218,606.345297609063
GAB,2023,Gabon,91.4786533179144,12695000000.0,4217000000.0,119.3,1.77313570365975,,,,,173279.0,,,19388372070.9778,2.43893665041031,20772.7726890351,3.62901534185376,606.569750165917
GAB,2022,Gabon,92.0630888496921,10470000000.0,4060000000.0,98.3,3.90758494231998,2.4,2.0,2.2,3.0,180878.0,,,20440655695.229,3.03761449525692,19989.3886367516,4.23124798274579,623.759700911182
GAB,2021,Gabon,85.3483122054787,8031000000.0,3646000000.0,75.3,1.48332589633571,,,,,154474.0,,,19444935097.2333,1.46795731508091,18523.5798032135,1.0869074651941,554.530675033104
GAB,2020,Gabon,70.1140546463796,7345000000.0,3484000000.0,67.3,2.38973424083547,,,,,148003.0,,409.0,15342236163.9943,-1.8377610635094,14477.1308291818,1.35276110675333,575.586004510945
GAB,2019,Gabon,73.4280894486644,7714000000.0,3874000000.0,72.3,2.34638668892119,,,,,154330.0,,406.0,16874405465.391,3.92080879452831,15949.6373739622,2.46456756151187,585.911013180369
GAB,2018,Gabon,77.0365976973024,8584000000.0,3493000000.0,80.6,2.99535648763002,2.16,1.96,2.09,2.67,141649.0,,3210.576346,16867326401.9626,0.83791658082157,15432.0430535353,4.74906652083221,555.446458398226
GAB,2017,Gabon,75.0687404456638,5771000000.0,3845000000.0,54.1,3.2278177583876,,,,,156000.0,,3276.0,14929487485.1623,0.472642030911146,14796.6286374171,2.65192583143902,580.656749587858
GAB,2016,Gabon,70.1333810645308,9503000000.0,6172000000.0,89.2,1.5764201645108,2.19165,2.069849,2.045943,2.522377,146000.0,,2058.0,14023890265.3665,2.09144220829562,13997.7352841911,2.10670712784054,592.605615063022
GAB,2015,Gabon,73.9497814588281,10654000000.0,6121000000.0,100.0,1.08108554856956,,,,,145700.0,,2727.0,14383107762.6952,3.8788993950789,14306.4340768252,-0.338795188753406,591.21169798261
GAB,2014,Gabon,73.5203290162438,13914000000.0,9564000000.0,130.6,1.62733225676286,2.202899,2.0,2.083333,2.308838,197998.0,,2447.0,18203966895.8433,4.31496444107469,14853.6712460355,4.69045751826284,493.757329875312
GAB,2013,Gabon,90.6350361478645,13039000000.0,6537000000.0,122.4,0.959610778989352,,,,,130700.0,0.0,2613.0,17595744798.3398,5.63869900338696,14497.9921216902,0.505441058915615,493.899623852237
GMB,2025,"Gambia, The",62.1713935326955,514000000.0,894000000.0,,,,,,,,,,2593673987.53306,5.89309208233146,3705.64184038599,,71.2893818242692
GMB,2024,"Gambia, The",42.1706172080435,363000000.0,988000000.0,231.4,3.34757896376015,,,,,,,,2404888737.54853,5.55126065805138,3480.66001035486,11.5610532897511,67.661238258942
GMB,2023,"Gambia, The",39.9620173467122,326000000.0,2448000000.0,251.0,2.3423098344067,,,,,,,,2382262185.38179,5.91679576551141,3291.84381275128,16.9742129632327,61.0963330077956
GMB,2022,"Gambia, The",44.7219215369466,52000000.0,915000000.0,35.2,3.21248823002167,2.3,1.8,2.3,2.6,,,,2204734527.88096,5.49299823010114,3066.82429529872,11.5131198380505,54.9234673586679
GMB,2021,"Gambia, The",42.0979827971754,33000000.0,709000000.0,28.8,0.000735977873561209,,,,,,,,2014158842.14596,5.25596878816744,2777.79620978324,7.37034758876618,51.4844438783833
GMB,2020,"Gambia, The",47.3955201736291,61000000.0,679000000.0,53.3,0.886698821678881,,,,,,,,1812170891.19069,0.591487287873974,2530.80414937307,5.93127636562441,51.5016603661723
GMB,2019,"Gambia, The",55.9979116186993,133000000.0,621000000.0,115.9,0.0409548386308044,,,,,71469.72,0.0,,1813609692.49994,6.22205315994859,2421.72318070615,7.11567625631192,50.0624613684222
GMB,2018,"Gambia, The",64.8124640003735,140000000.0,677000000.0,122.1,1.74152996206824,2.4,2.08,1.82,2.71,61250.0,0.0,,1670671327.81651,7.23489033258579,2277.44236224191,6.52096823946573,48.1517806379073
GMB,2017,"Gambia, The",55.7335796090833,124000000.0,548000000.0,107.6,0.360381487082307,,,,,62500.0,,,1504909462.69521,4.8226112492757,2038.95429850128,8.03418974545911,46.6089094621101
GMB,2016,"Gambia, The",38.1140879565948,105000000.0,336000000.0,91.8,0.0,,,,,60000.0,,,1484578885.97132,1.94335965478776,2012.67648180251,7.22879272057922,43.3725276731819
GMB,2015,"Gambia, The",44.5223730803813,115000000.0,420000000.0,100.0,1.06493506493507,,,,,65000.0,0.07411338,,1378176608.93204,4.0580738039996,1990.31625750973,6.8084549457961,42.5062080923725
GMB,2014,"Gambia, The",58.2579307752264,125000000.0,387000000.0,107.4,0.0,2.249081,2.058025,2.0,2.458025,70000.0,2.24586,,1229461721.40861,-1.40738249510954,1933.70329718446,5.94799935696626,41.7329616505126
GMB,2013,"Gambia, The",45.4619193623296,134000000.0,350000000.0,92.0,3.42115369844074,,,,,68759.0,2.172012,,1375609453.43746,2.872768790327,2006.74081646788,5.69912989637382,35.9575868341651
GEO,2025,Georgia,100.627997400937,7291000000.0,18530000000.0,,,,,,,,,,38143612855.1367,7.46161504152039,29414.3813424216,3.8692132193969,2.74264166666667
GEO,2024,Georgia,103.456471463024,6559000000.0,16889000000.0,298.1,3.78381539474497,,,,,636497.0,,,34189423333.141,9.67979379712661,27486.8762116648,1.10971758022096,2.72061666666667
GEO,2023,Georgia,107.151179161579,6086000000.0,15611000000.0,275.5,2.29303754401881,,,,,701550.0,0.22139,,30777833600.6515,7.83220126555726,25092.632631604,2.48776056578715,2.62795833333333
GEO,2022,Georgia,114.695437688718,5583000000.0,13540000000.0,252.9,2.94920090255456,2.7,2.6,2.3,3.1,477357.0,5.059349,,24984568959.605,10.9585321385624,22457.7729614408,11.8981654203198,2.9162
GEO,2021,Georgia,101.60090754891,4243000000.0,10099000000.0,192.5,1.60289302245774,,,,,401269.0,0.11335,3322.0,18853115588.8106,10.6442336580969,18915.6534005263,9.56691433824769,3.22155833333333
GEO,2020,Georgia,92.8910841752194,3341000000.0,8049000000.0,151.6,2.1252867712654,,,,,490670.0,0.1347,2925.0,16010869215.68,-6.2904717853839,16791.2598654465,5.2024648897534,3.10901666666667
GEO,2019,Georgia,117.810080239714,3798000000.0,9518000000.0,172.4,2.0768413554362,,,,,601491.0,0.640604,2935.0,17638337116.9126,5.38071926589951,16770.1333771469,4.85289821696723,2.818145
GEO,2018,Georgia,109.847740556266,3380000000.0,9362000000.0,153.3,2.88677086815774,2.44,2.42,2.38,2.95,348240.0,0.7509,2598.0,17902544880.6471,6.062036412677,15021.9057577433,2.6152447139767,2.53411083333333
GEO,2017,Georgia,102.584277697146,2746000000.0,8057000000.0,124.6,2.96686397314837,,,,,,0.4784,2963.0,16473125375.0684,5.15990261658827,13718.9378669764,6.03531725272117,2.50954166666667
GEO,2016,Georgia,94.9262528383443,2117000000.0,7342000000.0,95.3,3.44853487096684,2.353013,2.258838,2.166667,2.804293,251011.0,0.18050796,3424.0,15444548901.9637,3.45021517996871,13065.294157468,2.13492713939121,2.366725
GEO,2015,Georgia,97.0163115086257,2204000000.0,7300000000.0,100.0,5.78910466719946,,,,,276776.0,0.18504,4261.25,15223796148.8396,3.35102350265353,12269.6528932768,4.00357820695097,2.26934166666667
GEO,2014,Georgia,94.9506979383393,2861000000.0,8602000000.0,129.9,3.07726524855447,2.507491,2.210526,2.421053,3.093311,446972.0,0.4162,4987.5,17966015109.3043,4.09049059581743,11770.6989360253,3.06881210379543,1.76566666666667
GEO,2013,Georgia,93.8139137895532,2910000000.0,8023000000.0,132.2,2.53840261675226,,,,,403447.0,0.4,5539.6,17517660143.6859,5.13288531209382,10797.3423273476,-0.512058410947092,1.66335
DEU,2025,Germany,78.5128112199127,1764188000000.0,1542796000000.0,,,,,,,,,,5050922925047.05,0.239578342117881,75406.6888111618,2.17178770949721,0.88496895841236
DEU,2024,Germany,79.0907305894936,1676408000000.0,1414153000000.0,126.8,17.9772990379432,,,,,13294081.0,,,4685592577804.69,-0.495851897260366,73957.0012170966,2.2564981433876,0.923889546117607
DEU,2023,Germany,81.9625483787634,1702278000000.0,1467598000000.0,128.4,17.7818374796623,,,,,12608856.0,12766.528681,,4562207532490.28,-0.869647578573321,72262.2235142279,5.94643667725823,0.924839558470698
DEU,2022,Germany,88.7857542130501,1676472000000.0,1583619000000.0,126.4,17.4981505573659,4.1,3.9,4.3,4.1,13733867.0,12857.217948,,4201021706478.62,1.8092581243061,69669.6495435563,6.87257438551097,0.949623753156941
DEU,2021,Germany,79.9195348609851,1627375000000.0,1411439000000.0,122.7,15.3851048227765,,,,,14710963.0,11533.04853603,123067.0,4355251953410.78,3.90999994204108,62630.7748127737,3.06666666666673,0.84549413889045
DEU,2020,Germany,72.9335327120137,1382533000000.0,1171782000000.0,104.2,15.5031959869375,,,,,13946212.0,9166.3712826,108406.0,3941398957073.94,-4.13191443239947,58704.5861986404,0.144877925813982,0.875506396987998
DEU,2019,Germany,79.0732427175683,1489412000000.0,1233978000000.0,112.3,16.3869405629417,,,,,15022386.0,7763.61921423928,129161.0,3959894794039.21,0.977734697038784,59310.9693966204,1.44565976888253,0.893276257067409
DEU,2018,Germany,79.1252260463654,1560539000000.0,1284353000000.0,117.7,15.7474335584013,4.2,4.09,4.37,4.39,15123221.0,7969.86364,129991.0,4055433215301.96,1.13569604599849,56320.6026829454,1.73216879766942,0.846772667108111
DEU,2017,Germany,77.4548394742448,1448191000000.0,1162907000000.0,109.2,15.850578794452,,,,,15163474.0,7901.65234423,131204.0,3765351626105.89,2.797906720551,54142.7414864571,1.50949485109628,0.885205508269372
DEU,2016,Germany,76.0059902166055,1334355000000.0,1055326000000.0,100.6,18.0827014214761,4.225967,4.123067,4.439356,4.453368,15126366.0,6942.706331998,128866.0,3536787895179.0,2.22222216259371,51555.3799963446,0.491747008445174,0.903421436257263
DEU,2015,Germany,77.7565815686922,1326206000000.0,1051132000000.0,100.0,17.8243752766447,,,,,14988243.0,6986.405444999,116632.0,3425099578746.09,1.66300602334775,48567.1117562648,0.514426137125456,0.901296423367096
DEU,2014,Germany,76.8483516336234,1494214000000.0,1207193000000.0,112.7,17.2097149731509,4.121983,4.098098,4.323295,4.360813,15842604.0,7184.14620802563,112629.0,3964870735760.77,2.18018602168017,47927.5555323465,0.906794000434246,0.752728196932603
DEU,2013,Germany,77.5860288576931,1445067000000.0,1181233000000.0,109.0,17.2979906043683,,,,,15401010.0,7335.69940204315,112613.0,3807023797050.99,0.396995583779145,45876.2138041716,1.50472330251876,0.752945122701996
GHA,2025,Ghana,,31107000000.0,17452000000.0,,,,,,,,,,114209905278.717,5.95441714756899,8610.2796922986,14.2046755548989,12.556825
GHA,2024,Ghana,68.9668717609486,19165000000.0,15392000000.0,196.0,,,,,,1701246.0,,,83288585604.0268,5.84746854280382,8051.19381149848,22.8483281157842,14.1819416666667
GHA,2023,Ghana,64.3878615301086,16703000000.0,14009000000.0,161.9,2.11003762211445,,,,,1226635.0,,,80547146875.9526,3.14009100080186,7562.64422849208,38.1069656296501,11.0204083333333
GHA,2022,Ghana,70.1154557937915,17276000000.0,14621000000.0,166.7,1.95740716852014,2.5,2.7,2.4,2.7,1244245.0,,,73919003212.1998,3.80484978178042,7207.01563645025,31.2558951049016,8.2724
GHA,2021,Ghana,62.7078309128346,14727000000.0,13629000000.0,142.7,0.726084593720307,,,,,1604724.0,,,79514204730.3979,5.07646643533542,6607.50297378321,9.9710886750444,5.8057
GHA,2020,Ghana,66.5754987162431,14472000000.0,12429000000.0,140.3,,,,,,1324504.0,,,70008243859.8666,0.513941670628171,6047.30111673554,9.88728956269944,5.59570833333333
GHA,2019,Ghana,76.824802732152,15668000000.0,13411000000.0,152.0,1.14325401056793,,,,,1079247.0,0.0,,68352629246.1555,6.5077747939152,6002.55044678386,7.14364003330857,5.21736666666667
GHA,2018,Ghana,67.9585174644902,14943000000.0,13134000000.0,145.0,8.30535420920506,2.57,2.45,2.44,2.87,1056785.0,0.0,,67259353965.6087,6.20007768127284,5536.49795400218,7.80876516610703,4.585325
GHA,2017,Ghana,70.5483652904116,13835000000.0,12647000000.0,134.0,4.42717231922926,,,,,1009755.0,0.262714068,,60385409434.8567,8.12889488100956,5170.96094857439,12.3719215507048,4.35053333333333
GHA,2016,Ghana,67.8769994445865,11138000000.0,12920000000.0,108.0,2.29813974435795,2.660931,2.456894,2.484248,3.209615,942463.0,0.846429394,,56144179397.8516,3.37346574966936,5011.07931572904,17.4546347070868,3.90981666666667
GHA,2015,Ghana,76.5212709243242,10321000000.0,13465000000.0,100.0,7.58597579597383,,,,,840595.0,0.844630332,,49436806230.4839,2.12075933817334,5191.37053389659,17.1499695007878,3.71464166666667
GHA,2014,Ghana,63.8365624430783,13217000000.0,14600000000.0,126.2,6.74454036554641,2.626934,2.216488,2.669054,2.860047,793582.0,1.332792,,54678533805.9064,2.85624016330883,5517.13178763566,15.4896160333318,2.896575
GHA,2013,Ghana,60.7593219028775,13752000000.0,17600000000.0,131.0,5.10093163620251,,,,,894362.0,1.31802,,62845721959.827,7.31252501678145,5214.56935848794,11.6661923071729,1.98135
GIB,2025,Gibraltar,,,,,,,,,,,,,,,,,0.759473957338608
GIB,2024,Gibraltar,,,,46.8,,,,,,,,,,,,,0.782414580986262
GIB,2023,Gibraltar,,,,162.7,,,,,,,,,,,,,0.804538906734353
GIB,2022,Gibraltar,,,,140.5,,,,,,,,,,,,,0.811301715827773
GIB,2021,Gibraltar,,,,37.5,,,,,,,,,,,,,0.727064944688322
GIB,2020,Gibraltar,,,,154.0,,,,,,,,,,,,,0.779999576697153
GIB,2019,Gibraltar,,,,68.3,,,,,,10870.46,,,,,,,0.783445110011929
GIB,2018,Gibraltar,,,,73.4,,,,,,17114.73,,,,,,,0.749531540259847
GIB,2017,Gibraltar,,,,142.7,,,,,,4626.185,,,,,,,0.776976682344123
GIB,2016,Gibraltar,,307000000.0,830000000.0,101.9,,,,,,18621.03,,,,,,,0.740634463697084
GIB,2015,Gibraltar,,,,100.0,,,,,,18643.37,,,,,,,0.654545478931426
GIB,2014,Gibraltar,,,,98.5,,,,,,10847.59,,,,,,,0.607729626878255
GIB,2013,Gibraltar,,,,93.9,,,,,,2779.161,,,,,,,0.639660577613477
GRC,2025,Greece,83.4516228818392,54767000000.0,92565000000.0,,,,,,,,,,280635521324.441,2.07306882481713,45263.6498511586,2.48209745378857,0.88496895841236
GRC,2024,Greece,89.7765279446168,54095000000.0,92588000000.0,189.2,15.011494857431,,,,,5691448.0,,,256238371778.118,2.0865743380603,44170.9556658376,2.74101875679486,0.923889546117607
GRC,2023,Greece,92.4710882947018,55153000000.0,89840000000.0,193.2,15.1515337740903,,,,,5926627.0,16.0232,,242946187738.269,2.13591131996631,42613.6574438075,3.46480128513405,0.924839558470698
GRC,2022,Greece,108.121843229922,58524000000.0,99285000000.0,205.0,14.4708651762207,3.7,3.2,3.7,3.9,5707876.0,18.188,,217990189600.69,5.52198580589408,39447.813910406,9.64525981280632,0.949623753156941
GRC,2021,Greece,88.0126654490379,47218000000.0,77105000000.0,165.4,12.2848681524393,,,,,6077102.0,12.4593,579.0,218303801895.326,8.65449786002131,33528.2271202515,1.22382501019854,0.84549413889045
GRC,2020,Greece,70.2937464580745,35215000000.0,55947000000.0,123.3,13.2518669714424,,,,,6188061.0,10.09844,555.0,191362985554.861,-9.19623149726978,29533.087740299,-1.24798355581405,0.875506396987998
GRC,2019,Greece,80.5900949510457,37907000000.0,62384000000.0,132.8,12.5222555558252,,,,,6151556.0,23.90576,491.0,207305649887.019,2.27718065334808,31927.3792151369,0.253007522038157,0.893276257067409
GRC,2018,Greece,79.2379908638706,39502000000.0,63877000000.0,138.3,12.9551889486437,3.2,2.84,3.17,3.66,5395401.0,21.909,408.0,213298873494.394,2.06467207892409,29792.0592519585,0.62562141345364,0.846772667108111
GRC,2017,Greece,70.8824967397253,32627000000.0,53495000000.0,114.3,12.1148895809545,,,,,4602808.0,23.525,358.0,200381103984.298,1.47312472702352,28681.6815585005,1.12125452031419,0.885205508269372
GRC,2016,Greece,63.6575490882866,28151000000.0,46809000000.0,98.6,13.7270081175833,3.239516,2.854825,3.316384,3.847529,4088425.0,23.993,254.0,193097239005.87,-0.0317947678412054,27504.5497984948,-0.825653978390973,0.903421436257263
GRC,2015,Greece,65.2716454619318,28554000000.0,46786000000.0,100.0,12.9218253082768,,,,,3736833.0,26.10771098,294.0,194567373678.099,-0.228301892172851,26607.7256796976,-1.73588804765284,0.901296423367096
GRC,2014,Greece,66.4335364513677,35960000000.0,61983000000.0,125.9,11.5060312558605,3.201602,3.360818,3.166275,3.504077,3954322.0,19.359432,343.0,233911581521.062,0.792225060962835,26450.181326726,-1.31226096405506,0.752728196932603
GRC,2013,Greece,62.9547272215374,36140000000.0,60859000000.0,126.9,8.47893188139786,,,,,3523987.0,0.593232,238.0,236556279640.705,-2.27211699888024,25730.8809006664,-0.921269454256994,0.752945122701996
GRL,2025,Greenland,,1012000000.0,1022000000.0,,,,,,,,,,,,,,6.62182508333333
GRL,2024,Greenland,,801000000.0,992000000.0,192.8,,,,,,,,,,,,,6.89448141666666
GRL,2023,Greenland,91.8900994375821,947000000.0,1155000000.0,229.9,,,,,,,,,3326543974.39193,0.865961986998158,78905.5801137274,,6.88970258583334
GRL,2022,Greenland,93.3651328766632,825000000.0,1108000000.0,210.3,,,,,,,,,3152334771.77992,2.00455580865604,75708.4296211883,,7.0761518625
GRL,2021,Greenland,83.6838572277142,802000000.0,1066000000.0,204.4,,,,,,,,,3293578467.57327,1.63409410992996,69302.0088788237,,6.2871130825
GRL,2020,Greenland,82.6595028892583,816000000.0,957000000.0,207.8,,,,,,,,,3089625554.40473,0.250789762104304,64999.4435683064,,6.54215220416667
GRL,2019,Greenland,92.1907515607492,826000000.0,986000000.0,210.5,,,,,,6144.526,,,2997309971.87623,2.83217756798683,64264.0564607393,,6.669446615
GRL,2018,Greenland,89.7766906266033,699000000.0,829000000.0,172.8,1.70924920520931,,,,,6998.705,,,3055782146.15957,0.62306542854094,61806.8271308174,,6.31461878666667
GRL,2017,Greenland,84.2072558673104,596000000.0,760000000.0,146.7,4.33718729181377,,,,,6998.705,,,2851613679.03433,0.0527281828800312,60010.0982907298,,6.60289346561404
GRL,2016,Greenland,85.8376729204278,575000000.0,734000000.0,141.1,4.80662545173762,,,,,8631.709,,,2707139544.46695,4.68195410972302,58908.5907726517,,6.73171825724638
GRL,2015,Greenland,83.1013810084573,406000000.0,667000000.0,100.0,78.4765279497612,,,,,8631.709,,,2499113022.81675,-2.52931802394475,55815.6502896781,,6.7279068312963
GRL,2014,Greenland,87.0885837878503,559000000.0,867000000.0,137.8,1.04266464882677,,,,,4536.347,,,2842065708.35962,4.7421356730152,56555.0690664102,,5.61246666666667
GRL,2013,Greenland,95.9116681587586,542000000.0,955000000.0,132.6,1.46112174313304,,,,,4746.328,,,2684946990.12448,-1.29828069335511,52893.650357143,,5.61631168617622
GRD,2025,Grenada,,35000000.0,653000000.0,,,,,,,,,,1420173228.56948,4.41201,21345.9653408221,0.610311975893833,2.7
GRD,2024,Grenada,,43000000.0,635000000.0,102.3,6.4434446202485,,,,,,,,1351270370.37037,2.3996478454327,19903.184889337,1.08615365134737,2.7
GRD,2023,Grenada,,46000000.0,609000000.0,140.7,3.00776134164197,,,,,,,,1336418518.51852,4.52657497450693,18986.3762946619,2.69612269814564,2.7
GRD,2022,Grenada,,37000000.0,589000000.0,114.5,2.17718748959197,2.5,2.6,2.5,3.1,20299.0,,,1224007407.40741,7.31023806981959,17541.2011831673,2.5805392590792,2.7
GRD,2021,Grenada,,35000000.0,447000000.0,106.5,1.24145758164245,,,,,19505.0,,,1122222222.22222,4.6977240232674,15290.250903138,1.21951193916838,2.7
GRD,2020,Grenada,,25000000.0,395000000.0,74.9,2.97590746119115,,,,,18446.0,,,1043411111.11111,-13.7566222572107,14361.1267154452,-0.740732597045498,2.7
GRD,2019,Grenada,,34000000.0,480000000.0,104.6,11.444444476357,,,,,18222.0,,,1213485185.18519,0.676511738873756,16446.1138871871,0.598149764736022,2.7
GRD,2018,Grenada,,31000000.0,467000000.0,93.9,12.7236433160283,,,,,23887.0,,,1166514814.81481,4.36144039364797,15974.8591933124,0.804102313277033,2.7
GRD,2017,Grenada,,30000000.0,420000000.0,89.7,7.16502960454243,,,,,21914.0,,,1125685185.18519,4.43867566948151,15041.4525712067,0.908458255874249,2.7
GRD,2016,Grenada,,30000000.0,351000000.0,90.3,32.2183671192355,,,,,19634.0,,,1061640740.74074,3.7396039558691,13977.5055879135,1.65038994431573,2.7
GRD,2015,Grenada,,33000000.0,372000000.0,100.0,5.97495701318799,,,,,16000.0,,,997007407.407407,6.44522314693144,13214.4096644941,-0.515448031435329,2.7
GRD,2014,Grenada,,37000000.0,340000000.0,109.3,15.6507325282731,,,,,16100.0,,,911496296.296296,7.34212396037948,12228.6481055395,-0.98360305555498,2.7
GRD,2013,Grenada,,37000000.0,368000000.0,110.3,2.7759068603868,,,,,16000.0,,,842618518.518518,2.35109801677905,11199.4040197944,-0.0439997864828058,2.7
GUM,2025,Guam,,71000000.0,937000000.0,,,,,,,,,,,,,,1.0
GUM,2024,Guam,,42000000.0,887000000.0,145.1,,,,,,,,,,,,,1.0
GUM,2023,Guam,,44000000.0,1308000000.0,153.6,,,,,,,,,,,,,1.0
GUM,2022,Guam,71.8668596237337,33000000.0,1240000000.0,117.5,,,,,,,,,6910000000.0,5.09986426216793,,,1.0
GUM,2021,Guam,61.8383060635226,44000000.0,808000000.0,158.2,,,,,,,,,6234000000.0,2.0581832574708,,,1.0
GUM,2020,Guam,63.6747802569304,36000000.0,595000000.0,125.8,,,,,,,,,5916000000.0,-10.5188595714539,,,1.0
GUM,2019,Guam,78.0645161290323,32000000.0,1050000000.0,111.0,,,,,,190200.0,,,6355000000.0,2.52360203340596,,,1.0
GUM,2018,Guam,72.9631465873409,34000000.0,1070000000.0,115.8,,,,,,181846.0,,,6051000000.0,-0.828231904933389,,,1.0
GUM,2017,Guam,69.2665890570431,33000000.0,760000000.0,112.4,,,,,,198681.0,,,6013000000.0,0.890099909173486,,,1.0
GUM,2016,Guam,70.4117946110829,33000000.0,713000000.0,109.1,,,,,,198209.0,,,5901000000.0,0.18198362147406,,,1.0
GUM,2015,Guam,71.3398861872737,32000000.0,705000000.0,100.0,,,,,,171844.0,,,5799000000.0,0.825688073394488,,,1.0
GUM,2014,Guam,78.3600713012478,41000000.0,1076000000.0,125.2,,,,,,161337.0,,,5610000000.0,1.79305192379529,,,1.0
GUM,2013,Guam,79.5332468975736,45000000.0,680000000.0,118.4,,,,,,169816.0,,,5399000000.0,1.69040835707501,,,1.0
GTM,2025,Guatemala,46.527609355823,15558000000.0,34609000000.0,,,,,,,,,,123306008821.471,4.28003207921405,15197.0831415082,1.48841591086169,7.68012458333333
GTM,2024,Guatemala,47.3052981448815,14601000000.0,32488000000.0,136.7,5.39604303984542,,,,,2010490.0,,,113215575150.885,3.71558453779777,14393.0528302577,2.86992752918294,7.7585375
GTM,2023,Guatemala,48.3297978472591,14199000000.0,30318000000.0,133.0,5.77662450839393,,,,,1768269.0,0.53954,,104298081428.769,3.52430434049013,13751.6084364487,6.20657592272126,7.83197416666667
GTM,2022,Guatemala,54.4490964612191,15695000000.0,32116000000.0,147.0,4.97162403170951,2.6,2.3,2.4,2.6,1660504.0,,,95609727055.5754,4.15492196609047,13008.2565459863,6.88512823344287,7.74824375
GTM,2021,Guatemala,49.261149442668,13753000000.0,26607000000.0,128.8,5.16708104325419,,,,,1735500.0,0.00012,,86455522272.7383,8.04170398855833,11825.141273764,4.26105127422813,7.73438833333333
GTM,2020,Guatemala,41.1407594007818,11521000000.0,18205000000.0,107.9,6.05086394466785,,,,,1577456.0,0.000643636,,77719468248.3666,-1.78555117570465,10947.3711292197,3.21444062197345,7.72165
GTM,2019,Guatemala,45.5167341849579,11175000000.0,19882000000.0,104.7,4.91934688390265,,,,,1529010.0,0.0273,,77172331693.4093,4.01789830861587,10755.8801029589,3.69998398008605,7.69669833333333
GTM,2018,Guatemala,47.0116853424691,10769000000.0,19699000000.0,100.9,5.31041212978891,2.41,2.16,2.2,3.11,1530596.0,0.107366,,73328356007.6152,3.40687328176345,9946.80252245268,3.75186186704508,7.51916458333333
GTM,2017,Guatemala,46.0694034412912,10990000000.0,18388000000.0,102.9,5.34358147059366,,,,,1389751.0,0.546373,,71653780740.4226,3.0798512212244,9560.1778346272,4.42453655182546,7.34793875
GTM,2016,Guatemala,46.3727343925686,10447000000.0,17000000000.0,97.8,5.81591535262668,2.476327,2.471827,2.20135,2.984158,1470101.0,0.63203,,66053408205.8838,2.6778031930216,9201.42836046357,4.44844199942827,7.59993708333333
GTM,2015,Guatemala,49.8934518550985,10677000000.0,17640000000.0,100.0,5.4761635770507,,,,,1350920.0,0.45552,,62186066547.6566,4.09217170075418,8934.00261178392,2.3887203283955,7.654815
GTM,2014,Guatemala,55.0832736168677,10803000000.0,18282000000.0,101.2,5.38681285513024,2.797453,2.75,2.535714,3.239358,1263476.0,0.09123,,57852159007.6243,4.44397825774911,8236.65929901848,3.4183616966296,7.73223333333333
GTM,2013,Guatemala,56.6852489007381,10025000000.0,17518000000.0,93.9,5.14501106587835,,,,,1211561.0,0.0,,52996420177.4409,3.69476814623695,7699.94541247252,4.34337131279521,7.85681375
GIN,2025,Guinea,103.678013340369,15104000000.0,8344000000.0,,,,,,,,,,28346024753.2924,7.44709668357611,4934.65125959855,3.54630163142885,
GIN,2024,Guinea,97.7778177313259,9850000000.0,5881000000.0,554.6,,,,,,,,,25008678293.4073,5.35004659049265,4571.93087130821,8.12313914948596,
GIN,2023,Guinea,95.829526758227,9180000000.0,4844000000.0,516.4,,,,,,286286.0,,,22407615556.0571,5.54172668627702,4337.3181486001,7.80497591927973,
GIN,2022,Guinea,94.1652726931221,8753000000.0,4843000000.0,492.3,,2.5,2.4,2.4,2.5,,,,19910452541.9219,3.97240784200721,4061.71755990026,10.4930409984424,
GIN,2021,Guinea,115.195532789356,10239000000.0,4187000000.0,575.9,,,,,,,,,17069115737.8259,5.5823328114905,3738.8051255133,12.5972882566934,
GIN,2020,Guinea,115.765259518929,8931000000.0,3727000000.0,502.3,,,,,,250000.0,,,14088693742.9464,4.70459096113575,3331.85663003801,10.6016203387167,9565.08218343833
GIN,2019,Guinea,78.4153132285974,3945000000.0,3470000000.0,221.8,,,,,,248659.0,,,13442861496.4454,5.61691446889876,3105.82789015443,9.47001039253012,9183.87586390984
GIN,2018,Guinea,88.984111543709,3978000000.0,3386000000.0,223.7,,2.2,2.45,1.56,2.04,237366.0,,,11857030366.7891,6.35849192736715,2844.46427670549,9.82761701259191,9011.13417725194
GIN,2017,Guinea,101.251633768429,4594000000.0,3484000000.0,258.3,,,,,,203373.0,,,10324668271.1362,10.3000053427355,2687.09504827171,8.91435947913097,9088.31949623166
GIN,2016,Guinea,111.839467415368,2414000000.0,4429000000.0,135.6,0.899971742078623,2.35896,2.282051,2.011655,2.375447,176167.0,,,8595955222.49719,10.82062719659,2255.32617992615,8.17268112275132,8967.92707958333
GIN,2015,Guinea,72.4427307469345,1781000000.0,2192000000.0,100.0,0.959602493970672,,,,,169017.0,,,8794201742.84609,3.82591056949435,1929.68091332187,11.7800825029834,7485.51674166667
GIN,2014,Guinea,76.7719658952305,2066000000.0,2372000000.0,115.9,5.08202455279598,2.464191,2.340447,2.097318,3.097318,160160.0,,,8778473372.82124,3.69655311664086,1873.21413058957,6.1505055670642,7014.11877725
GIN,2013,Guinea,80.4264477180461,1886000000.0,1869000000.0,105.5,2.49689033719174,,,,,147231.0,,,8376613539.28278,3.94568708624053,1842.00227737409,11.8875884481828,6907.8780695
GNB,2025,Guinea-Bissau,40.8792835027354,313000000.0,489000000.0,,,,,,,,,,2527930272.92988,5.81813762310792,3293.09532269486,0.874929691038717,581.92848104034
GNB,2024,Guinea-Bissau,40.3719342566601,229000000.0,486000000.0,97.6,,,,,,,,,2197777209.94218,4.40920107183611,3093.46533465682,3.76555825770114,606.345297609063
GNB,2023,Guinea-Bissau,42.4351515242076,240000000.0,474000000.0,95.1,,,,,,,,,2076748678.11987,4.63052364601562,2955.52345541775,7.10220928557059,606.569750165917
GNB,2022,Guinea-Bissau,45.9934723683125,245000000.0,469000000.0,97.2,,2.6,2.7,2.4,2.4,,,,1856239954.81555,5.45776090019501,2785.7846268362,9.39075933985203,623.759700911182
GNB,2021,Guinea-Bissau,44.8202242773261,300000000.0,412000000.0,118.9,,,,,,,,,1907611288.23036,5.0173096003907,2522.12869240841,2.24248879577658,554.530675033104
GNB,2020,Guinea-Bissau,42.8852704163601,214000000.0,361000000.0,84.8,,,,,,,,,1705062169.81422,2.89149979806913,2339.79956661743,1.14000939393222,575.586004510945
GNB,2019,Guinea-Bissau,49.943905496502,249000000.0,385000000.0,98.6,,,,,,28699.98,,,1596214680.12925,5.32749571119344,2247.29524698075,0.24660026814783,585.911013180369
GNB,2018,Guinea-Bissau,55.0195890357005,339000000.0,345000000.0,134.5,,2.39,2.01,1.78,2.86,47433.09,,,1554133593.91699,3.76145359637003,2057.96969129146,0.381324702790992,555.446458398226
GNB,2017,Guinea-Bissau,56.9137475938811,339000000.0,353000000.0,134.5,,,,,,56819.16,,,1469978606.12143,4.66367943913264,2081.81287227685,1.69111461822298,580.656749587858
GNB,2016,Guinea-Bissau,54.3006730474711,277000000.0,279000000.0,109.6,,2.370681,2.444444,1.907407,2.740741,26382.34,,,1245074264.10396,5.4326782650304,1824.3730977071,1.50312055861088,592.605615063022
GNB,2015,Guinea-Bissau,54.3703755891285,252000000.0,251000000.0,100.0,5.80645161290323,,,,,27136.36,,,1152384166.79638,6.1340893623123,1729.94260310123,1.47672048910485,591.21169798261
GNB,2014,Guinea-Bissau,46.8696583055238,166000000.0,260000000.0,65.8,,2.426464,2.428571,2.285714,2.714286,47720.71,,,1135250721.0374,0.964525745841428,1455.90813665193,-1.50924460570494,493.757329875312
GNB,2013,Guinea-Bissau,39.9574617805787,153000000.0,214000000.0,60.6,,,,,,28632.55,,,1109682824.13594,3.25607190852087,1415.82511935379,1.20712555668405,493.899623852237
GUY,2025,Guyana,,18693000000.0,10217000000.0,,,,,,,,,,27097477218.2254,19.3360097091818,97899.0116180627,3.32982339132475,208.5
GUY,2024,Guyana,,19786000000.0,6825000000.0,1731.8,13.3341087055182,,,,,,,,24662714628.2974,43.8192726391966,80271.4254322872,2.90379501424778,208.5
GUY,2023,Guyana,,13210000000.0,6636000000.0,1148.6,15.7138926801315,,,,,,,,16918503597.1223,33.795011115873,54774.145474106,2.82159393090811,208.5
GUY,2022,Guyana,,11281000000.0,3624000000.0,986.2,0.123954109320186,2.4,2.3,2.4,2.6,,,,14718388489.2086,63.3346343654855,39704.6761521236,6.93346066500816,208.5
GUY,2021,Guyana,,4356000000.0,4376000000.0,379.5,0.221685101474626,,,,,58377.0,0.022018,,8041362110.31175,20.0599975568418,22865.9270968882,4.50619858925893,208.5
GUY,2020,Guyana,,2590000000.0,2250000000.0,225.6,2.61088124497344,,,,,64241.0,0.10855,,5471256594.72422,43.479651716849,16819.4228714695,0.722434045501787,208.5
GUY,2019,Guyana,,1567000000.0,4040000000.0,135.9,0.300824820520728,,,,,58543.0,0.0475892117738182,,5173760191.84652,5.35284003535665,13240.9713761155,2.11238986774464,208.5
GUY,2018,Guyana,,1339000000.0,2410000000.0,116.3,0.215510365907189,2.36,2.55,2.09,2.65,58210.0,0.100011,,4787636997.85343,4.44091288475967,12442.5087185876,1.25128567037044,207.716666666667
GUY,2017,Guyana,,1437000000.0,1644000000.0,125.4,0.090739337395843,,,,,57663.0,,,4748174334.14044,3.73449154571284,12243.2225968541,1.94571617739331,206.5
GUY,2016,Guyana,,1441000000.0,1448000000.0,125.4,0.197005796128114,2.667018,2.396359,2.236232,3.119813,50476.0,,,4482697336.56174,3.80745626378814,11516.3798289577,0.826177341246544,206.5
GUY,2015,Guyana,,1151000000.0,1492000000.0,100.0,0.177560753383893,,,,,52834.0,,,4279840193.7046,0.687404590619494,11408.473901349,-0.865401289233742,206.5
GUY,2014,Guyana,,1167000000.0,1791000000.0,101.4,0.217317494688255,2.459132,2.457584,2.395066,2.742693,48735.0,0.0,,4127660151.8087,1.68649445019584,11145.0291198724,0.683700250354637,206.449166666667
GUY,2013,Guyana,,1375000000.0,1875000000.0,118.8,0.296978506662254,,,,,50991.0,0.0,,4167800928.83553,3.65338433338232,11199.8874744089,1.9111250917408,205.394166666667
HTI,2025,Haiti,15.8854793452678,554000000.0,4628000000.0,,,,,,,,,,32077278409.2339,-2.71291075761471,3133.72347930529,28.6427976686095,130.626409210526
HTI,2024,Haiti,18.6547617785224,680000000.0,4246000000.0,80.7,,,,,,201514.0,,,24255657481.2502,-4.18495104762965,3168.87908307377,26.9490564091987,131.810991666667
HTI,2023,Haiti,25.2478984941791,956000000.0,4715000000.0,101.9,,,,,,201888.0,0.055037,,19572288894.1581,-1.86388420254838,3264.65805430675,36.8135162780854,141.035912702189
HTI,2022,Haiti,29.7746074753724,1254000000.0,4744000000.0,145.4,,2.1,2.1,1.8,2.5,200297.0,0.014374,,20113007125.93,-1.68198396897978,3245.27176023069,33.98393194707,115.630715521746
HTI,2021,Haiti,33.4120026772124,1084000000.0,4717000000.0,128.2,,,,,,193900.0,,,20754978152.2134,-1.79823988931486,3116.56505397604,16.8415240198785,89.2266365116304
HTI,2020,Haiti,37.4138801252638,885000000.0,3934000000.0,100.4,,,,,,189500.0,,,14508222518.3018,-3.30550546965893,3103.18066312462,22.7963113642528,93.5098072136213
HTI,2019,Haiti,44.5687187758294,1147000000.0,4505000000.0,136.3,,,,,,185000.0,0.0,,15016090929.5125,-1.72309699839232,3236.97492504607,18.7037825672506,88.8149661769193
HTI,2018,Haiti,45.1385763027223,1078000000.0,4917000000.0,122.3,,2.11,2.03,1.94,2.44,163500.0,,,16403864617.8458,1.66781095484656,3196.97386370614,12.4814111170435,68.0317539812812
HTI,2017,Haiti,42.0745477868911,982000000.0,4221000000.0,111.1,,,,,,177141.0,,,15093357161.1498,2.51027134544685,3339.38884653446,10.6800887242584,64.7696802849928
HTI,2016,Haiti,41.4109022161974,1007000000.0,3786000000.0,111.8,,1.716096,1.698904,1.471292,2.023799,176879.0,,,14069277526.2278,1.81246807847532,3253.47178641614,11.5029073942666,63.3358183698924
HTI,2015,Haiti,41.9457381172044,882000000.0,3683000000.0,100.0,,,,,,178452.0,,,14849629308.6025,1.40000000859727,3025.83461728258,6.73184069658997,50.7064266739439
HTI,2014,Haiti,42.3515259071619,950000000.0,3734000000.0,107.8,,2.269601,2.25,1.998047,2.626167,175307.0,,,15146883497.6331,2.88877250863379,3075.73843837062,3.43816659958601,45.2159808923792
HTI,2013,Haiti,40.3325097562551,885000000.0,3580000000.0,100.4,,,,,,172516.0,,,14902488604.2421,4.32478411472874,3042.4970687871,4.76502404779142,43.4627833333333
HND,2025,Honduras,91.507337541504,12004000000.0,18636000000.0,,,,,,,,,,39601409103.3005,3.75143102801252,7871.09129065536,4.59657982325258,25.9526748179551
HND,2024,Honduras,91.6694117874122,11083000000.0,17754000000.0,134.7,3.87334759570957,,,,,905497.0,,,36980171442.0603,3.63240745450875,7502.56902428309,4.60621098127101,24.7992824415521
HND,2023,Honduras,98.7919798336365,11383000000.0,17351000000.0,138.4,3.30891556062124,,,,,907410.0,1.143739,,34355805527.9795,3.57584760454412,7184.25562362375,6.66325180347463,24.6016468236818
HND,2022,Honduras,112.698524913966,12281000000.0,18321000000.0,149.3,,2.9,2.8,2.7,3.2,923321.0,0.677137,,31426041806.7985,4.14356194013767,6804.41504589356,9.08963911525032,24.4858737291131
HND,2021,Honduras,103.372643459918,10247000000.0,15076000000.0,124.6,1.4495499920383,,,,,824876.0,1.021922,,28144331506.6149,12.5652843771279,6202.98078812037,4.48087963413446,24.0166553242681
HND,2020,Honduras,88.0008563836292,7683000000.0,10253000000.0,93.4,4.06990705871472,,,,,700066.0,,,23352232483.755,-8.96508223267296,5384.69831983038,3.46841177951171,24.5818805172846
HND,2019,Honduras,99.4595352452417,8788000000.0,12149000000.0,106.8,1.96086912582269,,,,,790707.0,1.149492,,24882225741.8119,2.55963434592314,5784.93081057111,4.36587159819274,24.5085389148926
HND,2018,Honduras,103.551162215452,8644000000.0,12462000000.0,105.1,1.96264426487614,2.6,2.24,2.47,2.83,813164.0,0.44987,,24067750760.499,3.84499476966735,5633.3832384519,4.34734937777536,23.9027282925432
HND,2017,Honduras,101.813111079622,8656000000.0,11409000000.0,105.2,3.12358554921908,,,,,797293.0,0.229947,,23136247990.5977,4.84291391050387,5620.65455247733,3.93436084442037,23.4870839434552
HND,2016,Honduras,99.8157169505924,7960000000.0,10559000000.0,96.8,2.83717179282699,2.462812,2.21235,2.03975,2.911381,756641.0,0.399566257,,21717604952.1835,3.89297219726413,5186.15897417161,2.72461223295289,22.835018390426
HND,2015,Honduras,107.26440535424,8226000000.0,11175000000.0,100.0,1.30847133128199,,,,,743686.0,0.50237232,,20979791685.416,3.84007997093951,4845.59566521125,3.15783117980915,21.945175
HND,2014,Honduras,112.97509728471,8117000000.0,11051000000.0,98.7,2.57978490075374,2.607427,2.695652,2.242481,2.787936,682857.0,0.851628,,19756533971.8698,3.0580805621437,4460.05742833175,6.12924930313031,20.9871583333333
HND,2013,Honduras,116.306049247436,7833000000.0,10953000000.0,95.2,,,,,,671467.0,1.97274,,18499729214.904,2.79155975746801,4137.3268237781,5.16189898581494,20.3537791666667
HKG,2025,"Hong Kong SAR, China",396.645420727816,753582000000.0,831832000000.0,,,,,,,,,,427310315921.993,3.48764886355949,80422.8129947646,1.43633540372673,7.79708333333333
HKG,2024,"Hong Kong SAR, China",359.390663042179,645537000000.0,704141000000.0,126.5,75.5706908349979,,,,,13690000.0,,,408368682415.423,2.62936861207362,75341.6985534061,1.72972119105914,7.80383333333334
HKG,2023,"Hong Kong SAR, China",353.194608900413,573871000000.0,653696000000.0,112.4,72.3154885126867,,,,,14345000.0,8638.388814,,380762296025.216,3.15034461759902,71519.1754897022,2.09660511249089,7.82958333333333
HKG,2022,"Hong Kong SAR, China",384.885909968308,609925000000.0,667554000000.0,119.5,72.6367726437239,4.0,3.8,4.0,4.1,16573000.0,1.42667215,,358673532516.529,-3.68528359281325,68590.1858741565,1.88136707196853,7.83141666666666
HKG,2021,"Hong Kong SAR, China",402.459681454463,669903000000.0,712358000000.0,131.2,70.5506557214905,,,,,17772000.0,9027.879964,,368954169748.818,6.45443038333934,65884.9376260603,1.56875834445922,7.77325
HKG,2020,"Hong Kong SAR, China",350.679705044448,548773000000.0,569769000000.0,107.5,69.6513217074644,,,,,17953000.0,8084.89962,,344943149590.058,-6.54479640529367,58187.4764072535,0.2509620210808,7.75725
HKG,2019,"Hong Kong SAR, China",353.743521139731,534887000000.0,577834000000.0,104.8,65.5667246519625,,,,,18360000.0,11739.489567,,363074545072.389,-1.67242865968056,61221.4195400701,2.88320853773996,7.83591666666667
HKG,2018,"Hong Kong SAR, China",376.892773545026,568456000000.0,626616000000.0,111.4,64.6544468445663,3.92,3.81,3.97,4.14,19641000.0,12676.721747,,361731070995.726,2.84690922660509,60900.2752924537,2.40613432046534,7.8385
HKG,2017,"Hong Kong SAR, China",376.795666734722,549865000000.0,588913000000.0,107.7,61.5548639261037,,,,,20760000.0,12415.19932,,341273289534.466,3.79610937243891,59260.9131761938,1.49387243939522,7.79325
HKG,2016,"Hong Kong SAR, China",371.727231773253,516635000000.0,546520000000.0,101.2,13.4708648681174,4.069103,3.937721,4.102599,4.289687,19580000.0,11409.118758,,320860317562.562,2.17544820327555,56761.4824132224,2.40930743862224,7.76225
HKG,2015,"Hong Kong SAR, China",389.405949263639,510486000000.0,558770000000.0,100.0,12.3029118452087,,,,,20114000.0,11294.272491,,309385622601.348,2.38780116013344,56043.042695697,2.99084819322581,7.75175
HKG,2014,"Hong Kong SAR, China",425.975871734797,524130000000.0,600765000000.0,102.7,11.3905603813352,3.826763,3.724201,3.971997,4.061154,22300000.0,10826.12281,,291459995978.893,2.76241378329884,54514.9268059819,4.42364532019699,7.75408333333333
HKG,2013,"Hong Kong SAR, China",442.620019127299,535546000000.0,622277000000.0,104.9,13.9010183381569,,,,,22288000.0,9396.48053,,275696879834.966,3.10155262780289,53517.419549888,4.33799342105267,7.756
HUN,2025,Hungary,140.779303903333,168841000000.0,159200000000.0,,,,,,,,,,246490213513.054,0.509542309726868,49837.6008411067,4.41198445905562,353.14
HUN,2024,Hungary,147.926666538068,159268000000.0,149805000000.0,159.6,22.5745118826045,,,,,,,,222848211034.367,0.709070599066038,48540.1614792293,3.70370370370369,365.690833333333
HUN,2023,Hungary,158.618825607913,164359000000.0,155650000000.0,163.7,18.8624569621863,,,,,,145.08106,,213029511028.874,-0.817107370513455,46376.1979062264,17.1249659678737,353.088333333333
HUN,2022,Hungary,184.969952581351,153580000000.0,163974000000.0,153.9,18.4048917258431,3.2,2.7,3.1,3.6,,133.284359,,177002580544.155,4.15238057779229,44232.4363539167,14.6081439492433,372.595833333333
HUN,2021,Hungary,159.187527332834,141830000000.0,142917000000.0,144.0,16.3975126429279,,,,,,,11345.601,183282685440.486,7.22291580811137,38887.1909527154,5.11096534382855,303.140833333333
HUN,2020,Hungary,154.527002936377,120654000000.0,116020000000.0,122.5,17.4648807221778,,,,,,,11594.698,158468487754.196,-4.33872540024058,35583.5855675637,3.32674385766738,307.996666666667
HUN,2019,Hungary,159.925556464831,123796000000.0,120590000000.0,125.7,17.3787600622128,,,,,,0.0,10624.909,164936682033.992,5.07718495088933,35627.2315520858,3.33858635382008,290.66
HUN,2018,Hungary,162.700858777925,124705000000.0,120741000000.0,126.6,16.8209858629646,3.42,3.35,3.27,3.79,,0.0,10584.08,161184691013.835,5.60613813768876,32258.2577892511,2.85024792594646,270.211666666667
HUN,2017,Hungary,165.032855840268,113806000000.0,107519000000.0,115.5,17.2630732776764,,,,,,,11344.565,143335098991.862,4.12418389451805,29728.0121568801,2.34824281150154,274.433333333333
HUN,2016,Hungary,163.97194450015,101919000000.0,93880000000.0,103.4,17.5764530213374,3.428968,3.016758,3.48396,3.875794,,,10527.534,128983560865.293,2.43864141309342,28178.9450366919,0.394769306686392,281.523333333333
HUN,2015,Hungary,167.290738494524,98524000000.0,91973000000.0,100.0,17.08325844517,,,,,,,10009.615,125244126623.289,3.65981615406955,26937.7320818864,-0.0616446800641672,279.3325
HUN,2014,Hungary,168.358355086413,110622000000.0,104897000000.0,112.3,16.6901975118435,3.464438,2.970238,3.179665,4.05913,,,10158.0,141128696412.321,4.33435364113967,25796.2100959256,-0.227566270988219,232.601666666667
HUN,2013,Hungary,164.476024791467,107503000000.0,100111000000.0,109.1,19.3691523112004,,,,,,0.0,9722.0,135646053778.582,2.03216990678146,24591.6380503055,1.73319984983101,223.695
ISL,2025,Iceland,82.4877303813374,7167000000.0,10944000000.0,,,,,,,,,,38582528789.0033,1.27946207863934,83431.2131434311,4.09085056006515,128.441487054951
ISL,2024,Iceland,86.1815792789281,6936000000.0,9809000000.0,146.6,53.9722930663779,,,,,,,,33186621855.0053,-1.2828764442695,83561.4294628375,5.85683849970072,137.958025978154
ISL,2023,Iceland,87.2388810922276,6789000000.0,9460000000.0,143.5,43.4245422764011,,,,,425000.0,191.91125072,,31701996433.7807,5.0322597376242,82256.5277425273,8.73630299937298,137.942952429967
ISL,2022,Iceland,93.0164295134303,7389000000.0,9591000000.0,156.2,33.3116292542581,3.6,3.7,3.6,3.6,360000.0,147.39200384,,29176227825.4736,8.85729897856851,76592.3392429534,8.30875511558912,135.27990200138
ISL,2021,Iceland,76.2317249850944,5987000000.0,7817000000.0,126.5,33.4874148657273,,,,,360000.0,149.000507,,26234872402.457,5.18057190719905,62720.7916832797,4.44423970189746,126.988860204557
ISL,2020,Iceland,68.6550233460548,4582000000.0,5697000000.0,96.8,27.9589360661677,,,,,320000.0,135.059286,,22034665040.7901,-6.64587810456635,56840.7423583166,2.84792401518657,135.421711629205
ISL,2019,Iceland,83.7923659518443,5223000000.0,6567000000.0,110.4,38.0792033549769,,,,,330292.0,138.653502,,24985687022.0452,1.13821227336888,61270.1315624391,3.01397179156061,122.606773601907
ISL,2018,Iceland,88.934996973139,5556000000.0,7679000000.0,117.4,23.4740318421698,3.23,2.77,3.19,3.7,353300.0,163.646108143,,26677652544.3499,4.66077036232377,58105.5882495515,2.68291768267392,108.300176306626
ISL,2017,Iceland,86.3585336945067,4878000000.0,6965000000.0,103.1,26.3759840115862,,,,,350348.0,166.75235,,25060086487.8901,3.48506704155555,56385.0430004634,1.76041559180605,106.839572014
ISL,2016,Iceland,87.7600165983392,4436000000.0,5670000000.0,93.8,23.3894322573227,3.345605,3.128526,3.023077,3.884776,308660.0,128.008190221,,21083713310.457,6.21808764670307,54227.6848099073,1.69692761997734,120.811548065239
ISL,2015,Iceland,94.8888027460231,4732000000.0,5299000000.0,100.0,20.1396578475779,,,,,277629.0,107.696809,,17700486957.1907,3.76859020213645,49715.8375969779,1.63305558181335,131.918708431432
ISL,2014,Iceland,95.2879194201667,5053000000.0,5375000000.0,106.8,17.1233939798944,3.391863,3.538461,3.342209,3.508876,261732.0,96.01941,,18052183514.8695,1.91381613095174,46471.9845659755,2.04461481539342,116.767352506899
ISL,2013,Iceland,97.6980221861272,4998000000.0,5020000000.0,105.6,15.7355558714745,,,,,241857.0,99.153358,,16244319958.6808,3.59695697128252,44738.1187219778,3.8722792374824,122.179121320458
IND,2025,India,46.2682006859907,445278000000.0,753481000000.0,,,,,,,,,,3956067115771.63,7.56666179284244,11747.9160436011,2.39884954182294,87.1584483507393
IND,2024,India,45.9166907678748,442886000000.0,718284000000.0,165.2,18.5723946411049,,,,,23898000.0,,,3760813470500.86,7.09927893176518,10718.5934040662,4.95303550973661,83.669281580941
IND,2023,India,46.3229520582338,431559000000.0,673929000000.0,161.1,14.9343472986716,,,,,22208000.0,1806.986382,,3500906030644.76,7.210224629335,9853.04309264591,5.64914318907925,82.5992764460784
IND,2022,India,50.6979382758042,453415000000.0,720441000000.0,169.2,12.6822794807287,3.4,3.0,3.2,3.6,19717168.0,1462.126148332,,3249938492013.47,7.6093649776932,8941.09277447514,6.69903414079858,78.6044905829916
IND,2021,India,45.4230887840446,395426000000.0,573092000000.0,147.6,10.2125596625118,,,,,19561769.0,907.929041,719762.0,3167270623260.47,9.68959249191741,7818.65701757504,5.13140747176364,73.9180128154351
IND,2020,India,37.7581053292768,276410000000.0,373202000000.0,103.2,11.0325638466576,,,,,17597062.0,875.122843,707665.0,2674851578587.27,-5.77772470687303,6766.06119055994,6.6234367762853,74.0995668836052
IND,2019,India,39.9054035306442,324340000000.0,486059000000.0,121.0,10.2237396907979,,,,,17487621.0,1938.232596,738523.0,2835606256558.19,3.87143694070524,6945.40309824538,3.72950573539123,70.4203405359551
IND,2018,India,43.6169693323889,324778000000.0,514464000000.0,121.2,9.04145168835151,3.18,2.96,2.91,3.5,16996593.0,2703.96417383,692916.0,2702929641648.74,6.45385134495295,6521.97490856972,3.93882646691643,68.3894670935422
IND,2017,India,40.7424969545225,299241000000.0,449925000000.0,111.7,7.36208114076572,,,,,15450523.0,2407.098107,620175.0,2651474262755.45,6.79538341902422,5968.11490280172,3.32817337461305,65.1215686450659
IND,2016,India,40.082485713276,264542000000.0,361649000000.0,98.7,7.66325704378624,3.420043,3.17442,3.337178,3.73805,13724110.0,1893.8815,654481.0,2294796885663.16,8.25630550176662,5633.77275665841,4.94821634062134,67.1953128073894
IND,2015,India,41.9229138658647,267951000000.0,394131000000.0,100.0,8.02476917234515,,,,,12318610.0,1833.847614,681696.0,2103588360044.94,7.99625378567987,5269.11774528716,4.90697344127249,64.1519444632786
IND,2014,India,48.9221857470669,322694000000.0,462910000000.0,120.4,9.22122174793918,3.080137,2.717276,2.877227,3.510833,11652174.0,1851.32674,665810.0,2039126479154.52,7.41022760516977,5042.38256477318,6.66565671867899,61.0295144607843
IND,2013,India,53.8441319466777,314848000000.0,465397000000.0,117.5,8.87350364988968,,,,,10571320.0,1733.76172,649645.0,1856721507621.58,6.38610640091713,4870.23562464539,10.0178784746104,58.5978454166667
IDN,2025,Indonesia,43.3912070511204,282909000000.0,241857000000.0,,,,,,,,,,1445642584163.81,5.10808904438025,17659.7921291587,1.9133344329508,16477.8651797836
IDN,2024,Indonesia,42.809937870822,264706000000.0,233659000000.0,176.1,8.7110437578916,,,,,14709550.0,,,1396301788461.69,5.03257477088519,16472.4825935409,2.18151273615189,15855.4482866711
IDN,2023,Indonesia,41.4604765447233,258857000000.0,221886000000.0,172.2,9.08308687782522,,,,,13734424.0,870.513420389,,1371166925749.88,5.04883117855516,15428.3856954945,3.66938654859761,15236.8846620506
IDN,2022,Indonesia,45.4646701959453,291979000000.0,237447000000.0,194.2,8.30819306709832,3.0,2.8,2.9,3.3,13281232.0,580.672088,,1319101183380.15,5.30719722664799,14282.6654124401,4.20946463714784,14849.8539362105
IDN,2021,Indonesia,40.2047582749671,231506000000.0,196190000000.0,154.0,7.20127970144306,,,,,12906100.0,772.901013,,1186509691086.73,3.70288562827751,12757.0746440204,1.56007882983334,14308.1439011897
IDN,2020,Indonesia,32.9721754002427,163306000000.0,141622000000.0,108.6,8.4247469855579,,,,,11771309.0,674.799378544,,1059054842698.48,-2.06551182934165,11729.3674458448,1.91983527270793,14582.2034678177
IDN,2019,Indonesia,37.6277775357108,167683000000.0,171276000000.0,111.5,8.09206094724751,,,,,12704578.0,981.74186,15573.0,1119099871350.2,5.01928768046282,11986.4701508376,3.03058460941661,14147.6713605454
IDN,2018,Indonesia,43.0743089552002,180124000000.0,188708000000.0,119.8,8.21299200751234,3.15,2.67,2.89,3.67,12616970.0,1131.913455454,15091.0,1042271532988.63,5.17429153955024,11372.0971987612,3.19834755924996,14236.9387734818
IDN,2017,Indonesia,39.3554970704606,168811000000.0,156925000000.0,112.3,8.44632702628773,,,,,11314273.0,1052.36048,13396.0,1015618744159.73,5.06978590134916,10687.6409218443,3.80879857691949,13380.8338788891
IDN,2016,Indonesia,37.4213418023318,144490000000.0,135653000000.0,96.1,7.99860974921307,2.984537,2.688429,2.645161,3.459917,10608853.0,974.556289,11120.0,931877364037.698,5.03306918280177,10262.5951651871,3.52580452815451,13308.3268020542
IDN,2015,Indonesia,41.9376402415294,150366000000.0,142695000000.0,100.0,8.88987824359938,,,,,10080049.0,758.705163350469,10057.0,860854232686.214,4.87632230022123,10027.5372996025,6.36312061196646,13389.4129365079
IDN,2014,Indonesia,48.0801755855227,176293000000.0,178179000000.0,117.3,9.32850761968047,3.081806,2.869565,2.918715,3.529022,11005059.0,902.116486410853,9884.0,890814755533.537,5.006668425755,10064.677127417,6.39492882396559,11865.2112962963
IDN,2013,Indonesia,48.6373726752893,182552000000.0,186629000000.0,121.4,9.67606262852233,,,,,11183911.0,768.23502,,912524136718.018,5.5572636889101,9866.01699250847,6.41249457900391,10461.24
IRN,2025,"Iran, Islamic Rep.",60.2426223967467,113225000000.0,65632000000.0,,,,,,,,,,362682115433.364,-2.82597163290347,19699.2193549189,42.1712244965444,
IRN,2024,"Iran, Islamic Rep.",52.0621306794348,112654000000.0,69414000000.0,176.5,,,,,,2921359.0,,,475252089215.416,3.66312057949303,19902.7484779621,32.455871402917,
IRN,2023,"Iran, Islamic Rep.",49.3935500960203,97357000000.0,65826000000.0,152.6,,,,,,,136.931326,,457510482317.483,5.33235116079808,18932.6833817658,44.5791857572797,42000.0
IRN,2022,"Iran, Islamic Rep.",48.9183508223052,97852000000.0,58784000000.0,153.2,0.814007923197325,2.3,2.2,2.4,2.7,,214.042499,,422662261525.665,4.35281087521344,17542.844026084,43.4884641742179,42000.0
IRN,2021,"Iran, Islamic Rep.",42.672379536261,71646000000.0,49086000000.0,110.6,0.380525397860673,,,,,,273.578418,32920.0,407350685583.335,4.13089685034471,15884.4276775963,43.3890162681514,42000.0
IRN,2020,"Iran, Islamic Rep.",43.8844674905013,46916000000.0,38757000000.0,72.1,0.746714844738681,,,,,,202.106472273,35963.0,280934329279.723,4.44180865358672,15119.3058859964,30.5941390387295,42000.0
IRN,2019,"Iran, Islamic Rep.",48.5917712137038,65718000000.0,41828000000.0,97.9,0.926086511463464,,,,,,152.258660678818,33645.702256,347988400957.999,-2.36143538770575,13927.5128074328,39.9073455697784,42000.0
IRN,2018,"Iran, Islamic Rep.",56.6153496142829,103422000000.0,49353000000.0,152.6,0.72469081853253,2.85,2.62,2.77,3.36,2368914.0,169.797251,34859.0,411903303606.044,-3.74796015711334,15324.0674634637,18.0141183371874,40864.329009777
IRN,2017,"Iran, Islamic Rep.",43.1556931383906,92764000000.0,49499000000.0,136.1,1.36325563923218,,,,,3091066.0,325.668724283288,30299.0,510239893417.645,3.02685468694025,15719.416701551,8.04492437660278,33226.2981524127
IRN,2016,"Iran, Islamic Rep.",39.8772417738866,72903000000.0,43080000000.0,108.3,1.39878294404259,2.601254,2.333333,2.666667,2.813272,2462028.0,139.17528859407,27243.0,478618064870.999,8.8150866425182,15194.7855803519,7.24542548952979,30914.8524362967
IRN,2015,"Iran, Islamic Rep.",39.42258866118,70275000000.0,44937000000.0,100.0,1.43263391911846,,,,,2180852.0,95.9107033490603,25014.0,409191686496.677,-1.42488493937503,14273.5499061586,12.4846815611533,29011.4913770529
IRN,2014,"Iran, Islamic Rep.",45.3514201413161,95160000000.0,55106000000.0,135.0,1.54536499147799,,,,,2381922.0,96.4385837752481,24461.0,462284793280.825,4.98477506709476,16065.158186028,16.6065532357449,25941.6641445972
IRN,2013,"Iran, Islamic Rep.",47.0867179194755,90765000000.0,46571000000.0,125.8,1.54772069724821,,,,,2218161.0,84.4590590839086,22400.0,500399839839.877,-1.52197920494184,16215.2119014642,36.6030355191029,18414.4480100374
IRQ,2025,Iraq,,92912000000.0,85185000000.0,,,,,,,,,,254367293538.462,-2.15574219066178,14266.7965348226,0.303454715219382,
IRQ,2024,Iraq,77.1389393108395,100990000000.0,87410000000.0,196.7,,,,,,,,,279641257615.385,-1.54525198319173,14485.3248937523,2.6116961151764,1300.0
IRQ,2023,Iraq,69.4613207990167,99149000000.0,65826000000.0,193.1,,,,,,,,,268881051643.549,0.517705525140073,14664.5981923773,4.35835351089595,1312.5
IRQ,2022,Iraq,68.75879409409,118045000000.0,55194000000.0,229.9,,2.4,2.1,2.2,3.0,,,,287372232137.931,7.95904804990212,14388.8485236797,4.9947659638103,1450.0
IRQ,2021,Iraq,61.5032683117218,73084000000.0,40849000000.0,142.4,,,,,,,,,209691945713.103,1.5021807095434,12731.7535755128,6.04186489058043,1450.0
IRQ,2020,Iraq,57.742316395146,46863000000.0,48293000000.0,91.3,,,,,,,,,180898797516.874,-12.0367930960454,10573.9304750715,0.574162679425856,1192.0
IRQ,2019,Iraq,68.9899384202806,80211000000.0,57581000000.0,156.2,,,,,,932728.6,0.0,,233636097800.338,5.5137905789381,12248.5917385963,-0.198965380023882,1182.0
IRQ,2018,Iraq,65.8017917701083,86360000000.0,46416000000.0,168.2,,2.18,1.84,2.03,2.72,743211.1,16.199317,,227367469034.031,2.63385099105624,12034.4011214944,0.367441488936828,1182.75
IRQ,2017,Iraq,59.7809123923157,57559000000.0,38066000000.0,112.1,,,,,,823944.7,15.587857428,,187217660050.676,-1.81975035118309,10191.6616988639,0.184058898847553,1184.0
IRQ,2016,Iraq,54.588320188677,41298000000.0,34208000000.0,80.4,,2.149902,2.008735,1.867185,2.663845,220859.7,0.9519664068,,166743557747.671,13.7873730187089,9079.13531769496,0.556521397155548,1182.0
IRQ,2015,Iraq,69.5917685983115,51338000000.0,47467000000.0,100.0,,,,,,108905.0,1.218202664,,166774104959.102,2.60676642939541,9334.46604866315,1.39333028780268,1167.33333333333
IRQ,2014,Iraq,68.9824868569036,85370000000.0,58602000000.0,166.3,,2.29784,1.980646,2.184437,2.851242,133961.3,10.619112,,228415656174.957,2.26368817563613,13168.245587417,2.23597407904726,1166.0
IRQ,2013,Iraq,67.4100184095672,90587000000.0,63320000000.0,176.5,,,,,,67553.94,10.619112,,234637675128.645,7.62828592298754,14668.5432764995,1.87949800749416,1166.0
IRL,2025,Ireland,239.958912343567,293418000000.0,159218000000.0,,,,,,,,,,721701359046.313,12.3375990291434,155089.413131749,2.21044788475857,0.88496895841236
IRL,2024,Ireland,246.169874857401,241202000000.0,144018000000.0,195.9,53.5184328432158,,,,,1209552.0,,,609157459747.205,2.59946721553708,140779.203379453,2.11344999577317,0.923889546117607
IRL,2023,Ireland,239.649627585111,208320000000.0,151097000000.0,168.9,47.7737732849219,,,,,1097574.0,430.49445,,567372737459.116,-2.53637409313261,133440.438499393,6.29942487419125,0.924839558470698
IRL,2022,Ireland,237.755419559378,214156000000.0,147269000000.0,173.6,46.7867801497714,3.6,3.4,3.5,3.7,1154803.0,128.63663,,548341794599.09,7.51113888415304,138464.829172919,7.82945736434105,0.949623753156941
IRL,2021,Ireland,231.032350863586,190658000000.0,120301000000.0,154.6,28.4781475271992,,,,,1143007.0,86.36447,70.0,530394123829.763,16.2581881158197,116702.85817485,2.34034113447044,0.84549413889045
IRL,2020,Ireland,258.780437026252,180104000000.0,99823000000.0,146.0,25.8991544690003,,,,,1058888.0,131.775022,74.0,436009027818.948,7.15369505735335,97677.4943055886,-0.326183651280033,0.875506396987998
IRL,2019,Ireland,257.652772910421,169625000000.0,101104000000.0,137.5,25.9769791902199,,,,,1063489.0,174.5404,72.0,407211793800.713,4.97288003766816,92042.2566065385,0.937842961189274,0.893276257067409
IRL,2018,Ireland,222.453716000399,164794000000.0,107669000000.0,133.6,25.0152782298751,3.51,3.36,3.29,3.76,1000560.0,168.7117,89.0,395780319816.603,7.68865937437435,86368.9782047908,0.471130713712916,0.846772667108111
IRL,2017,Ireland,233.304083346711,137359000000.0,93198000000.0,111.3,29.3340262522775,,,,,958488.0,154.38504,100.0,348355212568.515,10.1088576065965,80409.4548397032,0.362173038229378,0.885205508269372
IRL,2016,Ireland,239.708527798768,130864000000.0,81185000000.0,106.1,32.8418171476767,3.794886,3.474252,3.772744,3.937329,916833.0,118.207,101.0,305431252708.748,1.22271661130947,72940.7263991139,0.0201247735963237,0.903421436257263
IRL,2015,Ireland,223.702938290642,123361000000.0,76977000000.0,100.0,28.3389494347801,,,,,860278.0,138.58,96.0,302101388556.271,24.6239856364006,71519.6014840656,-0.330959783371788,0.901296423367096
IRL,2014,Ireland,211.181602002085,121057000000.0,82016000000.0,98.1,24.9189231516136,3.868014,3.8,3.84,4.125285,793102.0,126.164748,100.0,266490442124.309,9.38579335130922,52582.2223929461,0.190916398713745,0.752728196932603
IRL,2013,Ireland,199.742586224446,116637000000.0,72134000000.0,94.5,24.9839328156584,,,,,727328.0,118.253832,99.0,242924245718.756,2.1929375750029,48763.0331535881,0.515099484900573,0.752945122701996
IMN,2025,Isle of Man,,,,,,,,,,,,,,,,,0.759473957338608
IMN,2024,Isle of Man,,,,,,,,,,,,,,,,,0.782414580986262
IMN,2023,Isle of Man,,,,,,,,,,,,,7576129932.79381,-2.03524496955581,,,0.804538906734353
IMN,2022,Isle of Man,,,,,,,,,,,,,7431257410.92713,-4.16847722466753,,,0.811301715827773
IMN,2021,Isle of Man,,,,,,,,,,,,,7931193222.06405,3.83783632334639,,,0.727064944688322
IMN,2020,Isle of Man,,,,,,,,,,,,,6684225641.02564,-8.83681697473475,,,0.779999576697153
IMN,2019,Isle of Man,,,,,,,,,,,,,7314967866.28289,0.254877847398262,,,0.783445110011929
IMN,2018,Isle of Man,,,,,,,,,,,,,7491649455.92717,2.2133975392251,,,0.749531540259847
IMN,2017,Isle of Man,,,,,,,,,,,,,6979788333.50279,2.83775807093689,,,0.776976682344123
IMN,2016,Isle of Man,,,,,,,,,,,,,6846377563.00683,6.95230284899407,,,0.740634463697084
IMN,2015,Isle of Man,,,,,,,,,,,,,7084800892.22284,-0.385866882198087,,,0.654545478931426
IMN,2014,Isle of Man,,,,,,,,,,,,,7708454412.32126,5.15509983748599,,,0.607729626878255
IMN,2013,Isle of Man,,,,,,,,,,,,,7001175622.71266,4.14186158753493,,,0.639660577613477
ISR,2025,Israel,52.9892163743201,59010000000.0,95481000000.0,,,,,,,,,,610777842873.595,2.93114966387968,59716.9735387228,3.0414132155654,3.45189166666667
ISR,2024,Israel,54.3822563777332,60255000000.0,91865000000.0,97.2,37.2335173751738,,,,,3059136.0,,,542284494490.778,0.953618469238535,57277.8631217651,3.07480889805025,3.69971964970892
ISR,2023,Israel,57.977782328645,63345000000.0,91889000000.0,98.9,34.9377735824443,,,,,3123896.0,609.65562,,513393395491.904,2.06272504731618,55301.43606891,4.22522603168918,3.6673747160226
ISR,2022,Israel,60.6358428266501,72572000000.0,107754000000.0,114.9,29.1090540410523,3.6,3.4,3.7,3.8,3118000.0,670.67179,,525157951212.871,6.36407234798706,53616.7140829107,4.41162725488371,3.35961440158189
ISR,2021,Israel,54.8184036562688,60159000000.0,92155000000.0,93.9,29.5956758722761,,,,,3132678.0,715.59,1085.0,489735019666.026,9.33534690236249,46151.100820403,1.47965474722561,3.23019832251082
ISR,2020,Israel,51.1403984551453,50152000000.0,69260000000.0,78.3,28.197643074759,,,,,3048998.0,816.628,1250.1,410908899711.272,-1.80206927953466,40969.2987342816,-0.575254620897756,3.44240585198793
ISR,2019,Israel,56.5281618447823,58507000000.0,76591000000.0,91.3,23.0916656017552,,,,,2917000.0,889.334,1241.5,399207771081.611,3.57898762923605,41176.910821106,0.817645940292794,3.56452734661093
ISR,2018,Israel,58.8734013354625,61952000000.0,76598000000.0,96.7,22.5362840096475,3.31,3.32,3.33,3.59,2946000.0,994.542,1235.1,375470422244.408,4.05349952888294,40101.487265134,0.805060379528526,3.59055812689938
ISR,2017,Israel,56.4519373834561,61150000000.0,69127000000.0,95.5,21.0679788533896,,,,,2868000.0,912.898,1380.5,357360816856.642,4.34394518932547,39350.730387912,0.249807840123008,3.59955554812834
ISR,2016,Israel,57.9533051643572,60571000000.0,65812000000.0,94.5,21.8196172712291,3.66033,3.5,3.494444,4.266733,2711000.0,783.925,1404.4,321083954798.337,4.53601939236572,38087.5003075978,-0.535168195718695,3.84056666666667
ISR,2015,Israel,59.0201557126784,64063000000.0,62065000000.0,100.0,23.6539775366063,,,,,2522000.0,758.633996,1155.0,302841190257.708,2.23599889603805,35796.5328359923,-0.617342577642765,3.88683333333333
ISR,2014,Israel,61.8390527979395,68507000000.0,71480000000.0,106.9,19.4130528417277,3.260446,3.101191,3.112302,4.17619,2446000.0,651.238996,1165.4,314376760832.047,3.718144149431,34745.4721490798,0.467557251908503,3.577925
ISR,2013,Israel,64.2271703557815,66607000000.0,71102000000.0,104.0,19.0362582405147,,,,,2539000.0,801.730584,1058.0,298045324735.571,4.09013743330735,34776.8705712769,1.58976347421476,3.61075833333333
ITA,2025,Italy,62.5232263591126,726499000000.0,668672000000.0,,,,,,,,,,2551556954100.35,0.539583636778445,62802.5108384276,1.5316682765282,0.88496895841236
ITA,2024,Italy,62.5926144915658,673478000000.0,621388000000.0,147.6,12.2827088504022,,,,,11927016.0,,,2383435562458.12,0.783039135276795,62292.9012423008,0.982373023061417,0.923889546117607
ITA,2023,Italy,65.1028419441908,676724000000.0,639879000000.0,148.1,9.9836968942283,,,,,11303925.0,1120.9870294,,2316882296366.32,0.922796543670316,60349.664512107,5.62219442195901,0.924839558470698
ITA,2022,Italy,72.0165023032697,658557000000.0,694305000000.0,144.1,9.15916231271025,3.7,3.4,3.8,3.9,11577612.0,1587.2563751,,2104067630319.46,4.82117669913565,57260.8945372493,8.20128991161718,0.949623753156941
ITA,2021,Italy,60.3019776202798,615635000000.0,567421000000.0,134.7,7.77024565516253,,,,,11303247.0,1150.691582,24262.0,2179207773596.09,8.93106210800055,49825.3934111848,1.87378325762481,0.84549413889045
ITA,2020,Italy,53.9394839042764,499792000000.0,426867000000.0,109.4,8.587243012964,,,,,10696962.0,978.76063,20750.0,1907481094079.23,-8.86822122185345,44435.6434393527,-0.13770757391651,0.875506396987998
ITA,2019,Italy,58.6941902594738,537718000000.0,475006000000.0,117.7,7.75802459594121,,,,,10789337.0,1344.955151,21309.0,2019606796583.53,0.429162533780342,46661.9105159611,0.611246943765304,0.893276257067409
ITA,2018,Italy,59.2749835128154,549526000000.0,503240000000.0,120.2,7.47655885813922,3.74,3.47,3.85,4.13,10620925.0,1418.004731,22070.0,2099435266458.67,0.826646712344115,43583.3823241172,1.13748763600391,0.846772667108111
ITA,2017,Italy,57.5829940274911,507418000000.0,453122000000.0,111.0,7.8052686500986,,,,,10666550.0,1437.245062,22335.0,1970720904584.71,1.60369995294101,42142.3435406885,1.22653316645812,0.885205508269372
ITA,2016,Italy,54.4321467018313,461737000000.0,406788000000.0,101.0,8.29074616964551,3.755414,3.453031,3.791468,4.032609,10589293.0,1083.244836,22712.0,1887111188176.93,1.23622108511661,40482.562999856,-0.09401665691575,0.903421436257263
ITA,2015,Italy,55.4356858148221,456990000000.0,410919000000.0,100.0,8.15204658018138,,,,,10211290.0,945.2649666,20781.0,1845428048839.1,0.885667635240807,37384.3796455406,0.0387903996579733,0.901296423367096
ITA,2014,Italy,54.4545299332032,529797000000.0,474394000000.0,115.9,7.73691381710463,3.691076,3.355694,3.775923,4.04898,10255753.0,989.179882,20157.0,2173255507985.84,-0.00138761730454462,36665.68576775,0.241047429826756,0.752728196932603
ITA,2013,Italy,54.0341846317499,518268000000.0,479447000000.0,113.4,7.77207145281516,,,,,10118350.0,892.930674,19037.0,2153225581941.46,-1.81802510749792,36459.2950248716,1.21999342274306,0.752945122701996
JAM,2025,Jamaica,,1689000000.0,7684000000.0,,,,,,,,,,22704903217.5631,0.0816454877745656,13291.253767787,4.00459048079239,159.096428305753
JAM,2024,Jamaica,,1867000000.0,7288000000.0,154.4,,,,,,2349405.0,,,22014429050.9995,-0.535039063867487,12908.9862451809,5.41194447981659,156.439540115298
JAM,2023,Jamaica,,2002000000.0,7592000000.0,165.3,2.64698979146794,,,,,1995000.0,,,21418797832.8216,2.74634433906714,12661.3324691366,6.47413734662063,154.158779031722
JAM,2022,Jamaica,,1901000000.0,7731000000.0,156.7,1.47098475516758,2.5,2.2,2.4,2.9,2137500.0,,,18813516805.214,6.43930323656186,11885.8863913319,10.3495688391272,153.426816475659
JAM,2021,Jamaica,,1481000000.0,5971000000.0,122.0,2.47195001164729,,,,,1975401.0,,,15963885376.3537,5.70467978309095,10430.6909771759,5.86278242801063,150.790105943026
JAM,2020,Jamaica,,1251000000.0,4765000000.0,102.6,2.35064138351541,,,,,1631011.0,,,15000214216.2439,-8.30441923583135,9764.3525879784,5.2267777929352,142.402832756013
JAM,2019,Jamaica,,1651000000.0,6389000000.0,136.1,4.17241427918592,,,,,1647609.0,0.0,,17026269262.5307,1.80943147301357,10845.0113635875,3.90510000865872,133.31211833796
JAM,2018,Jamaica,,1961000000.0,6171000000.0,161.7,7.9785246172073,2.52,2.42,2.32,2.79,1833053.0,4.58628,,16855447986.2221,2.51584458612513,10752.7406650924,3.73663882152163,128.87151906466
JAM,2017,Jamaica,,1310000000.0,5818000000.0,107.9,5.73932610490372,,,,,1560000.0,2.83938,,15783583236.675,2.29303371291363,10466.4876782146,4.37839864991561,127.964544179198
JAM,2016,Jamaica,,1202000000.0,4767000000.0,98.3,4.12770569220042,2.400214,2.366146,2.23237,2.643435,1567442.0,4.506984,,14898999754.1229,2.76043761369557,9948.0414677444,2.35102197485846,125.095034603174
JAM,2015,Jamaica,,1263000000.0,4993000000.0,100.0,1.03608493889257,,,,,1653272.0,1.396,,14963589915.5912,0.92148712399856,9476.14929465037,3.69154228855725,116.969776646049
JAM,2014,Jamaica,,1452000000.0,5840000000.0,119.5,4.5720563430337,2.842494,2.877505,2.842107,3.140595,1638113.0,,,13899217679.9219,0.689822359762587,9209.58586596513,8.27407886231419,110.934527811188
JAM,2013,Jamaica,,1569000000.0,6216000000.0,129.2,3.56695237646044,,,,,1703949.0,0.0,,14264205152.6126,0.517686011311724,9101.41496692481,9.34150076569673,100.39788320358
JPN,2025,Japan,,738337000000.0,755553000000.0,,,,,,,,,,4435162999976.94,1.19311288444599,55421.8797530311,3.17253034260248,149.657926890952
JPN,2024,Japan,44.8529388577573,707009000000.0,743498000000.0,113.1,17.5547415163067,,,,,21886683.0,,,4190008188358.57,-0.240084236041696,54156.2687689605,2.73853681635241,151.366291302752
JPN,2023,Japan,43.5950833802735,717256000000.0,787199000000.0,114.8,17.1028060703212,,,,,21499023.0,8474.02,,4384854269961.93,0.720785304749811,52726.2389417641,3.26813365933163,140.49110006234
JPN,2022,Japan,44.86063102004,746824000000.0,899941000000.0,119.5,18.2592615351902,3.9,3.9,4.2,4.0,22462583.0,9688.6,,4447976207314.78,1.33164750653741,49245.964174373,2.49770278172255,131.498140443764
JPN,2021,Japan,35.4253927340539,756032000000.0,768976000000.0,121.0,18.0039913482614,,,,,22353354.0,10947.023,,5225933520753.1,3.56419531474475,45999.4617966896,-0.233352779398264,109.754323839417
JPN,2020,Japan,30.5192226892273,641319000000.0,635460000000.0,102.6,18.6333487896777,,,,,21568959.0,7841.508,18340.0,5189197543645.38,-4.28327942675573,43560.021428549,-0.024995834027731,106.774582262437
JPN,2019,Japan,34.3582972799989,705564000000.0,720957000000.0,112.9,17.0303844450023,,,,,23276482.0,8919.48,19993.0,5245755000479.03,-0.308496921143259,43743.5313931194,0.46877615938395,109.009665900863
JPN,2018,Japan,35.8035749582494,738143000000.0,748488000000.0,118.1,17.2970528139362,4.03,3.99,4.25,4.25,23424446.0,9420.659,19369.0,5154293721629.56,0.834143845965585,43090.0699981402,0.989094598021848,110.42317934106
JPN,2017,Japan,33.6888336792782,698329000000.0,672096000000.0,111.7,17.5942774665502,,,,,22795433.0,10684.574,21663.0,5038231631660.71,1.62345062245441,42346.876013211,0.484199796126385,112.166141081871
JPN,2016,Japan,30.6562793068554,645052000000.0,607728000000.0,103.2,17.620423854837,3.970464,3.848448,4.096887,4.206616,21678076.0,9360.888,21265.0,5110357383254.44,0.704986495111257,41462.5069772969,-0.127258844489754,108.792900046834
JPN,2015,Japan,34.7276305886293,624921000000.0,648117000000.0,100.0,18.0454889300336,,,,,21094824.0,8661.758,21519.0,4534438580494.94,1.79997735783475,41722.3895623635,0.795279630579839,121.044025684011
JPN,2014,Japan,36.7643250218282,690203000000.0,812208000000.0,110.4,17.7805347199635,3.914618,3.781139,4.155425,4.23948,21662814.0,8661.758,21029.0,4985763289560.81,0.905915486065865,40272.4415780289,2.75922671353253,105.944781034025
JPN,2013,Japan,33.5913694460807,715097000000.0,833166000000.0,114.4,17.7587589107099,,,,,21442040.0,7715.927,21071.0,5272297037396.96,1.99727653399265,39855.3531119712,0.335037912184741,97.5956582776385
JOR,2025,Jordan,,14913000000.0,28945000000.0,,,,,,,,,,61610052535.2113,2.82660839845745,12631.6299394746,1.76646490894206,0.71
JOR,2024,Jordan,,13534000000.0,26895000000.0,169.6,,,,,,824199.0,,,58618380563.3803,2.55605891810194,11916.3623210714,1.55659611283953,0.71
JOR,2023,Jordan,,12552000000.0,25757000000.0,160.2,2.08415985427159,,,,,898736.0,110.05604,,56123472112.6761,3.12900102017251,11450.5720698729,2.08486986327134,0.71
JOR,2022,Jordan,,12780000000.0,27364000000.0,163.2,1.44968826668558,,,,,852554.0,120.73564,,53516930140.8451,2.7468615450031,10880.9956299022,4.22915568897117,0.71
JOR,2021,Jordan,,9358000000.0,21542000000.0,119.5,1.71367970298807,,,,,765662.0,103.32204,,50702940985.9155,3.75201276755828,10056.5611261239,1.34609377243118,0.71
JOR,2020,Jordan,,7943000000.0,17233000000.0,101.4,1.54387858863055,,,,,857283.0,74.66289,,47931770985.9155,-1.15257534158022,10506.7284780872,0.333294350628378,0.71
JOR,2019,Jordan,,8317000000.0,19170000000.0,106.2,1.36854381035936,,,,,798160.0,153.56892,,48640273802.8169,1.85633006592765,10305.6561841508,0.761514047265601,0.71
JOR,2018,Jordan,,7750000000.0,20310000000.0,98.9,1.50858480712756,2.69,2.49,2.72,3.18,815345.0,175.8386,,47435850422.5352,1.85383415616927,9889.90818777299,4.46231108475481,0.71
JOR,2017,Jordan,,7511000000.0,20498000000.0,95.9,1.81281942554955,,,,,796087.0,158.95506,,45535614366.1972,2.50770398070352,10140.0335144087,3.32389447576097,0.71
JOR,2016,Jordan,,7549000000.0,19324000000.0,96.4,3.37782667964516,2.956611,2.552804,2.774781,3.339701,792841.0,144.211200649,,43688498732.3944,2.11166806967252,9580.27683713466,-0.778430463054142,0.71
JOR,2015,Jordan,,7833000000.0,20475000000.0,100.0,2.57704311274313,,,,,758219.0,169.105,,42394049295.7747,2.52261671092148,9851.78048494686,-0.876851359704049,0.71
JOR,2014,Jordan,,8385000000.0,22930000000.0,107.0,1.8067119697774,2.873924,2.596212,2.590152,3.459975,781291.0,171.97,,40535098591.5493,3.32287328047509,10059.8134952939,2.89947905006057,0.71
JOR,2013,Jordan,,7920000000.0,21549000000.0,101.1,1.68597466970924,,,,,872811.0,172.126,,37873362957.7465,2.72311205964112,10790.7021162492,4.82462314269537,0.71
KAZ,2025,Kazakhstan,,78793000000.0,64459000000.0,,,,,,,,,,306239209650.024,6.5,44293.4839632441,11.3879454675914,521.035
KAZ,2024,Kazakhstan,57.1613431963924,82471000000.0,59133000000.0,179.5,42.19530029659,,,,,,,,291480274648.826,4.99999999996936,40950.3167392792,8.69082156104494,468.9625
KAZ,2023,Kazakhstan,62.3342837675021,78533000000.0,60655000000.0,170.9,34.4293373196596,,,,,,53.083051825,,261840101059.923,5.09999999973641,38546.9287207389,14.5275597825952,456.165
KAZ,2022,Kazakhstan,68.3343147415612,84593000000.0,50934000000.0,184.1,32.2666497110269,2.7,2.6,2.5,2.9,,177.24428106,,225496328925.494,3.19999999970734,35889.3953214448,15.0278644440851,460.165
KAZ,2021,Kazakhstan,58.6686085779207,60625000000.0,41171000000.0,131.9,27.3435440636149,,,,,,31.44797,,197112255360.612,4.29999999729456,32945.8515725823,8.04147134028401,425.9075
KAZ,2020,Kazakhstan,57.0264423660931,46447000000.0,37222000000.0,101.1,34.0989696117001,,,,,,23.53957,302156.1,171082365861.423,-2.49999999628,29039.8229624509,6.71815454861458,412.953333333333
KAZ,2019,Kazakhstan,64.8586165517565,57309000000.0,37757000000.0,124.7,29.2897210078218,,,,,,49.84901,289174.0,181667184854.501,4.50000000091883,28689.2710838374,5.33356098916669,382.747310606061
KAZ,2018,Kazakhstan,63.5279565118188,60956000000.0,32534000000.0,132.7,23.5707068133801,2.81,2.66,2.55,3.53,,49.64306,283117.8,179339977690.485,4.09999999309841,25096.1285862615,6.16366247577762,344.705833333333
KAZ,2017,Kazakhstan,56.825387935971,48304000000.0,29266000000.0,105.1,24.2104171386819,,,,,,49.5077,262097.5,166805788827.233,4.10000000257358,23973.0602295651,7.44266321306792,326.001022727273
KAZ,2016,Kazakhstan,60.3115965864153,36685000000.0,24995000000.0,79.8,32.0985345639872,2.751998,2.516254,2.761905,3.063267,,38.89446,236971.7,137278320084.171,1.09999999910173,23023.0872293899,14.3610942386248,342.16
KAZ,2015,Kazakhstan,53.0497288072652,45956000000.0,30568000000.0,100.0,43.4296221763068,,,,,,37.669008,235580.4,184388404706.042,1.20000000053288,22484.3651382607,6.67828585615236,221.728333333333
KAZ,2014,Kazakhstan,64.9720346513507,79460000000.0,41296000000.0,172.9,39.2634412451113,2.69942,2.326113,2.383023,3.235119,,44.61,214110.9,221415613595.469,4.20000000566705,23958.1128890603,6.84944977003358,179.191666666667
KAZ,2013,Kazakhstan,65.4076093299538,84700000000.0,48806000000.0,184.3,38.5352075588581,,,,,,58.199004,229142.2,236634603409.089,5.99999999671084,23754.1341952117,5.94283871648418,152.129166666667
KEN,2025,Kenya,37.5210445911226,8601000000.0,21614000000.0,,,,,,,,,,135941278878.815,4.63261093844984,7015.93578839722,4.06912878540729,129.302572099377
KEN,2024,Kenya,40.0062529666939,8237000000.0,20088000000.0,141.0,3.15003013612034,,,,,2005076.0,,,120397537849.826,4.66019594571891,6649.67919174449,4.48978854243448,134.822483279332
KEN,2023,Kenya,40.9337677377556,7191000000.0,18585000000.0,122.4,3.04169416728318,,,,,1623080.0,288.6212,,107500884685.013,5.71999241214208,6322.24569873446,7.67139634029402,139.846383759617
KEN,2022,Kenya,40.2753238373561,7411000000.0,21166000000.0,126.2,2.26073811025712,,,,,1430000.0,505.85823,,114448978152.637,4.85998104287999,5882.29066433207,7.65986268272224,117.865989201682
KEN,2021,Kenya,35.0020477795269,6739000000.0,19559000000.0,114.9,3.12736061396888,,,,,1435565.0,299.58742,,109703658904.994,7.59048947333467,5338.85243382781,6.10793603659176,109.637746592367
KEN,2020,Kenya,30.3991387830411,6034000000.0,15435000000.0,102.9,5.11178261072947,,,,,1359579.0,113.06282,,100657505750.545,-0.272766327438816,4792.57315847182,5.40516207933392,106.450780158517
KEN,2019,Kenya,31.759461841481,5839000000.0,17655000000.0,99.5,4.59327769222193,,,,,1417000.0,320.952554616571,,100378436207.371,5.11415885767801,4687.37782325306,5.23963795764792,101.99129838935
KEN,2018,Kenya,34.4147531767425,6052000000.0,17378000000.0,102.2,3.61296275113367,2.81,2.65,2.55,3.18,1306283.0,295.047760350297,,92202979985.2863,5.64794640709219,4411.56104120886,4.6898064677633,101.301574049018
KEN,2017,Kenya,35.9950578754074,5747000000.0,16687000000.0,97.6,3.34859041785183,,,,,1190000.0,275.512276845,,82036510877.2599,3.83795817364721,4177.24993580267,8.00564967709945,103.410004519014
KEN,2016,Kenya,34.8650195731824,5695000000.0,14107000000.0,96.3,7.58623435569943,3.331295,3.168623,3.209709,3.696094,1091000.0,257.576935754,,74815144163.8931,4.21351706814744,3916.65315673095,6.29724953814625,101.504369498594
KEN,2015,Kenya,40.3273846919019,5906000000.0,16093000000.0,100.0,4.3660951885799,,,,,1076118.0,233.104791944,,70120446896.8359,4.96772112759767,3678.32614146019,6.58215429284779,98.1784533265271
KEN,2014,Kenya,46.170489362216,6115000000.0,18396000000.0,104.7,,2.812079,1.957639,2.402778,3.579861,1012002.0,248.56658,,68285796514.2896,5.02011100232484,3359.48950665093,6.87815499275949,87.9221638089727
KEN,2013,Kenya,47.4646425127304,5856000000.0,16358000000.0,99.3,4.0691011885942,,,,,894000.0,258.081012,,61671440407.8387,3.7978483925754,3106.39394464885,5.71749357037733,86.1228788982654
KIR,2025,Kiribati,,20000000.0,496000000.0,,,,,,,,,,349227254.158833,4.22163588390501,3936.61263730517,,1.5519978866485
KIR,2024,Kiribati,102.110426164684,24000000.0,334000000.0,232.9,,,,,,,,,343153235.077124,4.69613259668509,3728.03970809328,2.45545072159028,1.51535803855596
KIR,2023,Kiribati,106.479772480068,19000000.0,308000000.0,181.0,,,,,,,0.34535772,,291657337.839517,3.13390313390313,3526.6871592056,9.28307374517721,1.50519106560508
KIR,2022,Kiribati,107.219771673316,9000000.0,202000000.0,82.9,,,,,,,0.38321244,,271214374.500577,5.08982035928143,3349.59804202737,5.34595440908904,1.44166445896522
KIR,2021,Kiribati,74.450510015529,9000000.0,176000000.0,89.8,2.29693114054698,,,,,,,,285451584.406531,8.44155844155846,3024.21029665634,2.05361676773907,1.33122425957081
KIR,2020,Kiribati,78.4012076801363,9000000.0,133000000.0,92.7,7.67213258875179,,,,,,,,220909306.750809,-1.28205128205127,2715.27546461551,2.5532455441463,1.45308511847016
KIR,2019,Kiribati,98.3565819131955,12000000.0,132000000.0,117.9,,,,,,52099.86,0.0,,216891541.021351,3.31125827814569,2761.74331450078,-1.81307995302947,1.43850654421382
KIR,2018,Kiribati,83.2436102236422,8000000.0,122000000.0,81.6,21.550364249007,,,,,52568.09,0.0,,233859230.192198,3.42465753424656,2669.39256773617,0.564030491493476,1.33841214646451
KIR,2017,Kiribati,100.49175257732,15000000.0,131000000.0,142.1,3.42147403472058,,,,,53468.83,,,223029864.54193,3.71200171622053,2561.14862522379,0.355520888546828,1.30475807671592
KIR,2016,Kiribati,111.269790749303,11000000.0,137000000.0,102.9,2.75950742368185,,,,,49005.46,,,206467818.503227,7.08803465778669,2462.83249247427,1.91731090233378,1.34521397601947
KIR,2015,Kiribati,109.889098401931,10000000.0,117000000.0,100.0,1.38260121963875,,,,,35149.2,,,191559398.688293,11.2653209431294,2310.60291495273,0.572015743634256,1.33109026245502
KIR,2014,Kiribati,104.187967755713,10000000.0,107000000.0,100.1,2.75934220187602,,,,,22998.09,,,200287281.98074,1.26366268044595,2084.13105370573,2.10398520925043,1.10936329281692
KIR,2013,Kiribati,96.7814166724492,7000000.0,97000000.0,66.7,,,,,,52964.24,,,201730860.757856,7.73092188699647,2049.33390306083,-1.488059084681,1.03584309652054
PRK,2025,"Korea, Dem. People's Rep.",,611000000.0,2869000000.0,,,,,,,,,,,,,,
PRK,2024,"Korea, Dem. People's Rep.",,360000000.0,2340000000.0,8.9,,,,,,,,,,,,,
PRK,2023,"Korea, Dem. People's Rep.",,330000000.0,2440000000.0,8.2,,,,,,,0.0075,,,,,,
PRK,2022,"Korea, Dem. People's Rep.",,160000000.0,1430000000.0,4.0,,,,,,,,,,,,,
PRK,2021,"Korea, Dem. People's Rep.",,80000000.0,631000000.0,2.0,,,,,,,0.0021904,,,,,,
PRK,2020,"Korea, Dem. People's Rep.",,90000000.0,774000000.0,2.2,,,,,,,0.01184,,,,,,
PRK,2019,"Korea, Dem. People's Rep.",,280000000.0,2977000000.0,6.9,,,,,,,0.487101,,,,,,
PRK,2018,"Korea, Dem. People's Rep.",,251000000.0,2621000000.0,6.0,,,,,,,0.490188,,,,,,
PRK,2017,"Korea, Dem. People's Rep.",,1770000000.0,3781000000.0,42.7,,,,,,,0.251493238,,,,,,
PRK,2016,"Korea, Dem. People's Rep.",,3006000000.0,3857000000.0,73.3,,,,,,,0.230111998,,,,,,
PRK,2015,"Korea, Dem. People's Rep.",,4152000000.0,4822000000.0,100.0,,,,,,,0.288,,,,,,
PRK,2014,"Korea, Dem. People's Rep.",,4365000000.0,5585000000.0,107.7,,,,,,,0.342349878934625,,,,,,
PRK,2013,"Korea, Dem. People's Rep.",,3835000000.0,4650000000.0,94.7,,,,,,,3.039168,,,,,,
KOR,2025,"Korea, Rep.",86.3616006442431,709330000000.0,631895000000.0,,,,,,,,,,1872374961553.15,1.00701840291242,63124.9152183625,2.12309421458659,1422.44083333333
KOR,2024,"Korea, Rep.",84.6424951192038,683609000000.0,631767000000.0,129.8,36.2582559366674,,,,,31850924.0,,,1875388209406.8,2.00361101838986,61051.3492502498,2.32174328643542,1363.375
KOR,2023,"Korea, Rep.",82.2580090716629,632226000000.0,642572000000.0,120.0,30.2762799912651,,,,,30003141.0,12293.78421188,,1844800934391.54,1.58301467403629,57429.8031076402,3.5974562502901,1305.6625
KOR,2022,"Korea, Rep.",90.5851475278549,683585000000.0,731370000000.0,129.8,36.118278931217,3.8,3.9,4.1,3.8,28502044.0,13741.013239,,1799363116866.52,2.72756456708991,55509.3368761174,5.08951365062842,1291.44666666667
KOR,2021,"Korea, Rep.",75.3063047610912,644400000000.0,615093000000.0,122.3,36.014503674486,,,,,29786900.0,15370.019378,6757.0,1942313560965.9,4.61296795454287,51718.2518656631,2.49833333333339,1143.95166666667
KOR,2020,"Korea, Rep.",65.544957860621,512498000000.0,467633000000.0,97.3,35.6022265413283,,,,,28834192.0,12456.57079,6652.0,1744070276373.34,-0.700242317542106,47881.4921344193,0.537288023411737,1180.26583333333
KOR,2019,"Korea, Rep.",71.4470632403511,542233000000.0,503343000000.0,102.9,32.4050621736765,,,,,28959959.0,10664.3782296361,7357.0,1751045752054.63,2.31380210595475,46511.2196957018,0.383000303608136,1165.3575
KOR,2018,"Korea, Rep.",74.7075162140824,604860000000.0,535202000000.0,114.8,36.3912233579129,3.61,3.4,3.73,3.92,28874930.0,11518.6260683819,7878.0,1824251454306.83,3.17611568177327,45511.0803506331,1.47583935002645,1100.16333333333
KOR,2017,"Korea, Rep.",73.1921408264016,573694000000.0,478478000000.0,108.9,32.546316460744,,,,,27420698.0,11511.801211,8229.0,1710196756713.17,3.433191763972,43155.9100867658,1.94433230786366,1131.00083333333
KOR,2016,"Korea, Rep.",69.8997221316919,495426000000.0,406193000000.0,94.1,30.5250266717443,3.717126,3.453085,3.790535,4.025192,25945418.0,10805.992,8414.0,1579150518945.44,3.17152748983935,41672.6278317077,0.971685739912168,1160.7675
KOR,2015,"Korea, Rep.",75.3881774564907,526757000000.0,436499000000.0,100.0,31.2119270912605,,,,,25477299.0,11293.801266,9479.0,1539212301135.55,2.92029267301234,39794.1961180043,0.70633177245575,1130.9525
KOR,2014,"Korea, Rep.",86.9342577972039,573091000000.0,525564000000.0,108.8,30.0608682657817,3.666238,3.471572,3.791016,3.995877,24798794.0,11124.72618,9564.0,1556252422020.44,3.21468019683108,37032.1724172561,1.27477446401322,1052.84
KOR,2013,"Korea, Rep.",94.1675235855873,559632000000.0,515584000000.0,106.2,29.8181999078998,,,,,23463109.0,11112.514602,10459.0,1434669686501.84,3.2913959543442,35844.2253782408,1.30134754547413,1094.9825
XKX,2025,Kosovo,118.190884160552,,,,,,,,,,,,12456403306.8191,3.59217142544483,19263.3268800963,3.85953869869506,0.887144250370588
XKX,2024,Kosovo,113.789651964133,,,,,,,,,,,,11203038332.3359,4.5730971681166,17890.3600994298,1.61944994559476,0.924367447270267
XKX,2023,Kosovo,109.951851577902,,,,,,,,,,,,10466753839.9923,4.06762701436438,15817.4329388361,4.94432438791283,0.924709622987356
XKX,2022,Kosovo,110.012031619226,,,,,,,,,,,,9367633202.54673,4.27849895827543,13948.6857891476,11.5805104542012,0.950915533962108
XKX,2021,Kosovo,98.6384304855253,,,,,,,,,,,,9412099545.05799,10.7456560819583,12362.4210181213,3.35369139207997,0.845376564367945
XKX,2020,Kosovo,75.6080171280001,,,,,,,,,,,,7734497455.75411,-5.34027547826166,10532.5054692849,0.198227922994854,0.877475207233012
XKX,2019,Kosovo,85.7534085053482,,,,,,,,,,,,7899204690.79214,4.75680057007834,10861.0531745974,2.67599202639893,0.893215581479226
XKX,2018,Kosovo,86.3150846710967,,,,,,,,,,,,7878762812.20156,3.40663227056285,10018.7387080811,1.05379773654991,0.846772667108096
XKX,2017,Kosovo,80.4101373469745,,,,,,,,,,,,7180768692.26354,4.82565565298054,9380.94007290057,1.48823430592319,0.88520550826938
XKX,2016,Kosovo,75.0188123077463,,,,,,,,,,,,6682674062.9615,5.57177504731632,9157.04630742908,0.273169431045468,0.903421436257288
XKX,2015,Kosovo,74.0204422546574,,,,,,,,,,,,6295845465.35898,5.91623128345211,8714.91966356132,-0.536929392740659,0.901296423367096
XKX,2014,Kosovo,77.0760521643276,,,,,,,,,,,,7074392884.04507,3.34880478431623,8200.47420451574,0.428957808324092,0.752728196932591
XKX,2013,Kosovo,75.1034836607029,,,,,,,,,,,,6735327512.05178,5.34079911900278,8090.75939263902,1.76732428354892,0.752945122702002
KWT,2025,Kuwait,,72073000000.0,41612000000.0,,,,,,,,,,157209026926.418,2.731825804492,56467.7272075432,2.36195936682045,0.306454776364578
KWT,2024,Kuwait,93.9909162684119,75150000000.0,38061000000.0,141.2,5.82777648932315,,,,,,,,160903106639.233,-1.47401818168846,53119.3783662664,2.89855072463762,0.306690648597046
KWT,2023,Kuwait,96.0343509693162,83981000000.0,37490000000.0,155.7,1.78499656846825,,,,,,331.172382,,165462656226.772,-1.64087799968877,53083.3848600632,3.64216403030709,0.30718535125088
KWT,2022,Kuwait,90.9188102023425,99985000000.0,34568000000.0,185.4,0.716354808280746,3.2,3.2,3.6,2.8,,261.901728,,183502046693.878,6.75866711966617,55034.2790289403,3.98064961990313,0.306250154417753
KWT,2021,Kuwait,82.0003751775886,63128000000.0,31889000000.0,117.0,1.1917798374399,,,,,,200.1616,,148350671489.144,1.67213054307859,50651.9575337091,3.42362947609188,0.301643110769949
KWT,2020,Kuwait,82.0125101293052,40116000000.0,27738000000.0,74.3,1.34985090816492,,,,,863618.0,119.717272,,111045470605.715,-4.81731593381585,41461.7235642777,2.101729548274,0.306233121756716
KWT,2019,Kuwait,91.6857123895953,64483000000.0,33574000000.0,118.9,0.902769586911871,,,,,959575.625,364.649349,,140856394860.529,2.26381706595791,50703.0001343301,1.09184802655856,0.303611163035755
KWT,2018,Kuwait,102.785630655,71938000000.0,35864000000.0,132.8,4.11848740218315,2.86,2.73,3.02,3.37,954527.75,392.363053,,138646316350.727,2.74333045031415,51370.7320595252,0.543133148199567,0.301956493524177
KWT,2017,Kuwait,97.840046457409,55015000000.0,33573000000.0,101.5,0.203527625358479,,,,,964623.5,309.864884,,120687539805.505,-4.71222270495362,46565.5499504554,2.17183298510006,0.303349758333333
KWT,2016,Kuwait,96.1576723758617,46273000000.0,30825000000.0,85.3,0.147979853189137,3.151619,2.833333,2.92298,3.507576,944432.0,223.005444,,109406674124.652,2.92607584256388,41862.1739255505,3.19839776658374,0.302137441178496
KWT,2015,Kuwait,98.6999884455485,54122000000.0,30963000000.0,100.0,0.127480427408837,,,,,984815.0,216.335004,,114585555688.511,0.592770817217982,45267.3085347452,3.27170166092133,0.300852025
KWT,2014,Kuwait,100.037189841844,102111000000.0,31021000000.0,189.0,0.133875563433098,3.0113,2.694661,3.159088,3.394986,904049.0,267.877606,,162650450684.725,0.500914669444924,68336.5991533112,2.90892672858625,0.284567141666667
KWT,2013,Kuwait,97.6054913328151,115104000000.0,29299000000.0,212.5,1.66006682599946,,,,,840149.0,245.968996,,174168116534.844,1.14946552780648,76812.5387330449,2.68229684085039,0.283589441666667
KGZ,2025,Kyrgyz Republic,92.4074476416439,2852000000.0,12973000000.0,,,,,,,,,,22623752095.4613,11.0960203357132,9219.51443675205,8.21496013406325,
KGZ,2024,Kyrgyz Republic,130.100743509033,5142000000.0,12489000000.0,285.1,10.6711117431705,,,,,,,,18161630698.9052,11.5397119406559,8208.03081858011,4.99760701207323,87.1503126405883
KGZ,2023,Kyrgyz Republic,132.373403912336,3385000000.0,12518000000.0,252.0,16.3335372866981,,,,,,0.654975,,15180842369.4894,9.0132928339342,7304.10137976789,10.7532770416742,87.8561255862776
KGZ,2022,Kyrgyz Republic,133.786718048766,2255000000.0,9803000000.0,167.9,10.5540520111457,2.3,2.2,2.4,2.4,,0.177188,,12134931017.9465,8.96750520041391,6576.46977080639,13.9229093174176,84.1162225704045
KGZ,2021,Kyrgyz Republic,100.261376861569,2752000000.0,5580000000.0,204.5,16.298726070934,,,,,,0.00233029,1003.0,9249133946.26531,5.50700762671923,5736.47883415154,11.9050398185147,84.6408220065285
KGZ,2020,Kyrgyz Republic,78.9922784304738,1973000000.0,3719000000.0,146.3,8.74655092791846,,,,,,0.005855,937.0,8270468614.24051,-7.14897757727955,5178.5619670404,6.32542296338078,77.3461127039303
KGZ,2019,Kyrgyz Republic,94.4302823542939,1986000000.0,4989000000.0,147.5,6.7384784764513,,,,,,0.495853,870.4,9371275264.36735,4.60062565707598,5304.22758314405,1.13362257718804,69.7893491807476
KGZ,2018,Kyrgyz Republic,98.8755599017608,1837000000.0,5292000000.0,136.3,8.05189045843038,2.55,2.75,2.38,2.94,,1.263266,949.0,8271106235.41552,3.75791013557165,4777.94175395575,1.54266145238436,68.840320327701
KGZ,2017,Kyrgyz Republic,100.617445813258,1764000000.0,4495000000.0,130.5,17.6123403863741,,,,,,0.02165,935.0,7702938379.42036,4.73993722377884,4953.71755085199,3.1753098637994,68.866667859063
KGZ,2016,Kyrgyz Republic,105.823574017406,1573000000.0,4000000000.0,113.3,19.631318350849,2.15593,1.8,1.96,2.719762,,0.088343,807.0,6813095379.1187,4.33585592190116,4603.75964247878,0.388838296895799,69.9140658252997
KGZ,2015,Kyrgyz Republic,110.961570714633,1441000000.0,4070000000.0,100.0,12.2460206170046,,,,,,0.06929,918.0,6678177511.66313,3.87582544512439,4153.3766990372,6.50331838993384,64.4621082725294
KGZ,2014,Kyrgyz Republic,125.126181075833,1897000000.0,5732000000.0,140.4,2.04825761793663,2.209336,2.031776,2.045971,2.361905,,0.237168,1010.0,7468102412.68237,4.02403863083252,4228.1951482992,7.5342472977589,53.654058312852
KGZ,2013,Kyrgyz Republic,134.026785643922,2058000000.0,6070000000.0,149.2,5.43346578761496,,,,,,0.59035,1002.0,7335033800.59056,10.9154694528045,4000.96295765107,6.61375202358082,48.4380590087726
LAO,2025,Lao PDR,,12377000000.0,10342000000.0,,,,,,,,,,18302970218.5902,4.53760564766725,10382.9990718948,7.74226936553695,
LAO,2024,Lao PDR,,9386000000.0,8663000000.0,263.3,,,,,,,,,16502933121.3379,4.13019264438475,9790.02538664409,23.1305695942588,20167.3313803145
LAO,2023,Lao PDR,,8370000000.0,7649000000.0,231.4,7.41963729583454,,,,,,,,15843155731.2552,3.74568140158232,9299.44710059913,31.2301341732646,17688.8735909054
LAO,2022,Lao PDR,,8198000000.0,7244000000.0,226.1,9.51767783297326,2.4,2.3,2.3,2.8,,11.7217866,,15468785203.7532,2.70742652643155,8765.05131747163,22.9562225132056,14035.2266926511
LAO,2021,Lao PDR,,7695000000.0,6275000000.0,210.2,7.28644637663924,,,,,,,,18827148530.9347,2.52835100486102,8080.43553249923,3.75562036658877,9697.91578947368
LAO,2020,Lao PDR,,6115000000.0,5370000000.0,167.9,23.1554473691925,,,,,,,,18981805250.2424,0.503031829018681,7913.38660650276,5.10407262959919,9045.78783382479
LAO,2019,Lao PDR,,5806000000.0,6272000000.0,158.7,20.6094637307639,,,,,,0.910194,,18740561512.5555,5.4577350924848,7743.21906534261,3.32255881256925,8679.40909309671
LAO,2018,Lao PDR,,5408000000.0,6315000000.0,145.2,38.0167390499275,2.7,2.61,2.44,2.84,,0.911447,,18141641089.7963,6.24796000755872,7486.86452700433,2.04039266890201,8401.33476613966
LAO,2017,Lao PDR,,4873000000.0,5667000000.0,130.7,37.9504484411561,,,,,,1.473259309,,17071155481.4994,6.8925308726989,7141.90652701767,0.825478607568026,8244.84318921019
LAO,2016,Lao PDR,75.0918909204124,4245000000.0,5372000000.0,113.1,33.5741001661276,2.067254,1.846154,1.761834,2.678501,,1.49602039,,15912501722.6143,7.02283625501138,6743.01053953037,1.59691227583204,8124.36675616228
LAO,2015,Lao PDR,85.798321703681,3653000000.0,5675000000.0,100.0,35.1801655460758,,,,,,1.35649770065177,,14426380125.6488,7.27006584373785,6086.0673044622,1.27735427102992,8127.61059846586
LAO,2014,Lao PDR,99.0597382933399,2662000000.0,4271000000.0,76.5,24.994342418799,2.389703,2.445139,2.20625,2.651358,,1.37196,,13279245886.3854,7.61196343979319,5798.50436730091,4.12924306873771,8042.42157002354
LAO,2013,Lao PDR,98.1791466159604,2264000000.0,3081000000.0,65.1,9.813602077611,,,,,,1.409832,,11983252626.5452,8.02630022699017,5221.59855783339,6.37142717782947,7833.22998982965
LVA,2025,Latvia,129.724453873327,22122000000.0,26284000000.0,,,,,,,,,,48618869160.3254,2.13786855731288,46136.689377286,3.74577316751945,0.88496895841236
LVA,2024,Latvia,131.309582395769,20644000000.0,23718000000.0,168.2,17.4901914812882,,,,,490971.0,,,44001275012.6141,-0.0370556648288982,43873.3777849582,1.26579885828729,0.923889546117607
LVA,2023,Latvia,135.642989154266,22596000000.0,26617000000.0,184.3,18.554389354563,,,,,468895.0,2.3673,,42779550936.838,-0.941606068823631,42783.8260226567,8.9380462331663,0.924839558470698
LVA,2022,Latvia,159.892778190649,24101000000.0,28802000000.0,196.1,17.5505893709401,3.5,3.3,3.3,4.0,471684.0,25.26366546,,38003198508.9107,1.90853419029801,40546.4638799692,17.3102830198815,0.949623753156941
LVA,2021,Latvia,136.796615414819,20833000000.0,24446000000.0,169.6,16.9803713630842,,,,,434146.0,2.31822,7366.6,38183326784.9335,6.94254173062592,36912.0130602161,3.27582937431165,0.84549413889045
LVA,2020,Latvia,123.88319804656,16337000000.0,18441000000.0,133.0,20.0336000956914,,,,,457342.0,4.32123,7979.0,33379927434.6149,-3.46922750780554,32741.4207691987,0.219064904841985,0.875506396987998
LVA,2019,Latvia,125.29163170793,15705000000.0,18959000000.0,127.8,17.1495055610295,,,,,449850.0,5.1637624,15019.0,33099503950.847,0.675372771884227,32199.0960377091,2.81140920075624,0.893276257067409
LVA,2018,Latvia,128.234095559822,16166000000.0,19681000000.0,131.6,16.5920580401869,2.81,2.8,2.98,2.88,474393.0,4.01487,17859.0,33247935477.3576,4.30971286294503,29817.8047263182,2.53445424186598,0.846772667108111
LVA,2017,Latvia,128.714003328884,14126000000.0,17033000000.0,115.0,16.0817754609296,,,,,449712.0,2.83108,15014.0,29391059767.4259,3.39894872623931,25763.9907709703,2.93036312374665,0.885205508269372
LVA,2016,Latvia,123.330518429659,12294000000.0,14434000000.0,100.1,17.2405295215294,3.327107,3.110769,3.235385,3.621859,388260.0,2.157,15873.0,27117105059.5075,2.55168601974034,24063.4511245109,0.140633334505327,0.903421436257263
LVA,2015,Latvia,126.380014406006,12286000000.0,14719000000.0,100.0,18.9245452005011,,,,,359420.0,2.277996,18906.0,26344565876.8902,3.78336712084972,22543.9183164105,0.174242243625186,0.901296423367096
LVA,2014,Latvia,130.042252244959,14715000000.0,17964000000.0,119.8,17.7278751994184,3.402789,3.221575,3.029151,4.059148,392126.0,3.510996,19441.0,30277203767.4058,2.0949597710559,21553.6623204436,0.620490636732421,0.752728196932603
LVA,2013,Latvia,129.677184929099,14467000000.0,17865000000.0,117.8,15.4178071105596,,,,,384750.0,3.759996,19532.0,29152128167.8438,2.09609028156248,20473.5243706913,-0.029454778257828,0.529391666666667
LBN,2025,Lebanon,,4598000000.0,21672000000.0,,,,,,,,,,,,,14.597595869611,89500.0
LBN,2024,Lebanon,82.2323604617121,3781000000.0,17309000000.0,95.8,2.89591276881506,,,,,762062.0,,,25971643441.3408,-7.07989192861814,11917.4502960889,45.2430422716718,89500.0
LBN,2023,Lebanon,104.206410069182,4139000000.0,18125000000.0,104.2,4.30236078360336,,,,,,34.39593,,20078620356.9931,-0.760584470257314,12585.1973845359,221.341644023365,13875.625
LBN,2022,Lebanon,114.888278265666,4485000000.0,19495000000.0,113.1,15.13321994397,,,,,434218.0,36.227,,20992421948.8081,-0.621678970663112,12290.8925567636,171.205491336641,1507.5
LBN,2021,Lebanon,78.8286204025241,4138000000.0,13857000000.0,104.2,2.15425314478037,,,,,640263.0,22.23564,,23131941556.7843,-7.00123862514116,11599.7755083765,154.756096023393,1507.5
LBN,2020,Lebanon,50.1298042879627,4085000000.0,11355000000.0,103.1,5.13651259232765,,,,,798882.0,19.11662,,31712128253.7961,-21.3998996914321,16259.7051312281,84.8643330472041,1507.5
LBN,2019,Lebanon,62.98091601016,4829000000.0,19641000000.0,121.8,3.89127352822828,,,,,1257907.0,51.70094,,51605959131.2741,-6.91492472851026,21710.4648750807,3.00538949390383,1507.5
LBN,2018,Lebanon,68.2573073043718,3830000000.0,20396000000.0,96.5,2.35831810809947,2.72,2.38,2.64,3.18,1332990.0,56.569,,54901519155.5556,-1.88470575631651,21985.4884702241,6.07698907889607,1507.5
LBN,2017,Lebanon,68.4554292593276,4026000000.0,19911000000.0,101.2,3.29137382070708,,,,,1305038.0,53.387,,53027680685.9038,0.903028464073813,20963.8249472533,4.32135218303191,1507.5
LBN,2016,Lebanon,67.7236177908116,3930000000.0,19368000000.0,99.0,2.82254509400518,2.717255,2.727273,2.642975,2.86281,1147219.0,45.558,,51147308774.1294,1.55454940856943,18940.5901000453,-0.783359624361508,1507.5
LBN,2015,Lebanon,71.8390426347811,3982000000.0,18965000000.0,100.0,2.18872453488477,,,,,1130284.0,54.077,,49929337836.8159,0.462320792597581,17045.898285301,-3.74914524799629,1507.5
LBN,2014,Lebanon,79.8171565925627,4548000000.0,22081000000.0,114.9,2.52131896754884,2.725805,2.294444,2.527778,2.888889,1210413.0,59.58,,48095213746.6003,2.48406010500743,16139.8649966955,1.8546042134091,1507.5
LBN,2013,Lebanon,86.1743285920565,5170000000.0,22024000000.0,130.6,2.67625075891044,,,,,1117334.0,70.098,,46880103080.597,3.8278734986016,16315.6137748763,4.82101956297399,1507.5
LSO,2025,Lesotho,153.981493548807,773000000.0,1875000000.0,,,,,,,,,,2573572920.05159,1.98256080770996,3184.11725194709,4.27011140706666,17.8887489855833
LSO,2024,Lesotho,152.474389103105,991000000.0,1853000000.0,106.9,0.0895832496967832,,,,,,,,2391282547.80028,5.22503380336101,3070.79580931865,6.10544624245032,18.3286575505
LSO,2023,Lesotho,140.722487877528,825000000.0,1724000000.0,88.9,0.0742607412455623,,,,,,,,2129871529.52517,1.69433177608774,2879.59482438145,6.34221743124953,18.4502441785
LSO,2022,Lesotho,142.373981074229,894000000.0,1856000000.0,96.3,0.0925726266687245,,,,,,,,2354980960.02697,2.38778020186284,2760.87343646139,8.27180389943028,16.3558534845
LSO,2021,Lesotho,139.186479465407,935000000.0,1824000000.0,100.6,0.0697267831899667,,,,,,,,2412130056.55851,2.26670961833291,2544.78249551214,6.04774591950676,14.7786782139167
LSO,2020,Lesotho,141.096605062998,845000000.0,1380000000.0,91.1,0.0339450853606886,,,,,,,,2053699863.99625,-8.15595785459911,2559.09776077846,4.97809676252309,16.4591053903333
LSO,2019,Lesotho,140.51663349168,919000000.0,1734000000.0,99.1,0.173766076409184,,,,,,,,2390702295.82777,-1.41799383085205,2568.34114362719,5.18708359197982,14.4484270548333
LSO,2018,Lesotho,144.434955465602,1221000000.0,2185000000.0,131.7,0.0577924172043064,2.28,2.36,1.96,2.7,,,,2556247291.99785,-1.48063315848241,2632.28775223004,4.7518030162474,13.2339264715833
LSO,2017,Lesotho,146.366771329494,1028000000.0,2066000000.0,110.7,0.176184816420373,,,,,,,,2306741672.29006,-3.13817493733471,2618.81820770145,4.447699373763,13.3238014244992
LSO,2016,Lesotho,136.31524774176,881000000.0,1861000000.0,95.0,0.582000547378695,2.025983,1.912907,1.961644,2.353684,,,,2114426452.2019,3.60890731687714,2942.18153663921,6.59650490696543,14.7096108855267
LSO,2015,Lesotho,129.722773082867,929000000.0,1997000000.0,100.0,0.2634590134564,,,,,,,,2359686724.53829,3.12406678044546,3034.64692924848,3.21844513655931,12.7589308811644
LSO,2014,Lesotho,126.292475360578,826000000.0,2207000000.0,89.1,,2.372849,2.222222,2.350309,2.600309,,,,2441063054.05792,1.71054990545476,2771.24496867163,5.37028961008587,10.8526555687831
LSO,2013,Lesotho,133.36548975517,847000000.0,2175000000.0,91.3,,,,,,,,,2367112931.642,1.79252555575545,2538.26310306049,4.86511899496385,9.65505606913526
LBR,2025,Liberia,,2068000000.0,2494000000.0,,,,,,,,,,5245938900.0,5.01656107992214,1981.09483342188,8.31564329402952,
LBR,2024,Liberia,,1310000000.0,1677000000.0,453.2,,,,,,,,,4779300900.0,4.02185464964835,1873.76133636244,8.21497439118964,191.306666666667
LBR,2023,Liberia,,1105000000.0,2076000000.0,396.7,0.643718596498284,,,,,,,,4390000000.0,4.68375688761311,1796.01250525501,10.0944535665552,174.955982783514
LBR,2022,Liberia,,1027000000.0,1720000000.0,359.6,10.2679978403201,2.4,2.1,2.4,2.3,,,,4001047000.0,4.80810517290655,1691.30467616419,7.59298486560313,152.933756840022
LBR,2021,Liberia,,881000000.0,1480000000.0,311.1,7.93496540512927,,,,,,,,3513049500.0,4.98671283481617,1539.20892304674,7.81559385858648,166.153700752442
LBR,2020,Liberia,,608000000.0,1102000000.0,214.6,0.0150390753332307,,,,,,,,3176126300.0,-2.98249127649473,1659.52109145991,16.9557241496255,191.517957643463
LBR,2019,Liberia,,543000000.0,1033000000.0,191.2,5.50358385939843,,,,,91453.84,,,3319596500.0,-2.46729763532686,1899.52200972855,26.9662760197878,186.429744551072
LBR,2018,Liberia,,548000000.0,1143000000.0,193.2,16.8436031156564,2.23,1.91,1.91,3.25,118750.0,,,3422754800.0,1.15757512207355,1799.72751397748,23.5635148953742,144.055575801282
LBR,2017,Liberia,,358000000.0,1089000000.0,123.1,56.8580874479744,,,,,125000.0,,,3390703400.0,2.45515592012239,1664.94481323565,12.4196323907138,112.706666666667
LBR,2016,Liberia,,279000000.0,1302000000.0,96.9,,2.203914,2.065724,2.012614,2.728634,112500.0,,,3398419600.0,-1.5549586174878,1490.33581410026,8.83424868336488,94.4272435897436
LBR,2015,Liberia,,283000000.0,1687000000.0,100.0,,,,,,100000.0,,,3227075700.0,-0.0185649695590939,1340.43279741197,7.74869687621322,86.1883665716999
LBR,2014,Liberia,,444000000.0,1997000000.0,156.4,,2.62,2.571429,2.571429,2.571429,79000.0,,,3225652000.0,0.701393100287518,1418.77355515891,9.86111285574904,83.8925
LBR,2013,Liberia,,559000000.0,1150000000.0,197.1,,,,,,70000.0,,,3177198100.0,8.68728781639683,1360.12910370155,7.577306817414,77.52
LBY,2025,Libya,137.658573201308,30085000000.0,19312000000.0,,,,,,,,,,48098909613.6316,13.3717080516958,16521.3998152838,1.84166666666702,5.30256666666666
LBY,2024,Libya,137.511130687153,30191000000.0,18500000000.0,125.4,,,,,,,,,48487151215.345,1.89995052025442,14324.5818697336,2.12615766885021,4.83220833333333
LBY,2023,Libya,161.070232609722,33079000000.0,18195000000.0,142.7,,,,,,465168.0,60.05292372,,44027664915.187,10.2000497852517,13858.4923072147,2.3731753143518,4.81288333333334
LBY,2022,Libya,156.321684682347,39196000000.0,16127000000.0,169.1,,1.9,1.9,1.7,2.2,428760.0,47.36534442,,43246297921.8499,-8.29981811198795,12264.4456986569,4.51030149235695,4.813175
LBY,2021,Libya,164.284069967105,30972000000.0,14956000000.0,133.6,,,,,,422100.0,13.560057648,,35217995647.2862,28.2996823429147,12641.5097714075,2.86833027751015,4.514425
LBY,2020,Libya,50.9757934373319,8443000000.0,11099000000.0,36.4,,,,,,343599.0,0.617193348,,46854285440.642,-29.4552967282824,10954.799045265,1.44703656998741,1.38866668346465
LBY,2019,Libya,78.9939691850138,29250000000.0,15105000000.0,126.2,0.604680774692483,,,,,265098.0,0.758181,,69254496471.6938,-11.1960828853386,16194.1082061146,-2.16217883470591,1.39826289736928
LBY,2018,Libya,63.7811335968183,30994000000.0,13741000000.0,133.7,,2.11,1.95,2.25,2.77,,0.711155,,76686029772.1483,7.9413678529104,18879.3151301984,13.1702038536722,1.36496666666667
LBY,2017,Libya,47.5489661921214,20881000000.0,9406000000.0,90.1,,,,,,105636.0,1.236961352,,67157452181.7738,32.4918021862688,18026.0187834008,25.8036184788337,1.3938200108235
LBY,2016,Libya,41.1101760615135,20880000000.0,10658000000.0,90.1,,2.264495,1.884154,2.04072,2.834259,124050.0,1.37789973,,49912073701.298,-1.4909411172622,16961.0177111717,25.853874212446,1.39036867889833
LBY,2015,Libya,56.9049073326883,23185000000.0,12536000000.0,100.0,,,,,,,2.54943277629794,,48717501321.3052,-0.842656252118843,17903.2565395803,10.4022933588151,1.38120985962103
LBY,2014,Libya,76.5248826381117,32022000000.0,19427000000.0,138.1,,2.496979,2.411765,2.294118,2.854455,172340.0,2.90666681323636,,57372355592.022,-23.0428058282215,17509.5285087845,2.43294141599233,1.27240206718888
LBY,2013,Libya,106.334360918106,49550000000.0,28083000000.0,213.7,,,,,,225020.0,3.672312,,75351107029.0605,-17.9979615745681,21151.0051911633,2.60581802719517,1.27169182111774
LIE,2025,Liechtenstein,,,,,,,,,,,,,,,,,0.831355833333333
LIE,2024,Liechtenstein,,,,,,,,,,,,,8905764270.4054,,,,0.880440833333333
LIE,2023,Liechtenstein,,,,,,,,,,,,,8239379403.22096,,,,0.89849
LIE,2022,Liechtenstein,,,,,,,,,,,,,7426856242.7736,,,,0.9548325
LIE,2021,Liechtenstein,,,,,,,,,,,,,7912602342.18895,,,,0.913845833333333
LIE,2020,Liechtenstein,,,,,,,,,,,,,6405870210.32293,,,,0.938965
LIE,2019,Liechtenstein,,,,,,,,,,,,,6436467007.11932,,,,0.993709166666667
LIE,2018,Liechtenstein,,,,,,,,,,,,,6692620691.84146,,,,0.977891666666667
LIE,2017,Liechtenstein,,,,,,,,,,,,,6474308717.85289,,,,0.984691666666667
LIE,2016,Liechtenstein,,,,,,,,,,,,,6237302033.50132,,,,0.985394394244835
LIE,2015,Liechtenstein,,,,,,,,,,,,,6268515276.17441,,,,0.962381328004354
LIE,2014,Liechtenstein,,,,,,,,,,,,,6657526979.72277,,,,0.916151047283613
LIE,2013,Liechtenstein,,,,,,,,,,,,9.0,6391708310.67727,,,,0.926903547758285
LTU,2025,Lithuania,142.106304695382,41626000000.0,49006000000.0,,,,,,,,,,95210150818.3512,2.92007656461696,56837.8067003598,3.79170510860467,0.88496895841236
LTU,2024,Lithuania,142.41991022479,39813000000.0,44772000000.0,156.4,17.3245506640985,,,,,1068771.0,,,85503938573.5664,3.03019543767596,55699.3734421294,0.715735835228723,0.923889546117607
LTU,2023,Lithuania,147.990751776428,42981000000.0,48489000000.0,169.3,14.4028959953361,,,,,1050804.0,1.689037593,,80356613554.5602,0.739537398185803,52720.0689650863,9.11731962390475,0.924839558470698
LTU,2022,Lithuania,176.631817072239,46485000000.0,55095000000.0,183.1,12.9963941333635,3.4,3.2,3.5,3.6,1047941.0,1.01307936,,70639687325.6326,2.46532013155011,50653.3394443751,19.7050461518394,0.949623753156941
LTU,2021,Lithuania,154.726303914099,40706000000.0,44488000000.0,160.3,11.508956927432,,,,,666775.0,,14566.0,67072165721.2431,6.39481772930206,45897.3715026327,4.68354420903453,0.84549413889045
LTU,2020,Lithuania,135.796565563519,32805000000.0,33329000000.0,129.2,12.0095660933711,,,,,639006.0,2.80719338834438,15865.0,57412038533.2718,0.0428158336981426,41262.7276941725,1.19989444983569,0.875506396987998
LTU,2019,Lithuania,148.374996011818,33151000000.0,35759000000.0,130.6,12.0304039362778,,,,,703000.0,0.0,16181.0,55122066225.796,4.67735183530451,40563.8304884555,2.33450937988027,0.893276257067409
LTU,2018,Lithuania,147.202132525221,33337000000.0,36502000000.0,131.3,12.102708320773,3.02,2.85,2.73,3.65,749066.0,0.0,16885.0,54261795148.5372,4.91836780106811,36491.9385223689,2.69792779208394,0.846772667108111
LTU,2017,Lithuania,144.918393101325,29901000000.0,32258000000.0,117.8,12.5193567980791,,,,,472000.0,0.472,15414.0,47756764508.446,4.61224310312809,31305.0436934372,3.72288862303707,0.885205508269372
LTU,2016,Lithuania,134.690449650877,25010000000.0,27376000000.0,98.5,12.6400013901436,3.631688,3.415228,3.571429,4.140883,443000.0,0.472,13790.0,42970749245.0336,2.67192215053329,28698.9887868061,0.905525075460342,0.903421436257263
LTU,2015,Lithuania,138.195575009601,25392000000.0,28154000000.0,100.0,12.7802328819912,,,,,392700.0,0.56564667,14036.0,41540954817.2039,2.83280643343234,26948.5919371645,-0.884097405500596,0.901296423367096
LTU,2014,Lithuania,143.290115780694,32319000000.0,34359000000.0,127.3,11.1391744920283,3.178416,3.044675,3.184799,3.601811,450428.0,0.471265,14307.0,48306546656.9281,3.7725437958099,26274.7488764946,0.103758009433708,2.60029166666667
LTU,2013,Lithuania,156.626637927418,32598000000.0,34806000000.0,128.4,11.0243128207069,,,,,402535.0,4.99992,13344.0,46303660422.0434,4.04691318575325,24889.8726227818,1.04747937065344,2.60100833333333
LUX,2025,Luxembourg,349.886879178876,18390000000.0,28171000000.0,,,,,,,,,,101157829491.107,0.63787818818335,156542.075847247,2.25723817871726,0.88496895841236
LUX,2024,Luxembourg,351.267921153192,16197000000.0,26046000000.0,94.6,5.0736120319212,,,,,,,,93279851863.4062,0.358614003982225,156079.3685607,2.05113269954859,0.923889546117607
LUX,2023,Luxembourg,402.566968197345,17189000000.0,26295000000.0,100.3,5.979250210644,,,,,,6873.237812727,,88788881539.3937,0.0994370594039111,152596.126692093,3.74140361983136,0.924839558470698
LUX,2022,Luxembourg,412.177169924175,17377000000.0,27020000000.0,101.4,5.9904603893658,3.6,3.6,3.6,3.5,,7988.843824,,80801680397.0139,-1.09741256293819,146919.145398495,6.33600807777919,0.949623753156941
LUX,2021,Luxembourg,397.506180867971,16800000000.0,26170000000.0,98.0,6.0752020682151,,,,,,8588.53476,176.0,86386759695.1653,6.92973270801744,136772.443753292,2.52692009066166,0.84549413889045
LUX,2020,Luxembourg,375.581394826026,13839000000.0,21165000000.0,80.7,5.61923854995663,,,,,,7344.759036,162.0,73670782100.3909,-0.510051634039826,122066.739147202,0.819957302127036,0.875506396987998
LUX,2019,Luxembourg,382.66078058442,16451000000.0,24264000000.0,96.0,6.57356994288018,,,,,,7188.04334,191.152773984,69872035113.6469,2.74932091920692,121371.73990307,1.74332075653848,0.893276257067409
LUX,2018,Luxembourg,361.865445198667,16412000000.0,24175000000.0,95.8,6.97324123677991,3.63,3.53,3.63,3.9,,7323.03958,223.158399212,71085623495.1145,1.61129891211624,116638.414163882,1.5281952430737,0.846772667108111
LUX,2017,Luxembourg,353.793991980303,15761000000.0,22876000000.0,92.0,6.9688410293022,,,,,,7321.11217,213.657253404,65712180342.9836,1.31711942298405,114985.842235989,1.73079959118896,0.885205508269372
LUX,2016,Luxembourg,348.437409376889,15796000000.0,21872000000.0,92.2,7.96708640448661,4.219409,3.9,4.235,4.795714,,6877.761503,201.499302247,62216885435.9488,4.97819047122638,113365.176082265,0.290833333333225,0.903421436257263
LUX,2015,Luxembourg,351.13195404466,17139000000.0,23289000000.0,100.0,7.1063570044196,,,,,,6309.473324,206.945675,60071584216.1375,2.26836572735107,107859.685999308,0.474743161437871,0.901296423367096
LUX,2014,Luxembourg,333.428836459172,19099000000.0,26656000000.0,111.4,5.97251741023821,3.946726,3.818182,3.909091,4.705877,,5753.111628,208.0,68804814554.646,2.62308838097542,105296.288654407,0.628543985440717,0.752728196932603
LUX,2013,Luxembourg,320.533506316768,18441000000.0,26692000000.0,107.7,6.8438523675119,,,,,,5224.838626,218.0,65203276466.9763,3.17168513780955,100925.011992241,1.73403963519162,0.752945122701996
MAC,2025,"Macao SAR, China",139.140512869582,1734000000.0,15541000000.0,,,,,,,,,,52061007670.169,4.67106705680436,137030.679100085,0.333311677308542,8.02981025
MAC,2024,"Macao SAR, China",142.07943455076,1678000000.0,16011000000.0,125.3,0.0,,,,,,,,49467258923.3244,7.84960207010525,127144.298137913,0.672498598854365,8.03683075
MAC,2023,"Macao SAR, China",145.874467252327,1654000000.0,17542000000.0,123.6,0.0,,,,,,8.54018,,45626467279.891,75.3084184293413,116424.421317954,0.476384495788075,8.06339008333333
MAC,2022,"Macao SAR, China",170.368049338506,1677000000.0,17338000000.0,125.2,0.0,,,,,,0.00077347,,24929307447.3237,-18.956941494497,64183.3559914099,1.04502802369954,8.06520608333333
MAC,2021,"Macao SAR, China",171.31597082054,1620000000.0,19219000000.0,120.9,0.0,,,,,,1.10174,,30633941629.3633,22.4622020023362,73374.4486829589,0.0264543647055504,8.00553175
MAC,2020,"Macao SAR, China",123.43437444297,1353000000.0,11588000000.0,101.1,0.0,,,,,,8.99441,,25280064167.7333,-54.4020925789353,57077.5325705099,0.811410511491512,7.98906191666666
MAC,2019,"Macao SAR, China",115.23129893555,1586000000.0,11167000000.0,118.4,0.0,,,,,,26.02953,,55025172016.004,-2.4609094006739,126029.622371097,2.75193081051975,8.07047033333333
MAC,2018,"Macao SAR, China",116.568676845013,1510000000.0,11162000000.0,112.8,0.0,,,,,,31.84376,,55076322634.344,6.35917030567686,129457.998600118,3.00446293166953,8.07250741666667
MAC,2017,"Macao SAR, China",115.454662557842,1406000000.0,9451000000.0,105.0,16.1914475747604,,,,,,32.76585,,50297028370.6668,9.91855844513513,120774.963080752,1.22812404052809,8.026001
MAC,2016,"Macao SAR, China",112.890232741859,1257000000.0,8924000000.0,93.8,,,,,,,29.39461,,44964868323.7558,-0.701510212552961,107653.177281832,2.36895749705898,7.99506425
MAC,2015,"Macao SAR, China",119.250436813256,1339000000.0,10603000000.0,100.0,0.0,,,,,,25.435,,44940613353.1038,-21.7540078753246,108656.763904919,4.56056338028173,7.98496041666667
MAC,2014,"Macao SAR, China",118.580835443557,1241000000.0,11262000000.0,92.7,0.0966580261549642,,,,,,23.87158,,54930501310.2956,-2.03874227961819,145187.080794416,6.04823452094076,7.987129
MAC,2013,"Macao SAR, China",121.375076167887,1138000000.0,10140000000.0,85.0,0.0,,,,,,20.07111,,51559125350.236,10.7816711590297,149859.180455113,5.50057779178484,7.98925533333333
MDG,2025,Madagascar,54.2413796011714,2498000000.0,5240000000.0,,,,,,,,,,19620352035.7899,3.002568866856,1952.48426903369,8.05052431791227,4529.75125196405
MDG,2024,Madagascar,57.5370213293734,2582000000.0,4833000000.0,126.8,0.958835172179217,,,,,,,,17592832696.1336,4.32283728087992,1888.66403175151,7.61335784313723,4525.42472099152
MDG,2023,Madagascar,62.7622147594312,3213000000.0,4750000000.0,163.6,0.478060054077076,,,,,,2.49141,,16036707975.7567,4.23086580696344,1810.09891584306,9.87432675044888,4429.57921419022
MDG,2022,Madagascar,70.4708546790091,3609000000.0,5471000000.0,178.6,0.34862498459426,2.3,1.8,1.8,2.6,,6.34363,,15342178598.2475,4.13753534956307,1716.40079421689,8.16059031991844,4096.11618374535
MDG,2021,Madagascar,55.2158585927485,2729000000.0,4409000000.0,132.4,0.405991436478599,,,,,,2.719098,,14354731964.3258,4.65068343174309,1577.43246056529,5.81225118787715,3829.97784932976
MDG,2020,Madagascar,49.0107073650291,2026000000.0,3221000000.0,99.3,0.539322061058942,,,,,,5.384373332,,13051441204.053,-7.13767162064489,1490.32312839072,4.20179312190557,3787.75405817574
MDG,2019,Madagascar,62.6013230457128,2696000000.0,3942000000.0,132.1,0.963097896905451,,,,,199712.5,16.18255,,14104664678.5063,4.41123212909589,1612.29772715626,5.61051441492365,3618.32185816072
MDG,2018,Madagascar,67.8415046683582,3110000000.0,4061000000.0,152.1,1.04433298404265,2.39,2.32,2.16,2.73,179425.0,16.24747,,13760033282.2925,3.19435651744398,1546.59563549795,8.59422958870476,3334.75225490196
MDG,2017,Madagascar,65.3434015072915,2848000000.0,3670000000.0,139.5,1.28948585834724,,,,,220000.0,15.02506,,13176313593.5509,3.93330759462793,1546.88001890817,8.60905075422949,3116.11
MDG,2016,Madagascar,60.8346984831423,2254000000.0,2966000000.0,110.2,1.54980929380356,2.154639,2.331574,2.118222,2.347782,138850.0,11.96217,,11848613858.442,3.99314606199499,1561.51962374608,6.03575858154679,3176.53916666667
MDG,2015,Madagascar,61.2203788365078,2048000000.0,2795000000.0,100.0,2.00561036576503,,,,,138500.0,25.62026,,11323020701.3017,3.13229807490305,1496.61172412841,7.40419174202129,2933.50833333333
MDG,2014,Madagascar,61.9694322111234,2196000000.0,3227000000.0,106.7,1.54006644159584,2.382349,2.056818,2.147727,3.074495,139200.0,31.07096,122.335,12522957399.2281,3.33920311195367,1498.83976908219,6.08040811088302,2414.81166666667
MDG,2013,Madagascar,56.3675817900932,1923000000.0,3260000000.0,93.4,7.5799664741867,,,,,137800.0,34.55841,,12423555455.3853,2.30037622800727,1473.40398077255,5.8264294445198,2206.91416666667
MWI,2025,Malawi,39.3994694717291,947000000.0,3661000000.0,,,,,,,,,,14918276698.303,1.88518707821663,1899.29166528127,28.3702565330281,
MWI,2024,Malawi,41.9038196485235,958000000.0,3315000000.0,88.4,1.64552794448662,,,,,,,,11311971400.3864,1.6734340852915,1860.31534523381,32.1796504225025,
MWI,2023,Malawi,42.4376683990967,966000000.0,3141000000.0,90.1,5.31056594105904,,,,,,,,13363669672.9405,1.94575281675984,1831.97332483901,28.7897428247298,1161.09436666667
MWI,2022,Malawi,43.616624856781,900000000.0,1586000000.0,83.9,2.30769539307614,,,,,,,,12429059928.102,0.921115069005936,1778.02399491871,20.953969729969,949.039016666667
MWI,2021,Malawi,44.5957618170542,1009000000.0,3073000000.0,94.2,6.07356230862874,,,,,,0.000590054,,12378119199.0839,4.55829212016083,1687.59358179651,9.33014410835212,805.899650132837
MWI,2020,Malawi,41.0323429397328,771000000.0,2678000000.0,72.0,2.79814154290263,,,,,,8.624e-05,,11769313597.8545,0.793596429787286,1513.45990803344,8.62551469650552,749.527493882201
MWI,2019,Malawi,44.1954524635798,899000000.0,2892000000.0,83.9,6.84439153559323,,,,,,0.00246400383690811,,11051852712.6142,5.71682519194337,1450.01008064784,9.3708360560567,745.540667877372
MWI,2018,Malawi,43.578773489,838000000.0,2686000000.0,78.2,2.14917014000118,2.59,2.43,2.18,2.97,,0.0108797367,,9879220354.29186,4.35356471619211,1363.79445595088,12.420178108921,732.333333333333
MWI,2017,Malawi,45.3003137160008,839000000.0,2551000000.0,78.3,2.01243154383311,,,,,,0.0108797367,,8943543793.5839,4.00000000089172,1380.23263621737,11.5433939188771,730.2725
MWI,2016,Malawi,,1022000000.0,2254000000.0,95.4,2.37156083791477,,,,,,0.007249968,,7909868618.46366,2.49999999914311,1409.95802703533,21.7111132136499,718.005
MWI,2015,Malawi,,1072000000.0,2270000000.0,100.0,1.2871623503437,,,,,,0.005467548,,9219474379.31534,2.80000000003355,1403.08451209235,21.8673475542553,499.605833333333
MWI,2014,Malawi,,1418000000.0,2753000000.0,132.3,4.13166608127182,2.813029,2.785714,3.042141,2.989155,,0.005484,,8801326169.14547,5.62527000105139,1505.55190404024,23.7920649469687,424.896666666666
MWI,2013,Malawi,,1200000000.0,2836000000.0,112.0,11.4580180393559,,,,,,0.005484,,8031571927.62055,5.41034999817167,1558.11224745203,27.2833333333334,364.405833333333
MYS,2025,Malaysia,136.39642032295,376041000000.0,340436000000.0,,,,,,,,,,472193128644.597,5.17127082911057,41497.6746089548,1.38060872293692,4.28442415048243
MYS,2024,Malaysia,137.362571161559,330761000000.0,300216000000.0,165.2,58.6276748543331,,,,,30659850.0,,,422227005428.688,5.10545921024041,38835.6013146653,1.834100204499,4.5764279106858
MYS,2023,Malaysia,132.593461641599,312965000000.0,265667000000.0,156.5,59.4155074421789,,,,,28246849.0,1910.139712,,399949418752.657,3.5370638041057,36496.9483630681,2.48886560125754,4.56062343240897
MYS,2022,Malaysia,146.424604753908,352094000000.0,293797000000.0,176.1,58.2818244031486,3.6,3.3,3.6,3.7,27293935.0,1125.17036572,,407830525989.553,9.03173723044451,34414.4136245222,3.37869862549928,4.40107634540072
MYS,2021,Malaysia,134.035994690727,299425000000.0,238240000000.0,149.7,51.6786836379514,,,,,28261849.0,1119.414357,,373784553029.978,3.31534954399166,29822.8491831618,2.47710241465447,4.14329759817721
MYS,2020,Malaysia,116.788182437638,234766000000.0,190860000000.0,117.4,53.8128736631656,,,,,26669483.0,816.74595,817.647143,337456163961.211,-5.45684658426701,27474.7361378236,-1.1387021539305,4.20348194851884
MYS,2019,Malaysia,123.028562027943,238195000000.0,204998000000.0,119.1,51.5927774360365,,,,,26215322.0,1378.744705,1141.586432,365177721021.516,4.41318742129586,28933.928297233,0.662891865764326,4.14246973569731
MYS,2018,Malaysia,130.402625502126,247455000000.0,217602000000.0,123.8,53.1812872322082,3.22,2.9,3.15,3.46,24955994.0,1359.12559,1315.0,358788845712.53,4.84308697634881,27793.5674222948,0.884709160571235,4.03513013706806
MYS,2017,Malaysia,133.155173371956,218130000000.0,195417000000.0,109.1,51.124071112731,,,,,23719787.0,1455.20982395985,1234.0,319109094160.343,5.81272240983328,26415.5960203287,3.87120115774237,4.30044087761124
MYS,2016,Malaysia,126.8990100257,189743000000.0,168684000000.0,94.9,49.058669616671,3.426307,3.167154,3.447615,3.652954,24569452.0,1149.876958418,1349.0,301256033870.334,4.44978139761541,25285.8213541391,2.09056659525742,4.14830066287879
MYS,2015,Malaysia,131.37007244526,199952000000.0,175971000000.0,100.0,48.4853806485296,,,,,24012959.0,2005.979379448,1474.0,301355266964.947,5.09153242155011,24526.3942716012,2.10438980238359,3.90550026302768
MYS,2014,Malaysia,138.312231176843,233927000000.0,208851000000.0,117.0,49.2192547300414,3.590425,3.36772,3.558952,3.91714,22366426.0,2193.300634,1741.0,338066095097.254,6.00672194558203,24306.5212338415,3.14299050879095,3.27285974643047
MYS,2013,Malaysia,142.720991464873,228331000000.0,205897000000.0,114.2,48.4707442408569,,,,,20876442.0,2161.992838,1760.0,323276235524.415,4.69372252557893,23160.8924510627,2.10501231233612,3.15090855009724
MDV,2025,Maldives,,444000000.0,3619000000.0,,,,,,,,,,7741066860.6337,6.31092335003081,28554.8945669737,4.00578494118752,15.415677547363
MDV,2024,Maldives,156.473955741011,383000000.0,3637000000.0,160.3,0.00227056785155377,,,,,,,,7061608267.25451,3.49440422654285,26220.8078173473,1.41093527910134,15.3891963292547
MDV,2023,Maldives,149.349976177434,421000000.0,3497000000.0,176.5,0.18950505737955,,,,,,29.45872956,,6621008703.95743,4.94286301229583,24806.6325837081,2.90372427754586,15.3867943548387
MDV,2022,Maldives,162.243432933656,400000000.0,3516000000.0,168.0,4.09641473130223,,,,,,27.61570968,,6177123352.26211,13.8260895184139,22876.8862033838,2.3305404647725,15.386625
MDV,2021,Maldives,142.607296696261,285000000.0,2573000000.0,119.3,2.01125189381146,,,,,,1.7375017,,5252457369.55218,37.507870124321,19052.6224904311,0.543149688737013,15.3726984126984
MDV,2020,Maldives,114.361902904327,286000000.0,1838000000.0,119.9,1.73293127838582,,,,,,2.28629,,3712604583.36665,-32.9088287752921,13425.3674459601,-1.36977425569811,15.3812695278705
MDV,2019,Maldives,137.125230875185,361000000.0,2888000000.0,150.9,,,,,,107728.2,0.0,,5726094799.37709,6.92305989050099,23077.2112236652,0.220029731065383,15.3820419226831
MDV,2018,Maldives,142.491128546618,339000000.0,2960000000.0,142.4,,2.67,2.4,2.72,3.32,82252.5,0.0,,5404344162.69888,8.5689555834747,21899.4292993843,-0.133373386117595,15.3908372695852
MDV,2017,Maldives,141.912110574952,318000000.0,2360000000.0,133.5,0.143975890139075,,,,,82761.0,7.745645613,,4816426256.52914,7.07442863215275,19767.8893613468,2.81747338234509,15.3869685099846
MDV,2016,Maldives,144.380212278942,256000000.0,2125000000.0,107.1,0.025307379209988,2.513077,2.387452,2.567635,2.877716,81744.0,6.872800012,,4409942623.85538,6.37528306716864,18769.5060607629,0.502509413611612,15.3684076818158
MDV,2015,Maldives,143.720506661302,240000000.0,1896000000.0,100.0,,,,,,83778.0,5.87870598184376,,4129505319.12921,3.86813536494475,17875.0989419262,0.953206658777607,15.3663312211982
MDV,2014,Maldives,165.97925116043,301000000.0,1993000000.0,122.9,,2.747544,2.952863,2.56214,2.51148,83777.0,,,3697353039.20043,7.86068643108074,16722.523852619,2.12000175718134,15.3803935180893
MDV,2013,Maldives,,331000000.0,1733000000.0,138.1,,,,,,79712.0,,,3295009237.50107,6.97496226412528,15264.0907069581,3.8056300091943,15.3667100302841
MLI,2025,Mali,48.7722026619492,4855000000.0,6977000000.0,,,,,,,,,,30069148580.7688,5.59946842896643,3502.76132351788,3.27823540357584,581.92848104034
MLI,2024,Mali,49.7664846904175,5534000000.0,6770000000.0,202.1,,,,,,,,,26761281076.7658,5.01653579205785,3321.57614442921,3.2063986409966,606.345297609063
MLI,2023,Mali,57.6291572269296,5655000000.0,6987000000.0,208.3,5.3606547607953,,,,,,,,24777941860.767,4.76394100040932,3178.41515939915,2.05880228274223,606.569750165917
MLI,2022,Mali,61.5613274861987,5376000000.0,7141000000.0,197.7,10.2578668284987,2.6,2.6,2.0,3.1,,,,22539987718.7642,3.70319027585386,3013.94334673825,9.62147608489064,623.759700911182
MLI,2021,Mali,56.7150525565465,4858000000.0,6296000000.0,179.0,13.8853977586833,,,,,,,,22999245262.6719,3.10094124463507,2796.22793795431,3.92560283104277,554.530675033104
MLI,2020,Mali,56.0415474422019,4794000000.0,5107000000.0,176.5,2.20544616042826,,,,,,,,20698560938.7775,-1.16910834857605,2723.70094784441,0.438088940320669,575.586004510945
MLI,2019,Mali,53.9987132798636,3675000000.0,5134000000.0,135.3,5.479696587969,,,,,,,,20477421884.5414,4.99999911699705,2819.86582297259,-1.65826694846365,585.911013180369
MLI,2018,Mali,50.6998462523276,3584000000.0,4722000000.0,131.8,5.5345284838785,2.59,2.15,2.3,2.83,,,,20368015381.2413,4.86784999935264,2684.41122026577,0.299546507387843,555.446458398226
MLI,2017,Mali,49.4919984941972,2896000000.0,4286000000.0,106.4,1.24270276298759,,,,,,,,18308362040.0521,5.37554769647939,2606.69607954141,1.75985742927165,580.656749587858
MLI,2016,Mali,53.6126193604252,2826000000.0,4051000000.0,104.0,6.49934688425637,2.503073,2.446283,2.299231,2.928013,,,,16743796799.8329,6.00506308559498,2531.80496963482,-1.79964707083386,592.605615063022
MLI,2015,Mali,53.5751760102265,2717000000.0,3800000000.0,100.0,,,,,,,,,15583181170.4105,6.23887890181064,2330.24293947692,1.45069057605961,591.21169798261
MLI,2014,Mali,51.0786821873053,2776000000.0,3909000000.0,102.2,,2.495227,2.083333,2.202778,2.902778,,0.0,,17081681993.2577,6.50263878386326,2184.87660282794,0.883814547137841,493.757329875312
MLI,2013,Mali,54.603243985999,2339000000.0,3807000000.0,86.1,,,,,,,1.19358,,15747192680.9971,3.29068742053545,2059.28407643019,-0.606736356351563,493.899623852237
MLT,2025,Malta,219.014371043081,3819000000.0,9217000000.0,,,,,,,,,,27771821560.9411,3.96156139018959,72210.3392223985,2.36351752252186,0.88496895841236
MLT,2024,Malta,217.730272683658,3782000000.0,9461000000.0,145.1,45.179167089137,,,,,2967924.0,,,25042712191.3281,6.21275996991034,70062.9017440762,1.65079469283109,0.923889546117607
MLT,2023,Malta,221.133296375593,3467000000.0,8402000000.0,133.0,43.2692793209479,,,,,2907257.0,3.35594432,,22625329775.6867,10.6340558017004,67101.1037962636,5.09396758978883,0.924839558470698
MLT,2022,Malta,244.581535518883,3253000000.0,8519000000.0,124.8,38.9615851886187,3.3,3.4,3.7,3.2,2993799.0,8.676285,,18938869147.0818,2.59276776884379,60623.0076694404,6.15375621933037,0.949623753156941
MLT,2021,Malta,220.072294790099,3064000000.0,7133000000.0,117.5,30.7355590982316,,,,,3075918.0,2.75098,,19730119030.6198,13.3509818925498,56823.9958525022,1.49789217934724,0.84549413889045
MLT,2020,Malta,242.361190373928,2837000000.0,5718000000.0,108.8,35.3377751285137,,,,,2539087.0,2.903530909,,16404655807.6687,-3.45728232537419,49971.8904481582,0.638544956776712,0.875506396987998
MLT,2019,Malta,233.070440941958,3178000000.0,7388000000.0,121.9,29.6218204565045,,,,,2813023.0,6.727273,,16337788880.578,4.0850557312243,51392.5014263659,1.6420600176894,0.893276257067409
MLT,2018,Malta,228.098551105175,3192000000.0,6769000000.0,122.4,33.0708086421311,2.81,2.7,2.9,3.01,3414328.0,5.14323,,16153785816.8181,7.18921425536917,48178.5049931669,1.15782362451517,0.846772667108111
MLT,2017,Malta,213.047591305197,2858000000.0,5997000000.0,109.6,30.3770554777466,,,,,3245812.0,2.63621,,14161374599.3379,12.9713425287845,45763.6968096243,1.36435448150708,0.885205508269372
MLT,2016,Malta,213.35947198583,3186000000.0,6444000000.0,122.2,21.9332549680228,3.069256,2.780952,2.942857,3.612073,3151939.0,2.442,,12025777078.0922,4.07800422216982,41000.1176833537,0.642702771527304,0.903421436257263
MLT,2015,Malta,207.196020605057,2607000000.0,6036000000.0,100.0,30.7947211780704,,,,,3120668.0,3.352,,11340789705.8045,9.62070302842181,38368.726998344,1.10054826378929,0.901296423367096
MLT,2014,Malta,181.301126701735,2929000000.0,6798000000.0,112.3,34.7084179812082,3.106275,3.0,3.076923,3.153846,2924283.0,3.422,,11888029751.5962,7.6313628225042,35205.746954765,0.310306472181665,0.752728196932603
MLT,2013,Malta,187.432252396507,3637000000.0,6142000000.0,139.3,38.7105994227373,,,,,2793692.0,3.541,,10796780874.0524,6.29233378116625,33138.0865932239,1.1802843636655,0.752945122701996
MHL,2025,Marshall Islands,115.909090909091,72000000.0,111000000.0,,,,,,,,,,308000000.0,2.28310502283105,8964.32212870807,,1.0
MHL,2024,Marshall Islands,118.245614035088,67000000.0,100000000.0,131.1,,,,,,,,,285000000.0,3.30188679245282,8237.95897993999,,1.0
MHL,2023,Marshall Islands,118.181818181818,64000000.0,104000000.0,127.9,,,,,,,0.40714566,,264000000.0,-5.39477377525279,7525.1504555076,,1.0
MHL,2022,Marshall Islands,128.337974710453,96000000.0,94000000.0,196.3,,,,,,,0.27193536,,258723500.0,-0.700580183196621,7431.2014968892,,1.0
MHL,2021,Marshall Islands,120.056192355466,90000000.0,81000000.0,183.2,,,,,,,0.051408,,261245500.0,2.15939339067452,6768.82579129624,,1.0
MHL,2020,Marshall Islands,107.825971877585,44000000.0,74000000.0,90.3,,,,,,,0.084844,,241800000.0,-2.77288732394366,6137.93436122421,,1.0
MHL,2019,Marshall Islands,153.007728638901,55000000.0,68000000.0,112.2,,,,,,30711.22,0.182569,,232900000.0,10.4521147301896,6045.06240783364,,1.0
MHL,2018,Marshall Islands,128.482272727273,41000000.0,75000000.0,82.6,,,,,,70146.41,0.133837,,220000000.0,5.48717948717949,5232.20524867928,,1.0
MHL,2017,Marshall Islands,125.145250350959,40000000.0,90000000.0,77.8,,,,,,74193.53,0.161087,,213700000.0,3.55815188528943,4719.31304912625,,1.0
MHL,2016,Marshall Islands,116.326362735382,36000000.0,97000000.0,70.0,,,,,,51613.32,,,201800000.0,2.5040827436037,4366.2576420174,,1.0
MHL,2015,Marshall Islands,138.489820359281,52000000.0,108000000.0,100.0,,,,,,41855.44,,,183700000.0,1.88574597892401,4125.16169273671,,1.0
MHL,2014,Marshall Islands,149.853494623656,55000000.0,136000000.0,112.3,,,,,,26168.14,,,186000000.0,-1.25958378970427,3931.34410633325,,1.0
MHL,2013,Marshall Islands,161.91974248927,65000000.0,147000000.0,132.6,,,,,,47899.47,,,186400000.0,3.80898237635019,3845.00357490874,,1.0
MRT,2025,Mauritania,94.0242632380265,4510000000.0,5685000000.0,,,,,,,,,,11679910946.4371,4.02891976567948,7675.51996658445,1.54796926167072,
MRT,2024,Mauritania,93.5988355881472,4150000000.0,4818000000.0,226.7,9.44834081238425,,,,,,,,10879212033.4823,6.3076021190402,7379.45422386145,2.49164347481972,
MRT,2023,Mauritania,92.1654445146742,4065000000.0,4818000000.0,222.0,2.3506462344976,,,,,,,,10687541640.1299,6.80949002457973,6971.65100210032,4.95305034506872,36.4891666666666
MRT,2022,Mauritania,102.025899125696,3778000000.0,5120000000.0,206.6,3.97949338201203,2.3,2.1,2.0,2.8,,,,9562497460.55394,6.7960049994761,6483.80020315347,9.52526628622843,36.935
MRT,2021,Mauritania,88.3068737571235,3267000000.0,3860000000.0,178.5,5.07698180804383,,,,,,,,9221044666.76483,0.7427154981402,5836.56580821897,3.56516484650185,36.0633333333333
MRT,2020,Mauritania,86.7761681322741,2829000000.0,2744000000.0,154.7,2.04844860504343,,,,,,,,8260567356.81635,-0.36065738652286,5740.73959690131,2.3856948845632,37.1891666666667
MRT,2019,Mauritania,93.4866941351317,2266000000.0,3520000000.0,123.8,0.0131448005159537,,,,,84457.99,0.0,,7894764885.82312,3.14100489264639,5610.13236713892,2.30009262117937,36.6908333333334
MRT,2018,Mauritania,89.1467294935148,2052000000.0,3183000000.0,112.0,,2.33,2.2,2.26,2.68,80461.5,0.0,,7475471309.52265,4.77217363890155,5429.23223059784,3.06735996058356,35.6775
MRT,2017,Mauritania,78.8149801833884,1989000000.0,3522000000.0,107.5,,,,,,88400.0,,,6812472965.33868,6.27054569386574,5353.06608810409,2.25427651934813,35.7944166666667
MRT,2016,Mauritania,73.1532616736712,1623000000.0,2174000000.0,86.7,0.00204652495411598,1.866001,2.142857,1.542857,2.142857,72523.0,,,6407900701.25829,1.26090922448303,4682.70259690031,1.47171045650004,35.2370833333334
MRT,2015,Mauritania,77.3467864944966,1832000000.0,3703000000.0,100.0,,,,,,72582.0,,,6182303676.55144,5.37633923694936,3977.61171275863,3.25472688117631,32.4671666666667
MRT,2014,Mauritania,91.610371363604,2140000000.0,3642000000.0,115.7,,2.228909,1.925,2.4,2.75,72464.0,,,6615483550.17817,4.27482327130284,3865.1425867687,3.53436856147324,30.2725
MRT,2013,Mauritania,102.398824183169,2463000000.0,3978000000.0,144.6,,,,,,72700.0,0.0,,7230646063.35983,4.15081318627171,3831.04711074225,4.12910173783393,30.0681666666667
MUS,2025,Mauritius,139.942681072644,2342000000.0,6936000000.0,,,,,,,,,,16157804491.7614,3.15157395305867,33666.64355884,3.67359279962943,45.9969666666667
MUS,2024,Mauritius,145.419812647383,2368000000.0,6843000000.0,89.0,1.21703538647261,,,,,468254.0,,,14938055690.3609,4.94844235250574,31696.7381226145,3.6045220384796,46.414675
MUS,2023,Mauritius,147.321392128852,2295000000.0,6273000000.0,86.2,1.01453890078417,,,,,448527.0,170.21,,14072212290.4596,4.69918189687444,29402.9391464973,7.05298238454736,45.267225
MUS,2022,Mauritius,147.663795034012,2388000000.0,6609000000.0,89.7,2.0670796252868,2.5,2.4,2.5,3.1,407825.0,155.636583,,12936444123.3037,8.3424438025047,26783.5527116445,10.7737512242899,44.182775
MUS,2021,Mauritius,135.19300461461,1962000000.0,5133000000.0,73.7,0.386204360949942,,,,,436398.0,87.396361,,11622048696.8129,3.33809084057279,23010.2013826906,4.02852888157376,41.6921333333333
MUS,2020,Mauritius,121.12522550435,1789000000.0,4220000000.0,67.2,2.30535803719693,,,,,438078.0,62.063,,11566111137.5568,-14.1974358137792,21621.5971225157,2.5808007718283,39.3469333333333
MUS,2019,Mauritius,127.940899064133,2223000000.0,5596000000.0,83.5,2.14379472409531,,,,,469011.0,213.641,,14645235204.6176,2.86394938684734,24374.7818286567,0.405655190309553,35.4735166666667
MUS,2018,Mauritius,123.538984386544,2366000000.0,5661000000.0,88.9,2.59795907076769,2.73,2.7,2.8,3.0,451446.0,233.717,,14957535715.9696,4.11669369456492,23415.5237589118,3.2160538314457,33.93445
MUS,2017,Mauritius,126.964059884888,2342000000.0,5254000000.0,88.0,2.3854111877829,,,,,379371.0,196.047,,13896938315.2799,3.95441730960265,22897.9700922103,3.66699702675925,34.4814083333333
MUS,2016,Mauritius,126.310008998042,2359000000.0,4655000000.0,88.6,0.108502818582773,,,,,388514.0,157.239,,12757680846.5663,3.88576121076034,21951.8307433111,0.977675134718965,35.5418833333333
MUS,2015,Mauritius,133.135069083677,2662000000.0,4790000000.0,100.0,0.114086427858643,,,,,361109.0,168.773,,12162211503.0793,3.71766362108832,20269.5235095611,1.28654970760232,35.0567
MUS,2014,Mauritius,135.099064765426,3094000000.0,5610000000.0,116.2,0.0298752067777236,2.514919,2.25,2.5,2.875,403001.0,192.99,,13230490081.5656,3.85773905280689,19294.4682829556,3.21769191994684,30.6216166666667
MUS,2013,Mauritius,136.552117959236,2869000000.0,5397000000.0,107.8,0.575721802495423,,,,,385326.0,171.534,,12434596541.2996,3.39755085220649,18435.2031858653,3.54329573934839,30.7013583333333
MEX,2025,Mexico,79.9239525815655,664837000000.0,683018000000.0,,,,,,,,,,1832641364775.52,0.561683456144578,25868.4787520629,3.80668650726485,19.2375083333333
MEX,2024,Mexico,75.4259015415068,617677000000.0,655300000000.0,162.2,19.3037596613987,,,,,9284170.0,,,1830489311088.89,1.35057631384696,25820.3527960242,4.72225588452932,18.3048583333333
MEX,2023,Mexico,73.7390758255664,593001000000.0,628457000000.0,155.8,17.9938785812602,,,,,8319202.0,1091.480464,,1794410347718.25,3.1067964131456,25188.3182559609,5.52796087314389,17.7587166666667
MEX,2022,Mexico,88.7984855897261,577697000000.0,627544000000.0,151.8,20.5343692257849,2.9,2.5,2.8,3.5,8307884.0,1076.254915,,1466934724243.38,3.70975708309098,23135.4931593441,7.8962761916855,20.12735
MEX,2021,Mexico,83.0692976264524,494949000000.0,522455000000.0,130.1,19.8113406398377,,,,,7852417.0,962.569234,92437.0,1316569466833.94,6.04848347173572,20782.5877440905,5.68920847683753,20.2724083333333
MEX,2020,Mexico,76.8545557151738,417171000000.0,393278000000.0,109.6,21.5074249745377,,,,,6487264.0,732.796479,86224.0,1121064767168.8,-8.35403459379062,19354.1248682138,3.39683415570006,21.4856083333333
MEX,2019,Mexico,77.4619722509459,460604000000.0,467118000000.0,121.0,20.4068584131191,,,,,7113878.0,1072.52473,89049.0,1304106204006.27,-0.392690513290532,20964.2774863762,3.63596142127046,19.2636333333333
MEX,2018,Mexico,80.212661650262,450713000000.0,476835000000.0,118.4,20.8917456407643,3.05,2.77,2.85,3.53,6983149.0,1062.987599,87924.0,1256300182983.65,1.97208211101069,20921.4775294879,4.89935015356551,19.2443416666667
MEX,2017,Mexico,76.95212604414,409433000000.0,432179000000.0,107.6,21.1680967750153,,,,,6375338.0,928.83550977,86316.0,1190721475853.16,1.87172854648381,20488.715079135,6.04145724018986,18.9265166666667
MEX,2016,Mexico,75.6903034088551,373948000000.0,397522000000.0,98.3,20.6541116351274,3.114031,2.877615,2.890923,3.377595,5678854.0,760.849242,84683.0,1112233497452.7,1.7724932254128,20104.5839787472,2.8217078474766,18.6640583333333
MEX,2015,Mexico,70.4129746799259,380550000000.0,405282000000.0,100.0,19.5727021142392,,,,,5421307.0,714.003211,82712.0,1213294467653.78,2.70232343024026,19071.4444186548,2.72064064964023,15.8482666666667
MEX,2014,Mexico,64.0984090315875,396912000000.0,411581000000.0,104.3,20.2220997751974,3.128319,2.688755,3.036238,3.570401,5071720.0,617.529552725,79855.0,1364507717689.36,2.50376350783593,18820.799110896,4.01861608078679,13.29245
MEX,2013,Mexico,62.6916747661852,380015000000.0,390965000000.0,99.9,20.5109447612712,,,,,4892881.0,677.139988908,77717.0,1327436290439.27,0.852101550164704,18170.2647920555,3.80639069747204,12.7719916666667
FSM,2025,"Micronesia, Fed. Sts.",93.0654112335332,109000000.0,310000000.0,,,,,,,,,,501797600.0,1.0626071425539,4604.39540764468,,1.0
FSM,2024,"Micronesia, Fed. Sts.",96.4413755948864,185000000.0,291000000.0,470.0,,,,,,,,,481121300.0,2.30132923576443,4452.31995062055,,1.0
FSM,2023,"Micronesia, Fed. Sts.",95.2648407722683,106000000.0,301000000.0,268.5,,,,,,,,,442975600.0,1.13097800090873,4266.72631824787,,1.0
FSM,2022,"Micronesia, Fed. Sts.",104.760485019371,111000000.0,278000000.0,281.3,,,,,,,,,415232900.0,-3.11412501063803,4087.19316400156,5.40874375479067,1.0
FSM,2021,"Micronesia, Fed. Sts.",90.3979270784948,115000000.0,254000000.0,283.4,,,,,,,,,391601900.0,3.09969928290539,3955.73141317971,3.19128406597466,1.0
FSM,2020,"Micronesia, Fed. Sts.",93.858263831289,125000000.0,213000000.0,318.1,,,,,,,,,372902700.0,-2.05703124999999,3692.79209583749,0.554594630853174,1.0
FSM,2019,"Micronesia, Fed. Sts.",106.582278481013,41000000.0,215000000.0,102.9,,,,,,25234.09,,,395000000.0,3.64372469635627,3741.7086219508,1.92385170787923,1.0
FSM,2018,"Micronesia, Fed. Sts.",105.837563451777,47000000.0,198000000.0,117.7,,,,,,32194.52,,,394000000.0,0.406504065040664,3563.60005687114,1.49840023593737,1.0
FSM,2017,"Micronesia, Fed. Sts.",102.216066481994,46000000.0,183000000.0,116.5,,,,,,11433.5,,,361000000.0,2.07468879668049,3483.25006151113,0.58225373525489,1.0
FSM,2016,"Micronesia, Fed. Sts.",100.611620795107,49000000.0,186000000.0,123.9,,,,,,9814.813,,,327000000.0,1.26050420168067,3364.89549915246,-1.03746806405349,1.0
FSM,2015,"Micronesia, Fed. Sts.",106.410256410256,40000000.0,160000000.0,100.0,,,,,,9814.813,,,312000000.0,4.3859649122807,3302.59669394506,-0.2981158373807,1.0
FSM,2014,"Micronesia, Fed. Sts.",106.645569620253,32000000.0,161000000.0,81.4,,,,,,9269.688,,,316000000.0,-2.56410256410257,3143.99458220276,0.650284891767944,1.0
FSM,2013,"Micronesia, Fed. Sts.",114.331210191083,35000000.0,188000000.0,86.6,,,,,,9269.688,,,314000000.0,-3.70370370370371,3179.56246692763,1.75232737350762,1.0
MDA,2025,Moldova,92.6661727857921,3783000000.0,10922000000.0,,,,,,,,,,20351796275.2943,2.41649734575068,19995.7590923995,7.75904124001159,17.3778474404762
MDA,2024,Moldova,88.8924378793564,3555000000.0,9065000000.0,180.8,2.92514721596985,,,,,,,,18206842140.7615,0.270670455512573,18661.6606470212,4.67773516007048,17.791907688172
MDA,2023,Moldova,93.9946211488052,4049000000.0,8675000000.0,205.8,2.61708440538272,,,,,,0.370693333,,16711906746.2133,1.18802067937429,17750.5576656772,13.41701043813,18.1639377592166
MDA,2022,Moldova,112.117671579766,4332000000.0,9219000000.0,220.3,2.1401803935369,2.5,1.9,1.9,3.0,,0.57196,,14525337523.7271,-4.64785101037361,16442.1034354056,28.7372976766236,18.8971896198157
MDA,2021,Moldova,88.4708865399267,3144000000.0,7177000000.0,159.9,2.23694740673712,,,,,,0.60711,664.5,13691869264.0794,13.9299997889786,15682.0703284653,5.10641129002836,17.6804661418331
MDA,2020,Moldova,79.265722119158,2467000000.0,5416000000.0,125.4,2.23908642857928,,,,,,0.45188,599.0,11530746234.4492,-8.27597831976949,13527.4413130967,3.76597122245358,17.3218352091831
MDA,2019,Moldova,87.6322371148906,2779000000.0,5843000000.0,141.3,2.96130489390172,,,,,818.0,1.22908832,940.3,11736797054.6965,3.5523140853476,13413.2232935126,4.83778351428729,17.5734688664875
MDA,2018,Moldova,87.4467874275648,2706000000.0,5760000000.0,137.6,2.51881364001274,2.46,2.25,2.02,3.17,735.0142,0.6445,1012.0,11252353420.8798,4.07559546585034,11868.1955463223,3.04505397337058,16.8020517223502
MDA,2017,Moldova,88.6233902754378,2425000000.0,4831000000.0,123.3,5.3934747176002,,,,,735.0142,0.55191,987.0,9514404016.20949,4.17561205106279,11252.1135465283,6.57022997455604,18.4990348873528
MDA,2016,Moldova,89.0046837188671,2045000000.0,4020000000.0,104.0,3.48388749123713,2.614269,2.39397,2.352941,3.159559,735.0142,0.486910181772908,790.0,7980917075.7748,4.64601436259409,10325.8404896126,6.35930898037931,19.923827563342
MDA,2015,Moldova,88.9664154565323,1967000000.0,3987000000.0,100.0,4.60975269861678,,,,,735.0142,0.48963,963.0,7797667196.73087,-0.338235622387202,9197.61838204272,9.67624033101859,18.8184751452893
MDA,2014,Moldova,94.2282919690928,2340000000.0,5317000000.0,118.9,5.33908399973561,2.653311,2.461539,2.554241,2.887574,472.614,0.628572,1182.0,9402090137.7423,4.99962585407656,8643.06431435343,5.08878554625869,14.0356300499232
MDA,2013,Moldova,95.6872968332383,2428000000.0,5492000000.0,123.5,2.76672880955816,,,,,472.614,0.831444,1227.0,9496717875.51932,9.0438656074181,8232.5238047368,4.59787897363136,12.5867562314388
MCO,2025,Monaco,,,,,,,,,,,,,,,,,0.88496895841236
MCO,2024,Monaco,,,,,,,,,,,,,11125788838.2812,8.51053758860212,,,0.923889546117607
MCO,2023,Monaco,,,,,,,,,,,,,10003897341.1766,5.44395088840088,,,0.924839558470698
MCO,2022,Monaco,,,,,,,,,,,,,8800432773.73544,11.2662955198601,,,0.949623753156941
MCO,2021,Monaco,,,,,,,,,,,,,8623241326.74405,22.2322155851208,,,0.84549413889045
MCO,2020,Monaco,,,,,,,,,,,,,6730733230.81714,-13.2391048292108,,,0.875506396987998
MCO,2019,Monaco,,,,,,,,,,,0.0,,7383494129.41175,7.12088951975396,,,0.893276257067409
MCO,2018,Monaco,,,,,,,,,,,0.0,,7184336760.39215,5.69790121192926,,,0.846772667108111
MCO,2017,Monaco,,,,,,,,,,,,,6430258224.58825,-3.20618323813213,,,0.885205508269372
MCO,2016,Monaco,,,,,,,,,,,,,6471287668.59924,3.00844358752744,,,0.903421436257263
MCO,2015,Monaco,,,,,,,,,,,,,6264753585.625,4.91037176536236,,,0.901296423367096
MCO,2014,Monaco,,,,,,,,,,,,,7070015473.96076,7.18702777537968,,,0.752728196932603
MCO,2013,Monaco,,,,,,,,,,,0.0,,6555590641.56865,9.57709832354816,,,0.752945122701996
MNG,2025,Mongolia,130.707440813275,15761000000.0,11312000000.0,,,,,,,,,,25369107325.4549,6.84391415938607,20797.7652692242,8.60536487369695,3545.14356555046
MNG,2024,Mongolia,138.448379141249,15783000000.0,11615000000.0,338.3,,,,,,,,,23794540024.5132,5.12204539122661,19172.5295870282,6.1977990165842,3389.98152022101
MNG,2023,Mongolia,142.864246599181,15187000000.0,9250000000.0,325.5,22.5365545669935,,,,,,26.520123,,20325121393.9074,7.4221127615025,18019.6912274585,10.347583131434,3465.73653626198
MNG,2022,Mongolia,136.327929944516,12539000000.0,8704000000.0,268.5,30.8141690897359,2.5,2.5,2.3,2.7,,12.727824,,17146471713.748,5.0327096366527,16399.3900820069,15.1509728200805,3140.67788364809
MNG,2021,Mongolia,119.098078437771,9241000000.0,6846000000.0,197.8,22.0206999866538,,,,,,0.168685,18345.0,15286441737.6686,1.63676957736662,14792.2509086422,7.35894657888155,2849.2886145414
MNG,2020,Mongolia,112.838647629317,7576000000.0,5299000000.0,162.3,2.96619929848136,,,,,,1.37475,18972.0,13312981429.0891,-4.55775197583431,13693.179806943,3.7237230614026,2813.28983532639
MNG,2019,Mongolia,124.396514621165,7620000000.0,6128000000.0,162.9,18.9440212140792,,,,,,7.38543,17384.0,14206359017.5143,5.60224422064255,13604.978943194,7.30106953550729,2663.54139820163
MNG,2018,Mongolia,126.355873241513,7012000000.0,5875000000.0,149.6,4.99382130403029,2.37,2.22,2.1,3.06,,7.819001,,13178094720.4986,7.74488062024881,12317.4824277695,6.82424790145522,2472.48405114235
MNG,2017,Mongolia,115.932901867963,6201000000.0,4337000000.0,132.5,3.46794374833655,,,,,,8.36736,13493.0,11480847740.736,5.63687638694772,11096.0375604239,4.30143105302342,2439.77720111244
MNG,2016,Mongolia,101.055237224997,4916000000.0,3358000000.0,105.2,16.4846204108777,2.506056,2.392385,2.051282,3.398213,,8.02203384325573,12371.0,11181350649.3573,1.48978448679577,10511.3831063141,0.733272227314397,2140.29086406116
MNG,2015,Mongolia,89.653663477814,4669000000.0,3798000000.0,100.0,4.16465439611581,,,,,,7.843989,11462.59,11619892590.6941,2.37983580731722,10458.3027240524,5.73568281938327,1970.30916666667
MNG,2014,Mongolia,109.322311877187,5775000000.0,5237000000.0,123.7,19.6159698597296,2.355608,2.2,2.287051,2.514131,,13.211711025,12474.0,12226514668.0622,7.88522548204762,10900.2305197857,12.2539808129759,1817.93870833333
MNG,2013,Mongolia,100.311989662943,4269000000.0,6358000000.0,91.5,16.2910691967733,,,,,,8.869308,12077.0,12582122604.2577,11.6489161878925,10442.3850504493,10.4906567588241,1523.9275
MNE,2025,Montenegro,105.773801433894,646000000.0,5057000000.0,,,,,,,,,,9232801464.79257,2.74455354258522,35422.6449824931,3.89960910704956,0.887144250370588
MNE,2024,Montenegro,109.944104480975,664000000.0,4400000000.0,,14.4622662813729,,,,,17263.0,,,8274290505.96367,3.16409886329913,34062.8241865953,3.33675009282281,0.924367447270267
MNE,2023,Montenegro,116.806669538329,729000000.0,4122000000.0,,7.99520160312392,,,,,35085.0,,,7643318276.40347,6.47836283518564,31862.873635118,8.58476910455403,0.924709622987356
MNE,2022,Montenegro,125.455937754994,742000000.0,3704000000.0,,8.2101950697073,2.8,2.6,2.5,3.2,,,,6259721790.0652,7.73954689516201,28049.7293227735,13.0403036347004,0.950915533962108
MNE,2021,Montenegro,105.719249175045,515000000.0,2956000000.0,,9.44448387506183,,,,,38352.0,0.0322728,,5822908963.58053,13.0462607426359,23689.9791090651,2.41080198403165,0.845376564367945
MNE,2020,Montenegro,87.8612027134909,419000000.0,2404000000.0,,7.60795093697407,,,,,,,,4734192593.29169,-14.9926187023533,20624.7887553398,-0.255655699848551,0.877475207233012
MNE,2019,Montenegro,110.0161238696,465000000.0,2909000000.0,,6.88996477506703,,,,,15744.0,0.15295,130.33,5483622632.13097,4.39391565821528,23705.3800229705,0.361563704540767,0.893215581479226
MNE,2018,Montenegro,111.098935509174,472000000.0,3010000000.0,,3.15384813400145,2.75,2.56,2.57,3.33,15998.0,0.1345,112.856,5433469310.85184,4.73292113433965,21083.6815338423,2.611223782638,0.846772667108096
MNE,2017,Montenegro,106.711366689116,421000000.0,2613000000.0,,4.23802961613367,,,,,43732.0,0.1119,168.9,4803964684.21648,3.21668504736274,19356.6672508566,2.3802359905313,0.88520550826938
MNE,2016,Montenegro,104.135954584294,361000000.0,2286000000.0,,5.56462581692143,2.380016,2.215074,2.068271,2.690503,30211.0,0.0587,112.5,4357467226.269,3.4393056210999,18030.1591692766,-0.271385023385176,0.903421436257288
MNE,2015,Montenegro,104.12510886943,352000000.0,2040000000.0,,12.7654405105783,,,,,24026.0,,111.9,4010884106.80136,2.52306333975571,16091.7231229959,1.54869158222486,0.901296423367096
MNE,2014,Montenegro,100.438431458711,441000000.0,2369000000.0,,14.6195848959385,2.87552,2.832234,2.839561,3.187985,39186.0,,94.4,4579635403.65249,2.37030892464516,15276.0532461713,-0.710514051710227,0.752728196932591
MNE,2013,Montenegro,103.785966371179,498000000.0,2354000000.0,,7.90450290652619,,,,,33029.0,0.0,104.7,4422097042.14762,3.38612548540247,14692.0792745799,2.20589268141178,0.752945122702002
MAR,2025,Morocco,93.1016567989424,49777000000.0,87389000000.0,,,,,,,,,,182374250612.28,4.59524349182247,11111.7080078125,0.701902154839545,9.35027697089947
MAR,2024,Morocco,92.1872446062404,45226000000.0,75699000000.0,202.5,,,,,,11789130.0,,,160610994054.734,3.79336515978963,10430.2490234375,0.985256592004507,9.94235921679198
MAR,2023,Morocco,93.1178844179777,41642000000.0,68632000000.0,186.4,5.43070567261144,,,,,9964417.0,92.638,,146036093666.762,3.65564411017931,9902.8056640625,6.09114152504141,10.1314260970897
MAR,2022,Morocco,100.906310201651,41481000000.0,71807000000.0,185.7,4.49838208408388,,,,,8840340.0,93.22317,,131245312804.483,1.81269242194809,9308.556640625,6.65704202759067,10.1606602430359
MAR,2021,Morocco,75.5234171756506,35843000000.0,58034000000.0,160.5,4.30127636011555,,,,,8448850.0,58.894368,3148.0,142022058447.231,8.15473889823681,8623.265625,1.40195883962006,8.98848402414138
MAR,2020,Morocco,68.8438033904364,27159000000.0,43831000000.0,121.6,4.38907114524744,,,,,7000928.0,46.244684,3111.0,121353645057.144,-7.17820744246774,7704.84912109375,0.705968661338261,9.49684732221969
MAR,2019,Morocco,75.9981158798422,29132000000.0,50734000000.0,130.4,4.85375388189337,,,,,6068803.0,102.19214,3125.0,128920266409.458,2.89097476137077,8046.22900390625,0.303386036590383,9.61707609950743
MAR,2018,Morocco,77.2548875243989,28609000000.0,51038000000.0,128.1,4.01860219205577,2.54,2.33,2.43,2.88,4715747.0,97.71152,3485.0,127341147581.818,3.06564133025955,7801.0986328125,1.80391671141896,9.38610242091972
MAR,2017,Morocco,74.1733578786573,25272000000.0,44490000000.0,113.2,3.86313761323613,,,,,4509580.0,77.93581,3896.0,118540573367.844,5.05789816173446,8115.12060546875,0.754663249323619,9.6919978888289
MAR,2016,Morocco,71.1226603816864,22661000000.0,41391000000.0,101.5,3.74498746856588,2.665994,2.222222,2.46142,3.199339,4106683.0,53.82625368,3831.0,111572947004.917,0.52118550608968,7853.17626953125,1.63531114327064,9.8074760315025
MAR,2015,Morocco,67.2886759253849,22334000000.0,38100000000.0,100.0,3.70391708770955,,,,,3987251.0,52.913598,4748.521,110413823841.592,4.34458297635238,7799.09228515625,1.5579071134626,9.76434827950111
MAR,2014,Morocco,71.8935667539398,23920000000.0,46283000000.0,107.1,,,,,,4076488.0,47.000251,5383.499,119130841411.664,2.7192440802029,7237.27734375,0.442310053557048,8.40633668826152
MAR,2013,Morocco,73.8577565315318,21972000000.0,45190000000.0,98.4,,,,,,3526437.0,43.321464,,115739287305.08,4.12221286860944,7542.0986328125,1.88065466724086,8.4055039167443
MOZ,2025,Mozambique,97.1038097628682,8100000000.0,9210000000.0,,,,,,,,,,22337997046.1913,-0.523485382072337,1697.94109338132,4.3684695014615,
MOZ,2024,Mozambique,95.6303976635291,8211000000.0,9213000000.0,241.0,3.6302648420799,,,,,,,,22752244245.473,2.14892499135355,1708.3035966667,4.07856834812022,63.905
MOZ,2023,Mozambique,106.026083626657,8276000000.0,10092000000.0,242.7,2.74244557815277,,,,,489000.0,3.01554,,20927498317.3094,5.50384456650241,1680.20873445078,7.12697482131851,63.8858333333333
MOZ,2022,Mozambique,135.274535098995,8299000000.0,14671000000.0,239.6,3.17962418116621,,,,,420500.0,3.076,,18884232598.8698,4.3693080193804,1581.76710168717,10.2794018093421,63.8508333333333
MOZ,2021,Mozambique,112.078964458333,5704000000.0,8758000000.0,161.8,1.59903962784626,,,,,440582.0,2.629,,16168055475.4449,2.37743572761507,1457.23540930922,6.40847652975692,65.465
MOZ,2020,Mozambique,99.906146051979,3720000000.0,6514000000.0,109.1,0.844313381295891,,,,,417459.0,2.423532,,14235420174.1884,-1.21952250011192,1411.62040229911,3.48393567493204,69.465
MOZ,2019,Mozambique,105.591171401921,4787000000.0,7699000000.0,140.3,1.08270235723456,,,,,411938.0,6.347,,15512759046.672,2.31781394821475,1388.79707034446,2.80270307928111,62.5483333333333
MOZ,2018,Mozambique,124.607457525372,6037000000.0,7730000000.0,177.0,4.2932104646686,,,,,372218.0,4.775,,15017358952.8452,3.48493202422782,1325.58695568953,3.91133439990729,60.3262076432022
MOZ,2017,Mozambique,105.745640702087,4755000000.0,5741000000.0,139.4,10.7105159389031,,,,,,3.557,,13264640645.7768,2.63820737310658,1282.74965991801,15.1132073899384,63.584322913399
MOZ,2016,Mozambique,110.394358201481,3328000000.0,5206000000.0,97.6,1.62085804316688,2.684105,2.491724,2.238017,3.035055,,4.37,,12069051237.1711,4.69699024225795,1379.10740028691,17.4180418197597,63.0562327310371
MOZ,2015,Mozambique,98.7612036510901,3413000000.0,8334000000.0,100.0,11.6693867155464,,,,,335200.0,4.86366165923809,,16208985769.615,7.3930936986377,1317.88785956822,3.55075967356746,39.9824741465406
MOZ,2014,Mozambique,116.356855242217,4421000000.0,8747000000.0,129.3,5.71655076302865,2.228925,2.261218,2.153846,2.73718,277200.0,5.36650299100094,,17978246586.0662,7.70256844839309,1165.82826607505,2.55974875844295,31.3526877009443
MOZ,2013,Mozambique,109.38537659913,4024000000.0,10099000000.0,117.6,13.6254699105884,,,,,244500.0,5.882496,,17198073057.1981,6.57141389665537,1113.7525275929,4.26135250941963,30.1041110929498
MMR,2025,Myanmar,,15298000000.0,14331000000.0,,,,,,,,,,81665773809.5238,-2.01184475795665,6011.53492175516,,
MMR,2024,Myanmar,,14924000000.0,12452000000.0,135.3,5.19991999790977,,,,,782951.0,,,74068349523.8095,-0.97204641363362,6006.17514543646,,
MMR,2023,Myanmar,,14753000000.0,16440000000.0,131.0,2.94631414241606,,,,,761557.0,9.93088,,66757619000.0,0.958446625126115,5958.26424874022,,
MMR,2022,Myanmar,,17085000000.0,17403000000.0,155.2,2.61457839564408,,,,,846426.0,6.42445,,62253049891.6449,4.0374934360085,5731.02947916374,,
MMR,2021,Myanmar,,15154000000.0,14327000000.0,135.2,5.06936843360325,,,,,694016.0,18.36186366,,66345291160.1683,-12.0163724829177,5178.44718217164,,
MMR,2020,Myanmar,,16692000000.0,17947000000.0,148.1,3.17252493795944,,,,,1095247.0,1.242318,,79006113643.1906,-9.04834717984643,5740.99045843992,,1381.61916666667
MMR,2019,Myanmar,,17997000000.0,18588000000.0,159.4,2.75051999089837,,,,,1128353.0,8.30683,,75065106227.6892,6.57911006765414,6101.37245765709,8.82506696804558,1518.25511666667
MMR,2018,Myanmar,,16614000000.0,19334000000.0,148.2,4.51638176248917,2.3,2.17,1.99,2.91,1104101.0,4.74216559835534,,67860515989.517,6.26886221471075,5581.2769545815,6.87232865662935,1429.80797520107
MMR,2017,Myanmar,,13879000000.0,19253000000.0,123.1,6.02870411336858,,,,,1043469.0,4.83393550069972,,66053040483.0016,6.13610824360305,4706.43248949598,4.5725365531752,1360.35870704085
MMR,2016,Myanmar,,11831000000.0,15705000000.0,105.0,7.53383676615383,2.458571,2.428571,2.329592,2.848624,1026216.0,5.065285902,,63298361996.2153,5.86247291518572,4459.53981427471,6.92882525816076,1234.86951666667
MMR,2015,Myanmar,,11429000000.0,16885000000.0,100.0,0.469787769200266,,,,,827249.0,3.3857879,,59607290407.6191,6.99284029026121,4458.69054442659,9.45417189526018,1162.61532862554
MMR,2014,Myanmar,,11453000000.0,16459000000.0,103.1,0.62703149028518,2.249909,1.968452,2.142857,2.834249,716926.0,3.90162,,65531374199.6663,8.16990745558277,4376.38833281274,4.953299184844,984.345747560046
MMR,2013,Myanmar,,11233000000.0,12043000000.0,96.3,0.268343903272684,,,,,567156.0,2.861556,,60269732854.827,8.42600102501767,4143.63012731959,5.64303883425501,933.570456356879
NAM,2025,Namibia,108.580501173828,7024000000.0,8425000000.0,,,,,,,,,,15080340653.5276,1.73018153842335,11985.7200318677,3.51074539609587,17.8887333333333
NAM,2024,Namibia,108.00119146619,6544000000.0,8882000000.0,160.1,0.117288080576373,,,,,171151.0,,,13641190683.4641,3.77851723267591,11697.9201596588,4.23903922877036,18.3286583333333
NAM,2023,Namibia,109.8175996703,5526000000.0,7300000000.0,135.5,0.0809713952530879,,,,,160883.0,,,12522012873.7957,4.32498048866805,11247.8071969605,5.87993463284275,18.4463083333333
NAM,2022,Namibia,99.2625547814064,5828000000.0,7796000000.0,142.1,0.0563656557154242,2.9,2.8,2.8,2.9,168278.0,,,12569449123.3661,5.3987247803654,10661.0118776397,6.08128114112413,16.3558583333333
NAM,2021,Namibia,83.5443030923624,4417000000.0,6377000000.0,108.2,0.0666275179134238,,,,,155980.0,0.000290479,,12402486183.6396,3.60382919248703,9709.09930646771,3.61690530108814,14.778675
NAM,2020,Namibia,76.9252424036465,3868000000.0,5038000000.0,94.5,0.0232766057778038,,,,,148642.0,1.636713284,,10583748541.5258,-8.10140201443319,9354.13136713077,2.20938236933469,16.4632666666667
NAM,2019,Namibia,82.9011507426355,4743000000.0,6197000000.0,115.7,0.015870922203356,,,,,149464.0,6.900144,,12541928303.48,-0.839152163419357,9609.48555672874,3.72239414422695,14.4486904166667
NAM,2018,Namibia,81.7138652963804,7488000000.0,8289000000.0,179.5,0.219642433912158,,,,,182655.0,26.293869,,13682019076.4022,1.05993949860752,9853.73533646074,4.29159105337875,13.2339416666667
NAM,2017,Namibia,81.2196661011436,5229000000.0,6778000000.0,128.2,0.181864832454908,,,,,205991.0,22.206886,,12895153370.9132,-1.02724808856709,9887.9393548255,6.14579981111164,13.3129
NAM,2016,Namibia,93.966187960162,4084000000.0,6673000000.0,100.1,2.22542142743533,2.744745,2.647065,2.763889,3.191326,203071.0,21.084889,,10722018732.0936,0.0337944502063294,10200.1392609733,6.72858234593338,14.7087666666667
NAM,2015,Namibia,97.2390317873478,4067000000.0,7697000000.0,100.0,0.439319534089059,,,,,237546.0,30.302405,,11335161083.5061,4.26417453763675,10465.8920558516,3.39401538410559,12.8819208333333
NAM,2014,Namibia,103.080137009254,4612000000.0,8523000000.0,113.3,3.65180641520841,2.657883,2.272727,2.570793,3.146642,253052.0,34.36805,,12435430969.6301,6.09251915977956,10365.3090596781,5.35016966859602,10.8428875
NAM,2013,Namibia,97.7249042303832,4629000000.0,7621000000.0,113.7,2.79575720376207,,,,,301817.0,0.677064,,12043307277.1235,5.61471962254485,9699.2083777865,5.60092502290401,9.750075
NRU,2025,Naoero,165.441176470588,31000000.0,67000000.0,,,,,,,,,,176040043.932346,2.14285714285656,14200.486778198,,1.5519978866485
NRU,2024,Naoero,160.546875,34000000.0,63000000.0,317.9,,,,,,,,,167833414.846177,1.44927536231899,13612.0368416276,,1.51535803855596
NRU,2023,Naoero,135.0,38000000.0,70000000.0,352.1,,,,,,,2.94469,,161531316.884061,-0.719424460431725,13171.9554999008,,1.50519106560508
NRU,2022,Naoero,141.129076305221,43000000.0,88000000.0,402.0,,,,,,,3.66488,,180671357.349805,0.0,12874.2258577781,,1.44166445896522
NRU,2021,Naoero,130.1856,31000000.0,96000000.0,286.7,,,,,,,3.31222,,149268323.992868,7.75193798449692,12113.787764494,,1.33122425957081
NRU,2020,Naoero,134.980107526882,12000000.0,59000000.0,116.4,,,,,,,2.72839,,124685688.161094,1.57480314960559,10812.6428193461,,1.45308511847016
NRU,2019,Naoero,155.906685714286,14000000.0,104000000.0,134.7,,,,,,5327.06,1.72681,,125160115.547819,8.5470085470084,10554.5218533653,,1.43850654421382
NRU,2018,Naoero,140.640059171598,9000000.0,47000000.0,82.1,,,,,,7606.643,10.34721,,130995566.30391,-0.847457627118729,9657.26073559414,,1.33841214646451
NRU,2017,Naoero,142.068965517241,15000000.0,43000000.0,135.4,,,,,,5536.052,7.939983827,,109355638.866955,-6.34920634920609,9650.31890022601,,1.30475807671592
NRU,2016,Naoero,170.149253731343,18000000.0,51000000.0,168.0,,,,,,7032.956,9.718462457,,97541943.0355053,4.13223140495909,10281.2673986708,,1.34521397601947
NRU,2015,Naoero,200.0,11000000.0,91000000.0,100.0,,,,,,9438.25,7.793474304,,84863440.5801997,3.41880341880281,9955.33548658446,,1.33109026245502
NRU,2014,Naoero,197.222222222222,22000000.0,114000000.0,209.1,,,,,,8529.913,7.270032,,99149244.4001333,15.8415841584163,9725.95214789212,,1.10936329281692
NRU,2013,Naoero,179.347826086957,,,457.4,,,,,,5563.455,7.270032,,94385014.9425842,4.12371134020613,8428.73256787424,,1.03584309652054
NPL,2025,Nepal,42.5520448428369,2311000000.0,14397000000.0,,,,,,,,,,45489810283.1132,4.43073194983359,6175.15897150244,2.65334269811436,139.115437592696
NPL,2024,Nepal,40.1700101626853,1316000000.0,12316000000.0,185.2,,,,,,,,,43298911699.9284,3.67787459697703,5745.64525192255,4.6850965426577,133.726644315443
NPL,2023,Nepal,41.5701502932467,1145000000.0,12017000000.0,161.1,,,,,,,16.929456,,41049329851.0546,1.98254843461849,5399.65505811688,7.11587261530826,132.115460088756
NPL,2022,Nepal,48.9734014800201,1296000000.0,13735000000.0,182.2,0.617520704475872,,,,,,32.114184,,41182939519.8161,5.6313145568451,5102.18358728663,7.6702057938028,125.199457792609
NPL,2021,Nepal,43.0538047912219,1684000000.0,15893000000.0,238.6,1.24783157075866,,,,,,17.307683,,36924841394.2605,4.838149614115,4546.22970006289,4.12676744440695,118.134081604947
NPL,2020,Nepal,40.9188741248444,856000000.0,9856000000.0,119.8,2.44880014385554,,,,,,13.689186,,33433659301.2466,-2.3696206292072,4235.57462326905,5.05635826238499,118.345187275986
NPL,2019,Nepal,49.2495265869012,968000000.0,12340000000.0,135.0,1.07452984569387,,,,,,5.847551,,34186180699.0255,6.65705543110468,4260.67373190851,5.56616035243723,112.609482758621
NPL,2018,Nepal,48.4473869463778,786000000.0,12712000000.0,110.5,0.63057636781078,2.51,2.29,2.19,3.1,,8.84572,,33111525237.149,7.62237610397933,3956.12461094443,4.40659410175714,108.930134109273
NPL,2017,Nepal,44.6424106217427,742000000.0,10345000000.0,104.1,1.1842599479754,,,,,,4.5668399023,,28971588940.364,8.97727935643466,3604.70825949747,2.77703998300211,104.511885242862
NPL,2016,Nepal,42.1154861221646,696000000.0,8935000000.0,97.6,0.822614406932481,2.376783,1.933333,2.266667,2.933333,,4.895080058,,24524109483.5293,0.433113719381524,2976.12513681451,8.7903433200464,107.383815174654
NPL,2015,Nepal,46.6657303895158,721000000.0,6652000000.0,100.0,0.635275666598571,,,,,,4.536371616,,24360801286.7638,3.97605327162971,2957.30559145504,7.86890895590891,102.405134331356
NPL,2014,Nepal,45.9826416115927,889000000.0,7590000000.0,124.9,0.719873715823001,2.587906,2.3125,2.261434,3.056873,,4.5996,,22731612922.1906,6.01148284250441,2901.19752086169,8.36415469659563,97.5548421567946
NPL,2013,Nepal,41.8653757376722,879000000.0,6571000000.0,119.2,0.322301825518341,,,,,,5.759868,,22162204924.5726,3.52515317129149,2658.02196886933,9.04016311917645,93.0843938075485
NLD,2025,Netherlands,150.119970359267,989237000000.0,870442000000.0,,,,,,,,,,1332767651100.39,1.78463214703797,87320.1477254029,3.2595766451366,0.88496895841236
NLD,2024,Netherlands,153.956290574682,920540000000.0,816621000000.0,161.5,23.4680052763745,,,,,14517179.0,,,1213936238063.28,1.07383137319854,85218.3689343246,3.34754304219953,0.923889546117607
NLD,2023,Netherlands,165.030429478933,935047000000.0,843567000000.0,164.1,24.5106465274936,,,,,14111298.0,3285.74816264,,1135475867551.0,-0.598061017580278,80391.6029350952,3.83839354342808,0.924839558470698
NLD,2022,Netherlands,184.107484252682,963492000000.0,896716000000.0,168.9,21.9578380124342,4.1,3.9,4.2,4.0,14929333.0,3366.76174,,1046540797548.64,5.00723453395074,78630.3599072098,10.0012078753473,0.949623753156941
NLD,2021,Netherlands,163.154842689698,840032000000.0,757380000000.0,147.3,22.0023211908273,,,,,15781756.0,4346.39907,7188.0,1054472123449.6,6.27683593745216,68573.5648786447,2.67572008805385,0.84549413889045
NLD,2020,Netherlands,152.233230409706,674602000000.0,595122000000.0,118.3,23.1639760853804,,,,,14757227.0,4145.02216,6665.0,932560861701.17,-3.86799714191608,62596.6302027524,1.27246037789161,0.875506396987998
NLD,2019,Netherlands,160.676671884999,708596000000.0,635678000000.0,124.2,23.0482346929973,,,,,15198050.0,5656.442,7080.0,928903005576.469,2.3001616053659,62345.2538465433,2.63369910249591,0.893276257067409
NLD,2018,Netherlands,163.559146573044,726697000000.0,645502000000.0,127.4,22.5132061163246,4.02,3.92,4.21,4.25,14802257.0,5886.51490365179,7026.0,929733599796.862,2.25873158164956,58819.2609142584,1.70349794744479,0.846772667108111
NLD,2017,Netherlands,159.646059656847,652065000000.0,574646000000.0,114.3,22.9219025245367,,,,,13992474.0,5855.480475616,6467.0,848233537845.884,2.78150834679987,56037.567993606,1.38145871407216,0.885205508269372
NLD,2016,Netherlands,150.96552921165,570606000000.0,500797000000.0,100.0,24.0087404866077,4.18753,4.122913,4.289743,4.413116,12612142.0,4745.958515461,6641.0,797163949289.885,2.42428065449427,53162.2791598028,0.316666666666652,0.903421436257263
NLD,2015,Netherlands,160.325812564809,570442000000.0,512105000000.0,100.0,24.074012919385,,,,,12400607.0,5292.794684592,6545.0,775743675302.734,2.12064007193544,50956.6930942185,0.600248147278776,0.901296423367096
NLD,2014,Netherlands,151.715891056501,672410000000.0,589570000000.0,117.9,24.5559687632591,4.047782,3.963995,4.229527,4.336971,12456588.0,5726.179652,6169.0,901556501756.467,1.61255885112396,49751.3092860822,0.976035079699679,0.752728196932603
NLD,2013,Netherlands,150.651850226949,671556000000.0,589697000000.0,117.7,24.6659051147577,,,,,11751977.0,5753.728484,6078.0,883951539006.669,-0.0302410184270769,49622.0519614799,2.50689852657875,0.752945122701996
NCL,2025,New Caledonia,,1265000000.0,2118000000.0,,,,,,,,,,,,,,105.864431541948
NCL,2024,New Caledonia,40.3689577306469,1237000000.0,2276000000.0,102.5,,,,,,,,,8548919387.12607,-13.4999999989747,,,110.306338907421
NCL,2023,New Caledonia,51.6307347217069,2116000000.0,3195000000.0,176.5,,,,,,,,,9769167530.35744,2.79999999603682,,,110.34717131744
NCL,2022,New Caledonia,50.4727487454212,2552000000.0,3391000000.0,212.4,,,,,,,,,9623318718.31459,3.50000000289097,,,113.474367224106
NCL,2021,New Caledonia,49.0442343110236,1835000000.0,2780000000.0,152.0,,,,,,107834.0,,,10071349663.8484,-2.0999999972552,,,100.880222566186
NCL,2020,New Caledonia,54.5818048383838,1722000000.0,2592000000.0,142.5,,,,,,,,,9454629467.91408,-2.40000000692145,,,104.710608186968
NCL,2019,New Caledonia,58.2103670990099,1700000000.0,2944000000.0,140.6,,,,,,111875.0,,,9475655324.59495,-1.39999999506659,,,106.588933804405
NCL,2018,New Caledonia,59.0970833,1929000000.0,2805000000.0,159.6,,,,,,110750.0,,,9896402283.68587,0.400000000000006,,,101.046821879543
NCL,2017,New Caledonia,58.9281826221283,1561000000.0,2511000000.0,128.8,,,,,,113000.0,,,9174048681.98577,,,,105.633078151149
NCL,2016,New Caledonia,58.0296161468389,1330000000.0,2395000000.0,109.6,,,,,,108500.0,,,8724568954.89799,,,0.578317435520754,107.806815805024
NCL,2015,New Caledonia,60.0467960954308,1219000000.0,2689000000.0,100.0,5.267295899888,,,,,104000.0,,,8738203074.3957,,,0.570508141048402,107.553234404315
NCL,2014,New Caledonia,58.9577979346478,1595000000.0,3323000000.0,130.3,13.1538770916728,,,,,113000.0,,,10635035594.7528,,,0.178851060785511,89.8243353779009
NCL,2013,New Caledonia,58.8723435046881,1223000000.0,3202000000.0,100.0,14.0302329444437,,,,,95000.0,,,10151382933.1594,,,1.27761318992718,89.8502214987385
NZL,2025,New Zealand,,46699000000.0,47552000000.0,,,,,,,,,,264057413739.965,0.462871830681081,57350.3627657521,2.8397963180572,1.72010833333333
NZL,2024,New Zealand,50.6607664427853,42289000000.0,46862000000.0,123.1,12.9670750449435,,,,,3371175.0,,,261497198363.906,-0.868722371893952,55793.9990422226,2.92279782301957,1.65230833333333
NZL,2023,New Zealand,49.8655041498497,41399000000.0,49957000000.0,120.5,12.6494857356401,,,,,3184218.0,767.757639527,,256372177757.764,1.81389453412019,54949.699278118,5.73316283034957,1.62843333333333
NZL,2022,New Zealand,53.2091433736439,45102000000.0,54219000000.0,131.3,12.0543415422888,3.6,3.4,3.8,3.8,3426030.0,812.680929527,,249723029451.237,3.34521847792682,54080.0485491723,7.17222476016441,1.57718333333333
NZL,2021,New Zealand,48.4315370741539,44777000000.0,49855000000.0,130.3,9.76110781430146,,,,,3249262.0,317.589119892521,4444.0,253732493987.834,4.29916005216614,48202.0913368233,3.94112060778728,1.4138
NZL,2020,New Zealand,43.8262466218168,38377000000.0,37152000000.0,111.7,9.60874974217951,,,,,3445621.0,773.953135823,4131.0,213318129988.602,-0.240916114758988,45574.965884882,1.71456170007245,1.54205833333333
NZL,2019,New Zealand,54.4612464097007,39517000000.0,42363000000.0,115.0,9.86594609152879,,,,,3430977.0,1207.88220494,4545.0,213088034258.42,2.32371708441623,45295.8241222088,1.61963190184048,1.517875
NZL,2018,New Zealand,55.9063918509538,39673000000.0,43793000000.0,115.5,9.81175442917481,3.88,3.71,3.99,4.26,3382305.0,1349.29523130803,4217.0,211726161989.495,3.32219666491432,42475.2252680795,1.59829703801696,1.44525833333333
NZL,2017,New Zealand,54.2775276299632,38075000000.0,40125000000.0,110.8,9.2522910740142,,,,,3198925.0,1335.95320545677,3618.534146,206561943051.354,3.31568621648204,42205.9071706198,1.85078767452536,1.40740833333333
NZL,2016,New Zealand,52.4796021733125,33756000000.0,36079000000.0,98.3,10.8777020288641,3.388,3.180074,3.549123,4.115262,3000696.0,1231.85419306685,4189.628417,188980351890.848,3.7435247472109,39963.6051110409,0.646240284454524,1.436525
NZL,2015,New Zealand,54.8749505791536,34355000000.0,36554000000.0,100.0,10.1125452318052,,,,,2930886.0,1155.45872005615,4348.553709,178147457242.978,3.72968312125018,37497.1502090982,0.292704628136101,1.433975
NZL,2014,New Zealand,55.1213465284556,41622000000.0,42518000000.0,121.2,9.91429177740434,3.643892,3.921443,3.671443,3.723192,2751167.0,999.3047112,4492.652586,201435445068.164,3.81933619307242,37315.9476428103,1.227507505974,1.20543333333333
NZL,2013,New Zealand,56.0063219921147,39445000000.0,39641000000.0,114.8,10.7264399315762,,,,,2665079.0,934.540524,4679.200692,190943478289.796,2.5648360739867,36249.6271005735,1.13442266445817,1.21940797394829
NIC,2025,Nicaragua,96.4496947305229,8893000000.0,12432000000.0,,,,,,,,,,22237167113.0916,4.92352556770889,9283.92301511154,2.08132127098376,36.6243
NIC,2024,Nicaragua,99.146065089948,7522000000.0,11468000000.0,155.4,0.596452227371355,,,,,167682.0,,,19696311850.3289,3.58094495324541,8720.86923379042,4.62473841057141,36.6243
NIC,2023,Nicaragua,105.019535579852,7378000000.0,10916000000.0,152.5,0.804653157141111,,,,,155815.0,,,17805842220.7571,4.42779393186883,8326.83840449159,8.38765854872536,36.4411942796586
NIC,2022,Nicaragua,115.454670931919,7360000000.0,11247000000.0,152.1,1.25539321315719,2.5,2.0,1.9,2.9,153390.0,,,15634573555.9049,3.55027477135765,7795.45560731699,10.4674244465991,35.874421141967
NIC,2021,Nicaragua,106.20739806697,6495000000.0,10166000000.0,134.2,1.21798820225134,,,,,172544.0,,,14209019392.3025,10.4543887816515,7119.16874782601,4.92841396948968,35.1710166666667
NIC,2020,Nicaragua,88.6381231228968,5087000000.0,6377000000.0,105.1,0.537956804975234,,,,,172798.0,,,12726422432.4868,-2.23654176262323,6274.09456741388,3.68181341625572,34.3421221197024
NIC,2019,Nicaragua,94.0422159246213,5272000000.0,6837000000.0,108.9,1.06257046280076,,,,,175370.0,,,12699023614.245,-2.89686986728901,5981.10876431466,5.37628990844126,33.121745265284
NIC,2018,Nicaragua,93.9847404925404,5014000000.0,7351000000.0,103.6,0.676886131607261,,,,,174403.0,,,13025221974.232,-3.3633566598573,5935.16693631386,4.94723728039886,31.5532123338754
NIC,2017,Nicaragua,96.3805864351182,5170000000.0,7708000000.0,106.8,0.599501195254011,,,,,190756.0,,,13785893007.4769,4.63120757580209,6225.34702574846,3.85067166284727,30.0509413442878
NIC,2016,Nicaragua,93.8137278130087,4782000000.0,5827000000.0,98.8,0.798662569451357,2.531062,2.480624,2.49933,2.677015,156900.0,,,13286093388.4752,4.56314739524967,5882.36645219746,3.52317317628473,28.6209624101588
NIC,2015,Nicaragua,98.194164594236,4839000000.0,7060000000.0,100.0,0.583114233618528,,,,,144718.0,,,12756696261.0676,4.79226768332697,5448.89226010317,3.99737996694396,27.2568449404762
NIC,2014,Nicaragua,106.698200190796,5126000000.0,6946000000.0,105.9,0.468464498033893,2.653283,2.663827,2.202562,3.165664,116312.0,,,11880438824.4494,4.78546013589983,5067.74639018687,6.03596861798425,25.9589003667435
NIC,2013,Nicaragua,110.984207880382,4794000000.0,6688000000.0,99.1,0.367682069502376,,,,,97731.0,,,10982988249.2103,4.92709413447304,4710.57243158513,7.13546785289407,24.7227641666667
NER,2025,Niger,33.9056863589743,1900000000.0,2700000000.0,,,,,,,,,,21646191388.2507,7.00782960149,2177.25014417163,-4.45470804102568,581.92848104034
NER,2024,Niger,24.388946208843,1516000000.0,2526000000.0,161.5,8.61766309210248,,,,,,,,19729786046.7618,8.32327058280728,2044.04904937758,9.07151997725013,606.345297609063
NER,2023,Niger,30.7176535069056,992000000.0,3262000000.0,89.7,8.96675024256666,,,,,,0.2790084,,16949765463.9058,2.63516980401258,1902.69710752042,3.70097316425834,606.569750165917
NER,2022,Niger,37.1460454100715,1046000000.0,3923000000.0,94.7,13.8708147800163,,,,,,0.79136928,,15531799640.9005,12.2215497467041,1847.58034360869,4.22621791916392,623.759700911182
NER,2021,Niger,38.0460948786617,1212000000.0,3557000000.0,109.8,32.369958747641,,,,,,0.75585912,,14936154253.3242,1.11520063869706,1587.84784907329,3.8378680284051,554.530675033104
NER,2020,Niger,36.3388196908038,1116000000.0,3109000000.0,100.3,12.240926752223,,,,,,,,13648332189.7307,4.45481803846413,1486.34386700631,2.8981937602627,575.586004510945
NER,2019,Niger,39.289303673296,1126000000.0,2931000000.0,101.3,5.6497007048141,,,,,,,,12420836506.7888,6.07881528959186,1367.56106521216,-2.48979265070855,585.911013180369
NER,2018,Niger,38.2929695977016,1202000000.0,2875000000.0,108.5,8.5620541870854,2.07,1.77,2.0,2.33,,,,12800907985.9863,6.89458420864513,1272.37841849427,2.96760366004456,555.446458398226
NER,2017,Niger,39.0298956366247,1206000000.0,2459000000.0,110.5,18.3242722479887,,,,,,,,11359273443.3897,5.53198531271451,1226.9587833573,2.79637318871284,580.656749587858
NER,2016,Niger,36.6748378115692,1032000000.0,2162000000.0,94.7,6.84597615137191,2.561951,2.587413,2.222419,3.016939,,,,10341025540.2322,4.28137558478143,1181.94656963832,1.65388922387806,592.605615063022
NER,2015,Niger,44.727430371186,1087000000.0,2490000000.0,100.0,15.8616238445724,,,,,,,,9683867926.44282,4.39264883207291,1172.19178758955,-0.576090369833189,591.21169798261
NER,2014,Niger,45.7416008365932,1445000000.0,2761000000.0,131.2,60.2998175217565,2.393399,2.485543,2.079882,2.758271,,,,10862943543.5419,6.64213665495603,1161.32515723793,-0.930287259984466,493.757329875312
NER,2013,Niger,46.2951491493291,1588000000.0,2538000000.0,118.5,57.6881581187528,,,,,,1.080708,,10224897437.8648,5.31513063394726,1137.76904129571,2.29723114955317,493.899623852237
NGA,2025,Nigeria,,55468000000.0,41450000000.0,,,,,,,,,,290794361542.112,4.01336180700973,9531.61073275049,23.0101235833333,1518.38094813368
NGA,2024,Nigeria,,53320000000.0,41263000000.0,106.4,2.71167186435579,,,,,,,,252261880140.271,4.07106650147703,9099.86943863676,33.2416590552749,1478.96519740023
NGA,2023,Nigeria,,55182000000.0,49428000000.0,110.1,3.53042370294988,,,,,1566109.0,3.14178536,,487387801877.803,3.31590368111438,8711.68686099289,24.659550203114,645.194067883201
NGA,2022,Nigeria,,63075000000.0,60351000000.0,125.0,2.38488302901383,2.6,2.4,2.4,3.1,1566109.0,2.665398934,,646950257575.455,4.31882949157136,8303.64193191685,18.8471877843274,425.979158066857
NGA,2021,Nigeria,,46871000000.0,51880000000.0,93.5,6.4879650491258,,,,,1566109.0,1.56490641,,609147716965.348,1.109252540249,7588.47885587002,16.9528457221608,401.152029220779
NGA,2020,Nigeria,,35634000000.0,35740000000.0,71.1,6.94412309573588,,,,,1548622.0,1.683881,,598586817817.392,-6.36889840468527,7414.77495538401,13.2460234276598,358.810797258297
NGA,2019,Nigeria,,62531000000.0,55257000000.0,124.7,1.48240117353044,,,,,1627142.0,1.84341946,,668219992686.575,2.20842927835211,7551.39380361669,11.3964223378115,306.920951495222
NGA,2018,Nigeria,,60547000000.0,43007000000.0,120.8,1.9287782652252,2.53,1.97,2.56,3.07,1560000.0,19.7929720673716,,421739251509.08,1.92275734199798,7158.17107558117,12.0951065173432,306.083688245234
NGA,2017,Nigeria,,44468000000.0,31273000000.0,88.7,2.3303518190456,,,,,1408000.0,22.0015460675581,,375745731053.427,0.805886619091581,7036.67414358958,16.5022662139641,305.790109160005
NGA,2016,Nigeria,,33302000000.0,35532000000.0,66.2,2.35102616010413,2.62809,2.46198,2.398846,3.041795,1272000.0,24.161930857,,404649125252.16,-1.61686894903467,7072.49693358812,15.6968126387972,253.492
NGA,2015,Nigeria,,50216000000.0,44700000000.0,100.0,11.9058756250214,,,,,1544183.0,24.8019639339246,,493026682800.63,2.65269329541779,7307.83788174977,9.00943498007706,192.440333333333
NGA,2014,Nigeria,,103100000000.0,58300000000.0,205.3,2.10796896763846,2.808778,2.348629,2.559328,3.464486,1867409.0,12.1983521811429,,574183763411.508,6.30971865521856,7396.12835518829,8.04741087967907,158.552641666667
NGA,2013,Nigeria,,90555000000.0,56000000000.0,180.5,2.99169141904529,,,,,1696000.0,12.1983521811429,,520117180313.906,6.67133539308232,7004.13119541111,8.49551838265678,157.311666666667
MKD,2025,North Macedonia,133.043033840548,9056000000.0,13059000000.0,,,,,,,,,,19101199817.0174,3.48706619829503,28028.5664230631,4.07249176848348,54.6549666666667
MKD,2024,North Macedonia,136.324876175556,8422000000.0,11966000000.0,185.2,6.3599119716616,,,,,,,,16951682221.3962,2.99373536567732,26995.5213483235,3.48974086026954,56.8726333333333
MKD,2023,North Macedonia,147.79425348309,8999000000.0,12056000000.0,197.9,5.22971063617991,,,,,,,,15855131188.9092,2.554965253403,25354.144126576,9.36187249769015,56.9471916666667
MKD,2022,North Macedonia,166.147357379878,8727000000.0,12755000000.0,190.4,4.01498490595955,3.1,3.1,3.0,3.5,,,,13932436550.0883,2.75888415332967,24212.3733096953,14.2047173195833,58.5743916666667
MKD,2021,North Macedonia,146.721411484074,8186000000.0,11386000000.0,180.1,4.0331959439009,,,,,,,375.361677,14000283827.0154,4.51067949038222,22144.1924252732,3.23074912132928,52.1021583333333
MKD,2020,North Macedonia,128.241244322257,6638000000.0,8715000000.0,146.1,4.18105543036134,,,,,,,342.0,12361036913.8409,-4.68845000956652,19962.153035286,1.20007348888469,54.144325
MKD,2019,North Macedonia,138.576231840539,7189000000.0,9471000000.0,157.7,4.21745567474478,,,,,,,350.0,12606338448.547,3.91041953840173,20222.4719203634,0.766439573459805,54.9472
MKD,2018,North Macedonia,133.215207648008,6911000000.0,9050000000.0,151.6,4.04907678541801,2.7,2.45,2.47,3.03,,,305.0,12683068114.2388,2.88059670964267,18460.5440872584,1.45831298507126,52.1071083333333
MKD,2017,North Macedonia,124.13728389629,5668000000.0,7723000000.0,124.1,3.98163473676236,,,,,,,277.0,11307067069.6658,1.08177273813243,17161.0354680695,1.35161889677442,54.6654583333333
MKD,2016,North Macedonia,116.185408418026,4790000000.0,6758000000.0,105.5,2.83705522973465,2.510262,2.211555,2.581145,3.129398,,,222.0,10672467073.2873,2.84820519363306,16457.6276361223,-0.239290787684501,55.731725
MKD,2015,North Macedonia,113.698443879103,4536000000.0,6427000000.0,100.0,3.36913299265342,,,,,,,278.0,10064519962.5655,3.85586514041738,15034.1775526118,-0.299920475631462,55.537075
MKD,2014,North Macedonia,112.537928969299,4969000000.0,7301000000.0,109.2,3.29601139484136,2.499137,2.351616,2.498898,2.807487,,,411.0,11362265252.778,3.62912351276373,14485.1403294538,-0.281705032928494,46.4371308333333
MKD,2013,North Macedonia,104.857229956305,4299000000.0,6620000000.0,94.9,3.78245909545858,,,,,,,421.0,10817702346.0674,2.92525766450484,13662.7769630557,2.78500056726109,46.3953416666667
MNP,2025,Northern Mariana Islands,,6000000.0,512000000.0,,,,,,,,,,,,,,1.0
MNP,2024,Northern Mariana Islands,,6000000.0,546000000.0,286.4,,,,,,,,,,,,,1.0
MNP,2023,Northern Mariana Islands,,4000000.0,558000000.0,215.8,,,,,,,,,,,,,1.0
MNP,2022,Northern Mariana Islands,93.1569343065693,5000000.0,549000000.0,228.3,,,,,,,,,1096000000.0,16.6427546628408,,,1.0
MNP,2021,Northern Mariana Islands,78.8840262582057,3000000.0,459000000.0,154.7,,,,,,,,,914000000.0,4.96987951807229,,,1.0
MNP,2020,Northern Mariana Islands,78.9838337182448,5000000.0,427000000.0,257.2,,,,,,,,,866000000.0,-29.0598290598291,,,1.0
MNP,2019,Northern Mariana Islands,104.749787955895,5000000.0,592000000.0,259.1,,,,,,44951.82,,,1179000000.0,-11.4474929044465,,,1.0
MNP,2018,Northern Mariana Islands,108.762490392006,5000000.0,591000000.0,275.2,,,,,,42095.68,,,1301000000.0,-19.4973343488195,,,1.0
MNP,2017,Northern Mariana Islands,131.410256410256,5000000.0,625000000.0,278.2,,,,,,94910.77,,,1560000000.0,23.1707317073171,,,1.0
MNP,2016,Northern Mariana Islands,152.845528455285,6000000.0,588000000.0,302.9,,,,,,44989.51,,,1230000000.0,29.2121212121212,,,1.0
MNP,2015,Northern Mariana Islands,122.747252747253,2000000.0,472000000.0,100.0,,,,,,41919.52,,,910000000.0,3.38345864661653,,,1.0
MNP,2014,Northern Mariana Islands,119.831730769231,2000000.0,442000000.0,92.4,,,,,,42008.53,,,832000000.0,4.177545691906,,,1.0
MNP,2013,Northern Mariana Islands,120.077720207254,4000000.0,335000000.0,201.8,,,,,,41462.1,,,772000000.0,2.68096514745308,,,1.0
NOR,2025,Norway,79.0528319312867,170567000000.0,107319000000.0,,,,,,,,,,530755719438.879,1.08528185031417,104043.666429243,3.05562484410077,10.3958333333333
NOR,2024,Norway,79.5796368227724,167983000000.0,101127000000.0,161.6,25.4139359384172,,,,,862983.0,,,500886328034.123,1.42372134524737,105657.0339185,3.14530134431081,10.7458333333333
NOR,2023,Norway,77.401189583706,178609000000.0,99529000000.0,171.8,25.6746143774999,,,,,882560.0,,,502197633322.816,0.352695581319765,107767.977198972,5.51784987104659,10.5633333333333
NOR,2022,Norway,79.9216011363033,250518000000.0,105733000000.0,241.1,23.8849460450338,3.7,3.8,3.9,4.0,933300.0,,,617321834098.986,4.08039770659241,129914.042717786,5.76412317852272,9.61416666666667
NOR,2021,Norway,69.1060572345311,160106000000.0,97764000000.0,154.1,20.5863715899543,,,,,881238.0,,4305.0,521592200232.829,4.14314688769197,92205.7698636049,3.48388055266669,8.59
NOR,2020,Norway,63.3673184179043,84459000000.0,80447000000.0,81.3,22.0688842926826,,,,,835398.0,,4110.0,382252517921.94,-1.36055723261586,69779.2862630574,1.28658490707996,9.41583333333334
NOR,2019,Norway,68.880243105732,102799000000.0,85319000000.0,98.9,22.4920145628444,,,,,837457.0,,3903.0,424244886363.636,1.46970781954143,73630.0721860814,2.16773003305411,8.8
NOR,2018,Norway,68.1761206012317,121791000000.0,86600000000.0,117.2,21.1178200437435,3.7,3.52,3.69,3.94,802364.0,,3970.0,454588871810.636,1.1103912365576,72618.1053391628,2.76483134528797,8.1325
NOR,2017,Norway,67.1957153368952,101054000000.0,81249000000.0,97.2,21.5970984465797,,,,,764093.0,,4040.0,415673181543.421,2.66964474273466,66828.7790099243,1.87510059552545,8.27166666666666
NOR,2016,Norway,67.3341230829057,88410000000.0,72110000000.0,85.1,20.9563395259628,3.732163,3.567236,3.9545,3.773581,716916.0,,3823.0,383284047619.048,1.29158732771135,61250.1783294516,3.55000000000007,8.4
NOR,2015,Norway,68.8351790107466,103915000000.0,76424000000.0,100.0,22.2637499039318,,,,,735753.0,,3631.0,400669174330.888,2.04428845501438,62695.3563994725,2.17113665389527,8.06416666666667
NOR,2014,Norway,67.7741797940433,144677000000.0,89460000000.0,139.2,22.3154505616718,3.958243,4.20779,4.191941,4.358583,728372.0,,3682.0,515829568897.117,2.09521388080101,68195.6503224822,2.04170286707211,6.30166666666667
NOR,2013,Norway,66.6575278489713,156022000000.0,89808000000.0,150.1,21.0205001240338,,,,,707041.0,,3513.0,540132255319.149,1.27290177696287,69186.2932660288,2.12048620353112,5.875
OMN,2025,Oman,,55276000000.0,44501000000.0,,,,,,,,,,109604780696.23,2.39787382295398,42295.1761223734,0.967741935483928,0.3845
OMN,2024,Oman,114.852671596819,65160000000.0,43467000000.0,197.4,,,,,,4246786.0,,,107137198699.61,1.63163231397978,41800.7841364086,0.593589236248469,0.3845
OMN,2023,Oman,106.446731102604,59011000000.0,38775000000.0,184.8,5.00539346096146,,,,,4608110.0,542.341,,106174707932.38,1.41401383200161,41979.5975879711,0.950782997762827,0.3845
OMN,2022,Oman,105.745009280655,66063000000.0,38573000000.0,206.9,7.61986953322478,3.3,3.0,3.2,3.1,5228483.0,281.59516,,109852795838.752,7.98570728354278,42609.5810436221,2.5061425061425,0.3845
OMN,2021,Oman,95.9494877293305,44591000000.0,30995000000.0,139.7,6.61068684650433,,,,,5238968.0,254.45727,,87323797139.1417,2.5821749892893,38719.4587682049,1.68221185876085,0.3845
OMN,2020,Oman,91.8758908014472,33479000000.0,28507000000.0,104.9,8.4956048791117,,,,,5146009.0,51.918137,,75909492847.8544,-3.37972052697999,35163.3281781415,-0.40640291946585,0.3845
OMN,2019,Oman,86.4782010313236,38724000000.0,23507000000.0,121.3,1.50268168879634,,,,,4900767.0,566.923,,88060858257.4772,-1.12863801728058,37250.6110788359,0.490815362820671,0.3845
OMN,2018,Oman,89.2792178262847,41761000000.0,25770000000.0,130.8,1.25804048128518,3.2,2.87,3.16,3.8,4210679.0,510.425983,,91505851755.5267,1.28710391543288,37780.3308327271,0.889312370970404,0.3845
OMN,2017,Oman,88.9531480182956,32904000000.0,26435000000.0,103.1,1.1167386982334,,,,,4785012.0,434.92173,,80856697009.1027,0.304057565922449,33619.4988982607,1.58909413567799,0.3845
OMN,2016,Oman,82.8642642018901,30014000000.0,23148000000.0,94.0,1.52100556342923,3.234308,2.764706,3.436481,3.497227,3943846.0,425.202175,,75128738621.5865,5.04642394571691,33333.8635893722,1.10920805807027,0.3845
OMN,2015,Oman,96.3775801852347,31927000000.0,29007000000.0,100.0,3.24323565764943,,,,,3105377.0,412.234008,,78710793237.9714,5.01705799719045,36058.1666084788,0.0652901330286599,0.3845
OMN,2014,Oman,102.27872108813,50718000000.0,29303000000.0,158.9,4.36109423322214,2.995026,2.634615,2.884615,3.291958,3364663.0,291.939,,92699089726.9181,1.29225229411081,44235.8336329334,1.01401483924156,0.3845
OMN,2013,Oman,112.543521763774,55497000000.0,34331000000.0,173.8,3.4439119744056,,,,,3921037.0,251.141,,89936020806.2419,5.22770408145942,47013.4730934385,1.05354820265932,0.3845
PAK,2025,Pakistan,27.1935373787664,30545000000.0,65849000000.0,,,,,,,,,,407307214476.222,3.69842668749033,6573.41613369925,3.54555214890893,281.143001173202
PAK,2024,Pakistan,27.5653309105795,32320000000.0,59426000000.0,146.3,2.43815248015808,,,,,3338000.0,,,371747087751.306,3.08176295579301,6263.186935403,12.6325318530452,278.580716167563
PAK,2023,Pakistan,28.4676925469837,28470000000.0,50128000000.0,128.9,1.90280938998427,,,,,2909000.0,309.514606,,336686348609.266,-0.414935997088406,6018.94650802152,30.7681280657005,280.356111655149
PAK,2022,Pakistan,33.031353478032,30901000000.0,70781000000.0,139.9,1.4322563541998,,,,,3383580.0,95.329,,374890295666.694,4.7781068690358,5919.33605935593,19.8738599646655,204.867187469982
PAK,2021,Pakistan,27.0304204125548,28319000000.0,72489000000.0,128.2,1.48848823606751,,,,,3548000.0,75.60493,,348516647445.148,6.51388575852702,5367.27364714762,9.49641577285205,162.906253747418
PAK,2020,Pakistan,26.7162807328814,21979000000.0,45837000000.0,99.5,1.88781249603383,,,,,3161000.0,95.88035,,300425609817.981,-1.27408744338709,5048.0213062963,9.74011619320125,161.838479684718
PAK,2019,Pakistan,28.9055769867032,23329000000.0,50332000000.0,105.6,2.30269691786268,,,,,3150000.0,192.977927,,320909472770.669,2.49763692943365,5037.53401559745,10.5780305672025,150.036253839864
PAK,2018,Pakistan,27.6260570796337,23425000000.0,60078000000.0,106.0,2.16975284245381,2.42,2.12,2.2,2.66,3249000.0,217.534134,8080.0,356128166704.921,6.15170261099519,4979.3734961655,5.07805725868917,121.824068875756
PAK,2017,Pakistan,25.472035002344,21569000000.0,57746000000.0,97.6,2.1763687688896,,,,,3284000.0,214.52857,5031.0,339205534861.1,4.43262590683975,4789.53646557553,4.08537368032608,105.455162087938
PAK,2016,Pakistan,24.7015780480573,20375000000.0,46847000000.0,92.2,1.95739155772638,2.923219,2.66162,2.697275,3.482062,3074000.0,175.4744,4774.0,313630000130.435,6.57383828511043,4630.7315068374,3.7651191635658,104.769117033301
PAK,2015,Pakistan,26.6881860172247,22089000000.0,44168000000.0,100.0,1.60383333392069,,,,,2706324.0,183.17731267,3301.0,299963590534.773,4.21794209572506,4480.26313460985,2.52932817254229,102.769271604675
PAK,2014,Pakistan,29.4698256903998,24731000000.0,47590000000.0,112.0,1.44811284723987,2.825426,2.842105,2.669871,2.787518,2447600.0,204.623134285262,1090.0,271390474857.632,4.11642817161422,4312.99070040776,7.18938402847028,101.100088423521
PAK,2013,Pakistan,30.8902743401844,25121000000.0,44647000000.0,113.7,1.92488889432761,,,,,2252000.0,292.760800570437,419.241,258657231672.412,4.36686504978387,4173.93858568758,7.69215611899565,101.628899206349
PLW,2025,Palau,,3000000.0,162000000.0,,,,,,,,,,345000000.0,6.28637654202731,23051.6787122681,-0.418410041841039,1.0
PLW,2024,Palau,105.811955583144,3000000.0,138000000.0,42.6,,,,,,,,,321501812.5,12.0059720184866,21059.1347141726,2.23172772921704,1.0
PLW,2023,Palau,106.757623549153,7000000.0,196000000.0,111.2,,,,,,,,,276157406.25,1.22284844405733,18313.2535592192,12.8199748216534,1.0
PLW,2022,Palau,103.651854764975,8000000.0,207000000.0,125.7,,,,,,,,,247470812.5,-0.462879543823192,17415.0224611906,12.3526638378124,1.0
PLW,2021,Palau,79.5791429216543,2000000.0,156000000.0,31.6,,,,,,,,,235935734.375,-11.9146400192064,16312.190220013,2.6124818577648,1.0
PLW,2020,Palau,104.430720909895,7000000.0,149000000.0,103.1,,,,,,,,,258985859.375,-6.00740723664144,17701.5330429975,0.218181818181833,1.0
PLW,2019,Palau,115.497705299446,4000000.0,193000000.0,69.7,,,,,,16399.0,,,281954000.0,0.300684343692609,18576.7451553901,0.26737967914444,1.0
PLW,2018,Palau,117.771970509059,4000000.0,176000000.0,73.1,51.6836869301107,,,,,20059.46,,,288228343.75,-0.417625859260369,18203.969912435,2.10970464135017,1.0
PLW,2017,Palau,122.650636452895,6000000.0,182000000.0,102.3,26.8276804498919,,,,,20009.41,,,289983656.25,-3.42143170174889,17872.9168958861,1.4179881966692,1.0
PLW,2016,Palau,118.759866134181,7000000.0,154000000.0,104.5,60.4568609589853,,,,,22490.03,,,303326125.0,1.66650688235592,18195.8361471596,-1.04230533415074,1.0
PLW,2015,Palau,128.207298267542,6000000.0,150000000.0,100.0,41.219943089102,,,,,23890.53,,,283224750.0,8.57000568228419,17756.0262069064,0.949040643697081,1.0
PLW,2014,Palau,145.793812924789,11000000.0,165000000.0,182.6,20.9984977644409,,,,,23960.16,,,245436546.875,4.21392368136632,16254.3772996206,4.19174548581256,1.0
PLW,2013,Palau,140.845204181817,7000000.0,169000000.0,113.6,,,,,,23547.92,,,226257828.125,-1.39368330622723,15388.3342258755,3.35481004221287,1.0
PAN,2025,Panama,,11903000000.0,25764000000.0,,,,,,,,,,90462600000.0,4.35030460627731,43902.1632084954,-0.189587880235675,1.0
PAN,2024,Panama,83.6737788620216,13181000000.0,26687000000.0,116.2,1.7673082163249,,,,,9570767.0,,,86523959100.0,2.74784148771307,41429.5092511481,0.69322555100446,1.0
PAN,2023,Panama,88.3489105169795,16738000000.0,34285000000.0,147.5,1.00049164015675,,,,,8322863.0,143.666535,,83812155200.0,7.16634016390665,39846.2245506562,1.48641355277038,1.0
PAN,2022,Panama,93.4752688552496,15278000000.0,29249000000.0,134.6,0.233624548388428,3.1,3.0,3.3,3.4,8518425.0,183.354662,,76479304500.0,11.0386022908773,36327.3867449699,2.85965128834711,1.0
PAN,2021,Panama,80.1334635232887,13161000000.0,20596000000.0,116.0,0.260062226704829,,,,,8623927.0,150.327435,,67396392500.0,16.4669992022652,30932.7627780514,1.63070337301898,1.0
PAN,2020,Panama,68.700423510603,9483000000.0,14740000000.0,83.6,0.743662485653838,,,,,7735214.0,73.431132,,57059846500.0,-17.8211174074602,27017.0033688951,-1.55027540803761,1.0
PAN,2019,Panama,80.4286505649569,11318000000.0,21492000000.0,99.7,0.295190561101589,,,,,7346859.0,94.840477,,69778991200.0,3.10295395631086,33239.7332311641,-0.355083821021246,1.0
PAN,2018,Panama,86.1309615112445,11480000000.0,23006000000.0,101.2,0.1253387935194,3.28,2.87,3.13,3.6,6872055.0,64.710714,,67316471200.0,3.91824253321265,32463.540359127,0.761578359399945,1.0
PAN,2017,Panama,84.0475372402933,11093000000.0,21934000000.0,97.8,0.294864160259367,,,,,6899242.0,45.776862,,64327688800.0,5.7440594635578,33533.3260079329,0.875585918759963,1.0
PAN,2016,Panama,84.3959718738111,11195000000.0,20935000000.0,98.7,1.15654400726274,3.337843,3.133333,3.281587,3.744687,6261878.0,126.052370637,,59760858700.0,4.57196707937275,30276.7088405833,0.73973402529995,1.0
PAN,2015,Panama,96.5791573428957,11348000000.0,22504000000.0,100.0,0.000467295873914452,,,,,6893886.0,121.567074708,,55767806100.0,5.26691719595516,27245.2788533669,0.137492058461588,1.0
PAN,2014,Panama,114.970604927053,12960000000.0,24401000000.0,114.2,0.195655792189705,3.193734,3.149714,2.995915,3.630392,6774064.0,134.10594055287,,51427104900.0,4.62581375565551,24376.0808685086,2.62652699929143,1.0
PAN,2013,Panama,133.071568935782,14732000000.0,22988000000.0,129.2,0.0461195017892019,,,,,6561406.0,147.711511102115,,46949496500.0,6.32435388662846,21923.6750939531,4.02715991571061,1.0
PNG,2025,Papua New Guinea,,15541000000.0,4620000000.0,,,,,,,,,,32498658653.8415,5.63792052319458,5214.768271628,4.42141364166485,4.12272372720281
PNG,2024,Papua New Guinea,,13975000000.0,5019000000.0,158.6,,,,,,,,,30803971189.4102,3.88795324667848,4886.53186994995,0.602403921107917,3.8527502682192
PNG,2023,Papua New Guinea,,12831000000.0,5409000000.0,151.9,10.2480784684723,,,,,,7.120665,,30816328065.6492,3.81046308333708,4672.27238740885,2.29869991296791,3.58962274932016
PNG,2022,Papua New Guinea,,14614000000.0,5879000000.0,173.0,11.9718029373386,2.7,2.4,2.4,3.3,200000.0,32.722021,,31653230962.4549,5.70701964996525,4419.49434920144,5.25323922215241,3.51922970506745
PNG,2021,Papua New Guinea,,10842000000.0,4368000000.0,128.3,40.0540621623383,,,,,,38.185378,,26113409477.7318,-0.510612607034361,3977.44297360749,4.48359014042398,3.50877192982456
PNG,2020,Papua New Guinea,,9077000000.0,3591000000.0,107.4,44.7984045910059,,,,,204518.0,31.849211,,23848447849.6081,-3.16743204434815,3900.18920976888,4.87167398565555,3.45997438644787
PNG,2019,Papua New Guinea,,10946000000.0,4127000000.0,129.5,29.8156573322952,,,,,,30.685844,,24750626029.8777,4.48051456942582,4059.82860203125,3.92867290939597,3.38753768145423
PNG,2018,Papua New Guinea,,10524000000.0,3519000000.0,124.3,,2.17,2.32,1.97,2.44,170053.0,31.036317,,24109780708.0268,-0.279252284959952,3909.91572972608,4.37448921453162,3.2934630812508
PNG,2017,Papua New Guinea,,9952000000.0,3059000000.0,117.7,,,,,,177122.0,29.231317078,,22742699138.356,3.53461081750459,3923.17197669347,5.42204568023834,3.18878838289617
PNG,2016,Papua New Guinea,,8194000000.0,2068000000.0,97.0,,2.510624,2.55045,2.322611,2.781616,,26.9017828904392,,20758876952.6232,5.48957315278187,3812.71035088181,6.6737288135593,3.13302930185604
PNG,2015,Papua New Guinea,,8453000000.0,2551000000.0,100.0,,,,,,193656.0,27.3706535806214,,21723437010.0982,6.57835632304275,3669.7387159095,5.99595778127107,2.76841166666667
PNG,2014,Papua New Guinea,,8794000000.0,4000000000.0,104.0,,2.430098,2.4,2.227937,2.733333,,33.402132,,23210823987.308,13.5437706216546,3499.54846741228,5.22211720226841,2.461385
PNG,2013,Papua New Guinea,,5951000000.0,5410000000.0,70.3,,,,,,,32.728836,,21261338064.8783,3.82494632800675,3109.8953723707,4.9603174603175,2.24451
PRY,2025,Paraguay,76.4780703309698,11082000000.0,19131000000.0,,,,,,,,,,49278227554.3339,6.64262511156879,20181.4242826808,4.0380642333938,7545.44675537411
PRY,2024,Paraguay,77.0944384539197,10880000000.0,17210000000.0,130.2,10.5004049492786,,,,,,,,44738819362.3269,4.66914577981763,18631.6436164051,3.83540271728533,7560.24758837744
PRY,2023,Paraguay,82.5777252296516,11891000000.0,16105000000.0,142.3,9.96565594921736,,,,,,0.905,,43140465595.6662,5.28584584975323,17585.0746806625,4.63202285403356,7288.87205374128
PRY,2022,Paraguay,73.8736311444119,9957000000.0,15853000000.0,119.2,10.5619939338891,2.7,2.4,2.5,3.0,,0.87,,41841201626.7253,-0.0280771723899278,16305.6206649067,9.76556667164402,6982.75237776692
PRY,2021,Paraguay,69.7320126827159,10547000000.0,13560000000.0,126.2,7.42054598468191,,,,,,0.312,,39937357255.8716,3.99461510731535,15400.9446332428,4.787983101236,6774.16273484849
PRY,2020,Paraguay,62.7602174748561,8518000000.0,10217000000.0,101.9,5.14832153749358,,,,,37901.25,0.478,,35432178068.1814,-0.819785390971916,14308.8787738328,1.76751592356698,6771.09742519652
PRY,2019,Paraguay,71.2221617342433,7968000000.0,12544000000.0,95.3,7.18301132925583,,,,,37795.5,1.842301,,37925338329.1494,-0.40185510068001,14149.5985227505,2.75709727562775,6240.72207844257
PRY,2018,Paraguay,72.069223625915,9042000000.0,13334000000.0,108.2,9.73585990716157,2.78,2.64,2.55,3.45,38007.0,1.970266,,40225448340.6322,3.20425034076639,14139.0931267561,3.97561015740694,5732.10455572912
PRY,2017,Paraguay,71.0801344038377,8680000000.0,11875000000.0,103.9,6.43135601964578,,,,,37584.0,1.857094,,38997129473.5558,4.81007885554041,13977.3427788651,3.60247741348943,5618.9334516428
PRY,2016,Paraguay,67.7593152322047,8494000000.0,9753000000.0,101.6,7.63626798600085,2.561337,2.384127,2.445662,2.927926,38430.0,1.774534,,36089700222.9461,4.26802583314583,13329.1373366322,4.08682280577241,5670.54089799784
PRY,2015,Paraguay,66.9150655259573,8357000000.0,10291000000.0,100.0,6.03842102427882,,,,,10500.0,1.641624,,36211447840.0971,2.95715168367079,12679.0574753215,3.12900274473925,5204.92080811087
PRY,2014,Paraguay,69.0837249631346,9636000000.0,12169000000.0,115.3,6.80318285922243,2.779734,2.493614,2.4553,3.216688,10540.0,2.085996,,40377929295.6419,5.30123864473624,12607.0721636639,5.02882767456766,4462.18528829093
PRY,2013,Paraguay,73.3698713841075,9456000000.0,12142000000.0,113.2,8.6267090841696,,,,,10028.0,0.0,,38501122141.4241,8.29307648940471,12137.0081947595,2.68385738718582,4303.88256599819
PER,2025,Peru,51.8154829678647,82692000000.0,60631000000.0,,,,,,,,,,334854659181.893,3.43056395124466,18816.1045522938,1.53125450314273,3.5670638032991
PER,2024,Peru,51.6811479870417,74713000000.0,55200000000.0,217.7,5.21372377596414,,,,,3477011.0,,,291751523018.903,3.5152749274832,17881.8685833242,2.00770739412712,3.7525
PER,2023,Peru,50.9070307213493,64715000000.0,52395000000.0,192.9,5.01572012821525,,,,,3144220.0,299.231737796,,268025009709.319,-0.350699814345759,17041.5682788302,6.45561348369586,3.74382620959376
PER,2022,Peru,57.2727003111939,62911000000.0,60979000000.0,187.5,4.58946616439539,3.0,2.6,2.5,3.4,2865239.0,324.268085,,246169867862.821,2.81819976419922,16673.6937563476,8.33370630096231,3.83518137473542
PER,2021,Peru,55.4083231938774,59648000000.0,50891000000.0,177.8,4.46164505002167,,,,,2874109.0,258.342932,,226406075008.878,13.4166456126513,15285.7706852395,4.27166381536798,3.88055413137587
PER,2020,Peru,44.245967197744,39600000000.0,36140000000.0,118.1,4.79483390340119,,,,,2651281.0,96.451838,,201409694755.934,-10.9333065010382,12563.3038060893,2.00241205759292,3.4949411976912
PER,2019,Peru,46.9435053754409,46444000000.0,42284000000.0,138.5,4.07500438789898,,,,,2677239.0,340.335049,,228346006003.648,2.24063176875049,13563.5372933551,2.25212191358027,3.3372655465368
PER,2018,Peru,48.631470171736,48019000000.0,43262000000.0,143.1,4.68019992138913,2.69,2.53,2.28,3.45,2667974.0,313.264641181,,222597009739.235,3.969351341365,13078.2323503405,1.50915423024742,3.28660269803296
PER,2017,Peru,47.5135503619971,43454000000.0,39885000000.0,129.5,5.12232328639173,,,,,2539720.0,316.825703,,211007984080.911,2.51883544233135,12591.8562879234,2.99490045809443,3.2604884908321
PER,2016,Peru,45.3888411964154,36516000000.0,36254000000.0,108.9,4.79971259913924,2.893389,2.755978,2.623704,3.227712,2321062.0,276.1751,,191898104390.379,3.95331871520767,12066.5460683317,3.55717663556279,3.37506158720665
PER,2015,Peru,45.1627686891148,33545000000.0,37924000000.0,100.0,5.24340385328889,,,,,2158030.0,329.568817319152,,189802976285.619,3.25224477218451,11600.3873992867,3.39809194746308,3.18443924152237
PER,2014,Peru,46.8531210912899,38612000000.0,42346000000.0,115.1,4.25218632647416,2.840685,2.46875,2.720363,3.298387,2241216.0,295.31226543068,,200786250582.943,2.38215737180541,11517.7371710247,3.41194579807465,2.83904413780664
PER,2013,Peru,49.7871424471444,42576000000.0,43670000000.0,126.9,5.00038314811373,,,,,2064981.0,334.880485681557,,201175543571.392,5.85251821084928,11290.5547403874,2.76789666082002,2.70189902597403
PHL,2025,Philippines,66.7936053314343,83723000000.0,141196000000.0,,,,,,,,,,487086123720.417,4.40240158710621,12576.9867435109,1.6587364525509,57.5050971489715
PHL,2024,Philippines,65.8637883882752,72984000000.0,134882000000.0,124.1,60.975307025875,,,,,9216842.0,,,461671157904.74,5.71474526128652,11813.805926453,3.21260487006347,57.2906550699734
PHL,2023,Philippines,67.4199693171606,73527000000.0,133806000000.0,125.0,63.977928897569,,,,,8803874.0,649.206834,,437055627245.138,5.51894967856043,10994.8840414773,5.97802515541409,55.630363223193
PHL,2022,Philippines,72.4296836107599,78930000000.0,145867000000.0,134.2,66.6110921963778,3.3,2.8,3.2,3.9,9258516.0,629.794582,,404353369604.631,7.58098212785563,10129.7407504053,5.82115811213955,54.477785837205
PHL,2021,Philippines,63.4846098136712,74618000000.0,124367000000.0,126.8,64.2254083346106,,,,,8674859.0,530.283136,,394087359848.11,5.71473313185116,8857.78995115514,3.92718022100332,49.2545977288412
PHL,2020,Philippines,58.1695603022281,63879000000.0,90751000000.0,108.6,67.0450915850689,,,,,8019642.0,360.409324,,361751145451.597,-9.51829474045297,8238.36802037457,2.3931623931624,49.6240960026328
PHL,2019,Philippines,68.8418422595678,70334000000.0,112909000000.0,119.6,62.2466747019023,,,,,9333428.0,926.888641,,376823402239.136,6.11852566221303,8924.10116402887,2.39206534422404,51.7957826517332
PHL,2018,Philippines,72.1633982990273,67488000000.0,115119000000.0,114.7,61.3459931361948,2.9,2.53,2.73,2.98,8859565.0,835.904513,,346841896587.313,6.34148557153473,8357.74357934219,5.30934661627707,52.6614299539683
PHL,2017,Philippines,68.1683697426727,68713000000.0,101902000000.0,116.8,60.3176340363727,,,,,8249852.0,753.351739,,328480736802.76,6.9309883258402,7773.79853599024,2.85318772590947,50.4037197937177
PHL,2016,Philippines,61.7760657653871,56313000000.0,85935000000.0,95.7,,2.856259,2.608477,2.550097,3.348485,7560607.0,665.124567915,,318627003016.731,7.14945675000752,7382.66758431792,1.25369880080982,47.4924638585099
PHL,2015,Philippines,59.1415921053094,58827000000.0,74750000000.0,100.0,,,,,,7175424.0,604.508812,,306445871242.322,6.34830971672761,6894.26702217935,0.674192536845408,45.5028399421431
PHL,2014,Philippines,57.4681720875945,62102000000.0,68704000000.0,105.6,,3.003844,3.0,2.6,3.066667,6216752.0,577.474932,,297483555338.044,6.34798748260867,6688.73961232553,3.59782343864211,44.3951543042097
PHL,2013,Philippines,55.8247812320298,56698000000.0,65739000000.0,96.4,,,,,,5955137.0,325.682352,,283902828588.718,6.75053130142255,6372.83382112545,2.58268766141795,42.4461848306739
POL,2025,Poland,97.0301822542829,413895000000.0,420914000000.0,,,,,,,,,,1035491784197.44,3.5727250346774,54262.4040405236,3.81419531520146,3.76054166666667
POL,2024,Poland,100.359442847164,382845000000.0,382259000000.0,190.9,13.5099699026858,,,,,3270784.0,,,917767106146.761,3.02841630700273,51262.5105756884,3.79060897630197,3.98078333333333
POL,2023,Poland,110.024935041815,381517000000.0,370076000000.0,191.6,12.1223189735947,,,,,2995174.0,343.93228,,812451193396.143,0.249610834017872,48473.0940286419,11.5289127961105,4.20366666666667
POL,2022,Poland,123.021332860345,360542000000.0,381187000000.0,181.1,11.6325877772755,3.6,3.4,3.5,3.9,3061848.0,308.34517,,695607470875.276,5.25545697386036,46777.5524519162,14.4294507575758,4.45775833333333
POL,2021,Poland,110.874283021945,340634000000.0,342075000000.0,171.1,9.44556514280936,,,,,3187943.0,215.00546,54387.0,689170230665.35,6.92718266052501,41059.5847829682,5.05502704719272,3.86191666666667
POL,2020,Poland,99.2590912303436,273835000000.0,261626000000.0,137.5,9.86616548997166,,,,,2915937.0,140.556639,51096.0,605914237903.742,-2.03556882399977,37089.3004256812,3.37446972618589,3.89974166666667
POL,2019,Poland,101.581033817373,266595000000.0,265282000000.0,133.9,9.8529348361967,,,,,3046483.0,317.866,54584.0,602683770144.88,4.58045817256199,35882.3655065553,2.22747880938291,3.839375
POL,2018,Poland,102.442462168005,263569000000.0,268959000000.0,132.4,10.3950333891095,3.54,3.25,3.21,3.95,2834296.0,271.488,59388.0,594616632477.019,6.2458584723942,32345.1066076225,1.81295156542689,3.61171666666667
POL,2017,Poland,100.56589524628,234364000000.0,233812000000.0,117.7,10.6673187252222,,,,,2384782.0,221.814,54797.0,528356723263.073,5.15245773325907,30170.2818974087,2.07593553673859,3.77933333333333
POL,2016,Poland,96.8659028060623,203817000000.0,199506000000.0,102.4,10.7154228014203,3.425877,3.266692,3.169237,3.803532,2032761.0,155.552044,50650.0,473259623976.262,3.03117767594847,28359.6927346266,-0.664767331433962,3.94278333333334
POL,2015,Poland,92.2554272741942,199124000000.0,196473000000.0,100.0,10.7755213322015,,,,,1860908.0,114.791591876,50602.9,480054118583.367,4.43176700264478,26988.1069013509,-0.874125874125862,3.7695
POL,2014,Poland,92.0340197113178,220052000000.0,223556000000.0,110.5,10.0686277870269,3.493829,3.25534,3.083333,4.133248,2139616.0,120.85182858,50073.0,542134167178.627,3.92050862390032,25459.7392273761,0.0538213132399802,3.15454166666667
POL,2013,Poland,90.4175072415629,204984000000.0,207607000000.0,103.0,8.74501767247922,,,,,1969530.0,97.64576278,50881.0,518179836405.36,0.684240607051805,24433.8914344877,0.991982606332335,3.16061666666667
PRT,2025,Portugal,86.3988769792664,89417000000.0,125854000000.0,,,,,,,,,,346639825141.821,1.86448007464475,53145.7317498942,2.33601620316701,0.88496895841236
PRT,2024,Portugal,89.6615637070518,85367000000.0,116023000000.0,155.8,6.77343918950435,,,,,3541777.0,,,313656884870.859,2.21459232301109,52512.5651003677,2.41613187791876,0.923889546117607
PRT,2023,Portugal,93.1358537072038,83621000000.0,113683000000.0,151.9,6.71084167998399,,,,,3189770.0,568.97882,,292323800948.839,3.09998745904281,49800.3476220918,4.31128191898681,0.924839558470698
PRT,2022,Portugal,101.364146479435,82463000000.0,115160000000.0,149.8,6.99049160072585,3.4,3.2,3.6,3.6,3153877.0,567.233466666,,256898677175.024,6.98584137580278,45250.0152469537,7.83269124233323,0.949623753156941
PRT,2021,Portugal,85.8735452148975,75229000000.0,98200000000.0,136.7,6.250331404512,,,,,3294407.0,500.44279,2699.0,256055879091.139,5.55875672070374,38657.6677223429,1.26565719069044,0.84549413889045
PRT,2020,Portugal,76.5086407209215,61496000000.0,77895000000.0,111.7,7.1147115711238,,,,,2986021.0,280.010031636,2402.0,229618773422.577,-8.20463159324387,35966.712796561,-0.0124383299576209,0.875506396987998
PRT,2019,Portugal,86.7709889083586,67063000000.0,89538000000.0,121.8,6.94181475443009,,,,,2907005.0,536.98922,2476.0,240115970063.019,2.74568432648596,37865.5603564295,0.338178410046124,0.893276257067409
PRT,2018,Portugal,86.7356954918399,68361000000.0,89060000000.0,124.2,5.28353269409281,3.64,3.17,3.25,4.13,3168513.0,454.209368,2863.0,242092894542.888,2.94628343449202,34896.7993382974,0.993715683468233,0.846772667108111
PRT,2017,Portugal,84.8077923069539,62130000000.0,78763000000.0,112.9,5.98812595371655,,,,,3124946.0,421.8294532,2742.0,220862990767.229,3.31472008175986,32970.8395386562,1.36861411643482,0.885205508269372
PRT,2016,Portugal,79.5223464844001,55372000000.0,67954000000.0,100.6,5.80540001054449,3.409367,3.37322,3.088148,3.946196,2912946.0,327.012274,2622.0,206305431241.638,2.00414129666575,31589.2695609552,0.607397074641719,0.903421436257263
PRT,2015,Portugal,80.6346756266443,55047000000.0,66914000000.0,100.0,5.07995277461314,,,,,2739185.0,343.964162,2661.0,199038523119.639,1.58979803702681,29608.0071513956,0.48793862390472,0.901296423367096
PRT,2014,Portugal,80.220669072079,63832000000.0,78389000000.0,116.0,4.88070967963708,3.560284,3.263158,3.372114,3.868503,2689296.0,348.67247,2438.0,230078616299.675,0.741391420706506,28764.5254955042,-0.278153367467428,0.752728196932603
PRT,2013,Portugal,78.0305056874282,62823000000.0,75719000000.0,114.1,4.70027794789762,,,,,2353948.0,319.454636,2290.0,226677408291.745,-0.984106574148328,27966.0874254705,0.274416666666663,0.752945122701996
PRI,2025,Puerto Rico (US),90.4580438617492,,,,,,,,,,,,129368484000.0,0.317670046196895,52195.5534213472,,1.0
PRI,2024,Puerto Rico (US),94.6225085555605,,,,,,,,,1300000.0,,,126029527033.705,3.17707554784896,50332.9848222477,,1.0
PRI,2023,Puerto Rico (US),101.657550951677,,,,,,,,,1349400.0,,,118478754280.882,0.731492105366186,47582.5504550609,,1.0
PRI,2022,Puerto Rico (US),98.2564691765992,,,,,,,,,1398600.0,,,113843700000.0,2.95709565499587,45320.1718585525,,1.0
PRI,2021,Puerto Rico (US),96.7453625315476,,,,,,,,,1490218.0,,,106426600000.0,0.385222719529239,40559.226188957,,1.0
PRI,2020,Puerto Rico (US),103.509811317462,,,,,,,,,1490218.0,,,103130900000.0,-4.1808743093346,36858.5972898583,,1.0
PRI,2019,Puerto Rico (US),107.571456836722,,,,,,,,,1451950.0,,,105126400000.0,1.67546379498209,36217.7204390287,,1.0
PRI,2018,Puerto Rico (US),106.001202479048,,,,,,,,,1447616.0,,,100958100000.0,-4.36142703162535,33706.5915157959,,1.0
PRI,2017,Puerto Rico (US),113.131649032582,,,,,,,,,1319572.0,,,103445500000.0,-2.88521838398481,31866.6160571769,,1.0
PRI,2016,Puerto Rico (US),110.274045470098,,,,,,,,,1210500.0,,,104336700000.0,-1.26369434781117,32245.8484276651,,1.0
PRI,2015,Puerto Rico (US),108.880634192821,,,,,,,,,1210503.0,,,103375500000.0,-1.04929003238674,32323.5456459985,,1.0
PRI,2014,Puerto Rico (US),102.385456504805,,,,,,,,,1319961.0,,,102445800000.0,-1.19036347346942,32391.0670311533,,1.0
PRI,2013,Puerto Rico (US),104.89224011713,,,,,,,,,1269902.0,,,102450000000.0,-0.306826666941774,32279.4000290919,,1.0
QAT,2025,Qatar,,88771000000.0,37537000000.0,,,,,,,,,,215559615384.615,2.90166036660493,128882.934242572,,3.64
QAT,2024,Qatar,,95044000000.0,35800000000.0,121.4,2.80655334313522,,,,,1421000.0,,,216294505494.505,3.10963283242745,126712.582876079,1.26734310292375,3.64
QAT,2023,Qatar,,97751000000.0,31431000000.0,124.9,2.78003630297901,,,,,1318414.0,13926.596836363,,213002809340.659,1.18715991623776,129024.806992334,3.02764899198902,3.64
QAT,2022,Qatar,100.213647199618,130964000000.0,33479000000.0,164.8,2.85969941273396,3.5,3.1,3.8,3.5,1408804.0,14087.18535,,235709325714.286,4.18500970982862,122901.018274888,4.99527553740761,3.64
QAT,2021,Qatar,92.7791585715125,87203000000.0,27985000000.0,111.0,1.71940426411282,,,,,1543591.0,15861.65425,,179732009560.44,1.62684671918775,116832.570294098,2.30446565742003,3.64
QAT,2020,Qatar,90.0190948833102,51504000000.0,25835000000.0,65.2,7.11180465191852,,,,,1412689.0,13543.50932,,144411363351.648,-3.5576039896784,82149.3573751713,-2.5403150300476,3.64
QAT,2019,Qatar,90.0463755485388,72935000000.0,29178000000.0,93.0,0.00250385574432895,,,,,1340000.0,12739.81097,,176371267692.308,0.688240954592672,107502.469793988,-0.666641124861147,3.64
QAT,2018,Qatar,91.838448978201,84905000000.0,31696000000.0,108.2,1.80193719050782,3.47,3.0,3.38,3.7,1340000.0,12666.7094,,183334953818.681,1.23487220191065,110032.713236323,0.255815382724408,3.64
QAT,2017,Qatar,91.4945879195194,67498000000.0,29896000000.0,86.2,0.00550620221792489,,,,,772800.0,10970.08988,,161099122225.275,-1.49760470227838,99358.3403307696,0.394878914083005,3.64
QAT,2016,Qatar,89.5476001199351,57309000000.0,32060000000.0,73.3,0.00113290778731859,3.599232,3.551227,3.568039,3.832534,527952.0,9206.16533,,151732181868.132,3.06419188430156,89934.692005072,2.6765917009819,3.64
QAT,2015,Qatar,93.7076041736357,77971000000.0,32610000000.0,100.0,1.10477339089951,,,,,568166.0,7563.30739,,161739955576.923,4.75334572438737,102545.939634633,1.8140772393776,3.64
QAT,2014,Qatar,99.0343747414317,131592000000.0,30448000000.0,159.3,0.0491247091487031,3.516657,3.206818,3.439141,3.869697,461863.0,5993.108,,206224598571.429,4.11911527912761,148389.108964021,3.34972085659523,3.64
QAT,2013,Qatar,102.383208106327,136855000000.0,27034000000.0,176.5,0.545850322010568,,,,,390000.0,4960.582,,198727642967.033,4.43070196521455,169203.261058049,3.22197756829293,3.64
ROU,2025,Romania,76.214786342907,109134000000.0,146036000000.0,,,,,,,,,,428677977854.826,0.677829835052762,50895.081617639,7.18903362292063,4.47053333333333
ROU,2024,Romania,77.2149837939003,100291000000.0,136471000000.0,165.5,13.4497511493721,,,,,989795.0,,,382564217988.866,0.916003764382594,49076.7137157187,5.72140574354439,4.598375
ROU,2023,Romania,83.3753324062231,100607000000.0,131930000000.0,166.0,12.6747408327123,,,,,830201.0,2.33576,,347757995758.914,2.25773416555121,45981.6373404846,10.3971874764996,4.57429166666667
ROU,2022,Romania,93.9496509383447,96699000000.0,132468000000.0,159.6,11.85733755602,3.2,2.7,2.9,3.6,772046.0,2.7223,,295317862855.924,4.18771305104109,41979.4260140907,13.7954887432521,4.688475
ROU,2021,Romania,87.0711965460145,87388000000.0,116203000000.0,144.2,11.4879408346099,,,,,631964.0,1.6239,,285072444957.216,5.58735072538869,37534.0002643549,5.05232876096582,4.16041666666666
ROU,2020,Romania,78.3616463562709,70718000000.0,92132000000.0,116.7,11.9370424850698,,,,,643025.0,0.889334,,250624575871.819,-3.59802546034757,34193.845654499,2.63107311184743,4.24399166666667
ROU,2019,Romania,84.9063630584793,76871000000.0,96544000000.0,126.9,11.0725693077429,,,,,666036.0,3.334,13312.0,250080428511.595,3.96028958497598,33425.1219389628,3.82785432599438,4.237925
ROU,2018,Romania,87.0911701095809,79660000000.0,97747000000.0,131.5,10.0771915943775,3.12,2.58,2.91,3.68,668016.0,2.71,13076.0,241791427223.903,5.39452228185675,29382.8866943611,4.62548443137779,3.94161666666667
ROU,2017,Romania,87.1560645667801,70761000000.0,85486000000.0,116.8,9.77959738479042,,,,,696438.0,2.8045,13782.0,210147385855.419,8.19547826641261,26943.28718432,1.3390212110439,4.05249166666666
ROU,2016,Romania,85.8925282906884,63534000000.0,74560000000.0,104.9,10.3924513925489,2.99312,3.0,2.882353,3.224222,711339.0,4.2237,13535.0,185290759248.844,2.85993252302089,23905.2650215388,-1.54479666813897,4.05918333333333
ROU,2015,Romania,83.5205767017155,60595000000.0,69824000000.0,100.0,9.41414780224134,,,,,689012.0,4.7179,13673.0,177885131240.315,3.1570360543854,21624.5759002018,-0.594156437495203,4.00566666666666
ROU,2014,Romania,83.3751429575201,69725000000.0,77748000000.0,115.1,8.41047672645864,3.261155,2.832622,2.773306,3.998976,668033.0,5.2917,12264.0,199722319675.741,4.11600109267832,20633.0192361402,1.06830987684298,3.349175
ROU,2013,Romania,81.3976131747183,65835000000.0,73481000000.0,108.7,7.3981832313214,,,,,661124.0,5.25614,12941.0,189798603751.235,0.278771877470234,19678.1401421845,3.9847123554813,3.32791666666667
RUS,2025,Russian Federation,33.7100508676248,419398000000.0,302710000000.0,,,,,,,,,,2561310169358.74,1.00117656925738,49568.140625,8.71986939402666,
RUS,2024,Russian Federation,39.4184058815423,433634000000.0,301550000000.0,126.9,,,,,,5187096.0,,,2186462268813.08,4.92167966203073,47686.06640625,8.43486410496723,92.5524
RUS,2023,Russian Federation,41.3395116492933,424749000000.0,303086000000.0,124.4,,,,,,4586171.0,1268.80857,,2046284838151.09,4.06661395813023,44298.67578125,5.86571931748967,85.1620083333333
RUS,2022,Russian Federation,42.7663082313349,592075000000.0,276511000000.0,173.4,,2.6,2.4,2.7,2.9,3914304.0,1006.42855,,2292495097681.47,-1.43537063467896,40932.71484375,13.7436797398232,68.4849416666667
RUS,2021,Russian Federation,50.5861954621752,494161000000.0,301046000000.0,144.7,9.72984772707015,,,,,5260849.0,5888.41652,2638562.0,1829186719575.1,5.866491772979,38638.4296875,6.69445891957612,73.65435
RUS,2020,Russian Federation,45.9669082029127,333530000000.0,240088000000.0,97.7,9.19363897787208,,,,,4921319.0,4314.60456,2544827.9,1493075894362.14,-2.65365449695453,31490.8046875,3.38219796948068,72.1049083333333
RUS,2019,Russian Federation,49.2287536619033,419721000000.0,253876000000.0,122.9,12.9053155381414,,,,,4967133.0,6480.99978,2601928.1,1693115002708.32,2.19807571381982,30963.853515625,4.47202631837903,64.7376583333333
RUS,2018,Russian Federation,51.5809003703964,443914000000.0,248856000000.0,130.0,11.3552822642706,2.76,2.42,2.78,3.31,4726726.0,6810.61016,2596879.7,1657328773461.31,2.80634082046656,28628.5625,2.87831382614981,62.6681333333334
RUS,2017,Russian Federation,46.8765243371311,352943000000.0,238384000000.0,103.4,12.3246991949294,,,,,4303955.0,6845.22951,2491875.9,1574199360089.0,1.82670527549192,25777.904296875,3.68333072334495,58.3428011851719
RUS,2016,Russian Federation,46.5181198396096,281710000000.0,191493000000.0,82.5,15.7901190501232,2.570864,2.006429,2.429523,3.15369,3472382.0,5863.19654,2342589.5,1276786350881.14,0.193671130698817,24012.40234375,7.04243725413707,67.0559333333333
RUS,2015,Russian Federation,49.3593493116887,341419000000.0,193019000000.0,100.0,15.992066533226,,,,,3662970.0,4761.04707,2304758.6,1363482182197.71,-1.9727192264298,23994.013671875,15.5343959935701,60.9376501088951
RUS,2014,Russian Federation,47.8013412628116,496807000000.0,307877000000.0,145.5,12.1254086015011,2.694479,2.2,2.589942,3.137022,4993427.0,4413.55935,2298564.1,2059241589895.01,0.736267221403651,25688.2265625,7.82016970013845,38.3782071444168
RUS,2013,Russian Federation,46.287149400499,521836000000.0,341269000000.0,152.8,10.6336135964435,,,,,5065880.0,4249.26882,2172685.0,2292470078346.22,1.75542214916291,26019.7265625,6.75466833903486,31.8371436402813
RWA,2025,Rwanda,56.673349749538,2450000000.0,5070000000.0,,,,,,,,,,16372132990.2271,9.37579834182446,4164.436605809,5.913000168826,1428.47827558333
RWA,2024,Rwanda,71.6868069548772,3201000000.0,6028000000.0,491.3,,,,,,,,,15111064181.9687,7.22717103344534,3784.9629495071,1.77029240198635,1318.12835733333
RWA,2023,Rwanda,66.8925839339472,2466000000.0,5230000000.0,378.0,,,,,,,,,14806501437.282,8.55964292914153,3518.91850615405,19.789546746467,1160.09869425
RWA,2022,Rwanda,60.9591709408266,2111000000.0,4466000000.0,322.2,4.78472979585672,2.8,2.5,2.9,3.1,,,,13747404814.2677,9.82497394651698,3195.28136566525,17.6892095588153,1030.30829974206
RWA,2021,Rwanda,59.8007993935018,1530000000.0,3569000000.0,232.6,5.10240802707913,,,,,,,,11252894909.5043,8.41140448646523,2776.39276387923,-0.391346748300791,988.624806551768
RWA,2020,Rwanda,44.3511840604967,1408000000.0,3373000000.0,215.0,7.55938643936416,,,,,,,,10487146253.4025,-2.77710485515125,2355.13640819609,9.85039902274207,943.278048166667
RWA,2019,Rwanda,48.892715033759,1241000000.0,3094000000.0,189.6,10.7603832689793,,,,,,0.0,,10519272170.3346,9.28613387454543,2374.40565682007,3.34787655037648,899.350509
RWA,2018,Rwanda,47.9830578657248,1122000000.0,2636000000.0,170.0,2.58732381679454,2.97,2.67,2.76,3.35,,0.0,,9650161136.17648,8.07084254621641,2128.1982397276,-0.311210160390699,861.093412166667
RWA,2017,Rwanda,54.2079656602139,1037000000.0,2349000000.0,157.8,2.66118423802865,,,,,,,,9164345443.2575,4.70393439751061,1949.12266322999,8.27953672260832,831.55433975
RWA,2016,Rwanda,50.08973657056,731000000.0,2254000000.0,110.7,13.5312841197923,2.986229,2.933449,2.621956,3.351829,,,,8596812240.52305,5.65874584202778,1845.25585689833,7.17434301982009,787.25152175
RWA,2015,Rwanda,45.7348675761767,682000000.0,2333000000.0,100.0,15.3250917465076,,,,,,,,8447064078.84373,8.87036752872743,1760.5877311941,2.52850284192421,719.8595555
RWA,2014,Rwanda,44.4828257252622,723000000.0,2470000000.0,107.2,11.85599169714,2.759116,2.5,2.32197,3.339394,,20.696268,,8129984483.78727,5.66845354233575,1655.37851110949,2.35449052820358,682.4377953875
RWA,2013,Rwanda,43.260980041775,703000000.0,2302000000.0,107.7,4.99734663070137,,,,,,19.999008,,7714276919.73722,4.71984856950924,1491.80370844135,5.92426867984854,646.6359745
WSM,2025,Samoa,70.6296323498584,24000000.0,467000000.0,,,,,,,,,,1287936621.64619,4.20440659006225,9318.95775945515,2.2119620764675,2.79150381915391
WSM,2024,Samoa,79.5241475635456,42000000.0,490000000.0,67.2,76.6700641079328,,,,,53017.0,,,1175749785.65113,4.7483863916535,8750.62541028446,2.17245530514377,2.75395370512433
WSM,2023,Samoa,80.8405125709078,43000000.0,473000000.0,70.3,5.7420173193689,,,,,44676.0,0.005954,,1044909500.02527,15.233606465518,8202.61231371824,7.92164684826777,2.73843913026323
WSM,2022,Samoa,60.8477789845035,43000000.0,445000000.0,68.2,0.554369269246782,,,,,45680.0,0.007247,,889554711.842341,2.26705310780669,6908.96157777708,10.9618822286844,2.68899764734059
WSM,2021,Samoa,59.7697795919357,29000000.0,368000000.0,49.0,1.0752843011372,,,,,43933.0,0.002113,,859724936.05765,-5.04350589708287,6350.92787033711,3.13320473174494,2.55609234207843
WSM,2020,Samoa,77.4847998856019,37000000.0,312000000.0,64.4,,,,,,41200.0,0.004077,,868884902.953089,-3.10864485863991,6451.76442222677,-1.56891247740895,2.66496084519696
WSM,2019,Samoa,83.3310795816457,49000000.0,391000000.0,83.9,2.2790136566569,,,,,42102.0,0.0,,912950466.064906,4.45185891688691,6638.1845475197,0.982326569888117,2.64882632186605
WSM,2018,Samoa,78.9349684295151,46000000.0,363000000.0,80.4,3.09527242378611,,,,,37091.0,0.0,,878448433.404342,-0.609647103380141,6318.2697728872,4.19745888663752,2.58727995057261
WSM,2017,Samoa,74.0110807608335,44000000.0,356000000.0,77.0,1.39458610918098,,,,,34950.0,,,884844384.463214,1.40628239971301,6280.2150045934,1.74989677484705,2.55437711641037
WSM,2016,Samoa,75.2118174672901,56000000.0,350000000.0,89.5,1.01847881441006,,,,,34588.0,0.017582064,,843924796.697421,7.9838628784713,6141.45089023942,1.30471869303179,2.56492967258212
WSM,2015,Samoa,74.6343550051873,59000000.0,371000000.0,100.0,0.824592523393006,,,,,32387.0,0.015066036,,824150498.653536,3.8503618166494,5681.77812766143,0.724470134874729,2.5608736880983
WSM,2014,Samoa,80.5007740440855,51000000.0,388000000.0,61.2,1.97678138434208,,,,,28587.0,0.011652,,796683519.593842,0.659923768782861,5468.10058510176,-0.40681608842489,2.33176884618308
WSM,2013,Samoa,77.877751737476,62000000.0,367000000.0,107.5,0.695966050719933,,,,,24006.0,,,797736334.281305,0.107293276488932,5386.90063080106,0.61008572090503,2.31090003482576
SMR,2025,San Marino,,,,,,,,,,,,,,,,2.29519525025037,0.887144250370588
SMR,2024,San Marino,,,,,,,,,,,,,,,,1.24216507945569,0.924367447270267
SMR,2023,San Marino,340.983400117352,,,,,,,,,,,,2027243193.5116,0.401932371532837,78810.3378046111,5.93190858629403,0.924709622987356
SMR,2022,San Marino,370.43607698812,,,,,,,,,,,,1831701022.87082,7.89844678230362,75929.4591270254,5.32545321311365,0.950915533962108
SMR,2021,San Marino,342.470171021559,,,,,,,,,,,,1855395712.2147,13.8977857594089,64745.1322795901,1.61551411551421,0.845376564367945
SMR,2020,San Marino,304.903169667588,,,,,,,,,,,,1544713784.67674,-6.64791226034481,55206.5809417073,-0.133368898372915,0.877475207233012
SMR,2019,San Marino,307.264770546858,,,,,,,,,,,,1616231696.04862,2.06569082920953,57444.1206392397,0.472651967352852,0.893215581479226
SMR,2018,San Marino,309.487954987512,,,,,,,,,,,,1655354328.79184,1.49390399796074,54460.9066545652,1.16333522293158,0.846772667108096
SMR,2017,San Marino,313.850322940524,,,,,,,,,,,,1528621192.886,0.258259899709444,52463.4195514851,1.01413313194508,0.88520550826938
SMR,2016,San Marino,320.146095231777,,,,,,,,,,,,1468342400.08249,2.34441211810459,53033.0552322114,0.644075340346552,0.903421436257288
SMR,2015,San Marino,321.364011035718,,,,,,,,,,,,1419400395.73301,2.29150309460655,52247.2075298399,0.145686073241066,0.901296423367096
SMR,2014,San Marino,,,,,,,,,,,,,1673910988.23529,-0.702370500438988,52909.2224071252,1.11296303373851,0.752728196932591
SMR,2013,San Marino,,,,,,,,,,,,,1678741201.56863,-0.78397212543554,50770.3673195862,1.60439298078082,0.752945122702002
STP,2025,Sao Tome and Principe,46.5686308941032,38000000.0,183000000.0,,,,,,,,,,981293586.906408,1.02847453097097,6388.47738664299,11.0474362281814,
STP,2024,Sao Tome and Principe,44.2789124818003,29000000.0,153000000.0,264.3,,,,,,,,,824992558.045383,1.47888850952698,6274.34741942922,14.3519273571008,22.6430098947812
STP,2023,Sao Tome and Principe,46.9745787336632,24000000.0,184000000.0,212.5,29.2734328924522,,,,,,0.8486,,690456806.696406,0.372252775001456,6155.05042011344,21.2589138473,22.6584247888496
STP,2022,Sao Tome and Principe,64.9920379103896,22000000.0,196000000.0,194.7,5.29429381815619,,,,,,0.8785,,540809499.189348,0.168698492216564,6032.7249522726,18.0056351122841,23.2904039548641
STP,2021,Sao Tome and Principe,57.9403473155232,21000000.0,166000000.0,187.1,8.17926748262372,,,,,,0.9737,,524402455.54816,1.89929891337832,5732.69456061536,8.13777038378732,20.7104015163031
STP,2020,Sao Tome and Principe,48.6640079711896,14000000.0,138000000.0,127.1,10.1711732976649,,,,,,0.608654,,471229484.607144,2.62485949543812,5144.53560286014,9.81932791540146,21.5070590993582
STP,2019,Sao Tome and Principe,67.5747989988655,13000000.0,148000000.0,115.6,17.0302488293151,,,,,49552.86,0.572749,,412976082.620705,2.01431672129407,4655.48496449805,7.72024525213248,21.8847418164689
STP,2018,Sao Tome and Principe,79.2002901440524,16000000.0,148000000.0,144.5,45.9673386504362,2.65,2.71,2.33,3.01,47989.86,0.561943,,383717327.830508,4.37812808264972,3941.03280858409,7.86859628873909,20.7508592370914
STP,2017,Sao Tome and Principe,92.8973617603292,15000000.0,147000000.0,133.0,34.6641558499787,,,,,62980.9,,,322002845.229335,4.11297966281954,3436.31010124694,5.6902961992902,21.7411383607116
STP,2016,Sao Tome and Principe,100.395470605091,14000000.0,139000000.0,122.0,68.1428492464163,2.325633,2.239876,2.117817,2.747457,67523.29,,,292267272.196925,5.17682468684113,3319.54261733278,5.43051966119156,22.1488606347838
STP,2015,Sao Tome and Principe,112.659579338965,11000000.0,142000000.0,100.0,46.9571385744385,,,,,84392.68,,,259999643.047388,1.5397042826735,3171.50905832741,5.24587835022454,22.0906445602113
STP,2014,Sao Tome and Principe,114.769955102294,17000000.0,170000000.0,154.1,1.3876421304608,2.733896,2.416667,2.58649,2.768308,75921.74,,,293119143.246825,4.90621048664867,3233.3568807314,6.99849943966421,18.4664030495763
STP,2013,Sao Tome and Principe,83.4581625069125,13000000.0,152000000.0,115.6,14.5178857105501,,,,,83154.38,,,267041747.584354,5.11967735428513,2945.73664283744,8.10583270875476,18.4499526248781
SAU,2025,Saudi Arabia,57.9182238579808,310672000000.0,254063000000.0,,,,,,,,,,1276942933333.33,4.50246560191663,73783.5613906833,2.08420853585036,3.75
SAU,2024,Saudi Arabia,56.4049374147889,305499000000.0,232806000000.0,150.1,0.544002126713625,,,,,8029571.0,,,1254140800000.0,2.64893068308965,71936.2510663399,1.68792112375809,3.75
SAU,2023,Saudi Arabia,55.7974682325487,320018000000.0,206940000000.0,157.2,0.590629141767828,,,,,11379951.0,1036.791068,,1218584800000.0,0.542592439393161,71623.785419098,2.32708518362706,3.75
SAU,2022,Saudi Arabia,56.8241647749332,411184000000.0,189877000000.0,202.0,0.29527343068195,3.4,3.0,3.6,3.6,10469213.0,1438.61450068,,1239075200000.0,12.0005874752929,71956.6694296826,2.47407371925372,3.75
SAU,2021,Saudi Arabia,50.8839263398787,276179000000.0,152849000000.0,135.7,0.305715240109385,,,,,9875946.0,678.56349068879,,982661066666.667,6.51959698325419,62690.4966645929,3.06328988941548,3.75
SAU,2020,Saudi Arabia,47.533159225048,173854000000.0,137997000000.0,85.4,0.605067588286761,,,,,9330437.0,581.5205976,,767951200000.0,-3.80478901996312,47518.4877485153,3.37234961012303,3.75
SAU,2019,Saudi Arabia,56.7938204886513,261603000000.0,153163000000.0,128.5,0.644531120548462,,,,,8905621.0,2043.245359,,888890133333.333,1.65158925617395,59560.2537904546,-1.19298644533328,3.75
SAU,2018,Saudi Arabia,59.1029104697141,294373000000.0,137065000000.0,144.6,0.544773695868422,3.01,2.66,3.11,3.3,8683456.0,1085.47,,886564800000.0,3.2269508901591,59377.8025368768,2.46594308994843,3.75
SAU,2017,Saudi Arabia,59.5319791578229,221835000000.0,134519000000.0,109.0,0.734713774616693,,,,,8082329.0,867.640758,,741266133333.333,1.18210705878283,53120.4572456269,-0.834845735027162,3.75
SAU,2016,Saudi Arabia,57.9216635110364,183579000000.0,140170000000.0,90.2,1.30537351092227,3.156376,2.691371,3.235413,3.532834,7683202.0,833.991,,689279466666.667,1.70404739202878,49937.0668103808,2.05347076823965,3.75
SAU,2015,Saudi Arabia,67.1052692300592,203550000000.0,174676000000.0,100.0,0.787374421693095,,,,,7793767.0,826.83,,693414400000.0,4.65512316652699,53930.8273872622,1.22269318552328,3.75
SAU,2014,Saudi Arabia,78.000111117736,342433000000.0,173834000000.0,168.2,0.590932385012284,3.148437,2.85644,3.34218,3.554646,6860353.0,1599.921996,,787153066666.667,4.02467158380668,62578.0708415156,2.24185348779063,3.75
SAU,2013,Saudi Arabia,80.2515014286783,375872000000.0,168155000000.0,184.7,0.712767946904906,,,,,6757693.0,1694.372004,,769755733333.333,2.94563789152025,62202.8859202572,3.51104209799866,3.75
SEN,2025,Senegal,71.0687063150657,10243000000.0,11947000000.0,,,,,,,,,,37006536238.3731,6.68227744849194,5463.21828561328,1.45900719841385,581.92848104034
SEN,2024,Senegal,68.2363510312865,6310000000.0,11389000000.0,253.3,3.0439766592332,,,,,881239.0,,,32169996051.8502,6.46220577412338,5097.24318834766,0.804503298792438,606.345297609063
SEN,2023,Senegal,71.5942815846823,5317000000.0,11879000000.0,210.4,1.60473886534447,,,,,848276.0,,,30696331295.7826,4.25743083300657,4781.55234083159,5.93947798773215,606.569750165917
SEN,2022,Senegal,79.3974220189679,5710000000.0,12065000000.0,225.0,2.30068688755071,,,,,738000.0,9.98639922456747,,27783332222.6759,3.85043193752725,4529.50264399113,9.69681899081073,623.759700911182
SEN,2021,Senegal,69.3759939883832,5202000000.0,9699000000.0,205.1,1.87918674699481,,,,,769358.0,3.312494155,,27520784129.7508,6.5440010991951,4173.67741399617,2.18032278088147,554.530675033104
SEN,2020,Senegal,60.0468716137065,3929000000.0,7812000000.0,155.3,0.744159035096107,,,,,696899.0,2.573077,,24530513037.7518,1.34207377285524,3752.91947490817,2.54314685681662,575.586004510945
SEN,2019,Senegal,64.2362506061005,4179000000.0,8144000000.0,164.8,0.93592502420732,,,,,695698.0,2.091018,,23403995992.1354,4.6136280976221,3647.95137357242,1.76011151192939,585.911013180369
SEN,2018,Senegal,61.7898394793183,3623000000.0,8071000000.0,142.5,2.80905964473892,2.25,2.17,2.22,2.52,674000.0,0.0,,23116701556.1381,6.20924103388887,3380.21596529445,0.460985642464188,555.446458398226
SEN,2017,Senegal,57.8165678119905,2989000000.0,6729000000.0,117.5,2.16301090357622,,,,,570500.0,0.041650904321273,,20965069572.7168,7.40748618589598,3229.51026655477,1.31815314847789,580.656749587858
SEN,2016,Senegal,54.1081692072139,2640000000.0,5478000000.0,102.8,2.71866597279454,2.327711,2.314744,2.233494,2.606071,540000.0,0.133149772,,19040312333.1864,6.35606857208136,3101.12348494108,0.837284942557434,592.605615063022
SEN,2015,Senegal,58.1103376742017,2612000000.0,5595000000.0,100.0,3.74965295934514,,,,,529724.0,3.09552348483269,,17774766696.1759,6.36704365066983,2994.28032714875,0.135211933635165,591.21169798261
SEN,2014,Senegal,58.4425289760992,2750000000.0,6555000000.0,108.7,1.83106566694929,2.62217,2.611111,2.3,2.525,456000.0,3.578448,,19797253440.2679,6.22407443790986,2853.80456250635,-1.09025507446895,493.757329875312
SEN,2013,Senegal,60.6267663596737,2661000000.0,6552000000.0,104.6,1.48006700980188,,,,,454050.0,4.47306,,18918667724.8817,2.41238527605579,2768.76818711984,0.710245486695176,493.899623852237
SRB,2025,Serbia,112.923490609083,37314000000.0,47227000000.0,,,,,,,,,,99953324472.9042,2.03039196235113,33909.7605745332,3.8903678606001,103.9754
SRB,2024,Serbia,111.725028388916,31586000000.0,42245000000.0,235.5,,,,,,,,,90088366320.4062,3.94992622592932,32832.274492238,4.6705297488997,108.207741666667
SRB,2023,Serbia,114.49206464322,30935000000.0,39838000000.0,232.2,,,,,,,19.33,,81343999280.0179,3.74793303561771,29776.9743496564,12.3719043552519,108.402691666667
SRB,2022,Serbia,131.913292283516,29058000000.0,41148000000.0,219.0,,2.8,2.2,2.4,3.4,,14.211,,66809895701.2152,2.70347705543654,26142.9143111159,11.9815117344703,111.662183333333
SRB,2021,Serbia,112.342298324945,25564000000.0,33797000000.0,191.5,,,,,,,14.071,2925.0,66159884072.5308,7.94905650472278,23406.3065657117,4.08510285335102,99.3959416666667
SRB,2020,Serbia,100.324460810129,19498000000.0,26233000000.0,145.7,,,,,,,8.101,2747.0,55874017668.998,-0.950023991851594,21013.0562995823,1.57553290083415,103.163291666667
SRB,2019,Serbia,107.577309546092,19630000000.0,26730000000.0,146.4,,,,,,,13.313,2865.0,53864693664.5568,4.75020793899014,20587.2567440786,1.84922984511086,105.249558333333
SRB,2018,Serbia,105.563713028559,19227000000.0,25882000000.0,142.9,,2.84,2.6,2.6,3.33,,17.7117,3186.0,52787520248.9242,4.64935035491007,18469.1042989985,1.95984076293801,100.175075
SRB,2017,Serbia,102.740445166934,16992000000.0,21947000000.0,126.3,,,,,,,7.355192,3288.0,45972834713.8077,2.3634031250553,17285.4135238265,3.13106248590115,107.75885
SRB,2016,Serbia,97.6906940431804,14874000000.0,19245000000.0,110.8,,2.762577,2.5,2.491071,3.228571,,4.737729,3087.0,42225495909.5633,2.97519807160826,16455.4885236331,1.12231397417769,111.27785
SRB,2015,Serbia,93.5281477663237,13376000000.0,17876000000.0,100.0,,,,,,,3.217,3248.0,41297410634.9586,1.2957386351958,15546.3082680414,1.39235822000187,108.811425
SRB,2014,Serbia,88.3815023270446,14845000000.0,20601000000.0,111.8,,2.962556,2.370655,2.725668,3.552764,,2.748,2988.0,49114321280.3466,-1.80427041681132,15296.1683250053,2.08244793880154,88.4053083333333
SRB,2013,Serbia,84.3322563766638,14614000000.0,20543000000.0,110.1,,,,,,,1.451004,3022.0,50455529604.0696,0.451578805330726,15246.9548612296,7.69426362896655,85.1588416666667
SYC,2025,Seychelles,172.28733997155,550000000.0,1520000000.0,,,,,,,,,,2387022853.48583,5.79795669973812,35854.0281615068,0.297589655467556,14.7254562696937
SYC,2024,Seychelles,175.872982613261,557000000.0,1446000000.0,142.6,0.0899054165105232,,,,,,,,2228608684.29911,3.34667429007052,33339.491987317,0.311726050919668,14.5296931907518
SYC,2023,Seychelles,183.842116553333,541000000.0,1451000000.0,138.1,0.0384062538993691,,,,,,1.17786,,2171547935.38159,5.17980996672414,31893.9628108379,-1.03530088431952,14.0181106992979
SYC,2022,Seychelles,191.578843890135,537000000.0,1364000000.0,136.8,25.0389916630188,,,,,,1.7028,,1999888599.25474,9.88048366355446,29215.6725189214,2.6260363285129,14.2727945255291
SYC,2021,Seychelles,183.77081501466,464000000.0,1133000000.0,117.8,3.34307615789092,,,,,,0.79776,,1487173794.80528,0.552281631207279,29979.8272686091,9.76909936973542,16.9205225709613
SYC,2020,Seychelles,153.48333156592,432000000.0,1004000000.0,110.4,3.28499927602696,,,,,,0.75756,,1382551751.56908,-11.7398608281732,31055.9442055039,1.20266463987123,17.6165187554113
SYC,2019,Seychelles,173.407846880196,518000000.0,1167000000.0,132.1,2.19832034015177,,,,,154423.4,2.40769,,1868690096.73454,5.5142920737342,34219.061370118,1.80709400809982,14.03325
SYC,2018,Seychelles,185.7075372109,569000000.0,1271000000.0,144.4,5.22056224291312,,,,,106038.2,7.793,,1784313926.76807,4.93947272254312,32091.2988657346,3.70291839111568,13.9111166666667
SYC,2017,Seychelles,197.442236417869,547000000.0,1302000000.0,139.9,30.7738888295257,,,,,104572.7,29.345,,1675370641.01416,6.95416218794271,30674.6487335442,2.85679575568437,13.6478416666667
SYC,2016,Seychelles,180.866188390939,460000000.0,1040000000.0,116.5,3.77391153812862,,,,,132214.6,20.123,,1568513348.14463,12.1175272453913,28811.3970334958,-1.01548191697626,13.3191166666667
SYC,2015,Seychelles,187.475012467679,415000000.0,991000000.0,100.0,8.03345957287178,,,,,127803.1,19.234992,,1432403352.12944,8.9140088750469,25435.2289894362,4.04194410725617,13.313925
SYC,2014,Seychelles,213.354469426486,540000000.0,1144000000.0,137.4,6.06816173457112,,,,,150696.8,32.310996,,1387577870.08161,4.0636918123521,24984.526915426,1.38583454581263,12.7470333333333
SYC,2013,Seychelles,196.517733268793,578000000.0,1082000000.0,146.3,9.56421110625926,,,,,135338.1,26.245992,,1333160407.38516,1.25373496242949,22487.2497747,4.33893848329099,12.0583166666667
SLE,2025,Sierra Leone,49.0960746822456,1534000000.0,1893000000.0,,,,,,,,,,7464157904.43509,4.60865077581276,3716.89410482498,7.48750166612986,
SLE,2024,Sierra Leone,40.5454450723139,1437000000.0,2049000000.0,303.3,,,,,,,,,6971127234.07241,4.29322334404611,3527.42124292431,28.6337500014115,
SLE,2023,Sierra Leone,55.286796968766,1328000000.0,1922000000.0,263.8,,,,,,,,,6415852766.09227,5.7100218981806,3371.09351712436,47.6428733253179,21.3048751103818
SLE,2022,Sierra Leone,45.054212809586,1059000000.0,1966000000.0,210.5,,,,,,,,,7121125277.18159,5.3135546141915,3143.46625292281,27.2082883814653,14.0476497942157
SLE,2021,Sierra Leone,42.1435161621354,697000000.0,1803000000.0,137.9,,,,,,,,,7166931483.2953,5.8968527047094,2849.38865839009,11.8739588840234,10.4394253194587
SLE,2020,Sierra Leone,30.613100943757,423000000.0,2146000000.0,84.0,,,,,,,,,6688307705.64217,-1.2533490322766,2719.0728691734,13.4468711101052,9.82992676332375
SLE,2019,Sierra Leone,37.5619529967261,635000000.0,1502000000.0,125.9,,,,,,78413.0,,,6523577590.38319,5.50270937378153,2704.05835704649,14.8049990906021,9.01022114400915
SLE,2018,Sierra Leone,37.3774603119412,554000000.0,1354000000.0,109.6,0.736114020377876,2.08,1.82,1.82,2.34,83621.0,,,6390514688.52816,2.8938564123677,2640.47566787646,16.0295447693699,7.93163174973728
SLE,2017,Sierra Leone,41.5213782343591,567000000.0,1301000000.0,112.3,0.0648798184326979,,,,,89100.0,,,5749846528.48046,3.20786087715987,2501.4531554482,18.2215094003386,7.38443222248692
SLE,2016,Sierra Leone,43.0672126969961,624000000.0,1068000000.0,123.4,0.00126037673647035,2.025402,1.909091,2.069467,2.229302,89063.0,,,6084297211.10217,6.43743652764257,2634.9252433025,10.8860609413903,6.29029741495228
SLE,2015,Sierra Leone,36.4823958242319,512000000.0,1530000000.0,100.0,0.00653704560292661,,,,,90000.0,,,6788352974.78329,-4.36333262093788,2560.04985807593,6.68943562498681,5.0807475
SLE,2014,Sierra Leone,51.1187772788807,1552000000.0,1568000000.0,307.7,0.00848089372569843,,,,,88125.0,,,7686138790.90872,-7.81501512457241,2762.04553745948,4.63931171409667,4.52415916666667
SLE,2013,Sierra Leone,53.3627646114117,1917000000.0,1780000000.0,380.0,,,,,,86250.0,,,7502762862.72657,14.6633238075229,2700.73807805259,5.52412877994266,4.33250083333334
SGP,2025,Singapore,320.306025413626,566872000000.0,505838000000.0,,,,,,,,,,603869516998.738,5.02588199508003,163353.990260152,0.902998495002676,1.30745
SGP,2024,Singapore,313.299377202408,505658000000.0,458686000000.0,143.8,59.429782938503,,,,,41124100.0,,,572877260178.427,5.3435120192366,153161.175431382,2.38951123595017,1.33623333333333
SGP,2023,Singapore,323.7012199919,476252000000.0,423448000000.0,135.5,56.1383758562278,,,,,39010000.0,7604.20871972,,511181761243.76,1.45026775889565,144728.385132013,4.83372362825798,1.34276666666667
SGP,2022,Singapore,330.246917062891,515802000000.0,475578000000.0,146.7,56.8269189876243,4.3,4.2,4.6,4.3,37289600.0,4695.577396,,514252535238.749,4.01027884472296,144417.646950009,6.13095418919732,1.37866666666667
SGP,2021,Singapore,326.53325458764,457357000000.0,406226000000.0,130.1,54.9722752514087,,,,,37571200.0,3666.850451,,441110903524.645,10.1410845197192,133990.186782104,2.31610315765146,1.34348333333333
SGP,2020,Singapore,331.080556828077,362534000000.0,329830000000.0,103.1,55.2615580095711,,,,,36870900.0,3019.926083,,351226533656.292,-3.61084281729929,102117.449503559,-0.172111865925382,1.37974166666667
SGP,2019,Singapore,324.270088576625,390763000000.0,359266000000.0,111.1,51.8165690079601,,,,,37195000.0,6411.98982815646,,376827390962.044,1.15877947300108,105521.619340296,0.567829988405447,1.36415833333333
SGP,2018,Singapore,325.725809994853,412955000000.0,370881000000.0,117.5,51.57228009959,4.0,3.89,4.06,4.32,36599200.0,6947.43532775345,,377976367877.038,3.18660848474074,104198.419110899,0.438784215129623,1.34884166666667
SGP,2017,Singapore,315.401433455385,373446000000.0,327923000000.0,106.2,53.0720442885638,,,,,33666600.0,5062.992579,,344795119213.571,4.32679370770501,96056.7007948924,0.576763191179996,1.380925
SGP,2016,Singapore,301.338866227561,330481000000.0,283339000000.0,94.0,52.2327295013631,4.143632,4.178941,4.20396,4.395202,30903600.0,6695.81127593532,,320759207438.623,3.91095306322606,90214.7780767093,-0.529809760375464,1.38154636363636
SGP,2015,Singapore,329.471398940262,351587000000.0,297087000000.0,100.0,52.2174549984101,,,,,30922300.0,6331.93030364296,,307998545269.398,2.97679931634806,87156.187383315,-0.521975611895763,1.374825
SGP,2014,Singapore,360.467319166237,415378000000.0,377914000000.0,118.1,50.6403255755208,4.004448,4.007115,4.278593,4.249636,33869300.0,6051.73592,,314863580758.455,3.93554027709007,84555.2446100826,1.03316955857629,1.26705
SGP,2013,Singapore,367.041780049019,410250000000.0,373016000000.0,116.7,50.3271857168025,,,,,32578700.0,6360.12415,,307576360584.992,4.81763099120676,83088.3185411658,2.36439793742726,1.2513
SXM,2025,Sint Maarten (Dutch part),,221000000.0,1302000000.0,,,,,,,,,,1887728480.44693,3.40000000000001,56490.5015205836,,1.79
SXM,2024,Sint Maarten (Dutch part),,227000000.0,1239000000.0,,,,,,,,,,1797836648.04469,3.00000089532888,53846.7442635227,,1.79
SXM,2023,Sint Maarten (Dutch part),,227000000.0,1164000000.0,,,,,,,,,,1686525977.65363,3.79999769985537,51729.2528621078,,1.79
SXM,2022,Sint Maarten (Dutch part),,209000000.0,1085000000.0,,,,,,,,,,1592564636.87151,13.9000012614164,48752.9549877316,,1.79
SXM,2021,Sint Maarten (Dutch part),,144000000.0,775000000.0,,,,,,,,,,1353071061.45251,4.57759677933345,40507.0672411717,,1.79
SXM,2020,Sint Maarten (Dutch part),,134000000.0,598000000.0,,,,,,,,,,1236428100.55866,-13.3167887221567,38901.4867603712,,1.79
SXM,2019,Sint Maarten (Dutch part),,181000000.0,928000000.0,,,,,,,105200.0,,,1407880446.92737,10.9650009352392,45715.6970519376,,1.79
SXM,2018,Sint Maarten (Dutch part),,148000000.0,919000000.0,,,,,,,101100.0,,,1259200446.92737,-6.85698299227944,41653.2008964784,,1.79
SXM,2017,Sint Maarten (Dutch part),,123000000.0,761000000.0,,,,,,,98101.0,,,1353212122.90503,-7.53521399882428,44479.2967076826,2.19201010962985,1.79
SXM,2016,Sint Maarten (Dutch part),,132000000.0,856000000.0,,,,,,,97991.0,,,1427017206.70391,0.96775836306881,44845.106868735,0.111682655737579,1.79
SXM,2015,Sint Maarten (Dutch part),,129000000.0,857000000.0,,,,,,,95190.0,,,1417888715.0838,0.105813149997005,44587.5911500766,0.330027165141066,1.79
SXM,2014,Sint Maarten (Dutch part),,132000000.0,1013000000.0,,,,,,,82643.0,,,1361811508.37989,1.58038221539113,43514.2365385271,1.88675466275266,1.79
SXM,2013,Sint Maarten (Dutch part),,164000000.0,925000000.0,,,,,,,80655.0,,,1022905027.93296,1.30673103459678,36178.1870158544,2.5286478853837,1.79
SVK,2025,Slovak Republic,170.342496403331,125443000000.0,122602000000.0,,,,,,,,,,154530066506.895,0.807418690144758,49308.7048471448,4.00042823495829,0.88496895841236
SVK,2024,Slovak Republic,171.212800151635,115794000000.0,113803000000.0,153.9,10.5935553645599,,,,,,,,140934076532.375,1.93867445549446,47846.6169154961,2.75760909424279,0.923889546117607
SVK,2023,Slovak Republic,181.39087235645,117494000000.0,113524000000.0,156.4,9.7184584659913,,,,,,,,133578518423.544,2.11263633214959,45864.6125430469,10.5319476645211,0.924839558470698
SVK,2022,Slovak Republic,204.056318531151,108386000000.0,112466000000.0,144.2,8.49041601420597,3.3,3.2,3.3,3.5,,,,115792972358.209,0.544591632137454,41529.408474315,12.7741463637611,0.949623753156941
SVK,2021,Slovak Republic,181.97948448512,103891000000.0,103891000000.0,138.3,9.00138940151075,,,,,,,8580.0,120511265913.343,5.6558588065555,38330.302743447,3.1496062992126,0.84549413889045
SVK,2020,Slovak Republic,167.534173320366,86640000000.0,84393000000.0,115.3,9.99741446798114,,,,,,,7268.0,107732602896.441,-2.58551241733207,35327.9439165588,1.93694126694223,0.875506396987998
SVK,2019,Slovak Republic,183.722608631236,89509000000.0,90001000000.0,119.1,9.91238882702626,,,,,,0.0,8480.0,105843498304.094,2.27589910019393,33985.6758419661,2.6645613342544,0.893276257067409
SVK,2018,Slovak Republic,188.732964699496,93425000000.0,92902000000.0,124.3,10.6364834767426,3.03,2.79,3.0,3.14,,,8691.0,106611673364.837,4.06211981896483,31509.8187291635,2.51403712883803,0.846772667108111
SVK,2017,Slovak Republic,186.644687399549,83414000000.0,81617000000.0,111.0,11.7654202302728,,,,,,,8486.0,95978130734.9766,2.87473327453695,30245.7825869756,1.31194588223247,0.885205508269372
SVK,2016,Slovak Republic,182.757379596201,77060000000.0,74680000000.0,102.5,10.7371880441488,3.336895,3.277778,3.243352,3.808031,,,9111.0,90347173228.6356,1.94781841524558,29867.9803390081,-0.520010196278358,0.903421436257263
SVK,2015,Slovak Republic,179.42602289503,75146000000.0,72837000000.0,100.0,11.1586996928016,,,,,,,8439.0,89178548717.3324,5.17687909722133,30147.9903672541,-0.325219777427765,0.901296423367096
SVK,2014,Slovak Republic,176.756316098132,86227000000.0,81549000000.0,114.7,11.14773596298,3.254533,2.888889,3.218518,3.942416,,,8829.0,101713075598.862,2.70795151449488,29108.072180194,-0.0761653295419871,0.752728196932603
SVK,2013,Slovak Republic,180.903136491458,85701000000.0,81915000000.0,114.1,11.0149736185922,,,,,,0.0,8494.0,99134277850.3418,0.703323545247201,28075.4326236719,1.40047368963025,0.752945122701996
SVN,2025,Slovenia,151.915368839135,96596000000.0,92525000000.0,,,,,,,,,,79648204979.3618,1.05992996255246,59244.7106359661,2.37284807226549,0.88496895841236
SVN,2024,Slovenia,155.657928684474,78906000000.0,84455000000.0,247.6,8.34338034336379,,,,,1133340.0,,,72972015197.3859,1.73139722479493,57570.5904042272,1.96562656432505,0.923889546117607
SVN,2023,Slovenia,160.1596693009,73045000000.0,71634000000.0,228.8,8.20345582131026,,,,,1066093.0,,,69255264238.3855,2.3758326648385,56150.6852244867,7.44687717385846,0.924839558470698
SVN,2022,Slovenia,186.647076274632,69716000000.0,69761000000.0,218.3,8.56978643924213,3.3,3.4,3.6,3.3,1017798.0,,,59899117741.0022,2.66850555542486,52322.1405997493,8.83369886749452,0.949623753156941
SVN,2021,Slovenia,161.788727511439,57352000000.0,57560000000.0,179.6,6.20930603257085,,,,,997000.0,,4937.0,61540813361.8556,8.41686457725321,45922.6632600134,1.91706506089269,0.84549413889045
SVN,2020,Slovenia,147.549008584942,44832000000.0,42225000000.0,140.4,7.79985278570807,,,,,945007.0,,4726.0,53384760135.1581,-4.08500094942896,41767.2579899957,-0.05485681576061,0.875506396987998
SVN,2019,Slovenia,160.044275685249,44943000000.0,44007000000.0,140.8,7.35392450360767,,,,,959000.0,0.35950656,5292.0,53909922735.545,3.50525332381912,42373.2506369279,1.63052260754335,0.893276257067409
SVN,2018,Slovenia,162.613493975851,44200000000.0,42267000000.0,138.4,6.83053982321457,3.31,3.42,3.26,3.7,988499.0,0.54284,5151.0,53689067639.9176,4.37908347331195,38620.2045436305,1.7386086198818,0.846772667108111
SVN,2017,Slovenia,158.70213584467,38443000000.0,36078000000.0,120.4,6.50844824804584,,,,,911528.0,0.5664,5128.0,48153200134.6613,5.17440215579958,36180.0384547624,1.42910743319306,0.885205508269372
SVN,2016,Slovenia,148.238448080388,32917000000.0,30537000000.0,103.1,7.14418674805758,3.184508,2.882353,3.189909,3.473093,844000.0,0.41874,4360.0,44290685824.0682,3.03441486663654,33575.1775435757,-0.0549995416705683,0.903421436257263
SVN,2015,Slovenia,147.218367714503,31929000000.0,29815000000.0,100.0,7.00769445649105,,,,,790736.0,0.8,4175.0,42709468274.8137,2.39330621338168,31336.2043858881,-0.525552285820783,0.901296423367096
SVN,2014,Slovenia,146.471705096746,35956000000.0,33934000000.0,112.6,6.41719007974407,3.383272,3.113836,3.349875,3.817306,647033.0,1.098,4110.0,49514466379.6057,2.76283327639742,30571.9753019832,0.199343826570844,0.752728196932603
SVN,2013,Slovenia,145.168789432403,34019000000.0,33373000000.0,106.5,6.73818283854427,,,,,600441.0,0.988,3799.0,47867056858.8892,-0.823776417691676,29634.0657611471,1.76920085881897,0.752945122701996
SLB,2025,Solomon Islands,,677000000.0,790000000.0,,,,,,,,,,1749572442.95016,3.61715088072386,2787.61656406214,3.36462189317825,8.32684233252033
SLB,2024,Solomon Islands,111.352972154204,507000000.0,739000000.0,151.2,,,,,,,,,1583964703.75061,2.99755987604104,2679.1210283533,4.32183948388033,8.45483560171654
SLB,2023,Solomon Islands,101.134531825762,431000000.0,707000000.0,128.4,,,,,,,9.1443765,,1506124566.40404,2.84111851154807,2599.03676008376,5.88585897042164,8.37559677613046
SLB,2022,Solomon Islands,74.8355405899571,340000000.0,613000000.0,100.4,,2.8,2.4,2.6,3.2,,6.187182,,1466670929.62333,-2.58448361755723,2496.15153066833,5.51812928576938,8.1555286976263
SLB,2021,Solomon Islands,67.4200567620007,371000000.0,526000000.0,110.4,,,,,,,,,1558312103.84225,-0.227975292792024,2450.18399709553,-0.115437894412839,8.03010299104933
SLB,2020,Solomon Islands,60.2204367377792,379000000.0,453000000.0,112.9,,,,,,,,,1536143427.82958,-3.38125925839405,2405.69259474986,2.96354992076065,8.21341290967261
SLB,2019,Solomon Islands,82.9985659020552,461000000.0,590000000.0,137.3,,,,,,128035.7,0.0,,1619150563.92084,1.74925244485951,2512.01387970749,1.63485544012247,8.17339929777839
SLB,2018,Solomon Islands,88.4949614655388,569000000.0,601000000.0,169.5,1.35922325473902,2.57,2.77,2.21,3.12,174614.2,3.842515754,,1615473250.25259,2.74585244829055,2493.97675735682,3.46147484973729,7.95250486131003
SLB,2017,Solomon Islands,82.1974922027324,500000000.0,572000000.0,148.8,1.02247016917326,,,,,180838.4,3.842515754,,1469790526.3972,3.07546176144591,2454.04671907288,0.488686760261083,7.88739036909183
SLB,2016,Solomon Islands,85.54984577725,437000000.0,454000000.0,129.9,1.74290501170671,2.417321,2.6,2.20718,2.764786,181636.1,3.595603574,,1379486290.71433,5.55494348257992,2421.18991110932,0.512485626268792,7.94815293778867
SLB,2015,Solomon Islands,88.1884859107326,400000000.0,466000000.0,100.0,2.79939518069534,,,,,195524.2,3.69158478,,1307908813.59962,1.67578612030815,2353.78235282563,-0.57446928635949,7.91468897735788
SLB,2014,Solomon Islands,93.4534073008692,459000000.0,499000000.0,136.1,,2.587528,2.492677,2.463384,2.963384,203915.3,3.235068,,1335576762.84974,1.18945509547778,2377.38397006085,5.16590237925171,7.37534535364211
SLB,2013,Solomon Islands,99.6074605551315,487000000.0,537000000.0,144.8,,,,,,143879.5,3.077352,,1285905957.64116,5.23744704670068,2394.46788082843,5.3913638858756,7.30213510004206
SOM,2025,"Somalia, Fed. Rep.",128.063438809135,1300000000.0,3930000000.0,,,,,,,,,,12995200000.2658,2.99114404482197,1642.77032278186,,
SOM,2024,"Somalia, Fed. Rep.",130.325060583271,1473000000.0,3983000000.0,166.0,,,,,,,,,11967000000.0,4.11139335779471,1604.29116285918,,
SOM,2023,"Somalia, Fed. Rep.",103.121007483117,993000000.0,4015000000.0,148.7,,,,,,,,,10958000000.0,4.17524257571303,1556.89233845758,,
SOM,2022,"Somalia, Fed. Rep.",90.7576203077526,733000000.0,4156000000.0,109.9,,2.0,1.5,1.9,2.3,,,,10203000000.0,2.71821202053759,1486.23689665021,,
SOM,2021,"Somalia, Fed. Rep.",79.0994411051355,503000000.0,3838000000.0,75.4,,,,,,,,,9483000000.0,3.44719850031242,1392.31782053371,,
SOM,2020,"Somalia, Fed. Rep.",75.6954102920723,513000000.0,3505000000.0,77.0,,,,,,,,,8628000000.0,-2.76455696202532,1454.26711848855,,
SOM,2019,"Somalia, Fed. Rep.",70.2980591497227,570000000.0,3210000000.0,85.6,,,,,,92238.0,0.0,,8656000000.0,2.80033312513012,1548.27250940098,,
SOM,2018,"Somalia, Fed. Rep.",73.8219230280706,534000000.0,2648000000.0,80.2,,2.21,2.0,1.81,2.2,115339.8,0.0,,7873000000.0,2.05431507261069,1551.52773977473,,
SOM,2017,"Somalia, Fed. Rep.",68.6756490932841,464000000.0,2580000000.0,69.7,,,,,,126312.9,,,7621501710.0012,14.7357956045195,1596.81409178022,,23097.9873219373
SOM,2016,"Somalia, Fed. Rep.",74.3615625516249,615000000.0,2072000000.0,92.4,,1.747098,1.285714,1.571429,2.346939,104800.4,,,6613743069.99912,7.03487260042162,1468.50438474605,,23061.7843138651
SOM,2015,"Somalia, Fed. Rep.",76.4793322385239,678000000.0,2158000000.0,100.0,,,,,,77094.9,,,6152149099.99942,10.4621881235147,1341.38999678728,,22254.2356837607
SOM,2014,"Somalia, Fed. Rep.",81.7010414559322,671000000.0,2035000000.0,100.8,,1.773126,2.0,1.5,1.875,65622.57,1.363692,,5728399719.99958,8.97800590574617,1127.71922200338,,20230.9291310541
SOM,2013,"Somalia, Fed. Rep.",83.3409991258378,633000000.0,1844000000.0,93.1,,,,,,37679.92,1.440588,,5062881600.00104,10.9592986164311,944.404567280324,,19283.7999504521
ZAF,2025,South Africa,60.9110971393628,116399000000.0,128080000000.0,,,,,,,,,,427184325997.307,1.11462608103956,15905.6794419658,3.20550474112603,17.8887489855833
ZAF,2024,South Africa,61.646770473025,110076000000.0,123470000000.0,135.9,5.70923344153222,,,,,4303682.0,,,401144998373.585,0.534843531905139,15478.6456794969,4.36115246518962,18.3286575505
ZAF,2023,South Africa,65.6798759740707,110855000000.0,130745000000.0,136.9,4.95551571209936,,,,,4123821.0,59.665317008098,,381440724491.232,0.80610455095804,15212.2609596178,6.0752438457966,18.4502441785
ZAF,2022,South Africa,64.94713440234,122901000000.0,136207000000.0,151.7,5.52196923336353,3.7,3.3,3.6,3.8,4053350.0,143.30777732,,407596043067.885,2.05813661692193,14746.7103701698,7.03987272546482,16.3558534845
ZAF,2021,South Africa,56.1647136277546,123572000000.0,113989000000.0,152.6,5.54756049045268,,,,,4415223.0,15.131581,,419986284375.368,4.85864865060148,13681.9548144813,4.61874544887136,14.7786782139167
ZAF,2020,South Africa,50.7596590804177,85834000000.0,84062000000.0,106.0,5.62171975958479,,,,,4075618.0,102.392463,,337974655408.055,-6.1689177146757,12671.0862436851,3.23238831615113,16.4591053903333
ZAF,2019,South Africa,53.8979964081406,90016000000.0,107539000000.0,111.1,4.89552263425361,,,,,4529034.0,565.20947,,389330032224.269,0.25993557687633,13361.4851289112,4.10285075461156,14.4484270548333
ZAF,2018,South Africa,54.4855451276341,93970000000.0,113971000000.0,116.0,5.27331266850248,3.38,3.17,3.19,3.74,4892423.0,696.730006,,405260723892.517,1.55678384721676,13347.3634826038,4.50987264867388,13.2339264715833
ZAF,2017,South Africa,53.5359318293741,88947000000.0,101576000000.0,109.8,5.67982442723305,,,,,4563618.0,833.347947527025,,381448814653.456,1.15794695181735,13738.4385854596,5.18618655524149,13.3238014244992
ZAF,2016,South Africa,55.8612575048782,76214000000.0,91692000000.0,94.1,6.65712319984824,3.775321,3.59546,3.776261,4.018158,4354666.0,767.271186,,323585509674.481,0.664552307858116,13519.3235102376,6.60290842394872,14.7096108855267
ZAF,2015,South Africa,56.7266761447156,81002000000.0,104651000000.0,100.0,7.40645815320547,,,,,4662479.0,892.734324084,,346709790458.563,1.32186223678229,13397.5234813346,4.51869094892506,12.7589308811644
ZAF,2014,South Africa,59.4995740550593,93043000000.0,121950000000.0,114.9,6.66015445560224,3.431244,3.107811,3.2,3.881041,4588327.0,1042.73626391249,,381198869776.106,1.41382645223793,13358.9417186608,6.13282953059149,10.8526555687831
ZAF,2013,South Africa,58.875027630051,96153000000.0,126330000000.0,118.7,6.52269958623918,,,,,4693942.0,1122.986468,,400886013595.573,2.48546800826588,13369.4382039605,5.78016910069176,9.65505606913526
SSD,2025,South Sudan,,955000000.0,1271000000.0,,,,,,,,,,,,,,
SSD,2024,South Sudan,,891000000.0,1187000000.0,,,,,,,,,,,,,91.4408220769046,2163.10387269883
SSD,2023,South Sudan,,870000000.0,1161000000.0,,,,,,,,,,,,,2.38280434813754,930.331429534051
SSD,2022,South Sudan,,907000000.0,1228000000.0,,,,,,,,,,,,,-6.68732094212668,534.511188691756
SSD,2021,South Sudan,,812000000.0,1080000000.0,,,,,,,,,,,,,10.5167158294358,306.354619937276
SSD,2020,South Sudan,,783000000.0,983000000.0,,,,,,,,,,,,,29.6758435538572,165.907316666667
SSD,2019,South Sudan,,1613000000.0,,,,,,,,,,,,,,87.2413641500032,157.999166666667
SSD,2018,South Sudan,,,,,,,,,,,,,,,,83.5015294922,141.385833333333
SSD,2017,South Sudan,,,,,,,,,,,,,,,,187.851630279442,113.6475
SSD,2016,South Sudan,,,,,,,,,,,,,,,,379.999585624026,46.7291666666667
SSD,2015,South Sudan,65.5513491845003,,,,,,,,,,,,11997800760.2242,-10.7933646271143,1154.88686304107,52.7663304192143,3.60416666666667
SSD,2014,South Sudan,64.6345178070809,,,,,,,,,,,,13962212847.4576,3.37364847715736,1372.75618491146,1.6742990629552,2.95
SSD,2013,South Sudan,50.8112465907463,,,,,,,,,,,,18426469016.9492,13.1297311406943,1916.8535588619,-0.0580909784225664,2.95
ESP,2025,Spain,69.4508260073781,445106000000.0,513316000000.0,,,,,,,,,,1906453309985.88,2.82495400578509,59867.6944716701,2.699932857627,0.88496895841236
ESP,2024,Spain,69.9502612382631,428505000000.0,479331000000.0,150.3,9.28447661569937,,,,,18114517.0,,,1725671652742.19,3.45525405630191,58063.7350840487,2.747147886618,0.923889546117607
ESP,2023,Spain,71.7976366055733,422487000000.0,469877000000.0,149.7,9.56253561613111,,,,,16380201.0,1130.88259932,,1619481980719.64,2.46085796805582,55661.317481747,3.53236133492433,0.924839558470698
ESP,2022,Spain,78.4657338703054,415462000000.0,494259000000.0,147.2,12.5837187911388,3.9,3.6,3.8,4.2,17161676.0,956.252026,,1448850658406.62,6.37031712129601,51482.523634807,8.39057634118637,0.949623753156941
ESP,2021,Spain,66.524588943191,379969000000.0,419700000000.0,134.6,9.39320382214351,,,,,17712459.0,850.819356,10299.0,1461244901852.69,6.68314420473001,44251.6658222621,3.09313511976402,0.84549413889045
ESP,2020,Spain,59.4461280147076,308317000000.0,326192000000.0,109.2,7.76842135531122,,,,,16745921.0,494.260587847,8969.6,1289783836971.21,-10.9400706350371,39327.8479269599,-0.322753017299649,0.875506396987998
ESP,2019,Spain,66.3662250440692,334018000000.0,372750000000.0,118.3,6.84640091103014,,,,,17464920.0,1191.466578,10459.0,1403496387686.27,1.96117850841711,44042.757577336,0.699518994458648,0.893276257067409
ESP,2018,Spain,67.0094103982921,346754000000.0,390562000000.0,122.8,6.76693548745416,3.83,3.62,3.84,4.06,17165709.0,1118.73285,10792.0,1431642809327.06,2.39541124478878,41015.1565755187,1.67498136863799,0.846772667108111
ESP,2017,Spain,66.167446137857,319531000000.0,351981000000.0,113.2,6.99949013494316,,,,,15929902.0,1078.63356,10507.0,1321754088818.83,2.89604207865007,39825.2498116292,1.95607633363954,0.885205508269372
ESP,2016,Spain,63.1886778507294,289981000000.0,310921000000.0,102.7,7.80248141094868,3.727412,3.477058,3.716888,3.999192,15073218.0,1068.160640636,10644.0,1243015667917.12,2.91515598595787,37612.7188681342,-0.202598000426358,0.903421436257263
ESP,2015,Spain,63.5820412248232,282274000000.0,311851000000.0,100.0,6.88833506484239,,,,,14288388.0,1035.487113,10812.0,1206164777553.12,4.06086672473866,35228.6333036223,-0.500365709903243,0.901296423367096
ESP,2014,Spain,63.39926213895,324533000000.0,358860000000.0,115.0,6.91215361464722,3.718636,3.62747,3.773806,4.074288,14205033.0,962.636446,10303.0,1380244561361.96,1.52048593647231,33760.9555646369,-0.151114837527235,0.752728196932603
ESP,2013,Spain,61.6687726441327,317833000000.0,340598000000.0,112.5,6.97005295956388,,,,,13903835.0,957.997754181,9366.0,1362186923157.65,-1.42732224757626,32613.6891811474,1.40858109183009,0.752945122701996
LKA,2025,Sri Lanka,41.8090026525048,13581000000.0,21480000000.0,,,,,,,,,,108825231671.196,4.9534339114043,17065.0298635432,-4.76386036960983,
LKA,2024,Sri Lanka,42.1196098331113,12772000000.0,18842000000.0,121.1,1.53793971540437,,,,,7782776.0,,,99616111265.7633,4.99241614398109,15701.0907191253,-0.42936004906973,
LKA,2023,Sri Lanka,43.3476681195134,11911000000.0,16811000000.0,112.9,1.41723845257758,,,,,6940000.0,278.498286,,84080307355.5983,-2.0289296690344,14512.1432202455,16.5411742279832,327.506533333333
LKA,2022,Sri Lanka,46.6826080179359,13107000000.0,18291000000.0,124.3,1.0863745770214,2.8,2.5,2.4,3.3,6860000.0,314.752588,,74143020303.663,-7.34919311146656,14191.4051912109,49.7211021114327,322.632674256475
LKA,2021,Sri Lanka,41.2288463294978,12499000000.0,20637000000.0,118.5,1.04519129609506,,,,,7250000.0,412.484,,88556699052.2008,4.2074764950026,14316.1352225567,7.01478071238195,198.764316844656
LKA,2020,Sri Lanka,37.0891188568192,10047000000.0,16055000000.0,95.3,1.25639280641254,,,,,6850000.0,226.479,,84335574372.2997,-4.62451503712715,12940.9043296014,6.15394508391738,185.592557772213
LKA,2019,Sri Lanka,49.4255238852768,11940000000.0,19937000000.0,113.2,1.10210418160865,,,,,7230000.0,394.05,,88998706177.9986,-0.220483886824823,14112.9525042604,3.52839358231811,178.744925045848
LKA,2018,Sri Lanka,49.8093967520437,11890000000.0,22233000000.0,112.7,,2.6,2.58,2.49,2.79,7000000.0,436.198,,94450015982.806,2.31008425504933,14178.0225361835,2.135037737132,162.464858736778
LKA,2017,Sri Lanka,47.1404098001494,11360000000.0,20980000000.0,107.7,1.0199370522552,,,,,6200000.0,398.473464249,,94369350439.4732,6.46068127080994,13610.4723136277,7.70413767850602,152.446413948767
LKA,2016,Sri Lanka,46.4715370250761,10310000000.0,19183000000.0,97.8,0.94390431969077,,,,,5734000.0,403.075583974751,,88000210878.1236,5.05362488993089,13078.5605089011,3.9588884659307,145.581667492026
LKA,2015,Sri Lanka,46.9179708088698,10547000000.0,18935000000.0,100.0,0.891656259432803,,,,,5185000.0,381.6320526,127.39,85090300895.6546,4.20595547501601,12227.171484965,3.76836783062096,135.856912797089
LKA,2014,Sri Lanka,,11298000000.0,19417000000.0,107.1,0.954466727549862,2.695239,2.5625,2.23151,3.119593,4907901.0,384.70865414,,82531125461.843,6.37797889684965,11720.5978109851,3.1790022823606,130.564685218829
LKA,2013,Sri Lanka,,10208000000.0,18003000000.0,96.8,1.03921263563127,,,,,4306206.0,385.12,133.0,76976204074.978,4.0517463303875,11252.6311492148,6.90845034828452,129.069030932888
KNA,2025,St. Kitts and Nevis,,34000000.0,410000000.0,,,,,,,,,,1183514814.81481,2.68858456990016,36777.262691657,,2.7
KNA,2024,St. Kitts and Nevis,,31000000.0,368000000.0,61.2,,,,,,,,,1122388888.88889,0.312226855858171,34897.2104637487,,2.7
KNA,2023,St. Kitts and Nevis,,25000000.0,333000000.0,49.7,,,,,,,,,1055651851.85185,3.02127526129283,34007.6371717125,3.55711230848243,2.7
KNA,2022,St. Kitts and Nevis,,29000000.0,326000000.0,55.9,,,,,,,,,981429629.62963,10.4804941546807,31865.8304697944,2.66817533111249,2.7
KNA,2021,St. Kitts and Nevis,,50000000.0,260000000.0,97.4,,,,,,,,,858622222.222222,0.367606879216311,26896.6177065978,1.195688870384,2.7
KNA,2020,St. Kitts and Nevis,,52000000.0,271000000.0,97.5,,,,,,13560.375,,,883922222.222222,-15.3018891740649,27326.036057423,-1.16724501769353,2.7
KNA,2019,St. Kitts and Nevis,,58000000.0,338000000.0,105.2,,,,,,13629.25,,,1107855555.55556,2.93824658056356,32482.094417215,-0.329562063663977,2.7
KNA,2018,St. Kitts and Nevis,,54000000.0,335000000.0,103.4,,,,,,13491.5,,,1076548148.14815,2.00352549800972,30794.8986482634,-1.03712214131572,2.7
KNA,2017,St. Kitts and Nevis,,50000000.0,309000000.0,95.8,34.6026368990477,,,,,13767.0,,,1056977777.77778,0.220941147299996,29578.6311625727,0.694916711613604,2.7
KNA,2016,St. Kitts and Nevis,,51000000.0,333000000.0,93.2,25.7634764740236,,,,,13216.0,,,1006818518.51852,3.93270319273282,28214.709934443,-0.687037123294039,2.7
KNA,2015,St. Kitts and Nevis,,55000000.0,297000000.0,100.0,23.2803409936861,,,,,13511.0,,,957222222.222222,0.694135527876625,26877.4665031101,-2.30187563045616,2.7
KNA,2014,St. Kitts and Nevis,,57000000.0,268000000.0,107.2,27.6354391081585,,,,,12909.0,,,952111111.111111,7.57696602328922,26755.5969780771,0.247865392364942,2.7
KNA,2013,St. Kitts and Nevis,,56000000.0,249000000.0,104.7,35.1205954564663,,,,,3064.0,,,874548148.148148,5.72728087234704,24624.4362309063,1.10698554000129,2.7
LCA,2025,St. Lucia,,85000000.0,1009000000.0,,,,,,,,,,2656444444.44444,-0.57407528214496,28673.8437920214,2.02709512086274,2.7
LCA,2024,St. Lucia,,92000000.0,964000000.0,53.3,,,,,,,,,2605148148.14815,4.76890217855616,28116.7677870924,-0.674240853418779,2.7
LCA,2023,St. Lucia,,80000000.0,900000000.0,46.5,,,,,,37054.0,,,2441259259.25926,3.90774802925928,26253.9280339233,3.81914546156358,2.7
LCA,2022,St. Lucia,,79000000.0,834000000.0,45.7,,,,,,38973.0,,,2319888888.88889,19.3456795355342,24433.7034481087,9.65268564265764,2.7
LCA,2021,St. Lucia,,59000000.0,602000000.0,33.9,,,,,,35538.0,,,1871111111.11111,11.1466993240856,19141.3272253168,2.41070312174393,2.7
LCA,2020,St. Lucia,,55000000.0,504000000.0,31.3,9.33224017462958,,,,,35721.0,,,1521740740.74074,-22.9005138634176,15135.6187398708,-1.75580833517594,2.7
LCA,2019,St. Lucia,,82000000.0,598000000.0,46.6,10.5277013660072,,,,,39238.0,,,2090074074.07407,-1.0293678947917,18662.8504698815,0.539087559191757,2.7
LCA,2018,St. Lucia,,62000000.0,659000000.0,33.3,14.3495987473129,,,,,33657.0,,,2060955555.55556,2.88677902171601,17433.3010328737,1.93561893150602,2.7
LCA,2017,St. Lucia,,127000000.0,655000000.0,64.7,4.56902283276527,,,,,29706.0,,,1998503703.7037,3.37982617272246,16130.9721097011,0.104262078958441,2.7
LCA,2016,St. Lucia,,120000000.0,655000000.0,67.9,6.42816003025321,,,,,38383.0,,,1868544444.44444,3.42787214525211,15306.7258058706,-3.07821765676927,2.7
LCA,2015,St. Lucia,,180000000.0,570000000.0,100.0,4.5586955104063,,,,,46585.0,,,1807640740.74074,0.101917836412952,14353.2224845845,-0.983600952696996,2.7
LCA,2014,St. Lucia,,161000000.0,627000000.0,91.4,6.26898306984051,,,,,41521.0,,,1749185185.18518,1.32809022110105,14403.0832732506,3.51695551369241,2.7
LCA,2013,St. Lucia,,174000000.0,620000000.0,99.1,8.51844542138468,,,,,64415.0,,,1660392592.59259,-1.81877603735991,14009.9844560139,1.46856511035428,2.7
MAF,2025,St. Martin (French part),,,,,,,,,,,,,,,,,0.88496895841236
MAF,2024,St. Martin (French part),,,,,,,,,,,,,,,,,0.923889546117607
MAF,2023,St. Martin (French part),,,,,,,,,,,,,,,,,0.924839558470698
MAF,2022,St. Martin (French part),,,,,,,,,,,,,,,,,0.949623753156941
MAF,2021,St. Martin (French part),,139000000.0,806000000.0,,,,,,,,,,649206262.847519,4.89999967133534,,,0.84549413889045
MAF,2020,St. Martin (French part),,134000000.0,595000000.0,,,,,,,,,,,-12.500002246731,,,0.875506396987998
MAF,2019,St. Martin (French part),,181000000.0,922000000.0,,,,,,,,,,652206037.103874,6.50000363700821,,,0.893276257067409
MAF,2018,St. Martin (French part),,148000000.0,919000000.0,,,,,,,,,,,-7.99999506898229,,,0.846772667108111
MAF,2017,St. Martin (French part),,123000000.0,761000000.0,,,,,,,,,,,-8.00000324038295,,,0.885205508269372
MAF,2016,St. Martin (French part),,132000000.0,856000000.0,,,,,,,,,,,5.0,,,0.903421436257263
MAF,2015,St. Martin (French part),,129000000.0,857000000.0,,,,,,,,,,,1.0,,,0.901296423367096
MAF,2014,St. Martin (French part),,132000000.0,1013000000.0,,,,,,,,,,772921958.529509,,,,0.752728196932603
MAF,2013,St. Martin (French part),,164000000.0,925000000.0,,,,,,,,,,,,,,0.752945122701996
VCT,2025,St. Vincent and the Grenadines,,37000000.0,509000000.0,,,,,,,,,,1255222222.22222,3.3921670546227,22799.4005332261,0.815322893749171,2.7
VCT,2024,St. Vincent and the Grenadines,,57000000.0,506000000.0,125.4,,,,,,24416.0,,,1157207407.40741,4.06183490050209,21302.9730252553,3.62770736940927,2.7
VCT,2023,St. Vincent and the Grenadines,,41000000.0,456000000.0,89.6,4.93442861881868,,,,,20299.0,,,1072237037.03704,5.32636472098717,19836.205036664,4.56457719814894,2.7
VCT,2022,St. Vincent and the Grenadines,,46000000.0,438000000.0,100.3,4.0070872997932,,,,,23830.0,,,989188888.888889,3.1108330034352,18032.4150562634,5.66009779226552,2.7
VCT,2021,St. Vincent and the Grenadines,,35000000.0,373000000.0,76.1,0.00345024871330536,,,,,21000.0,,,888677777.777778,2.09340124465459,16200.8994597845,1.57272932500558,2.7
VCT,2020,St. Vincent and the Grenadines,,55000000.0,321000000.0,120.0,0.0,,,,,18446.0,,,864566666.666667,-4.26892434422649,15336.5987771764,-0.628131309354654,2.7
VCT,2019,St. Vincent and the Grenadines,,39000000.0,335000000.0,84.1,9.92617584682862,,,,,18222.0,,,910481481.481481,0.668428481084234,15339.5560281064,0.91306972532459,2.7
VCT,2018,St. Vincent and the Grenadines,,44000000.0,354000000.0,81.7,0.00108928827278134,,,,,18107.0,,,884329629.62963,3.1756114423991,14689.8500710886,2.32414485367921,2.7
VCT,2017,St. Vincent and the Grenadines,,42000000.0,330000000.0,92.5,0.000819764125541957,,,,,17502.0,,,844040740.740741,1.54810173239956,13575.4319769513,2.15333648840511,2.7
VCT,2016,St. Vincent and the Grenadines,,47000000.0,335000000.0,101.7,0.00401031383724292,,,,,18236.0,,,814303703.703704,4.1496810046981,13493.4773120997,-0.149641647633284,2.7
VCT,2015,St. Vincent and the Grenadines,,46000000.0,334000000.0,100.0,0.0,,,,,16342.0,,,786555555.555555,2.78509791763551,12378.842727428,-1.73361194953959,2.7
VCT,2014,St. Vincent and the Grenadines,,48000000.0,361000000.0,104.1,0.0460391383268238,,,,,16737.0,,,770900000.0,1.1457271877622,12135.5830510291,0.193858560794015,2.7
VCT,2013,St. Vincent and the Grenadines,,49000000.0,370000000.0,100.1,0.21402428790732,,,,,16826.0,,,764781259.259259,2.4624841721544,11624.8625142076,0.805127804267928,2.7
SDN,2025,Sudan,2.38193028387697,2800000000.0,6200000000.0,,,,,,,,,,60162634574.4689,3.06427942935869,2192.27221679688,,
SDN,2024,Sudan,1.99541210225008,3134000000.0,4911000000.0,75.0,,,,,,,,,49672435513.1126,-13.9643378424022,2118.88891601563,,
SDN,2023,Sudan,2.47372878267665,3628000000.0,7317000000.0,83.9,,,,,,,20.03647852,,39898289820.7951,-29.4332716274387,2422.6533203125,,
SDN,2022,Sudan,2.69883443585856,4357000000.0,11095000000.0,98.2,,2.4,2.1,2.3,2.7,,27.43780747,,51666875363.0963,-0.957816591119183,3354.84643554688,138.80846024176,546.75885
SDN,2021,Sudan,4.12754863828426,5027000000.0,9894000000.0,108.9,,,,,,320274.0,25.8138525,,34229513774.9936,-1.8685204827207,3248.9755859375,359.093040778999,370.790583333333
SDN,2020,Sudan,9.95514507626151,3803000000.0,9838000000.0,85.5,,,,,,396267.0,,,27034593750.0,-3.62980082410752,3348.57836914063,163.257782355458,53.9960119047619
SDN,2019,Sudan,26.1196204552625,3735000000.0,9291000000.0,99.7,,,,,,422597.0,0.0755,,32338079165.2893,-2.17825104530091,3914.2255859375,50.9940515002965,45.7670454545455
SDN,2018,Sudan,21.8679187274323,3478000000.0,7850000000.0,94.5,2.20240348221045,2.43,2.14,2.18,2.62,451712.0,0.85847,,32333780383.2924,-2.6809305497999,4199.25048828125,63.2925073455888,24.3289109018116
SDN,2017,Sudan,17.8313898297102,4100000000.0,9134000000.0,99.9,0.600626152786153,,,,,487336.0,5.6883385341,,41283617976.1905,0.70925628476644,4252.42138671875,32.3516260968437,6.68336
SDN,2016,Sudan,15.2816698903461,3094000000.0,8311000000.0,83.4,1.15970094833133,2.530408,2.234106,2.201694,3.275866,465355.0,5.1483685301,,42630376000.0,3.46764218409288,4470.35498046875,17.750253831196,6.21171364583333
SDN,2015,Sudan,18.3782728546541,3169000000.0,9509000000.0,100.0,0.691804670187664,,,,,481815.0,7.44532026283296,,51726758676.7677,1.91017689052751,4217.01025390625,16.9095706050977,6.02573259791667
SDN,2014,Sudan,20.8451090041313,4350000000.0,9211000000.0,157.3,1.09861262459948,2.160954,1.866542,1.897661,2.33009,434445.0,11.895,,49516748617.9775,4.66137954229873,4260.57177734375,36.9066427863595,5.73686666666667
SDN,2013,Sudan,26.8585245020134,4790000000.0,9918000000.0,132.6,0.847953710103873,,,,,447495.0,12.415236,33.9,43024018082.1918,1.95514463302422,3724.9599609375,36.5223449139154,4.75676054708821
SUR,2025,Suriname,,2690000000.0,2200000000.0,,,,,,,,,,4523657796.86421,1.79169153226913,22652.3952637959,9.2054681878919,37.2601791666667
SUR,2024,Suriname,,1484000000.0,1751000000.0,90.8,10.3729916697731,,,,,105949.0,,,4416775112.72266,1.72095749127065,21832.187015648,16.2296159130279,33.1805516666667
SUR,2023,Suriname,,2311000000.0,1697000000.0,148.3,3.21274943551639,,,,,104511.0,23.62,,3472693412.08497,2.41659215006946,21127.5975244081,51.5873159600861,36.7758691666667
SUR,2022,Suriname,,2836000000.0,1803000000.0,184.2,11.3501449837729,,,,,103874.0,20.77,,3791603200.0259,2.40622235601218,20075.6544534114,52.446027276241,24.7091747565789
SUR,2021,Suriname,,2291000000.0,1381000000.0,149.0,4.63398792876065,,,,,109600.0,19.48687,,3107923197.96954,-2.43538583612838,18458.234999681,59.1196626251977,18.2386666666667
SUR,2020,Suriname,,2193000000.0,1533000000.0,142.7,2.51195891099727,,,,,106002.0,26.83,,2911807496.20227,-15.9751917148622,16946.8942361914,34.889784309078,9.30954545454546
SUR,2019,Suriname,,2155000000.0,1711000000.0,140.1,12.5218071779899,,,,,109200.0,32.227,,4016040575.08796,1.16758977233877,19771.5473885151,,7.458
SUR,2018,Suriname,,2180000000.0,1527000000.0,141.4,5.82189672750917,,,,,110000.0,33.201,,3996198866.57453,4.94827108468886,17855.4787141437,,7.4625111984127
SUR,2017,Suriname,,1992000000.0,1280000000.0,127.1,8.27750945429983,,,,,112318.0,23.184,,3591679430.99988,1.56603782534897,17567.6802396432,21.9969430173304,7.487661125
SUR,2016,Suriname,,1439000000.0,1252000000.0,92.9,20.0322377368517,,,,,98652.0,23.184,,3317421648.09918,-4.91166050905851,14475.3069644921,55.4123879763196,6.22863027848978
SUR,2015,Suriname,,1652000000.0,2028000000.0,100.0,10.8128313067046,,,,,106014.0,22.3450867609255,,5126237646.22072,-3.41304268067621,16543.5743051372,6.89390359168238,3.41666666666667
SUR,2014,Suriname,,2113000000.0,1982000000.0,91.8,14.9350653333148,,,,,108703.0,28.947996,,5240606060.60606,0.255503031645475,16597.5853539637,3.38341272749477,3.3
SUR,2013,Suriname,,2416000000.0,2174000000.0,99.9,10.884412016941,,,,,108020.0,30.471996,,5145757575.75758,2.9334416518612,16172.6961959961,1.92343604108305,3.3
SWE,2025,Sweden,104.335210186728,208332000000.0,200981000000.0,,,,,,,,,,668998664082.081,1.54316373266217,72528.8892631159,0.679869285243995,9.82070570950185
SWE,2024,Sweden,105.967492313344,195663000000.0,189669000000.0,139.8,17.6524551082203,,,,,1640487.0,,,604827393488.582,1.01779633304398,71221.9379308266,2.83581658224034,10.5676364344775
SWE,2023,Sweden,107.619709443974,197469000000.0,193138000000.0,141.0,17.6238520277113,,,,,1598378.0,324.82,,578990915246.07,-0.204061304891439,68457.9015289277,8.5486248974891,10.6101612965536
SWE,2022,Sweden,107.111751826512,197736000000.0,203086000000.0,141.2,17.2566541363702,4.0,4.0,4.2,4.2,1631248.0,320.525,,575071237640.921,1.25543620445816,66517.6358713011,8.36929098869189,10.114251277564
SWE,2021,Sweden,91.1102374413042,189524000000.0,187108000000.0,135.4,13.9348317468926,,,,,1635183.0,348.598679007,23246.0,631693331300.776,5.2258643028773,62190.8526983825,2.16319736447143,8.57656671607378
SWE,2020,Sweden,84.4745958141618,155496000000.0,149985000000.0,111.0,15.1359508380239,,,,,1612953.0,304.418496636947,22093.897979015,544265668451.678,-1.93379704032216,57396.2588780383,0.497367318853572,9.21030902842085
SWE,2019,Sweden,92.7511390290561,160576000000.0,158971000000.0,114.7,14.5057835745267,,,,,1623363.0,985.655671715528,22222.065674494,530894124494.418,2.60823012869524,56909.753155728,1.78415097403835,9.45834916666667
SWE,2018,Sweden,90.4087142361701,165968000000.0,170605000000.0,118.5,14.1643140590828,4.05,4.05,4.24,4.28,1600175.0,991.0,22794.306069132,549649344043.182,1.7702553546772,52962.1832555021,1.95353530127028,8.69251833333333
SWE,2017,Sweden,86.0693088740521,152920000000.0,154215000000.0,109.2,15.1103424459526,,,,,1557281.0,762.0,21838.0,535172356784.769,1.88282184966646,51386.5907915775,1.79449904665599,8.54886083333333
SWE,2016,Sweden,83.4519478574149,139290000000.0,141021000000.0,99.5,17.8376016375053,4.204593,3.915508,4.270132,4.452816,1509886.0,690.0,21406.0,513058312950.939,2.13117914731151,50176.3328538836,0.984269244577992,8.56199166666667
SWE,2015,Sweden,84.1730765958171,140023000000.0,138398000000.0,100.0,18.1290954128906,,,,,1457679.0,594.0,20699.0,501602351911.6,4.38824673608589,48762.7456496975,-0.0467847449832812,8.43484083333333
SWE,2014,Sweden,83.8229810483527,164645000000.0,162211000000.0,117.6,17.8774672401497,3.961349,3.75,4.09375,4.258333,1471086.0,686.0,21296.0,577727767303.596,2.29577238758284,46841.2010746944,-0.179638494114635,6.860785
SWE,2013,Sweden,81.6402521329964,167550000000.0,160609000000.0,119.6,18.0253832958642,,,,,1455537.0,592.0,20970.0,584125353119.18,1.13766671801426,46098.0140634307,-0.044292970148682,6.51397166666666
CHE,2025,Switzerland,147.162051317959,554160000000.0,507429000000.0,,,,,,,,,,1043529899250.92,1.30007790958307,102513.347221899,0.154376978290185,0.831355833333334
CHE,2024,Switzerland,130.354516041578,447308000000.0,371955000000.0,154.2,29.6239015157944,,,,,,,,969919786394.884,1.39033363875791,97467.7447151829,1.06234041976595,0.880440833333333
CHE,2023,Switzerland,129.7371945484,419982000000.0,365614000000.0,145.0,29.3340286978728,,,,,,1257.503636363,,928435275851.707,0.825560934124624,93939.7784980038,2.13540088016387,0.89849
CHE,2022,Switzerland,136.235871048363,400693000000.0,357115000000.0,138.3,29.9881397976664,4.1,4.1,4.4,4.2,,1313.198,,858479038993.75,3.53430286842426,94629.7224204886,2.83502798644451,0.9548325
CHE,2021,Switzerland,128.004119652561,380194000000.0,324069000000.0,131.2,14.2350632729725,,,,,,1230.786090909,12024.0,840710023481.35,6.17622836050151,83524.9832880195,0.581814168489856,0.913845833333333
CHE,2020,Switzerland,121.451100609762,319318000000.0,291981000000.0,110.2,12.8450867094278,,,,,114075.0,842.992,11063.0,756096180222.082,-2.2552579425106,74384.6631232325,-0.725874933313403,0.938965
CHE,2019,Switzerland,123.022509832864,313934000000.0,277830000000.0,108.4,12.9094936723953,,,,,121366.0,1640.735,11666.0,736384764156.877,1.11532187197474,75267.0079269626,0.362886179940674,0.993709166666667
CHE,2018,Switzerland,123.499829706856,310749000000.0,279528000000.0,107.3,13.3182169315591,3.9,3.63,4.02,4.24,119133.0,1841.314,11776.0,740766531453.991,3.32743256101493,72169.4717767024,0.936335464113572,0.977891666666667
CHE,2017,Switzerland,122.948395589146,299603000000.0,269834000000.0,103.4,14.0238568621919,,,,,119231.0,1581.35236,11653.0,706660443624.485,1.42034612231261,69317.5993921633,0.533787839825876,0.984691666666667
CHE,2016,Switzerland,122.941735178779,302900000000.0,270128000000.0,104.5,27.335457169438,3.987158,3.879906,4.189523,4.235078,114498.0,1532.761243,12447.0,698607778794.566,1.91159094214852,68399.5779033573,-0.434618664285815,0.985394394244835
CHE,2015,Switzerland,116.370019931647,289720000000.0,253027000000.0,100.0,27.0515100038866,,,,,102916.0,1409.329209,12431.0,706199008878.656,1.45450336491099,66418.7989292294,-1.14390867228178,0.962381328004354
CHE,2014,Switzerland,119.230530793932,311204000000.0,275741000000.0,107.4,26.6587283403628,3.843969,3.919063,4.043594,4.058712,104482.0,1508.892548,12313.0,741168119616.628,2.54342347675991,64694.0744212256,-0.0132025387515946,0.916151047283613
CHE,2013,Switzerland,132.800535321539,357852000000.0,321509000000.0,123.5,26.7510678341774,,,,,104945.0,1444.374258,11812.0,718748402259.576,1.83612392927999,62748.9298592904,-0.217323155115673,0.926903547758285
SYR,2025,Syrian Arab Republic,,3385000000.0,7905000000.0,,,,,,,,,,,,,,
SYR,2024,Syrian Arab Republic,,3325000000.0,6454000000.0,142.8,,,,,,,,,,,,,
SYR,2023,Syrian Arab Republic,,3231000000.0,6001000000.0,129.8,,,,,,,1.5535221952,,,,,,
SYR,2022,Syrian Arab Republic,35.4372421451582,1936000000.0,6708000000.0,86.4,,2.3,2.2,2.2,2.5,,2.079571,,23737634644.3994,-0.20247264200475,4905.15252202552,,2505.74691085873
SYR,2021,Syrian Arab Republic,59.002012246256,1823000000.0,6320000000.0,77.7,,,,,,,3.137035,,14892885528.1402,1.7896919997567,4765.52911357702,,1256.0
SYR,2020,Syrian Arab Republic,43.1916195452227,2727000000.0,5696000000.0,116.5,,,,,,243348.0,1.782252,,12501503673.2425,0.954914586675713,3878.42802993832,,877.945250896057
SYR,2019,Syrian Arab Republic,41.9994681765976,2609000000.0,6833000000.0,111.6,,,,,,325097.0,0.024356690607853,,22583046644.6891,1.22072818348491,3502.17536117799,13.4175653228571,436.5
SYR,2018,Syrian Arab Republic,50.6591076441391,2400000000.0,7164000000.0,102.6,,2.3,1.82,2.51,2.44,332532.0,0.0256386216924769,,21497779247.9835,1.39323324059961,3455.89168825346,0.940983843906769,436.5
SYR,2017,Syrian Arab Republic,61.0508545098696,2555000000.0,6153000000.0,109.2,,,,,,291958.0,0.025670514,,16369842725.4718,-0.723346297115341,3265.07016871603,18.0752696281771,492.610833333333
SYR,2016,Syrian Arab Republic,67.1119407366416,2377000000.0,4934000000.0,101.7,,1.598322,1.111111,1.237654,2.396943,253415.0,0.028381977,,12597854088.3602,-6.40568496867387,,47.7051615298923,460.275833333333
SYR,2015,Syrian Arab Republic,51.0862130409438,2357000000.0,6275000000.0,100.0,,,,,,236088.0,0.0280427875669882,,16466861435.0236,-4.17969204561759,,38.4611429599733,237.029166666667
SYR,2014,Syrian Arab Republic,54.2644225207985,1162000000.0,10220000000.0,49.3,,2.090922,2.071006,2.076923,2.525049,254520.0,1.517388,,21502061466.067,-10.3103412087823,,10.9271141804297,154.13
SYR,2013,Syrian Arab Republic,44.705254783599,1709000000.0,8846000000.0,73.0,,,,,,194179.0,1.517388,,21361254634.9336,-26.3002577493205,,40.0318378290723,108.733333333333
TJK,2025,Tajikistan,,2489000000.0,8307000000.0,,,,,,,,,,17660626562.4832,8.40000053390075,5923.47183321348,,10.0177083333333
TJK,2024,Tajikistan,59.0899316296485,1947000000.0,7010000000.0,225.8,,,,,,,,,14425113699.7925,8.39999980983981,5413.83109811464,,10.7994916666667
TJK,2023,Tajikistan,65.6347010367354,2449000000.0,5880000000.0,284.0,15.2077910112936,,,,,,131.73517458,,12244169292.7998,8.29999921651935,4967.6740543988,,10.844525
TJK,2022,Tajikistan,65.4355115893577,2142000000.0,5168000000.0,248.5,1.62712759033372,2.5,2.2,2.5,2.9,,93.12250344,,10713525200.3998,8.00000033846364,4513.4597158968,,11.031075
TJK,2021,Tajikistan,71.825937435383,2150000000.0,4210000000.0,249.3,0.408284648961987,,,,,,0.95098948,,8937805347.13963,9.39999955037523,3985.91247611219,,11.30885
TJK,2020,Tajikistan,55.7491040194954,1407000000.0,3151000000.0,163.2,2.60766316096919,,,,,,1.91818,274.0,8133963550.65742,4.40000111553493,3653.95976759112,,10.3219416666667
TJK,2019,Tajikistan,56.0450159145896,1174000000.0,3349000000.0,136.1,4.52885647845312,,,,,,2.5060054231253,231.7,8300813599.3084,7.40000016310556,3459.97365083434,,9.53036666666667
TJK,2018,Tajikistan,55.8461114113303,1073000000.0,3151000000.0,124.2,4.28796650943169,2.34,1.92,2.17,2.95,,2.337,224.0,7764999999.45362,7.5999988895536,3069.10385079592,,9.15121666666667
TJK,2017,Tajikistan,53.7861046057767,1198000000.0,2775000000.0,138.8,14.7094943066209,,,,,,2.89861,165.0,7536402852.85802,7.10000041864309,3017.00314887354,,8.54974166666667
TJK,2016,Tajikistan,55.7246446907573,899000000.0,3031000000.0,102.8,33.786721545945,2.062743,1.933333,2.133333,2.039145,,4.92143181707628,228.3,6992416096.89018,6.89999999999999,2913.85679547445,6.00458082322139,7.835675
TJK,2015,Tajikistan,49.9378160689555,891000000.0,3436000000.0,100.0,,,,,,,5.27238131829056,317.0,8271431485.07484,6.01930331771186,2975.47097476092,5.7145594964971,6.16311666666667
TJK,2014,Tajikistan,54.6071596053705,977000000.0,4297000000.0,113.2,,2.527419,2.352212,2.364091,2.737212,,2.954004,391.0,9112605459.32845,6.70000069016253,3151.72452793203,6.10442765129667,4.93756666666667
TJK,2013,Tajikistan,71.7437428882341,1162000000.0,4151000000.0,134.1,,,,,,,0.4757,,8448411318.25417,7.39999974700379,2918.56048007357,5.00964645344951,4.76423333333334
TZA,2025,Tanzania,38.9715711395739,9956000000.0,14810000000.0,,,,,,,,,,90143496090.4411,5.85286828692739,4470.9541015625,3.32697361316105,
TZA,2024,Tanzania,41.3081068648568,8702000000.0,14196000000.0,180.4,3.00569275084221,,,,,985000.0,,,79235713444.9777,5.5263138305945,4226.92626953125,3.05694676312373,2597.90041666667
TZA,2023,Tanzania,38.212034806339,7275000000.0,13729000000.0,150.8,5.06811053608461,,,,,,20.037247,,79030935638.1317,5.06952353203394,4021.82885742188,3.79923291384916,2383.04258333333
TZA,2022,Tanzania,35.0034517101994,6825000000.0,14219000000.0,141.4,1.70363565960126,,,,,700000.0,12.9590624,,75749121846.9703,4.56600576430955,3799.26000976563,4.35027204269101,2303.03367612332
TZA,2021,Tanzania,29.9151840074048,6391000000.0,10024000000.0,132.5,1.68293471092468,,,,,700000.0,4.359006,,70655628147.8986,4.32138429480482,3493.0830078125,3.69091958802199,2297.76422623792
TZA,2020,Tanzania,27.9630151969884,6061000000.0,8439000000.0,125.6,2.68761929554671,,,,,709881.0,0.857297,,66068737786.0639,1.99196460647855,3290.60986328125,3.29029062798325,2294.14615050509
TZA,2019,Tanzania,33.0185892502311,5005000000.0,9452000000.0,103.6,1.28442528941505,,,,,726431.0,0.962933,,61026731925.9213,5.79999999996723,2981.87451171875,3.46428057999021,2288.20666666667
TZA,2018,Tanzania,32.6426099043737,4041000000.0,9120000000.0,83.7,6.89164359708857,,,,,705231.0,0.487269,,57003712892.0858,5.50267599384966,2727.88012695313,3.49445848856181,2263.78166666667
TZA,2017,Tanzania,33.1125919853124,4113000000.0,8299000000.0,85.1,2.55837018191353,,,,,617266.0,0.281228,,53274884532.7886,6.72726996832438,2472.4931640625,5.31871605228931,2228.85666666667
TZA,2016,Tanzania,35.4204704002636,4500000000.0,9300000000.0,93.0,2.31952756480127,2.990185,2.775661,2.811586,3.443588,630290.0,0.536721,,49774409374.4538,6.86711619644551,2434.69995117188,5.17476629301493,2177.08666666667
TZA,2015,Tanzania,40.7576808778314,4834000000.0,10789000000.0,100.0,0.816770095267228,,,,,639230.0,2.213882,,47413919817.124,6.16062877406682,2317.27978515625,5.58816952959298,1991.39083333333
TZA,2014,Tanzania,45.3560223433065,4628000000.0,11993000000.0,95.8,3.38430206253493,2.330834,2.1875,2.317448,2.892907,612551.0,0.564368726,,49986726460.6805,6.73246186832483,2221.1796875,6.13161432988012,1653.23083333333
TZA,2013,Tanzania,48.6316275295495,4559000000.0,12091000000.0,94.3,6.14343389108833,,,,,553940.0,0.003641454,,45648857242.315,6.78158560065316,2176.21655273438,7.87072364573959,1597.55583333333
THA,2025,Thailand,138.413686011523,339635000000.0,344943000000.0,,,,,,,,,,577009981112.015,2.44247444990198,26250.0723587304,-0.133634356480207,32.882809252867
THA,2024,Thailand,135.724935837766,300740000000.0,305523000000.0,140.2,28.3057768762254,,,,,11432626.0,,,529385520941.539,2.94859986593323,24909.2266037939,0.398333333333422,35.2935380808081
THA,2023,Thailand,128.792359690165,285074000000.0,288509000000.0,133.0,26.0506229435129,,,,,10313980.0,1649.928515,,517013369475.121,2.24883437970568,23598.3745068685,1.22908986612448,34.8021885808364
THA,2022,Thailand,132.813458288082,287425000000.0,301030000000.0,134.1,25.8377488104933,3.5,3.3,3.7,3.5,10497112.0,1366.382137,,495691837308.033,2.63784213566305,22245.6387597542,6.07589952842433,35.0613502144776
THA,2021,Thailand,117.131472183199,272006000000.0,267343000000.0,126.9,24.6642800019366,,,,,10436689.0,604.020922,,506049783824.94,1.55858232076893,20236.9760408784,1.23104516549814,31.9770934417717
THA,2020,Thailand,97.6624419371158,231634000000.0,206156000000.0,108.1,27.6476472642596,,,,,9568488.0,684.208676,,500274927778.532,-6.09306312966953,19156.5820127644,-0.846087518861799,31.2936732130832
THA,2019,Thailand,109.689514715166,246269000000.0,236260000000.0,114.9,24.1456146250576,,,,,10130294.0,2327.667095,,543976691793.886,2.11455779628278,19963.3918407099,0.705524801910317,31.0476057805499
THA,2018,Thailand,120.841864730984,252957000000.0,248201000000.0,118.0,23.7010461775138,3.41,3.14,3.14,3.81,10371645.0,2666.263256,,506754208404.485,4.22287028746071,18876.2208766741,1.06683487370758,32.3102257431458
THA,2017,Thailand,120.891427433638,236635000000.0,221519000000.0,110.4,25.0947352815091,,,,,9938881.0,2511.891367964,,456356813536.764,4.1776810321001,17573.339815536,0.664415139830893,33.9398110566858
THA,2016,Thailand,120.57522728913,215388000000.0,194198000000.0,100.5,24.1533912741093,3.2551,3.105066,3.12367,3.559929,9340560.0,2160.069653102,,413366349747.508,3.43515771692182,16671.2506902144,0.186235191075453,35.2963833333333
THA,2015,Thailand,124.839662152526,214310000000.0,202653000000.0,100.0,23.9081912453329,,,,,8883542.0,2136.72847939514,,401296238228.084,3.13404724911635,15791.1714762207,-0.898143410569433,34.2477166666667
THA,2014,Thailand,130.905495444398,227462000000.0,227749000000.0,106.1,22.6439946046819,3.42958,3.20915,3.40451,3.95624,8664572.0,2524.64667,,407339040197.651,0.984468863619426,15365.3175402829,1.89455652481545,32.4798333333333
THA,2013,Thailand,132.462274174269,228505000000.0,250407000000.0,106.6,22.1460745135469,,,,,8067988.0,2640.367634,,420333654592.547,2.68749556320556,15215.9492506383,2.18617704418967,30.7259666666667
TLS,2025,Timor-Leste,,103000000.0,979000000.0,,,,,,,,,,1902180257.82737,6.97538939119629,4809.49016945191,0.428322848346937,1.0
TLS,2024,Timor-Leste,95.4485030105899,86000000.0,978000000.0,475.8,,,,,,,,,1865608515.41321,-9.10069289810397,4429.20182282365,2.06284153005468,1.0
TLS,2023,Timor-Leste,89.3046490972644,164000000.0,904000000.0,913.3,1.52605032155587,,,,,,,,2079767200.0,-18.1359049134472,4810.78356024783,8.42035103310377,1.0
TLS,2022,Timor-Leste,97.621108820704,472000000.0,933000000.0,2083.0,6.82976698503659,,,,,,,,3208599900.0,-20.5224802314812,5728.90346523347,7.00530945399787,1.0
TLS,2021,Timor-Leste,99.8600009384765,615000000.0,873000000.0,3439.4,0.0271228875443355,,,,,,,,3625024300.0,5.36980119392668,6825.0458085995,3.69792094666786,1.0
TLS,2020,Timor-Leste,84.7503111042388,264000000.0,625000000.0,1473.2,0.00729554242357919,,,,,,,,2162619200.0,31.7257416721413,6132.08288218058,0.495499215459571,1.0
TLS,2019,Timor-Leste,70.6142440551536,154000000.0,591000000.0,858.2,,,,,,53289.0,,,2032550400.0,24.2128840085001,4556.61428089164,0.958812739703141,1.0
TLS,2018,Timor-Leste,64.8191831225499,45000000.0,520000000.0,252.4,,,,,,47574.0,,,1555988600.0,-0.466502170658785,3561.28770455766,2.63647201015892,1.0
TLS,2017,Timor-Leste,58.6347507796182,23000000.0,554000000.0,130.9,,,,,,59004.0,,,1584878400.0,-3.18241522489195,3463.11730297031,0.557215537430361,1.0
TLS,2016,Timor-Leste,60.310621759226,20000000.0,547000000.0,111.5,,,,,,49177.0,,,1640464600.0,3.00993062553351,3390.76221557073,-1.33853876185163,1.0
TLS,2015,Timor-Leste,60.0769209292639,18000000.0,578000000.0,100.0,,,,,,49427.0,,,1590282400.0,2.48004040218397,3107.57190164098,0.552796026277853,1.0
TLS,2014,Timor-Leste,82.7357773406823,15000000.0,858000000.0,86.3,,,,,,51822.0,,,1447535200.0,4.47249846569638,2859.86061637696,0.726275016139465,1.0
TLS,2013,Timor-Leste,79.6341248298199,18000000.0,843000000.0,98.8,,,,,,41845.0,,,1395727400.0,3.10436683211147,2566.03070650416,11.0849085109954,1.0
TGO,2025,Togo,,1800000000.0,3400000000.0,,,,,,,,,,11889949067.4697,6.31032671625633,4079.36376686718,0.433183451279109,581.92848104034
TGO,2024,Togo,,1642000000.0,3225000000.0,161.5,0.681948279595617,,,,,2006435.0,,,10643440332.2445,6.52651376797853,3814.83532681353,2.86262074089801,606.345297609063
TGO,2023,Togo,59.9291777017427,1572000000.0,3259000000.0,155.5,0.573585599316818,,,,,1907439.0,58.549821333,,9723300576.72675,6.19762969378132,3572.00417260831,5.48928568141131,606.569750165917
TGO,2022,Togo,61.575092396894,1442000000.0,2996000000.0,142.7,0.301071945203147,2.5,2.3,2.3,2.8,1952879.0,33.491199,,8646453099.4124,6.29443692019429,3305.92970304109,7.96757361617945,623.759700911182
TGO,2021,Togo,56.3775580757321,1300000000.0,2676000000.0,128.6,0.32609213809593,,,,,1986131.0,18.343564,,8541668141.26198,5.13562929064506,2952.09730066985,4.1862150652352,554.530675033104
TGO,2020,Togo,55.0659513954403,1207000000.0,2260000000.0,119.5,0.237930203742775,,,,,1725270.0,9.830464,,7486031561.86885,2.15900131150536,2653.96061995284,1.69928463299399,575.586004510945
TGO,2019,Togo,56.3398500747576,1055000000.0,2091000000.0,104.4,0.0535470312830166,,,,,1500611.0,14.624076,,6992942458.99419,4.91949260488683,2459.85658494292,0.674652770077525,585.911013180369
TGO,2018,Togo,57.5737388499452,1080000000.0,2116000000.0,106.9,0.0906626481003325,2.45,2.31,2.23,2.88,1395730.0,10.89276,,7029215766.46367,4.79518333086139,2288.9476039266,0.927755426457183,555.446458398226
TGO,2017,Togo,58.2088602526732,1016000000.0,1874000000.0,100.6,0.740557470665412,,,,,1193841.0,8.56582776,,6387424239.8801,4.00791259566937,2184.16434341899,-0.981889868943119,580.656749587858
TGO,2016,Togo,66.4450409805081,1036000000.0,2261000000.0,102.5,0.0998030691143818,2.617778,2.490787,2.236628,3.241372,821639.0,8.3493888,,6071167584.1951,4.21490387414525,2109.39271418563,1.28544847051417,592.605615063022
TGO,2015,Togo,69.1281378813376,1011000000.0,2336000000.0,100.0,0.804645068568947,,,,,905700.0,7.3969052656347,,5755457836.01866,5.4680413807304,2036.94563630408,2.58500390801595,591.21169798261
TGO,2014,Togo,70.9156517502517,1324000000.0,2526000000.0,131.0,0.154374793406122,2.31846,2.090909,2.072934,2.599977,380798.0,41.4737598035943,,6393314707.85456,5.63323739145223,1942.14838585312,0.19087507624975,493.757329875312
TGO,2013,Togo,82.1477877564195,1522000000.0,2769000000.0,150.3,0.220281403444823,,,,,311470.0,32.362596,,6021729629.82454,5.82425069283059,1838.12921973277,1.82539475909162,493.899623852237
TON,2025,Tonga,,13000000.0,255000000.0,,,,,,,,,,679218218.578017,2.79999999999998,8674.68048447494,5.59276642101027,2.41052686435725
TON,2024,Tonga,77.5794710114187,9000000.0,295000000.0,52.6,,,,,,,,,647488243.847291,1.71653807667747,8174.34840883872,3.18188924237472,2.37304157408369
TON,2023,Tonga,79.6239257000079,10000000.0,272000000.0,58.7,28.4602948799521,,,,,,,,591139733.623755,2.79014715494606,7810.10184717265,6.35112980255182,2.36369881809753
TON,2022,Tonga,70.1272718284375,13000000.0,268000000.0,75.6,0.552737028070169,,,,,,,,556514556.392844,-2.12854876486114,7295.94922827877,10.9713652903022,2.32792982731644
TON,2021,Tonga,68.5461517477239,16000000.0,246000000.0,87.8,1.68995954105615,,,,,,,,519306339.3498,-0.934919892094683,6930.06482518663,5.64051140636743,2.26495960050055
TON,2020,Tonga,81.849496682175,15000000.0,229000000.0,85.4,3.73336175701603,,,,,,,,506571486.576395,1.80618715298932,6676.65061142853,-0.349737696727419,2.29956150787889
TON,2019,Tonga,88.045385533046,20000000.0,238000000.0,108.7,1.12785950007084,,,,,76853.95,,,506031247.606648,-0.285210784299821,6473.32046564939,1.17954334821801,2.28948563032632
TON,2018,Tonga,86.1039702691392,13000000.0,230000000.0,72.1,2.16969167425594,,,,,105190.3,,,493530766.930564,0.527828083180253,6392.60068547144,5.03209691984883,2.23657147594223
TON,2017,Tonga,88.0434925855836,19000000.0,231000000.0,100.9,4.90217758413357,,,,,107381.3,,,459976847.108128,3.20231976224244,6229.07019926381,7.51706283551116,2.2059726971784
TON,2016,Tonga,87.7771750789587,21000000.0,229000000.0,121.4,,,,,,84702.43,,,420828254.541601,6.59869879417958,5920.1573872483,2.57815515245081,2.21566110422528
TON,2015,Tonga,81.3902291563255,18000000.0,209000000.0,100.0,,,,,,50407.52,,,437525538.903019,1.11374402398066,5471.79686968515,-1.05399831971283,2.10576325744967
TON,2014,Tonga,74.7304254735603,19000000.0,219000000.0,104.2,2.69650608767328,,,,,69196.45,,,440997734.928723,1.99053769890816,5335.91583827385,2.51087633253696,1.84677368453546
TON,2013,Tonga,82.731581196292,17000000.0,198000000.0,97.2,5.97350309341372,,,,,74744.59,,,451788498.263614,0.393922530137331,5119.6947531512,0.77562932236742,1.77371311869907
TTO,2025,Trinidad and Tobago,,6816000000.0,5797000000.0,,,,,,,,,,25942749718.4685,-0.787768572727643,37121.2050020847,0.994489987904821,6.74884660621027
TTO,2024,Trinidad and Tobago,,7899000000.0,7669000000.0,73.5,0.223696636088891,,,,,,,,25633544529.4849,2.50920813979569,36381.2720794439,0.526884625776839,6.75012324870591
TTO,2023,Trinidad and Tobago,,7864000000.0,9163000000.0,73.0,0.223229642343117,,,,,545177.0,45.83634,,25036993423.3664,1.46645947294053,34651.9065448775,4.62930242419968,6.75026237934502
TTO,2022,Trinidad and Tobago,,13286000000.0,6217000000.0,124.2,0.0822278998582187,2.5,2.2,2.4,2.9,498544.0,37.40396,,28341164301.126,0.86126082651883,32973.632075038,5.82838638517959,6.75412896099475
TTO,2021,Trinidad and Tobago,,8620000000.0,5761000000.0,80.3,0.102834401912664,,,,,410393.0,58.59905,,24222963262.7213,-0.716740625909793,30482.1201798631,2.05922746915458,6.75853004916294
TTO,2020,Trinidad and Tobago,,5519000000.0,4876000000.0,51.5,0.17586322664858,,,,,406778.0,32.45122,,20888515184.2239,-8.78879817831519,26731.3556410029,0.598986330824643,6.75105268711505
TTO,2019,Trinidad and Tobago,,7192000000.0,6334000000.0,67.1,0.332515325398055,,,,,446232.0,47.338148,,23477745791.6977,0.467734528855885,29315.8054064667,1.00054293027237,6.7543266828632
TTO,2018,Trinidad and Tobago,,10532000000.0,7719000000.0,97.8,0.147211459065661,2.42,2.42,2.38,2.53,438703.0,41.138,,23883058083.2171,-0.945449700943314,28673.2413951653,1.01856930188822,6.77075089824606
TTO,2017,Trinidad and Tobago,,8741000000.0,6893000000.0,80.8,0.19754661450502,,,,,414657.0,37.428,,23830750900.6899,-4.87274946918724,28484.2557157494,1.88038440183532,6.779525
TTO,2016,Trinidad and Tobago,,7633000000.0,8052000000.0,70.0,0.157263834515161,2.398418,2.377717,2.337318,2.788676,427427.0,21.343723,,23624322192.6274,-7.53636305379372,28231.6820670092,3.07066742464024,6.66896666666667
TTO,2015,Trinidad and Tobago,,10748000000.0,9233000000.0,100.0,0.137939995933791,,,,,520825.0,43.198175952,,26841141793.2143,-0.406283288730492,29825.4628753017,4.66121598098264,6.37744166666667
TTO,2014,Trinidad and Tobago,,14530000000.0,11249000000.0,135.9,0.124931158230268,,,,,593264.0,43.736004,,29474180005.1333,3.67086851032413,32026.5300957073,5.68441814595659,6.40909457829793
TTO,2013,Trinidad and Tobago,,18745000000.0,12629000000.0,176.0,0.181445808006639,,,,,574119.0,44.646,,28560537057.1548,3.36819291689019,31746.2052441651,5.19981740465611,6.44262939764659
TUN,2025,Tunisia,101.446205451707,21293000000.0,28591000000.0,,,,,,,,,,57502836548.0878,2.49311010666248,15233.4885842318,5.15100197572676,
TUN,2024,Tunisia,106.298549204247,19972000000.0,26070000000.0,141.7,,,,,,491955.0,,,51412122479.8468,1.61444564976986,14542.0966234293,7.20661657168794,3.10745
TUN,2023,Tunisia,112.128858013354,19985000000.0,25485000000.0,142.0,7.70110744284105,,,,,444714.0,10.95911,,48205328303.3398,0.184015548469745,14052.1687041992,9.32899597507865,3.10616666666667
TUN,2022,Tunisia,116.095794384146,18561000000.0,26656000000.0,131.9,7.1898860861443,,,,,431420.0,,,44929920092.7955,2.75228761004381,13616.380720945,8.30646124447623,3.1036
TUN,2021,Tunisia,93.6334140664079,16689000000.0,22486000000.0,118.6,7.16831118373217,,,,,469658.0,5.602932,413.3,47073234359.1819,4.73603648206102,12444.3264026887,5.706350208307,2.79446666666667
TUN,2020,Tunisia,84.3333297071767,13799000000.0,18360000000.0,98.0,7.64832224466298,,,,,483178.0,6.546656,334.818,42491780918.361,-8.97512622934723,11918.066205483,5.63415115897625,2.81235833333333
TUN,2019,Tunisia,102.332614725789,14933000000.0,21564000000.0,106.1,6.88585735055521,,,,,474222.0,13.092473,545.0,41905642418.825,1.55009304966742,12494.7905733455,6.72007532863799,2.93443333333333
TUN,2018,Tunisia,103.871824260635,15535000000.0,22698000000.0,110.4,6.76449990449832,2.57,2.38,2.1,3.24,493366.0,13.234265,535.0,42686504459.801,2.60696965356362,11841.4061980603,7.30759176031652,2.64686666666667
TUN,2017,Tunisia,95.8091979825804,14204000000.0,20654000000.0,100.9,7.38975259439514,,,,,480619.0,12.124027,679.0,42163530590.9462,2.25261437620587,11288.7800135085,5.30884839565844,2.419425
TUN,2016,Tunisia,87.0926643641466,13572000000.0,19462000000.0,96.4,7.85596751497277,2.496688,1.963889,2.444444,3.0,489670.0,8.096,667.0,44360072680.4476,1.117231963992,10993.6638464522,3.62939937384381,2.14803333333333
TUN,2015,Tunisia,87.2485306596052,14073000000.0,20221000000.0,100.0,7.78542972606668,,,,,471248.0,10.35424112,664.0,45779494041.9295,0.967834205635981,10782.5438382441,4.437371273215,1.961625
TUN,2014,Tunisia,96.1071038558701,16756000000.0,24828000000.0,119.1,6.76541303361882,2.550996,2.015987,2.299082,3.159045,466412.0,13.28618,870.0,50271812920.612,3.09032803070775,10946.8935757638,4.62555099534031,1.697675
TUN,2013,Tunisia,98.9549566862038,17061000000.0,24266000000.0,121.2,6.42173605170587,,,,,435718.0,14.683452,,48685446413.953,2.42993096446429,10671.569727457,5.31623531326689,1.62465833333333
TUR,2025,Turkiye,49.9346783626928,273361000000.0,365370000000.0,,,,,,,,,,1597293229287.0,3.60462514082589,45288.4750285273,34.8811629820306,39.4548130977983
TUR,2024,Turkiye,54.5988061195916,261778000000.0,344010000000.0,173.4,5.13775956987065,,,,,13507070.0,,,1359123768774.12,3.3276230893799,45122.9317187258,58.5064507300342,32.8058614432703
TUR,2023,Turkiye,65.6832084738667,255627000000.0,361967000000.0,169.3,4.51829098986852,,,,,12554581.0,8367.297795,,1141242864657.45,5.04512369812289,43196.3381254367,53.8594087593315,23.7385661219918
TUR,2022,Turkiye,79.8982722314341,254170000000.0,363711000000.0,168.3,3.66403554879462,3.4,3.0,3.4,3.6,12366172.0,8421.527714636,,926097476913.818,5.44122511322401,39919.1608756567,72.3088359891207,16.5488604173067
TUR,2021,Turkiye,69.6088976086437,225214000000.0,271426000000.0,149.2,3.28362739970141,,,,,12591327.0,9338.328585454,15900.0,839938668172.134,11.811094450607,32105.5474400506,19.5964926913324,8.85040754928315
TUR,2020,Turkiye,60.389853117297,169638000000.0,219517000000.0,112.4,3.15277011329118,,,,,11626578.0,6870.46874,15428.0,733628247119.077,1.80306247087255,29209.3308866883,12.2789574462574,7.00860541558522
TUR,2019,Turkiye,62.5784589326239,180833000000.0,210345000000.0,119.8,3.02817669225913,,,,,11591414.0,6815.50975,14707.0,775853144222.613,1.30162365464503,29016.4555653445,15.1768215720022,5.67381930843574
TUR,2018,Turkiye,62.8251323851165,177169000000.0,231152000000.0,117.3,2.67353129854845,3.15,2.71,3.21,3.63,10801305.0,5949.212205544,14478.0,788356985773.667,3.46815306092219,28640.3401839802,16.3324638988929,4.82837014720942
TUR,2017,Turkiye,56.1356585158689,164495000000.0,238715000000.0,108.9,3.23291293505096,,,,,10001342.0,4800.237745146,12869.0,863874522365.276,7.82585730002594,28353.5406410966,11.1443110840764,3.64813263536867
TUR,2016,Turkiye,48.870183807987,149247000000.0,202189000000.0,98.9,3.03814599740941,3.423693,3.181555,3.493645,3.748734,8760769.0,3493.930482468,11661.0,870818016909.84,3.32366508200445,26730.7599731835,7.7751341532833,3.02013474808043
TUR,2015,Turkiye,51.8749252596832,150982000000.0,213619000000.0,100.0,3.43610443571744,,,,,8143635.0,2882.162,10474.0,865460050683.656,5.80557386628684,25896.983315375,7.67085364845885,2.72000852790578
TUR,2014,Turkiye,54.30677404128,166505000000.0,251142000000.0,110.3,3.37973172045524,3.500225,3.232654,3.533005,3.684326,8351069.0,2630.33,11992.0,942343431928.654,4.60079447270559,24192.537613837,8.85457271364316,2.18854241775473
TUR,2013,Turkiye,53.0683530043043,161481000000.0,260823000000.0,100.5,3.13055257636753,,,,,7977820.0,2296.03873424933,11177.0,962167643588.925,8.48825689298511,22475.2909778388,7.49309030547693,1.90376824244752
TKM,2025,Turkmenistan,28.1660712907997,15561000000.0,4761000000.0,,,,,,,,,,49828621355.6516,6.30000003697894,22601.5518373128,,
TKM,2024,Turkmenistan,28.7345237411748,14974000000.0,4419000000.0,124.0,,,,,,,,,44249447717.2312,6.28235647996578,21025.8403822415,,
TKM,2023,Turkmenistan,34.1794035540188,16164000000.0,4436000000.0,144.6,,,,,,,62.7242571,,39020211239.6728,6.31879850268643,19644.7256847416,,
TKM,2022,Turkmenistan,37.8107225896924,13550000000.0,3456000000.0,135.7,,,,,,,28.63768014,,37583913148.2791,6.23491365071671,18148.7189785918,,
TKM,2021,Turkmenistan,33.4124528498008,9445000000.0,4147000000.0,94.6,,,,,,,0.684174704,,26334182093.7903,6.15115785574542,16259.8700051884,,
TKM,2020,Turkmenistan,29.9541700399769,6477000000.0,3223000000.0,63.6,,,,,,,4.34740656,,27350527267.6636,5.87065623130427,14971.3322055898,,
TKM,2019,Turkmenistan,37.6560517756178,10622000000.0,2988000000.0,106.1,,,,,,,16.55784,,29700000000.0,6.33169567608873,15389.2461090476,,
TKM,2018,Turkmenistan,41.6378669600992,9706000000.0,2379000000.0,97.0,,2.41,2.35,2.23,2.72,,16.916,,26036313868.6131,6.20602363832646,14368.4621432532,,
TKM,2017,Turkmenistan,47.3983995269018,7458000000.0,4571000000.0,74.3,,,,,,,19.484,13327.0,33352261306.5327,6.45138358820188,13278.4030353381,,
TKM,2016,Turkmenistan,58.2932324852085,6964000000.0,4994000000.0,69.3,,2.211396,2.0,2.338384,2.588384,,5.953543762,13327.0,33313947368.4211,6.22909997062793,12919.371222426,,
TKM,2015,Turkmenistan,73.2280034158293,10000000000.0,7000000000.0,100.0,,,,,,,4.81185528988917,13327.0,35799714285.7143,6.45254918531575,12714.8137240363,,
TKM,2014,Turkmenistan,102.760907500564,17500000000.0,10000000000.0,175.2,,2.30495,2.314429,2.064429,2.447016,,4.17014507594203,11992.0,43524210526.3158,10.3497353947965,12476.5344358387,,
TKM,2013,Turkmenistan,109.48116584462,16800000000.0,10000000000.0,168.4,,,,,,,0.0,,39197543859.6491,10.1628450365084,11722.8086272577,,
TCA,2025,Turks and Caicos Islands,,5000000.0,485000000.0,,,,,,,,,,,,,,1.0
TCA,2024,Turks and Caicos Islands,,5000000.0,453000000.0,90.3,,,,,,,,,1745378000.0,5.63682517443362,38009.5079479808,,1.0
TCA,2023,Turks and Caicos Islands,,4000000.0,443000000.0,89.4,,,,,,,,,1638653000.0,13.7311481139228,35365.8657232406,,1.0
TCA,2022,Turks and Caicos Islands,,5000000.0,468000000.0,99.5,,,,,,,,,1434119000.0,14.0871234168153,30216.0346068372,,1.0
TCA,2021,Turks and Caicos Islands,,4000000.0,411000000.0,101.3,,,,,,,,,1236459000.0,29.6293781722414,25056.4880515569,,1.0
TCA,2020,Turks and Caicos Islands,,3000000.0,326000000.0,82.6,,,,,,,,,918387000.0,-33.8170973434652,19530.0254075613,,1.0
TCA,2019,Turks and Caicos Islands,,3000000.0,352000000.0,89.0,,,,,,,,,1371838000.0,4.98170549382992,31173.3797811743,,1.0
TCA,2018,Turks and Caicos Islands,,4000000.0,362000000.0,82.2,,,,,,,,,1314329000.0,6.75264845178367,31151.4748574464,,1.0
TCA,2017,Turks and Caicos Islands,,4000000.0,370000000.0,97.6,,,,,,,,,1197958000.0,74.5879880544188,30097.3550560987,,1.0
TCA,2016,Turks and Caicos Islands,,4000000.0,389000000.0,99.7,,,,,,,,,1202078000.0,7.25118627570265,29780.5785774422,,1.0
TCA,2015,Turks and Caicos Islands,,5000000.0,410000000.0,100.0,,,,,,,,,1078274000.0,11.3148293929929,27484.6414432499,,1.0
TCA,2014,Turks and Caicos Islands,,6000000.0,406000000.0,152.5,,,,,,,,,956605000.0,8.71129580824217,25546.2927320872,,1.0
TCA,2013,Turks and Caicos Islands,,,,138.3,,,,,,,,,863328000.0,1.07088049554032,23931.6892982133,,1.0
TUV,2025,Tuvalu,,0.0,27000000.0,,,,,,,,,,57345434.7234984,1.63934426229508,6759.27941373717,,1.5519978866485
TUV,2024,Tuvalu,,0.0,41000000.0,,,,,,,,,,56752265.8012166,3.38983050847457,6365.76616505123,,1.51535803855596
TUV,2023,Tuvalu,,0.0,43000000.0,,,,,,,,,,50491930.924381,3.50877192982458,5903.8648736232,,1.50519106560509
TUV,2022,Tuvalu,,0.0,34000000.0,,,,,,,,,,54104146.3198082,-10.9375,5403.33289042089,,1.44166445896522
TUV,2021,Tuvalu,,0.0,34000000.0,,,,,,,,,,61597447.1614093,0.0,5551.80841999248,,1.33122425957081
TUV,2020,Tuvalu,,0.0,34000000.0,,,,,,,,,,52302514.9939611,-3.03030303030303,5204.86656424048,,1.45308511847016
TUV,2019,Tuvalu,,0.0,33000000.0,,,,,,,5150.0,,,53527720.0597564,13.4465048163198,5205.1977197179,,1.43850654421382
TUV,2018,Tuvalu,,0.0,25000000.0,,,,,,,6188.291,,,48026990.1943497,1.38668386152332,4442.36859909198,,1.33841214646451
TUV,2017,Tuvalu,,0.0,27000000.0,,,,,,,6499.85,,,45288858.1637361,3.26802914033142,4236.97583280304,,1.30475807671592
TUV,2016,Tuvalu,,0.0,23000000.0,,,,,,,15844.34,,,41306141.62505,4.77650497336539,4008.21476384305,,1.34521397601947
TUV,2015,Tuvalu,,0.0,37000000.0,,,,,,,13766.17,,,36755290.7767318,9.37896384662504,3778.07098101223,,1.33109026245502
TUV,2014,Tuvalu,,0.0,22000000.0,,,,,,,13766.17,,,38643167.2951054,1.66722583350807,3415.80717526846,,1.10936329281692
TUV,2013,Tuvalu,,0.0,21000000.0,,,,,,,24770.21,,,38767554.542532,3.80502330116951,3297.17571646453,,1.03584309652054
UGA,2025,Uganda,50.1990176084385,12500000000.0,18400000000.0,,,,,,,,,,61985829288.1496,6.33181157677313,3487.69797525182,3.58082784438067,3602.98994206814
UGA,2024,Uganda,42.6527889088562,8039000000.0,13833000000.0,359.7,1.91593833437355,,,,,,,,53911907079.0485,6.05558075875589,3278.02086557843,3.32338033691819,3757.2625354215
UGA,2023,Uganda,33.3416963302219,6305000000.0,11780000000.0,287.4,1.40810780488794,,,,,,0.05586048,,48768955863.3175,5.33697295511469,3100.19016956104,5.35094804280395,3726.14045997085
UGA,2022,Uganda,34.5053019270937,3577000000.0,9748000000.0,162.6,2.39571486308791,,,,,,,,45565333210.9108,4.58802192181773,2918.71512173871,7.1957888597581,3689.81738566862
UGA,2021,Uganda,41.7136307424781,3965000000.0,9086000000.0,180.6,2.34793469732292,,,,,,,,40529788748.6737,3.53658034070898,2684.92035939744,2.20457204757414,3587.05170733909
UGA,2020,Uganda,37.0006923916369,4149000000.0,8251000000.0,188.6,2.10287202929438,,,,,,,,37600368241.6657,2.95130642218098,2532.21950102069,3.31332289544502,3718.24892270924
UGA,2019,Uganda,39.3610539647435,3564000000.0,7696000000.0,161.7,3.1241230157024,,,,,,0.055324647,,35353061003.4359,6.43874503276439,2441.37445233821,2.867588034469,3704.04907169681
UGA,2018,Uganda,36.6384055999567,3087000000.0,6729000000.0,140.4,3.47828668335427,2.58,2.61,2.19,2.9,,0.0,,32927025619.6795,6.30392378262997,2312.05752813495,2.61601190952274,3727.06899484612
UGA,2017,Uganda,36.8370529334101,2901000000.0,5596000000.0,131.7,2.05387568901074,,,,,,,,30744473841.424,3.13140551723596,2157.95747503369,5.20971705914209,3611.22445804461
UGA,2016,Uganda,31.2093620232119,2482000000.0,4829000000.0,108.5,2.05103990718418,3.043284,2.97229,2.739724,3.698085,,0.02300256,,29203988696.2626,4.78100029254482,2165.29759404413,5.70637504616212,3420.09800724736
UGA,2015,Uganda,37.6892983324358,2267000000.0,5528000000.0,100.0,2.30542251177894,,,,,,0.023472,,32387183730.1002,5.18785986002466,2189.96485919003,5.58968606251725,3240.64542033826
UGA,2014,Uganda,36.0144010819085,2262000000.0,6074000000.0,100.9,2.67852875134755,,,,,,0.670884,,32612397257.4458,5.10630732539796,2134.00916281741,3.07570668958641,2599.78820061067
UGA,2013,Uganda,43.1091548734687,2408000000.0,5818000000.0,108.0,2.10858762499599,,,,,,0.86022,,28915786516.6123,3.58690582623025,2044.88182485845,4.90520875694557,2586.88956856561
UKR,2025,Ukraine,77.1802739924807,40368000000.0,83573000000.0,,,,,,,,,,214233312784.397,1.82152376756284,18904.98046875,12.7303341026903,41.6890720433333
UKR,2024,Ukraine,79.6884673892276,41732000000.0,70772000000.0,106.0,6.37028789775054,,,,,,,,190833835445.1,3.24811808426423,18636.13671875,6.50198464669254,40.152082715
UKR,2023,Ukraine,77.5096141935657,37585000000.0,63765000000.0,94.5,6.68812192869261,,,,,,,,181221517868.744,5.53473354963334,17679.904296875,12.8490222828559,36.5738081166667
UKR,2022,Ukraine,87.3965139907244,44134000000.0,55294000000.0,115.8,5.73613565623019,2.7,2.4,2.4,3.1,,3.127453466,,161989520721.19,-28.7585842155085,14767.73046875,20.1836366617478,32.3423016
UKR,2021,Ukraine,82.69796136345,68073000000.0,72843000000.0,178.5,4.51050792257841,,,,,1022376.0,28.1699,,199765859570.935,3.44562065945944,17846.408203125,9.36313917695223,27.2861893833333
UKR,2020,Ukraine,79.1564523761815,49192000000.0,54337000000.0,129.0,5.85239384495226,,,,,1048691.0,14.0479,175587.2,156617722013.342,-3.75281793983162,15541.02734375,2.73249209419427,26.9575243833333
UKR,2019,Ukraine,90.5112342910763,50054000000.0,60800000000.0,131.3,5.48014872729842,,,,,1007273.0,75.617661,181844.7,153883047509.577,3.19950386354134,14217.486328125,7.88671745611133,25.8455893333333
UKR,2018,Ukraine,99.1998150718675,47336000000.0,57188000000.0,124.2,5.42495174066934,2.83,2.49,2.22,3.42,845152.0,75.26435,186344.1,130891088293.55,3.48836234022659,12554.8486328125,10.9518559353178,27.2004923333333
UKR,2017,Ukraine,104.034982911399,43265000000.0,49609000000.0,113.5,6.16592909585636,,,,,723575.0,53.792982,191914.1,112090505081.739,2.35997228099491,11536.0810546875,14.4383227488749,26.5966063
UKR,2016,Ukraine,105.521204913122,36360000000.0,39252000000.0,95.4,6.67894123051556,2.736683,2.303671,2.494807,3.511889,680623.0,40.459830355,187557.0,93355869403.9223,2.44098194492067,10864.6572265625,13.9127101997797,25.5513341166667
UKR,2015,Ukraine,107.806616298156,38127000000.0,37517000000.0,100.0,8.03896421995305,,,,,480837.0,37.7408652,195054.0,91030967789.0717,-9.7729872128676,9921.833984375,48.6998646434424,21.8446977666667
UKR,2014,Ukraine,100.691782483624,53901000000.0,54430000000.0,141.4,6.88754342926587,2.976444,2.690782,2.649754,3.509188,670342.0,22.0855,211233.0,133503871861.723,-10.0788949840953,10493.7451171875,12.0718562874251,11.8866594166667
UKR,2013,Ukraine,94.0016694501782,64338000000.0,76787000000.0,168.7,6.14613032578564,,,,,787881.0,14.3835,224434.0,190498811460.028,0.045439094492707,10903.8251953125,-0.238948626045407,7.993
ARE,2025,United Arab Emirates,,706671000000.0,618875000000.0,,,,,,,,,,,,,1.250865245598,3.6725
ARE,2024,United Arab Emirates,,605580000000.0,544100000000.0,201.6,,,,,,23466906.0,,,552324919095.872,3.99181200361831,79343.7793099888,1.66336510224894,3.6725
ARE,2023,United Arab Emirates,199.044950127107,570245000000.0,470536000000.0,190.1,8.96029397394575,,,,,21531172.0,13566.15894,,522622268401.125,4.30113648499413,78019.5228244288,1.62670837213248,3.6725
ARE,2022,United Arab Emirates,185.741660631894,515621000000.0,420493000000.0,170.5,9.2877602243891,4.0,3.7,4.1,4.2,20391675.0,12994.52127,,511403404642.173,7.51452414254605,75059.7702106115,5.29122604376849,3.6725
ARE,2021,United Arab Emirates,182.909401076776,425160000000.0,347529000000.0,141.4,8.95796265725262,,,,,19236164.0,15300.72918,1380.0,422441282436.237,4.55280140106356,68580.1312912676,0.179935336174431,3.6725
ARE,2020,United Arab Emirates,181.291940227998,335297000000.0,246961000000.0,111.4,5.37704492826553,,,,,18720000.0,12171.5568,1426.0,357161776271.328,-8.69343363776639,66790.6630877602,-2.07940317940944,3.6725
ARE,2019,United Arab Emirates,163.822149025614,389428000000.0,288447000000.0,129.5,2.99865577867219,,,,,18802000.0,14765.5995814573,1488.485,433926218686.108,1.27129120536284,79816.3029999451,-1.93108114782173,3.6725
ARE,2018,United Arab Emirates,154.747042166299,387964000000.0,244688000000.0,129.0,2.90326432456259,3.96,3.63,4.02,4.38,18696000.0,15962.90443,1373.0,440560003161.236,1.53720634021511,77446.2084020359,3.06863379251997,3.6725
ARE,2017,United Arab Emirates,165.476523652994,313603000000.0,257733000000.0,104.4,2.84060044002548,,,,,19089706.0,16616.24461,,403365056078.846,-1.06137114472548,70281.8969423807,1.96682557818842,3.6725
ARE,2016,United Arab Emirates,165.394966240337,295031000000.0,266576000000.0,98.1,2.61902840521391,3.941767,3.835051,4.069324,4.134212,20652200.0,16138.874,,381717208620.964,5.65790147196586,69987.0059667469,1.61748808904198,3.6725
ARE,2015,United Arab Emirates,164.286142899252,300477000000.0,263417000000.0,100.0,5.3019976880201,,,,,21238293.0,15962.692,,381973135513.065,7.08766622657654,73986.0815808827,4.06996608361593,3.6725
ARE,2014,United Arab Emirates,159.515630313713,343036000000.0,276025000000.0,114.3,10.1695189703589,3.539098,3.41979,3.703943,3.915654,20186679.0,15527.192868,,424935834104.193,4.63291785879667,87477.7258300501,2.34626865671643,3.6725
ARE,2013,United Arab Emirates,157.398122639247,374214000000.0,270579000000.0,124.1,3.60738438587124,,,,,18657222.0,14082.25474,,409632574702.715,4.9184505919085,87526.3039873404,1.1011183637571,3.6725
GBR,2025,United Kingdom,62.4573294634195,555829000000.0,948641000000.0,,,,,,,,,,4002587541846.01,1.38844207858726,64606.4955066338,3.88306881626,0.759473957338608
GBR,2024,United Kingdom,62.839052044584,524286000000.0,820194000000.0,110.0,29.233260009076,,,,,9621469.0,,,3695539513534.15,1.08027716858781,62839.4679324927,3.2715729463592,0.782414580986262
GBR,2023,United Kingdom,64.9923841747803,525016000000.0,791544000000.0,112.7,28.8917146113567,,,,,9090140.0,4413.895,,3420796653789.08,0.271650048355255,60786.7193353069,6.79396706793963,0.804538906734353
GBR,2022,United Kingdom,69.1989264413981,546151000000.0,823592000000.0,117.2,27.1597708192348,3.7,3.5,3.7,3.7,9749676.0,4019.826,,3181244350465.41,5.14970388522993,60266.7467325014,7.92204883147902,0.811301715827773
GBR,2021,United Kingdom,58.53838629291,472147000000.0,695115000000.0,101.4,23.8654057182193,,,,,10290181.0,4097.09,,3194559188925.93,8.5431118453255,51840.4424245515,2.51837109614213,0.727064944688323
GBR,2020,United Kingdom,59.1598893030611,399529000000.0,638251000000.0,85.8,23.0073604990707,,,,,9732000.0,3667.467,15212.12270599,2724001478304.59,-10.047896637362,48719.8339897935,0.989486703772491,0.779999576697153
GBR,2019,United Kingdom,65.0035664177054,460026000000.0,696208000000.0,98.7,23.0942001089205,,,,,10508000.0,5851.19,16884.335172455,2875710080015.3,1.25629899760824,50493.9441896153,1.73810460086513,0.783445110011929
GBR,2018,United Kingdom,64.9097721959201,486439000000.0,672450000000.0,104.4,22.3331118559009,3.99,3.77,4.03,4.33,10315140.0,6198.37,17205.693315326,2897028009916.05,1.55133095078786,47636.0128366551,2.29283990345938,0.749531540259847
GBR,2017,United Kingdom,63.1899245764158,440997000000.0,641002000000.0,94.7,22.6194649609659,,,,,10239674.0,5915.641,17166.930314851,2699118387873.1,3.02322219840339,46440.8214149807,2.55775577557747,0.776976682344123
GBR,2016,United Kingdom,59.8395315138259,410856000000.0,636731000000.0,88.2,23.5591126028431,4.069669,3.983798,4.20566,4.33487,10200229.0,5512.672996428,17053.216554029,2706807606538.73,2.20652020635357,44376.0697257123,1.0084173681141,0.740634463697084
GBR,2015,United Kingdom,57.125044605439,465850000000.0,630003000000.0,100.0,22.3335907744673,,,,,9760060.0,5423.17313862741,19342.444761281,2945579890258.46,2.14040560033371,42772.4983791214,0.36804684232536,0.654545478931426
GBR,2014,United Kingdom,58.8210228333296,510789000000.0,694126000000.0,109.6,22.2044750130662,4.014649,3.938881,4.158261,4.328614,9509757.0,5974.825151208,22143.367020006,3085362169410.29,3.16017351468152,41545.5712797638,1.45112016293279,0.607729626878255
GBR,2013,United Kingdom,61.7195395154583,546755000000.0,662160000000.0,115.9,23.5876424891453,,,,,8248439.0,6031.574712,22401.431120115,2796908333283.39,1.71846961308464,40121.0839005273,2.29166666666659,0.639660577613477
USA,2025,United States,,2185220000000.0,3506554000000.0,,,,,,,,,,30769700000000.0,2.16138195623856,90026.5163005744,,1.0
USA,2024,United States,25.0160172978284,2061691000000.0,3358247000000.0,137.4,24.322982844202,,,,,59707490.0,,,29298013000000.0,2.79318715363841,86169.6641581914,2.94952520485207,1.0
USA,2023,United States,24.9292981752847,2018059000000.0,3168237000000.0,134.3,21.8459878355521,,,,,54618858.0,42762.858703,,27811517000000.0,2.93436322440155,82586.7847707891,4.11633838374488,1.0
USA,2022,United States,26.9078981557739,2065157000000.0,3371751000000.0,137.4,20.5789833007379,3.8,3.7,3.9,3.8,61191458.0,45972.789122,,26054614000000.0,2.52421385073222,78008.6895811877,8.00279982052121,1.0
USA,2021,United States,25.2327260228331,1754300000000.0,2935314000000.0,116.8,19.9014614131792,,,,,60874671.0,46004.645648,2239400.714,23725645000000.0,6.15202247867526,71441.231980595,4.69785886363742,1.0
USA,2020,United States,23.1399437509149,1424935000000.0,2406932000000.0,94.8,19.4939761609452,,,,,53059014.0,40793.094662,2102083.985,21375281000000.0,-2.081375977796,64465.2971415748,1.23358439630629,1.0
USA,2019,United States,26.2584806245428,1643161000000.0,2567445000000.0,109.4,18.6853939276571,,,,,54236516.0,42498.262662,2357116.529,21539982000000.0,2.58382533052225,65227.9565911038,1.81221007526021,1.0
USA,2018,United States,27.4453591302618,1663982000000.0,2614221000000.0,110.7,18.4842699258676,3.89,3.78,4.05,4.08,52994177.0,42985.299596,2525217.324,20656516000000.0,2.96650506701943,62875.6661382728,2.44258329692817,1.0
USA,2017,United States,27.1253382222874,1546273000000.0,2408476000000.0,102.9,19.2659699620243,,,,,50196165.0,41591.551767,2445132.0,19612102000000.0,2.45762230126449,60047.7190728307,2.13011000365961,1.0
USA,2016,United States,26.4525977865465,1451011000000.0,2250154000000.0,96.6,22.4192942002286,3.992172,3.752486,4.152011,4.250527,46940227.0,38657.919041,2314693.0,18804913000000.0,1.81945147909089,57976.628204291,1.26158320570536,1.0
USA,2015,United States,27.6882139340768,1502572000000.0,2315301000000.0,100.0,21.3904480368657,,,,,46496985.0,37866.224512,2547253.0,18295019000000.0,2.94555045227337,56849.4697923159,0.118627135552451,1.0
USA,2014,United States,29.906569337428,1620532000000.0,2412547000000.0,107.9,20.4843982208576,3.917825,3.728529,4.184653,4.136495,44635035.0,38225.1960889445,2702736.0,17608138000000.0,2.52381981757846,55153.3940182967,1.62222297740817,1.0
USA,2013,United States,29.9413062848227,1579593000000.0,2329060000000.0,105.1,20.188635370966,,,,,42842995.0,37113.5589216014,2541354.0,16880683000000.0,2.11783009443471,53297.3862901595,1.46483265562717,1.0
URY,2025,Uruguay,49.7171497188849,11230000000.0,12950000000.0,,,,,,,,,,85347696277.6859,1.78471117082752,38314.8861221656,4.65032720433324,41.1909791666667
URY,2024,Uruguay,51.4582237554765,10253000000.0,12523000000.0,133.2,9.84178975855216,,,,,1115000.0,,,82322859144.2816,3.32575905957381,36596.7847357669,4.84914366613156,40.2127875
URY,2023,Uruguay,52.3273108387018,9220000000.0,12486000000.0,119.9,10.7072308737214,,,,,1120000.0,,,79208725899.5531,0.761749241321681,34545.6803727886,5.86910359896119,38.8239166666667
URY,2022,Uruguay,60.2026828336525,11184000000.0,12973000000.0,145.5,9.55160023287408,3.0,2.9,2.7,3.2,1080445.0,,,71240669088.0587,4.60623000920732,33033.5719368346,9.10437983075437,41.1710833333333
URY,2021,Uruguay,58.3150555063308,9535000000.0,10320000000.0,124.0,8.60373400525292,,,,,977922.0,,,60739061281.1628,5.84427325018082,29431.8738833361,7.74791402314762,43.554575
URY,2020,Uruguay,47.7318331202564,6864000000.0,7564000000.0,89.3,9.8025032036597,,,,,764797.0,,,53559354501.4278,-7.35732706897301,25725.2559304608,9.75640636078194,42.0132916666667
URY,2019,Uruguay,49.7448660724665,7680000000.0,8246000000.0,99.9,8.29802507186468,,,,,749562.0,,,62222324964.633,0.928351027546341,25782.6937211734,7.88198870879619,35.255375
URY,2018,Uruguay,47.7913453459107,7498000000.0,8893000000.0,97.5,7.63670382159395,2.69,2.51,2.43,2.91,797874.0,,,65344577415.7535,0.164777608846705,24386.4948473952,7.60653360377047,30.7252583333333
URY,2017,Uruguay,46.3779636198842,7888000000.0,8458000000.0,102.6,8.49114263279873,,,,,939427.0,,,65006039809.739,1.74037649141989,23606.6429970705,6.2180938256186,28.6764
URY,2016,Uruguay,48.4705353074514,7043000000.0,8137000000.0,91.6,10.5960535494658,2.974545,2.781273,2.794872,3.474511,888119.0,,,57480787465.2716,1.68979822971775,22840.5507069805,9.6394134763508,30.1626
URY,2015,Uruguay,45.3282408087534,7688000000.0,9489000000.0,100.0,14.742597869668,,,,,811297.0,,,57680327998.6689,0.370741257681345,22168.6114189676,8.66626987079328,27.3273666666667
URY,2014,Uruguay,49.0876240632174,9132000000.0,11485000000.0,118.8,8.55345463207328,2.678649,2.388889,2.511075,3.05984,775651.0,,,61496186973.902,3.23879122952364,21867.8112276315,8.87735333229828,23.246025
URY,2013,Uruguay,49.7178464746233,9067000000.0,11642000000.0,117.9,9.20466594994821,,,,,826962.0,,,61337621933.7857,4.63753862902416,20661.3793411187,8.57513504005397,20.4816083333333
UZB,2025,Uzbekistan,57.4005392040216,23654000000.0,41746000000.0,,,,,,,,,,147038081129.405,7.69962477932913,13601.2917473678,8.79638847052461,12579.3943476702
UZB,2024,Uzbekistan,57.5295432552977,19698000000.0,35238000000.0,213.8,1.73386305963966,,,,,,,,121356065241.228,6.67618796188361,12518.4323028403,9.62825465956682,12652.2868209739
UZB,2023,Uzbekistan,63.102194304905,19229000000.0,35575000000.0,208.1,2.82239070122292,,,,,,96.45897,,107526539716.318,6.31603004201926,11678.6257366395,9.95659071258018,11734.8334198669
UZB,2022,Uzbekistan,60.0483582576289,15276000000.0,28220000000.0,165.4,1.41210240735451,2.6,2.6,2.4,2.8,,83.1522172153872,,94286355836.1594,6.08592335737373,10809.1380396181,11.4466436998836,11050.145422363
UZB,2021,Uzbekistan,54.7477822134912,14081000000.0,23740000000.0,151.7,0.308087494427371,,,,,,38.02591,24619.0,81170051810.5825,8.20448512353877,9705.60054565692,10.8492397508122,10609.464390809
UZB,2020,Uzbekistan,53.1070769988551,13097000000.0,19932000000.0,141.7,1.30490782664246,,,,,,20.00549,23632.0,70127127133.2164,1.62162281640448,8920.32011703083,12.8677297362606,10054.2613341653
UZB,2019,Uzbekistan,62.3003782302878,14930000000.0,21867000000.0,161.2,0.72493510820114,,,,,,70.49835,22860.0,70170662562.6111,6.79331098484522,8909.36758868309,14.5257359560687,8836.7875
UZB,2018,Uzbekistan,61.395110017578,10921000000.0,17312000000.0,117.8,0.453823633941083,2.58,2.1,2.57,3.09,,89.43028,22942.0,61318332402.7908,5.72368380757618,8491.93421125471,17.5241796514055,8069.60623655914
UZB,2017,Uzbekistan,41.0443062055515,10079000000.0,12035000000.0,108.6,1.5432836613328,,,,,,126.79762,22940.0,72276404057.649,4.70027401956061,8106.62280505191,13.8757425441635,5113.87894595717
UZB,2016,Uzbekistan,25.6926479568511,8974000000.0,11328000000.0,95.6,,2.404525,2.318974,2.44683,2.832432,,112.28173,22937.0,97871364319.3985,6.71108022628,7861.78630407401,8.130886695236,2965.25349937684
UZB,2015,Uzbekistan,27.1724545801626,9443000000.0,11461000000.0,100.0,,,,,,,114.33452,22935.0,97564568986.8161,7.94477659311639,7696.35949962497,8.75188196737508,2567.98721339827
UZB,2014,Uzbekistan,32.1925400076306,11500000000.0,13925000000.0,124.5,,2.39477,1.8,2.011111,3.08254,,110.23607,22932.0,91303765114.0144,7.71373911707978,7464.82465708014,9.28309356162695,2310.94815880696
UZB,2013,Uzbekistan,37.5113183619111,12000000000.0,13138000000.0,130.0,,,,,,,99.00415,,82674178351.6216,7.9217749261021,7244.68983612169,11.8414333622049,2094.98846505376
VUT,2025,Vanuatu,,78000000.0,515000000.0,,,,,,,,,,1353658840.63993,3.05357824026483,4525.23645747645,0.656455142231905,
VUT,2024,Vanuatu,73.3835043414732,75000000.0,456000000.0,157.2,,,,,,,,,1297956614.77783,3.76564827114278,4367.82503750089,1.14348948727412,119.165
VUT,2023,Vanuatu,78.0648945040347,60000000.0,473000000.0,154.9,,,,,,,30.27160086,,1188137265.19047,5.82973013269719,4201.80837273668,11.1825017088175,119.1125
VUT,2022,Vanuatu,70.4738394846168,50000000.0,267000000.0,157.9,,,,,,,17.33341398,,1151863789.76624,5.59195729750803,3918.73096260725,6.67930581887121,115.353916666667
VUT,2021,Vanuatu,60.1426638378911,54000000.0,339000000.0,139.0,,,,,,,0.436547,,1093826088.94269,-1.16332488626091,3546.08021896872,2.34328358208953,109.448333333333
VUT,2020,Vanuatu,65.4819913449416,46000000.0,301000000.0,115.9,,,,,,,0.518117,,1017403362.80118,-5.72530282073851,3511.73441840856,5.32935073101715,115.38
VUT,2019,Vanuatu,85.2923789349229,56000000.0,357000000.0,142.2,,,,,,77435.86,2.10991073558386,,1061547512.69257,3.27677257380314,3762.09421920705,2.76252019386111,114.7325
VUT,2018,Vanuatu,89.6801368961432,61000000.0,390000000.0,157.8,,,,,,106680.4,1.663,,1034402941.04298,2.51532789491979,3668.080208179,2.33096379566866,110.165
VUT,2017,Vanuatu,90.0680828139658,47000000.0,370000000.0,120.5,,,,,,114552.6,1.628,,998536154.882053,4.22332192519966,3582.74831340905,3.08452624403546,107.820833333333
VUT,2016,Vanuatu,93.2943778278248,50000000.0,422000000.0,129.0,,,,,,115886.9,1.211181,,908725512.790966,3.61980830670927,3456.77546016875,0.842069084035061,108.475
VUT,2015,Vanuatu,92.5427728613569,39000000.0,367000000.0,100.0,,,,,,120491.6,1.656,,855360239.609869,3.50101268962098,3378.95151983524,2.48326875660439,108.989166666667
VUT,2014,Vanuatu,91.3913104611923,63000000.0,313000000.0,159.9,,,,,,141788.1,1.996584,,879185478.498067,3.10512947273315,3307.48563368372,0.798863838097023,97.0716666666667
VUT,2013,Vanuatu,93.4638521005109,39000000.0,313000000.0,97.4,,,,,,122539.9,1.935996,,863347171.906814,0.463390415135436,3224.30439587764,1.45893371757921,94.5425
VEN,2025,"Venezuela, RB",25.0115313779011,8600000000.0,13805000000.0,,,,,,,,,,99661244155.6306,1.57068062827224,,,
VEN,2024,"Venezuela, RB",26.2373885733766,14365000000.0,14890000000.0,38.4,,,,,,,,,120566112397.063,5.52486187845305,,,
VEN,2023,"Venezuela, RB",28.0944323171165,7815000000.0,10940000000.0,20.9,,,,,,,0.123204,,102377501185.925,4.02298850574712,,,
VEN,2022,"Venezuela, RB",27.8980542310307,4765000000.0,10130000000.0,12.7,,2.3,2.1,2.4,2.5,,0.437345,,89013251020.9831,8.07453416149069,,,
VEN,2021,"Venezuela, RB",29.2263872682484,3535000000.0,7695000000.0,9.5,,,,,,221801.0,0.105785,,56615026262.6535,0.625000000000014,,,
VEN,2020,"Venezuela, RB",26.0905679013051,5010000000.0,6590000000.0,13.4,,,,,,344116.0,2.883894,,42837965906.8675,-29.8245614035088,,,
VEN,2019,"Venezuela, RB",58.1288399985284,17210000000.0,5870000000.0,46.1,,,,,,317850.0,0.183573,,73014157107.594,-27.6190476190476,,,
VEN,2018,"Venezuela, RB",54.6332963725646,34440000000.0,11710000000.0,92.3,,2.23,1.79,2.1,2.58,592374.0,0.0,,101987075928.918,-19.6428571428571,,,
VEN,2017,"Venezuela, RB",42.6149425287356,31960000000.0,10570000000.0,85.7,,,,,,354540.0,2.79291553183396,,115892475742.789,-15.6989247311828,,,9.975
VEN,2016,"Venezuela, RB",41.3927576601671,26696000000.0,15540000000.0,71.6,,2.39078,1.985438,2.345295,2.713105,400962.0,3.996713403,,112948035494.959,-17.1122994652406,,254.948534781816,9.25734444444167
VEN,2015,"Venezuela, RB",60.377358490566,37309000000.0,33330000000.0,100.0,,,,,,734185.0,4.12577123012918,,125249941853.534,-6.18729096989966,,121.738085297503,6.2842
VEN,2014,"Venezuela, RB",64.0956340956341,74714000000.0,43169000000.0,200.3,,2.808111,2.391304,2.605082,3.184781,933380.0,4.06835119546078,,214838755021.964,-3.85852090032154,,62.1686499794829,6.2842
VEN,2013,"Venezuela, RB",62.5819672131148,88753000000.0,48773000000.0,237.9,,,,,,1441673.0,5.198784,,258512396297.714,1.30293159609121,,40.6394275161589,6.04796184166667
VNM,2025,Viet Nam,190.336808817292,472929000000.0,453778000000.0,,,,,,,,,,514697215165.065,8.01882998978245,18088.491587163,3.3099931421974,
VNM,2024,Viet Nam,173.885260216071,404824000000.0,380515000000.0,249.8,,,,,,24423183.0,,,476324572783.807,7.03955197123018,16387.9087954113,3.62109273885844,24164.8858333333
VNM,2023,Viet Nam,164.995585455876,353782000000.0,325776000000.0,218.3,44.256885251682,,,,,21069746.0,927.8888,,433805036898.465,4.97865959483225,15033.899969483,3.25289282667662,23787.3191666667
VNM,2022,Viet Nam,183.153619147836,371288000000.0,359148000000.0,229.1,42.689178907016,3.3,3.1,3.2,3.3,20519284.0,766.321198,,413445230668.578,8.53750041218142,13902.9499867089,3.15650749963112,23271.2125
VNM,2021,Viet Nam,186.675832836814,335978000000.0,332455000000.0,207.3,41.5396346544198,,,,,19821048.0,676.506604,,366474752771.009,2.55372852648131,12048.9019935536,1.83471554810462,23159.7825925926
VNM,2020,Viet Nam,163.245862814935,282629000000.0,262701000000.0,174.4,41.7401040421189,,,,,16394723.0,572.07627,3759.0,346615738537.796,2.86541320912272,11609.3177276423,3.22093436652515,23208.3683333333
VNM,2019,Viet Nam,164.704215031408,264268000000.0,253393000000.0,163.1,40.4334300320093,,,,,15297028.0,1022.84225,3742.0,334365270496.667,7.35926270105006,11029.2732083963,2.79582367452244,23050.2416666667
VNM,2018,Viet Nam,164.663936775893,243699000000.0,236862000000.0,150.4,40.7501595675465,3.27,2.95,3.01,3.67,13394390.0,762.66195,3989.0,310106478394.659,7.46500685572751,10009.9714756006,3.53962805942641,22602.05
VNM,2017,Viet Nam,160.98008365887,215014000000.0,212919000000.0,132.7,41.7381332957129,,,,,12382524.0,453.34954,3574.0,281353605986.903,6.94019037359206,9169.73192052855,3.52025688811618,22370.0866666667
VNM,2016,Viet Nam,145.409507973118,176581000000.0,174804000000.0,109.0,38.0569617054575,2.976629,2.75055,2.695191,3.498359,11282230.0,451.25618,3190.0,257096001177.982,6.69000892660424,8374.50684516118,2.66824816969082,21935.0008333333
VNM,2015,Viet Nam,144.914228195237,162065000000.0,165610000000.0,100.0,36.3691117529912,,,,,10615391.0,384.47024,4125.4,239258328381.741,6.98715430598611,7671.5819778084,0.631200905175685,21697.5675
VNM,2014,Viet Nam,135.410521454361,150217000000.0,147849000000.0,92.7,32.0548869012837,3.154763,2.809177,3.112863,3.490345,9473429.0,450.220037899155,4251.9,233451469642.519,6.42224312118567,7296.8794808738,4.08455446637625,21148.0
VNM,2013,Viet Nam,130.846354866743,132033000000.0,132033000000.0,81.5,33.5956426471693,,,,,8035812.0,497.179820293424,3733.0,213708811665.34,5.55351081026072,6758.40433634749,6.59267475899192,20933.4166666667
VIR,2025,Virgin Islands (U.S.),,,,,,,,,,,,,,,,,1.0
VIR,2024,Virgin Islands (U.S.),,,,,,,,,,,,,,,,,1.0
VIR,2023,Virgin Islands (U.S.),,,,,,,,,,,,,,,,,1.0
VIR,2022,Virgin Islands (U.S.),205.629280821918,,,,,,,,,,,,4672000000.0,-1.31123206333498,49785.1412220186,,1.0
VIR,2021,Virgin Islands (U.S.),180.297315287331,,,,,,,,,,,,4507000000.0,3.66760707873814,46893.5496988741,,1.0
VIR,2020,Virgin Islands (U.S.),113.596594939702,,,,,,,,,,,,4229000000.0,-1.61493817814787,41749.0800364553,,1.0
VIR,2019,Virgin Islands (U.S.),155.4234409124,,,,,,,,,,,,4121000000.0,2.90833549727343,40021.7775798024,,1.0
VIR,2018,Virgin Islands (U.S.),159.240377262299,,,,,,,,,,,,3923000000.0,1.87830687830687,36746.4868901838,,1.0
VIR,2017,Virgin Islands (U.S.),157.696362677913,,,,,,,,,,,,3794000000.0,-0.735294117647058,33893.5501815475,,1.0
VIR,2016,Virgin Islands (U.S.),113.296471827278,,,,,,,,,,,,3798000000.0,1.6008537886873,33470.5904763934,,1.0
VIR,2015,Virgin Islands (U.S.),84.7665847665848,,,,,,,,,,,,3663000000.0,-0.425079702444208,32573.7166819858,,1.0
VIR,2014,Virgin Islands (U.S.),164.291725105189,,,,,,,,,,,,3565000000.0,-1.77453027139875,32360.9003829479,,1.0
VIR,2013,Virgin Islands (U.S.),142.241840556447,,,,,,,,,,,,3738000000.0,-6.28515529469308,32333.9108039527,,1.0
PSE,2025,West Bank and Gaza,74.7604429402753,,,,,,,,,,,,17167100000.0,4.34444072337577,4999.71301859773,9.80840118100493,
PSE,2024,West Bank and Gaza,74.5880913285342,,,156.9,,,,,,,,,16016900000.0,-22.8573273913324,4770.6463157404,53.6691458303782,
PSE,2023,West Bank and Gaza,76.173457614931,,,159.2,1.84344953927492,,,,,,,,18635100000.0,-0.97217780620403,6178.51270322198,5.87110177678988,
PSE,2022,West Bank and Gaza,82.3949283869453,,,159.6,1.25502447705891,,,,,,,,19165500000.0,4.08276027347105,6162.27222447827,3.74122391852077,
PSE,2021,West Bank and Gaza,73.0835496162129,,,142.0,1.60088574523558,,,,,,,,18109000000.0,7.01198227592003,5663.12160743584,1.23748102831369,
PSE,2020,West Bank and Gaza,67.2881912475775,,,110.3,1.69747322599568,,,,,,,,15531700000.0,-11.3184661065134,5956.28620064819,-0.735332001092191,
PSE,2019,West Bank and Gaza,68.9934922812035,,,115.5,0.903315434063868,,,,,,,,17133500000.0,1.36268746558062,6508.44835080318,1.58018333639455,
PSE,2018,West Bank and Gaza,71.4012754506469,,,120.8,0.850022002024037,,,,,,,,16276600000.0,1.22707737782703,6215.81647317396,-0.195107773730735,
PSE,2017,West Bank and Gaza,68.4486607142857,,,111.2,0.615204104781565,,,,,,,,16128000000.0,1.41936756294787,6106.64574037122,0.212570934228881,
PSE,2016,West Bank and Gaza,65.4225141833383,,,96.7,0.717403672954043,,,,,,,,15405400000.0,8.86461881995935,6062.23274844577,-0.219106604907316,
PSE,2015,West Bank and Gaza,70.7809681944405,,,100.0,0.961927850642306,,,,,,,,13972400000.0,3.72129967114788,5769.98236633203,1.43161145810476,
PSE,2014,West Bank and Gaza,67.7398371659149,,,98.6,0.234222701172162,,,,,,,,13989700000.0,-0.157866650855297,5381.63690987475,1.73298510037447,
PSE,2013,West Bank and Gaza,66.2713181162369,,,94.1,0.0947994440558846,,,,,,,,13515500000.0,4.69856986552234,5287.84746119629,1.72439933626931,
YEM,2025,"Yemen, Rep.",,196000000.0,4649000000.0,,,,,,,,,,,,,,
YEM,2024,"Yemen, Rep.",,229000000.0,4430000000.0,44.1,,,,,,380000.0,,,,,,,
YEM,2023,"Yemen, Rep.",,249000000.0,4603000000.0,48.4,,,,,,,49.72517136,,,,,,1355.11637864823
YEM,2022,"Yemen, Rep.",,689000000.0,5413000000.0,132.5,,2.2,1.7,1.9,2.8,368498.0,2.46569616,,,,,,1115.00238710662
YEM,2021,"Yemen, Rep.",,662000000.0,5214000000.0,130.1,,,,,,418711.0,2.47546368,,,,,,1028.107754329
YEM,2020,"Yemen, Rep.",,404000000.0,4637000000.0,79.4,,,,,,423393.0,2.47546368,,,,,,743.005964356532
YEM,2019,"Yemen, Rep.",,652000000.0,4627000000.0,128.2,,,,,,464923.0,0.0,,,,,,486.730922939068
YEM,2018,"Yemen, Rep.",56.0778227215077,570000000.0,3032000000.0,112.0,,2.27,2.4,2.12,2.43,398999.0,3.27,,21606160663.0318,0.752447592962554,,,214.89
YEM,2017,"Yemen, Rep.",42.9699046721967,418000000.0,2859000000.0,81.3,,,,,,334693.0,,,26842229044.5848,-5.07179568062152,,,282.195
YEM,2016,"Yemen, Rep.",31.0815442908559,411000000.0,3059000000.0,80.8,,,,,,268208.0,,,31317825274.1507,-9.37512379736752,,,283.895833333333
YEM,2015,"Yemen, Rep.",30.3676590844637,510000000.0,6573000000.0,100.0,4.82928415383478,,,,,178098.0,,,42444490073.8555,-27.9945462502541,,,230.833333333333
YEM,2014,"Yemen, Rep.",48.2430405122774,2417000000.0,12042000000.0,475.3,1.45096412341169,2.18395,1.625,1.87407,2.779018,296035.0,,,43228585321.3272,-0.188690241954504,,8.10472583623915,214.89
YEM,2013,"Yemen, Rep.",52.5118781367089,7130000000.0,13273000000.0,1371.4,3.30195509334737,,,,,290011.0,0.0,,40415233436.1767,4.82351908493912,3164.32154223615,10.9684421500198,214.89
ZMB,2025,Zambia,,13314000000.0,13171000000.0,,,,,,,,,,28879806220.1264,3.75772836763902,4379.26131013191,13.9099095827735,25.2756892021939
ZMB,2024,Zambia,62.5348874064443,11276000000.0,11268000000.0,169.7,1.4719428559393,,,,,,,,25303185342.2511,3.82004825518591,4221.01397093025,14.9856262747939,26.1664181859876
ZMB,2023,Zambia,78.2418870451485,10431000000.0,10125000000.0,158.0,1.16356588883727,,,,,,104.3195986179,,27577956471.244,5.36794285493059,4080.35544205923,10.884531691282,20.212017866195
ZMB,2022,Zambia,69.2973154193203,11643000000.0,9004000000.0,176.3,0.716710301849432,,,,,,99.5737722,,29163782140.4858,5.21122360356247,3840.115825721,10.9932039209136,16.9375943252989
ZMB,2021,Zambia,86.2085111934645,11013000000.0,6981000000.0,166.5,0.953120510576897,,,,,,75.18520667,,22096416932.0089,6.23492204726448,3503.03491418372,22.0207676245777,20.0184865859688
ZMB,2020,Zambia,79.2068494095955,7924000000.0,5286000000.0,120.0,1.3612623275557,,,,,,69.97121783064,,18137764930.651,-2.78505506545167,3157.30009311643,15.7330604721369,18.3440926453379
ZMB,2019,Zambia,68.791204936096,7039000000.0,7173000000.0,106.6,2.1996059285433,,,,,,79.335,,23308667781.2258,1.44130602603785,3361.39750299612,9.15031644316296,12.89
ZMB,2018,Zambia,74.8883695274665,9034000000.0,9466000000.0,136.8,2.14275391250791,2.53,2.18,2.3,3.05,,75.077397732,,26311507273.6735,4.03449389667165,3442.27307196302,7.4945719272852,10.4583333333333
ZMB,2017,Zambia,71.5856946542566,8000000000.0,7988000000.0,120.9,4.48475826872894,,,,,,81.5576096504393,297.0,25873601260.8353,3.52586277149926,3391.62768492775,6.57731154205644,9.5175
ZMB,2016,Zambia,73.958561254616,6372000000.0,7290000000.0,96.5,22.5255637247844,2.429813,2.246019,2.262771,2.73847,,80.3529469986506,,20958412538.3093,3.75510031678988,3313.35121570029,17.8697300795268,10.3075
ZMB,2015,Zambia,79.8652687573958,6607000000.0,7935000000.0,100.0,4.2533845527155,,,,,,79.382095832289,,21251216798.7762,2.92037511217961,3337.47306887696,10.1105928909618,8.63166666666667
ZMB,2014,Zambia,76.1934997276313,9694000000.0,9707000000.0,146.1,1.63736199657177,2.462674,2.539209,2.310606,2.912626,,83.431251799322,,27141023558.0829,4.69328316376705,3441.31497643775,7.80687553566333,6.15416666666667
ZMB,2013,Zambia,80.4562410213373,10607000000.0,10586000000.0,159.9,1.26239347130831,,,,,,93.4325445351864,,28037239462.7142,5.05753695047252,3477.28178777683,6.97767605490307,5.39648333333333
ZWE,2025,Zimbabwe,,9707000000.0,10112000000.0,,,,,,,,,,51215643905.5886,8.10671343048909,6470.41613223905,,26.5961940841935
ZWE,2024,Zimbabwe,41.5039527238816,7432000000.0,9499000000.0,227.3,2.79801736625087,,,,,,,,41521975830.2351,1.67649454921512,5932.87021993648,,3266.3319125
ZWE,2023,Zimbabwe,40.2912612046942,7225000000.0,9214000000.0,220.7,1.94218828246376,,,,,,3.7815432,,35871781303.429,5.3508687909833,5795.99047011573,,3509.17222037558
ZWE,2022,Zimbabwe,43.6150764298492,6586000000.0,8653000000.0,200.7,1.47693113776014,2.5,2.2,2.4,2.8,,3.93361248,,40757585308.5016,6.13926327570213,5395.02452868174,104.705170628667,374.954362604663
ZWE,2021,Zimbabwe,34.9401169482991,6036000000.0,7577000000.0,184.1,1.05374010425564,,,,,,2.974346814,,41287852523.5016,8.46801676808001,4827.10960165994,98.5461050920624,88.5524472597436
ZWE,2020,Zimbabwe,31.8225698755474,4395000000.0,5643000000.0,134.2,2.38386758382921,,,,,,9.9972456,703.0,31979753644.6558,-7.81695060188729,4178.509676231,557.201817362051,51.3290131226287
ZWE,2019,Zimbabwe,36.5178684980287,4269000000.0,4817000000.0,129.3,4.94971446176859,,,,,,0.0,897.0,33360632553.3556,-6.33244976028571,4165.92242720214,255.304990757856,
ZWE,2018,Zimbabwe,54.55031658746,4057000000.0,6391000000.0,122.4,2.06369292021293,2.12,2.0,1.83,2.39,,0.665035317,1078.0,34141666666.6667,5.00992154297603,3992.890718675,10.6188658669575,
ZWE,2017,Zimbabwe,55.028317831061,3481000000.0,5064000000.0,105.2,2.58586852030626,,,,,,0.665035317,,51035657370.5179,4.73441117758482,10756.4454416985,0.893962316050027,
ZWE,2016,Zimbabwe,51.2190376594477,3335000000.0,5336000000.0,102.8,5.16438263725404,2.082408,1.995238,2.213516,2.131905,,0.804947441,,20559250000.0,0.75579405855224,4275.4493505094,-1.54366960054161,
ZWE,2015,Zimbabwe,56.7496526604333,3248000000.0,6053000000.0,100.0,3.27682760139305,,,,,,0.79610713578782,,19973250000.0,1.77985356392176,4045.89864738798,-2.43096842383404,
ZWE,2014,Zimbabwe,54.6717592473918,3866000000.0,6070000000.0,118.5,1.46177058636279,2.33928,1.888889,2.248457,2.934579,,0.710490455655202,,19505500000.0,2.37698561663417,3903.42797706084,-0.19778481012661,
ZWE,2013,Zimbabwe,58.6560737143829,3907000000.0,7216000000.0,117.9,2.93957400665262,,,,,,32.681952,,19100750000.0,1.98948554025198,3783.94633704647,1.63495041543822,
